DIAG state=FAULT dry=1 bno_ready=1 addr=0x4A init/reinit/poll=1/0/56126 event A/G/M=0/0/0 age_rx_us=4294967295/4294967295/4294967295
IMU cand/pair/call/ok=0/0/0/0 reject=0 dup/order/stale/dt/nonfinite/norm/queue=0/0/0/0/0/0/0 last_ok_age_us=4294967295 dt_us=0 align_samples=0 align_elapsed_us=0
HEALTH state=0 health=0 reason=imu_stale mount=0 imu_age_us=4294967295 imu_gaps=0 reversals=0 covariance=1 finite=1 gnss_age_us=210923742 tof_age_us=4294967295 obs=1
BNO_TS ACCEL events=0 unique=0 exact=1 overflow=0 dup=0 reverse=0 rollover=0 sensor_dt_us=0/0.00/0 rx_dt_us=0/0.00/0 pair_first=0/0 pair_last=0/0
BNO_TS GYRO events=0 unique=0 exact=1 overflow=0 dup=0 reverse=0 rollover=0 sensor_dt_us=0/0.00/0 rx_dt_us=0/0.00/0 pair_first=0/0 pair_last=0/0
BNO_TS MAG events=0 unique=0 exact=1 overflow=0 dup=0 reverse=0 rollover=0 sensor_dt_us=0/0.00/0 rx_dt_us=0/0.00/0 pair_first=0/0 pair_last=0/0
BNO_VEC ACCEL_SENSOR_AND_ESKF_INPUT events=0 nonfinite=0
BNO_VEC GYRO_SENSOR_AND_ESKF_INPUT events=0 nonfinite=0
BNO_VEC MAG_SENSOR events=0 nonfinite=0
LINK queue/drop/high=1/0/4 tof=17045
TXDIAG frames_s=123 bytes_s=16873 total_frames=65794 total_bytes=9182224 queue=0 high=4 drops=0 bno_drop=0 partial=0 zero=0 write_calls=1269589 max_write_us=0 free_heap=167716 min_free_heap=167716 usage_pct=18.31
BNO_TX kind=1 event=0 req=0 enq=0 drop=0 done=0 bytes=0
BNO_REPORT kind=1 report_id=0 interval_us=0 requested_hz=0.000 enable_ok=0 enable_fail=0 callback=0 switch=0 kind_convert=0 events=0 tx_req=0 tx_enq=0 tx_done=0 tx_drop=0 event_drop=0 reset_reconfig=0 effective_hz=0.000
BNO_TX kind=2 event=0 req=0 enq=0 drop=0 done=0 bytes=0
BNO_REPORT kind=2 report_id=0 interval_us=0 requested_hz=0.000 enable_ok=0 enable_fail=0 callback=0 switch=0 kind_convert=0 events=0 tx_req=0 tx_enq=0 tx_done=0 tx_drop=0 event_drop=0 reset_reconfig=0 effective_hz=0.000
BNO_TX kind=3 event=0 req=0 enq=0 drop=0 done=0 bytes=0
BNO_REPORT kind=3 report_id=8 interval_us=20000 requested_hz=50.000 enable_ok=2 enable_fail=0 callback=28062 switch=28062 kind_convert=28062 events=28062 tx_req=0 tx_enq=0 tx_done=0 tx_drop=0 event_drop=0 reset_reconfig=1 effective_hz=50.014
BNO_TX kind=4 event=0 req=0 enq=0 drop=0 done=0 bytes=0
BNO_REPORT kind=4 report_id=0 interval_us=0 requested_hz=0.000 enable_ok=0 enable_fail=0 callback=0 switch=0 kind_convert=0 events=0 tx_req=0 tx_enq=0 tx_done=0 tx_drop=0 event_drop=0 reset_reconfig=0 effective_hz=0.000
BNO_TX kind=5 event=0 req=0 enq=0 drop=0 done=0 bytes=0
BNO_REPORT kind=5 report_id=0 interval_us=0 requested_hz=0.000 enable_ok=0 enable_fail=0 callback=0 switch=0 kind_convert=0 events=0 tx_req=0 tx_enq=0 tx_done=0 tx_drop=0 event_drop=0 reset_reconfig=0 effective_hz=0.000
DIAG state=FAULT dry=1 bno_ready=1 addr=0x4A init/reinit/poll=1/0/56226 event A/G/M=0/0/0 age_rx_us=4294967295/4294967295/4294967295
IMU cand/pair/call/ok=0/0/0/0 reject=0 dup/order/stale/dt/nonfinite/norm/queue=0/0/0/0/0/0/0 last_ok_age_us=4294967295 dt_us=0 align_samples=0 align_elapsed_us=0
HEALTH state=0 health=0 reason=imu_stale mount=0 imu_age_us=4294967295 imu_gaps=0 reversals=0 covariance=1 finite=1 gnss_age_us=211922985 tof_age_us=4294967295 obs=1
BNO_TS ACCEL events=0 unique=0 exact=1 overflow=0 dup=0 reverse=0 rollover=0 sensor_dt_us=0/0.00/0 rx_dt_us=0/0.00/0 pair_first=0/0 pair_last=0/0
BNO_TS GYRO events=0 unique=0 exact=1 overflow=0 dup=0 reverse=0 rollover=0 sensor_dt_us=0/0.00/0 rx_dt_us=0/0.00/0 pair_first=0/0 pair_last=0/0
BNO_TS MAG events=0 unique=0 exact=1 overflow=0 dup=0 reverse=0 rollover=0 sensor_dt_us=0/0.00/0 rx_dt_us=0/0.00/0 pair_first=0/0 pair_last=0/0
BNO_VEC ACCEL_SENSOR_AND_ESKF_INPUT events=0 nonfinite=0
BNO_VEC GYRO_SENSOR_AND_ESKF_INPUT events=0 nonfinite=0
BNO_VEC MAG_SENSOR events=0 nonfinite=0
LINK queue/drop/high=0/0/4 tof=17075
TXDIAG frames_s=125 bytes_s=16969 total_frames=65919 total_bytes=9199160 queue=0 high=4 drops=0 bno_drop=0 partial=0 zero=0 write_calls=1272220 max_write_us=0 free_heap=167716 min_free_heap=167716 usage_pct=18.41
BNO_TX kind=1 event=0 req=0 enq=0 drop=0 done=0 bytes=0
BNO_REPORT kind=1 report_id=0 interval_us=0 requested_hz=0.000 enable_ok=0 enable_fail=0 callback=0 switch=0 kind_convert=0 events=0 tx_req=0 tx_enq=0 tx_done=0 tx_drop=0 event_drop=0 reset_reconfig=0 effective_hz=0.000
BNO_TX kind=2 event=0 req=0 enq=0 drop=0 done=0 bytes=0
BNO_REPORT kind=2 report_id=0 interval_us=0 requested_hz=0.000 enable_ok=0 enable_fail=0 callback=0 switch=0 kind_convert=0 events=0 tx_req=0 tx_enq=0 tx_done=0 tx_drop=0 event_drop=0 reset_reconfig=0 effective_hz=0.000
BNO_TX kind=3 event=0 req=0 enq=0 drop=0 done=0 bytes=0
BNO_REPORT kind=3 report_id=8 interval_us=20000 requested_hz=50.000 enable_ok=2 enable_fail=0 callback=28112 switch=28112 kind_convert=28112 events=28112 tx_req=0 tx_enq=0 tx_done=0 tx_drop=0 event_drop=0 reset_reconfig=1 effective_hz=50.014
BNO_TX kind=4 event=0 req=0 enq=0 drop=0 done=0 bytes=0
BNO_REPORT kind=4 report_id=0 interval_us=0 requested_hz=0.000 enable_ok=0 enable_fail=0 callback=0 switch=0 kind_convert=0 events=0 tx_req=0 tx_enq=0 tx_done=0 tx_drop=0 event_drop=0 reset_reconfig=0 effective_hz=0.000
BNO_TX kind=5 event=0 req=0 enq=0 drop=0 done=0 bytes=0
BNO_REPORT kind=5 report_id=0 interval_us=0 requested_hz=0.000 enable_ok=0 enable_fail=0 callback=0 switch=0 kind_convert=0 events=0 tx_req=0 tx_enq=0 tx_done=0 tx_drop=0 event_drop=0 reset_reconfig=0 effective_hz=0.000
DIAG state=FAULT dry=1 bno_ready=1 addr=0x4A init/reinit/poll=1/0/56327 event A/G/M=0/0/0 age_rx_us=4294967295/4294967295/4294967295
IMU cand/pair/call/ok=0/0/0/0 reject=0 dup/order/stale/dt/nonfinite/norm/queue=0/0/0/0/0/0/0 last_ok_age_us=4294967295 dt_us=0 align_samples=0 align_elapsed_us=0
HEALTH state=0 health=0 reason=imu_stale mount=0 imu_age_us=4294967295 imu_gaps=0 reversals=0 covariance=1 finite=1 gnss_age_us=212930710 tof_age_us=4294967295 obs=1
BNO_TS ACCEL events=0 unique=0 exact=1 overflow=0 dup=0 reverse=0 rollover=0 sensor_dt_us=0/0.00/0 rx_dt_us=0/0.00/0 pair_first=0/0 pair_last=0/0
BNO_TS GYRO events=0 unique=0 exact=1 overflow=0 dup=0 reverse=0 rollover=0 sensor_dt_us=0/0.00/0 rx_dt_us=0/0.00/0 pair_first=0/0 pair_last=0/0
BNO_TS MAG events=0 unique=0 exact=1 overflow=0 dup=0 reverse=0 rollover=0 sensor_dt_us=0/0.00/0 rx_dt_us=0/0.00/0 pair_first=0/0 pair_last=0/0
BNO_VEC ACCEL_SENSOR_AND_ESKF_INPUT events=0 nonfinite=0
BNO_VEC GYRO_SENSOR_AND_ESKF_INPUT events=0 nonfinite=0
BNO_VEC MAG_SENSOR events=0 nonfinite=0
LINK queue/drop/high=1/0/4 tof=17106
TXDIAG frames_s=123 bytes_s=16910 total_frames=66044 total_bytes=9216240 queue=0 high=4 drops=0 bno_drop=0 partial=0 zero=0 write_calls=1274829 max_write_us=0 free_heap=167716 min_free_heap=167716 usage_pct=18.35
BNO_TX kind=1 event=0 req=0 enq=0 drop=0 done=0 bytes=0
BNO_REPORT kind=1 report_id=0 interval_us=0 requested_hz=0.000 enable_ok=0 enable_fail=0 callback=0 switch=0 kind_convert=0 events=0 tx_req=0 tx_enq=0 tx_done=0 tx_drop=0 event_drop=0 reset_reconfig=0 effective_hz=0.000
BNO_TX kind=2 event=0 req=0 enq=0 drop=0 done=0 bytes=0
BNO_REPORT kind=2 report_id=0 interval_us=0 requested_hz=0.000 enable_ok=0 enable_fail=0 callback=0 switch=0 kind_convert=0 events=0 tx_req=0 tx_enq=0 tx_done=0 tx_drop=0 event_drop=0 reset_reconfig=0 effective_hz=0.000
BNO_TX kind=3 event=0 req=0 enq=0 drop=0 done=0 bytes=0
BNO_REPORT kind=3 report_id=8 interval_us=20000 requested_hz=50.000 enable_ok=2 enable_fail=0 callback=28163 switch=28163 kind_convert=28163 events=28163 tx_req=0 tx_enq=0 tx_done=0 tx_drop=0 event_drop=0 reset_reconfig=1 effective_hz=50.014
BNO_TX kind=4 event=0 req=0 enq=0 drop=0 done=0 bytes=0
BNO_REPORT kind=4 report_id=0 interval_us=0 requested_hz=0.000 enable_ok=0 enable_fail=0 callback=0 switch=0 kind_convert=0 events=0 tx_req=0 tx_enq=0 tx_done=0 tx_drop=0 event_drop=0 reset_reconfig=0 effective_hz=0.000
BNO_TX kind=5 event=0 req=0 enq=0 drop=0 done=0 bytes=0
BNO_REPORT kind=5 report_id=0 interval_us=0 requested_hz=0.000 enable_ok=0 enable_fail=0 callback=0 switch=0 kind_convert=0 events=0 tx_req=0 tx_enq=0 tx_done=0 tx_drop=0 event_drop=0 reset_reconfig=0 effective_hz=0.000
DIAG state=FAULT dry=1 bno_ready=1 addr=0x4A init/reinit/poll=1/0/56426 event A/G/M=0/0/0 age_rx_us=4294967295/4294967295/4294967295
IMU cand/pair/call/ok=0/0/0/0 reject=0 dup/order/stale/dt/nonfinite/norm/queue=0/0/0/0/0/0/0 last_ok_age_us=4294967295 dt_us=0 align_samples=0 align_elapsed_us=0
HEALTH state=0 health=0 reason=imu_stale mount=0 imu_age_us=4294967295 imu_gaps=0 reversals=0 covariance=1 finite=1 gnss_age_us=213929981 tof_age_us=4294967295 obs=1
BNO_TS ACCEL events=0 unique=0 exact=1 overflow=0 dup=0 reverse=0 rollover=0 sensor_dt_us=0/0.00/0 rx_dt_us=0/0.00/0 pair_first=0/0 pair_last=0/0
BNO_TS GYRO events=0 unique=0 exact=1 overflow=0 dup=0 reverse=0 rollover=0 sensor_dt_us=0/0.00/0 rx_dt_us=0/0.00/0 pair_first=0/0 pair_last=0/0
BNO_TS MAG events=0 unique=0 exact=1 overflow=0 dup=0 reverse=0 rollover=0 sensor_dt_us=0/0.00/0 rx_dt_us=0/0.00/0 pair_first=0/0 pair_last=0/0
BNO_VEC ACCEL_SENSOR_AND_ESKF_INPUT events=0 nonfinite=0
BNO_VEC GYRO_SENSOR_AND_ESKF_INPUT events=0 nonfinite=0
BNO_VEC MAG_SENSOR events=0 nonfinite=0
LINK queue/drop/high=0/0/4 tof=17136
TXDIAG frames_s=123 bytes_s=16705 total_frames=66167 total_bytes=9232912 queue=0 high=4 drops=0 bno_drop=0 partial=0 zero=0 write_calls=1277011 max_write_us=0 free_heap=167716 min_free_heap=167716 usage_pct=18.13
BNO_TX kind=1 event=0 req=0 enq=0 drop=0 done=0 bytes=0
BNO_REPORT kind=1 report_id=0 interval_us=0 requested_hz=0.000 enable_ok=0 enable_fail=0 callback=0 switch=0 kind_convert=0 events=0 tx_req=0 tx_enq=0 tx_done=0 tx_drop=0 event_drop=0 reset_reconfig=0 effective_hz=0.000
BNO_TX kind=2 event=0 req=0 enq=0 drop=0 done=0 bytes=0
BNO_REPORT kind=2 report_id=0 interval_us=0 requested_hz=0.000 enable_ok=0 enable_fail=0 callback=0 switch=0 kind_convert=0 events=0 tx_req=0 tx_enq=0 tx_done=0 tx_drop=0 event_drop=0 reset_reconfig=0 effective_hz=0.000
BNO_TX kind=3 event=0 req=0 enq=0 drop=0 done=0 bytes=0
BNO_REPORT kind=3 report_id=8 interval_us=20000 requested_hz=50.000 enable_ok=2 enable_fail=0 callback=28213 switch=28213 kind_convert=28213 events=28213 tx_req=0 tx_enq=0 tx_done=0 tx_drop=0 event_drop=0 reset_reconfig=1 effective_hz=50.014
BNO_TX kind=4 event=0 req=0 enq=0 drop=0 done=0 bytes=0
BNO_REPORT kind=4 report_id=0 interval_us=0 requested_hz=0.000 enable_ok=0 enable_fail=0 callback=0 switch=0 kind_convert=0 events=0 tx_req=0 tx_enq=0 tx_done=0 tx_drop=0 event_drop=0 reset_reconfig=0 effective_hz=0.000
BNO_TX kind=5 event=0 req=0 enq=0 drop=0 done=0 bytes=0
BNO_REPORT kind=5 report_id=0 interval_us=0 requested_hz=0.000 enable_ok=0 enable_fail=0 callback=0 switch=0 kind_convert=0 events=0 tx_req=0 tx_enq=0 tx_done=0 tx_drop=0 event_drop=0 reset_reconfig=0 effective_hz=0.000
DIAG state=FAULT dry=1 bno_ready=1 addr=0x4A init/reinit/poll=1/0/56528 event A/G/M=0/0/0 age_rx_us=4294967295/4294967295/4294967295
IMU cand/pair/call/ok=0/0/0/0 reject=0 dup/order/stale/dt/nonfinite/norm/queue=0/0/0/0/0/0/0 last_ok_age_us=4294967295 dt_us=0 align_samples=0 align_elapsed_us=0
HEALTH state=0 health=0 reason=imu_stale mount=0 imu_age_us=4294967295 imu_gaps=0 reversals=0 covariance=1 finite=1 gnss_age_us=214938835 tof_age_us=4294967295 obs=1
BNO_TS ACCEL events=0 unique=0 exact=1 overflow=0 dup=0 reverse=0 rollover=0 sensor_dt_us=0/0.00/0 rx_dt_us=0/0.00/0 pair_first=0/0 pair_last=0/0
BNO_TS GYRO events=0 unique=0 exact=1 overflow=0 dup=0 reverse=0 rollover=0 sensor_dt_us=0/0.00/0 rx_dt_us=0/0.00/0 pair_first=0/0 pair_last=0/0
BNO_TS MAG events=0 unique=0 exact=1 overflow=0 dup=0 reverse=0 rollover=0 sensor_dt_us=0/0.00/0 rx_dt_us=0/0.00/0 pair_first=0/0 pair_last=0/0
BNO_VEC ACCEL_SENSOR_AND_ESKF_INPUT events=0 nonfinite=0
BNO_VEC GYRO_SENSOR_AND_ESKF_INPUT events=0 nonfinite=0
BNO_VEC MAG_SENSOR events=0 nonfinite=0
LINK queue/drop/high=1/0/4 tof=17167
TXDIAG frames_s=126 bytes_s=17181 total_frames=66295 total_bytes=9250248 queue=0 high=4 drops=0 bno_drop=0 partial=0 zero=0 write_calls=1279509 max_write_us=0 free_heap=167716 min_free_heap=167716 usage_pct=18.64
BNO_TX kind=1 event=0 req=0 enq=0 drop=0 done=0 bytes=0
BNO_REPORT kind=1 report_id=0 interval_us=0 requested_hz=0.000 enable_ok=0 enable_fail=0 callback=0 switch=0 kind_convert=0 events=0 tx_req=0 tx_enq=0 tx_done=0 tx_drop=0 event_drop=0 reset_reconfig=0 effective_hz=0.000
BNO_TX kind=2 event=0 req=0 enq=0 drop=0 done=0 bytes=0
BNO_REPORT kind=2 report_id=0 interval_us=0 requested_hz=0.000 enable_ok=0 enable_fail=0 callback=0 switch=0 kind_convert=0 events=0 tx_req=0 tx_enq=0 tx_done=0 tx_drop=0 event_drop=0 reset_reconfig=0 effective_hz=0.000
BNO_TX kind=3 event=0 req=0 enq=0 drop=0 done=0 bytes=0
BNO_REPORT kind=3 report_id=8 interval_us=20000 requested_hz=50.000 enable_ok=2 enable_fail=0 callback=28263 switch=28263 kind_convert=28263 events=28263 tx_req=0 tx_enq=0 tx_done=0 tx_drop=0 event_drop=0 reset_reconfig=1 effective_hz=50.014
BNO_TX kind=4 event=0 req=0 enq=0 drop=0 done=0 bytes=0
BNO_REPORT kind=4 report_id=0 interval_us=0 requested_hz=0.000 enable_ok=0 enable_fail=0 callback=0 switch=0 kind_convert=0 events=0 tx_req=0 tx_enq=0 tx_done=0 tx_drop=0 event_drop=0 reset_reconfig=0 effective_hz=0.000
BNO_TX kind=5 event=0 req=0 enq=0 drop=0 done=0 bytes=0
BNO_REPORT kind=5 report_id=0 interval_us=0 requested_hz=0.000 enable_ok=0 enable_fail=0 callback=0 switch=0 kind_convert=0 events=0 tx_req=0 tx_enq=0 tx_done=0 tx_drop=0 event_drop=0 reset_reconfig=0 effective_hz=0.000
DIAG state=FAULT dry=1 bno_ready=1 addr=0x4A init/reinit/poll=1/0/56628 event A/G/M=0/0/0 age_rx_us=4294967295/4294967295/4294967295
IMU cand/pair/call/ok=0/0/0/0 reject=0 dup/order/stale/dt/nonfinite/norm/queue=0/0/0/0/0/0/0 last_ok_age_us=4294967295 dt_us=0 align_samples=0 align_elapsed_us=0
HEALTH state=0 health=0 reason=imu_stale mount=0 imu_age_us=4294967295 imu_gaps=0 reversals=0 covariance=1 finite=1 gnss_age_us=215937978 tof_age_us=4294967295 obs=1
BNO_TS ACCEL events=0 unique=0 exact=1 overflow=0 dup=0 reverse=0 rollover=0 sensor_dt_us=0/0.00/0 rx_dt_us=0/0.00/0 pair_first=0/0 pair_last=0/0
BNO_TS GYRO events=0 unique=0 exact=1 overflow=0 dup=0 reverse=0 rollover=0 sensor_dt_us=0/0.00/0 rx_dt_us=0/0.00/0 pair_first=0/0 pair_last=0/0
BNO_TS MAG events=0 unique=0 exact=1 overflow=0 dup=0 reverse=0 rollover=0 sensor_dt_us=0/0.00/0 rx_dt_us=0/0.00/0 pair_first=0/0 pair_last=0/0
BNO_VEC ACCEL_SENSOR_AND_ESKF_INPUT events=0 nonfinite=0
BNO_VEC GYRO_SENSOR_AND_ESKF_INPUT events=0 nonfinite=0
BNO_VEC MAG_SENSOR events=0 nonfinite=0
LINK queue/drop/high=0/0/4 tof=17197
TXDIAG frames_s=125 bytes_s=16960 total_frames=66420 total_bytes=9267192 queue=0 high=4 drops=0 bno_drop=0 partial=0 zero=0 write_calls=1281920 max_write_us=0 free_heap=167716 min_free_heap=167716 usage_pct=18.40
BNO_TX kind=1 event=0 req=0 enq=0 drop=0 done=0 bytes=0
BNO_REPORT kind=1 report_id=0 interval_us=0 requested_hz=0.000 enable_ok=0 enable_fail=0 callback=0 switch=0 kind_convert=0 events=0 tx_req=0 tx_enq=0 tx_done=0 tx_drop=0 event_drop=0 reset_reconfig=0 effective_hz=0.000
BNO_TX kind=2 event=0 req=0 enq=0 drop=0 done=0 bytes=0
BNO_REPORT kind=2 report_id=0 interval_us=0 requested_hz=0.000 enable_ok=0 enable_fail=0 callback=0 switch=0 kind_convert=0 events=0 tx_req=0 tx_enq=0 tx_done=0 tx_drop=0 event_drop=0 reset_reconfig=0 effective_hz=0.000
BNO_TX kind=3 event=0 req=0 enq=0 drop=0 done=0 bytes=0
BNO_REPORT kind=3 report_id=8 interval_us=20000 requested_hz=50.000 enable_ok=2 enable_fail=0 callback=28313 switch=28313 kind_convert=28313 events=28313 tx_req=0 tx_enq=0 tx_done=0 tx_drop=0 event_drop=0 reset_reconfig=1 effective_hz=50.014
BNO_TX kind=4 event=0 req=0 enq=0 drop=0 done=0 bytes=0
BNO_REPORT kind=4 report_id=0 interval_us=0 requested_hz=0.000 enable_ok=0 enable_fail=0 callback=0 switch=0 kind_convert=0 events=0 tx_req=0 tx_enq=0 tx_done=0 tx_drop=0 event_drop=0 reset_reconfig=0 effective_hz=0.000
BNO_TX kind=5 event=0 req=0 enq=0 drop=0 done=0 bytes=0
BNO_REPORT kind=5 report_id=0 interval_us=0 requested_hz=0.000 enable_ok=0 enable_fail=0 callback=0 switch=0 kind_convert=0 events=0 tx_req=0 tx_enq=0 tx_done=0 tx_drop=0 event_drop=0 reset_reconfig=0 effective_hz=0.000
P1_START_ACK sequence=66452 first_sequence=66453 queued=1
P1_CAPTURE_STATS_RESET
TX_DIAG_RESET
DIAG state=FAULT dry=1 bno_ready=1 addr=0x4A init/reinit/poll=0/0/70 event A/G/M=0/0/0 age_rx_us=4294967295/4294967295/4294967295
IMU cand/pair/call/ok=0/0/0/0 reject=0 dup/order/stale/dt/nonfinite/norm/queue=0/0/0/0/0/0/0 last_ok_age_us=4294967295 dt_us=0 align_samples=0 align_elapsed_us=0
HEALTH state=0 health=0 reason=imu_stale mount=0 imu_age_us=4294967295 imu_gaps=0 reversals=0 covariance=1 finite=1 gnss_age_us=216945784 tof_age_us=4294967295 obs=1
BNO_TS ACCEL events=0 unique=0 exact=1 overflow=0 dup=0 reverse=0 rollover=0 sensor_dt_us=0/0.00/0 rx_dt_us=0/0.00/0 pair_first=0/0 pair_last=0/0
BNO_TS GYRO events=0 unique=0 exact=1 overflow=0 dup=0 reverse=0 rollover=0 sensor_dt_us=0/0.00/0 rx_dt_us=0/0.00/0 pair_first=0/0 pair_last=0/0
BNO_TS MAG events=0 unique=0 exact=1 overflow=0 dup=0 reverse=0 rollover=0 sensor_dt_us=0/0.00/0 rx_dt_us=0/0.00/0 pair_first=0/0 pair_last=0/0
BNO_VEC ACCEL_SENSOR_AND_ESKF_INPUT events=0 nonfinite=0
BNO_VEC GYRO_SENSOR_AND_ESKF_INPUT events=0 nonfinite=0
BNO_VEC MAG_SENSOR events=0 nonfinite=0
LINK queue/drop/high=1/0/4 tof=17228
TXDIAG frames_s=126000 bytes_s=15260000 total_frames=126 total_bytes=15260 queue=0 high=4 drops=0 bno_drop=0 partial=0 zero=0 write_calls=1796 max_write_us=0 free_heap=167716 min_free_heap=167716 usage_pct=16558.16
BNO_TX kind=1 event=0 req=0 enq=0 drop=0 done=0 bytes=0
BNO_REPORT kind=1 report_id=0 interval_us=0 requested_hz=0.000 enable_ok=0 enable_fail=0 callback=0 switch=0 kind_convert=0 events=0 tx_req=0 tx_enq=0 tx_done=0 tx_drop=0 event_drop=0 reset_reconfig=0 effective_hz=0.000
BNO_TX kind=2 event=0 req=0 enq=0 drop=0 done=0 bytes=0
BNO_REPORT kind=2 report_id=0 interval_us=0 requested_hz=0.000 enable_ok=0 enable_fail=0 callback=0 switch=0 kind_convert=0 events=0 tx_req=0 tx_enq=0 tx_done=0 tx_drop=0 event_drop=0 reset_reconfig=0 effective_hz=0.000
BNO_TX kind=3 event=35 req=35 enq=35 drop=0 done=35 bytes=2940
BNO_REPORT kind=3 report_id=8 interval_us=20000 requested_hz=50.000 enable_ok=2 enable_fail=0 callback=36 switch=36 kind_convert=36 events=36 tx_req=35 tx_enq=35 tx_done=35 tx_drop=0 event_drop=0 reset_reconfig=1 effective_hz=50.006
BNO_TX kind=4 event=0 req=0 enq=0 drop=0 done=0 bytes=0
BNO_REPORT kind=4 report_id=0 interval_us=0 requested_hz=0.000 enable_ok=0 enable_fail=0 callback=0 switch=0 kind_convert=0 events=0 tx_req=0 tx_enq=0 tx_done=0 tx_drop=0 event_drop=0 reset_reconfig=0 effective_hz=0.000
BNO_TX kind=5 event=0 req=0 enq=0 drop=0 done=0 bytes=0
BNO_REPORT kind=5 report_id=0 interval_us=0 requested_hz=0.000 enable_ok=0 enable_fail=0 callback=0 switch=0 kind_convert=0 events=0 tx_req=0 tx_enq=0 tx_done=0 tx_drop=0 event_drop=0 reset_reconfig=0 effective_hz=0.000
DIAG state=FAULT dry=1 bno_ready=1 addr=0x4A init/reinit/poll=0/0/170 event A/G/M=0/0/0 age_rx_us=4294967295/4294967295/4294967295
IMU cand/pair/call/ok=0/0/0/0 reject=0 dup/order/stale/dt/nonfinite/norm/queue=0/0/0/0/0/0/0 last_ok_age_us=4294967295 dt_us=0 align_samples=0 align_elapsed_us=0
HEALTH state=0 health=0 reason=imu_stale mount=0 imu_age_us=4294967295 imu_gaps=0 reversals=0 covariance=1 finite=1 gnss_age_us=217945047 tof_age_us=4294967295 obs=1
BNO_TS ACCEL events=0 unique=0 exact=1 overflow=0 dup=0 reverse=0 rollover=0 sensor_dt_us=0/0.00/0 rx_dt_us=0/0.00/0 pair_first=0/0 pair_last=0/0
BNO_TS GYRO events=0 unique=0 exact=1 overflow=0 dup=0 reverse=0 rollover=0 sensor_dt_us=0/0.00/0 rx_dt_us=0/0.00/0 pair_first=0/0 pair_last=0/0
BNO_TS MAG events=0 unique=0 exact=1 overflow=0 dup=0 reverse=0 rollover=0 sensor_dt_us=0/0.00/0 rx_dt_us=0/0.00/0 pair_first=0/0 pair_last=0/0
BNO_VEC ACCEL_SENSOR_AND_ESKF_INPUT events=0 nonfinite=0
BNO_VEC GYRO_SENSOR_AND_ESKF_INPUT events=0 nonfinite=0
BNO_VEC MAG_SENSOR events=0 nonfinite=0
LINK queue/drop/high=0/0/4 tof=17258
TXDIAG frames_s=178 bytes_s=21413 total_frames=304 total_bytes=36652 queue=0 high=4 drops=0 bno_drop=0 partial=0 zero=0 write_calls=4241 max_write_us=0 free_heap=167716 min_free_heap=167716 usage_pct=23.23
BNO_TX kind=1 event=0 req=0 enq=0 drop=0 done=0 bytes=0
BNO_REPORT kind=1 report_id=0 interval_us=0 requested_hz=0.000 enable_ok=0 enable_fail=0 callback=0 switch=0 kind_convert=0 events=0 tx_req=0 tx_enq=0 tx_done=0 tx_drop=0 event_drop=0 reset_reconfig=0 effective_hz=0.000
BNO_TX kind=2 event=0 req=0 enq=0 drop=0 done=0 bytes=0
BNO_REPORT kind=2 report_id=0 interval_us=0 requested_hz=0.000 enable_ok=0 enable_fail=0 callback=0 switch=0 kind_convert=0 events=0 tx_req=0 tx_enq=0 tx_done=0 tx_drop=0 event_drop=0 reset_reconfig=0 effective_hz=0.000
BNO_TX kind=3 event=85 req=85 enq=85 drop=0 done=85 bytes=7140
BNO_REPORT kind=3 report_id=8 interval_us=20000 requested_hz=50.000 enable_ok=2 enable_fail=0 callback=85 switch=85 kind_convert=85 events=85 tx_req=85 tx_enq=85 tx_done=85 tx_drop=0 event_drop=0 reset_reconfig=1 effective_hz=50.015
BNO_TX kind=4 event=0 req=0 enq=0 drop=0 done=0 bytes=0
BNO_REPORT kind=4 report_id=0 interval_us=0 requested_hz=0.000 enable_ok=0 enable_fail=0 callback=0 switch=0 kind_convert=0 events=0 tx_req=0 tx_enq=0 tx_done=0 tx_drop=0 event_drop=0 reset_reconfig=0 effective_hz=0.000
BNO_TX kind=5 event=0 req=0 enq=0 drop=0 done=0 bytes=0
BNO_REPORT kind=5 report_id=0 interval_us=0 requested_hz=0.000 enable_ok=0 enable_fail=0 callback=0 switch=0 kind_convert=0 events=0 tx_req=0 tx_enq=0 tx_done=0 tx_drop=0 event_drop=0 reset_reconfig=0 effective_hz=0.000
DIAG state=FAULT dry=1 bno_ready=1 addr=0x4A init/reinit/poll=0/0/272 event A/G/M=0/0/0 age_rx_us=4294967295/4294967295/4294967295
IMU cand/pair/call/ok=0/0/0/0 reject=0 dup/order/stale/dt/nonfinite/norm/queue=0/0/0/0/0/0/0 last_ok_age_us=4294967295 dt_us=0 align_samples=0 align_elapsed_us=0
HEALTH state=0 health=0 reason=imu_stale mount=0 imu_age_us=4294967295 imu_gaps=0 reversals=0 covariance=1 finite=1 gnss_age_us=218953685 tof_age_us=4294967295 obs=1
BNO_TS ACCEL events=0 unique=0 exact=1 overflow=0 dup=0 reverse=0 rollover=0 sensor_dt_us=0/0.00/0 rx_dt_us=0/0.00/0 pair_first=0/0 pair_last=0/0
BNO_TS GYRO events=0 unique=0 exact=1 overflow=0 dup=0 reverse=0 rollover=0 sensor_dt_us=0/0.00/0 rx_dt_us=0/0.00/0 pair_first=0/0 pair_last=0/0
BNO_TS MAG events=0 unique=0 exact=1 overflow=0 dup=0 reverse=0 rollover=0 sensor_dt_us=0/0.00/0 rx_dt_us=0/0.00/0 pair_first=0/0 pair_last=0/0
BNO_VEC ACCEL_SENSOR_AND_ESKF_INPUT events=0 nonfinite=0
BNO_VEC GYRO_SENSOR_AND_ESKF_INPUT events=0 nonfinite=0
BNO_VEC MAG_SENSOR events=0 nonfinite=0
LINK queue/drop/high=1/0/4 tof=17289
TXDIAG frames_s=173 bytes_s=20983 total_frames=479 total_bytes=57824 queue=1 high=4 drops=0 bno_drop=0 partial=0 zero=0 write_calls=7105 max_write_us=0 free_heap=167716 min_free_heap=167716 usage_pct=22.77
BNO_TX kind=1 event=0 req=0 enq=0 drop=0 done=0 bytes=0
BNO_REPORT kind=1 report_id=0 interval_us=0 requested_hz=0.000 enable_ok=0 enable_fail=0 callback=0 switch=0 kind_convert=0 events=0 tx_req=0 tx_enq=0 tx_done=0 tx_drop=0 event_drop=0 reset_reconfig=0 effective_hz=0.000
BNO_TX kind=2 event=0 req=0 enq=0 drop=0 done=0 bytes=0
BNO_REPORT kind=2 report_id=0 interval_us=0 requested_hz=0.000 enable_ok=0 enable_fail=0 callback=0 switch=0 kind_convert=0 events=0 tx_req=0 tx_enq=0 tx_done=0 tx_drop=0 event_drop=0 reset_reconfig=0 effective_hz=0.000
BNO_TX kind=3 event=136 req=136 enq=136 drop=0 done=136 bytes=11424
BNO_REPORT kind=3 report_id=8 interval_us=20000 requested_hz=50.000 enable_ok=2 enable_fail=0 callback=136 switch=136 kind_convert=136 events=136 tx_req=136 tx_enq=136 tx_done=136 tx_drop=0 event_drop=0 reset_reconfig=1 effective_hz=50.015
BNO_TX kind=4 event=0 req=0 enq=0 drop=0 done=0 bytes=0
BNO_REPORT kind=4 report_id=0 interval_us=0 requested_hz=0.000 enable_ok=0 enable_fail=0 callback=0 switch=0 kind_convert=0 events=0 tx_req=0 tx_enq=0 tx_done=0 tx_drop=0 event_drop=0 reset_reconfig=0 effective_hz=0.000
BNO_TX kind=5 event=0 req=0 enq=0 drop=0 done=0 bytes=0
BNO_REPORT kind=5 report_id=0 interval_us=0 requested_hz=0.000 enable_ok=0 enable_fail=0 callback=0 switch=0 kind_convert=0 events=0 tx_req=0 tx_enq=0 tx_done=0 tx_drop=0 event_drop=0 reset_reconfig=0 effective_hz=0.000
DIAG state=FAULT dry=1 bno_ready=1 addr=0x4A init/reinit/poll=0/0/372 event A/G/M=0/0/0 age_rx_us=4294967295/4294967295/4294967295
IMU cand/pair/call/ok=0/0/0/0 reject=0 dup/order/stale/dt/nonfinite/norm/queue=0/0/0/0/0/0/0 last_ok_age_us=4294967295 dt_us=0 align_samples=0 align_elapsed_us=0
HEALTH state=0 health=0 reason=imu_stale mount=0 imu_age_us=4294967295 imu_gaps=0 reversals=0 covariance=1 finite=1 gnss_age_us=219952982 tof_age_us=4294967295 obs=1
BNO_TS ACCEL events=0 unique=0 exact=1 overflow=0 dup=0 reverse=0 rollover=0 sensor_dt_us=0/0.00/0 rx_dt_us=0/0.00/0 pair_first=0/0 pair_last=0/0
BNO_TS GYRO events=0 unique=0 exact=1 overflow=0 dup=0 reverse=0 rollover=0 sensor_dt_us=0/0.00/0 rx_dt_us=0/0.00/0 pair_first=0/0 pair_last=0/0
BNO_TS MAG events=0 unique=0 exact=1 overflow=0 dup=0 reverse=0 rollover=0 sensor_dt_us=0/0.00/0 rx_dt_us=0/0.00/0 pair_first=0/0 pair_last=0/0
BNO_VEC ACCEL_SENSOR_AND_ESKF_INPUT events=0 nonfinite=0
BNO_VEC GYRO_SENSOR_AND_ESKF_INPUT events=0 nonfinite=0
BNO_VEC MAG_SENSOR events=0 nonfinite=0
LINK queue/drop/high=0/0/4 tof=17319
TXDIAG frames_s=178 bytes_s=21434 total_frames=657 total_bytes=79216 queue=0 high=4 drops=0 bno_drop=0 partial=0 zero=0 write_calls=9955 max_write_us=0 free_heap=167716 min_free_heap=167716 usage_pct=23.26
BNO_TX kind=1 event=0 req=0 enq=0 drop=0 done=0 bytes=0
BNO_REPORT kind=1 report_id=0 interval_us=0 requested_hz=0.000 enable_ok=0 enable_fail=0 callback=0 switch=0 kind_convert=0 events=0 tx_req=0 tx_enq=0 tx_done=0 tx_drop=0 event_drop=0 reset_reconfig=0 effective_hz=0.000
BNO_TX kind=2 event=0 req=0 enq=0 drop=0 done=0 bytes=0
BNO_REPORT kind=2 report_id=0 interval_us=0 requested_hz=0.000 enable_ok=0 enable_fail=0 callback=0 switch=0 kind_convert=0 events=0 tx_req=0 tx_enq=0 tx_done=0 tx_drop=0 event_drop=0 reset_reconfig=0 effective_hz=0.000
BNO_TX kind=3 event=186 req=186 enq=186 drop=0 done=186 bytes=15624
BNO_REPORT kind=3 report_id=8 interval_us=20000 requested_hz=50.000 enable_ok=2 enable_fail=0 callback=186 switch=186 kind_convert=186 events=186 tx_req=186 tx_enq=186 tx_done=186 tx_drop=0 event_drop=0 reset_reconfig=1 effective_hz=50.014
BNO_TX kind=4 event=0 req=0 enq=0 drop=0 done=0 bytes=0
BNO_REPORT kind=4 report_id=0 interval_us=0 requested_hz=0.000 enable_ok=0 enable_fail=0 callback=0 switch=0 kind_convert=0 events=0 tx_req=0 tx_enq=0 tx_done=0 tx_drop=0 event_drop=0 reset_reconfig=0 effective_hz=0.000
BNO_TX kind=5 event=0 req=0 enq=0 drop=0 done=0 bytes=0
BNO_REPORT kind=5 report_id=0 interval_us=0 requested_hz=0.000 enable_ok=0 enable_fail=0 callback=0 switch=0 kind_convert=0 events=0 tx_req=0 tx_enq=0 tx_done=0 tx_drop=0 event_drop=0 reset_reconfig=0 effective_hz=0.000
DIAG state=FAULT dry=1 bno_ready=1 addr=0x4A init/reinit/poll=0/0/472 event A/G/M=0/0/0 age_rx_us=4294967295/4294967295/4294967295
IMU cand/pair/call/ok=0/0/0/0 reject=0 dup/order/stale/dt/nonfinite/norm/queue=0/0/0/0/0/0/0 last_ok_age_us=4294967295 dt_us=0 align_samples=0 align_elapsed_us=0
HEALTH state=0 health=0 reason=imu_stale mount=0 imu_age_us=4294967295 imu_gaps=0 reversals=0 covariance=1 finite=1 gnss_age_us=220961748 tof_age_us=4294967295 obs=1
BNO_TS ACCEL events=0 unique=0 exact=1 overflow=0 dup=0 reverse=0 rollover=0 sensor_dt_us=0/0.00/0 rx_dt_us=0/0.00/0 pair_first=0/0 pair_last=0/0
BNO_TS GYRO events=0 unique=0 exact=1 overflow=0 dup=0 reverse=0 rollover=0 sensor_dt_us=0/0.00/0 rx_dt_us=0/0.00/0 pair_first=0/0 pair_last=0/0
BNO_TS MAG events=0 unique=0 exact=1 overflow=0 dup=0 reverse=0 rollover=0 sensor_dt_us=0/0.00/0 rx_dt_us=0/0.00/0 pair_first=0/0 pair_last=0/0
BNO_VEC ACCEL_SENSOR_AND_ESKF_INPUT events=0 nonfinite=0
BNO_VEC GYRO_SENSOR_AND_ESKF_INPUT events=0 nonfinite=0
BNO_VEC MAG_SENSOR events=0 nonfinite=0
LINK queue/drop/high=1/0/4 tof=17350
TXDIAG frames_s=177 bytes_s=21401 total_frames=836 total_bytes=100832 queue=0 high=4 drops=0 bno_drop=0 partial=0 zero=0 write_calls=12523 max_write_us=0 free_heap=167716 min_free_heap=167716 usage_pct=23.22
BNO_TX kind=1 event=0 req=0 enq=0 drop=0 done=0 bytes=0
BNO_REPORT kind=1 report_id=0 interval_us=0 requested_hz=0.000 enable_ok=0 enable_fail=0 callback=0 switch=0 kind_convert=0 events=0 tx_req=0 tx_enq=0 tx_done=0 tx_drop=0 event_drop=0 reset_reconfig=0 effective_hz=0.000
BNO_TX kind=2 event=0 req=0 enq=0 drop=0 done=0 bytes=0
BNO_REPORT kind=2 report_id=0 interval_us=0 requested_hz=0.000 enable_ok=0 enable_fail=0 callback=0 switch=0 kind_convert=0 events=0 tx_req=0 tx_enq=0 tx_done=0 tx_drop=0 event_drop=0 reset_reconfig=0 effective_hz=0.000
BNO_TX kind=3 event=236 req=236 enq=236 drop=0 done=236 bytes=19824
BNO_REPORT kind=3 report_id=8 interval_us=20000 requested_hz=50.000 enable_ok=2 enable_fail=0 callback=236 switch=236 kind_convert=236 events=236 tx_req=236 tx_enq=236 tx_done=236 tx_drop=0 event_drop=0 reset_reconfig=1 effective_hz=50.015
BNO_TX kind=4 event=0 req=0 enq=0 drop=0 done=0 bytes=0
BNO_REPORT kind=4 report_id=0 interval_us=0 requested_hz=0.000 enable_ok=0 enable_fail=0 callback=0 switch=0 kind_convert=0 events=0 tx_req=0 tx_enq=0 tx_done=0 tx_drop=0 event_drop=0 reset_reconfig=0 effective_hz=0.000
BNO_TX kind=5 event=0 req=0 enq=0 drop=0 done=0 bytes=0
BNO_REPORT kind=5 report_id=0 interval_us=0 requested_hz=0.000 enable_ok=0 enable_fail=0 callback=0 switch=0 kind_convert=0 events=0 tx_req=0 tx_enq=0 tx_done=0 tx_drop=0 event_drop=0 reset_reconfig=0 effective_hz=0.000
DIAG state=FAULT dry=1 bno_ready=1 addr=0x4A init/reinit/poll=0/0/572 event A/G/M=0/0/0 age_rx_us=4294967295/4294967295/4294967295
IMU cand/pair/call/ok=0/0/0/0 reject=0 dup/order/stale/dt/nonfinite/norm/queue=0/0/0/0/0/0/0 last_ok_age_us=4294967295 dt_us=0 align_samples=0 align_elapsed_us=0
HEALTH state=0 health=0 reason=imu_stale mount=0 imu_age_us=4294967295 imu_gaps=0 reversals=0 covariance=1 finite=1 gnss_age_us=221962941 tof_age_us=4294967295 obs=1
BNO_TS ACCEL events=0 unique=0 exact=1 overflow=0 dup=0 reverse=0 rollover=0 sensor_dt_us=0/0.00/0 rx_dt_us=0/0.00/0 pair_first=0/0 pair_last=0/0
BNO_TS GYRO events=0 unique=0 exact=1 overflow=0 dup=0 reverse=0 rollover=0 sensor_dt_us=0/0.00/0 rx_dt_us=0/0.00/0 pair_first=0/0 pair_last=0/0
BNO_TS MAG events=0 unique=0 exact=1 overflow=0 dup=0 reverse=0 rollover=0 sensor_dt_us=0/0.00/0 rx_dt_us=0/0.00/0 pair_first=0/0 pair_last=0/0
BNO_VEC ACCEL_SENSOR_AND_ESKF_INPUT events=0 nonfinite=0
BNO_VEC GYRO_SENSOR_AND_ESKF_INPUT events=0 nonfinite=0
BNO_VEC MAG_SENSOR events=0 nonfinite=0
LINK queue/drop/high=1/0/4 tof=17380
TXDIAG frames_s=177 bytes_s=21370 total_frames=1014 total_bytes=122224 queue=0 high=4 drops=0 bno_drop=0 partial=0 zero=0 write_calls=15094 max_write_us=0 free_heap=167716 min_free_heap=167716 usage_pct=23.19
BNO_TX kind=1 event=0 req=0 enq=0 drop=0 done=0 bytes=0
BNO_REPORT kind=1 report_id=0 interval_us=0 requested_hz=0.000 enable_ok=0 enable_fail=0 callback=0 switch=0 kind_convert=0 events=0 tx_req=0 tx_enq=0 tx_done=0 tx_drop=0 event_drop=0 reset_reconfig=0 effective_hz=0.000
BNO_TX kind=2 event=0 req=0 enq=0 drop=0 done=0 bytes=0
BNO_REPORT kind=2 report_id=0 interval_us=0 requested_hz=0.000 enable_ok=0 enable_fail=0 callback=0 switch=0 kind_convert=0 events=0 tx_req=0 tx_enq=0 tx_done=0 tx_drop=0 event_drop=0 reset_reconfig=0 effective_hz=0.000
BNO_TX kind=3 event=286 req=286 enq=286 drop=0 done=286 bytes=24024
BNO_REPORT kind=3 report_id=8 interval_us=20000 requested_hz=50.000 enable_ok=2 enable_fail=0 callback=286 switch=286 kind_convert=286 events=286 tx_req=286 tx_enq=286 tx_done=286 tx_drop=0 event_drop=0 reset_reconfig=1 effective_hz=50.014
BNO_TX kind=4 event=0 req=0 enq=0 drop=0 done=0 bytes=0
BNO_REPORT kind=4 report_id=0 interval_us=0 requested_hz=0.000 enable_ok=0 enable_fail=0 callback=0 switch=0 kind_convert=0 events=0 tx_req=0 tx_enq=0 tx_done=0 tx_drop=0 event_drop=0 reset_reconfig=0 effective_hz=0.000
BNO_TX kind=5 event=0 req=0 enq=0 drop=0 done=0 bytes=0
BNO_REPORT kind=5 report_id=0 interval_us=0 requested_hz=0.000 enable_ok=0 enable_fail=0 callback=0 switch=0 kind_convert=0 events=0 tx_req=0 tx_enq=0 tx_done=0 tx_drop=0 event_drop=0 reset_reconfig=0 effective_hz=0.000
DIAG state=FAULT dry=1 bno_ready=1 addr=0x4A init/reinit/poll=0/0/673 event A/G/M=0/0/0 age_rx_us=4294967295/4294967295/4294967295
IMU cand/pair/call/ok=0/0/0/0 reject=0 dup/order/stale/dt/nonfinite/norm/queue=0/0/0/0/0/0/0 last_ok_age_us=4294967295 dt_us=0 align_samples=0 align_elapsed_us=0
HEALTH state=0 health=0 reason=imu_stale mount=0 imu_age_us=4294967295 imu_gaps=0 reversals=0 covariance=1 finite=1 gnss_age_us=222968673 tof_age_us=4294967295 obs=1
BNO_TS ACCEL events=0 unique=0 exact=1 overflow=0 dup=0 reverse=0 rollover=0 sensor_dt_us=0/0.00/0 rx_dt_us=0/0.00/0 pair_first=0/0 pair_last=0/0
BNO_TS GYRO events=0 unique=0 exact=1 overflow=0 dup=0 reverse=0 rollover=0 sensor_dt_us=0/0.00/0 rx_dt_us=0/0.00/0 pair_first=0/0 pair_last=0/0
BNO_TS MAG events=0 unique=0 exact=1 overflow=0 dup=0 reverse=0 rollover=0 sensor_dt_us=0/0.00/0 rx_dt_us=0/0.00/0 pair_first=0/0 pair_last=0/0
BNO_VEC ACCEL_SENSOR_AND_ESKF_INPUT events=0 nonfinite=0
BNO_VEC GYRO_SENSOR_AND_ESKF_INPUT events=0 nonfinite=0
BNO_VEC MAG_SENSOR events=0 nonfinite=0
LINK queue/drop/high=1/0/4 tof=17411
TXDIAG frames_s=178 bytes_s=21365 total_frames=1193 total_bytes=143696 queue=2 high=4 drops=0 bno_drop=0 partial=0 zero=0 write_calls=17962 max_write_us=0 free_heap=167716 min_free_heap=167716 usage_pct=23.18
BNO_TX kind=1 event=0 req=0 enq=0 drop=0 done=0 bytes=0
BNO_REPORT kind=1 report_id=0 interval_us=0 requested_hz=0.000 enable_ok=0 enable_fail=0 callback=0 switch=0 kind_convert=0 events=0 tx_req=0 tx_enq=0 tx_done=0 tx_drop=0 event_drop=0 reset_reconfig=0 effective_hz=0.000
BNO_TX kind=2 event=0 req=0 enq=0 drop=0 done=0 bytes=0
BNO_REPORT kind=2 report_id=0 interval_us=0 requested_hz=0.000 enable_ok=0 enable_fail=0 callback=0 switch=0 kind_convert=0 events=0 tx_req=0 tx_enq=0 tx_done=0 tx_drop=0 event_drop=0 reset_reconfig=0 effective_hz=0.000
BNO_TX kind=3 event=337 req=337 enq=337 drop=0 done=336 bytes=28224
BNO_REPORT kind=3 report_id=8 interval_us=20000 requested_hz=50.000 enable_ok=2 enable_fail=0 callback=337 switch=337 kind_convert=337 events=337 tx_req=337 tx_enq=337 tx_done=336 tx_drop=0 event_drop=0 reset_reconfig=1 effective_hz=50.013
BNO_TX kind=4 event=0 req=0 enq=0 drop=0 done=0 bytes=0
BNO_REPORT kind=4 report_id=0 interval_us=0 requested_hz=0.000 enable_ok=0 enable_fail=0 callback=0 switch=0 kind_convert=0 events=0 tx_req=0 tx_enq=0 tx_done=0 tx_drop=0 event_drop=0 reset_reconfig=0 effective_hz=0.000
BNO_TX kind=5 event=0 req=0 enq=0 drop=0 done=0 bytes=0
BNO_REPORT kind=5 report_id=0 interval_us=0 requested_hz=0.000 enable_ok=0 enable_fail=0 callback=0 switch=0 kind_convert=0 events=0 tx_req=0 tx_enq=0 tx_done=0 tx_drop=0 event_drop=0 reset_reconfig=0 effective_hz=0.000
DIAG state=FAULT dry=1 bno_ready=1 addr=0x4A init/reinit/poll=0/0/773 event A/G/M=0/0/0 age_rx_us=4294967295/4294967295/4294967295
IMU cand/pair/call/ok=0/0/0/0 reject=0 dup/order/stale/dt/nonfinite/norm/queue=0/0/0/0/0/0/0 last_ok_age_us=4294967295 dt_us=0 align_samples=0 align_elapsed_us=0
HEALTH state=0 health=0 reason=imu_stale mount=0 imu_age_us=4294967295 imu_gaps=0 reversals=0 covariance=1 finite=1 gnss_age_us=223968057 tof_age_us=4294967295 obs=1
BNO_TS ACCEL events=0 unique=0 exact=1 overflow=0 dup=0 reverse=0 rollover=0 sensor_dt_us=0/0.00/0 rx_dt_us=0/0.00/0 pair_first=0/0 pair_last=0/0
BNO_TS GYRO events=0 unique=0 exact=1 overflow=0 dup=0 reverse=0 rollover=0 sensor_dt_us=0/0.00/0 rx_dt_us=0/0.00/0 pair_first=0/0 pair_last=0/0
BNO_TS MAG events=0 unique=0 exact=1 overflow=0 dup=0 reverse=0 rollover=0 sensor_dt_us=0/0.00/0 rx_dt_us=0/0.00/0 pair_first=0/0 pair_last=0/0
BNO_VEC ACCEL_SENSOR_AND_ESKF_INPUT events=0 nonfinite=0
BNO_VEC GYRO_SENSOR_AND_ESKF_INPUT events=0 nonfinite=0
BNO_VEC MAG_SENSOR events=0 nonfinite=0
LINK queue/drop/high=0/0/4 tof=17441
TXDIAG frames_s=178 bytes_s=21396 total_frames=1371 total_bytes=165092 queue=0 high=4 drops=0 bno_drop=0 partial=0 zero=0 write_calls=20959 max_write_us=0 free_heap=167716 min_free_heap=167716 usage_pct=23.22
BNO_TX kind=1 event=0 req=0 enq=0 drop=0 done=0 bytes=0
BNO_REPORT kind=1 report_id=0 interval_us=0 requested_hz=0.000 enable_ok=0 enable_fail=0 callback=0 switch=0 kind_convert=0 events=0 tx_req=0 tx_enq=0 tx_done=0 tx_drop=0 event_drop=0 reset_reconfig=0 effective_hz=0.000
BNO_TX kind=2 event=0 req=0 enq=0 drop=0 done=0 bytes=0
BNO_REPORT kind=2 report_id=0 interval_us=0 requested_hz=0.000 enable_ok=0 enable_fail=0 callback=0 switch=0 kind_convert=0 events=0 tx_req=0 tx_enq=0 tx_done=0 tx_drop=0 event_drop=0 reset_reconfig=0 effective_hz=0.000
BNO_TX kind=3 event=387 req=387 enq=387 drop=0 done=387 bytes=32508
BNO_REPORT kind=3 report_id=8 interval_us=20000 requested_hz=50.000 enable_ok=2 enable_fail=0 callback=387 switch=387 kind_convert=387 events=387 tx_req=387 tx_enq=387 tx_done=387 tx_drop=0 event_drop=0 reset_reconfig=1 effective_hz=50.014
BNO_TX kind=4 event=0 req=0 enq=0 drop=0 done=0 bytes=0
BNO_REPORT kind=4 report_id=0 interval_us=0 requested_hz=0.000 enable_ok=0 enable_fail=0 callback=0 switch=0 kind_convert=0 events=0 tx_req=0 tx_enq=0 tx_done=0 tx_drop=0 event_drop=0 reset_reconfig=0 effective_hz=0.000
BNO_TX kind=5 event=0 req=0 enq=0 drop=0 done=0 bytes=0
BNO_REPORT kind=5 report_id=0 interval_us=0 requested_hz=0.000 enable_ok=0 enable_fail=0 callback=0 switch=0 kind_convert=0 events=0 tx_req=0 tx_enq=0 tx_done=0 tx_drop=0 event_drop=0 reset_reconfig=0 effective_hz=0.000
DIAG state=FAULT dry=1 bno_ready=1 addr=0x4A init/reinit/poll=0/0/874 event A/G/M=0/0/0 age_rx_us=4294967295/4294967295/4294967295
IMU cand/pair/call/ok=0/0/0/0 reject=0 dup/order/stale/dt/nonfinite/norm/queue=0/0/0/0/0/0/0 last_ok_age_us=4294967295 dt_us=0 align_samples=0 align_elapsed_us=0
HEALTH state=0 health=0 reason=imu_stale mount=0 imu_age_us=4294967295 imu_gaps=0 reversals=0 covariance=1 finite=1 gnss_age_us=224976756 tof_age_us=4294967295 obs=1
BNO_TS ACCEL events=0 unique=0 exact=1 overflow=0 dup=0 reverse=0 rollover=0 sensor_dt_us=0/0.00/0 rx_dt_us=0/0.00/0 pair_first=0/0 pair_last=0/0
BNO_TS GYRO events=0 unique=0 exact=1 overflow=0 dup=0 reverse=0 rollover=0 sensor_dt_us=0/0.00/0 rx_dt_us=0/0.00/0 pair_first=0/0 pair_last=0/0
BNO_TS MAG events=0 unique=0 exact=1 overflow=0 dup=0 reverse=0 rollover=0 sensor_dt_us=0/0.00/0 rx_dt_us=0/0.00/0 pair_first=0/0 pair_last=0/0
BNO_VEC ACCEL_SENSOR_AND_ESKF_INPUT events=0 nonfinite=0
BNO_VEC GYRO_SENSOR_AND_ESKF_INPUT events=0 nonfinite=0
BNO_VEC MAG_SENSOR events=0 nonfinite=0
LINK queue/drop/high=1/0/4 tof=17472
TXDIAG frames_s=176 bytes_s=21357 total_frames=1549 total_bytes=186620 queue=0 high=4 drops=0 bno_drop=0 partial=0 zero=0 write_calls=23396 max_write_us=0 free_heap=167716 min_free_heap=167716 usage_pct=23.17
BNO_TX kind=1 event=0 req=0 enq=0 drop=0 done=0 bytes=0
BNO_REPORT kind=1 report_id=0 interval_us=0 requested_hz=0.000 enable_ok=0 enable_fail=0 callback=0 switch=0 kind_convert=0 events=0 tx_req=0 tx_enq=0 tx_done=0 tx_drop=0 event_drop=0 reset_reconfig=0 effective_hz=0.000
BNO_TX kind=2 event=0 req=0 enq=0 drop=0 done=0 bytes=0
BNO_REPORT kind=2 report_id=0 interval_us=0 requested_hz=0.000 enable_ok=0 enable_fail=0 callback=0 switch=0 kind_convert=0 events=0 tx_req=0 tx_enq=0 tx_done=0 tx_drop=0 event_drop=0 reset_reconfig=0 effective_hz=0.000
BNO_TX kind=3 event=437 req=437 enq=437 drop=0 done=437 bytes=36708
BNO_REPORT kind=3 report_id=8 interval_us=20000 requested_hz=50.000 enable_ok=2 enable_fail=0 callback=437 switch=437 kind_convert=437 events=437 tx_req=437 tx_enq=437 tx_done=437 tx_drop=0 event_drop=0 reset_reconfig=1 effective_hz=50.015
BNO_TX kind=4 event=0 req=0 enq=0 drop=0 done=0 bytes=0
BNO_REPORT kind=4 report_id=0 interval_us=0 requested_hz=0.000 enable_ok=0 enable_fail=0 callback=0 switch=0 kind_convert=0 events=0 tx_req=0 tx_enq=0 tx_done=0 tx_drop=0 event_drop=0 reset_reconfig=0 effective_hz=0.000
BNO_TX kind=5 event=0 req=0 enq=0 drop=0 done=0 bytes=0
BNO_REPORT kind=5 report_id=0 interval_us=0 requested_hz=0.000 enable_ok=0 enable_fail=0 callback=0 switch=0 kind_convert=0 events=0 tx_req=0 tx_enq=0 tx_done=0 tx_drop=0 event_drop=0 reset_reconfig=0 effective_hz=0.000
DIAG state=FAULT dry=1 bno_ready=1 addr=0x4A init/reinit/poll=0/0/974 event A/G/M=0/0/0 age_rx_us=4294967295/4294967295/4294967295
IMU cand/pair/call/ok=0/0/0/0 reject=0 dup/order/stale/dt/nonfinite/norm/queue=0/0/0/0/0/0/0 last_ok_age_us=4294967295 dt_us=0 align_samples=0 align_elapsed_us=0
HEALTH state=0 health=0 reason=imu_stale mount=0 imu_age_us=4294967295 imu_gaps=0 reversals=0 covariance=1 finite=1 gnss_age_us=225976054 tof_age_us=4294967295 obs=1
BNO_TS ACCEL events=0 unique=0 exact=1 overflow=0 dup=0 reverse=0 rollover=0 sensor_dt_us=0/0.00/0 rx_dt_us=0/0.00/0 pair_first=0/0 pair_last=0/0
BNO_TS GYRO events=0 unique=0 exact=1 overflow=0 dup=0 reverse=0 rollover=0 sensor_dt_us=0/0.00/0 rx_dt_us=0/0.00/0 pair_first=0/0 pair_last=0/0
BNO_TS MAG events=0 unique=0 exact=1 overflow=0 dup=0 reverse=0 rollover=0 sensor_dt_us=0/0.00/0 rx_dt_us=0/0.00/0 pair_first=0/0 pair_last=0/0
BNO_VEC ACCEL_SENSOR_AND_ESKF_INPUT events=0 nonfinite=0
BNO_VEC GYRO_SENSOR_AND_ESKF_INPUT events=0 nonfinite=0
BNO_VEC MAG_SENSOR events=0 nonfinite=0
LINK queue/drop/high=0/0/4 tof=17502
TXDIAG frames_s=177 bytes_s=21304 total_frames=1726 total_bytes=207924 queue=0 high=4 drops=0 bno_drop=0 partial=0 zero=0 write_calls=26229 max_write_us=0 free_heap=167716 min_free_heap=167716 usage_pct=23.12
BNO_TX kind=1 event=0 req=0 enq=0 drop=0 done=0 bytes=0
BNO_REPORT kind=1 report_id=0 interval_us=0 requested_hz=0.000 enable_ok=0 enable_fail=0 callback=0 switch=0 kind_convert=0 events=0 tx_req=0 tx_enq=0 tx_done=0 tx_drop=0 event_drop=0 reset_reconfig=0 effective_hz=0.000
BNO_TX kind=2 event=0 req=0 enq=0 drop=0 done=0 bytes=0
BNO_REPORT kind=2 report_id=0 interval_us=0 requested_hz=0.000 enable_ok=0 enable_fail=0 callback=0 switch=0 kind_convert=0 events=0 tx_req=0 tx_enq=0 tx_done=0 tx_drop=0 event_drop=0 reset_reconfig=0 effective_hz=0.000
BNO_TX kind=3 event=487 req=487 enq=487 drop=0 done=487 bytes=40908
BNO_REPORT kind=3 report_id=8 interval_us=20000 requested_hz=50.000 enable_ok=2 enable_fail=0 callback=487 switch=487 kind_convert=487 events=487 tx_req=487 tx_enq=487 tx_done=487 tx_drop=0 event_drop=0 reset_reconfig=1 effective_hz=50.001
BNO_TX kind=4 event=0 req=0 enq=0 drop=0 done=0 bytes=0
BNO_REPORT kind=4 report_id=0 interval_us=0 requested_hz=0.000 enable_ok=0 enable_fail=0 callback=0 switch=0 kind_convert=0 events=0 tx_req=0 tx_enq=0 tx_done=0 tx_drop=0 event_drop=0 reset_reconfig=0 effective_hz=0.000
BNO_TX kind=5 event=0 req=0 enq=0 drop=0 done=0 bytes=0
BNO_REPORT kind=5 report_id=0 interval_us=0 requested_hz=0.000 enable_ok=0 enable_fail=0 callback=0 switch=0 kind_convert=0 events=0 tx_req=0 tx_enq=0 tx_done=0 tx_drop=0 event_drop=0 reset_reconfig=0 effective_hz=0.000
P1_STOP_ACK sequence=68225 last_sequence=68224 queued=1
P1_CAPTURE_SEQUENCE first=66453 last=68224 valid=1
TX_CAPTURE_SUPPRESSED count=0
P1_CAPTURE_STATS_STOP
BNO_CAPTURE_REPORT kind=1 report_id=0 interval_us=0 requested_hz=0.000 enable_ok=0 enable_fail=0 callback=0 switch=0 kind_convert=0 events=0 tx_event=0 tx_req=0 tx_enq=0 tx_done=0 tx_drop=0 event_drop=0 reset_reconfig=0 effective_hz=0.000
BNO_CAPTURE_REPORT kind=2 report_id=0 interval_us=0 requested_hz=0.000 enable_ok=0 enable_fail=0 callback=0 switch=0 kind_convert=0 events=0 tx_event=0 tx_req=0 tx_enq=0 tx_done=0 tx_drop=0 event_drop=0 reset_reconfig=0 effective_hz=0.000
BNO_CAPTURE_REPORT kind=3 report_id=8 interval_us=20000 requested_hz=50.000 enable_ok=2 enable_fail=0 callback=505 switch=505 kind_convert=505 events=505 tx_event=500 tx_req=500 tx_enq=500 tx_done=500 tx_drop=0 event_drop=0 reset_reconfig=1 effective_hz=50.014
BNO_CAPTURE_REPORT kind=4 report_id=0 interval_us=0 requested_hz=0.000 enable_ok=0 enable_fail=0 callback=0 switch=0 kind_convert=0 events=0 tx_event=0 tx_req=0 tx_enq=0 tx_done=0 tx_drop=0 event_drop=0 reset_reconfig=0 effective_hz=0.000
BNO_CAPTURE_REPORT kind=5 report_id=0 interval_us=0 requested_hz=0.000 enable_ok=0 enable_fail=0 callback=0 switch=0 kind_convert=0 events=0 tx_event=0 tx_req=0 tx_enq=0 tx_done=0 tx_drop=0 event_drop=0 reset_reconfig=0 effective_hz=0.000
TXTYPE type=4 name=BnoQuaternion req=500 enq=500 done=500 bytes=42000
TXTYPE type=5 name=TofFrame req=304 enq=304 done=304 bytes=68096
TXTYPE type=7 name=VescStatus req=316 enq=316 done=316 bytes=27808
TXTYPE type=11 name=TimeSyncReply req=10 enq=10 done=10 bytes=560
TXTYPE type=16 name=GnssProcessResult req=98 enq=98 done=98 bytes=9408
TXTYPE type=22 name=EstimatedState req=100 enq=100 done=100 bytes=14800
TXTYPE type=32 name=Heartbeat req=101 enq=101 done=101 bytes=4040
TXTYPE type=56 name=EskfState req=199 enq=199 done=199 bytes=36616
TXTYPE type=57 name=EskfInnovation req=98 enq=98 done=98 bytes=7056
TXTYPE type=58 name=EskfHealth req=51 enq=51 done=51 bytes=3672
TX_HISTORY sequence=67584 type=22 flags=0x07 encoded_bytes=148 allocated_us=577494655 enqueue_us=577494706 write_start_us=577495410 write_end_us=577496512
TX_HISTORY sequence=67585 type=5 flags=0x07 encoded_bytes=224 allocated_us=577503622 enqueue_us=577503705 write_start_us=577504329 write_end_us=577505392
TX_HISTORY sequence=67586 type=57 flags=0x07 encoded_bytes=72 allocated_us=577509591 enqueue_us=577509650 write_start_us=577510389 write_end_us=577510453
TX_HISTORY sequence=67587 type=16 flags=0x07 encoded_bytes=96 allocated_us=577509635 enqueue_us=577509675 write_start_us=577510487 write_end_us=577510892
TX_HISTORY sequence=67588 type=7 flags=0x07 encoded_bytes=88 allocated_us=577513483 enqueue_us=577513535 write_start_us=577514329 write_end_us=577514365
TX_HISTORY sequence=67589 type=4 flags=0x07 encoded_bytes=84 allocated_us=577514626 enqueue_us=577514666 write_start_us=577515340 write_end_us=577515377
TX_HISTORY sequence=67590 type=56 flags=0x07 encoded_bytes=184 allocated_us=577527378 enqueue_us=577527466 write_start_us=577528330 write_end_us=577528966
TX_HISTORY sequence=67591 type=32 flags=0x07 encoded_bytes=40 allocated_us=577532327 enqueue_us=577532346 write_start_us=577532355 write_end_us=577532372
TX_HISTORY sequence=67592 type=4 flags=0x07 encoded_bytes=84 allocated_us=577534496 enqueue_us=577534531 write_start_us=577535334 write_end_us=577535364
TX_HISTORY sequence=67593 type=5 flags=0x07 encoded_bytes=224 allocated_us=577536631 enqueue_us=577536722 write_start_us=577537331 write_end_us=577538397
TX_HISTORY sequence=67594 type=7 flags=0x07 encoded_bytes=88 allocated_us=577546994 enqueue_us=577547048 write_start_us=577547336 write_end_us=577547373
TX_HISTORY sequence=67595 type=4 flags=0x07 encoded_bytes=84 allocated_us=577554575 enqueue_us=577554636 write_start_us=577555340 write_end_us=577555379
TX_HISTORY sequence=67596 type=5 flags=0x07 encoded_bytes=224 allocated_us=577569616 enqueue_us=577569715 write_start_us=577570333 write_end_us=577571390
TX_HISTORY sequence=67597 type=4 flags=0x07 encoded_bytes=84 allocated_us=577574755 enqueue_us=577574814 write_start_us=577575339 write_end_us=577575380
TX_HISTORY sequence=67598 type=56 flags=0x07 encoded_bytes=184 allocated_us=577579377 enqueue_us=577579466 write_start_us=577580333 write_end_us=577581013
TX_HISTORY sequence=67599 type=7 flags=0x07 encoded_bytes=88 allocated_us=577580002 enqueue_us=577580034 write_start_us=577581030 write_end_us=577581963
TX_HISTORY sequence=67600 type=11 flags=0x07 encoded_bytes=56 allocated_us=577582904 enqueue_us=577582928 write_start_us=577583330 write_end_us=577583351
TX_HISTORY sequence=67601 type=58 flags=0x07 encoded_bytes=72 allocated_us=577587384 enqueue_us=577587430 write_start_us=577588330 write_end_us=577588356
TX_HISTORY sequence=67602 type=4 flags=0x07 encoded_bytes=84 allocated_us=577594519 enqueue_us=577594573 write_start_us=577595342 write_end_us=577595380
TX_HISTORY sequence=67603 type=22 flags=0x07 encoded_bytes=148 allocated_us=577594614 enqueue_us=577594665 write_start_us=577595399 write_end_us=577596493
TX_HISTORY sequence=67604 type=5 flags=0x07 encoded_bytes=224 allocated_us=577602640 enqueue_us=577602729 write_start_us=577603330 write_end_us=577604398
TX_HISTORY sequence=67605 type=16 flags=0x07 encoded_bytes=96 allocated_us=577611639 enqueue_us=577611695 write_start_us=577612397 write_end_us=577612469
TX_HISTORY sequence=67606 type=7 flags=0x07 encoded_bytes=88 allocated_us=577615014 enqueue_us=577615063 write_start_us=577615332 write_end_us=577615360
TX_HISTORY sequence=67607 type=4 flags=0x07 encoded_bytes=84 allocated_us=577615609 enqueue_us=577615649 write_start_us=577616341 write_end_us=577616377
TX_HISTORY sequence=67608 type=57 flags=0x07 encoded_bytes=72 allocated_us=577615674 enqueue_us=577615702 write_start_us=577616402 write_end_us=577616678
TX_HISTORY sequence=67609 type=56 flags=0x07 encoded_bytes=184 allocated_us=577630377 enqueue_us=577630464 write_start_us=577631334 write_end_us=577631972
TX_HISTORY sequence=67610 type=32 flags=0x07 encoded_bytes=40 allocated_us=577632323 enqueue_us=577632341 write_start_us=577632348 write_end_us=577632407
TX_HISTORY sequence=67611 type=4 flags=0x07 encoded_bytes=84 allocated_us=577635475 enqueue_us=577635517 write_start_us=577636334 write_end_us=577636355
TX_HISTORY sequence=67612 type=5 flags=0x07 encoded_bytes=224 allocated_us=577635625 enqueue_us=577635706 write_start_us=577636376 write_end_us=577638322
TX_HISTORY sequence=67613 type=7 flags=0x07 encoded_bytes=88 allocated_us=577645991 enqueue_us=577646053 write_start_us=577646334 write_end_us=577646366
TX_HISTORY sequence=67614 type=4 flags=0x07 encoded_bytes=84 allocated_us=577656353 enqueue_us=577656408 write_start_us=577657336 write_end_us=577657376
TX_HISTORY sequence=67615 type=5 flags=0x07 encoded_bytes=224 allocated_us=577668598 enqueue_us=577668681 write_start_us=577669328 write_end_us=577670395
TX_HISTORY sequence=67616 type=4 flags=0x07 encoded_bytes=84 allocated_us=577674559 enqueue_us=577674618 write_start_us=577675339 write_end_us=577675381
TX_HISTORY sequence=67617 type=7 flags=0x07 encoded_bytes=88 allocated_us=577679009 enqueue_us=577679069 write_start_us=577679331 write_end_us=577679363
TX_HISTORY sequence=67618 type=56 flags=0x07 encoded_bytes=184 allocated_us=577681371 enqueue_us=577681442 write_start_us=577682333 write_end_us=577682984
TX_HISTORY sequence=67619 type=4 flags=0x07 encoded_bytes=84 allocated_us=577694525 enqueue_us=577694588 write_start_us=577695337 write_end_us=577695381
TX_HISTORY sequence=67620 type=22 flags=0x07 encoded_bytes=148 allocated_us=577694648 enqueue_us=577694702 write_start_us=577695399 write_end_us=577696499
TX_HISTORY sequence=67621 type=5 flags=0x07 encoded_bytes=224 allocated_us=577701645 enqueue_us=577701725 write_start_us=577702329 write_end_us=577703393
TX_HISTORY sequence=67622 type=16 flags=0x07 encoded_bytes=96 allocated_us=577712667 enqueue_us=577712763 write_start_us=577713335 write_end_us=577713414
TX_HISTORY sequence=67623 type=4 flags=0x07 encoded_bytes=84 allocated_us=577715711 enqueue_us=577715768 write_start_us=577716340 write_end_us=577716377
TX_HISTORY sequence=67624 type=57 flags=0x07 encoded_bytes=72 allocated_us=577715793 enqueue_us=577715821 write_start_us=577716397 write_end_us=577716673
TX_HISTORY sequence=67625 type=7 flags=0x07 encoded_bytes=88 allocated_us=577716108 enqueue_us=577716143 write_start_us=577716682 write_end_us=577717636
TX_HISTORY sequence=67626 type=56 flags=0x07 encoded_bytes=184 allocated_us=577731378 enqueue_us=577731467 write_start_us=577732360 write_end_us=577733002
TX_HISTORY sequence=67627 type=32 flags=0x07 encoded_bytes=40 allocated_us=577732326 enqueue_us=577732343 write_start_us=577733012 write_end_us=577733438
TX_HISTORY sequence=67628 type=5 flags=0x07 encoded_bytes=224 allocated_us=577734583 enqueue_us=577734663 write_start_us=577735326 write_end_us=577736388
TX_HISTORY sequence=67629 type=4 flags=0x07 encoded_bytes=84 allocated_us=577736622 enqueue_us=577736693 write_start_us=577737338 write_end_us=577737377
TX_HISTORY sequence=67630 type=7 flags=0x07 encoded_bytes=88 allocated_us=577744997 enqueue_us=577745058 write_start_us=577745333 write_end_us=577745367
TX_HISTORY sequence=67631 type=4 flags=0x07 encoded_bytes=84 allocated_us=577754528 enqueue_us=577754587 write_start_us=577755338 write_end_us=577755379
TX_HISTORY sequence=67632 type=5 flags=0x07 encoded_bytes=224 allocated_us=577767601 enqueue_us=577767684 write_start_us=577768327 write_end_us=577769378
TX_HISTORY sequence=67633 type=4 flags=0x07 encoded_bytes=84 allocated_us=577774529 enqueue_us=577774588 write_start_us=577775337 write_end_us=577775377
TX_HISTORY sequence=67634 type=7 flags=0x07 encoded_bytes=88 allocated_us=577778076 enqueue_us=577778132 write_start_us=577778332 write_end_us=577778367
TX_HISTORY sequence=67635 type=56 flags=0x07 encoded_bytes=184 allocated_us=577781374 enqueue_us=577781447 write_start_us=577782333 write_end_us=577782968
TX_HISTORY sequence=67636 type=58 flags=0x07 encoded_bytes=72 allocated_us=577787380 enqueue_us=577787422 write_start_us=577788331 write_end_us=577788355
TX_HISTORY sequence=67637 type=4 flags=0x07 encoded_bytes=84 allocated_us=577794516 enqueue_us=577794563 write_start_us=577795341 write_end_us=577795377
TX_HISTORY sequence=67638 type=22 flags=0x07 encoded_bytes=148 allocated_us=577794605 enqueue_us=577794656 write_start_us=577795396 write_end_us=577796497
TX_HISTORY sequence=67639 type=5 flags=0x07 encoded_bytes=224 allocated_us=577800623 enqueue_us=577800713 write_start_us=577801327 write_end_us=577802380
TX_HISTORY sequence=67640 type=7 flags=0x07 encoded_bytes=88 allocated_us=577810984 enqueue_us=577811034 write_start_us=577811329 write_end_us=577811362
TX_HISTORY sequence=67641 type=4 flags=0x07 encoded_bytes=84 allocated_us=577814402 enqueue_us=577814477 write_start_us=577815395 write_end_us=577815468
TX_HISTORY sequence=67642 type=57 flags=0x07 encoded_bytes=72 allocated_us=577814773 enqueue_us=577814806 write_start_us=577815505 write_end_us=577815798
TX_HISTORY sequence=67643 type=16 flags=0x07 encoded_bytes=96 allocated_us=577814837 enqueue_us=577814873 write_start_us=577815815 write_end_us=577816814
TX_HISTORY sequence=67644 type=32 flags=0x07 encoded_bytes=40 allocated_us=577832336 enqueue_us=577832379 write_start_us=577832396 write_end_us=577832430
TX_HISTORY sequence=67645 type=5 flags=0x07 encoded_bytes=224 allocated_us=577832591 enqueue_us=577832671 write_start_us=577833333 write_end_us=577834400
TX_HISTORY sequence=67646 type=4 flags=0x07 encoded_bytes=84 allocated_us=577834769 enqueue_us=577834851 write_start_us=577835354 write_end_us=577835424
TX_HISTORY sequence=67647 type=56 flags=0x07 encoded_bytes=184 allocated_us=577834915 enqueue_us=577834987 write_start_us=577835467 write_end_us=577837307
TX_HISTORY sequence=67648 type=7 flags=0x07 encoded_bytes=88 allocated_us=577844119 enqueue_us=577844182 write_start_us=577844335 write_end_us=577844379
TX_HISTORY sequence=67649 type=4 flags=0x07 encoded_bytes=84 allocated_us=577854559 enqueue_us=577854612 write_start_us=577855341 write_end_us=577855376
TX_HISTORY sequence=67650 type=5 flags=0x07 encoded_bytes=224 allocated_us=577866619 enqueue_us=577866707 write_start_us=577867330 write_end_us=577868407
TX_HISTORY sequence=67651 type=7 flags=0x07 encoded_bytes=88 allocated_us=577868664 enqueue_us=577868702 write_start_us=577869329 write_end_us=577869376
TX_HISTORY sequence=67652 type=4 flags=0x07 encoded_bytes=84 allocated_us=577874529 enqueue_us=577874588 write_start_us=577875338 write_end_us=577875376
TX_HISTORY sequence=67653 type=7 flags=0x07 encoded_bytes=88 allocated_us=577881996 enqueue_us=577882053 write_start_us=577882332 write_end_us=577882371
TX_HISTORY sequence=67654 type=56 flags=0x07 encoded_bytes=184 allocated_us=577885374 enqueue_us=577885445 write_start_us=577886330 write_end_us=577886972
TX_HISTORY sequence=67655 type=4 flags=0x07 encoded_bytes=84 allocated_us=577894516 enqueue_us=577894567 write_start_us=577895336 write_end_us=577895373
TX_HISTORY sequence=67656 type=22 flags=0x07 encoded_bytes=148 allocated_us=577894609 enqueue_us=577894661 write_start_us=577895391 write_end_us=577896503
TX_HISTORY sequence=67657 type=5 flags=0x07 encoded_bytes=224 allocated_us=577898618 enqueue_us=577898700 write_start_us=577899328 write_end_us=577900384
TX_HISTORY sequence=67658 type=7 flags=0x07 encoded_bytes=88 allocated_us=577908986 enqueue_us=577909048 write_start_us=577909335 write_end_us=577909367
TX_HISTORY sequence=67659 type=4 flags=0x07 encoded_bytes=84 allocated_us=577914517 enqueue_us=577914572 write_start_us=577915338 write_end_us=577915382
TX_HISTORY sequence=67660 type=5 flags=0x07 encoded_bytes=224 allocated_us=577931570 enqueue_us=577931679 write_start_us=577932358 write_end_us=577933445
TX_HISTORY sequence=67661 type=32 flags=0x07 encoded_bytes=40 allocated_us=577932324 enqueue_us=577932342 write_start_us=577933539 write_end_us=577933866
TX_HISTORY sequence=67662 type=4 flags=0x07 encoded_bytes=84 allocated_us=577934541 enqueue_us=577934585 write_start_us=577935378 write_end_us=577935420
TX_HISTORY sequence=67663 type=56 flags=0x07 encoded_bytes=184 allocated_us=577936256 enqueue_us=577936386 write_start_us=577937336 write_end_us=577938038
TX_HISTORY sequence=67664 type=57 flags=0x07 encoded_bytes=72 allocated_us=577936769 enqueue_us=577936815 write_start_us=577938076 write_end_us=577938818
TX_HISTORY sequence=67665 type=16 flags=0x07 encoded_bytes=96 allocated_us=577936842 enqueue_us=577936879 write_start_us=577938830 write_end_us=577939852
TX_HISTORY sequence=67666 type=7 flags=0x07 encoded_bytes=88 allocated_us=577942415 enqueue_us=577942471 write_start_us=577943334 write_end_us=577943369
TX_HISTORY sequence=67667 type=4 flags=0x07 encoded_bytes=84 allocated_us=577954777 enqueue_us=577954833 write_start_us=577955339 write_end_us=577955379
TX_HISTORY sequence=67668 type=5 flags=0x07 encoded_bytes=224 allocated_us=577964609 enqueue_us=577964688 write_start_us=577965329 write_end_us=577966389
TX_HISTORY sequence=67669 type=4 flags=0x07 encoded_bytes=84 allocated_us=577974477 enqueue_us=577974540 write_start_us=577975337 write_end_us=577975381
TX_HISTORY sequence=67670 type=7 flags=0x07 encoded_bytes=88 allocated_us=577975042 enqueue_us=577975074 write_start_us=577975407 write_end_us=577975861
TX_HISTORY sequence=67671 type=56 flags=0x07 encoded_bytes=184 allocated_us=577987377 enqueue_us=577987467 write_start_us=577988338 write_end_us=577988977
TX_HISTORY sequence=67672 type=58 flags=0x07 encoded_bytes=72 allocated_us=577987507 enqueue_us=577987534 write_start_us=577988986 write_end_us=577989754
TX_HISTORY sequence=67673 type=4 flags=0x07 encoded_bytes=84 allocated_us=577994417 enqueue_us=577994459 write_start_us=577995333 write_end_us=577995368
TX_HISTORY sequence=67674 type=22 flags=0x07 encoded_bytes=148 allocated_us=577994496 enqueue_us=577994548 write_start_us=577995385 write_end_us=577996503
TX_HISTORY sequence=67675 type=5 flags=0x07 encoded_bytes=224 allocated_us=577997643 enqueue_us=577997736 write_start_us=577998330 write_end_us=577999393
TX_HISTORY sequence=67676 type=7 flags=0x07 encoded_bytes=88 allocated_us=578007985 enqueue_us=578008043 write_start_us=578008335 write_end_us=578008367
TX_HISTORY sequence=67677 type=4 flags=0x07 encoded_bytes=84 allocated_us=578014493 enqueue_us=578014551 write_start_us=578015337 write_end_us=578015383
TX_HISTORY sequence=67678 type=5 flags=0x07 encoded_bytes=224 allocated_us=578030570 enqueue_us=578030671 write_start_us=578031334 write_end_us=578032408
TX_HISTORY sequence=67679 type=32 flags=0x07 encoded_bytes=40 allocated_us=578033329 enqueue_us=578033349 write_start_us=578033381 write_end_us=578033412
TX_HISTORY sequence=67680 type=16 flags=0x07 encoded_bytes=96 allocated_us=578035324 enqueue_us=578035379 write_start_us=578036369 write_end_us=578036448
TX_HISTORY sequence=67681 type=4 flags=0x07 encoded_bytes=84 allocated_us=578036039 enqueue_us=578036080 write_start_us=578036483 write_end_us=578037013
TX_HISTORY sequence=67682 type=57 flags=0x07 encoded_bytes=72 allocated_us=578036104 enqueue_us=578036132 write_start_us=578037022 write_end_us=578037779
TX_HISTORY sequence=67683 type=56 flags=0x07 encoded_bytes=184 allocated_us=578038818 enqueue_us=578038926 write_start_us=578039337 write_end_us=578039963
TX_HISTORY sequence=67684 type=7 flags=0x07 encoded_bytes=88 allocated_us=578041059 enqueue_us=578041094 write_start_us=578041326 write_end_us=578041346
TX_HISTORY sequence=67685 type=4 flags=0x07 encoded_bytes=84 allocated_us=578054420 enqueue_us=578054475 write_start_us=578055338 write_end_us=578055382
TX_HISTORY sequence=67686 type=5 flags=0x07 encoded_bytes=224 allocated_us=578063636 enqueue_us=578063723 write_start_us=578064328 write_end_us=578065398
TX_HISTORY sequence=67687 type=7 flags=0x07 encoded_bytes=88 allocated_us=578074022 enqueue_us=578074081 write_start_us=578074342 write_end_us=578074385
TX_HISTORY sequence=67688 type=4 flags=0x07 encoded_bytes=84 allocated_us=578074542 enqueue_us=578074580 write_start_us=578075334 write_end_us=578075358
TX_HISTORY sequence=67689 type=56 flags=0x07 encoded_bytes=184 allocated_us=578089374 enqueue_us=578089460 write_start_us=578090336 write_end_us=578090983
TX_HISTORY sequence=67690 type=4 flags=0x07 encoded_bytes=84 allocated_us=578094364 enqueue_us=578094406 write_start_us=578095335 write_end_us=578095367
TX_HISTORY sequence=67691 type=22 flags=0x07 encoded_bytes=148 allocated_us=578094461 enqueue_us=578094514 write_start_us=578095383 write_end_us=578096491
TX_HISTORY sequence=67692 type=5 flags=0x07 encoded_bytes=224 allocated_us=578096622 enqueue_us=578096710 write_start_us=578097328 write_end_us=578098922
TX_HISTORY sequence=67693 type=7 flags=0x07 encoded_bytes=88 allocated_us=578106991 enqueue_us=578107051 write_start_us=578107332 write_end_us=578107360
TX_HISTORY sequence=67694 type=4 flags=0x07 encoded_bytes=84 allocated_us=578114567 enqueue_us=578114624 write_start_us=578115338 write_end_us=578115381
TX_HISTORY sequence=67695 type=5 flags=0x07 encoded_bytes=224 allocated_us=578129608 enqueue_us=578129707 write_start_us=578130330 write_end_us=578131425
TX_HISTORY sequence=67696 type=32 flags=0x07 encoded_bytes=40 allocated_us=578133328 enqueue_us=578133353 write_start_us=578133395 write_end_us=578133423
TX_HISTORY sequence=67697 type=16 flags=0x07 encoded_bytes=96 allocated_us=578134299 enqueue_us=578134377 write_start_us=578135383 write_end_us=578135433
TX_HISTORY sequence=67698 type=4 flags=0x07 encoded_bytes=84 allocated_us=578134627 enqueue_us=578134666 write_start_us=578135468 write_end_us=578135975
TX_HISTORY sequence=67699 type=57 flags=0x07 encoded_bytes=72 allocated_us=578134687 enqueue_us=578134715 write_start_us=578135984 write_end_us=578136763
TX_HISTORY sequence=67700 type=7 flags=0x07 encoded_bytes=88 allocated_us=578139994 enqueue_us=578140056 write_start_us=578140335 write_end_us=578140364
TX_HISTORY sequence=67701 type=56 flags=0x07 encoded_bytes=184 allocated_us=578140427 enqueue_us=578140491 write_start_us=578141330 write_end_us=578141990
TX_HISTORY sequence=67702 type=4 flags=0x07 encoded_bytes=84 allocated_us=578155284 enqueue_us=578155364 write_start_us=578156337 write_end_us=578156386
TX_HISTORY sequence=67703 type=5 flags=0x07 encoded_bytes=224 allocated_us=578162661 enqueue_us=578162746 write_start_us=578163331 write_end_us=578164398
TX_HISTORY sequence=67704 type=7 flags=0x07 encoded_bytes=88 allocated_us=578173060 enqueue_us=578173118 write_start_us=578173332 write_end_us=578173372
TX_HISTORY sequence=67705 type=4 flags=0x07 encoded_bytes=84 allocated_us=578174454 enqueue_us=578174507 write_start_us=578175335 write_end_us=578175375
TX_HISTORY sequence=67706 type=58 flags=0x07 encoded_bytes=72 allocated_us=578187387 enqueue_us=578187438 write_start_us=578188333 write_end_us=578188361
TX_HISTORY sequence=67707 type=56 flags=0x07 encoded_bytes=184 allocated_us=578191361 enqueue_us=578191425 write_start_us=578192330 write_end_us=578192961
TX_HISTORY sequence=67708 type=4 flags=0x07 encoded_bytes=84 allocated_us=578194335 enqueue_us=578194376 write_start_us=578195337 write_end_us=578195372
TX_HISTORY sequence=67709 type=22 flags=0x07 encoded_bytes=148 allocated_us=578194414 enqueue_us=578194465 write_start_us=578195392 write_end_us=578196489
TX_HISTORY sequence=67710 type=5 flags=0x07 encoded_bytes=224 allocated_us=578195619 enqueue_us=578195713 write_start_us=578196500 write_end_us=578198914
TX_HISTORY sequence=67711 type=7 flags=0x07 encoded_bytes=88 allocated_us=578205998 enqueue_us=578206057 write_start_us=578206334 write_end_us=578206369
TX_HISTORY sequence=67712 type=4 flags=0x07 encoded_bytes=84 allocated_us=578214435 enqueue_us=578214491 write_start_us=578215338 write_end_us=578215379
TX_HISTORY sequence=67713 type=5 flags=0x07 encoded_bytes=224 allocated_us=578227605 enqueue_us=578227689 write_start_us=578228330 write_end_us=578229386
TX_HISTORY sequence=67714 type=32 flags=0x07 encoded_bytes=40 allocated_us=578233345 enqueue_us=578233396 write_start_us=578233415 write_end_us=578233455
TX_HISTORY sequence=67715 type=16 flags=0x07 encoded_bytes=96 allocated_us=578233755 enqueue_us=578233790 write_start_us=578234360 write_end_us=578234394
TX_HISTORY sequence=67716 type=4 flags=0x07 encoded_bytes=84 allocated_us=578234541 enqueue_us=578234579 write_start_us=578235334 write_end_us=578235372
TX_HISTORY sequence=67717 type=57 flags=0x07 encoded_bytes=72 allocated_us=578234603 enqueue_us=578234632 write_start_us=578235398 write_end_us=578235722
TX_HISTORY sequence=67718 type=7 flags=0x07 encoded_bytes=88 allocated_us=578238058 enqueue_us=578238121 write_start_us=578238332 write_end_us=578238357
TX_HISTORY sequence=67719 type=56 flags=0x07 encoded_bytes=184 allocated_us=578241372 enqueue_us=578241447 write_start_us=578242333 write_end_us=578242965
TX_HISTORY sequence=67720 type=4 flags=0x07 encoded_bytes=84 allocated_us=578254375 enqueue_us=578254433 write_start_us=578255335 write_end_us=578255367
TX_HISTORY sequence=67721 type=5 flags=0x07 encoded_bytes=224 allocated_us=578261648 enqueue_us=578261732 write_start_us=578262331 write_end_us=578263405
TX_HISTORY sequence=67722 type=7 flags=0x07 encoded_bytes=88 allocated_us=578263685 enqueue_us=578263723 write_start_us=578264328 write_end_us=578264371
TX_HISTORY sequence=67723 type=4 flags=0x07 encoded_bytes=84 allocated_us=578274637 enqueue_us=578274695 write_start_us=578275338 write_end_us=578275378
TX_HISTORY sequence=67724 type=7 flags=0x07 encoded_bytes=88 allocated_us=578277133 enqueue_us=578277188 write_start_us=578277329 write_end_us=578277355
TX_HISTORY sequence=67725 type=56 flags=0x07 encoded_bytes=184 allocated_us=578291373 enqueue_us=578291447 write_start_us=578292334 write_end_us=578292965
TX_HISTORY sequence=67726 type=5 flags=0x07 encoded_bytes=224 allocated_us=578293572 enqueue_us=578293663 write_start_us=578294336 write_end_us=578295417
TX_HISTORY sequence=67727 type=4 flags=0x07 encoded_bytes=84 allocated_us=578295485 enqueue_us=578295546 write_start_us=578296331 write_end_us=578296364
TX_HISTORY sequence=67728 type=22 flags=0x07 encoded_bytes=148 allocated_us=578295591 enqueue_us=578295662 write_start_us=578296384 write_end_us=578297908
TX_HISTORY sequence=67729 type=7 flags=0x07 encoded_bytes=88 allocated_us=578303990 enqueue_us=578304047 write_start_us=578304333 write_end_us=578304367
TX_HISTORY sequence=67730 type=4 flags=0x07 encoded_bytes=84 allocated_us=578314372 enqueue_us=578314431 write_start_us=578315335 write_end_us=578315371
TX_HISTORY sequence=67731 type=5 flags=0x07 encoded_bytes=224 allocated_us=578326607 enqueue_us=578326690 write_start_us=578327332 write_end_us=578328390
TX_HISTORY sequence=67732 type=32 flags=0x07 encoded_bytes=40 allocated_us=578333333 enqueue_us=578333363 write_start_us=578333376 write_end_us=578333398
TX_HISTORY sequence=67733 type=4 flags=0x07 encoded_bytes=84 allocated_us=578334613 enqueue_us=578334668 write_start_us=578335338 write_end_us=578335375
TX_HISTORY sequence=67734 type=16 flags=0x07 encoded_bytes=96 allocated_us=578337773 enqueue_us=578337835 write_start_us=578338340 write_end_us=578338404
TX_HISTORY sequence=67735 type=57 flags=0x07 encoded_bytes=72 allocated_us=578339351 enqueue_us=578339394 write_start_us=578340331 write_end_us=578340361
TX_HISTORY sequence=67736 type=7 flags=0x07 encoded_bytes=88 allocated_us=578341129 enqueue_us=578341164 write_start_us=578341329 write_end_us=578341349
TX_HISTORY sequence=67737 type=56 flags=0x07 encoded_bytes=184 allocated_us=578341407 enqueue_us=578341474 write_start_us=578342327 write_end_us=578342947
TX_HISTORY sequence=67738 type=4 flags=0x07 encoded_bytes=84 allocated_us=578354418 enqueue_us=578354475 write_start_us=578355338 write_end_us=578355377
TX_HISTORY sequence=67739 type=5 flags=0x07 encoded_bytes=224 allocated_us=578359627 enqueue_us=578359708 write_start_us=578360326 write_end_us=578361407
TX_HISTORY sequence=67740 type=7 flags=0x07 encoded_bytes=88 allocated_us=578369978 enqueue_us=578370037 write_start_us=578370333 write_end_us=578370365
TX_HISTORY sequence=67741 type=4 flags=0x07 encoded_bytes=84 allocated_us=578374390 enqueue_us=578374447 write_start_us=578375337 write_end_us=578375380
TX_HISTORY sequence=67742 type=58 flags=0x07 encoded_bytes=72 allocated_us=578387386 enqueue_us=578387434 write_start_us=578388331 write_end_us=578388360
TX_HISTORY sequence=67743 type=56 flags=0x07 encoded_bytes=184 allocated_us=578391361 enqueue_us=578391426 write_start_us=578392329 write_end_us=578392957
TX_HISTORY sequence=67744 type=5 flags=0x07 encoded_bytes=224 allocated_us=578392581 enqueue_us=578392664 write_start_us=578392969 write_end_us=578395384
TX_HISTORY sequence=67745 type=4 flags=0x07 encoded_bytes=84 allocated_us=578395635 enqueue_us=578395694 write_start_us=578396336 write_end_us=578396376
TX_HISTORY sequence=67746 type=22 flags=0x07 encoded_bytes=148 allocated_us=578395719 enqueue_us=578395771 write_start_us=578396394 write_end_us=578397898
TX_HISTORY sequence=67747 type=7 flags=0x07 encoded_bytes=88 allocated_us=578402995 enqueue_us=578403055 write_start_us=578403333 write_end_us=578403368
TX_HISTORY sequence=67748 type=4 flags=0x07 encoded_bytes=84 allocated_us=578415385 enqueue_us=578415444 write_start_us=578416337 write_end_us=578416375
TX_HISTORY sequence=67749 type=5 flags=0x07 encoded_bytes=224 allocated_us=578425609 enqueue_us=578425693 write_start_us=578426330 write_end_us=578427399
TX_HISTORY sequence=67750 type=32 flags=0x07 encoded_bytes=40 allocated_us=578433336 enqueue_us=578433367 write_start_us=578433383 write_end_us=578433410
TX_HISTORY sequence=67751 type=4 flags=0x07 encoded_bytes=84 allocated_us=578434395 enqueue_us=578434449 write_start_us=578435335 write_end_us=578435382
TX_HISTORY sequence=67752 type=7 flags=0x07 encoded_bytes=88 allocated_us=578436128 enqueue_us=578436168 write_start_us=578436331 write_end_us=578436358
TX_HISTORY sequence=67753 type=16 flags=0x07 encoded_bytes=96 allocated_us=578440620 enqueue_us=578440676 write_start_us=578441391 write_end_us=578441459
TX_HISTORY sequence=67754 type=56 flags=0x07 encoded_bytes=184 allocated_us=578441534 enqueue_us=578441601 write_start_us=578442330 write_end_us=578443113
TX_HISTORY sequence=67755 type=57 flags=0x07 encoded_bytes=72 allocated_us=578441608 enqueue_us=578441635 write_start_us=578443124 write_end_us=578443889
TX_HISTORY sequence=67756 type=4 flags=0x07 encoded_bytes=84 allocated_us=578454367 enqueue_us=578454425 write_start_us=578455338 write_end_us=578455378
TX_HISTORY sequence=67757 type=5 flags=0x07 encoded_bytes=224 allocated_us=578458630 enqueue_us=578458713 write_start_us=578459329 write_end_us=578460381
TX_HISTORY sequence=67758 type=7 flags=0x07 encoded_bytes=88 allocated_us=578468987 enqueue_us=578469045 write_start_us=578469332 write_end_us=578469364
TX_HISTORY sequence=67759 type=4 flags=0x07 encoded_bytes=84 allocated_us=578474372 enqueue_us=578474428 write_start_us=578475338 write_end_us=578475384
TX_HISTORY sequence=67760 type=56 flags=0x07 encoded_bytes=184 allocated_us=578491374 enqueue_us=578491472 write_start_us=578492338 write_end_us=578492970
TX_HISTORY sequence=67761 type=5 flags=0x07 encoded_bytes=224 allocated_us=578491556 enqueue_us=578491642 write_start_us=578492997 write_end_us=578495400
TX_HISTORY sequence=67762 type=4 flags=0x07 encoded_bytes=84 allocated_us=578495626 enqueue_us=578495685 write_start_us=578496338 write_end_us=578496382
TX_HISTORY sequence=67763 type=22 flags=0x07 encoded_bytes=148 allocated_us=578495709 enqueue_us=578495760 write_start_us=578496404 write_end_us=578497916
TX_HISTORY sequence=67764 type=7 flags=0x07 encoded_bytes=88 allocated_us=578502009 enqueue_us=578502067 write_start_us=578502330 write_end_us=578502362
TX_HISTORY sequence=67765 type=4 flags=0x07 encoded_bytes=84 allocated_us=578514338 enqueue_us=578514404 write_start_us=578515341 write_end_us=578515384
TX_HISTORY sequence=67766 type=5 flags=0x07 encoded_bytes=224 allocated_us=578524613 enqueue_us=578524698 write_start_us=578525329 write_end_us=578526387
TX_HISTORY sequence=67767 type=32 flags=0x07 encoded_bytes=40 allocated_us=578533336 enqueue_us=578533374 write_start_us=578533391 write_end_us=578533431
TX_HISTORY sequence=67768 type=4 flags=0x07 encoded_bytes=84 allocated_us=578534294 enqueue_us=578534363 write_start_us=578535329 write_end_us=578535358
TX_HISTORY sequence=67769 type=7 flags=0x07 encoded_bytes=88 allocated_us=578535060 enqueue_us=578535093 write_start_us=578535374 write_end_us=578535870
TX_HISTORY sequence=67770 type=56 flags=0x07 encoded_bytes=184 allocated_us=578541379 enqueue_us=578541471 write_start_us=578542344 write_end_us=578543017
TX_HISTORY sequence=67771 type=16 flags=0x07 encoded_bytes=96 allocated_us=578542660 enqueue_us=578542704 write_start_us=578543065 write_end_us=578544062
TX_HISTORY sequence=67772 type=57 flags=0x07 encoded_bytes=72 allocated_us=578544090 enqueue_us=578544119 write_start_us=578544351 write_end_us=578544832
TX_HISTORY sequence=67773 type=4 flags=0x07 encoded_bytes=84 allocated_us=578554342 enqueue_us=578554399 write_start_us=578555342 write_end_us=578555383
TX_HISTORY sequence=67774 type=5 flags=0x07 encoded_bytes=224 allocated_us=578559331 enqueue_us=578559417 write_start_us=578560329 write_end_us=578561399
TX_HISTORY sequence=67775 type=7 flags=0x07 encoded_bytes=88 allocated_us=578569986 enqueue_us=578570043 write_start_us=578570330 write_end_us=578570364
TX_HISTORY sequence=67776 type=4 flags=0x07 encoded_bytes=84 allocated_us=578574461 enqueue_us=578574519 write_start_us=578575338 write_end_us=578575379
TX_HISTORY sequence=67777 type=58 flags=0x07 encoded_bytes=72 allocated_us=578587388 enqueue_us=578587441 write_start_us=578588332 write_end_us=578588365
TX_HISTORY sequence=67778 type=5 flags=0x07 encoded_bytes=224 allocated_us=578590589 enqueue_us=578590669 write_start_us=578591327 write_end_us=578592409
TX_HISTORY sequence=67779 type=11 flags=0x07 encoded_bytes=56 allocated_us=578593349 enqueue_us=578593390 write_start_us=578594327 write_end_us=578594351
TX_HISTORY sequence=67780 type=4 flags=0x07 encoded_bytes=84 allocated_us=578596408 enqueue_us=578596465 write_start_us=578597341 write_end_us=578597383
TX_HISTORY sequence=67781 type=22 flags=0x07 encoded_bytes=148 allocated_us=578596496 enqueue_us=578596547 write_start_us=578597408 write_end_us=578598498
TX_HISTORY sequence=67782 type=56 flags=0x07 encoded_bytes=184 allocated_us=578596582 enqueue_us=578596645 write_start_us=578598507 write_end_us=578600496
TX_HISTORY sequence=67783 type=7 flags=0x07 encoded_bytes=88 allocated_us=578601578 enqueue_us=578601640 write_start_us=578602328 write_end_us=578602361
TX_HISTORY sequence=67784 type=4 flags=0x07 encoded_bytes=84 allocated_us=578614214 enqueue_us=578614266 write_start_us=578614336 write_end_us=578614371
TX_HISTORY sequence=67785 type=5 flags=0x07 encoded_bytes=224 allocated_us=578622589 enqueue_us=578622678 write_start_us=578623328 write_end_us=578624384
TX_HISTORY sequence=67786 type=7 flags=0x07 encoded_bytes=88 allocated_us=578633046 enqueue_us=578633103 write_start_us=578633353 write_end_us=578633388
TX_HISTORY sequence=67787 type=32 flags=0x07 encoded_bytes=40 allocated_us=578633324 enqueue_us=578633341 write_start_us=578633410 write_end_us=578633426
TX_HISTORY sequence=67788 type=4 flags=0x07 encoded_bytes=84 allocated_us=578634339 enqueue_us=578634393 write_start_us=578635337 write_end_us=578635377
TX_HISTORY sequence=67789 type=16 flags=0x07 encoded_bytes=96 allocated_us=578644638 enqueue_us=578644702 write_start_us=578645392 write_end_us=578645457
TX_HISTORY sequence=67790 type=57 flags=0x07 encoded_bytes=72 allocated_us=578645497 enqueue_us=578645525 write_start_us=578646330 write_end_us=578646355
TX_HISTORY sequence=67791 type=56 flags=0x07 encoded_bytes=184 allocated_us=578647379 enqueue_us=578647451 write_start_us=578648329 write_end_us=578648959
TX_HISTORY sequence=67792 type=4 flags=0x07 encoded_bytes=84 allocated_us=578653901 enqueue_us=578653953 write_start_us=578654338 write_end_us=578654373
TX_HISTORY sequence=67793 type=5 flags=0x07 encoded_bytes=224 allocated_us=578659670 enqueue_us=578659758 write_start_us=578660329 write_end_us=578661392
TX_HISTORY sequence=67794 type=7 flags=0x07 encoded_bytes=88 allocated_us=578669989 enqueue_us=578670040 write_start_us=578670330 write_end_us=578670363
TX_HISTORY sequence=67795 type=4 flags=0x07 encoded_bytes=84 allocated_us=578675232 enqueue_us=578675289 write_start_us=578675339 write_end_us=578675378
TX_HISTORY sequence=67796 type=5 flags=0x07 encoded_bytes=224 allocated_us=578688636 enqueue_us=578688722 write_start_us=578689332 write_end_us=578690387
TX_HISTORY sequence=67797 type=4 flags=0x07 encoded_bytes=84 allocated_us=578694250 enqueue_us=578694307 write_start_us=578694339 write_end_us=578694375
TX_HISTORY sequence=67798 type=22 flags=0x07 encoded_bytes=148 allocated_us=578696380 enqueue_us=578696464 write_start_us=578697339 write_end_us=578697594
TX_HISTORY sequence=67799 type=7 flags=0x07 encoded_bytes=88 allocated_us=578699070 enqueue_us=578699112 write_start_us=578699326 write_end_us=578699345
TX_HISTORY sequence=67800 type=56 flags=0x07 encoded_bytes=184 allocated_us=578699403 enqueue_us=578699467 write_start_us=578700334 write_end_us=578700969
TX_HISTORY sequence=67801 type=4 flags=0x07 encoded_bytes=84 allocated_us=578714252 enqueue_us=578714393 write_start_us=578714332 write_end_us=578714367
TX_HISTORY sequence=67802 type=5 flags=0x07 encoded_bytes=224 allocated_us=578721626 enqueue_us=578721707 write_start_us=578722333 write_end_us=578723391
TX_HISTORY sequence=67803 type=7 flags=0x07 encoded_bytes=88 allocated_us=578732042 enqueue_us=578732104 write_start_us=578732334 write_end_us=578732369
TX_HISTORY sequence=67804 type=32 flags=0x07 encoded_bytes=40 allocated_us=578733328 enqueue_us=578733352 write_start_us=578733358 write_end_us=578733375
TX_HISTORY sequence=67805 type=4 flags=0x07 encoded_bytes=84 allocated_us=578734289 enqueue_us=578734363 write_start_us=578735334 write_end_us=578735372
TX_HISTORY sequence=67806 type=56 flags=0x07 encoded_bytes=184 allocated_us=578749374 enqueue_us=578749463 write_start_us=578750331 write_end_us=578750969
TX_HISTORY sequence=67807 type=4 flags=0x07 encoded_bytes=84 allocated_us=578754194 enqueue_us=578754237 write_start_us=578754330 write_end_us=578754360
TX_HISTORY sequence=67808 type=5 flags=0x07 encoded_bytes=224 allocated_us=578754628 enqueue_us=578754711 write_start_us=578755335 write_end_us=578756401
TX_HISTORY sequence=67809 type=16 flags=0x07 encoded_bytes=96 allocated_us=578759227 enqueue_us=578759284 write_start_us=578759345 write_end_us=578759382
TX_HISTORY sequence=67810 type=57 flags=0x07 encoded_bytes=72 allocated_us=578759429 enqueue_us=578759457 write_start_us=578760327 write_end_us=578760347
TX_HISTORY sequence=67811 type=7 flags=0x07 encoded_bytes=88 allocated_us=578764982 enqueue_us=578765038 write_start_us=578765331 write_end_us=578765363
TX_HISTORY sequence=67812 type=4 flags=0x07 encoded_bytes=84 allocated_us=578774296 enqueue_us=578774379 write_start_us=578775339 write_end_us=578775380
TX_HISTORY sequence=67813 type=5 flags=0x07 encoded_bytes=224 allocated_us=578787649 enqueue_us=578787735 write_start_us=578788329 write_end_us=578789378
TX_HISTORY sequence=67814 type=58 flags=0x07 encoded_bytes=72 allocated_us=578789450 enqueue_us=578789486 write_start_us=578790330 write_end_us=578790355
TX_HISTORY sequence=67815 type=4 flags=0x07 encoded_bytes=84 allocated_us=578794475 enqueue_us=578794533 write_start_us=578795335 write_end_us=578795376
TX_HISTORY sequence=67816 type=22 flags=0x07 encoded_bytes=148 allocated_us=578796451 enqueue_us=578796532 write_start_us=578797334 write_end_us=578797580
TX_HISTORY sequence=67817 type=7 flags=0x07 encoded_bytes=88 allocated_us=578798106 enqueue_us=578798140 write_start_us=578798325 write_end_us=578798540
TX_HISTORY sequence=67818 type=56 flags=0x07 encoded_bytes=184 allocated_us=578799380 enqueue_us=578799454 write_start_us=578800334 write_end_us=578800983
TX_HISTORY sequence=67819 type=4 flags=0x07 encoded_bytes=84 allocated_us=578814227 enqueue_us=578814288 write_start_us=578814337 write_end_us=578814378
TX_HISTORY sequence=67820 type=5 flags=0x07 encoded_bytes=224 allocated_us=578820648 enqueue_us=578820730 write_start_us=578821328 write_end_us=578822386
TX_HISTORY sequence=67821 type=7 flags=0x07 encoded_bytes=88 allocated_us=578830987 enqueue_us=578831042 write_start_us=578831328 write_end_us=578831363
TX_HISTORY sequence=67822 type=32 flags=0x07 encoded_bytes=40 allocated_us=578833339 enqueue_us=578833380 write_start_us=578833407 write_end_us=578833440
TX_HISTORY sequence=67823 type=4 flags=0x07 encoded_bytes=84 allocated_us=578834398 enqueue_us=578834468 write_start_us=578835345 write_end_us=578835389
TX_HISTORY sequence=67824 type=57 flags=0x07 encoded_bytes=72 allocated_us=578845644 enqueue_us=578845710 write_start_us=578846391 write_end_us=578846462
TX_HISTORY sequence=67825 type=16 flags=0x07 encoded_bytes=96 allocated_us=578845693 enqueue_us=578845732 write_start_us=578846569 write_end_us=578846924
TX_HISTORY sequence=67826 type=56 flags=0x07 encoded_bytes=184 allocated_us=578849376 enqueue_us=578849451 write_start_us=578850329 write_end_us=578850968
TX_HISTORY sequence=67827 type=4 flags=0x07 encoded_bytes=84 allocated_us=578854243 enqueue_us=578854287 write_start_us=578854338 write_end_us=578854368
TX_HISTORY sequence=67828 type=5 flags=0x07 encoded_bytes=224 allocated_us=578861058 enqueue_us=578861150 write_start_us=578861328 write_end_us=578862392
TX_HISTORY sequence=67829 type=7 flags=0x07 encoded_bytes=88 allocated_us=578871006 enqueue_us=578871056 write_start_us=578871328 write_end_us=578871363
TX_HISTORY sequence=67830 type=4 flags=0x07 encoded_bytes=84 allocated_us=578874355 enqueue_us=578874412 write_start_us=578875340 write_end_us=578875380
TX_HISTORY sequence=67831 type=5 flags=0x07 encoded_bytes=224 allocated_us=578886613 enqueue_us=578886695 write_start_us=578887329 write_end_us=578888384
TX_HISTORY sequence=67832 type=4 flags=0x07 encoded_bytes=84 allocated_us=578894199 enqueue_us=578894257 write_start_us=578894340 write_end_us=578894381
TX_HISTORY sequence=67833 type=7 flags=0x07 encoded_bytes=88 allocated_us=578897114 enqueue_us=578897174 write_start_us=578897333 write_end_us=578897368
TX_HISTORY sequence=67834 type=22 flags=0x07 encoded_bytes=148 allocated_us=578898365 enqueue_us=578898423 write_start_us=578899328 write_end_us=578899577
TX_HISTORY sequence=67835 type=56 flags=0x07 encoded_bytes=184 allocated_us=578900375 enqueue_us=578900457 write_start_us=578901333 write_end_us=578901984
TX_HISTORY sequence=67836 type=4 flags=0x07 encoded_bytes=84 allocated_us=578914180 enqueue_us=578914256 write_start_us=578914341 write_end_us=578914380
TX_HISTORY sequence=67837 type=5 flags=0x07 encoded_bytes=224 allocated_us=578919598 enqueue_us=578919677 write_start_us=578920329 write_end_us=578921407
TX_HISTORY sequence=67838 type=7 flags=0x07 encoded_bytes=88 allocated_us=578929988 enqueue_us=578930044 write_start_us=578930332 write_end_us=578930372
TX_HISTORY sequence=67839 type=32 flags=0x07 encoded_bytes=40 allocated_us=578933334 enqueue_us=578933365 write_start_us=578933378 write_end_us=578933405
TX_HISTORY sequence=67840 type=4 flags=0x07 encoded_bytes=84 allocated_us=578935169 enqueue_us=578935219 write_start_us=578935338 write_end_us=578935373
TX_HISTORY sequence=67841 type=56 flags=0x07 encoded_bytes=184 allocated_us=578951370 enqueue_us=578951458 write_start_us=578952334 write_end_us=578952980
TX_HISTORY sequence=67842 type=5 flags=0x07 encoded_bytes=224 allocated_us=578952576 enqueue_us=578952658 write_start_us=578952993 write_end_us=578955417
TX_HISTORY sequence=67843 type=4 flags=0x07 encoded_bytes=84 allocated_us=578955614 enqueue_us=578955658 write_start_us=578956393 write_end_us=578956455
TX_HISTORY sequence=67844 type=16 flags=0x07 encoded_bytes=96 allocated_us=578958272 enqueue_us=578958333 write_start_us=578958354 write_end_us=578958388
TX_HISTORY sequence=67845 type=57 flags=0x07 encoded_bytes=72 allocated_us=578960356 enqueue_us=578960398 write_start_us=578961334 write_end_us=578961371
TX_HISTORY sequence=67846 type=7 flags=0x07 encoded_bytes=88 allocated_us=578963008 enqueue_us=578963058 write_start_us=578963328 write_end_us=578963348
TX_HISTORY sequence=67847 type=4 flags=0x07 encoded_bytes=84 allocated_us=578974218 enqueue_us=578974277 write_start_us=578974342 write_end_us=578974380
TX_HISTORY sequence=67848 type=5 flags=0x07 encoded_bytes=224 allocated_us=578985617 enqueue_us=578985697 write_start_us=578986330 write_end_us=578987392
TX_HISTORY sequence=67849 type=58 flags=0x07 encoded_bytes=72 allocated_us=578989384 enqueue_us=578989422 write_start_us=578990329 write_end_us=578990358
TX_HISTORY sequence=67850 type=4 flags=0x07 encoded_bytes=84 allocated_us=578994208 enqueue_us=578994269 write_start_us=578994340 write_end_us=578994381
TX_HISTORY sequence=67851 type=7 flags=0x07 encoded_bytes=88 allocated_us=578996113 enqueue_us=578996149 write_start_us=578996330 write_end_us=578996357
TX_HISTORY sequence=67852 type=22 flags=0x07 encoded_bytes=148 allocated_us=578998369 enqueue_us=578998437 write_start_us=578999332 write_end_us=578999569
TX_HISTORY sequence=67853 type=56 flags=0x07 encoded_bytes=184 allocated_us=579002377 enqueue_us=579002451 write_start_us=579003330 write_end_us=579003976
TX_HISTORY sequence=67854 type=4 flags=0x07 encoded_bytes=84 allocated_us=579014147 enqueue_us=579014205 write_start_us=579014341 write_end_us=579014376
TX_HISTORY sequence=67855 type=5 flags=0x07 encoded_bytes=224 allocated_us=579017625 enqueue_us=579017709 write_start_us=579018329 write_end_us=579019388
TX_HISTORY sequence=67856 type=7 flags=0x07 encoded_bytes=88 allocated_us=579027984 enqueue_us=579028042 write_start_us=579028332 write_end_us=579028364
TX_HISTORY sequence=67857 type=32 flags=0x07 encoded_bytes=40 allocated_us=579033333 enqueue_us=579033363 write_start_us=579033375 write_end_us=579033402
TX_HISTORY sequence=67858 type=4 flags=0x07 encoded_bytes=84 allocated_us=579033736 enqueue_us=579033782 write_start_us=579034336 write_end_us=579034374
TX_HISTORY sequence=67859 type=5 flags=0x07 encoded_bytes=224 allocated_us=579050556 enqueue_us=579050657 write_start_us=579051333 write_end_us=579052403
TX_HISTORY sequence=67860 type=16 flags=0x07 encoded_bytes=96 allocated_us=579055277 enqueue_us=579055334 write_start_us=579055347 write_end_us=579055429
TX_HISTORY sequence=67861 type=4 flags=0x07 encoded_bytes=84 allocated_us=579056453 enqueue_us=579056515 write_start_us=579057338 write_end_us=579057374
TX_HISTORY sequence=67862 type=56 flags=0x07 encoded_bytes=184 allocated_us=579056602 enqueue_us=579056684 write_start_us=579057397 write_end_us=579058929
TX_HISTORY sequence=67863 type=57 flags=0x07 encoded_bytes=72 allocated_us=579056696 enqueue_us=579056724 write_start_us=579058956 write_end_us=579059675
TX_HISTORY sequence=67864 type=7 flags=0x07 encoded_bytes=88 allocated_us=579061225 enqueue_us=579061282 write_start_us=579061331 write_end_us=579061363
TX_HISTORY sequence=67865 type=4 flags=0x07 encoded_bytes=84 allocated_us=579074097 enqueue_us=579074150 write_start_us=579074339 write_end_us=579074375
TX_HISTORY sequence=67866 type=5 flags=0x07 encoded_bytes=224 allocated_us=579083619 enqueue_us=579083706 write_start_us=579084329 write_end_us=579085392
TX_HISTORY sequence=67867 type=7 flags=0x07 encoded_bytes=88 allocated_us=579094085 enqueue_us=579094181 write_start_us=579094339 write_end_us=579094380
TX_HISTORY sequence=67868 type=4 flags=0x07 encoded_bytes=84 allocated_us=579094181 enqueue_us=579094218 write_start_us=579094403 write_end_us=579094873
TX_HISTORY sequence=67869 type=22 flags=0x07 encoded_bytes=148 allocated_us=579098368 enqueue_us=579098437 write_start_us=579099334 write_end_us=579099578
TX_HISTORY sequence=67870 type=56 flags=0x07 encoded_bytes=184 allocated_us=579106376 enqueue_us=579106465 write_start_us=579107333 write_end_us=579107960
TX_HISTORY sequence=67871 type=4 flags=0x07 encoded_bytes=84 allocated_us=579114108 enqueue_us=579114147 write_start_us=579114332 write_end_us=579114364
TX_HISTORY sequence=67872 type=5 flags=0x07 encoded_bytes=224 allocated_us=579116636 enqueue_us=579116728 write_start_us=579117331 write_end_us=579118382
TX_HISTORY sequence=67873 type=7 flags=0x07 encoded_bytes=88 allocated_us=579126990 enqueue_us=579127045 write_start_us=579127333 write_end_us=579127367
TX_HISTORY sequence=67874 type=32 flags=0x07 encoded_bytes=40 allocated_us=579133330 enqueue_us=579133361 write_start_us=579133373 write_end_us=579133403
TX_HISTORY sequence=67875 type=4 flags=0x07 encoded_bytes=84 allocated_us=579134171 enqueue_us=579134220 write_start_us=579134339 write_end_us=579134372
TX_HISTORY sequence=67876 type=5 flags=0x07 encoded_bytes=224 allocated_us=579149565 enqueue_us=579149663 write_start_us=579150335 write_end_us=579151425
TX_HISTORY sequence=67877 type=16 flags=0x07 encoded_bytes=96 allocated_us=579154280 enqueue_us=579154361 write_start_us=579155344 write_end_us=579155393
TX_HISTORY sequence=67878 type=4 flags=0x07 encoded_bytes=84 allocated_us=579154625 enqueue_us=579154663 write_start_us=579155432 write_end_us=579155941
TX_HISTORY sequence=67879 type=57 flags=0x07 encoded_bytes=72 allocated_us=579154688 enqueue_us=579154716 write_start_us=579155950 write_end_us=579156728
TX_HISTORY sequence=67880 type=56 flags=0x07 encoded_bytes=184 allocated_us=579157768 enqueue_us=579157876 write_start_us=579158336 write_end_us=579158961
TX_HISTORY sequence=67881 type=7 flags=0x07 encoded_bytes=88 allocated_us=579160061 enqueue_us=579160099 write_start_us=579160326 write_end_us=579160346
TX_HISTORY sequence=67882 type=4 flags=0x07 encoded_bytes=84 allocated_us=579174333 enqueue_us=579174388 write_start_us=579175338 write_end_us=579175382
TX_HISTORY sequence=67883 type=5 flags=0x07 encoded_bytes=224 allocated_us=579182620 enqueue_us=579182705 write_start_us=579183328 write_end_us=579184405
TX_HISTORY sequence=67884 type=58 flags=0x07 encoded_bytes=72 allocated_us=579190384 enqueue_us=579190434 write_start_us=579191334 write_end_us=579191370
TX_HISTORY sequence=67885 type=7 flags=0x07 encoded_bytes=88 allocated_us=579193083 enqueue_us=579193134 write_start_us=579193330 write_end_us=579193352
TX_HISTORY sequence=67886 type=4 flags=0x07 encoded_bytes=84 allocated_us=579194265 enqueue_us=579194344 write_start_us=579195335 write_end_us=579195376
TX_HISTORY sequence=67887 type=22 flags=0x07 encoded_bytes=148 allocated_us=579199370 enqueue_us=579199444 write_start_us=579200334 write_end_us=579200574
TX_HISTORY sequence=67888 type=56 flags=0x07 encoded_bytes=184 allocated_us=579207374 enqueue_us=579207450 write_start_us=579208332 write_end_us=579208964
TX_HISTORY sequence=67889 type=4 flags=0x07 encoded_bytes=84 allocated_us=579214096 enqueue_us=579214144 write_start_us=579214343 write_end_us=579214376
TX_HISTORY sequence=67890 type=5 flags=0x07 encoded_bytes=224 allocated_us=579215630 enqueue_us=579215718 write_start_us=579216330 write_end_us=579217392
TX_HISTORY sequence=67891 type=7 flags=0x07 encoded_bytes=88 allocated_us=579225985 enqueue_us=579226041 write_start_us=579226331 write_end_us=579226364
TX_HISTORY sequence=67892 type=32 flags=0x07 encoded_bytes=40 allocated_us=579233331 enqueue_us=579233361 write_start_us=579233375 write_end_us=579233402
TX_HISTORY sequence=67893 type=4 flags=0x07 encoded_bytes=84 allocated_us=579234139 enqueue_us=579234200 write_start_us=579234336 write_end_us=579234372
TX_HISTORY sequence=67894 type=5 flags=0x07 encoded_bytes=224 allocated_us=579248661 enqueue_us=579248764 write_start_us=579249334 write_end_us=579250419
TX_HISTORY sequence=67895 type=16 flags=0x07 encoded_bytes=96 allocated_us=579253244 enqueue_us=579253296 write_start_us=579253369 write_end_us=579253406
TX_HISTORY sequence=67896 type=4 flags=0x07 encoded_bytes=84 allocated_us=579254286 enqueue_us=579254359 write_start_us=579255341 write_end_us=579255380
TX_HISTORY sequence=67897 type=57 flags=0x07 encoded_bytes=72 allocated_us=579254396 enqueue_us=579254435 write_start_us=579255400 write_end_us=579255676
TX_HISTORY sequence=67898 type=7 flags=0x07 encoded_bytes=88 allocated_us=579259005 enqueue_us=579259068 write_start_us=579259331 write_end_us=579259367
TX_HISTORY sequence=67899 type=56 flags=0x07 encoded_bytes=184 allocated_us=579259428 enqueue_us=579259492 write_start_us=579260329 write_end_us=579260963
TX_HISTORY sequence=67900 type=4 flags=0x07 encoded_bytes=84 allocated_us=579274064 enqueue_us=579274119 write_start_us=579274335 write_end_us=579274369
TX_HISTORY sequence=67901 type=5 flags=0x07 encoded_bytes=224 allocated_us=579281611 enqueue_us=579281696 write_start_us=579282328 write_end_us=579283386
TX_HISTORY sequence=67902 type=7 flags=0x07 encoded_bytes=88 allocated_us=579292046 enqueue_us=579292106 write_start_us=579292332 write_end_us=579292370
TX_HISTORY sequence=67903 type=4 flags=0x07 encoded_bytes=84 allocated_us=579294149 enqueue_us=579294203 write_start_us=579294336 write_end_us=579294373
TX_HISTORY sequence=67904 type=22 flags=0x07 encoded_bytes=148 allocated_us=579300370 enqueue_us=579300443 write_start_us=579301333 write_end_us=579301570
TX_HISTORY sequence=67905 type=56 flags=0x07 encoded_bytes=184 allocated_us=579310367 enqueue_us=579310433 write_start_us=579311329 write_end_us=579311964
TX_HISTORY sequence=67906 type=5 flags=0x07 encoded_bytes=224 allocated_us=579314581 enqueue_us=579314663 write_start_us=579315329 write_end_us=579316395
TX_HISTORY sequence=67907 type=4 flags=0x07 encoded_bytes=84 allocated_us=579316569 enqueue_us=579316625 write_start_us=579317335 write_end_us=579317377
TX_HISTORY sequence=67908 type=7 flags=0x07 encoded_bytes=88 allocated_us=579324993 enqueue_us=579325049 write_start_us=579325332 write_end_us=579325362
TX_HISTORY sequence=67909 type=32 flags=0x07 encoded_bytes=40 allocated_us=579333330 enqueue_us=579333357 write_start_us=579333369 write_end_us=579333396
TX_HISTORY sequence=67910 type=4 flags=0x07 encoded_bytes=84 allocated_us=579334187 enqueue_us=579334245 write_start_us=579334337 write_end_us=579334371
TX_HISTORY sequence=67911 type=5 flags=0x07 encoded_bytes=224 allocated_us=579347645 enqueue_us=579347731 write_start_us=579348330 write_end_us=579349425
TX_HISTORY sequence=67912 type=16 flags=0x07 encoded_bytes=96 allocated_us=579352241 enqueue_us=579352324 write_start_us=579352349 write_end_us=579352404
TX_HISTORY sequence=67913 type=4 flags=0x07 encoded_bytes=84 allocated_us=579355272 enqueue_us=579355352 write_start_us=579356338 write_end_us=579356381
TX_HISTORY sequence=67914 type=57 flags=0x07 encoded_bytes=72 allocated_us=579355377 enqueue_us=579355405 write_start_us=579356408 write_end_us=579356693
TX_HISTORY sequence=67915 type=7 flags=0x07 encoded_bytes=88 allocated_us=579358155 enqueue_us=579358211 write_start_us=579358328 write_end_us=579358357
TX_HISTORY sequence=67916 type=56 flags=0x07 encoded_bytes=184 allocated_us=579360373 enqueue_us=579360444 write_start_us=579361335 write_end_us=579361967
TX_HISTORY sequence=67917 type=4 flags=0x07 encoded_bytes=84 allocated_us=579374001 enqueue_us=579374057 write_start_us=579374335 write_end_us=579374365
TX_HISTORY sequence=67918 type=5 flags=0x07 encoded_bytes=224 allocated_us=579380635 enqueue_us=579380717 write_start_us=579381331 write_end_us=579382389
TX_HISTORY sequence=67919 type=58 flags=0x07 encoded_bytes=72 allocated_us=579390395 enqueue_us=579390446 write_start_us=579391335 write_end_us=579391371
TX_HISTORY sequence=67920 type=7 flags=0x07 encoded_bytes=88 allocated_us=579390981 enqueue_us=579391017 write_start_us=579391395 write_end_us=579391716
TX_HISTORY sequence=67921 type=4 flags=0x07 encoded_bytes=84 allocated_us=579395261 enqueue_us=579395344 write_start_us=579396339 write_end_us=579396377
TX_HISTORY sequence=67922 type=22 flags=0x07 encoded_bytes=148 allocated_us=579400374 enqueue_us=579400447 write_start_us=579401332 write_end_us=579401573
TX_HISTORY sequence=67923 type=56 flags=0x07 encoded_bytes=184 allocated_us=579410368 enqueue_us=579410437 write_start_us=579411330 write_end_us=579411964
TX_HISTORY sequence=67924 type=5 flags=0x07 encoded_bytes=224 allocated_us=579412579 enqueue_us=579412659 write_start_us=579413326 write_end_us=579414384
TX_HISTORY sequence=67925 type=4 flags=0x07 encoded_bytes=84 allocated_us=579414915 enqueue_us=579414994 write_start_us=579415335 write_end_us=579415371
TX_HISTORY sequence=67926 type=7 flags=0x07 encoded_bytes=88 allocated_us=579423002 enqueue_us=579423059 write_start_us=579423335 write_end_us=579423373
TX_HISTORY sequence=67927 type=32 flags=0x07 encoded_bytes=40 allocated_us=579433330 enqueue_us=579433359 write_start_us=579433373 write_end_us=579433390
TX_HISTORY sequence=67928 type=4 flags=0x07 encoded_bytes=84 allocated_us=579434023 enqueue_us=579434081 write_start_us=579434330 write_end_us=579434362
TX_HISTORY sequence=67929 type=5 flags=0x07 encoded_bytes=224 allocated_us=579446637 enqueue_us=579446721 write_start_us=579447333 write_end_us=579448405
TX_HISTORY sequence=67930 type=7 flags=0x07 encoded_bytes=88 allocated_us=579448671 enqueue_us=579448709 write_start_us=579449326 write_end_us=579449378
TX_HISTORY sequence=67931 type=16 flags=0x07 encoded_bytes=96 allocated_us=579452697 enqueue_us=579452756 write_start_us=579453338 write_end_us=579453375
TX_HISTORY sequence=67932 type=4 flags=0x07 encoded_bytes=84 allocated_us=579454206 enqueue_us=579454278 write_start_us=579454344 write_end_us=579454365
TX_HISTORY sequence=67933 type=57 flags=0x07 encoded_bytes=72 allocated_us=579454307 enqueue_us=579454420 write_start_us=579455327 write_end_us=579455346
TX_HISTORY sequence=67934 type=56 flags=0x07 encoded_bytes=184 allocated_us=579461374 enqueue_us=579461456 write_start_us=579462333 write_end_us=579462963
TX_HISTORY sequence=67935 type=7 flags=0x07 encoded_bytes=88 allocated_us=579464069 enqueue_us=579464111 write_start_us=579464326 write_end_us=579464349
TX_HISTORY sequence=67936 type=4 flags=0x07 encoded_bytes=84 allocated_us=579474005 enqueue_us=579474066 write_start_us=579474339 write_end_us=579474376
TX_HISTORY sequence=67937 type=5 flags=0x07 encoded_bytes=224 allocated_us=579478715 enqueue_us=579478796 write_start_us=579479328 write_end_us=579480389
TX_HISTORY sequence=67938 type=7 flags=0x07 encoded_bytes=88 allocated_us=579488981 enqueue_us=579489035 write_start_us=579489331 write_end_us=579489363
TX_HISTORY sequence=67939 type=4 flags=0x07 encoded_bytes=84 allocated_us=579494143 enqueue_us=579494201 write_start_us=579494338 write_end_us=579494384
TX_HISTORY sequence=67940 type=22 flags=0x07 encoded_bytes=148 allocated_us=579500367 enqueue_us=579500437 write_start_us=579501335 write_end_us=579501587
TX_HISTORY sequence=67941 type=5 flags=0x07 encoded_bytes=224 allocated_us=579511548 enqueue_us=579511636 write_start_us=579512327 write_end_us=579513392
TX_HISTORY sequence=67942 type=4 flags=0x07 encoded_bytes=84 allocated_us=579514039 enqueue_us=579514099 write_start_us=579514340 write_end_us=579514376
TX_HISTORY sequence=67943 type=56 flags=0x07 encoded_bytes=184 allocated_us=579514142 enqueue_us=579514205 write_start_us=579514401 write_end_us=579516331
TX_HISTORY sequence=67944 type=7 flags=0x07 encoded_bytes=88 allocated_us=579521989 enqueue_us=579522045 write_start_us=579522335 write_end_us=579522364
TX_HISTORY sequence=67945 type=32 flags=0x07 encoded_bytes=40 allocated_us=579533330 enqueue_us=579533358 write_start_us=579533370 write_end_us=579533398
TX_HISTORY sequence=67946 type=4 flags=0x07 encoded_bytes=84 allocated_us=579533967 enqueue_us=579534014 write_start_us=579534335 write_end_us=579534365
TX_HISTORY sequence=67947 type=5 flags=0x07 encoded_bytes=224 allocated_us=579544639 enqueue_us=579544724 write_start_us=579545328 write_end_us=579546390
TX_HISTORY sequence=67948 type=16 flags=0x07 encoded_bytes=96 allocated_us=579549136 enqueue_us=579549189 write_start_us=579549395 write_end_us=579549493
TX_HISTORY sequence=67949 type=57 flags=0x07 encoded_bytes=72 allocated_us=579550364 enqueue_us=579550403 write_start_us=579551330 write_end_us=579551357
TX_HISTORY sequence=67950 type=4 flags=0x07 encoded_bytes=84 allocated_us=579554343 enqueue_us=579554403 write_start_us=579555338 write_end_us=579555379
TX_HISTORY sequence=67951 type=7 flags=0x07 encoded_bytes=88 allocated_us=579555043 enqueue_us=579555076 write_start_us=579555407 write_end_us=579555879
TX_HISTORY sequence=67952 type=56 flags=0x07 encoded_bytes=184 allocated_us=579565374 enqueue_us=579565460 write_start_us=579566332 write_end_us=579566972
TX_HISTORY sequence=67953 type=4 flags=0x07 encoded_bytes=84 allocated_us=579573940 enqueue_us=579573983 write_start_us=579574337 write_end_us=579574369
TX_HISTORY sequence=67954 type=5 flags=0x07 encoded_bytes=224 allocated_us=579577634 enqueue_us=579577725 write_start_us=579578330 write_end_us=579579398
TX_HISTORY sequence=67955 type=11 flags=0x07 encoded_bytes=56 allocated_us=579586770 enqueue_us=579586818 write_start_us=579587328 write_end_us=579587361
TX_HISTORY sequence=67956 type=7 flags=0x07 encoded_bytes=88 allocated_us=579588979 enqueue_us=579589019 write_start_us=579589329 write_end_us=579589349
TX_HISTORY sequence=67957 type=4 flags=0x07 encoded_bytes=84 allocated_us=579594025 enqueue_us=579594084 write_start_us=579594339 write_end_us=579594377
TX_HISTORY sequence=67958 type=58 flags=0x07 encoded_bytes=72 allocated_us=579594164 enqueue_us=579594193 write_start_us=579594403 write_end_us=579594679
TX_HISTORY sequence=67959 type=22 flags=0x07 encoded_bytes=148 allocated_us=579600376 enqueue_us=579600450 write_start_us=579601334 write_end_us=579601592
TX_HISTORY sequence=67960 type=5 flags=0x07 encoded_bytes=224 allocated_us=579610552 enqueue_us=579610633 write_start_us=579611330 write_end_us=579612420
TX_HISTORY sequence=67961 type=4 flags=0x07 encoded_bytes=84 allocated_us=579615162 enqueue_us=579615216 write_start_us=579615339 write_end_us=579615374
TX_HISTORY sequence=67962 type=56 flags=0x07 encoded_bytes=184 allocated_us=579615258 enqueue_us=579615415 write_start_us=579616327 write_end_us=579616965
TX_HISTORY sequence=67963 type=7 flags=0x07 encoded_bytes=88 allocated_us=579621000 enqueue_us=579621058 write_start_us=579621333 write_end_us=579621370
TX_HISTORY sequence=67964 type=32 flags=0x07 encoded_bytes=40 allocated_us=579633330 enqueue_us=579633359 write_start_us=579633373 write_end_us=579633401
TX_HISTORY sequence=67965 type=4 flags=0x07 encoded_bytes=84 allocated_us=579634064 enqueue_us=579634111 write_start_us=579634336 write_end_us=579634368
TX_HISTORY sequence=67966 type=5 flags=0x07 encoded_bytes=224 allocated_us=579643635 enqueue_us=579643721 write_start_us=579644330 write_end_us=579645384
TX_HISTORY sequence=67967 type=57 flags=0x07 encoded_bytes=72 allocated_us=579649594 enqueue_us=579649659 write_start_us=579650361 write_end_us=579650425
TX_HISTORY sequence=67968 type=16 flags=0x07 encoded_bytes=96 allocated_us=579649648 enqueue_us=579649689 write_start_us=579650451 write_end_us=579650888
TX_HISTORY sequence=67969 type=7 flags=0x07 encoded_bytes=88 allocated_us=579653495 enqueue_us=579653549 write_start_us=579654344 write_end_us=579654389
TX_HISTORY sequence=67970 type=4 flags=0x07 encoded_bytes=84 allocated_us=579654089 enqueue_us=579654126 write_start_us=579654414 write_end_us=579654892
TX_HISTORY sequence=67971 type=56 flags=0x07 encoded_bytes=184 allocated_us=579666380 enqueue_us=579666468 write_start_us=579667336 write_end_us=579667967
TX_HISTORY sequence=67972 type=4 flags=0x07 encoded_bytes=84 allocated_us=579673882 enqueue_us=579673920 write_start_us=579674334 write_end_us=579674363
TX_HISTORY sequence=67973 type=5 flags=0x07 encoded_bytes=224 allocated_us=579676636 enqueue_us=579676727 write_start_us=579677331 write_end_us=579678387
TX_HISTORY sequence=67974 type=7 flags=0x07 encoded_bytes=88 allocated_us=579686983 enqueue_us=579687038 write_start_us=579687331 write_end_us=579687372
TX_HISTORY sequence=67975 type=4 flags=0x07 encoded_bytes=84 allocated_us=579694962 enqueue_us=579695018 write_start_us=579695340 write_end_us=579695378
TX_HISTORY sequence=67976 type=22 flags=0x07 encoded_bytes=148 allocated_us=579701368 enqueue_us=579701438 write_start_us=579702331 write_end_us=579702585
TX_HISTORY sequence=67977 type=5 flags=0x07 encoded_bytes=224 allocated_us=579709619 enqueue_us=579709702 write_start_us=579710330 write_end_us=579711388
TX_HISTORY sequence=67978 type=4 flags=0x07 encoded_bytes=84 allocated_us=579714230 enqueue_us=579714287 write_start_us=579714337 write_end_us=579714377
TX_HISTORY sequence=67979 type=56 flags=0x07 encoded_bytes=184 allocated_us=579716359 enqueue_us=579716443 write_start_us=579717336 write_end_us=579718003
TX_HISTORY sequence=67980 type=7 flags=0x07 encoded_bytes=88 allocated_us=579720213 enqueue_us=579720267 write_start_us=579720327 write_end_us=579720356
TX_HISTORY sequence=67981 type=32 flags=0x07 encoded_bytes=40 allocated_us=579733328 enqueue_us=579733354 write_start_us=579733367 write_end_us=579733390
TX_HISTORY sequence=67982 type=4 flags=0x07 encoded_bytes=84 allocated_us=579733912 enqueue_us=579733964 write_start_us=579734332 write_end_us=579734363
TX_HISTORY sequence=67983 type=5 flags=0x07 encoded_bytes=224 allocated_us=579742615 enqueue_us=579742698 write_start_us=579743330 write_end_us=579744389
TX_HISTORY sequence=67984 type=16 flags=0x07 encoded_bytes=96 allocated_us=579751676 enqueue_us=579751758 write_start_us=579752392 write_end_us=579752462
TX_HISTORY sequence=67985 type=7 flags=0x07 encoded_bytes=88 allocated_us=579755170 enqueue_us=579755256 write_start_us=579755338 write_end_us=579755377
TX_HISTORY sequence=67986 type=4 flags=0x07 encoded_bytes=84 allocated_us=579755257 enqueue_us=579755291 write_start_us=579755393 write_end_us=579755851
TX_HISTORY sequence=67987 type=57 flags=0x07 encoded_bytes=72 allocated_us=579755873 enqueue_us=579755911 write_start_us=579756330 write_end_us=579756635
TX_HISTORY sequence=67988 type=56 flags=0x07 encoded_bytes=184 allocated_us=579766374 enqueue_us=579766461 write_start_us=579767330 write_end_us=579767971
TX_HISTORY sequence=67989 type=4 flags=0x07 encoded_bytes=84 allocated_us=579773857 enqueue_us=579773895 write_start_us=579774334 write_end_us=579774365
TX_HISTORY sequence=67990 type=5 flags=0x07 encoded_bytes=224 allocated_us=579775639 enqueue_us=579775732 write_start_us=579776329 write_end_us=579777395
TX_HISTORY sequence=67991 type=7 flags=0x07 encoded_bytes=88 allocated_us=579785989 enqueue_us=579786045 write_start_us=579786331 write_end_us=579786367
TX_HISTORY sequence=67992 type=4 flags=0x07 encoded_bytes=84 allocated_us=579793954 enqueue_us=579794010 write_start_us=579794346 write_end_us=579794385
TX_HISTORY sequence=67993 type=58 flags=0x07 encoded_bytes=72 allocated_us=579794072 enqueue_us=579794100 write_start_us=579794410 write_end_us=579794686
TX_HISTORY sequence=67994 type=22 flags=0x07 encoded_bytes=148 allocated_us=579802367 enqueue_us=579802426 write_start_us=579803330 write_end_us=579803573
TX_HISTORY sequence=67995 type=5 flags=0x07 encoded_bytes=224 allocated_us=579807659 enqueue_us=579807742 write_start_us=579808328 write_end_us=579809390
TX_HISTORY sequence=67996 type=4 flags=0x07 encoded_bytes=84 allocated_us=579813954 enqueue_us=579814014 write_start_us=579814334 write_end_us=579814375
TX_HISTORY sequence=67997 type=7 flags=0x07 encoded_bytes=88 allocated_us=579818006 enqueue_us=579818062 write_start_us=579818334 write_end_us=579818369
TX_HISTORY sequence=67998 type=56 flags=0x07 encoded_bytes=184 allocated_us=579818432 enqueue_us=579818498 write_start_us=579819328 write_end_us=579819972
TX_HISTORY sequence=67999 type=32 flags=0x07 encoded_bytes=40 allocated_us=579833330 enqueue_us=579833370 write_start_us=579833384 write_end_us=579833407
TX_HISTORY sequence=68000 type=4 flags=0x07 encoded_bytes=84 allocated_us=579833884 enqueue_us=579833920 write_start_us=579834331 write_end_us=579834363
TX_HISTORY sequence=68001 type=5 flags=0x07 encoded_bytes=224 allocated_us=579840634 enqueue_us=579840728 write_start_us=579841340 write_end_us=579842410
TX_HISTORY sequence=68002 type=7 flags=0x07 encoded_bytes=88 allocated_us=579852292 enqueue_us=579852356 write_start_us=579853336 write_end_us=579853379
TX_HISTORY sequence=68003 type=4 flags=0x07 encoded_bytes=84 allocated_us=579853996 enqueue_us=579854031 write_start_us=579854337 write_end_us=579854366
TX_HISTORY sequence=68004 type=16 flags=0x07 encoded_bytes=96 allocated_us=579856763 enqueue_us=579856825 write_start_us=579857341 write_end_us=579857387
TX_HISTORY sequence=68005 type=57 flags=0x07 encoded_bytes=72 allocated_us=579858350 enqueue_us=579858389 write_start_us=579859332 write_end_us=579859359
TX_HISTORY sequence=68006 type=56 flags=0x07 encoded_bytes=184 allocated_us=579868376 enqueue_us=579868453 write_start_us=579869327 write_end_us=579869959
TX_HISTORY sequence=68007 type=5 flags=0x07 encoded_bytes=224 allocated_us=579873606 enqueue_us=579873691 write_start_us=579874337 write_end_us=579875426
TX_HISTORY sequence=68008 type=4 flags=0x07 encoded_bytes=84 allocated_us=579874210 enqueue_us=579874250 write_start_us=579875440 write_end_us=579876341
TX_HISTORY sequence=68009 type=7 flags=0x07 encoded_bytes=88 allocated_us=579883996 enqueue_us=579884056 write_start_us=579884334 write_end_us=579884370
TX_HISTORY sequence=68010 type=4 flags=0x07 encoded_bytes=84 allocated_us=579893867 enqueue_us=579893921 write_start_us=579894339 write_end_us=579894376
TX_HISTORY sequence=68011 type=22 flags=0x07 encoded_bytes=148 allocated_us=579902369 enqueue_us=579902424 write_start_us=579903328 write_end_us=579903577
TX_HISTORY sequence=68012 type=5 flags=0x07 encoded_bytes=224 allocated_us=579906598 enqueue_us=579906684 write_start_us=579907326 write_end_us=579908382
TX_HISTORY sequence=68013 type=4 flags=0x07 encoded_bytes=84 allocated_us=579913936 enqueue_us=579913994 write_start_us=579914340 write_end_us=579914381
TX_HISTORY sequence=68014 type=7 flags=0x07 encoded_bytes=88 allocated_us=579917095 enqueue_us=579917156 write_start_us=579917333 write_end_us=579917368
TX_HISTORY sequence=68015 type=56 flags=0x07 encoded_bytes=184 allocated_us=579918378 enqueue_us=579918454 write_start_us=579919330 write_end_us=579919958
TX_HISTORY sequence=68016 type=32 flags=0x07 encoded_bytes=40 allocated_us=579933330 enqueue_us=579933361 write_start_us=579933373 write_end_us=579933399
TX_HISTORY sequence=68017 type=4 flags=0x07 encoded_bytes=84 allocated_us=579934093 enqueue_us=579934139 write_start_us=579934333 write_end_us=579934367
TX_HISTORY sequence=68018 type=5 flags=0x07 encoded_bytes=224 allocated_us=579939624 enqueue_us=579939710 write_start_us=579940329 write_end_us=579941381
TX_HISTORY sequence=68019 type=7 flags=0x07 encoded_bytes=88 allocated_us=579949986 enqueue_us=579950041 write_start_us=579950329 write_end_us=579950361
TX_HISTORY sequence=68020 type=16 flags=0x07 encoded_bytes=96 allocated_us=579953703 enqueue_us=579953781 write_start_us=579954394 write_end_us=579954467
TX_HISTORY sequence=68021 type=4 flags=0x07 encoded_bytes=84 allocated_us=579954030 enqueue_us=579954072 write_start_us=579954536 write_end_us=579955061
TX_HISTORY sequence=68022 type=57 flags=0x07 encoded_bytes=72 allocated_us=579954099 enqueue_us=579954127 write_start_us=579955077 write_end_us=579955836
TX_HISTORY sequence=68023 type=56 flags=0x07 encoded_bytes=184 allocated_us=579969377 enqueue_us=579969469 write_start_us=579970332 write_end_us=579970970
TX_HISTORY sequence=68024 type=5 flags=0x07 encoded_bytes=224 allocated_us=579972592 enqueue_us=579972672 write_start_us=579973327 write_end_us=579974377
TX_HISTORY sequence=68025 type=4 flags=0x07 encoded_bytes=84 allocated_us=579974608 enqueue_us=579974664 write_start_us=579975343 write_end_us=579975385
TX_HISTORY sequence=68026 type=7 flags=0x07 encoded_bytes=88 allocated_us=579982994 enqueue_us=579983053 write_start_us=579983332 write_end_us=579983364
TX_HISTORY sequence=68027 type=4 flags=0x07 encoded_bytes=84 allocated_us=579993875 enqueue_us=579993930 write_start_us=579994337 write_end_us=579994381
TX_HISTORY sequence=68028 type=58 flags=0x07 encoded_bytes=72 allocated_us=579995080 enqueue_us=579995110 write_start_us=579995335 write_end_us=579995357
TX_HISTORY sequence=68029 type=22 flags=0x07 encoded_bytes=148 allocated_us=580003361 enqueue_us=580003412 write_start_us=580004325 write_end_us=580004567
TX_HISTORY sequence=68030 type=5 flags=0x07 encoded_bytes=224 allocated_us=580005582 enqueue_us=580005668 write_start_us=580006327 write_end_us=580007381
TX_HISTORY sequence=68031 type=4 flags=0x07 encoded_bytes=84 allocated_us=580014011 enqueue_us=580014072 write_start_us=580014340 write_end_us=580014389
TX_HISTORY sequence=68032 type=7 flags=0x07 encoded_bytes=88 allocated_us=580016104 enqueue_us=580016145 write_start_us=580016329 write_end_us=580016354
TX_HISTORY sequence=68033 type=56 flags=0x07 encoded_bytes=184 allocated_us=580020374 enqueue_us=580020453 write_start_us=580021332 write_end_us=580021986
TX_HISTORY sequence=68034 type=32 flags=0x07 encoded_bytes=40 allocated_us=580033332 enqueue_us=580033364 write_start_us=580033378 write_end_us=580033400
TX_HISTORY sequence=68035 type=4 flags=0x07 encoded_bytes=84 allocated_us=580033806 enqueue_us=580033849 write_start_us=580034335 write_end_us=580034369
TX_HISTORY sequence=68036 type=5 flags=0x07 encoded_bytes=224 allocated_us=580038620 enqueue_us=580038703 write_start_us=580039330 write_end_us=580040388
TX_HISTORY sequence=68037 type=7 flags=0x07 encoded_bytes=88 allocated_us=580048985 enqueue_us=580049045 write_start_us=580049331 write_end_us=580049369
TX_HISTORY sequence=68038 type=4 flags=0x07 encoded_bytes=84 allocated_us=580053904 enqueue_us=580053961 write_start_us=580054348 write_end_us=580054389
TX_HISTORY sequence=68039 type=16 flags=0x07 encoded_bytes=96 allocated_us=580054762 enqueue_us=580054817 write_start_us=580055358 write_end_us=580055443
TX_HISTORY sequence=68040 type=57 flags=0x07 encoded_bytes=72 allocated_us=580055538 enqueue_us=580055571 write_start_us=580056333 write_end_us=580056363
TX_HISTORY sequence=68041 type=56 flags=0x07 encoded_bytes=184 allocated_us=580070376 enqueue_us=580070459 write_start_us=580071332 write_end_us=580071957
TX_HISTORY sequence=68042 type=5 flags=0x07 encoded_bytes=224 allocated_us=580071595 enqueue_us=580071680 write_start_us=580071969 write_end_us=580074388
TX_HISTORY sequence=68043 type=4 flags=0x07 encoded_bytes=84 allocated_us=580077140 enqueue_us=580077200 write_start_us=580077339 write_end_us=580077375
TX_HISTORY sequence=68044 type=7 flags=0x07 encoded_bytes=88 allocated_us=580081990 enqueue_us=580082048 write_start_us=580082332 write_end_us=580082367
TX_HISTORY sequence=68045 type=4 flags=0x07 encoded_bytes=84 allocated_us=580093961 enqueue_us=580094017 write_start_us=580094346 write_end_us=580094389
TX_HISTORY sequence=68046 type=22 flags=0x07 encoded_bytes=148 allocated_us=580104368 enqueue_us=580104423 write_start_us=580105327 write_end_us=580105567
TX_HISTORY sequence=68047 type=5 flags=0x07 encoded_bytes=224 allocated_us=580104586 enqueue_us=580104665 write_start_us=580105578 write_end_us=580107995
TX_HISTORY sequence=68048 type=4 flags=0x07 encoded_bytes=84 allocated_us=580113848 enqueue_us=580113914 write_start_us=580114338 write_end_us=580114378
TX_HISTORY sequence=68049 type=7 flags=0x07 encoded_bytes=88 allocated_us=580115086 enqueue_us=580115119 write_start_us=580115329 write_end_us=580115356
TX_HISTORY sequence=68050 type=56 flags=0x07 encoded_bytes=184 allocated_us=580120376 enqueue_us=580120462 write_start_us=580121335 write_end_us=580121971
TX_HISTORY sequence=68051 type=32 flags=0x07 encoded_bytes=40 allocated_us=580133330 enqueue_us=580133357 write_start_us=580133369 write_end_us=580133391
TX_HISTORY sequence=68052 type=4 flags=0x07 encoded_bytes=84 allocated_us=580133778 enqueue_us=580133831 write_start_us=580134337 write_end_us=580134365
TX_HISTORY sequence=68053 type=5 flags=0x07 encoded_bytes=224 allocated_us=580137613 enqueue_us=580137696 write_start_us=580138329 write_end_us=580139388
TX_HISTORY sequence=68054 type=7 flags=0x07 encoded_bytes=88 allocated_us=580147991 enqueue_us=580148051 write_start_us=580148333 write_end_us=580148367
TX_HISTORY sequence=68055 type=4 flags=0x07 encoded_bytes=84 allocated_us=580153866 enqueue_us=580153925 write_start_us=580154395 write_end_us=580154466
TX_HISTORY sequence=68056 type=16 flags=0x07 encoded_bytes=96 allocated_us=580155802 enqueue_us=580155881 write_start_us=580156339 write_end_us=580156422
TX_HISTORY sequence=68057 type=57 flags=0x07 encoded_bytes=72 allocated_us=580155961 enqueue_us=580155992 write_start_us=580156497 write_end_us=580156870
TX_HISTORY sequence=68058 type=56 flags=0x07 encoded_bytes=184 allocated_us=580170378 enqueue_us=580170456 write_start_us=580171341 write_end_us=580171970
TX_HISTORY sequence=68059 type=5 flags=0x07 encoded_bytes=224 allocated_us=580171185 enqueue_us=580171280 write_start_us=580171983 write_end_us=580174401
TX_HISTORY sequence=68060 type=4 flags=0x07 encoded_bytes=84 allocated_us=580177135 enqueue_us=580177191 write_start_us=580177335 write_end_us=580177373
TX_HISTORY sequence=68061 type=7 flags=0x07 encoded_bytes=88 allocated_us=580181013 enqueue_us=580181071 write_start_us=580181334 write_end_us=580181365
TX_HISTORY sequence=68062 type=4 flags=0x07 encoded_bytes=84 allocated_us=580193805 enqueue_us=580193862 write_start_us=580194334 write_end_us=580194377
TX_HISTORY sequence=68063 type=58 flags=0x07 encoded_bytes=72 allocated_us=580195419 enqueue_us=580195451 write_start_us=580196334 write_end_us=580196355
TX_HISTORY sequence=68064 type=5 flags=0x07 encoded_bytes=224 allocated_us=580202642 enqueue_us=580202726 write_start_us=580203326 write_end_us=580204384
TX_HISTORY sequence=68065 type=22 flags=0x07 encoded_bytes=148 allocated_us=580204420 enqueue_us=580204483 write_start_us=580205330 write_end_us=580206007
TX_HISTORY sequence=68066 type=7 flags=0x07 encoded_bytes=88 allocated_us=580213040 enqueue_us=580213097 write_start_us=580213329 write_end_us=580213362
TX_HISTORY sequence=68067 type=4 flags=0x07 encoded_bytes=84 allocated_us=580213859 enqueue_us=580213927 write_start_us=580214334 write_end_us=580214376
TX_HISTORY sequence=68068 type=56 flags=0x07 encoded_bytes=184 allocated_us=580220379 enqueue_us=580220464 write_start_us=580221334 write_end_us=580221983
TX_HISTORY sequence=68069 type=32 flags=0x07 encoded_bytes=40 allocated_us=580233330 enqueue_us=580233355 write_start_us=580233366 write_end_us=580233388
TX_HISTORY sequence=68070 type=4 flags=0x07 encoded_bytes=84 allocated_us=580233730 enqueue_us=580233778 write_start_us=580234331 write_end_us=580234357
TX_HISTORY sequence=68071 type=5 flags=0x07 encoded_bytes=224 allocated_us=580235817 enqueue_us=580235899 write_start_us=580236330 write_end_us=580237390
TX_HISTORY sequence=68072 type=7 flags=0x07 encoded_bytes=88 allocated_us=580245989 enqueue_us=580246044 write_start_us=580246330 write_end_us=580246362
TX_HISTORY sequence=68073 type=4 flags=0x07 encoded_bytes=84 allocated_us=580253444 enqueue_us=580253503 write_start_us=580254393 write_end_us=580254461
TX_HISTORY sequence=68074 type=16 flags=0x07 encoded_bytes=96 allocated_us=580255798 enqueue_us=580255876 write_start_us=580256379 write_end_us=580256440
TX_HISTORY sequence=68075 type=57 flags=0x07 encoded_bytes=72 allocated_us=580255948 enqueue_us=580255981 write_start_us=580256518 write_end_us=580256875
TX_HISTORY sequence=68076 type=56 flags=0x07 encoded_bytes=184 allocated_us=580270377 enqueue_us=580270459 write_start_us=580271338 write_end_us=580271964
TX_HISTORY sequence=68077 type=5 flags=0x07 encoded_bytes=224 allocated_us=580271165 enqueue_us=580271255 write_start_us=580271976 write_end_us=580274398
TX_HISTORY sequence=68078 type=4 flags=0x07 encoded_bytes=84 allocated_us=580277124 enqueue_us=580277182 write_start_us=580277338 write_end_us=580277376
TX_HISTORY sequence=68079 type=7 flags=0x07 encoded_bytes=88 allocated_us=580281013 enqueue_us=580281073 write_start_us=580281333 write_end_us=580281368
TX_HISTORY sequence=68080 type=4 flags=0x07 encoded_bytes=84 allocated_us=580293783 enqueue_us=580293841 write_start_us=580294335 write_end_us=580294372
TX_HISTORY sequence=68081 type=5 flags=0x07 encoded_bytes=224 allocated_us=580302620 enqueue_us=580302704 write_start_us=580303329 write_end_us=580304397
TX_HISTORY sequence=68082 type=22 flags=0x07 encoded_bytes=148 allocated_us=580304427 enqueue_us=580304491 write_start_us=580305331 write_end_us=580306022
TX_HISTORY sequence=68083 type=7 flags=0x07 encoded_bytes=88 allocated_us=580313033 enqueue_us=580313086 write_start_us=580313331 write_end_us=580313361
TX_HISTORY sequence=68084 type=4 flags=0x07 encoded_bytes=84 allocated_us=580313835 enqueue_us=580313889 write_start_us=580314336 write_end_us=580314375
TX_HISTORY sequence=68085 type=56 flags=0x07 encoded_bytes=184 allocated_us=580320376 enqueue_us=580320461 write_start_us=580321331 write_end_us=580321961
TX_HISTORY sequence=68086 type=32 flags=0x07 encoded_bytes=40 allocated_us=580333330 enqueue_us=580333351 write_start_us=580333358 write_end_us=580333375
TX_HISTORY sequence=68087 type=4 flags=0x07 encoded_bytes=84 allocated_us=580333688 enqueue_us=580333729 write_start_us=580334331 write_end_us=580334357
TX_HISTORY sequence=68088 type=5 flags=0x07 encoded_bytes=224 allocated_us=580334652 enqueue_us=580334740 write_start_us=580335331 write_end_us=580336384
TX_HISTORY sequence=68089 type=7 flags=0x07 encoded_bytes=88 allocated_us=580344987 enqueue_us=580345048 write_start_us=580345333 write_end_us=580345364
TX_HISTORY sequence=68090 type=4 flags=0x07 encoded_bytes=84 allocated_us=580353783 enqueue_us=580353847 write_start_us=580354342 write_end_us=580354383
TX_HISTORY sequence=68091 type=5 flags=0x07 encoded_bytes=224 allocated_us=580367673 enqueue_us=580367773 write_start_us=580368331 write_end_us=580369411
TX_HISTORY sequence=68092 type=16 flags=0x07 encoded_bytes=96 allocated_us=580372183 enqueue_us=580372235 write_start_us=580372339 write_end_us=580372377
TX_HISTORY sequence=68093 type=4 flags=0x07 encoded_bytes=84 allocated_us=580374267 enqueue_us=580374341 write_start_us=580375340 write_end_us=580375380
TX_HISTORY sequence=68094 type=56 flags=0x07 encoded_bytes=184 allocated_us=580374388 enqueue_us=580374456 write_start_us=580375406 write_end_us=580376903
TX_HISTORY sequence=68095 type=57 flags=0x07 encoded_bytes=72 allocated_us=580374464 enqueue_us=580374493 write_start_us=580376912 write_end_us=580377669
TX_HISTORY sequence=68096 type=7 flags=0x07 encoded_bytes=88 allocated_us=580378090 enqueue_us=580378147 write_start_us=580378330 write_end_us=580378621
TX_HISTORY sequence=68097 type=4 flags=0x07 encoded_bytes=84 allocated_us=580393896 enqueue_us=580393953 write_start_us=580394337 write_end_us=580394373
TX_HISTORY sequence=68098 type=58 flags=0x07 encoded_bytes=72 allocated_us=580395425 enqueue_us=580395458 write_start_us=580396332 write_end_us=580396359
TX_HISTORY sequence=68099 type=5 flags=0x07 encoded_bytes=224 allocated_us=580400661 enqueue_us=580400742 write_start_us=580401326 write_end_us=580402413
TX_HISTORY sequence=68100 type=22 flags=0x07 encoded_bytes=148 allocated_us=580404344 enqueue_us=580404414 write_start_us=580405331 write_end_us=580405583
TX_HISTORY sequence=68101 type=7 flags=0x07 encoded_bytes=88 allocated_us=580411011 enqueue_us=580411064 write_start_us=580411331 write_end_us=580411366
TX_HISTORY sequence=68102 type=4 flags=0x07 encoded_bytes=84 allocated_us=580413855 enqueue_us=580413935 write_start_us=580414342 write_end_us=580414378
TX_HISTORY sequence=68103 type=56 flags=0x07 encoded_bytes=184 allocated_us=580424372 enqueue_us=580424456 write_start_us=580425334 write_end_us=580425974
TX_HISTORY sequence=68104 type=32 flags=0x07 encoded_bytes=40 allocated_us=580433327 enqueue_us=580433344 write_start_us=580433351 write_end_us=580433367
TX_HISTORY sequence=68105 type=5 flags=0x07 encoded_bytes=224 allocated_us=580433676 enqueue_us=580433786 write_start_us=580434335 write_end_us=580435412
TX_HISTORY sequence=68106 type=4 flags=0x07 encoded_bytes=84 allocated_us=580433752 enqueue_us=580433792 write_start_us=580435430 write_end_us=580436296
TX_HISTORY sequence=68107 type=7 flags=0x07 encoded_bytes=88 allocated_us=580443993 enqueue_us=580444052 write_start_us=580444334 write_end_us=580444365
TX_HISTORY sequence=68108 type=4 flags=0x07 encoded_bytes=84 allocated_us=580454620 enqueue_us=580454681 write_start_us=580455341 write_end_us=580455378
TX_HISTORY sequence=68109 type=5 flags=0x07 encoded_bytes=224 allocated_us=580466614 enqueue_us=580466698 write_start_us=580467327 write_end_us=580468407
TX_HISTORY sequence=68110 type=16 flags=0x07 encoded_bytes=96 allocated_us=580471268 enqueue_us=580471336 write_start_us=580471353 write_end_us=580471398
TX_HISTORY sequence=68111 type=4 flags=0x07 encoded_bytes=84 allocated_us=580474248 enqueue_us=580474301 write_start_us=580474338 write_end_us=580474373
TX_HISTORY sequence=68112 type=56 flags=0x07 encoded_bytes=184 allocated_us=580474449 enqueue_us=580474518 write_start_us=580475333 write_end_us=580475975
TX_HISTORY sequence=68113 type=57 flags=0x07 encoded_bytes=72 allocated_us=580474527 enqueue_us=580474556 write_start_us=580475986 write_end_us=580476744
TX_HISTORY sequence=68114 type=7 flags=0x07 encoded_bytes=88 allocated_us=580477165 enqueue_us=580477222 write_start_us=580477334 write_end_us=580477694
TX_HISTORY sequence=68115 type=4 flags=0x07 encoded_bytes=84 allocated_us=580493680 enqueue_us=580493733 write_start_us=580494340 write_end_us=580494375
TX_HISTORY sequence=68116 type=5 flags=0x07 encoded_bytes=224 allocated_us=580499618 enqueue_us=580499705 write_start_us=580500329 write_end_us=580501382
TX_HISTORY sequence=68117 type=22 flags=0x07 encoded_bytes=148 allocated_us=580505347 enqueue_us=580505418 write_start_us=580506332 write_end_us=580506586
TX_HISTORY sequence=68118 type=7 flags=0x07 encoded_bytes=88 allocated_us=580509987 enqueue_us=580510029 write_start_us=580510328 write_end_us=580510359
TX_HISTORY sequence=68119 type=4 flags=0x07 encoded_bytes=84 allocated_us=580513754 enqueue_us=580513814 write_start_us=580514341 write_end_us=580514385
TX_HISTORY sequence=68120 type=56 flags=0x07 encoded_bytes=184 allocated_us=580524374 enqueue_us=580524457 write_start_us=580525333 write_end_us=580525972
TX_HISTORY sequence=68121 type=5 flags=0x07 encoded_bytes=224 allocated_us=580532583 enqueue_us=580532664 write_start_us=580533354 write_end_us=580534427
TX_HISTORY sequence=68122 type=32 flags=0x07 encoded_bytes=40 allocated_us=580533327 enqueue_us=580533344 write_start_us=580534448 write_end_us=580534842
TX_HISTORY sequence=68123 type=4 flags=0x07 encoded_bytes=84 allocated_us=580535080 enqueue_us=580535139 write_start_us=580535340 write_end_us=580535753
TX_HISTORY sequence=68124 type=7 flags=0x07 encoded_bytes=88 allocated_us=580542993 enqueue_us=580543052 write_start_us=580543332 write_end_us=580543369
TX_HISTORY sequence=68125 type=4 flags=0x07 encoded_bytes=84 allocated_us=580553844 enqueue_us=580553903 write_start_us=580554338 write_end_us=580554376
TX_HISTORY sequence=68126 type=5 flags=0x07 encoded_bytes=224 allocated_us=580565609 enqueue_us=580565692 write_start_us=580566329 write_end_us=580567417
TX_HISTORY sequence=68127 type=16 flags=0x07 encoded_bytes=96 allocated_us=580570182 enqueue_us=580570237 write_start_us=580570404 write_end_us=580570435
TX_HISTORY sequence=68128 type=4 flags=0x07 encoded_bytes=84 allocated_us=580573823 enqueue_us=580573915 write_start_us=580574339 write_end_us=580574388
TX_HISTORY sequence=68129 type=57 flags=0x07 encoded_bytes=72 allocated_us=580573947 enqueue_us=580573975 write_start_us=580574414 write_end_us=580574677
TX_HISTORY sequence=68130 type=56 flags=0x07 encoded_bytes=184 allocated_us=580575758 enqueue_us=580575836 write_start_us=580576333 write_end_us=580576966
TX_HISTORY sequence=68131 type=7 flags=0x07 encoded_bytes=88 allocated_us=580576163 enqueue_us=580576200 write_start_us=580576977 write_end_us=580577924
TX_HISTORY sequence=68132 type=4 flags=0x07 encoded_bytes=84 allocated_us=580593658 enqueue_us=580593720 write_start_us=580594338 write_end_us=580594375
TX_HISTORY sequence=68133 type=58 flags=0x07 encoded_bytes=72 allocated_us=580595420 enqueue_us=580595450 write_start_us=580596330 write_end_us=580596350
TX_HISTORY sequence=68134 type=5 flags=0x07 encoded_bytes=224 allocated_us=580598645 enqueue_us=580598729 write_start_us=580599327 write_end_us=580600431
TX_HISTORY sequence=68135 type=11 flags=0x07 encoded_bytes=56 allocated_us=580601309 enqueue_us=580601337 write_start_us=580602331 write_end_us=580602353
TX_HISTORY sequence=68136 type=22 flags=0x07 encoded_bytes=148 allocated_us=580606348 enqueue_us=580606410 write_start_us=580607330 write_end_us=580607571
TX_HISTORY sequence=68137 type=7 flags=0x07 encoded_bytes=88 allocated_us=580609001 enqueue_us=580609051 write_start_us=580609329 write_end_us=580609349
TX_HISTORY sequence=68138 type=4 flags=0x07 encoded_bytes=84 allocated_us=580613739 enqueue_us=580613798 write_start_us=580614341 write_end_us=580614382
TX_HISTORY sequence=68139 type=56 flags=0x07 encoded_bytes=184 allocated_us=580626375 enqueue_us=580626461 write_start_us=580627333 write_end_us=580627967
TX_HISTORY sequence=68140 type=5 flags=0x07 encoded_bytes=224 allocated_us=580631576 enqueue_us=580631658 write_start_us=580632329 write_end_us=580633399
TX_HISTORY sequence=68141 type=4 flags=0x07 encoded_bytes=84 allocated_us=580633698 enqueue_us=580633754 write_start_us=580634365 write_end_us=580634403
TX_HISTORY sequence=68142 type=32 flags=0x07 encoded_bytes=40 allocated_us=580634329 enqueue_us=580634347 write_start_us=580634428 write_end_us=580634724
TX_HISTORY sequence=68143 type=7 flags=0x07 encoded_bytes=88 allocated_us=580641991 enqueue_us=580642047 write_start_us=580642332 write_end_us=580642367
TX_HISTORY sequence=68144 type=4 flags=0x07 encoded_bytes=84 allocated_us=580653683 enqueue_us=580653740 write_start_us=580654337 write_end_us=580654377
TX_HISTORY sequence=68145 type=5 flags=0x07 encoded_bytes=224 allocated_us=580663615 enqueue_us=580663700 write_start_us=580664329 write_end_us=580665431
TX_HISTORY sequence=68146 type=16 flags=0x07 encoded_bytes=96 allocated_us=580668166 enqueue_us=580668221 write_start_us=580668380 write_end_us=580668437
TX_HISTORY sequence=68147 type=57 flags=0x07 encoded_bytes=72 allocated_us=580669375 enqueue_us=580669425 write_start_us=580670332 write_end_us=580670362
TX_HISTORY sequence=68148 type=4 flags=0x07 encoded_bytes=84 allocated_us=580673749 enqueue_us=580673813 write_start_us=580674337 write_end_us=580674380
TX_HISTORY sequence=68149 type=7 flags=0x07 encoded_bytes=88 allocated_us=580674054 enqueue_us=580674087 write_start_us=580674407 write_end_us=580674876
TX_HISTORY sequence=68150 type=56 flags=0x07 encoded_bytes=184 allocated_us=580678377 enqueue_us=580678462 write_start_us=580679333 write_end_us=580679973
TX_HISTORY sequence=68151 type=4 flags=0x07 encoded_bytes=84 allocated_us=580693628 enqueue_us=580693690 write_start_us=580694338 write_end_us=580694374
TX_HISTORY sequence=68152 type=5 flags=0x07 encoded_bytes=224 allocated_us=580696639 enqueue_us=580696719 write_start_us=580697332 write_end_us=580698419
TX_HISTORY sequence=68153 type=22 flags=0x07 encoded_bytes=148 allocated_us=580706349 enqueue_us=580706421 write_start_us=580707331 write_end_us=580707574
TX_HISTORY sequence=68154 type=7 flags=0x07 encoded_bytes=88 allocated_us=580706984 enqueue_us=580707020 write_start_us=580707584 write_end_us=580708535
TX_HISTORY sequence=68155 type=4 flags=0x07 encoded_bytes=84 allocated_us=580713689 enqueue_us=580713749 write_start_us=580714341 write_end_us=580714382
TX_HISTORY sequence=68156 type=56 flags=0x07 encoded_bytes=184 allocated_us=580728374 enqueue_us=580728458 write_start_us=580729331 write_end_us=580729972
TX_HISTORY sequence=68157 type=5 flags=0x07 encoded_bytes=224 allocated_us=580729575 enqueue_us=580729656 write_start_us=580729982 write_end_us=580732402
TX_HISTORY sequence=68158 type=32 flags=0x07 encoded_bytes=40 allocated_us=580734333 enqueue_us=580734366 write_start_us=580734380 write_end_us=580734404
TX_HISTORY sequence=68159 type=4 flags=0x07 encoded_bytes=84 allocated_us=580736351 enqueue_us=580736405 write_start_us=580737334 write_end_us=580737384
TX_HISTORY sequence=68160 type=7 flags=0x07 encoded_bytes=88 allocated_us=580740066 enqueue_us=580740126 write_start_us=580740330 write_end_us=580740358
TX_HISTORY sequence=68161 type=4 flags=0x07 encoded_bytes=84 allocated_us=580753611 enqueue_us=580753666 write_start_us=580754339 write_end_us=580754380
TX_HISTORY sequence=68162 type=5 flags=0x07 encoded_bytes=224 allocated_us=580762612 enqueue_us=580762698 write_start_us=580763330 write_end_us=580764420
TX_HISTORY sequence=68163 type=16 flags=0x07 encoded_bytes=96 allocated_us=580767162 enqueue_us=580767218 write_start_us=580767339 write_end_us=580767370
TX_HISTORY sequence=68164 type=57 flags=0x07 encoded_bytes=72 allocated_us=580768367 enqueue_us=580768404 write_start_us=580769330 write_end_us=580769364
TX_HISTORY sequence=68165 type=7 flags=0x07 encoded_bytes=88 allocated_us=580773080 enqueue_us=580773130 write_start_us=580773329 write_end_us=580773365
TX_HISTORY sequence=68166 type=4 flags=0x07 encoded_bytes=84 allocated_us=580774038 enqueue_us=580774098 write_start_us=580774342 write_end_us=580774376
TX_HISTORY sequence=68167 type=56 flags=0x07 encoded_bytes=184 allocated_us=580778375 enqueue_us=580778465 write_start_us=580779333 write_end_us=580779988
TX_HISTORY sequence=68168 type=4 flags=0x07 encoded_bytes=84 allocated_us=580793573 enqueue_us=580793626 write_start_us=580794338 write_end_us=580794369
TX_HISTORY sequence=68169 type=58 flags=0x07 encoded_bytes=72 allocated_us=580795415 enqueue_us=580795444 write_start_us=580796330 write_end_us=580796348
TX_HISTORY sequence=68170 type=5 flags=0x07 encoded_bytes=224 allocated_us=580795626 enqueue_us=580795708 write_start_us=580796363 write_end_us=580798177
TX_HISTORY sequence=68171 type=7 flags=0x07 encoded_bytes=88 allocated_us=580805991 enqueue_us=580806047 write_start_us=580806333 write_end_us=580806364
TX_HISTORY sequence=68172 type=22 flags=0x07 encoded_bytes=148 allocated_us=580807342 enqueue_us=580807395 write_start_us=580808330 write_end_us=580808580
TX_HISTORY sequence=68173 type=4 flags=0x07 encoded_bytes=84 allocated_us=580813664 enqueue_us=580813721 write_start_us=580814342 write_end_us=580814381
TX_HISTORY sequence=68174 type=56 flags=0x07 encoded_bytes=184 allocated_us=580828372 enqueue_us=580828460 write_start_us=580829329 write_end_us=580829970
TX_HISTORY sequence=68175 type=5 flags=0x07 encoded_bytes=224 allocated_us=580828597 enqueue_us=580828674 write_start_us=580829984 write_end_us=580832383
TX_HISTORY sequence=68176 type=32 flags=0x07 encoded_bytes=40 allocated_us=580834333 enqueue_us=580834366 write_start_us=580834375 write_end_us=580834399
TX_HISTORY sequence=68177 type=4 flags=0x07 encoded_bytes=84 allocated_us=580836337 enqueue_us=580836399 write_start_us=580837340 write_end_us=580837375
TX_HISTORY sequence=68178 type=7 flags=0x07 encoded_bytes=88 allocated_us=580839164 enqueue_us=580839225 write_start_us=580839330 write_end_us=580839358
TX_HISTORY sequence=68179 type=4 flags=0x07 encoded_bytes=84 allocated_us=580853846 enqueue_us=580853911 write_start_us=580854343 write_end_us=580854391
TX_HISTORY sequence=68180 type=5 flags=0x07 encoded_bytes=224 allocated_us=580864871 enqueue_us=580864951 write_start_us=580865327 write_end_us=580866409
TX_HISTORY sequence=68181 type=16 flags=0x07 encoded_bytes=96 allocated_us=580869225 enqueue_us=580869278 write_start_us=580869395 write_end_us=580869525
TX_HISTORY sequence=68182 type=57 flags=0x07 encoded_bytes=72 allocated_us=580870360 enqueue_us=580870409 write_start_us=580871333 write_end_us=580871363
TX_HISTORY sequence=68183 type=4 flags=0x07 encoded_bytes=84 allocated_us=580873696 enqueue_us=580873758 write_start_us=580874339 write_end_us=580874385
TX_HISTORY sequence=68184 type=7 flags=0x07 encoded_bytes=88 allocated_us=580875095 enqueue_us=580875128 write_start_us=580875328 write_end_us=580875352
TX_HISTORY sequence=68185 type=56 flags=0x07 encoded_bytes=184 allocated_us=580878377 enqueue_us=580878464 write_start_us=580879333 write_end_us=580879970
TX_HISTORY sequence=68186 type=4 flags=0x07 encoded_bytes=84 allocated_us=580893571 enqueue_us=580893626 write_start_us=580894338 write_end_us=580894374
TX_HISTORY sequence=68187 type=5 flags=0x07 encoded_bytes=224 allocated_us=580894634 enqueue_us=580894716 write_start_us=580895329 write_end_us=580896388
TX_HISTORY sequence=68188 type=7 flags=0x07 encoded_bytes=88 allocated_us=580904994 enqueue_us=580905056 write_start_us=580905334 write_end_us=580905368
TX_HISTORY sequence=68189 type=22 flags=0x07 encoded_bytes=148 allocated_us=580907342 enqueue_us=580907400 write_start_us=580908326 write_end_us=580908577
TX_HISTORY sequence=68190 type=4 flags=0x07 encoded_bytes=84 allocated_us=580913613 enqueue_us=580913669 write_start_us=580914343 write_end_us=580914382
TX_HISTORY sequence=68191 type=5 flags=0x07 encoded_bytes=224 allocated_us=580927646 enqueue_us=580927741 write_start_us=580928331 write_end_us=580929391
TX_HISTORY sequence=68192 type=56 flags=0x07 encoded_bytes=184 allocated_us=580929466 enqueue_us=580929538 write_start_us=580930331 write_end_us=580931381
TX_HISTORY sequence=68193 type=32 flags=0x07 encoded_bytes=40 allocated_us=580934331 enqueue_us=580934364 write_start_us=580934375 write_end_us=580934401
TX_HISTORY sequence=68194 type=4 flags=0x07 encoded_bytes=84 allocated_us=580934940 enqueue_us=580935002 write_start_us=580935334 write_end_us=580935362
TX_HISTORY sequence=68195 type=7 flags=0x07 encoded_bytes=88 allocated_us=580938069 enqueue_us=580938125 write_start_us=580938333 write_end_us=580938373
TX_HISTORY sequence=68196 type=4 flags=0x07 encoded_bytes=84 allocated_us=580954465 enqueue_us=580954523 write_start_us=580955336 write_end_us=580955371
TX_HISTORY sequence=68197 type=5 flags=0x07 encoded_bytes=224 allocated_us=580960610 enqueue_us=580960694 write_start_us=580961330 write_end_us=580962383
TX_HISTORY sequence=68198 type=57 flags=0x07 encoded_bytes=72 allocated_us=580966625 enqueue_us=580966694 write_start_us=580967375 write_end_us=580967444
TX_HISTORY sequence=68199 type=16 flags=0x07 encoded_bytes=96 allocated_us=580966674 enqueue_us=580966714 write_start_us=580967477 write_end_us=580967912
TX_HISTORY sequence=68200 type=7 flags=0x07 encoded_bytes=88 allocated_us=580970488 enqueue_us=580970542 write_start_us=580971330 write_end_us=580971361
TX_HISTORY sequence=68201 type=4 flags=0x07 encoded_bytes=84 allocated_us=580973695 enqueue_us=580973755 write_start_us=580974341 write_end_us=580974381
TX_HISTORY sequence=68202 type=56 flags=0x07 encoded_bytes=184 allocated_us=580980376 enqueue_us=580980460 write_start_us=580981333 write_end_us=580981972
TX_HISTORY sequence=68203 type=5 flags=0x07 encoded_bytes=224 allocated_us=580992600 enqueue_us=580992682 write_start_us=580993329 write_end_us=580994393
TX_HISTORY sequence=68204 type=4 flags=0x07 encoded_bytes=84 allocated_us=580994651 enqueue_us=580994727 write_start_us=580995334 write_end_us=580995370
TX_HISTORY sequence=68205 type=58 flags=0x07 encoded_bytes=72 allocated_us=580996452 enqueue_us=580996500 write_start_us=580997340 write_end_us=580997371
TX_HISTORY sequence=68206 type=7 flags=0x07 encoded_bytes=88 allocated_us=581002991 enqueue_us=581003046 write_start_us=581003331 write_end_us=581003368
TX_HISTORY sequence=68207 type=22 flags=0x07 encoded_bytes=148 allocated_us=581007363 enqueue_us=581007425 write_start_us=581008329 write_end_us=581008561
TX_HISTORY sequence=68208 type=4 flags=0x07 encoded_bytes=84 allocated_us=581013369 enqueue_us=581013427 write_start_us=581014339 write_end_us=581014374
TX_HISTORY sequence=68209 type=5 flags=0x07 encoded_bytes=224 allocated_us=581026614 enqueue_us=581026699 write_start_us=581027327 write_end_us=581028399
TX_HISTORY sequence=68210 type=7 flags=0x07 encoded_bytes=88 allocated_us=581028654 enqueue_us=581028691 write_start_us=581029328 write_end_us=581029349
TX_HISTORY sequence=68211 type=56 flags=0x07 encoded_bytes=184 allocated_us=581030378 enqueue_us=581030460 write_start_us=581031339 write_end_us=581031982
TX_HISTORY sequence=68212 type=32 flags=0x07 encoded_bytes=40 allocated_us=581034332 enqueue_us=581034360 write_start_us=581034368 write_end_us=581034387
TX_HISTORY sequence=68213 type=4 flags=0x07 encoded_bytes=84 allocated_us=581034644 enqueue_us=581034693 write_start_us=581035335 write_end_us=581035367
TX_HISTORY sequence=68214 type=7 flags=0x07 encoded_bytes=88 allocated_us=581041995 enqueue_us=581042049 write_start_us=581042332 write_end_us=581042366
TX_HISTORY sequence=68215 type=4 flags=0x07 encoded_bytes=84 allocated_us=581053558 enqueue_us=581053619 write_start_us=581054339 write_end_us=581054375
TX_HISTORY sequence=68216 type=5 flags=0x07 encoded_bytes=224 allocated_us=581058623 enqueue_us=581058705 write_start_us=581059328 write_end_us=581060389
TX_HISTORY sequence=68217 type=16 flags=0x07 encoded_bytes=96 allocated_us=581067637 enqueue_us=581067700 write_start_us=581068376 write_end_us=581068443
TX_HISTORY sequence=68218 type=57 flags=0x07 encoded_bytes=72 allocated_us=581068486 enqueue_us=581068514 write_start_us=581069329 write_end_us=581069356
TX_HISTORY sequence=68219 type=7 flags=0x07 encoded_bytes=88 allocated_us=581071031 enqueue_us=581071082 write_start_us=581071331 write_end_us=581071360
TX_HISTORY sequence=68220 type=4 flags=0x07 encoded_bytes=84 allocated_us=581073692 enqueue_us=581073748 write_start_us=581074341 write_end_us=581074380
TX_HISTORY sequence=68221 type=56 flags=0x07 encoded_bytes=184 allocated_us=581080376 enqueue_us=581080460 write_start_us=581081336 write_end_us=581081964
TX_HISTORY sequence=68222 type=5 flags=0x07 encoded_bytes=224 allocated_us=581091604 enqueue_us=581091686 write_start_us=581092329 write_end_us=581093394
TX_HISTORY sequence=68223 type=4 flags=0x07 encoded_bytes=84 allocated_us=581093687 enqueue_us=581093737 write_start_us=581094334 write_end_us=581094370
TX_HISTORY sequence=68224 type=7 flags=0x07 encoded_bytes=88 allocated_us=581102005 enqueue_us=581102063 write_start_us=581102335 write_end_us=581102372
TX_HISTORY sequence=68225 type=23 flags=0x47 encoded_bytes=44 allocated_us=581103674 enqueue_us=581103691 write_start_us=581104335 write_end_us=581104352
TX_HISTORY sequence=68226 type=22 flags=0x07 encoded_bytes=148 allocated_us=581108363 enqueue_us=581108419 write_start_us=581109325 write_end_us=581109569
TX_HISTORY sequence=68227 type=56 flags=0x07 encoded_bytes=184 allocated_us=581133436 enqueue_us=581133528 write_start_us=581134362 write_end_us=581135008
TX_HISTORY sequence=68228 type=32 flags=0x07 encoded_bytes=40 allocated_us=581134324 enqueue_us=581134341 write_start_us=581135019 write_end_us=581135450
TX_HISTORY sequence=68229 type=56 flags=0x07 encoded_bytes=184 allocated_us=581183364 enqueue_us=581183446 write_start_us=581184334 write_end_us=581184964
TX_HISTORY sequence=68230 type=58 flags=0x07 encoded_bytes=72 allocated_us=581197381 enqueue_us=581197418 write_start_us=581198332 write_end_us=581198357
TX_HISTORY sequence=68231 type=22 flags=0x07 encoded_bytes=148 allocated_us=581209376 enqueue_us=581209455 write_start_us=581210351 write_end_us=581210624
TX_HISTORY sequence=68232 type=56 flags=0x07 encoded_bytes=184 allocated_us=581233611 enqueue_us=581233704 write_start_us=581234369 write_end_us=581235029
TX_HISTORY sequence=68233 type=32 flags=0x07 encoded_bytes=40 allocated_us=581234330 enqueue_us=581234349 write_start_us=581235043 write_end_us=581235453
TX_HISTORY sequence=68234 type=56 flags=0x07 encoded_bytes=184 allocated_us=581284376 enqueue_us=581284475 write_start_us=581285339 write_end_us=581285993
TX_HISTORY sequence=68235 type=22 flags=0x07 encoded_bytes=148 allocated_us=581309386 enqueue_us=581309467 write_start_us=581310340 write_end_us=581310601
TX_HISTORY sequence=68236 type=32 flags=0x07 encoded_bytes=40 allocated_us=581334338 enqueue_us=581334379 write_start_us=581334404 write_end_us=581334447
TX_HISTORY sequence=68237 type=56 flags=0x07 encoded_bytes=184 allocated_us=581335517 enqueue_us=581335586 write_start_us=581336341 write_end_us=581336971
TX_HISTORY sequence=68238 type=56 flags=0x07 encoded_bytes=184 allocated_us=581386372 enqueue_us=581386463 write_start_us=581387340 write_end_us=581387991
TX_HISTORY sequence=68239 type=58 flags=0x07 encoded_bytes=72 allocated_us=581398389 enqueue_us=581398438 write_start_us=581399342 write_end_us=581399388
TX_HISTORY sequence=68240 type=22 flags=0x07 encoded_bytes=148 allocated_us=581410372 enqueue_us=581410426 write_start_us=581411334 write_end_us=581411586
TX_HISTORY sequence=68241 type=32 flags=0x07 encoded_bytes=40 allocated_us=581434335 enqueue_us=581434376 write_start_us=581434397 write_end_us=581434440
TX_HISTORY sequence=68242 type=56 flags=0x07 encoded_bytes=184 allocated_us=581438372 enqueue_us=581438450 write_start_us=581439337 write_end_us=581439967
TX_HISTORY sequence=68243 type=56 flags=0x07 encoded_bytes=184 allocated_us=581489371 enqueue_us=581489461 write_start_us=581490340 write_end_us=581490991
TX_HISTORY sequence=68244 type=22 flags=0x07 encoded_bytes=148 allocated_us=581513414 enqueue_us=581513487 write_start_us=581514338 write_end_us=581514591
TX_HISTORY sequence=68245 type=32 flags=0x07 encoded_bytes=40 allocated_us=581534337 enqueue_us=581534378 write_start_us=581534398 write_end_us=581534441
TX_HISTORY sequence=68246 type=56 flags=0x03 encoded_bytes=0 allocated_us=581540377 enqueue_us=581540456 write_start_us=0 write_end_us=0
TX_HISTORY sequence=66452 type=23 flags=0x47 encoded_bytes=44 allocated_us=571105098 enqueue_us=571105139 write_start_us=571105347 write_end_us=571105394
TX_HISTORY sequence=66453 type=4 flags=0x07 encoded_bytes=84 allocated_us=571116481 enqueue_us=571116543 write_start_us=571117344 write_end_us=571117378
TX_HISTORY sequence=66454 type=5 flags=0x07 encoded_bytes=224 allocated_us=571119361 enqueue_us=571119441 write_start_us=571120330 write_end_us=571121392
TX_HISTORY sequence=66455 type=7 flags=0x07 encoded_bytes=88 allocated_us=571129987 enqueue_us=571130042 write_start_us=571130354 write_end_us=571130385
TX_HISTORY sequence=66456 type=32 flags=0x07 encoded_bytes=40 allocated_us=571130324 enqueue_us=571130341 write_start_us=571130408 write_end_us=571130424
TX_HISTORY sequence=66457 type=16 flags=0x07 encoded_bytes=96 allocated_us=571134685 enqueue_us=571134764 write_start_us=571135336 write_end_us=571135421
TX_HISTORY sequence=66458 type=4 flags=0x07 encoded_bytes=84 allocated_us=571137618 enqueue_us=571137670 write_start_us=571138347 write_end_us=571138386
TX_HISTORY sequence=66459 type=56 flags=0x07 encoded_bytes=184 allocated_us=571137715 enqueue_us=571137779 write_start_us=571138410 write_end_us=571139892
TX_HISTORY sequence=66460 type=57 flags=0x07 encoded_bytes=72 allocated_us=571137786 enqueue_us=571137814 write_start_us=571139902 write_end_us=571140698
TX_HISTORY sequence=66461 type=5 flags=0x07 encoded_bytes=224 allocated_us=571151706 enqueue_us=571151804 write_start_us=571152330 write_end_us=571153419
TX_HISTORY sequence=66462 type=4 flags=0x07 encoded_bytes=84 allocated_us=571156460 enqueue_us=571156513 write_start_us=571157336 write_end_us=571157374
TX_HISTORY sequence=66463 type=7 flags=0x07 encoded_bytes=88 allocated_us=571162001 enqueue_us=571162061 write_start_us=571162331 write_end_us=571162364
TX_HISTORY sequence=66464 type=22 flags=0x07 encoded_bytes=148 allocated_us=571164365 enqueue_us=571164422 write_start_us=571165331 write_end_us=571165568
TX_HISTORY sequence=66465 type=58 flags=0x07 encoded_bytes=72 allocated_us=571166386 enqueue_us=571166420 write_start_us=571167326 write_end_us=571167350
TX_HISTORY sequence=66466 type=4 flags=0x07 encoded_bytes=84 allocated_us=571177490 enqueue_us=571177551 write_start_us=571178344 write_end_us=571178391
TX_HISTORY sequence=66467 type=5 flags=0x07 encoded_bytes=224 allocated_us=571184643 enqueue_us=571184726 write_start_us=571185327 write_end_us=571186383
TX_HISTORY sequence=66468 type=56 flags=0x07 encoded_bytes=184 allocated_us=571188376 enqueue_us=571188463 write_start_us=571189334 write_end_us=571189984
TX_HISTORY sequence=66469 type=7 flags=0x07 encoded_bytes=88 allocated_us=571195046 enqueue_us=571195100 write_start_us=571195331 write_end_us=571195366
TX_HISTORY sequence=66470 type=4 flags=0x07 encoded_bytes=84 allocated_us=571196480 enqueue_us=571196537 write_start_us=571197338 write_end_us=571197379
TX_HISTORY sequence=66471 type=4 flags=0x07 encoded_bytes=84 allocated_us=571216354 enqueue_us=571216410 write_start_us=571217332 write_end_us=571217368
TX_HISTORY sequence=66472 type=5 flags=0x07 encoded_bytes=224 allocated_us=571217597 enqueue_us=571217677 write_start_us=571218331 write_end_us=571219388
TX_HISTORY sequence=66473 type=7 flags=0x07 encoded_bytes=88 allocated_us=571227989 enqueue_us=571228046 write_start_us=571228335 write_end_us=571228365
TX_HISTORY sequence=66474 type=32 flags=0x07 encoded_bytes=40 allocated_us=571230329 enqueue_us=571230350 write_start_us=571230358 write_end_us=571230382
TX_HISTORY sequence=66475 type=16 flags=0x07 encoded_bytes=96 allocated_us=571235675 enqueue_us=571235734 write_start_us=571236340 write_end_us=571236421
TX_HISTORY sequence=66476 type=4 flags=0x07 encoded_bytes=84 allocated_us=571236175 enqueue_us=571236211 write_start_us=571236495 write_end_us=571236981
TX_HISTORY sequence=66477 type=57 flags=0x07 encoded_bytes=72 allocated_us=571236235 enqueue_us=571236263 write_start_us=571236998 write_end_us=571237794
TX_HISTORY sequence=66478 type=56 flags=0x07 encoded_bytes=184 allocated_us=571238881 enqueue_us=571238969 write_start_us=571239336 write_end_us=571239973
TX_HISTORY sequence=66479 type=5 flags=0x07 encoded_bytes=224 allocated_us=571252015 enqueue_us=571252095 write_start_us=571252327 write_end_us=571253385
TX_HISTORY sequence=66480 type=4 flags=0x07 encoded_bytes=84 allocated_us=571256563 enqueue_us=571256624 write_start_us=571257339 write_end_us=571257383
TX_HISTORY sequence=66481 type=7 flags=0x07 encoded_bytes=88 allocated_us=571262006 enqueue_us=571262059 write_start_us=571262332 write_end_us=571262364
TX_HISTORY sequence=66482 type=22 flags=0x07 encoded_bytes=148 allocated_us=571265362 enqueue_us=571265420 write_start_us=571266330 write_end_us=571266568
TX_HISTORY sequence=66483 type=4 flags=0x07 encoded_bytes=84 allocated_us=571276401 enqueue_us=571276456 write_start_us=571277339 write_end_us=571277378
TX_HISTORY sequence=66484 type=5 flags=0x07 encoded_bytes=224 allocated_us=571283621 enqueue_us=571283702 write_start_us=571284327 write_end_us=571285392
TX_HISTORY sequence=66485 type=56 flags=0x07 encoded_bytes=184 allocated_us=571289379 enqueue_us=571289468 write_start_us=571290333 write_end_us=571290984
TX_HISTORY sequence=66486 type=7 flags=0x07 encoded_bytes=88 allocated_us=571294034 enqueue_us=571294092 write_start_us=571294333 write_end_us=571294370
TX_HISTORY sequence=66487 type=4 flags=0x07 encoded_bytes=84 allocated_us=571296461 enqueue_us=571296518 write_start_us=571297339 write_end_us=571297377
TX_HISTORY sequence=66488 type=4 flags=0x07 encoded_bytes=84 allocated_us=571316290 enqueue_us=571316372 write_start_us=571317336 write_end_us=571317357
TX_HISTORY sequence=66489 type=5 flags=0x07 encoded_bytes=224 allocated_us=571316554 enqueue_us=571316630 write_start_us=571317382 write_end_us=571319307
TX_HISTORY sequence=66490 type=7 flags=0x07 encoded_bytes=88 allocated_us=571326996 enqueue_us=571327055 write_start_us=571327334 write_end_us=571327368
TX_HISTORY sequence=66491 type=32 flags=0x07 encoded_bytes=40 allocated_us=571330327 enqueue_us=571330351 write_start_us=571330359 write_end_us=571330380
TX_HISTORY sequence=66492 type=4 flags=0x07 encoded_bytes=84 allocated_us=571336570 enqueue_us=571336628 write_start_us=571337342 write_end_us=571337388
TX_HISTORY sequence=66493 type=16 flags=0x07 encoded_bytes=96 allocated_us=571337729 enqueue_us=571337773 write_start_us=571338333 write_end_us=571338362
TX_HISTORY sequence=66494 type=57 flags=0x07 encoded_bytes=72 allocated_us=571338534 enqueue_us=571338568 write_start_us=571339333 write_end_us=571339367
TX_HISTORY sequence=66495 type=56 flags=0x07 encoded_bytes=184 allocated_us=571341376 enqueue_us=571341457 write_start_us=571342331 write_end_us=571342964
TX_HISTORY sequence=66496 type=5 flags=0x07 encoded_bytes=224 allocated_us=571352666 enqueue_us=571352749 write_start_us=571353328 write_end_us=571354398
TX_HISTORY sequence=66497 type=4 flags=0x07 encoded_bytes=84 allocated_us=571358515 enqueue_us=571358576 write_start_us=571359341 write_end_us=571359384
TX_HISTORY sequence=66498 type=7 flags=0x07 encoded_bytes=88 allocated_us=571363008 enqueue_us=571363064 write_start_us=571363332 write_end_us=571363364
TX_HISTORY sequence=66499 type=22 flags=0x07 encoded_bytes=148 allocated_us=571365366 enqueue_us=571365423 write_start_us=571366327 write_end_us=571366560
TX_HISTORY sequence=66500 type=58 flags=0x07 encoded_bytes=72 allocated_us=571367387 enqueue_us=571367427 write_start_us=571368330 write_end_us=571368353
TX_HISTORY sequence=66501 type=4 flags=0x07 encoded_bytes=84 allocated_us=571376384 enqueue_us=571376441 write_start_us=571377340 write_end_us=571377384
TX_HISTORY sequence=66502 type=5 flags=0x07 encoded_bytes=224 allocated_us=571381665 enqueue_us=571381748 write_start_us=571382329 write_end_us=571383387
TX_HISTORY sequence=66503 type=56 flags=0x07 encoded_bytes=184 allocated_us=571391378 enqueue_us=571391466 write_start_us=571392335 write_end_us=571393008
TX_HISTORY sequence=66504 type=7 flags=0x07 encoded_bytes=88 allocated_us=571391989 enqueue_us=571392021 write_start_us=571393035 write_end_us=571393929
TX_HISTORY sequence=66505 type=4 flags=0x07 encoded_bytes=84 allocated_us=571396757 enqueue_us=571396817 write_start_us=571397339 write_end_us=571397382
TX_HISTORY sequence=66506 type=5 flags=0x07 encoded_bytes=224 allocated_us=571414559 enqueue_us=571414658 write_start_us=571415330 write_end_us=571416388
TX_HISTORY sequence=66507 type=4 flags=0x07 encoded_bytes=84 allocated_us=571416619 enqueue_us=571416676 write_start_us=571417339 write_end_us=571417382
TX_HISTORY sequence=66508 type=7 flags=0x07 encoded_bytes=88 allocated_us=571424997 enqueue_us=571425055 write_start_us=571425332 write_end_us=571425363
TX_HISTORY sequence=66509 type=32 flags=0x07 encoded_bytes=40 allocated_us=571430328 enqueue_us=571430348 write_start_us=571430358 write_end_us=571430380
TX_HISTORY sequence=66510 type=4 flags=0x07 encoded_bytes=84 allocated_us=571437250 enqueue_us=571437390 write_start_us=571437334 write_end_us=571437369
TX_HISTORY sequence=66511 type=56 flags=0x07 encoded_bytes=184 allocated_us=571441371 enqueue_us=571441437 write_start_us=571442332 write_end_us=571442962
TX_HISTORY sequence=66512 type=5 flags=0x07 encoded_bytes=224 allocated_us=571447677 enqueue_us=571447757 write_start_us=571448327 write_end_us=571449418
TX_HISTORY sequence=66513 type=16 flags=0x07 encoded_bytes=96 allocated_us=571452159 enqueue_us=571452221 write_start_us=571452369 write_end_us=571452400
TX_HISTORY sequence=66514 type=57 flags=0x07 encoded_bytes=72 allocated_us=571453365 enqueue_us=571453402 write_start_us=571454333 write_end_us=571454369
TX_HISTORY sequence=66515 type=4 flags=0x07 encoded_bytes=84 allocated_us=571456424 enqueue_us=571456488 write_start_us=571457333 write_end_us=571457371
TX_HISTORY sequence=66516 type=7 flags=0x07 encoded_bytes=88 allocated_us=571458075 enqueue_us=571458108 write_start_us=571458335 write_end_us=571458363
TX_HISTORY sequence=66517 type=22 flags=0x07 encoded_bytes=148 allocated_us=571465382 enqueue_us=571465453 write_start_us=571466331 write_end_us=571466571
TX_HISTORY sequence=66518 type=4 flags=0x07 encoded_bytes=84 allocated_us=571476307 enqueue_us=571476378 write_start_us=571477336 write_end_us=571477367
TX_HISTORY sequence=66519 type=5 flags=0x07 encoded_bytes=224 allocated_us=571480630 enqueue_us=571480722 write_start_us=571481329 write_end_us=571482399
TX_HISTORY sequence=66520 type=7 flags=0x07 encoded_bytes=88 allocated_us=571490984 enqueue_us=571491037 write_start_us=571491330 write_end_us=571491364
TX_HISTORY sequence=66521 type=56 flags=0x07 encoded_bytes=184 allocated_us=571492374 enqueue_us=571492448 write_start_us=571493333 write_end_us=571493988
TX_HISTORY sequence=66522 type=4 flags=0x07 encoded_bytes=84 allocated_us=571497544 enqueue_us=571497601 write_start_us=571498338 write_end_us=571498376
TX_HISTORY sequence=66523 type=5 flags=0x07 encoded_bytes=224 allocated_us=571513567 enqueue_us=571513675 write_start_us=571514333 write_end_us=571515397
TX_HISTORY sequence=66524 type=4 flags=0x07 encoded_bytes=84 allocated_us=571516386 enqueue_us=571516437 write_start_us=571517337 write_end_us=571517376
TX_HISTORY sequence=66525 type=7 flags=0x07 encoded_bytes=88 allocated_us=571523996 enqueue_us=571524056 write_start_us=571524333 write_end_us=571524366
TX_HISTORY sequence=66526 type=32 flags=0x07 encoded_bytes=40 allocated_us=571530329 enqueue_us=571530349 write_start_us=571530358 write_end_us=571530381
TX_HISTORY sequence=66527 type=4 flags=0x07 encoded_bytes=84 allocated_us=571536295 enqueue_us=571536383 write_start_us=571537338 write_end_us=571537370
TX_HISTORY sequence=66528 type=56 flags=0x07 encoded_bytes=184 allocated_us=571542370 enqueue_us=571542436 write_start_us=571543331 write_end_us=571543964
TX_HISTORY sequence=66529 type=5 flags=0x07 encoded_bytes=224 allocated_us=571546626 enqueue_us=571546710 write_start_us=571547327 write_end_us=571548409
TX_HISTORY sequence=66530 type=16 flags=0x07 encoded_bytes=96 allocated_us=571551179 enqueue_us=571551239 write_start_us=571551383 write_end_us=571551443
TX_HISTORY sequence=66531 type=57 flags=0x07 encoded_bytes=72 allocated_us=571552360 enqueue_us=571552406 write_start_us=571553331 write_end_us=571553357
TX_HISTORY sequence=66532 type=4 flags=0x07 encoded_bytes=84 allocated_us=571556633 enqueue_us=571556698 write_start_us=571557337 write_end_us=571557379
TX_HISTORY sequence=66533 type=7 flags=0x07 encoded_bytes=88 allocated_us=571557039 enqueue_us=571557070 write_start_us=571557404 write_end_us=571557877
TX_HISTORY sequence=66534 type=22 flags=0x07 encoded_bytes=148 allocated_us=571565382 enqueue_us=571565455 write_start_us=571566336 write_end_us=571566577
TX_HISTORY sequence=66535 type=58 flags=0x07 encoded_bytes=72 allocated_us=571567380 enqueue_us=571567414 write_start_us=571568327 write_end_us=571568344
TX_HISTORY sequence=66536 type=4 flags=0x07 encoded_bytes=84 allocated_us=571576258 enqueue_us=571576303 write_start_us=571576337 write_end_us=571576371
TX_HISTORY sequence=66537 type=5 flags=0x07 encoded_bytes=224 allocated_us=571579671 enqueue_us=571579756 write_start_us=571580330 write_end_us=571581422
TX_HISTORY sequence=66538 type=11 flags=0x07 encoded_bytes=56 allocated_us=571582276 enqueue_us=571582300 write_start_us=571582329 write_end_us=571582346
TX_HISTORY sequence=66539 type=7 flags=0x07 encoded_bytes=88 allocated_us=571589964 enqueue_us=571590023 write_start_us=571590333 write_end_us=571590367
TX_HISTORY sequence=66540 type=56 flags=0x07 encoded_bytes=184 allocated_us=571593373 enqueue_us=571593453 write_start_us=571594335 write_end_us=571594989
TX_HISTORY sequence=66541 type=4 flags=0x07 encoded_bytes=84 allocated_us=571596369 enqueue_us=571596430 write_start_us=571597337 write_end_us=571597371
TX_HISTORY sequence=66542 type=5 flags=0x07 encoded_bytes=224 allocated_us=571612553 enqueue_us=571612652 write_start_us=571613334 write_end_us=571614384
TX_HISTORY sequence=66543 type=4 flags=0x07 encoded_bytes=84 allocated_us=571618445 enqueue_us=571618503 write_start_us=571619336 write_end_us=571619375
TX_HISTORY sequence=66544 type=7 flags=0x07 encoded_bytes=88 allocated_us=571623007 enqueue_us=571623064 write_start_us=571623331 write_end_us=571623366
TX_HISTORY sequence=66545 type=32 flags=0x07 encoded_bytes=40 allocated_us=571630329 enqueue_us=571630350 write_start_us=571630363 write_end_us=571630388
TX_HISTORY sequence=66546 type=4 flags=0x07 encoded_bytes=84 allocated_us=571636396 enqueue_us=571636458 write_start_us=571637335 write_end_us=571637372
TX_HISTORY sequence=66547 type=56 flags=0x07 encoded_bytes=184 allocated_us=571643370 enqueue_us=571643436 write_start_us=571644332 write_end_us=571644972
TX_HISTORY sequence=66548 type=5 flags=0x07 encoded_bytes=224 allocated_us=571645651 enqueue_us=571645734 write_start_us=571646327 write_end_us=571647408
TX_HISTORY sequence=66549 type=16 flags=0x07 encoded_bytes=96 allocated_us=571650223 enqueue_us=571650287 write_start_us=571650340 write_end_us=571650417
TX_HISTORY sequence=66550 type=57 flags=0x07 encoded_bytes=72 allocated_us=571651359 enqueue_us=571651401 write_start_us=571652331 write_end_us=571652358
TX_HISTORY sequence=66551 type=7 flags=0x07 encoded_bytes=88 allocated_us=571656025 enqueue_us=571656089 write_start_us=571656340 write_end_us=571656384
TX_HISTORY sequence=66552 type=4 flags=0x07 encoded_bytes=84 allocated_us=571656445 enqueue_us=571656480 write_start_us=571657330 write_end_us=571657353
TX_HISTORY sequence=66553 type=22 flags=0x07 encoded_bytes=148 allocated_us=571665382 enqueue_us=571665458 write_start_us=571666331 write_end_us=571666585
TX_HISTORY sequence=66554 type=4 flags=0x07 encoded_bytes=84 allocated_us=571676228 enqueue_us=571676267 write_start_us=571676336 write_end_us=571676366
TX_HISTORY sequence=66555 type=5 flags=0x07 encoded_bytes=224 allocated_us=571678614 enqueue_us=571678706 write_start_us=571679330 write_end_us=571680399
TX_HISTORY sequence=66556 type=7 flags=0x07 encoded_bytes=88 allocated_us=571688986 enqueue_us=571689035 write_start_us=571689332 write_end_us=571689367
TX_HISTORY sequence=66557 type=4 flags=0x07 encoded_bytes=84 allocated_us=571696302 enqueue_us=571696377 write_start_us=571697347 write_end_us=571697389
TX_HISTORY sequence=66558 type=56 flags=0x07 encoded_bytes=184 allocated_us=571696419 enqueue_us=571696484 write_start_us=571697413 write_end_us=571698892
TX_HISTORY sequence=66559 type=5 flags=0x07 encoded_bytes=224 allocated_us=571710682 enqueue_us=571710782 write_start_us=571711330 write_end_us=571712388
TX_HISTORY sequence=66560 type=4 flags=0x07 encoded_bytes=84 allocated_us=571716413 enqueue_us=571716470 write_start_us=571717339 write_end_us=571717377
TX_HISTORY sequence=66561 type=7 flags=0x07 encoded_bytes=88 allocated_us=571721011 enqueue_us=571721068 write_start_us=571721332 write_end_us=571721366
TX_HISTORY sequence=66562 type=32 flags=0x07 encoded_bytes=40 allocated_us=571730329 enqueue_us=571730352 write_start_us=571730361 write_end_us=571730378
TX_HISTORY sequence=66563 type=4 flags=0x07 encoded_bytes=84 allocated_us=571736235 enqueue_us=571736292 write_start_us=571736334 write_end_us=571736371
TX_HISTORY sequence=66564 type=5 flags=0x07 encoded_bytes=224 allocated_us=571744707 enqueue_us=571744792 write_start_us=571745330 write_end_us=571746411
TX_HISTORY sequence=66565 type=56 flags=0x07 encoded_bytes=184 allocated_us=571746465 enqueue_us=571746531 write_start_us=571747332 write_end_us=571748438
TX_HISTORY sequence=66566 type=7 flags=0x07 encoded_bytes=88 allocated_us=571746743 enqueue_us=571746782 write_start_us=571748474 write_end_us=571749416
TX_HISTORY sequence=66567 type=16 flags=0x07 encoded_bytes=96 allocated_us=571752085 enqueue_us=571752139 write_start_us=571752396 write_end_us=571752428
TX_HISTORY sequence=66568 type=57 flags=0x07 encoded_bytes=72 allocated_us=571753349 enqueue_us=571753384 write_start_us=571754334 write_end_us=571754354
TX_HISTORY sequence=66569 type=4 flags=0x07 encoded_bytes=84 allocated_us=571756333 enqueue_us=571756387 write_start_us=571757337 write_end_us=571757373
TX_HISTORY sequence=66570 type=7 flags=0x07 encoded_bytes=88 allocated_us=571764004 enqueue_us=571764055 write_start_us=571764332 write_end_us=571764365
TX_HISTORY sequence=66571 type=22 flags=0x07 encoded_bytes=148 allocated_us=571765372 enqueue_us=571765427 write_start_us=571766331 write_end_us=571766569
TX_HISTORY sequence=66572 type=58 flags=0x07 encoded_bytes=72 allocated_us=571767387 enqueue_us=571767419 write_start_us=571768325 write_end_us=571768344
TX_HISTORY sequence=66573 type=4 flags=0x07 encoded_bytes=84 allocated_us=571776243 enqueue_us=571776297 write_start_us=571776333 write_end_us=571776362
TX_HISTORY sequence=66574 type=5 flags=0x07 encoded_bytes=224 allocated_us=571778714 enqueue_us=571778798 write_start_us=571779328 write_end_us=571780393
TX_HISTORY sequence=66575 type=7 flags=0x07 encoded_bytes=88 allocated_us=571788972 enqueue_us=571789032 write_start_us=571789330 write_end_us=571789364
TX_HISTORY sequence=66576 type=4 flags=0x07 encoded_bytes=84 allocated_us=571796016 enqueue_us=571796072 write_start_us=571796341 write_end_us=571796376
TX_HISTORY sequence=66577 type=56 flags=0x07 encoded_bytes=184 allocated_us=571796136 enqueue_us=571796211 write_start_us=571796399 write_end_us=571797898
TX_HISTORY sequence=66578 type=5 flags=0x07 encoded_bytes=224 allocated_us=571809660 enqueue_us=571809750 write_start_us=571810341 write_end_us=571811400
TX_HISTORY sequence=66579 type=4 flags=0x07 encoded_bytes=84 allocated_us=571816416 enqueue_us=571816482 write_start_us=571817361 write_end_us=571817412
TX_HISTORY sequence=66580 type=7 flags=0x07 encoded_bytes=88 allocated_us=571823127 enqueue_us=571823190 write_start_us=571823335 write_end_us=571823381
TX_HISTORY sequence=66581 type=32 flags=0x07 encoded_bytes=40 allocated_us=571830329 enqueue_us=571830354 write_start_us=571830363 write_end_us=571830385
TX_HISTORY sequence=66582 type=4 flags=0x07 encoded_bytes=84 allocated_us=571836249 enqueue_us=571836293 write_start_us=571836341 write_end_us=571836375
TX_HISTORY sequence=66583 type=5 flags=0x07 encoded_bytes=224 allocated_us=571842648 enqueue_us=571842737 write_start_us=571843328 write_end_us=571844407
TX_HISTORY sequence=66584 type=56 flags=0x07 encoded_bytes=184 allocated_us=571846378 enqueue_us=571846459 write_start_us=571847333 write_end_us=571847984
TX_HISTORY sequence=66585 type=7 flags=0x07 encoded_bytes=88 allocated_us=571852980 enqueue_us=571853033 write_start_us=571853330 write_end_us=571853362
TX_HISTORY sequence=66586 type=4 flags=0x07 encoded_bytes=84 allocated_us=571856273 enqueue_us=571856357 write_start_us=571857338 write_end_us=571857379
TX_HISTORY sequence=66587 type=22 flags=0x07 encoded_bytes=148 allocated_us=571865372 enqueue_us=571865449 write_start_us=571866331 write_end_us=571866586
TX_HISTORY sequence=66588 type=5 flags=0x07 encoded_bytes=224 allocated_us=571875562 enqueue_us=571875643 write_start_us=571876341 write_end_us=571877435
TX_HISTORY sequence=66589 type=4 flags=0x07 encoded_bytes=84 allocated_us=571876268 enqueue_us=571877458 write_start_us=571877487 write_end_us=571878408
TX_HISTORY sequence=66590 type=16 flags=0x07 encoded_bytes=96 allocated_us=571881154 enqueue_us=571881210 write_start_us=571881340 write_end_us=571881386
TX_HISTORY sequence=66591 type=57 flags=0x07 encoded_bytes=72 allocated_us=571883366 enqueue_us=571883415 write_start_us=571884333 write_end_us=571884364
TX_HISTORY sequence=66592 type=7 flags=0x07 encoded_bytes=88 allocated_us=571886012 enqueue_us=571886053 write_start_us=571886326 write_end_us=571886345
TX_HISTORY sequence=66593 type=4 flags=0x07 encoded_bytes=84 allocated_us=571896282 enqueue_us=571896363 write_start_us=571897347 write_end_us=571897390
TX_HISTORY sequence=66594 type=56 flags=0x07 encoded_bytes=184 allocated_us=571896408 enqueue_us=571896473 write_start_us=571897414 write_end_us=571898905
TX_HISTORY sequence=66595 type=5 flags=0x07 encoded_bytes=224 allocated_us=571908637 enqueue_us=571908719 write_start_us=571909331 write_end_us=571910390
TX_HISTORY sequence=66596 type=4 flags=0x07 encoded_bytes=84 allocated_us=571916235 enqueue_us=571916298 write_start_us=571916340 write_end_us=571916380
TX_HISTORY sequence=66597 type=7 flags=0x07 encoded_bytes=88 allocated_us=571919166 enqueue_us=571919222 write_start_us=571919333 write_end_us=571919368
TX_HISTORY sequence=66598 type=32 flags=0x07 encoded_bytes=40 allocated_us=571930332 enqueue_us=571930365 write_start_us=571930381 write_end_us=571930403
TX_HISTORY sequence=66599 type=4 flags=0x07 encoded_bytes=84 allocated_us=571937363 enqueue_us=571937407 write_start_us=571938335 write_end_us=571938372
TX_HISTORY sequence=66600 type=5 flags=0x07 encoded_bytes=224 allocated_us=571941608 enqueue_us=571941692 write_start_us=571942328 write_end_us=571943406
TX_HISTORY sequence=66601 type=56 flags=0x07 encoded_bytes=184 allocated_us=571947376 enqueue_us=571947458 write_start_us=571948336 write_end_us=571948968
TX_HISTORY sequence=66602 type=7 flags=0x07 encoded_bytes=88 allocated_us=571952003 enqueue_us=571952055 write_start_us=571952330 write_end_us=571952364
TX_HISTORY sequence=66603 type=4 flags=0x07 encoded_bytes=84 allocated_us=571956237 enqueue_us=571956296 write_start_us=571956340 write_end_us=571956384
TX_HISTORY sequence=66604 type=22 flags=0x07 encoded_bytes=148 allocated_us=571965368 enqueue_us=571965439 write_start_us=571966336 write_end_us=571966572
TX_HISTORY sequence=66605 type=58 flags=0x07 encoded_bytes=72 allocated_us=571967380 enqueue_us=571967411 write_start_us=571968326 write_end_us=571968346
TX_HISTORY sequence=66606 type=5 flags=0x07 encoded_bytes=224 allocated_us=571974556 enqueue_us=571974641 write_start_us=571975328 write_end_us=571976405
TX_HISTORY sequence=66607 type=4 flags=0x07 encoded_bytes=84 allocated_us=571976626 enqueue_us=571976671 write_start_us=571977366 write_end_us=571977424
TX_HISTORY sequence=66608 type=16 flags=0x07 encoded_bytes=96 allocated_us=571979240 enqueue_us=571979296 write_start_us=571979366 write_end_us=571979416
TX_HISTORY sequence=66609 type=57 flags=0x07 encoded_bytes=72 allocated_us=571981351 enqueue_us=571981387 write_start_us=571982331 write_end_us=571982361
TX_HISTORY sequence=66610 type=7 flags=0x07 encoded_bytes=88 allocated_us=571985006 enqueue_us=571985062 write_start_us=571985331 write_end_us=571985362
TX_HISTORY sequence=66611 type=4 flags=0x07 encoded_bytes=84 allocated_us=571996253 enqueue_us=571996409 write_start_us=571996341 write_end_us=571996381
TX_HISTORY sequence=66612 type=56 flags=0x07 encoded_bytes=184 allocated_us=571998543 enqueue_us=571998611 write_start_us=571999331 write_end_us=571999967
TX_HISTORY sequence=66613 type=5 flags=0x07 encoded_bytes=224 allocated_us=572007641 enqueue_us=572007722 write_start_us=572008327 write_end_us=572009392
TX_HISTORY sequence=66614 type=4 flags=0x07 encoded_bytes=84 allocated_us=572016377 enqueue_us=572016439 write_start_us=572017339 write_end_us=572017386
TX_HISTORY sequence=66615 type=7 flags=0x07 encoded_bytes=88 allocated_us=572018074 enqueue_us=572018108 write_start_us=572018330 write_end_us=572018352
TX_HISTORY sequence=66616 type=32 flags=0x07 encoded_bytes=40 allocated_us=572030332 enqueue_us=572030368 write_start_us=572030380 write_end_us=572030412
TX_HISTORY sequence=66617 type=4 flags=0x07 encoded_bytes=84 allocated_us=572036127 enqueue_us=572036171 write_start_us=572036336 write_end_us=572036368
TX_HISTORY sequence=66618 type=5 flags=0x07 encoded_bytes=224 allocated_us=572040611 enqueue_us=572040701 write_start_us=572041331 write_end_us=572042399
TX_HISTORY sequence=66619 type=56 flags=0x07 encoded_bytes=184 allocated_us=572048378 enqueue_us=572048465 write_start_us=572049334 write_end_us=572049968
TX_HISTORY sequence=66620 type=7 flags=0x07 encoded_bytes=88 allocated_us=572051052 enqueue_us=572051097 write_start_us=572051326 write_end_us=572051345
TX_HISTORY sequence=66621 type=4 flags=0x07 encoded_bytes=84 allocated_us=572056213 enqueue_us=572056272 write_start_us=572056337 write_end_us=572056380
TX_HISTORY sequence=66622 type=22 flags=0x07 encoded_bytes=148 allocated_us=572066370 enqueue_us=572066444 write_start_us=572067334 write_end_us=572067582
TX_HISTORY sequence=66623 type=5 flags=0x07 encoded_bytes=224 allocated_us=572073562 enqueue_us=572073640 write_start_us=572074327 write_end_us=572075406
TX_HISTORY sequence=66624 type=4 flags=0x07 encoded_bytes=84 allocated_us=572076178 enqueue_us=572076234 write_start_us=572076366 write_end_us=572076400
TX_HISTORY sequence=66625 type=16 flags=0x07 encoded_bytes=96 allocated_us=572078362 enqueue_us=572078415 write_start_us=572079354 write_end_us=572079394
TX_HISTORY sequence=66626 type=57 flags=0x07 encoded_bytes=72 allocated_us=572080348 enqueue_us=572080386 write_start_us=572081339 write_end_us=572081370
TX_HISTORY sequence=66627 type=7 flags=0x07 encoded_bytes=88 allocated_us=572084006 enqueue_us=572084058 write_start_us=572084330 write_end_us=572084361
TX_HISTORY sequence=66628 type=4 flags=0x07 encoded_bytes=84 allocated_us=572096379 enqueue_us=572096441 write_start_us=572097341 write_end_us=572097379
TX_HISTORY sequence=66629 type=56 flags=0x07 encoded_bytes=184 allocated_us=572098426 enqueue_us=572098494 write_start_us=572099328 write_end_us=572099953
TX_HISTORY sequence=66630 type=5 flags=0x07 encoded_bytes=224 allocated_us=572106644 enqueue_us=572106729 write_start_us=572107328 write_end_us=572108387
TX_HISTORY sequence=66631 type=4 flags=0x07 encoded_bytes=84 allocated_us=572116163 enqueue_us=572116227 write_start_us=572116336 write_end_us=572116381
TX_HISTORY sequence=66632 type=7 flags=0x07 encoded_bytes=88 allocated_us=572117080 enqueue_us=572117114 write_start_us=572117331 write_end_us=572117355
TX_HISTORY sequence=66633 type=32 flags=0x07 encoded_bytes=40 allocated_us=572130332 enqueue_us=572130366 write_start_us=572130378 write_end_us=572130404
TX_HISTORY sequence=66634 type=4 flags=0x07 encoded_bytes=84 allocated_us=572136099 enqueue_us=572136144 write_start_us=572136337 write_end_us=572136371
TX_HISTORY sequence=66635 type=5 flags=0x07 encoded_bytes=224 allocated_us=572139600 enqueue_us=572139691 write_start_us=572140330 write_end_us=572141382
TX_HISTORY sequence=66636 type=56 flags=0x07 encoded_bytes=184 allocated_us=572149377 enqueue_us=572149463 write_start_us=572150332 write_end_us=572150988
TX_HISTORY sequence=66637 type=7 flags=0x07 encoded_bytes=88 allocated_us=572149983 enqueue_us=572150019 write_start_us=572151007 write_end_us=572151931
TX_HISTORY sequence=66638 type=4 flags=0x07 encoded_bytes=84 allocated_us=572156180 enqueue_us=572156242 write_start_us=572156341 write_end_us=572156378
TX_HISTORY sequence=66639 type=22 flags=0x07 encoded_bytes=148 allocated_us=572166369 enqueue_us=572166439 write_start_us=572167334 write_end_us=572167575
TX_HISTORY sequence=66640 type=58 flags=0x07 encoded_bytes=72 allocated_us=572168381 enqueue_us=572168413 write_start_us=572169328 write_end_us=572169347
TX_HISTORY sequence=66641 type=5 flags=0x07 encoded_bytes=224 allocated_us=572171562 enqueue_us=572171642 write_start_us=572172328 write_end_us=572173380
TX_HISTORY sequence=66642 type=4 flags=0x07 encoded_bytes=84 allocated_us=572176222 enqueue_us=572176283 write_start_us=572176339 write_end_us=572176376
TX_HISTORY sequence=66643 type=16 flags=0x07 encoded_bytes=96 allocated_us=572179773 enqueue_us=572179834 write_start_us=572180366 write_end_us=572180470
TX_HISTORY sequence=66644 type=57 flags=0x07 encoded_bytes=72 allocated_us=572181354 enqueue_us=572181398 write_start_us=572182332 write_end_us=572182356
TX_HISTORY sequence=66645 type=7 flags=0x07 encoded_bytes=88 allocated_us=572183162 enqueue_us=572183197 write_start_us=572183327 write_end_us=572183349
TX_HISTORY sequence=66646 type=4 flags=0x07 encoded_bytes=84 allocated_us=572197079 enqueue_us=572197137 write_start_us=572197336 write_end_us=572197376
TX_HISTORY sequence=66647 type=56 flags=0x07 encoded_bytes=184 allocated_us=572201372 enqueue_us=572201439 write_start_us=572202328 write_end_us=572202957
TX_HISTORY sequence=66648 type=5 flags=0x07 encoded_bytes=224 allocated_us=572205638 enqueue_us=572205721 write_start_us=572206328 write_end_us=572207400
TX_HISTORY sequence=66649 type=7 flags=0x07 encoded_bytes=88 allocated_us=572207675 enqueue_us=572207722 write_start_us=572208330 write_end_us=572208355
TX_HISTORY sequence=66650 type=4 flags=0x07 encoded_bytes=84 allocated_us=572216158 enqueue_us=572216219 write_start_us=572216337 write_end_us=572216376
TX_HISTORY sequence=66651 type=7 flags=0x07 encoded_bytes=88 allocated_us=572220995 enqueue_us=572221052 write_start_us=572221332 write_end_us=572221367
TX_HISTORY sequence=66652 type=32 flags=0x07 encoded_bytes=40 allocated_us=572230330 enqueue_us=572230358 write_start_us=572230369 write_end_us=572230392
TX_HISTORY sequence=66653 type=4 flags=0x07 encoded_bytes=84 allocated_us=572236097 enqueue_us=572236147 write_start_us=572236340 write_end_us=572236376
TX_HISTORY sequence=66654 type=5 flags=0x07 encoded_bytes=224 allocated_us=572237604 enqueue_us=572237689 write_start_us=572238329 write_end_us=572239387
TX_HISTORY sequence=66655 type=7 flags=0x07 encoded_bytes=88 allocated_us=572247980 enqueue_us=572248035 write_start_us=572248332 write_end_us=572248365
TX_HISTORY sequence=66656 type=56 flags=0x07 encoded_bytes=184 allocated_us=572251377 enqueue_us=572251460 write_start_us=572252335 write_end_us=572252986
TX_HISTORY sequence=66657 type=4 flags=0x07 encoded_bytes=84 allocated_us=572256406 enqueue_us=572256464 write_start_us=572257336 write_end_us=572257377
TX_HISTORY sequence=66658 type=22 flags=0x07 encoded_bytes=148 allocated_us=572267368 enqueue_us=572267434 write_start_us=572268331 write_end_us=572268563
TX_HISTORY sequence=66659 type=5 flags=0x07 encoded_bytes=224 allocated_us=572270651 enqueue_us=572270733 write_start_us=572271327 write_end_us=572272382
TX_HISTORY sequence=66660 type=4 flags=0x07 encoded_bytes=84 allocated_us=572276148 enqueue_us=572276209 write_start_us=572276337 write_end_us=572276380
TX_HISTORY sequence=66661 type=7 flags=0x07 encoded_bytes=88 allocated_us=572281026 enqueue_us=572281080 write_start_us=572281332 write_end_us=572281366
TX_HISTORY sequence=66662 type=57 flags=0x07 encoded_bytes=72 allocated_us=572284566 enqueue_us=572284615 write_start_us=572285358 write_end_us=572285389
TX_HISTORY sequence=66663 type=16 flags=0x07 encoded_bytes=96 allocated_us=572284620 enqueue_us=572284660 write_start_us=572285464 write_end_us=572285832
TX_HISTORY sequence=66664 type=4 flags=0x07 encoded_bytes=84 allocated_us=572296157 enqueue_us=572296215 write_start_us=572296340 write_end_us=572296382
TX_HISTORY sequence=66665 type=56 flags=0x07 encoded_bytes=184 allocated_us=572302370 enqueue_us=572302439 write_start_us=572303328 write_end_us=572303959
TX_HISTORY sequence=66666 type=5 flags=0x07 encoded_bytes=224 allocated_us=572303608 enqueue_us=572303689 write_start_us=572303970 write_end_us=572306379
TX_HISTORY sequence=66667 type=7 flags=0x07 encoded_bytes=88 allocated_us=572314017 enqueue_us=572314096 write_start_us=572314334 write_end_us=572314370
TX_HISTORY sequence=66668 type=4 flags=0x07 encoded_bytes=84 allocated_us=572316416 enqueue_us=572316468 write_start_us=572317336 write_end_us=572317376
TX_HISTORY sequence=66669 type=32 flags=0x07 encoded_bytes=40 allocated_us=572330332 enqueue_us=572330371 write_start_us=572330389 write_end_us=572330414
TX_HISTORY sequence=66670 type=4 flags=0x07 encoded_bytes=84 allocated_us=572335997 enqueue_us=572336040 write_start_us=572336331 write_end_us=572336363
TX_HISTORY sequence=66671 type=5 flags=0x07 encoded_bytes=224 allocated_us=572336592 enqueue_us=572336675 write_start_us=572337335 write_end_us=572338390
TX_HISTORY sequence=66672 type=7 flags=0x07 encoded_bytes=88 allocated_us=572346983 enqueue_us=572347040 write_start_us=572347332 write_end_us=572347361
TX_HISTORY sequence=66673 type=4 flags=0x07 encoded_bytes=84 allocated_us=572356156 enqueue_us=572356216 write_start_us=572356343 write_end_us=572356387
TX_HISTORY sequence=66674 type=56 flags=0x07 encoded_bytes=184 allocated_us=572356261 enqueue_us=572356432 write_start_us=572357327 write_end_us=572357949
TX_HISTORY sequence=66675 type=22 flags=0x07 encoded_bytes=148 allocated_us=572367368 enqueue_us=572367422 write_start_us=572368330 write_end_us=572368577
TX_HISTORY sequence=66676 type=58 flags=0x07 encoded_bytes=72 allocated_us=572369373 enqueue_us=572369400 write_start_us=572370331 write_end_us=572370350
TX_HISTORY sequence=66677 type=5 flags=0x07 encoded_bytes=224 allocated_us=572369627 enqueue_us=572369712 write_start_us=572370365 write_end_us=572372184
TX_HISTORY sequence=66678 type=4 flags=0x07 encoded_bytes=84 allocated_us=572376117 enqueue_us=572376178 write_start_us=572376340 write_end_us=572376381
TX_HISTORY sequence=66679 type=7 flags=0x07 encoded_bytes=88 allocated_us=572379996 enqueue_us=572380055 write_start_us=572380334 write_end_us=572380364
TX_HISTORY sequence=66680 type=16 flags=0x07 encoded_bytes=96 allocated_us=572384609 enqueue_us=572384670 write_start_us=572385337 write_end_us=572385407
TX_HISTORY sequence=66681 type=57 flags=0x07 encoded_bytes=72 allocated_us=572385453 enqueue_us=572385481 write_start_us=572386328 write_end_us=572386348
TX_HISTORY sequence=66682 type=4 flags=0x07 encoded_bytes=84 allocated_us=572396238 enqueue_us=572396301 write_start_us=572396340 write_end_us=572396387
TX_HISTORY sequence=66683 type=5 flags=0x07 encoded_bytes=224 allocated_us=572402654 enqueue_us=572402735 write_start_us=572403331 write_end_us=572404386
TX_HISTORY sequence=66684 type=56 flags=0x07 encoded_bytes=184 allocated_us=572406378 enqueue_us=572406461 write_start_us=572407333 write_end_us=572407987
TX_HISTORY sequence=66685 type=7 flags=0x07 encoded_bytes=88 allocated_us=572412978 enqueue_us=572413032 write_start_us=572413335 write_end_us=572413373
TX_HISTORY sequence=66686 type=4 flags=0x07 encoded_bytes=84 allocated_us=572416209 enqueue_us=572416266 write_start_us=572416338 write_end_us=572416376
TX_HISTORY sequence=66687 type=32 flags=0x07 encoded_bytes=40 allocated_us=572430332 enqueue_us=572430371 write_start_us=572430384 write_end_us=572430409
TX_HISTORY sequence=66688 type=5 flags=0x07 encoded_bytes=224 allocated_us=572435574 enqueue_us=572435653 write_start_us=572436339 write_end_us=572437403
TX_HISTORY sequence=66689 type=4 flags=0x07 encoded_bytes=84 allocated_us=572436018 enqueue_us=572436064 write_start_us=572437416 write_end_us=572438322
TX_HISTORY sequence=66690 type=7 flags=0x07 encoded_bytes=88 allocated_us=572445990 enqueue_us=572446049 write_start_us=572446332 write_end_us=572446369
TX_HISTORY sequence=66691 type=4 flags=0x07 encoded_bytes=84 allocated_us=572456067 enqueue_us=572456123 write_start_us=572456344 write_end_us=572456382
TX_HISTORY sequence=66692 type=56 flags=0x07 encoded_bytes=184 allocated_us=572456168 enqueue_us=572456231 write_start_us=572456408 write_end_us=572457899
TX_HISTORY sequence=66693 type=22 flags=0x07 encoded_bytes=148 allocated_us=572467375 enqueue_us=572467429 write_start_us=572468331 write_end_us=572468565
TX_HISTORY sequence=66694 type=5 flags=0x07 encoded_bytes=224 allocated_us=572468617 enqueue_us=572468700 write_start_us=572469328 write_end_us=572471023
TX_HISTORY sequence=66695 type=4 flags=0x07 encoded_bytes=84 allocated_us=572476214 enqueue_us=572476273 write_start_us=572476340 write_end_us=572476376
TX_HISTORY sequence=66696 type=7 flags=0x07 encoded_bytes=88 allocated_us=572479095 enqueue_us=572479152 write_start_us=572479333 write_end_us=572479373
TX_HISTORY sequence=66697 type=57 flags=0x07 encoded_bytes=72 allocated_us=572484586 enqueue_us=572484654 write_start_us=572485337 write_end_us=572485406
TX_HISTORY sequence=66698 type=16 flags=0x07 encoded_bytes=96 allocated_us=572484634 enqueue_us=572484674 write_start_us=572485433 write_end_us=572485877
TX_HISTORY sequence=66699 type=4 flags=0x07 encoded_bytes=84 allocated_us=572496079 enqueue_us=572496133 write_start_us=572496344 write_end_us=572496387
TX_HISTORY sequence=66700 type=5 flags=0x07 encoded_bytes=224 allocated_us=572501643 enqueue_us=572501727 write_start_us=572502329 write_end_us=572503384
TX_HISTORY sequence=66701 type=56 flags=0x07 encoded_bytes=184 allocated_us=572507379 enqueue_us=572507465 write_start_us=572508333 write_end_us=572508969
TX_HISTORY sequence=66702 type=7 flags=0x07 encoded_bytes=88 allocated_us=572512001 enqueue_us=572512052 write_start_us=572512335 write_end_us=572512364
TX_HISTORY sequence=66703 type=4 flags=0x07 encoded_bytes=84 allocated_us=572516065 enqueue_us=572516132 write_start_us=572516336 write_end_us=572516383
TX_HISTORY sequence=66704 type=32 flags=0x07 encoded_bytes=40 allocated_us=572530332 enqueue_us=572530369 write_start_us=572530383 write_end_us=572530406
TX_HISTORY sequence=66705 type=5 flags=0x07 encoded_bytes=224 allocated_us=572534556 enqueue_us=572534635 write_start_us=572535329 write_end_us=572536396
TX_HISTORY sequence=66706 type=4 flags=0x07 encoded_bytes=84 allocated_us=572536632 enqueue_us=572536698 write_start_us=572537341 write_end_us=572537379
TX_HISTORY sequence=66707 type=7 flags=0x07 encoded_bytes=88 allocated_us=572544987 enqueue_us=572545045 write_start_us=572545334 write_end_us=572545367
TX_HISTORY sequence=66708 type=4 flags=0x07 encoded_bytes=84 allocated_us=572556109 enqueue_us=572556169 write_start_us=572556347 write_end_us=572556395
TX_HISTORY sequence=66709 type=56 flags=0x07 encoded_bytes=184 allocated_us=572557451 enqueue_us=572557518 write_start_us=572558331 write_end_us=572558961
TX_HISTORY sequence=66710 type=5 flags=0x07 encoded_bytes=224 allocated_us=572566628 enqueue_us=572566711 write_start_us=572567330 write_end_us=572568400
TX_HISTORY sequence=66711 type=22 flags=0x07 encoded_bytes=148 allocated_us=572568431 enqueue_us=572568499 write_start_us=572569329 write_end_us=572570011
TX_HISTORY sequence=66712 type=58 flags=0x07 encoded_bytes=72 allocated_us=572570382 enqueue_us=572570413 write_start_us=572571328 write_end_us=572571351
TX_HISTORY sequence=66713 type=4 flags=0x07 encoded_bytes=84 allocated_us=572576037 enqueue_us=572576098 write_start_us=572576336 write_end_us=572576377
TX_HISTORY sequence=66714 type=7 flags=0x07 encoded_bytes=88 allocated_us=572577125 enqueue_us=572577160 write_start_us=572577329 write_end_us=572577357
TX_HISTORY sequence=66715 type=11 flags=0x07 encoded_bytes=56 allocated_us=572578774 enqueue_us=572578803 write_start_us=572579331 write_end_us=572579358
TX_HISTORY sequence=66716 type=57 flags=0x07 encoded_bytes=72 allocated_us=572588572 enqueue_us=572588639 write_start_us=572589391 write_end_us=572589453
TX_HISTORY sequence=66717 type=16 flags=0x07 encoded_bytes=96 allocated_us=572588618 enqueue_us=572588660 write_start_us=572589482 write_end_us=572589926
TX_HISTORY sequence=66718 type=4 flags=0x07 encoded_bytes=84 allocated_us=572596048 enqueue_us=572596101 write_start_us=572596346 write_end_us=572596386
TX_HISTORY sequence=66719 type=5 flags=0x07 encoded_bytes=224 allocated_us=572604050 enqueue_us=572604138 write_start_us=572604328 write_end_us=572605393
TX_HISTORY sequence=66720 type=56 flags=0x07 encoded_bytes=184 allocated_us=572607378 enqueue_us=572607460 write_start_us=572608337 write_end_us=572608971
TX_HISTORY sequence=66721 type=7 flags=0x07 encoded_bytes=88 allocated_us=572614091 enqueue_us=572614147 write_start_us=572614331 write_end_us=572614364
TX_HISTORY sequence=66722 type=4 flags=0x07 encoded_bytes=84 allocated_us=572616043 enqueue_us=572616109 write_start_us=572616335 write_end_us=572616377
TX_HISTORY sequence=66723 type=32 flags=0x07 encoded_bytes=40 allocated_us=572630332 enqueue_us=572630368 write_start_us=572630381 write_end_us=572630406
TX_HISTORY sequence=66724 type=5 flags=0x07 encoded_bytes=224 allocated_us=572632566 enqueue_us=572632648 write_start_us=572633330 write_end_us=572634391
TX_HISTORY sequence=66725 type=4 flags=0x07 encoded_bytes=84 allocated_us=572637111 enqueue_us=572637175 write_start_us=572637340 write_end_us=572637381
TX_HISTORY sequence=66726 type=7 flags=0x07 encoded_bytes=88 allocated_us=572642987 enqueue_us=572643046 write_start_us=572643332 write_end_us=572643363
TX_HISTORY sequence=66727 type=4 flags=0x07 encoded_bytes=84 allocated_us=572655981 enqueue_us=572656038 write_start_us=572656337 write_end_us=572656380
TX_HISTORY sequence=66728 type=56 flags=0x07 encoded_bytes=184 allocated_us=572657392 enqueue_us=572657460 write_start_us=572658330 write_end_us=572658957
TX_HISTORY sequence=66729 type=5 flags=0x07 encoded_bytes=224 allocated_us=572665627 enqueue_us=572665709 write_start_us=572666327 write_end_us=572667408
TX_HISTORY sequence=66730 type=22 flags=0x07 encoded_bytes=148 allocated_us=572669345 enqueue_us=572669417 write_start_us=572670333 write_end_us=572670572
TX_HISTORY sequence=66731 type=4 flags=0x07 encoded_bytes=84 allocated_us=572676009 enqueue_us=572676089 write_start_us=572676335 write_end_us=572676378
TX_HISTORY sequence=66732 type=7 flags=0x07 encoded_bytes=88 allocated_us=572676049 enqueue_us=572676092 write_start_us=572676400 write_end_us=572676874
TX_HISTORY sequence=66733 type=4 flags=0x07 encoded_bytes=84 allocated_us=572696186 enqueue_us=572696247 write_start_us=572696342 write_end_us=572696382
TX_HISTORY sequence=66734 type=5 flags=0x07 encoded_bytes=224 allocated_us=572698646 enqueue_us=572698729 write_start_us=572699329 write_end_us=572700428
TX_HISTORY sequence=66735 type=16 flags=0x07 encoded_bytes=96 allocated_us=572703197 enqueue_us=572703255 write_start_us=572703364 write_end_us=572703422
TX_HISTORY sequence=66736 type=57 flags=0x07 encoded_bytes=72 allocated_us=572704359 enqueue_us=572704406 write_start_us=572705328 write_end_us=572705358
TX_HISTORY sequence=66737 type=56 flags=0x07 encoded_bytes=184 allocated_us=572708380 enqueue_us=572708463 write_start_us=572709333 write_end_us=572709974
TX_HISTORY sequence=66738 type=7 flags=0x07 encoded_bytes=88 allocated_us=572708985 enqueue_us=572709020 write_start_us=572709987 write_end_us=572710936
TX_HISTORY sequence=66739 type=4 flags=0x07 encoded_bytes=84 allocated_us=572716026 enqueue_us=572716090 write_start_us=572716340 write_end_us=572716378
TX_HISTORY sequence=66740 type=32 flags=0x07 encoded_bytes=40 allocated_us=572730331 enqueue_us=572730368 write_start_us=572730379 write_end_us=572730407
TX_HISTORY sequence=66741 type=5 flags=0x07 encoded_bytes=224 allocated_us=572731573 enqueue_us=572731652 write_start_us=572732327 write_end_us=572733377
TX_HISTORY sequence=66742 type=4 flags=0x07 encoded_bytes=84 allocated_us=572736218 enqueue_us=572736278 write_start_us=572736342 write_end_us=572736381
TX_HISTORY sequence=66743 type=7 flags=0x07 encoded_bytes=88 allocated_us=572741990 enqueue_us=572742047 write_start_us=572742333 write_end_us=572742371
TX_HISTORY sequence=66744 type=4 flags=0x07 encoded_bytes=84 allocated_us=572755956 enqueue_us=572756034 write_start_us=572756340 write_end_us=572756379
TX_HISTORY sequence=66745 type=56 flags=0x07 encoded_bytes=184 allocated_us=572759371 enqueue_us=572759437 write_start_us=572760328 write_end_us=572760957
TX_HISTORY sequence=66746 type=5 flags=0x07 encoded_bytes=224 allocated_us=572764645 enqueue_us=572764725 write_start_us=572765328 write_end_us=572766384
TX_HISTORY sequence=66747 type=22 flags=0x07 encoded_bytes=148 allocated_us=572770349 enqueue_us=572770420 write_start_us=572771333 write_end_us=572771572
TX_HISTORY sequence=66748 type=58 flags=0x07 encoded_bytes=72 allocated_us=572770467 enqueue_us=572770493 write_start_us=572771584 write_end_us=572772366
TX_HISTORY sequence=66749 type=7 flags=0x07 encoded_bytes=88 allocated_us=572775074 enqueue_us=572775122 write_start_us=572775330 write_end_us=572775365
TX_HISTORY sequence=66750 type=4 flags=0x07 encoded_bytes=84 allocated_us=572776128 enqueue_us=572776196 write_start_us=572776337 write_end_us=572776374
TX_HISTORY sequence=66751 type=4 flags=0x07 encoded_bytes=84 allocated_us=572795905 enqueue_us=572795959 write_start_us=572796338 write_end_us=572796377
TX_HISTORY sequence=66752 type=5 flags=0x07 encoded_bytes=224 allocated_us=572797597 enqueue_us=572797684 write_start_us=572798331 write_end_us=572799419
TX_HISTORY sequence=66753 type=16 flags=0x07 encoded_bytes=96 allocated_us=572802228 enqueue_us=572802284 write_start_us=572802357 write_end_us=572802519
TX_HISTORY sequence=66754 type=57 flags=0x07 encoded_bytes=72 allocated_us=572803352 enqueue_us=572803401 write_start_us=572804331 write_end_us=572804358
TX_HISTORY sequence=66755 type=7 flags=0x07 encoded_bytes=88 allocated_us=572807984 enqueue_us=572808040 write_start_us=572808328 write_end_us=572808355
TX_HISTORY sequence=66756 type=56 flags=0x07 encoded_bytes=184 allocated_us=572809402 enqueue_us=572809503 write_start_us=572810339 write_end_us=572810984
TX_HISTORY sequence=66757 type=4 flags=0x07 encoded_bytes=84 allocated_us=572816237 enqueue_us=572816366 write_start_us=572817346 write_end_us=572817395
TX_HISTORY sequence=66758 type=32 flags=0x07 encoded_bytes=40 allocated_us=572830337 enqueue_us=572830380 write_start_us=572830398 write_end_us=572830437
TX_HISTORY sequence=66759 type=5 flags=0x07 encoded_bytes=224 allocated_us=572833737 enqueue_us=572833833 write_start_us=572834329 write_end_us=572835402
TX_HISTORY sequence=66760 type=4 flags=0x07 encoded_bytes=84 allocated_us=572836022 enqueue_us=572836071 write_start_us=572836338 write_end_us=572836374
TX_HISTORY sequence=66761 type=7 flags=0x07 encoded_bytes=88 allocated_us=572843995 enqueue_us=572844053 write_start_us=572844335 write_end_us=572844367
TX_HISTORY sequence=66762 type=4 flags=0x07 encoded_bytes=84 allocated_us=572856022 enqueue_us=572856077 write_start_us=572856334 write_end_us=572856375
TX_HISTORY sequence=66763 type=56 flags=0x07 encoded_bytes=184 allocated_us=572860372 enqueue_us=572860440 write_start_us=572861330 write_end_us=572861964
TX_HISTORY sequence=66764 type=5 flags=0x07 encoded_bytes=224 allocated_us=572863624 enqueue_us=572863708 write_start_us=572864328 write_end_us=572865387
TX_HISTORY sequence=66765 type=22 flags=0x07 encoded_bytes=148 allocated_us=572871346 enqueue_us=572871430 write_start_us=572872333 write_end_us=572872580
TX_HISTORY sequence=66766 type=7 flags=0x07 encoded_bytes=88 allocated_us=572874082 enqueue_us=572874120 write_start_us=572874330 write_end_us=572874358
TX_HISTORY sequence=66767 type=4 flags=0x07 encoded_bytes=84 allocated_us=572875988 enqueue_us=572876049 write_start_us=572876337 write_end_us=572876375
TX_HISTORY sequence=66768 type=5 flags=0x07 encoded_bytes=224 allocated_us=572895559 enqueue_us=572895671 write_start_us=572896343 write_end_us=572897426
TX_HISTORY sequence=66769 type=4 flags=0x07 encoded_bytes=84 allocated_us=572895929 enqueue_us=572895966 write_start_us=572897440 write_end_us=572898319
TX_HISTORY sequence=66770 type=7 flags=0x07 encoded_bytes=88 allocated_us=572905987 enqueue_us=572906044 write_start_us=572906336 write_end_us=572906371
TX_HISTORY sequence=66771 type=56 flags=0x07 encoded_bytes=184 allocated_us=572910375 enqueue_us=572910455 write_start_us=572911333 write_end_us=572911985
TX_HISTORY sequence=66772 type=4 flags=0x07 encoded_bytes=84 allocated_us=572915908 enqueue_us=572915979 write_start_us=572916339 write_end_us=572916375
TX_HISTORY sequence=66773 type=5 flags=0x07 encoded_bytes=224 allocated_us=572928618 enqueue_us=572928701 write_start_us=572929327 write_end_us=572930408
TX_HISTORY sequence=66774 type=32 flags=0x07 encoded_bytes=40 allocated_us=572931325 enqueue_us=572931346 write_start_us=572931416 write_end_us=572931469
TX_HISTORY sequence=66775 type=16 flags=0x07 encoded_bytes=96 allocated_us=572933248 enqueue_us=572933318 write_start_us=572933347 write_end_us=572933379
TX_HISTORY sequence=66776 type=4 flags=0x07 encoded_bytes=84 allocated_us=572936281 enqueue_us=572936363 write_start_us=572937336 write_end_us=572937376
TX_HISTORY sequence=66777 type=57 flags=0x07 encoded_bytes=72 allocated_us=572936388 enqueue_us=572936424 write_start_us=572937401 write_end_us=572937687
TX_HISTORY sequence=66778 type=7 flags=0x07 encoded_bytes=88 allocated_us=572939142 enqueue_us=572939196 write_start_us=572939329 write_end_us=572939356
TX_HISTORY sequence=66779 type=4 flags=0x07 encoded_bytes=84 allocated_us=572955880 enqueue_us=572955935 write_start_us=572956336 write_end_us=572956370
TX_HISTORY sequence=66780 type=56 flags=0x07 encoded_bytes=184 allocated_us=572960372 enqueue_us=572960440 write_start_us=572961328 write_end_us=572961964
TX_HISTORY sequence=66781 type=5 flags=0x07 encoded_bytes=224 allocated_us=572961634 enqueue_us=572961719 write_start_us=572961975 write_end_us=572964384
TX_HISTORY sequence=66782 type=58 flags=0x07 encoded_bytes=72 allocated_us=572970393 enqueue_us=572970447 write_start_us=572971332 write_end_us=572971358
TX_HISTORY sequence=66783 type=7 flags=0x07 encoded_bytes=88 allocated_us=572971988 enqueue_us=572972020 write_start_us=572972327 write_end_us=572972346
TX_HISTORY sequence=66784 type=22 flags=0x07 encoded_bytes=148 allocated_us=572972370 enqueue_us=572972422 write_start_us=572973333 write_end_us=572973589
TX_HISTORY sequence=66785 type=4 flags=0x07 encoded_bytes=84 allocated_us=572975974 enqueue_us=572976040 write_start_us=572976338 write_end_us=572976377
TX_HISTORY sequence=66786 type=5 flags=0x07 encoded_bytes=224 allocated_us=572994559 enqueue_us=572994659 write_start_us=572995335 write_end_us=572996395
TX_HISTORY sequence=66787 type=4 flags=0x07 encoded_bytes=84 allocated_us=572996620 enqueue_us=572996677 write_start_us=572997337 write_end_us=572997375
TX_HISTORY sequence=66788 type=7 flags=0x07 encoded_bytes=88 allocated_us=573004994 enqueue_us=573005051 write_start_us=573005333 write_end_us=573005365
TX_HISTORY sequence=66789 type=56 flags=0x07 encoded_bytes=184 allocated_us=573011372 enqueue_us=573011442 write_start_us=573012331 write_end_us=573012969
TX_HISTORY sequence=66790 type=4 flags=0x07 encoded_bytes=84 allocated_us=573016504 enqueue_us=573016566 write_start_us=573017339 write_end_us=573017371
TX_HISTORY sequence=66791 type=5 flags=0x07 encoded_bytes=224 allocated_us=573027639 enqueue_us=573027721 write_start_us=573028328 write_end_us=573029409
TX_HISTORY sequence=66792 type=32 flags=0x07 encoded_bytes=40 allocated_us=573031329 enqueue_us=573031351 write_start_us=573031409 write_end_us=573031434
TX_HISTORY sequence=66793 type=16 flags=0x07 encoded_bytes=96 allocated_us=573032289 enqueue_us=573032342 write_start_us=573033333 write_end_us=573033382
TX_HISTORY sequence=66794 type=4 flags=0x07 encoded_bytes=84 allocated_us=573036058 enqueue_us=573036131 write_start_us=573036337 write_end_us=573036379
TX_HISTORY sequence=66795 type=57 flags=0x07 encoded_bytes=72 allocated_us=573036171 enqueue_us=573036202 write_start_us=573036400 write_end_us=573036684
TX_HISTORY sequence=66796 type=7 flags=0x07 encoded_bytes=88 allocated_us=573038154 enqueue_us=573038193 write_start_us=573038330 write_end_us=573038359
TX_HISTORY sequence=66797 type=4 flags=0x07 encoded_bytes=84 allocated_us=573055847 enqueue_us=573055907 write_start_us=573056338 write_end_us=573056373
TX_HISTORY sequence=66798 type=5 flags=0x07 encoded_bytes=224 allocated_us=573060616 enqueue_us=573060698 write_start_us=573061329 write_end_us=573062381
TX_HISTORY sequence=66799 type=56 flags=0x07 encoded_bytes=184 allocated_us=573062447 enqueue_us=573062531 write_start_us=573063332 write_end_us=573064408
TX_HISTORY sequence=66800 type=7 flags=0x07 encoded_bytes=88 allocated_us=573070972 enqueue_us=573071023 write_start_us=573071332 write_end_us=573071361
TX_HISTORY sequence=66801 type=22 flags=0x07 encoded_bytes=148 allocated_us=573072345 enqueue_us=573072407 write_start_us=573073328 write_end_us=573073565
TX_HISTORY sequence=66802 type=4 flags=0x07 encoded_bytes=84 allocated_us=573075935 enqueue_us=573075998 write_start_us=573076339 write_end_us=573076374
TX_HISTORY sequence=66803 type=5 flags=0x07 encoded_bytes=224 allocated_us=573093558 enqueue_us=573093683 write_start_us=573094333 write_end_us=573095387
TX_HISTORY sequence=66804 type=4 flags=0x07 encoded_bytes=84 allocated_us=573095890 enqueue_us=573095948 write_start_us=573096342 write_end_us=573096376
TX_HISTORY sequence=66805 type=7 flags=0x07 encoded_bytes=88 allocated_us=573103992 enqueue_us=573104047 write_start_us=573104335 write_end_us=573104373
TX_HISTORY sequence=66806 type=56 flags=0x07 encoded_bytes=184 allocated_us=573112373 enqueue_us=573112456 write_start_us=573113333 write_end_us=573113966
TX_HISTORY sequence=66807 type=4 flags=0x07 encoded_bytes=84 allocated_us=573116847 enqueue_us=573116896 write_start_us=573117338 write_end_us=573117372
TX_HISTORY sequence=66808 type=5 flags=0x07 encoded_bytes=224 allocated_us=573126650 enqueue_us=573126739 write_start_us=573127329 write_end_us=573128395
TX_HISTORY sequence=66809 type=32 flags=0x07 encoded_bytes=40 allocated_us=573131334 enqueue_us=573131367 write_start_us=573131439 write_end_us=573131494
TX_HISTORY sequence=66810 type=57 flags=0x07 encoded_bytes=72 allocated_us=573132657 enqueue_us=573132705 write_start_us=573133343 write_end_us=573133402
TX_HISTORY sequence=66811 type=16 flags=0x07 encoded_bytes=96 allocated_us=573132718 enqueue_us=573132755 write_start_us=573133480 write_end_us=573133851
TX_HISTORY sequence=66812 type=7 flags=0x07 encoded_bytes=88 allocated_us=573136407 enqueue_us=573136465 write_start_us=573137343 write_end_us=573137384
TX_HISTORY sequence=66813 type=4 flags=0x07 encoded_bytes=84 allocated_us=573136909 enqueue_us=573136943 write_start_us=573137406 write_end_us=573137879
TX_HISTORY sequence=66814 type=4 flags=0x07 encoded_bytes=84 allocated_us=573156032 enqueue_us=573156090 write_start_us=573156336 write_end_us=573156372
TX_HISTORY sequence=66815 type=5 flags=0x07 encoded_bytes=224 allocated_us=573159578 enqueue_us=573159662 write_start_us=573160329 write_end_us=573161401
TX_HISTORY sequence=66816 type=56 flags=0x07 encoded_bytes=184 allocated_us=573163375 enqueue_us=573163458 write_start_us=573164333 write_end_us=573164987
TX_HISTORY sequence=66817 type=7 flags=0x07 encoded_bytes=88 allocated_us=573169975 enqueue_us=573170028 write_start_us=573170332 write_end_us=573170367
TX_HISTORY sequence=66818 type=58 flags=0x07 encoded_bytes=72 allocated_us=573171383 enqueue_us=573171424 write_start_us=573172329 write_end_us=573172353
TX_HISTORY sequence=66819 type=4 flags=0x07 encoded_bytes=84 allocated_us=573175900 enqueue_us=573175963 write_start_us=573176342 write_end_us=573176384
TX_HISTORY sequence=66820 type=22 flags=0x07 encoded_bytes=148 allocated_us=573176003 enqueue_us=573176054 write_start_us=573176408 write_end_us=573177508
TX_HISTORY sequence=66821 type=5 flags=0x07 encoded_bytes=224 allocated_us=573192538 enqueue_us=573192638 write_start_us=573193334 write_end_us=573194401
TX_HISTORY sequence=66822 type=4 flags=0x07 encoded_bytes=84 allocated_us=573197108 enqueue_us=573197170 write_start_us=573197341 write_end_us=573197378
TX_HISTORY sequence=66823 type=7 flags=0x07 encoded_bytes=88 allocated_us=573202991 enqueue_us=573203047 write_start_us=573203332 write_end_us=573203368
TX_HISTORY sequence=66824 type=56 flags=0x07 encoded_bytes=184 allocated_us=573213372 enqueue_us=573213454 write_start_us=573214335 write_end_us=573214981
TX_HISTORY sequence=66825 type=4 flags=0x07 encoded_bytes=84 allocated_us=573217697 enqueue_us=573217737 write_start_us=573218340 write_end_us=573218374
TX_HISTORY sequence=66826 type=5 flags=0x07 encoded_bytes=224 allocated_us=573225637 enqueue_us=573225729 write_start_us=573226331 write_end_us=573227389
TX_HISTORY sequence=66827 type=32 flags=0x07 encoded_bytes=40 allocated_us=573231335 enqueue_us=573231372 write_start_us=573231389 write_end_us=573231447
TX_HISTORY sequence=66828 type=16 flags=0x07 encoded_bytes=96 allocated_us=573233803 enqueue_us=573233860 write_start_us=573234364 write_end_us=573234400
TX_HISTORY sequence=66829 type=7 flags=0x07 encoded_bytes=88 allocated_us=573237227 enqueue_us=573237290 write_start_us=573237337 write_end_us=573237377
TX_HISTORY sequence=66830 type=4 flags=0x07 encoded_bytes=84 allocated_us=573237228 enqueue_us=573237292 write_start_us=573237397 write_end_us=573237851
TX_HISTORY sequence=66831 type=57 flags=0x07 encoded_bytes=72 allocated_us=573237876 enqueue_us=573237905 write_start_us=573238327 write_end_us=573238627
TX_HISTORY sequence=66832 type=4 flags=0x07 encoded_bytes=84 allocated_us=573255726 enqueue_us=573255781 write_start_us=573256336 write_end_us=573256372
TX_HISTORY sequence=66833 type=5 flags=0x07 encoded_bytes=224 allocated_us=573258652 enqueue_us=573258733 write_start_us=573259329 write_end_us=573260398
TX_HISTORY sequence=66834 type=56 flags=0x07 encoded_bytes=184 allocated_us=573264375 enqueue_us=573264462 write_start_us=573265334 write_end_us=573265985
TX_HISTORY sequence=66835 type=7 flags=0x07 encoded_bytes=88 allocated_us=573269002 enqueue_us=573269056 write_start_us=573269332 write_end_us=573269365
TX_HISTORY sequence=66836 type=4 flags=0x07 encoded_bytes=84 allocated_us=573275840 enqueue_us=573275934 write_start_us=573276342 write_end_us=573276383
TX_HISTORY sequence=66837 type=22 flags=0x07 encoded_bytes=148 allocated_us=573275977 enqueue_us=573276029 write_start_us=573276408 write_end_us=573277514
TX_HISTORY sequence=66838 type=5 flags=0x07 encoded_bytes=224 allocated_us=573291108 enqueue_us=573291203 write_start_us=573291332 write_end_us=573292388
TX_HISTORY sequence=66839 type=4 flags=0x07 encoded_bytes=84 allocated_us=573295809 enqueue_us=573295890 write_start_us=573296338 write_end_us=573296379
TX_HISTORY sequence=66840 type=7 flags=0x07 encoded_bytes=88 allocated_us=573301019 enqueue_us=573301074 write_start_us=573301333 write_end_us=573301366
TX_HISTORY sequence=66841 type=4 flags=0x07 encoded_bytes=84 allocated_us=573315894 enqueue_us=573315957 write_start_us=573316339 write_end_us=573316378
TX_HISTORY sequence=66842 type=56 flags=0x07 encoded_bytes=184 allocated_us=573315998 enqueue_us=573316061 write_start_us=573316404 write_end_us=573317888
TX_HISTORY sequence=66843 type=5 flags=0x07 encoded_bytes=224 allocated_us=573323631 enqueue_us=573323711 write_start_us=573324329 write_end_us=573325391
TX_HISTORY sequence=66844 type=32 flags=0x07 encoded_bytes=40 allocated_us=573331331 enqueue_us=573331366 write_start_us=573331378 write_end_us=573331402
TX_HISTORY sequence=66845 type=7 flags=0x07 encoded_bytes=88 allocated_us=573334117 enqueue_us=573334161 write_start_us=573334334 write_end_us=573334368
TX_HISTORY sequence=66846 type=4 flags=0x07 encoded_bytes=84 allocated_us=573335855 enqueue_us=573335901 write_start_us=573336379 write_end_us=573336414
TX_HISTORY sequence=66847 type=16 flags=0x07 encoded_bytes=96 allocated_us=573337776 enqueue_us=573337856 write_start_us=573338393 write_end_us=573338430
TX_HISTORY sequence=66848 type=57 flags=0x07 encoded_bytes=72 allocated_us=573337919 enqueue_us=573337952 write_start_us=573338506 write_end_us=573338887
TX_HISTORY sequence=66849 type=4 flags=0x07 encoded_bytes=84 allocated_us=573355812 enqueue_us=573355875 write_start_us=573356340 write_end_us=573356387
TX_HISTORY sequence=66850 type=5 flags=0x07 encoded_bytes=224 allocated_us=573356612 enqueue_us=573356697 write_start_us=573357330 write_end_us=573358386
TX_HISTORY sequence=66851 type=56 flags=0x07 encoded_bytes=184 allocated_us=573365384 enqueue_us=573365475 write_start_us=573366334 write_end_us=573366965
TX_HISTORY sequence=66852 type=7 flags=0x07 encoded_bytes=88 allocated_us=573367017 enqueue_us=573367049 write_start_us=573367327 write_end_us=573367942
TX_HISTORY sequence=66853 type=58 flags=0x07 encoded_bytes=72 allocated_us=573371382 enqueue_us=573371424 write_start_us=573372329 write_end_us=573372353
TX_HISTORY sequence=66854 type=4 flags=0x07 encoded_bytes=84 allocated_us=573375803 enqueue_us=573375866 write_start_us=573376344 write_end_us=573376386
TX_HISTORY sequence=66855 type=22 flags=0x07 encoded_bytes=148 allocated_us=573375932 enqueue_us=573375997 write_start_us=573376411 write_end_us=573377516
TX_HISTORY sequence=66856 type=5 flags=0x07 encoded_bytes=224 allocated_us=573389701 enqueue_us=573389789 write_start_us=573390329 write_end_us=573391395
TX_HISTORY sequence=66857 type=4 flags=0x07 encoded_bytes=84 allocated_us=573395523 enqueue_us=573395583 write_start_us=573396342 write_end_us=573396381
TX_HISTORY sequence=66858 type=7 flags=0x07 encoded_bytes=88 allocated_us=573399999 enqueue_us=573400056 write_start_us=573400333 write_end_us=573400365
TX_HISTORY sequence=66859 type=4 flags=0x07 encoded_bytes=84 allocated_us=573415749 enqueue_us=573415812 write_start_us=573416338 write_end_us=573416386
TX_HISTORY sequence=66860 type=56 flags=0x07 encoded_bytes=184 allocated_us=573415860 enqueue_us=573415924 write_start_us=573416417 write_end_us=573417897
TX_HISTORY sequence=66861 type=5 flags=0x07 encoded_bytes=224 allocated_us=573422656 enqueue_us=573422736 write_start_us=573423331 write_end_us=573424389
TX_HISTORY sequence=66862 type=32 flags=0x07 encoded_bytes=40 allocated_us=573431333 enqueue_us=573431375 write_start_us=573431388 write_end_us=573431418
TX_HISTORY sequence=66863 type=7 flags=0x07 encoded_bytes=88 allocated_us=573432988 enqueue_us=573433031 write_start_us=573433330 write_end_us=573433358
TX_HISTORY sequence=66864 type=4 flags=0x07 encoded_bytes=84 allocated_us=573435882 enqueue_us=573435944 write_start_us=573436384 write_end_us=573436447
TX_HISTORY sequence=66865 type=16 flags=0x07 encoded_bytes=96 allocated_us=573437790 enqueue_us=573437868 write_start_us=573438340 write_end_us=573438380
TX_HISTORY sequence=66866 type=57 flags=0x07 encoded_bytes=72 allocated_us=573437947 enqueue_us=573437978 write_start_us=573438460 write_end_us=573438820
TX_HISTORY sequence=66867 type=5 flags=0x07 encoded_bytes=224 allocated_us=573455653 enqueue_us=573455809 write_start_us=573456340 write_end_us=573457395
TX_HISTORY sequence=66868 type=4 flags=0x07 encoded_bytes=84 allocated_us=573455846 enqueue_us=573455885 write_start_us=573457408 write_end_us=573458323
TX_HISTORY sequence=66869 type=7 flags=0x07 encoded_bytes=88 allocated_us=573465993 enqueue_us=573466049 write_start_us=573466335 write_end_us=573466368
TX_HISTORY sequence=66870 type=56 flags=0x07 encoded_bytes=184 allocated_us=573466433 enqueue_us=573466499 write_start_us=573467328 write_end_us=573467969
TX_HISTORY sequence=66871 type=4 flags=0x07 encoded_bytes=84 allocated_us=573475751 enqueue_us=573475808 write_start_us=573476337 write_end_us=573476379
TX_HISTORY sequence=66872 type=22 flags=0x07 encoded_bytes=148 allocated_us=573475861 enqueue_us=573475913 write_start_us=573476406 write_end_us=573477505
TX_HISTORY sequence=66873 type=5 flags=0x07 encoded_bytes=224 allocated_us=573488616 enqueue_us=573488702 write_start_us=573489328 write_end_us=573490390
TX_HISTORY sequence=66874 type=4 flags=0x07 encoded_bytes=84 allocated_us=573495720 enqueue_us=573495774 write_start_us=573496338 write_end_us=573496383
TX_HISTORY sequence=66875 type=7 flags=0x07 encoded_bytes=88 allocated_us=573499099 enqueue_us=573499158 write_start_us=573499329 write_end_us=573499361
TX_HISTORY sequence=66876 type=4 flags=0x07 encoded_bytes=84 allocated_us=573515705 enqueue_us=573515761 write_start_us=573516340 write_end_us=573516381
TX_HISTORY sequence=66877 type=56 flags=0x07 encoded_bytes=184 allocated_us=573517438 enqueue_us=573517510 write_start_us=573518330 write_end_us=573518959
TX_HISTORY sequence=66878 type=5 flags=0x07 encoded_bytes=224 allocated_us=573521620 enqueue_us=573521704 write_start_us=573522328 write_end_us=573523381
TX_HISTORY sequence=66879 type=32 flags=0x07 encoded_bytes=40 allocated_us=573531333 enqueue_us=573531378 write_start_us=573531390 write_end_us=573531423
TX_HISTORY sequence=66880 type=7 flags=0x07 encoded_bytes=88 allocated_us=573531992 enqueue_us=573532024 write_start_us=573532326 write_end_us=573532345
TX_HISTORY sequence=66881 type=4 flags=0x07 encoded_bytes=84 allocated_us=573536029 enqueue_us=573536097 write_start_us=573536337 write_end_us=573536381
TX_HISTORY sequence=66882 type=16 flags=0x07 encoded_bytes=96 allocated_us=573539692 enqueue_us=573539749 write_start_us=573540336 write_end_us=573540366
TX_HISTORY sequence=66883 type=57 flags=0x07 encoded_bytes=72 allocated_us=573540408 enqueue_us=573540436 write_start_us=573541329 write_end_us=573541357
TX_HISTORY sequence=66884 type=5 flags=0x07 encoded_bytes=224 allocated_us=573554630 enqueue_us=573554727 write_start_us=573555331 write_end_us=573556435
TX_HISTORY sequence=66885 type=4 flags=0x07 encoded_bytes=84 allocated_us=573556735 enqueue_us=573556789 write_start_us=573557338 write_end_us=573557377
TX_HISTORY sequence=66886 type=7 flags=0x07 encoded_bytes=88 allocated_us=573564990 enqueue_us=573565051 write_start_us=573565332 write_end_us=573565366
TX_HISTORY sequence=66887 type=56 flags=0x07 encoded_bytes=184 allocated_us=573567373 enqueue_us=573567454 write_start_us=573568333 write_end_us=573568985
TX_HISTORY sequence=66888 type=58 flags=0x07 encoded_bytes=72 allocated_us=573571382 enqueue_us=573571419 write_start_us=573572329 write_end_us=573572354
TX_HISTORY sequence=66889 type=4 flags=0x07 encoded_bytes=84 allocated_us=573575704 enqueue_us=573575771 write_start_us=573576340 write_end_us=573576380
TX_HISTORY sequence=66890 type=22 flags=0x07 encoded_bytes=148 allocated_us=573575846 enqueue_us=573575898 write_start_us=573576402 write_end_us=573577515
TX_HISTORY sequence=66891 type=5 flags=0x07 encoded_bytes=224 allocated_us=573587624 enqueue_us=573587705 write_start_us=573588328 write_end_us=573589409
TX_HISTORY sequence=66892 type=11 flags=0x07 encoded_bytes=56 allocated_us=573590362 enqueue_us=573590386 write_start_us=573591331 write_end_us=573591351
TX_HISTORY sequence=66893 type=4 flags=0x07 encoded_bytes=84 allocated_us=573595732 enqueue_us=573595793 write_start_us=573596340 write_end_us=573596382
TX_HISTORY sequence=66894 type=7 flags=0x07 encoded_bytes=88 allocated_us=573598186 enqueue_us=573598240 write_start_us=573598329 write_end_us=573598357
TX_HISTORY sequence=66895 type=4 flags=0x07 encoded_bytes=84 allocated_us=573615787 enqueue_us=573615841 write_start_us=573616336 write_end_us=573616374
TX_HISTORY sequence=66896 type=56 flags=0x07 encoded_bytes=184 allocated_us=573617420 enqueue_us=573617493 write_start_us=573618331 write_end_us=573618952
TX_HISTORY sequence=66897 type=5 flags=0x07 encoded_bytes=224 allocated_us=573620631 enqueue_us=573620711 write_start_us=573621328 write_end_us=573622409
TX_HISTORY sequence=66898 type=7 flags=0x07 encoded_bytes=88 allocated_us=573630983 enqueue_us=573631039 write_start_us=573631356 write_end_us=573631392
TX_HISTORY sequence=66899 type=32 flags=0x07 encoded_bytes=40 allocated_us=573631324 enqueue_us=573631341 write_start_us=573631416 write_end_us=573631432
TX_HISTORY sequence=66900 type=4 flags=0x07 encoded_bytes=84 allocated_us=573635751 enqueue_us=573635811 write_start_us=573636340 write_end_us=573636379
TX_HISTORY sequence=66901 type=57 flags=0x07 encoded_bytes=72 allocated_us=573640602 enqueue_us=573640665 write_start_us=573641335 write_end_us=573641396
TX_HISTORY sequence=66902 type=16 flags=0x07 encoded_bytes=96 allocated_us=573640645 enqueue_us=573640685 write_start_us=573641509 write_end_us=573641839
TX_HISTORY sequence=66903 type=4 flags=0x07 encoded_bytes=84 allocated_us=573655738 enqueue_us=573655790 write_start_us=573656340 write_end_us=573656359
TX_HISTORY sequence=66904 type=5 flags=0x07 encoded_bytes=224 allocated_us=573655952 enqueue_us=573656032 write_start_us=573656388 write_end_us=573658314
TX_HISTORY sequence=66905 type=7 flags=0x07 encoded_bytes=88 allocated_us=573665994 enqueue_us=573666054 write_start_us=573666332 write_end_us=573666364
TX_HISTORY sequence=66906 type=56 flags=0x07 encoded_bytes=184 allocated_us=573668374 enqueue_us=573668457 write_start_us=573669333 write_end_us=573669985
TX_HISTORY sequence=66907 type=4 flags=0x07 encoded_bytes=84 allocated_us=573675707 enqueue_us=573675767 write_start_us=573676340 write_end_us=573676384
TX_HISTORY sequence=66908 type=22 flags=0x07 encoded_bytes=148 allocated_us=573675810 enqueue_us=573675864 write_start_us=573676406 write_end_us=573677510
TX_HISTORY sequence=66909 type=5 flags=0x07 encoded_bytes=224 allocated_us=573685599 enqueue_us=573685682 write_start_us=573686328 write_end_us=573687378
TX_HISTORY sequence=66910 type=4 flags=0x07 encoded_bytes=84 allocated_us=573695866 enqueue_us=573695933 write_start_us=573696334 write_end_us=573696377
TX_HISTORY sequence=66911 type=7 flags=0x07 encoded_bytes=88 allocated_us=573696037 enqueue_us=573696072 write_start_us=573696401 write_end_us=573696856
TX_HISTORY sequence=66912 type=4 flags=0x07 encoded_bytes=84 allocated_us=573716535 enqueue_us=573716590 write_start_us=573717337 write_end_us=573717372
TX_HISTORY sequence=66913 type=56 flags=0x07 encoded_bytes=184 allocated_us=573718391 enqueue_us=573718459 write_start_us=573719335 write_end_us=573719967
TX_HISTORY sequence=66914 type=5 flags=0x07 encoded_bytes=224 allocated_us=573718602 enqueue_us=573718682 write_start_us=573719982 write_end_us=573722399
TX_HISTORY sequence=66915 type=7 flags=0x07 encoded_bytes=88 allocated_us=573728981 enqueue_us=573729041 write_start_us=573729333 write_end_us=573729369
TX_HISTORY sequence=66916 type=32 flags=0x07 encoded_bytes=40 allocated_us=573731328 enqueue_us=573731352 write_start_us=573731364 write_end_us=573731385
TX_HISTORY sequence=66917 type=4 flags=0x07 encoded_bytes=84 allocated_us=573735733 enqueue_us=573735787 write_start_us=573736338 write_end_us=573736378
TX_HISTORY sequence=66918 type=57 flags=0x07 encoded_bytes=72 allocated_us=573740603 enqueue_us=573740667 write_start_us=573741336 write_end_us=573741374
TX_HISTORY sequence=66919 type=16 flags=0x07 encoded_bytes=96 allocated_us=573740647 enqueue_us=573740688 write_start_us=573741488 write_end_us=573741812
TX_HISTORY sequence=66920 type=4 flags=0x07 encoded_bytes=84 allocated_us=573755685 enqueue_us=573755736 write_start_us=573756338 write_end_us=573756357
TX_HISTORY sequence=66921 type=5 flags=0x07 encoded_bytes=224 allocated_us=573755949 enqueue_us=573756028 write_start_us=573756384 write_end_us=573758318
TX_HISTORY sequence=66922 type=7 flags=0x07 encoded_bytes=88 allocated_us=573765994 enqueue_us=573766058 write_start_us=573766332 write_end_us=573766364
TX_HISTORY sequence=66923 type=56 flags=0x07 encoded_bytes=184 allocated_us=573768374 enqueue_us=573768453 write_start_us=573769330 write_end_us=573769953
TX_HISTORY sequence=66924 type=58 flags=0x07 encoded_bytes=72 allocated_us=573772383 enqueue_us=573772421 write_start_us=573773331 write_end_us=573773359
TX_HISTORY sequence=66925 type=4 flags=0x07 encoded_bytes=84 allocated_us=573775648 enqueue_us=573775697 write_start_us=573776341 write_end_us=573776378
TX_HISTORY sequence=66926 type=22 flags=0x07 encoded_bytes=148 allocated_us=573775738 enqueue_us=573775791 write_start_us=573776395 write_end_us=573777499
TX_HISTORY sequence=66927 type=5 flags=0x07 encoded_bytes=224 allocated_us=573784647 enqueue_us=573784734 write_start_us=573785328 write_end_us=573786383
TX_HISTORY sequence=66928 type=7 flags=0x07 encoded_bytes=88 allocated_us=573795036 enqueue_us=573795096 write_start_us=573795332 write_end_us=573795368
TX_HISTORY sequence=66929 type=4 flags=0x07 encoded_bytes=84 allocated_us=573795683 enqueue_us=573795718 write_start_us=573796336 write_end_us=573796372
TX_HISTORY sequence=66930 type=4 flags=0x07 encoded_bytes=84 allocated_us=573815562 enqueue_us=573815619 write_start_us=573816335 write_end_us=573816366
TX_HISTORY sequence=66931 type=5 flags=0x07 encoded_bytes=224 allocated_us=573817588 enqueue_us=573817670 write_start_us=573818358 write_end_us=573819445
TX_HISTORY sequence=66932 type=56 flags=0x07 encoded_bytes=184 allocated_us=573821364 enqueue_us=573821456 write_start_us=573822345 write_end_us=573822986
TX_HISTORY sequence=66933 type=7 flags=0x07 encoded_bytes=88 allocated_us=573831176 enqueue_us=573831238 write_start_us=573831355 write_end_us=573831400
TX_HISTORY sequence=66934 type=32 flags=0x07 encoded_bytes=40 allocated_us=573831324 enqueue_us=573831341 write_start_us=573831425 write_end_us=573831441
TX_HISTORY sequence=66935 type=4 flags=0x07 encoded_bytes=84 allocated_us=573835706 enqueue_us=573835757 write_start_us=573836339 write_end_us=573836378
TX_HISTORY sequence=66936 type=5 flags=0x07 encoded_bytes=224 allocated_us=573850625 enqueue_us=573850729 write_start_us=573851330 write_end_us=573852419
TX_HISTORY sequence=66937 type=16 flags=0x07 encoded_bytes=96 allocated_us=573855268 enqueue_us=573855317 write_start_us=573855357 write_end_us=573855395
TX_HISTORY sequence=66938 type=4 flags=0x07 encoded_bytes=84 allocated_us=573855983 enqueue_us=573856028 write_start_us=573856340 write_end_us=573856377
TX_HISTORY sequence=66939 type=57 flags=0x07 encoded_bytes=72 allocated_us=573856048 enqueue_us=573856076 write_start_us=573856433 write_end_us=573856766
TX_HISTORY sequence=66940 type=7 flags=0x07 encoded_bytes=88 allocated_us=573860978 enqueue_us=573861039 write_start_us=573861334 write_end_us=573861368
TX_HISTORY sequence=66941 type=56 flags=0x07 encoded_bytes=184 allocated_us=573872376 enqueue_us=573872458 write_start_us=573873335 write_end_us=573873974
TX_HISTORY sequence=66942 type=4 flags=0x07 encoded_bytes=84 allocated_us=573876606 enqueue_us=573876660 write_start_us=573877336 write_end_us=573877372
TX_HISTORY sequence=66943 type=22 flags=0x07 encoded_bytes=148 allocated_us=573876721 enqueue_us=573876776 write_start_us=573877387 write_end_us=573878490
TX_HISTORY sequence=66944 type=5 flags=0x07 encoded_bytes=224 allocated_us=573883667 enqueue_us=573883759 write_start_us=573884329 write_end_us=573885397
TX_HISTORY sequence=66945 type=7 flags=0x07 encoded_bytes=88 allocated_us=573894057 enqueue_us=573894116 write_start_us=573894333 write_end_us=573894368
TX_HISTORY sequence=66946 type=4 flags=0x07 encoded_bytes=84 allocated_us=573895668 enqueue_us=573895721 write_start_us=573896339 write_end_us=573896374
TX_HISTORY sequence=66947 type=4 flags=0x07 encoded_bytes=84 allocated_us=573915772 enqueue_us=573915831 write_start_us=573916335 write_end_us=573916370
TX_HISTORY sequence=66948 type=5 flags=0x07 encoded_bytes=224 allocated_us=573916589 enqueue_us=573916670 write_start_us=573917332 write_end_us=573918384
TX_HISTORY sequence=66949 type=56 flags=0x07 encoded_bytes=184 allocated_us=573923377 enqueue_us=573923464 write_start_us=573924334 write_end_us=573925008
TX_HISTORY sequence=66950 type=7 flags=0x07 encoded_bytes=88 allocated_us=573927220 enqueue_us=573927276 write_start_us=573927329 write_end_us=573927358
TX_HISTORY sequence=66951 type=32 flags=0x07 encoded_bytes=40 allocated_us=573931330 enqueue_us=573931354 write_start_us=573931366 write_end_us=573931389
TX_HISTORY sequence=66952 type=4 flags=0x07 encoded_bytes=84 allocated_us=573935651 enqueue_us=573935704 write_start_us=573936341 write_end_us=573936382
TX_HISTORY sequence=66953 type=5 flags=0x07 encoded_bytes=224 allocated_us=573949663 enqueue_us=573949763 write_start_us=573950330 write_end_us=573951402
TX_HISTORY sequence=66954 type=16 flags=0x07 encoded_bytes=96 allocated_us=573954288 enqueue_us=573954354 write_start_us=573955336 write_end_us=573955396
TX_HISTORY sequence=66955 type=4 flags=0x07 encoded_bytes=84 allocated_us=573955732 enqueue_us=573955800 write_start_us=573956339 write_end_us=573956369
TX_HISTORY sequence=66956 type=57 flags=0x07 encoded_bytes=72 allocated_us=573955829 enqueue_us=573955859 write_start_us=573956386 write_end_us=573956727
TX_HISTORY sequence=66957 type=7 flags=0x07 encoded_bytes=88 allocated_us=573960006 enqueue_us=573960064 write_start_us=573960333 write_end_us=573960373
TX_HISTORY sequence=66958 type=58 flags=0x07 encoded_bytes=72 allocated_us=573972392 enqueue_us=573972434 write_start_us=573973330 write_end_us=573973355
TX_HISTORY sequence=66959 type=4 flags=0x07 encoded_bytes=84 allocated_us=573976521 enqueue_us=573976569 write_start_us=573977343 write_end_us=573977377
TX_HISTORY sequence=66960 type=22 flags=0x07 encoded_bytes=148 allocated_us=573976624 enqueue_us=573976677 write_start_us=573977396 write_end_us=573978505
TX_HISTORY sequence=66961 type=56 flags=0x07 encoded_bytes=184 allocated_us=573976709 enqueue_us=573976774 write_start_us=573978514 write_end_us=573980503
TX_HISTORY sequence=66962 type=5 flags=0x07 encoded_bytes=224 allocated_us=573982646 enqueue_us=573982729 write_start_us=573983330 write_end_us=573984380
TX_HISTORY sequence=66963 type=7 flags=0x07 encoded_bytes=88 allocated_us=573993006 enqueue_us=573993069 write_start_us=573993334 write_end_us=573993367
TX_HISTORY sequence=66964 type=4 flags=0x07 encoded_bytes=84 allocated_us=573995784 enqueue_us=573995839 write_start_us=573996338 write_end_us=573996377
TX_HISTORY sequence=66965 type=4 flags=0x07 encoded_bytes=84 allocated_us=574015578 enqueue_us=574015658 write_start_us=574016339 write_end_us=574016359
TX_HISTORY sequence=66966 type=5 flags=0x07 encoded_bytes=224 allocated_us=574015614 enqueue_us=574015703 write_start_us=574016382 write_end_us=574018305
TX_HISTORY sequence=66967 type=7 flags=0x07 encoded_bytes=88 allocated_us=574025995 enqueue_us=574026052 write_start_us=574026332 write_end_us=574026366
TX_HISTORY sequence=66968 type=56 flags=0x07 encoded_bytes=184 allocated_us=574027372 enqueue_us=574027453 write_start_us=574028332 write_end_us=574028966
TX_HISTORY sequence=66969 type=32 flags=0x07 encoded_bytes=40 allocated_us=574031331 enqueue_us=574031357 write_start_us=574031368 write_end_us=574031388
TX_HISTORY sequence=66970 type=4 flags=0x07 encoded_bytes=84 allocated_us=574035609 enqueue_us=574035667 write_start_us=574036341 write_end_us=574036378
TX_HISTORY sequence=66971 type=5 flags=0x07 encoded_bytes=224 allocated_us=574048608 enqueue_us=574048693 write_start_us=574049329 write_end_us=574050416
TX_HISTORY sequence=66972 type=16 flags=0x07 encoded_bytes=96 allocated_us=574053225 enqueue_us=574053295 write_start_us=574053374 write_end_us=574053482
TX_HISTORY sequence=66973 type=4 flags=0x07 encoded_bytes=84 allocated_us=574056784 enqueue_us=574056853 write_start_us=574057339 write_end_us=574057386
TX_HISTORY sequence=66974 type=57 flags=0x07 encoded_bytes=72 allocated_us=574056898 enqueue_us=574056940 write_start_us=574057410 write_end_us=574057693
TX_HISTORY sequence=66975 type=7 flags=0x07 encoded_bytes=88 allocated_us=574059188 enqueue_us=574059234 write_start_us=574059329 write_end_us=574059357
TX_HISTORY sequence=66976 type=4 flags=0x07 encoded_bytes=84 allocated_us=574075647 enqueue_us=574075702 write_start_us=574076339 write_end_us=574076374
TX_HISTORY sequence=66977 type=22 flags=0x07 encoded_bytes=148 allocated_us=574077400 enqueue_us=574077458 write_start_us=574078330 write_end_us=574078570
TX_HISTORY sequence=66978 type=56 flags=0x07 encoded_bytes=184 allocated_us=574077494 enqueue_us=574077558 write_start_us=574078581 write_end_us=574080561
TX_HISTORY sequence=66979 type=5 flags=0x07 encoded_bytes=224 allocated_us=574080628 enqueue_us=574080712 write_start_us=574081328 write_end_us=574082991
TX_HISTORY sequence=66980 type=7 flags=0x07 encoded_bytes=88 allocated_us=574090984 enqueue_us=574091043 write_start_us=574091334 write_end_us=574091362
TX_HISTORY sequence=66981 type=4 flags=0x07 encoded_bytes=84 allocated_us=574095610 enqueue_us=574095667 write_start_us=574096343 write_end_us=574096390
TX_HISTORY sequence=66982 type=5 flags=0x07 encoded_bytes=224 allocated_us=574113554 enqueue_us=574113655 write_start_us=574114331 write_end_us=574115396
TX_HISTORY sequence=66983 type=4 flags=0x07 encoded_bytes=84 allocated_us=574115624 enqueue_us=574115679 write_start_us=574116341 write_end_us=574116381
TX_HISTORY sequence=66984 type=7 flags=0x07 encoded_bytes=88 allocated_us=574123993 enqueue_us=574124053 write_start_us=574124333 write_end_us=574124365
TX_HISTORY sequence=66985 type=56 flags=0x07 encoded_bytes=184 allocated_us=574128371 enqueue_us=574128441 write_start_us=574129331 write_end_us=574129983
TX_HISTORY sequence=66986 type=32 flags=0x07 encoded_bytes=40 allocated_us=574131330 enqueue_us=574131362 write_start_us=574131375 write_end_us=574131396
TX_HISTORY sequence=66987 type=4 flags=0x07 encoded_bytes=84 allocated_us=574135566 enqueue_us=574135638 write_start_us=574136335 write_end_us=574136373
TX_HISTORY sequence=66988 type=5 flags=0x07 encoded_bytes=224 allocated_us=574146685 enqueue_us=574146768 write_start_us=574147328 write_end_us=574148420
TX_HISTORY sequence=66989 type=16 flags=0x07 encoded_bytes=96 allocated_us=574151228 enqueue_us=574151284 write_start_us=574151386 write_end_us=574151449
TX_HISTORY sequence=66990 type=57 flags=0x07 encoded_bytes=72 allocated_us=574152358 enqueue_us=574152406 write_start_us=574153335 write_end_us=574153367
TX_HISTORY sequence=66991 type=4 flags=0x07 encoded_bytes=84 allocated_us=574155693 enqueue_us=574155758 write_start_us=574156338 write_end_us=574156378
TX_HISTORY sequence=66992 type=7 flags=0x07 encoded_bytes=88 allocated_us=574157098 enqueue_us=574157131 write_start_us=574157326 write_end_us=574157352
TX_HISTORY sequence=66993 type=58 flags=0x07 encoded_bytes=72 allocated_us=574172386 enqueue_us=574172439 write_start_us=574173340 write_end_us=574173378
TX_HISTORY sequence=66994 type=4 flags=0x07 encoded_bytes=84 allocated_us=574175500 enqueue_us=574175543 write_start_us=574176335 write_end_us=574176362
TX_HISTORY sequence=66995 type=22 flags=0x07 encoded_bytes=148 allocated_us=574177393 enqueue_us=574177448 write_start_us=574178331 write_end_us=574178583
TX_HISTORY sequence=66996 type=5 flags=0x07 encoded_bytes=224 allocated_us=574179636 enqueue_us=574179725 write_start_us=574180329 write_end_us=574181380
TX_HISTORY sequence=66997 type=56 flags=0x07 encoded_bytes=184 allocated_us=574181441 enqueue_us=574181524 write_start_us=574182337 write_end_us=574183409
TX_HISTORY sequence=66998 type=7 flags=0x07 encoded_bytes=88 allocated_us=574189984 enqueue_us=574190032 write_start_us=574190330 write_end_us=574190362
TX_HISTORY sequence=66999 type=4 flags=0x07 encoded_bytes=84 allocated_us=574195592 enqueue_us=574195652 write_start_us=574196339 write_end_us=574196379
TX_HISTORY sequence=67000 type=5 flags=0x07 encoded_bytes=224 allocated_us=574212549 enqueue_us=574212649 write_start_us=574213334 write_end_us=574214384
TX_HISTORY sequence=67001 type=4 flags=0x07 encoded_bytes=84 allocated_us=574217048 enqueue_us=574217118 write_start_us=574217342 write_end_us=574217374
TX_HISTORY sequence=67002 type=7 flags=0x07 encoded_bytes=88 allocated_us=574222989 enqueue_us=574223044 write_start_us=574223333 write_end_us=574223370
TX_HISTORY sequence=67003 type=32 flags=0x07 encoded_bytes=40 allocated_us=574231329 enqueue_us=574231353 write_start_us=574231361 write_end_us=574231382
TX_HISTORY sequence=67004 type=56 flags=0x07 encoded_bytes=184 allocated_us=574231441 enqueue_us=574231514 write_start_us=574232331 write_end_us=574232952
TX_HISTORY sequence=67005 type=4 flags=0x07 encoded_bytes=84 allocated_us=574236462 enqueue_us=574236513 write_start_us=574237336 write_end_us=574237372
TX_HISTORY sequence=67006 type=5 flags=0x07 encoded_bytes=224 allocated_us=574245649 enqueue_us=574245779 write_start_us=574246329 write_end_us=574247426
TX_HISTORY sequence=67007 type=16 flags=0x07 encoded_bytes=96 allocated_us=574250195 enqueue_us=574250247 write_start_us=574250381 write_end_us=574250437
TX_HISTORY sequence=67008 type=57 flags=0x07 encoded_bytes=72 allocated_us=574251379 enqueue_us=574251427 write_start_us=574252330 write_end_us=574252361
TX_HISTORY sequence=67009 type=4 flags=0x07 encoded_bytes=84 allocated_us=574255574 enqueue_us=574255634 write_start_us=574256339 write_end_us=574256377
TX_HISTORY sequence=67010 type=7 flags=0x07 encoded_bytes=88 allocated_us=574256036 enqueue_us=574256072 write_start_us=574256402 write_end_us=574256878
TX_HISTORY sequence=67011 type=4 flags=0x07 encoded_bytes=84 allocated_us=574275469 enqueue_us=574275528 write_start_us=574276338 write_end_us=574276376
TX_HISTORY sequence=67012 type=22 flags=0x07 encoded_bytes=148 allocated_us=574277429 enqueue_us=574277481 write_start_us=574278329 write_end_us=574278560
TX_HISTORY sequence=67013 type=5 flags=0x07 encoded_bytes=224 allocated_us=574278613 enqueue_us=574278694 write_start_us=574279326 write_end_us=574281023
TX_HISTORY sequence=67014 type=56 flags=0x07 encoded_bytes=184 allocated_us=574281091 enqueue_us=574281175 write_start_us=574281339 write_end_us=574283025
TX_HISTORY sequence=67015 type=7 flags=0x07 encoded_bytes=88 allocated_us=574288977 enqueue_us=574289031 write_start_us=574289332 write_end_us=574289364
TX_HISTORY sequence=67016 type=4 flags=0x07 encoded_bytes=84 allocated_us=574295608 enqueue_us=574295667 write_start_us=574296340 write_end_us=574296379
TX_HISTORY sequence=67017 type=5 flags=0x07 encoded_bytes=224 allocated_us=574311556 enqueue_us=574311654 write_start_us=574312333 write_end_us=574313389
TX_HISTORY sequence=67018 type=4 flags=0x07 encoded_bytes=84 allocated_us=574317596 enqueue_us=574317658 write_start_us=574318338 write_end_us=574318380
TX_HISTORY sequence=67019 type=7 flags=0x07 encoded_bytes=88 allocated_us=574322010 enqueue_us=574322066 write_start_us=574322332 write_end_us=574322364
TX_HISTORY sequence=67020 type=32 flags=0x07 encoded_bytes=40 allocated_us=574331329 enqueue_us=574331353 write_start_us=574331365 write_end_us=574331388
TX_HISTORY sequence=67021 type=56 flags=0x07 encoded_bytes=184 allocated_us=574332368 enqueue_us=574332445 write_start_us=574333328 write_end_us=574333962
TX_HISTORY sequence=67022 type=4 flags=0x07 encoded_bytes=84 allocated_us=574335509 enqueue_us=574335552 write_start_us=574336339 write_end_us=574336370
TX_HISTORY sequence=67023 type=5 flags=0x07 encoded_bytes=224 allocated_us=574344639 enqueue_us=574344731 write_start_us=574345331 write_end_us=574346395
TX_HISTORY sequence=67024 type=16 flags=0x07 encoded_bytes=96 allocated_us=574349642 enqueue_us=574349701 write_start_us=574350383 write_end_us=574350450
TX_HISTORY sequence=67025 type=57 flags=0x07 encoded_bytes=72 allocated_us=574350488 enqueue_us=574350520 write_start_us=574351328 write_end_us=574351349
TX_HISTORY sequence=67026 type=7 flags=0x07 encoded_bytes=88 allocated_us=574355045 enqueue_us=574355103 write_start_us=574355333 write_end_us=574355367
TX_HISTORY sequence=67027 type=4 flags=0x07 encoded_bytes=84 allocated_us=574355623 enqueue_us=574355660 write_start_us=574356337 write_end_us=574356378
TX_HISTORY sequence=67028 type=4 flags=0x07 encoded_bytes=84 allocated_us=574375534 enqueue_us=574375592 write_start_us=574376337 write_end_us=574376370
TX_HISTORY sequence=67029 type=58 flags=0x07 encoded_bytes=72 allocated_us=574375651 enqueue_us=574375679 write_start_us=574376394 write_end_us=574376670
TX_HISTORY sequence=67030 type=5 flags=0x07 encoded_bytes=224 allocated_us=574377647 enqueue_us=574377743 write_start_us=574378584 write_end_us=574380998
TX_HISTORY sequence=67031 type=22 flags=0x07 encoded_bytes=148 allocated_us=574377675 enqueue_us=574377741 write_start_us=574378331 write_end_us=574378573
TX_HISTORY sequence=67032 type=56 flags=0x07 encoded_bytes=184 allocated_us=574382380 enqueue_us=574382464 write_start_us=574383333 write_end_us=574383964
TX_HISTORY sequence=67033 type=7 flags=0x07 encoded_bytes=88 allocated_us=574387987 enqueue_us=574388038 write_start_us=574388331 write_end_us=574388362
TX_HISTORY sequence=67034 type=4 flags=0x07 encoded_bytes=84 allocated_us=574395547 enqueue_us=574395604 write_start_us=574396343 write_end_us=574396386
TX_HISTORY sequence=67035 type=5 flags=0x07 encoded_bytes=224 allocated_us=574409649 enqueue_us=574409744 write_start_us=574410330 write_end_us=574411394
TX_HISTORY sequence=67036 type=4 flags=0x07 encoded_bytes=84 allocated_us=574415493 enqueue_us=574415552 write_start_us=574416342 write_end_us=574416383
TX_HISTORY sequence=67037 type=7 flags=0x07 encoded_bytes=88 allocated_us=574420004 enqueue_us=574420062 write_start_us=574420333 write_end_us=574420368
TX_HISTORY sequence=67038 type=32 flags=0x07 encoded_bytes=40 allocated_us=574431330 enqueue_us=574431353 write_start_us=574431366 write_end_us=574431386
TX_HISTORY sequence=67039 type=56 flags=0x07 encoded_bytes=184 allocated_us=574432366 enqueue_us=574432443 write_start_us=574433330 write_end_us=574433962
TX_HISTORY sequence=67040 type=4 flags=0x07 encoded_bytes=84 allocated_us=574435499 enqueue_us=574435543 write_start_us=574436337 write_end_us=574436370
TX_HISTORY sequence=67041 type=5 flags=0x07 encoded_bytes=224 allocated_us=574443633 enqueue_us=574443730 write_start_us=574444332 write_end_us=574445408
TX_HISTORY sequence=67042 type=7 flags=0x07 encoded_bytes=88 allocated_us=574445687 enqueue_us=574445722 write_start_us=574446325 write_end_us=574446369
TX_HISTORY sequence=67043 type=16 flags=0x07 encoded_bytes=96 allocated_us=574454692 enqueue_us=574454755 write_start_us=574455382 write_end_us=574455427
TX_HISTORY sequence=67044 type=4 flags=0x07 encoded_bytes=84 allocated_us=574455729 enqueue_us=574455763 write_start_us=574456337 write_end_us=574456372
TX_HISTORY sequence=67045 type=57 flags=0x07 encoded_bytes=72 allocated_us=574455783 enqueue_us=574455814 write_start_us=574456385 write_end_us=574456775
TX_HISTORY sequence=67046 type=7 flags=0x07 encoded_bytes=88 allocated_us=574459077 enqueue_us=574459140 write_start_us=574459330 write_end_us=574459362
TX_HISTORY sequence=67047 type=5 flags=0x07 encoded_bytes=224 allocated_us=574475566 enqueue_us=574475651 write_start_us=574476338 write_end_us=574477401
TX_HISTORY sequence=67048 type=4 flags=0x07 encoded_bytes=84 allocated_us=574477529 enqueue_us=574477584 write_start_us=574478331 write_end_us=574478363
TX_HISTORY sequence=67049 type=22 flags=0x07 encoded_bytes=148 allocated_us=574477608 enqueue_us=574477659 write_start_us=574478379 write_end_us=574479945
TX_HISTORY sequence=67050 type=56 flags=0x07 encoded_bytes=184 allocated_us=574483394 enqueue_us=574483475 write_start_us=574484333 write_end_us=574484964
TX_HISTORY sequence=67051 type=7 flags=0x07 encoded_bytes=88 allocated_us=574486051 enqueue_us=574486094 write_start_us=574486326 write_end_us=574486346
TX_HISTORY sequence=67052 type=4 flags=0x07 encoded_bytes=84 allocated_us=574495474 enqueue_us=574495533 write_start_us=574496338 write_end_us=574496374
TX_HISTORY sequence=67053 type=5 flags=0x07 encoded_bytes=224 allocated_us=574508605 enqueue_us=574508687 write_start_us=574509331 write_end_us=574510382
TX_HISTORY sequence=67054 type=4 flags=0x07 encoded_bytes=84 allocated_us=574515451 enqueue_us=574515514 write_start_us=574516337 write_end_us=574516370
TX_HISTORY sequence=67055 type=7 flags=0x07 encoded_bytes=88 allocated_us=574519081 enqueue_us=574519138 write_start_us=574519330 write_end_us=574519371
TX_HISTORY sequence=67056 type=32 flags=0x07 encoded_bytes=40 allocated_us=574531331 enqueue_us=574531359 write_start_us=574531375 write_end_us=574531401
TX_HISTORY sequence=67057 type=4 flags=0x07 encoded_bytes=84 allocated_us=574535565 enqueue_us=574535615 write_start_us=574536336 write_end_us=574536366
TX_HISTORY sequence=67058 type=56 flags=0x07 encoded_bytes=184 allocated_us=574535658 enqueue_us=574535722 write_start_us=574536385 write_end_us=574537879
TX_HISTORY sequence=67059 type=5 flags=0x07 encoded_bytes=224 allocated_us=574541656 enqueue_us=574541741 write_start_us=574542331 write_end_us=574543385
TX_HISTORY sequence=67060 type=7 flags=0x07 encoded_bytes=88 allocated_us=574551980 enqueue_us=574552039 write_start_us=574552329 write_end_us=574552360
TX_HISTORY sequence=67061 type=16 flags=0x07 encoded_bytes=96 allocated_us=574555687 enqueue_us=574555759 write_start_us=574556339 write_end_us=574556431
TX_HISTORY sequence=67062 type=4 flags=0x07 encoded_bytes=84 allocated_us=574556021 enqueue_us=574556068 write_start_us=574556501 write_end_us=574557020
TX_HISTORY sequence=67063 type=57 flags=0x07 encoded_bytes=72 allocated_us=574556091 enqueue_us=574556119 write_start_us=574557037 write_end_us=574557794
TX_HISTORY sequence=67064 type=5 flags=0x07 encoded_bytes=224 allocated_us=574574584 enqueue_us=574574689 write_start_us=574575339 write_end_us=574576400
TX_HISTORY sequence=67065 type=4 flags=0x07 encoded_bytes=84 allocated_us=574576559 enqueue_us=574576611 write_start_us=574577369 write_end_us=574577430
TX_HISTORY sequence=67066 type=58 flags=0x07 encoded_bytes=72 allocated_us=574576672 enqueue_us=574576701 write_start_us=574577508 write_end_us=574578105
TX_HISTORY sequence=67067 type=11 flags=0x07 encoded_bytes=56 allocated_us=574578513 enqueue_us=574578541 write_start_us=574579333 write_end_us=574579363
TX_HISTORY sequence=67068 type=22 flags=0x07 encoded_bytes=148 allocated_us=574578790 enqueue_us=574578852 write_start_us=574579381 write_end_us=574580307
TX_HISTORY sequence=67069 type=7 flags=0x07 encoded_bytes=88 allocated_us=574584973 enqueue_us=574585027 write_start_us=574585333 write_end_us=574585365
TX_HISTORY sequence=67070 type=56 flags=0x07 encoded_bytes=184 allocated_us=574586375 enqueue_us=574586456 write_start_us=574587329 write_end_us=574587951
TX_HISTORY sequence=67071 type=4 flags=0x07 encoded_bytes=84 allocated_us=574595452 enqueue_us=574595509 write_start_us=574596341 write_end_us=574596382
TX_HISTORY sequence=67072 type=5 flags=0x07 encoded_bytes=224 allocated_us=574607605 enqueue_us=574607687 write_start_us=574608330 write_end_us=574609389
TX_HISTORY sequence=67073 type=4 flags=0x07 encoded_bytes=84 allocated_us=574615002 enqueue_us=574615063 write_start_us=574615337 write_end_us=574615377
TX_HISTORY sequence=67074 type=7 flags=0x07 encoded_bytes=88 allocated_us=574618111 enqueue_us=574618168 write_start_us=574618333 write_end_us=574618370
TX_HISTORY sequence=67075 type=32 flags=0x07 encoded_bytes=40 allocated_us=574631331 enqueue_us=574631363 write_start_us=574631375 write_end_us=574631400
TX_HISTORY sequence=67076 type=4 flags=0x07 encoded_bytes=84 allocated_us=574635430 enqueue_us=574635473 write_start_us=574636334 write_end_us=574636369
TX_HISTORY sequence=67077 type=56 flags=0x07 encoded_bytes=184 allocated_us=574637401 enqueue_us=574637469 write_start_us=574638329 write_end_us=574638965
TX_HISTORY sequence=67078 type=5 flags=0x07 encoded_bytes=224 allocated_us=574640643 enqueue_us=574640725 write_start_us=574641329 write_end_us=574642389
TX_HISTORY sequence=67079 type=7 flags=0x07 encoded_bytes=88 allocated_us=574650988 enqueue_us=574651049 write_start_us=574651332 write_end_us=574651366
TX_HISTORY sequence=67080 type=4 flags=0x07 encoded_bytes=84 allocated_us=574655464 enqueue_us=574655526 write_start_us=574656346 write_end_us=574656391
TX_HISTORY sequence=67081 type=16 flags=0x07 encoded_bytes=96 allocated_us=574656734 enqueue_us=574656777 write_start_us=574657366 write_end_us=574657395
TX_HISTORY sequence=67082 type=57 flags=0x07 encoded_bytes=72 allocated_us=574657574 enqueue_us=574657607 write_start_us=574658334 write_end_us=574658364
TX_HISTORY sequence=67083 type=5 flags=0x07 encoded_bytes=224 allocated_us=574673565 enqueue_us=574673664 write_start_us=574674332 write_end_us=574675383
TX_HISTORY sequence=67084 type=4 flags=0x07 encoded_bytes=84 allocated_us=574675630 enqueue_us=574675680 write_start_us=574676340 write_end_us=574676377
TX_HISTORY sequence=67085 type=22 flags=0x07 encoded_bytes=148 allocated_us=574680374 enqueue_us=574680448 write_start_us=574681333 write_end_us=574681583
TX_HISTORY sequence=67086 type=7 flags=0x07 encoded_bytes=88 allocated_us=574684006 enqueue_us=574684055 write_start_us=574684329 write_end_us=574684353
TX_HISTORY sequence=67087 type=56 flags=0x07 encoded_bytes=184 allocated_us=574688377 enqueue_us=574688453 write_start_us=574689334 write_end_us=574689972
TX_HISTORY sequence=67088 type=4 flags=0x07 encoded_bytes=84 allocated_us=574695436 enqueue_us=574695493 write_start_us=574696336 write_end_us=574696370
TX_HISTORY sequence=67089 type=5 flags=0x07 encoded_bytes=224 allocated_us=574706632 enqueue_us=574706715 write_start_us=574707328 write_end_us=574708390
TX_HISTORY sequence=67090 type=4 flags=0x07 encoded_bytes=84 allocated_us=574715413 enqueue_us=574715477 write_start_us=574716337 write_end_us=574716379
TX_HISTORY sequence=67091 type=7 flags=0x07 encoded_bytes=88 allocated_us=574717094 enqueue_us=574717128 write_start_us=574717329 write_end_us=574717354
TX_HISTORY sequence=67092 type=32 flags=0x07 encoded_bytes=40 allocated_us=574731332 enqueue_us=574731369 write_start_us=574731384 write_end_us=574731413
TX_HISTORY sequence=67093 type=4 flags=0x07 encoded_bytes=84 allocated_us=574735383 enqueue_us=574735425 write_start_us=574736332 write_end_us=574736364
TX_HISTORY sequence=67094 type=56 flags=0x07 encoded_bytes=184 allocated_us=574739370 enqueue_us=574739444 write_start_us=574740331 write_end_us=574740997
TX_HISTORY sequence=67095 type=5 flags=0x07 encoded_bytes=224 allocated_us=574739621 enqueue_us=574739699 write_start_us=574741024 write_end_us=574743385
TX_HISTORY sequence=67096 type=7 flags=0x07 encoded_bytes=88 allocated_us=574749988 enqueue_us=574750048 write_start_us=574750330 write_end_us=574750364
TX_HISTORY sequence=67097 type=4 flags=0x07 encoded_bytes=84 allocated_us=574755646 enqueue_us=574755702 write_start_us=574756341 write_end_us=574756380
TX_HISTORY sequence=67098 type=5 flags=0x07 encoded_bytes=224 allocated_us=574772575 enqueue_us=574772693 write_start_us=574773335 write_end_us=574774400
TX_HISTORY sequence=67099 type=4 flags=0x07 encoded_bytes=84 allocated_us=574775439 enqueue_us=574775481 write_start_us=574776377 write_end_us=574776413
TX_HISTORY sequence=67100 type=16 flags=0x07 encoded_bytes=96 allocated_us=574777343 enqueue_us=574777392 write_start_us=574778336 write_end_us=574778427
TX_HISTORY sequence=67101 type=58 flags=0x07 encoded_bytes=72 allocated_us=574777774 enqueue_us=574777812 write_start_us=574778464 write_end_us=574778859
TX_HISTORY sequence=67102 type=57 flags=0x07 encoded_bytes=72 allocated_us=574777817 enqueue_us=574777845 write_start_us=574778870 write_end_us=574779629
TX_HISTORY sequence=67103 type=22 flags=0x07 encoded_bytes=148 allocated_us=574780384 enqueue_us=574780461 write_start_us=574781331 write_end_us=574781568
TX_HISTORY sequence=67104 type=7 flags=0x07 encoded_bytes=88 allocated_us=574783019 enqueue_us=574783070 write_start_us=574783329 write_end_us=574783349
TX_HISTORY sequence=67105 type=56 flags=0x07 encoded_bytes=184 allocated_us=574790379 enqueue_us=574790459 write_start_us=574791335 write_end_us=574791969
TX_HISTORY sequence=67106 type=4 flags=0x07 encoded_bytes=84 allocated_us=574795419 enqueue_us=574795468 write_start_us=574796334 write_end_us=574796378
TX_HISTORY sequence=67107 type=5 flags=0x07 encoded_bytes=224 allocated_us=574804666 enqueue_us=574804753 write_start_us=574805331 write_end_us=574806401
TX_HISTORY sequence=67108 type=7 flags=0x07 encoded_bytes=88 allocated_us=574815025 enqueue_us=574815092 write_start_us=574815334 write_end_us=574815376
TX_HISTORY sequence=67109 type=4 flags=0x07 encoded_bytes=84 allocated_us=574815462 enqueue_us=574815497 write_start_us=574816329 write_end_us=574816352
TX_HISTORY sequence=67110 type=32 flags=0x07 encoded_bytes=40 allocated_us=574831336 enqueue_us=574831384 write_start_us=574831411 write_end_us=574831458
TX_HISTORY sequence=67111 type=4 flags=0x07 encoded_bytes=84 allocated_us=574835526 enqueue_us=574835560 write_start_us=574836335 write_end_us=574836356
TX_HISTORY sequence=67112 type=5 flags=0x07 encoded_bytes=224 allocated_us=574839803 enqueue_us=574839902 write_start_us=574840331 write_end_us=574841388
TX_HISTORY sequence=67113 type=56 flags=0x07 encoded_bytes=184 allocated_us=574841480 enqueue_us=574841559 write_start_us=574842331 write_end_us=574843408
TX_HISTORY sequence=67114 type=7 flags=0x07 encoded_bytes=88 allocated_us=574849988 enqueue_us=574850043 write_start_us=574850330 write_end_us=574850363
TX_HISTORY sequence=67115 type=4 flags=0x07 encoded_bytes=84 allocated_us=574855395 enqueue_us=574855452 write_start_us=574856337 write_end_us=574856377
TX_HISTORY sequence=67116 type=5 flags=0x07 encoded_bytes=224 allocated_us=574870609 enqueue_us=574870708 write_start_us=574871328 write_end_us=574872418
TX_HISTORY sequence=67117 type=16 flags=0x07 encoded_bytes=96 allocated_us=574875287 enqueue_us=574875357 write_start_us=574876339 write_end_us=574876389
TX_HISTORY sequence=67118 type=4 flags=0x07 encoded_bytes=84 allocated_us=574875614 enqueue_us=574875656 write_start_us=574876425 write_end_us=574876948
TX_HISTORY sequence=67119 type=57 flags=0x07 encoded_bytes=72 allocated_us=574875676 enqueue_us=574875704 write_start_us=574876957 write_end_us=574877736
TX_HISTORY sequence=67120 type=7 flags=0x07 encoded_bytes=88 allocated_us=574880994 enqueue_us=574881056 write_start_us=574881334 write_end_us=574881364
TX_HISTORY sequence=67121 type=22 flags=0x07 encoded_bytes=148 allocated_us=574881428 enqueue_us=574881479 write_start_us=574882328 write_end_us=574882569
TX_HISTORY sequence=67122 type=56 flags=0x07 encoded_bytes=184 allocated_us=574891379 enqueue_us=574891459 write_start_us=574892337 write_end_us=574892978
TX_HISTORY sequence=67123 type=4 flags=0x07 encoded_bytes=84 allocated_us=574896494 enqueue_us=574896537 write_start_us=574897339 write_end_us=574897381
TX_HISTORY sequence=67124 type=5 flags=0x07 encoded_bytes=224 allocated_us=574903648 enqueue_us=574903743 write_start_us=574904331 write_end_us=574905388
TX_HISTORY sequence=67125 type=7 flags=0x07 encoded_bytes=88 allocated_us=574914052 enqueue_us=574914108 write_start_us=574914333 write_end_us=574914370
TX_HISTORY sequence=67126 type=4 flags=0x07 encoded_bytes=84 allocated_us=574915496 enqueue_us=574915554 write_start_us=574916339 write_end_us=574916378
TX_HISTORY sequence=67127 type=32 flags=0x07 encoded_bytes=40 allocated_us=574931333 enqueue_us=574931371 write_start_us=574931383 write_end_us=574931410
TX_HISTORY sequence=67128 type=4 flags=0x07 encoded_bytes=84 allocated_us=574935285 enqueue_us=574935345 write_start_us=574936331 write_end_us=574936362
TX_HISTORY sequence=67129 type=5 flags=0x07 encoded_bytes=224 allocated_us=574936609 enqueue_us=574936689 write_start_us=574937327 write_end_us=574938389
TX_HISTORY sequence=67130 type=56 flags=0x07 encoded_bytes=184 allocated_us=574941376 enqueue_us=574941460 write_start_us=574942334 write_end_us=574942989
TX_HISTORY sequence=67131 type=7 flags=0x07 encoded_bytes=88 allocated_us=574946979 enqueue_us=574947034 write_start_us=574947331 write_end_us=574947360
TX_HISTORY sequence=67132 type=4 flags=0x07 encoded_bytes=84 allocated_us=574955348 enqueue_us=574955405 write_start_us=574956343 write_end_us=574956385
TX_HISTORY sequence=67133 type=5 flags=0x07 encoded_bytes=224 allocated_us=574969671 enqueue_us=574969769 write_start_us=574970331 write_end_us=574971402
TX_HISTORY sequence=67134 type=16 flags=0x07 encoded_bytes=96 allocated_us=574974256 enqueue_us=574974335 write_start_us=574974344 write_end_us=574974470
TX_HISTORY sequence=67135 type=4 flags=0x07 encoded_bytes=84 allocated_us=574976859 enqueue_us=574976949 write_start_us=574977341 write_end_us=574977377
TX_HISTORY sequence=67136 type=57 flags=0x07 encoded_bytes=72 allocated_us=574976979 enqueue_us=574977006 write_start_us=574977401 write_end_us=574977685
TX_HISTORY sequence=67137 type=58 flags=0x07 encoded_bytes=72 allocated_us=574978757 enqueue_us=574978809 write_start_us=574979333 write_end_us=574979371
TX_HISTORY sequence=67138 type=7 flags=0x07 encoded_bytes=88 allocated_us=574980088 enqueue_us=574980123 write_start_us=574980325 write_end_us=574980344
TX_HISTORY sequence=67139 type=22 flags=0x07 encoded_bytes=148 allocated_us=574981382 enqueue_us=574981447 write_start_us=574982332 write_end_us=574982565
TX_HISTORY sequence=67140 type=56 flags=0x07 encoded_bytes=184 allocated_us=574991375 enqueue_us=574991452 write_start_us=574992334 write_end_us=574992972
TX_HISTORY sequence=67141 type=4 flags=0x07 encoded_bytes=84 allocated_us=574995245 enqueue_us=574995290 write_start_us=574995335 write_end_us=574995367
TX_HISTORY sequence=67142 type=5 flags=0x07 encoded_bytes=224 allocated_us=575002634 enqueue_us=575002727 write_start_us=575003333 write_end_us=575004390
TX_HISTORY sequence=67143 type=7 flags=0x07 encoded_bytes=88 allocated_us=575013019 enqueue_us=575013101 write_start_us=575013335 write_end_us=575013374
TX_HISTORY sequence=67144 type=4 flags=0x07 encoded_bytes=84 allocated_us=575015349 enqueue_us=575015405 write_start_us=575016334 write_end_us=575016370
TX_HISTORY sequence=67145 type=32 flags=0x07 encoded_bytes=40 allocated_us=575031332 enqueue_us=575031368 write_start_us=575031384 write_end_us=575031406
TX_HISTORY sequence=67146 type=4 flags=0x07 encoded_bytes=84 allocated_us=575035241 enqueue_us=575035280 write_start_us=575035335 write_end_us=575035362
TX_HISTORY sequence=67147 type=5 flags=0x07 encoded_bytes=224 allocated_us=575035578 enqueue_us=575035661 write_start_us=575036329 write_end_us=575037389
TX_HISTORY sequence=67148 type=56 flags=0x07 encoded_bytes=184 allocated_us=575042376 enqueue_us=575042461 write_start_us=575043334 write_end_us=575043970
TX_HISTORY sequence=67149 type=7 flags=0x07 encoded_bytes=88 allocated_us=575046034 enqueue_us=575046087 write_start_us=575046330 write_end_us=575046360
TX_HISTORY sequence=67150 type=4 flags=0x07 encoded_bytes=84 allocated_us=575055337 enqueue_us=575055398 write_start_us=575056341 write_end_us=575056384
TX_HISTORY sequence=67151 type=5 flags=0x07 encoded_bytes=224 allocated_us=575068610 enqueue_us=575068698 write_start_us=575069326 write_end_us=575070420
TX_HISTORY sequence=67152 type=16 flags=0x07 encoded_bytes=96 allocated_us=575073229 enqueue_us=575073284 write_start_us=575073343 write_end_us=575073425
TX_HISTORY sequence=67153 type=4 flags=0x07 encoded_bytes=84 allocated_us=575076575 enqueue_us=575076638 write_start_us=575077339 write_end_us=575077380
TX_HISTORY sequence=67154 type=57 flags=0x07 encoded_bytes=72 allocated_us=575076662 enqueue_us=575076690 write_start_us=575077407 write_end_us=575077670
TX_HISTORY sequence=67155 type=7 flags=0x07 encoded_bytes=88 allocated_us=575079156 enqueue_us=575079205 write_start_us=575079329 write_end_us=575079357
TX_HISTORY sequence=67156 type=22 flags=0x07 encoded_bytes=148 allocated_us=575081377 enqueue_us=575081436 write_start_us=575082333 write_end_us=575082568
TX_HISTORY sequence=67157 type=4 flags=0x07 encoded_bytes=84 allocated_us=575095287 enqueue_us=575095370 write_start_us=575096341 write_end_us=575096374
TX_HISTORY sequence=67158 type=56 flags=0x07 encoded_bytes=184 allocated_us=575095434 enqueue_us=575095503 write_start_us=575096396 write_end_us=575097885
TX_HISTORY sequence=67159 type=5 flags=0x07 encoded_bytes=224 allocated_us=575101646 enqueue_us=575101724 write_start_us=575102331 write_end_us=575103386
TX_HISTORY sequence=67160 type=7 flags=0x07 encoded_bytes=88 allocated_us=575111987 enqueue_us=575112045 write_start_us=575112330 write_end_us=575112360
TX_HISTORY sequence=67161 type=4 flags=0x07 encoded_bytes=84 allocated_us=575115335 enqueue_us=575115387 write_start_us=575116336 write_end_us=575116377
TX_HISTORY sequence=67162 type=32 flags=0x07 encoded_bytes=40 allocated_us=575131332 enqueue_us=575131369 write_start_us=575131380 write_end_us=575131410
TX_HISTORY sequence=67163 type=5 flags=0x07 encoded_bytes=224 allocated_us=575134554 enqueue_us=575134634 write_start_us=575135329 write_end_us=575136419
TX_HISTORY sequence=67164 type=4 flags=0x07 encoded_bytes=84 allocated_us=575136705 enqueue_us=575136756 write_start_us=575137336 write_end_us=575137374
TX_HISTORY sequence=67165 type=7 flags=0x07 encoded_bytes=88 allocated_us=575144993 enqueue_us=575145052 write_start_us=575145334 write_end_us=575145373
TX_HISTORY sequence=67166 type=56 flags=0x07 encoded_bytes=184 allocated_us=575145437 enqueue_us=575145500 write_start_us=575146330 write_end_us=575146975
TX_HISTORY sequence=67167 type=4 flags=0x07 encoded_bytes=84 allocated_us=575155261 enqueue_us=575155346 write_start_us=575156337 write_end_us=575156373
TX_HISTORY sequence=67168 type=5 flags=0x07 encoded_bytes=224 allocated_us=575167620 enqueue_us=575167703 write_start_us=575168330 write_end_us=575169419
TX_HISTORY sequence=67169 type=16 flags=0x07 encoded_bytes=96 allocated_us=575172227 enqueue_us=575172280 write_start_us=575172368 write_end_us=575172431
TX_HISTORY sequence=67170 type=4 flags=0x07 encoded_bytes=84 allocated_us=575175398 enqueue_us=575175476 write_start_us=575176340 write_end_us=575176384
TX_HISTORY sequence=67171 type=57 flags=0x07 encoded_bytes=72 allocated_us=575175501 enqueue_us=575175528 write_start_us=575176411 write_end_us=575176674
TX_HISTORY sequence=67172 type=7 flags=0x07 encoded_bytes=88 allocated_us=575178147 enqueue_us=575178196 write_start_us=575178328 write_end_us=575178354
TX_HISTORY sequence=67173 type=58 flags=0x07 encoded_bytes=72 allocated_us=575180387 enqueue_us=575180426 write_start_us=575181331 write_end_us=575181358
TX_HISTORY sequence=67174 type=22 flags=0x07 encoded_bytes=148 allocated_us=575182375 enqueue_us=575182434 write_start_us=575183328 write_end_us=575183576
TX_HISTORY sequence=67175 type=4 flags=0x07 encoded_bytes=84 allocated_us=575195215 enqueue_us=575195275 write_start_us=575195344 write_end_us=575195382
TX_HISTORY sequence=67176 type=56 flags=0x07 encoded_bytes=184 allocated_us=575195402 enqueue_us=575195467 write_start_us=575196330 write_end_us=575196964
TX_HISTORY sequence=67177 type=5 flags=0x07 encoded_bytes=224 allocated_us=575199643 enqueue_us=575199725 write_start_us=575200332 write_end_us=575201418
TX_HISTORY sequence=67178 type=7 flags=0x07 encoded_bytes=88 allocated_us=575209985 enqueue_us=575210041 write_start_us=575210334 write_end_us=575210364
TX_HISTORY sequence=67179 type=4 flags=0x07 encoded_bytes=84 allocated_us=575215357 enqueue_us=575215410 write_start_us=575216337 write_end_us=575216381
TX_HISTORY sequence=67180 type=32 flags=0x07 encoded_bytes=40 allocated_us=575231330 enqueue_us=575231371 write_start_us=575231384 write_end_us=575231404
TX_HISTORY sequence=67181 type=5 flags=0x07 encoded_bytes=224 allocated_us=575233596 enqueue_us=575233674 write_start_us=575234329 write_end_us=575235405
TX_HISTORY sequence=67182 type=4 flags=0x07 encoded_bytes=84 allocated_us=575235619 enqueue_us=575235672 write_start_us=575236334 write_end_us=575236368
TX_HISTORY sequence=67183 type=7 flags=0x07 encoded_bytes=88 allocated_us=575235673 enqueue_us=575235711 write_start_us=575236389 write_end_us=575237258
TX_HISTORY sequence=67184 type=56 flags=0x07 encoded_bytes=184 allocated_us=575246376 enqueue_us=575246462 write_start_us=575247333 write_end_us=575247963
TX_HISTORY sequence=67185 type=7 flags=0x07 encoded_bytes=88 allocated_us=575249034 enqueue_us=575249074 write_start_us=575249326 write_end_us=575249346
TX_HISTORY sequence=67186 type=4 flags=0x07 encoded_bytes=84 allocated_us=575255200 enqueue_us=575255259 write_start_us=575255342 write_end_us=575255389
TX_HISTORY sequence=67187 type=5 flags=0x07 encoded_bytes=224 allocated_us=575265632 enqueue_us=575265714 write_start_us=575266328 write_end_us=575267394
TX_HISTORY sequence=67188 type=16 flags=0x07 encoded_bytes=96 allocated_us=575270129 enqueue_us=575270183 write_start_us=575270384 write_end_us=575270549
TX_HISTORY sequence=67189 type=57 flags=0x07 encoded_bytes=72 allocated_us=575271370 enqueue_us=575271417 write_start_us=575272333 write_end_us=575272359
TX_HISTORY sequence=67190 type=4 flags=0x07 encoded_bytes=84 allocated_us=575275267 enqueue_us=575275357 write_start_us=575276338 write_end_us=575276384
TX_HISTORY sequence=67191 type=7 flags=0x07 encoded_bytes=88 allocated_us=575276042 enqueue_us=575276074 write_start_us=575276409 write_end_us=575276881
TX_HISTORY sequence=67192 type=22 flags=0x07 encoded_bytes=148 allocated_us=575282380 enqueue_us=575282451 write_start_us=575283331 write_end_us=575283570
TX_HISTORY sequence=67193 type=4 flags=0x07 encoded_bytes=84 allocated_us=575295286 enqueue_us=575295371 write_start_us=575296339 write_end_us=575296374
TX_HISTORY sequence=67194 type=56 flags=0x07 encoded_bytes=184 allocated_us=575297401 enqueue_us=575297468 write_start_us=575298333 write_end_us=575298953
TX_HISTORY sequence=67195 type=5 flags=0x07 encoded_bytes=224 allocated_us=575298639 enqueue_us=575298721 write_start_us=575298966 write_end_us=575301392
TX_HISTORY sequence=67196 type=7 flags=0x07 encoded_bytes=88 allocated_us=575308976 enqueue_us=575309034 write_start_us=575309331 write_end_us=575309367
TX_HISTORY sequence=67197 type=4 flags=0x07 encoded_bytes=84 allocated_us=575315204 enqueue_us=575315261 write_start_us=575315340 write_end_us=575315381
TX_HISTORY sequence=67198 type=32 flags=0x07 encoded_bytes=40 allocated_us=575331332 enqueue_us=575331368 write_start_us=575331381 write_end_us=575331407
TX_HISTORY sequence=67199 type=5 flags=0x07 encoded_bytes=224 allocated_us=575331556 enqueue_us=575331637 write_start_us=575332327 write_end_us=575333389
TX_HISTORY sequence=67200 type=4 flags=0x07 encoded_bytes=84 allocated_us=575337292 enqueue_us=575337374 write_start_us=575338338 write_end_us=575338377
TX_HISTORY sequence=67201 type=7 flags=0x07 encoded_bytes=88 allocated_us=575342014 enqueue_us=575342074 write_start_us=575342330 write_end_us=575342366
TX_HISTORY sequence=67202 type=56 flags=0x07 encoded_bytes=184 allocated_us=575347373 enqueue_us=575347444 write_start_us=575348333 write_end_us=575348962
TX_HISTORY sequence=67203 type=4 flags=0x07 encoded_bytes=84 allocated_us=575355168 enqueue_us=575355241 write_start_us=575355337 write_end_us=575355374
TX_HISTORY sequence=67204 type=5 flags=0x07 encoded_bytes=224 allocated_us=575364606 enqueue_us=575364686 write_start_us=575365329 write_end_us=575366387
TX_HISTORY sequence=67205 type=57 flags=0x07 encoded_bytes=72 allocated_us=575370606 enqueue_us=575370671 write_start_us=575371336 write_end_us=575371406
TX_HISTORY sequence=67206 type=16 flags=0x07 encoded_bytes=96 allocated_us=575370650 enqueue_us=575370691 write_start_us=575371486 write_end_us=575371852
TX_HISTORY sequence=67207 type=7 flags=0x07 encoded_bytes=88 allocated_us=575374449 enqueue_us=575374498 write_start_us=575375342 write_end_us=575375386
TX_HISTORY sequence=67208 type=4 flags=0x07 encoded_bytes=84 allocated_us=575375149 enqueue_us=575375189 write_start_us=575375411 write_end_us=575375883
TX_HISTORY sequence=67209 type=58 flags=0x07 encoded_bytes=72 allocated_us=575381387 enqueue_us=575381439 write_start_us=575382334 write_end_us=575382361
TX_HISTORY sequence=67210 type=22 flags=0x07 encoded_bytes=148 allocated_us=575383376 enqueue_us=575383434 write_start_us=575384328 write_end_us=575384574
TX_HISTORY sequence=67211 type=4 flags=0x07 encoded_bytes=84 allocated_us=575395148 enqueue_us=575395196 write_start_us=575395341 write_end_us=575395377
TX_HISTORY sequence=67212 type=5 flags=0x07 encoded_bytes=224 allocated_us=575397649 enqueue_us=575397737 write_start_us=575398328 write_end_us=575399395
TX_HISTORY sequence=67213 type=56 flags=0x07 encoded_bytes=184 allocated_us=575399455 enqueue_us=575399540 write_start_us=575400334 write_end_us=575401375
TX_HISTORY sequence=67214 type=7 flags=0x07 encoded_bytes=88 allocated_us=575407976 enqueue_us=575408024 write_start_us=575408332 write_end_us=575408371
TX_HISTORY sequence=67215 type=4 flags=0x07 encoded_bytes=84 allocated_us=575415449 enqueue_us=575415508 write_start_us=575416337 write_end_us=575416376
TX_HISTORY sequence=67216 type=5 flags=0x07 encoded_bytes=224 allocated_us=575430602 enqueue_us=575430701 write_start_us=575431354 write_end_us=575432425
TX_HISTORY sequence=67217 type=32 flags=0x07 encoded_bytes=40 allocated_us=575431324 enqueue_us=575431343 write_start_us=575432437 write_end_us=575432853
TX_HISTORY sequence=67218 type=4 flags=0x07 encoded_bytes=84 allocated_us=575435669 enqueue_us=575435730 write_start_us=575436341 write_end_us=575436381
TX_HISTORY sequence=67219 type=7 flags=0x07 encoded_bytes=88 allocated_us=575440995 enqueue_us=575441050 write_start_us=575441332 write_end_us=575441367
TX_HISTORY sequence=67220 type=56 flags=0x07 encoded_bytes=184 allocated_us=575450370 enqueue_us=575450441 write_start_us=575451330 write_end_us=575451973
TX_HISTORY sequence=67221 type=4 flags=0x07 encoded_bytes=84 allocated_us=575455336 enqueue_us=575455389 write_start_us=575456336 write_end_us=575456370
TX_HISTORY sequence=67222 type=5 flags=0x07 encoded_bytes=224 allocated_us=575463626 enqueue_us=575463710 write_start_us=575464330 write_end_us=575465388
TX_HISTORY sequence=67223 type=16 flags=0x07 encoded_bytes=96 allocated_us=575474715 enqueue_us=575474779 write_start_us=575475397 write_end_us=575475477
TX_HISTORY sequence=67224 type=4 flags=0x07 encoded_bytes=84 allocated_us=575475208 enqueue_us=575475241 write_start_us=575475517 write_end_us=575476044
TX_HISTORY sequence=67225 type=57 flags=0x07 encoded_bytes=72 allocated_us=575475266 enqueue_us=575475295 write_start_us=575476060 write_end_us=575476817
TX_HISTORY sequence=67226 type=7 flags=0x07 encoded_bytes=88 allocated_us=575479481 enqueue_us=575479541 write_start_us=575480332 write_end_us=575480363
TX_HISTORY sequence=67227 type=22 flags=0x07 encoded_bytes=148 allocated_us=575484378 enqueue_us=575484441 write_start_us=575485329 write_end_us=575485584
TX_HISTORY sequence=67228 type=4 flags=0x07 encoded_bytes=84 allocated_us=575495116 enqueue_us=575495156 write_start_us=575495341 write_end_us=575495381
TX_HISTORY sequence=67229 type=5 flags=0x07 encoded_bytes=224 allocated_us=575496626 enqueue_us=575496715 write_start_us=575497330 write_end_us=575498398
TX_HISTORY sequence=67230 type=56 flags=0x07 encoded_bytes=184 allocated_us=575500372 enqueue_us=575500455 write_start_us=575501333 write_end_us=575501985
TX_HISTORY sequence=67231 type=7 flags=0x07 encoded_bytes=88 allocated_us=575506977 enqueue_us=575507029 write_start_us=575507332 write_end_us=575507370
TX_HISTORY sequence=67232 type=4 flags=0x07 encoded_bytes=84 allocated_us=575515385 enqueue_us=575515446 write_start_us=575516339 write_end_us=575516377
TX_HISTORY sequence=67233 type=5 flags=0x07 encoded_bytes=224 allocated_us=575529653 enqueue_us=575529748 write_start_us=575530328 write_end_us=575531400
TX_HISTORY sequence=67234 type=32 flags=0x07 encoded_bytes=40 allocated_us=575532331 enqueue_us=575532356 write_start_us=575532366 write_end_us=575532388
TX_HISTORY sequence=67235 type=4 flags=0x07 encoded_bytes=84 allocated_us=575535223 enqueue_us=575535283 write_start_us=575535338 write_end_us=575535376
TX_HISTORY sequence=67236 type=7 flags=0x07 encoded_bytes=88 allocated_us=575540008 enqueue_us=575540059 write_start_us=575540335 write_end_us=575540373
TX_HISTORY sequence=67237 type=56 flags=0x07 encoded_bytes=184 allocated_us=575551372 enqueue_us=575551454 write_start_us=575552332 write_end_us=575552964
TX_HISTORY sequence=67238 type=4 flags=0x07 encoded_bytes=84 allocated_us=575556475 enqueue_us=575556519 write_start_us=575557337 write_end_us=575557375
TX_HISTORY sequence=67239 type=5 flags=0x07 encoded_bytes=224 allocated_us=575562647 enqueue_us=575562737 write_start_us=575563331 write_end_us=575564386
TX_HISTORY sequence=67240 type=7 flags=0x07 encoded_bytes=88 allocated_us=575573041 enqueue_us=575573099 write_start_us=575573335 write_end_us=575573371
TX_HISTORY sequence=67241 type=4 flags=0x07 encoded_bytes=84 allocated_us=575575172 enqueue_us=575575213 write_start_us=575575355 write_end_us=575575389
TX_HISTORY sequence=67242 type=16 flags=0x07 encoded_bytes=96 allocated_us=575576800 enqueue_us=575576861 write_start_us=575577394 write_end_us=575577435
TX_HISTORY sequence=67243 type=57 flags=0x07 encoded_bytes=72 allocated_us=575578352 enqueue_us=575578395 write_start_us=575579336 write_end_us=575579410
TX_HISTORY sequence=67244 type=11 flags=0x07 encoded_bytes=56 allocated_us=575579820 enqueue_us=575579847 write_start_us=575580327 write_end_us=575580346
TX_HISTORY sequence=67245 type=58 flags=0x07 encoded_bytes=72 allocated_us=575582387 enqueue_us=575582425 write_start_us=575583328 write_end_us=575583352
TX_HISTORY sequence=67246 type=22 flags=0x07 encoded_bytes=148 allocated_us=575584369 enqueue_us=575584426 write_start_us=575585327 write_end_us=575585566
TX_HISTORY sequence=67247 type=5 flags=0x07 encoded_bytes=224 allocated_us=575594597 enqueue_us=575594681 write_start_us=575595343 write_end_us=575596424
TX_HISTORY sequence=67248 type=4 flags=0x07 encoded_bytes=84 allocated_us=575595224 enqueue_us=575595265 write_start_us=575596435 write_end_us=575597326
TX_HISTORY sequence=67249 type=56 flags=0x07 encoded_bytes=184 allocated_us=575601376 enqueue_us=575601464 write_start_us=575602336 write_end_us=575602977
TX_HISTORY sequence=67250 type=7 flags=0x07 encoded_bytes=88 allocated_us=575605035 enqueue_us=575605087 write_start_us=575605332 write_end_us=575605365
TX_HISTORY sequence=67251 type=4 flags=0x07 encoded_bytes=84 allocated_us=575615127 enqueue_us=575615199 write_start_us=575615340 write_end_us=575615373
TX_HISTORY sequence=67252 type=5 flags=0x07 encoded_bytes=224 allocated_us=575628651 enqueue_us=575628735 write_start_us=575629335 write_end_us=575630411
TX_HISTORY sequence=67253 type=7 flags=0x07 encoded_bytes=88 allocated_us=575630691 enqueue_us=575630727 write_start_us=575631325 write_end_us=575631370
TX_HISTORY sequence=67254 type=32 flags=0x07 encoded_bytes=40 allocated_us=575632333 enqueue_us=575632368 write_start_us=575632384 write_end_us=575632410
TX_HISTORY sequence=67255 type=4 flags=0x07 encoded_bytes=84 allocated_us=575635237 enqueue_us=575635291 write_start_us=575635339 write_end_us=575635371
TX_HISTORY sequence=67256 type=7 flags=0x07 encoded_bytes=88 allocated_us=575643991 enqueue_us=575644051 write_start_us=575644336 write_end_us=575644374
TX_HISTORY sequence=67257 type=4 flags=0x07 encoded_bytes=84 allocated_us=575655081 enqueue_us=575655138 write_start_us=575655340 write_end_us=575655377
TX_HISTORY sequence=67258 type=56 flags=0x07 encoded_bytes=184 allocated_us=575655187 enqueue_us=575655261 write_start_us=575655401 write_end_us=575656902
TX_HISTORY sequence=67259 type=5 flags=0x07 encoded_bytes=224 allocated_us=575660620 enqueue_us=575660704 write_start_us=575661330 write_end_us=575662397
TX_HISTORY sequence=67260 type=7 flags=0x07 encoded_bytes=88 allocated_us=575670979 enqueue_us=575671033 write_start_us=575671330 write_end_us=575671362
TX_HISTORY sequence=67261 type=4 flags=0x07 encoded_bytes=84 allocated_us=575675610 enqueue_us=575675667 write_start_us=575676343 write_end_us=575676386
TX_HISTORY sequence=67262 type=16 flags=0x07 encoded_bytes=96 allocated_us=575676727 enqueue_us=575676775 write_start_us=575677358 write_end_us=575677387
TX_HISTORY sequence=67263 type=57 flags=0x07 encoded_bytes=72 allocated_us=575677526 enqueue_us=575677557 write_start_us=575678333 write_end_us=575678367
TX_HISTORY sequence=67264 type=22 flags=0x07 encoded_bytes=148 allocated_us=575684375 enqueue_us=575684446 write_start_us=575685332 write_end_us=575685565
TX_HISTORY sequence=67265 type=5 flags=0x07 encoded_bytes=224 allocated_us=575693553 enqueue_us=575693634 write_start_us=575694327 write_end_us=575695389
TX_HISTORY sequence=67266 type=4 flags=0x07 encoded_bytes=84 allocated_us=575695633 enqueue_us=575695683 write_start_us=575696342 write_end_us=575696379
TX_HISTORY sequence=67267 type=7 flags=0x07 encoded_bytes=88 allocated_us=575703994 enqueue_us=575704052 write_start_us=575704333 write_end_us=575704367
TX_HISTORY sequence=67268 type=56 flags=0x07 encoded_bytes=184 allocated_us=575706373 enqueue_us=575706446 write_start_us=575707334 write_end_us=575707965
TX_HISTORY sequence=67269 type=4 flags=0x07 encoded_bytes=84 allocated_us=575715027 enqueue_us=575715085 write_start_us=575715333 write_end_us=575715365
TX_HISTORY sequence=67270 type=5 flags=0x07 encoded_bytes=224 allocated_us=575726596 enqueue_us=575726680 write_start_us=575727328 write_end_us=575728392
TX_HISTORY sequence=67271 type=32 flags=0x07 encoded_bytes=40 allocated_us=575732336 enqueue_us=575732366 write_start_us=575732378 write_end_us=575732401
TX_HISTORY sequence=67272 type=4 flags=0x07 encoded_bytes=84 allocated_us=575735134 enqueue_us=575735210 write_start_us=575735339 write_end_us=575735380
TX_HISTORY sequence=67273 type=7 flags=0x07 encoded_bytes=88 allocated_us=575737115 enqueue_us=575737150 write_start_us=575737330 write_end_us=575737357
TX_HISTORY sequence=67274 type=4 flags=0x07 encoded_bytes=84 allocated_us=575755118 enqueue_us=575755178 write_start_us=575755339 write_end_us=575755376
TX_HISTORY sequence=67275 type=56 flags=0x07 encoded_bytes=184 allocated_us=575756425 enqueue_us=575756492 write_start_us=575757329 write_end_us=575757962
TX_HISTORY sequence=67276 type=5 flags=0x07 encoded_bytes=224 allocated_us=575759596 enqueue_us=575759679 write_start_us=575760331 write_end_us=575761393
TX_HISTORY sequence=67277 type=7 flags=0x07 encoded_bytes=88 allocated_us=575769981 enqueue_us=575770039 write_start_us=575770333 write_end_us=575770367
TX_HISTORY sequence=67278 type=4 flags=0x07 encoded_bytes=84 allocated_us=575775076 enqueue_us=575775145 write_start_us=575775338 write_end_us=575775375
TX_HISTORY sequence=67279 type=57 flags=0x07 encoded_bytes=72 allocated_us=575779590 enqueue_us=575779655 write_start_us=575780335 write_end_us=575780421
TX_HISTORY sequence=67280 type=16 flags=0x07 encoded_bytes=96 allocated_us=575779635 enqueue_us=575779676 write_start_us=575780458 write_end_us=575780888
TX_HISTORY sequence=67281 type=58 flags=0x07 encoded_bytes=72 allocated_us=575783381 enqueue_us=575783413 write_start_us=575784328 write_end_us=575784351
TX_HISTORY sequence=67282 type=22 flags=0x07 encoded_bytes=148 allocated_us=575785369 enqueue_us=575785422 write_start_us=575786329 write_end_us=575786561
TX_HISTORY sequence=67283 type=5 flags=0x07 encoded_bytes=224 allocated_us=575795064 enqueue_us=575795190 write_start_us=575795340 write_end_us=575796401
TX_HISTORY sequence=67284 type=4 flags=0x07 encoded_bytes=84 allocated_us=575795149 enqueue_us=575795192 write_start_us=575796412 write_end_us=575797316
TX_HISTORY sequence=67285 type=7 flags=0x07 encoded_bytes=88 allocated_us=575805020 enqueue_us=575805076 write_start_us=575805333 write_end_us=575805365
TX_HISTORY sequence=67286 type=56 flags=0x07 encoded_bytes=184 allocated_us=575806369 enqueue_us=575806447 write_start_us=575807331 write_end_us=575807971
TX_HISTORY sequence=67287 type=4 flags=0x07 encoded_bytes=84 allocated_us=575815007 enqueue_us=575815065 write_start_us=575815345 write_end_us=575815386
TX_HISTORY sequence=67288 type=5 flags=0x07 encoded_bytes=224 allocated_us=575825638 enqueue_us=575825721 write_start_us=575826340 write_end_us=575827406
TX_HISTORY sequence=67289 type=32 flags=0x07 encoded_bytes=40 allocated_us=575832338 enqueue_us=575832389 write_start_us=575832422 write_end_us=575832465
TX_HISTORY sequence=67290 type=4 flags=0x07 encoded_bytes=84 allocated_us=575834838 enqueue_us=575834926 write_start_us=575835346 write_end_us=575835393
TX_HISTORY sequence=67291 type=7 flags=0x07 encoded_bytes=88 allocated_us=575838146 enqueue_us=575838205 write_start_us=575838334 write_end_us=575838366
TX_HISTORY sequence=67292 type=4 flags=0x07 encoded_bytes=84 allocated_us=575855013 enqueue_us=575855071 write_start_us=575855338 write_end_us=575855379
TX_HISTORY sequence=67293 type=56 flags=0x07 encoded_bytes=184 allocated_us=575856424 enqueue_us=575856491 write_start_us=575857330 write_end_us=575857964
TX_HISTORY sequence=67294 type=5 flags=0x07 encoded_bytes=224 allocated_us=575858613 enqueue_us=575858692 write_start_us=575859331 write_end_us=575860384
TX_HISTORY sequence=67295 type=7 flags=0x07 encoded_bytes=88 allocated_us=575868983 enqueue_us=575869047 write_start_us=575869334 write_end_us=575869373
TX_HISTORY sequence=67296 type=4 flags=0x07 encoded_bytes=84 allocated_us=575875068 enqueue_us=575875132 write_start_us=575875336 write_end_us=575875373
TX_HISTORY sequence=67297 type=22 flags=0x07 encoded_bytes=148 allocated_us=575885369 enqueue_us=575885448 write_start_us=575886334 write_end_us=575886575
TX_HISTORY sequence=67298 type=5 flags=0x07 encoded_bytes=224 allocated_us=575891562 enqueue_us=575891639 write_start_us=575892327 write_end_us=575893410
TX_HISTORY sequence=67299 type=4 flags=0x07 encoded_bytes=84 allocated_us=575895712 enqueue_us=575895784 write_start_us=575896354 write_end_us=575896416
TX_HISTORY sequence=67300 type=57 flags=0x07 encoded_bytes=72 allocated_us=575896226 enqueue_us=575896263 write_start_us=575896467 write_end_us=575896721
TX_HISTORY sequence=67301 type=16 flags=0x07 encoded_bytes=96 allocated_us=575896292 enqueue_us=575896331 write_start_us=575896737 write_end_us=575897765
TX_HISTORY sequence=67302 type=7 flags=0x07 encoded_bytes=88 allocated_us=575901995 enqueue_us=575902058 write_start_us=575902333 write_end_us=575902364
TX_HISTORY sequence=67303 type=56 flags=0x07 encoded_bytes=184 allocated_us=575907378 enqueue_us=575907457 write_start_us=575908335 write_end_us=575908984
TX_HISTORY sequence=67304 type=4 flags=0x07 encoded_bytes=84 allocated_us=575915022 enqueue_us=575915095 write_start_us=575915340 write_end_us=575915383
TX_HISTORY sequence=67305 type=5 flags=0x07 encoded_bytes=224 allocated_us=575923664 enqueue_us=575923747 write_start_us=575924331 write_end_us=575925388
TX_HISTORY sequence=67306 type=32 flags=0x07 encoded_bytes=40 allocated_us=575932333 enqueue_us=575932373 write_start_us=575932388 write_end_us=575932421
TX_HISTORY sequence=67307 type=7 flags=0x07 encoded_bytes=88 allocated_us=575934059 enqueue_us=575934098 write_start_us=575934325 write_end_us=575934348
TX_HISTORY sequence=67308 type=4 flags=0x07 encoded_bytes=84 allocated_us=575935113 enqueue_us=575935167 write_start_us=575935337 write_end_us=575935375
TX_HISTORY sequence=67309 type=4 flags=0x07 encoded_bytes=84 allocated_us=575954925 enqueue_us=575954989 write_start_us=575955341 write_end_us=575955386
TX_HISTORY sequence=67310 type=5 flags=0x07 encoded_bytes=224 allocated_us=575957650 enqueue_us=575957730 write_start_us=575958331 write_end_us=575959401
TX_HISTORY sequence=67311 type=56 flags=0x07 encoded_bytes=184 allocated_us=575959455 enqueue_us=575959526 write_start_us=575960329 write_end_us=575961398
TX_HISTORY sequence=67312 type=7 flags=0x07 encoded_bytes=88 allocated_us=575959690 enqueue_us=575959727 write_start_us=575961410 write_end_us=575962340
TX_HISTORY sequence=67313 type=7 flags=0x07 encoded_bytes=88 allocated_us=575973028 enqueue_us=575973085 write_start_us=575973334 write_end_us=575973366
TX_HISTORY sequence=67314 type=4 flags=0x07 encoded_bytes=84 allocated_us=575975178 enqueue_us=575975232 write_start_us=575975335 write_end_us=575975375
TX_HISTORY sequence=67315 type=58 flags=0x07 encoded_bytes=72 allocated_us=575983388 enqueue_us=575983444 write_start_us=575984337 write_end_us=575984365
TX_HISTORY sequence=67316 type=22 flags=0x07 encoded_bytes=148 allocated_us=575985362 enqueue_us=575985413 write_start_us=575986326 write_end_us=575986564
TX_HISTORY sequence=67317 type=5 flags=0x07 encoded_bytes=224 allocated_us=575989653 enqueue_us=575989734 write_start_us=575990326 write_end_us=575991402
TX_HISTORY sequence=67318 type=16 flags=0x07 encoded_bytes=96 allocated_us=575994213 enqueue_us=575994268 write_start_us=575994393 write_end_us=575994434
TX_HISTORY sequence=67319 type=4 flags=0x07 encoded_bytes=84 allocated_us=575995076 enqueue_us=575995120 write_start_us=575995375 write_end_us=575995407
TX_HISTORY sequence=67320 type=57 flags=0x07 encoded_bytes=72 allocated_us=575995142 enqueue_us=575995170 write_start_us=575995421 write_end_us=575995773
TX_HISTORY sequence=67321 type=7 flags=0x07 encoded_bytes=88 allocated_us=575999996 enqueue_us=576000060 write_start_us=576000334 write_end_us=576000371
TX_HISTORY sequence=67322 type=56 flags=0x07 encoded_bytes=184 allocated_us=576009373 enqueue_us=576009456 write_start_us=576010331 write_end_us=576010970
TX_HISTORY sequence=67323 type=4 flags=0x07 encoded_bytes=84 allocated_us=576014962 enqueue_us=576015003 write_start_us=576015334 write_end_us=576015363
TX_HISTORY sequence=67324 type=5 flags=0x07 encoded_bytes=224 allocated_us=576022631 enqueue_us=576022725 write_start_us=576023331 write_end_us=576024385
TX_HISTORY sequence=67325 type=32 flags=0x07 encoded_bytes=40 allocated_us=576032332 enqueue_us=576032372 write_start_us=576032389 write_end_us=576032422
TX_HISTORY sequence=67326 type=7 flags=0x07 encoded_bytes=88 allocated_us=576033056 enqueue_us=576033094 write_start_us=576033327 write_end_us=576033347
TX_HISTORY sequence=67327 type=4 flags=0x07 encoded_bytes=84 allocated_us=576035034 enqueue_us=576035092 write_start_us=576035338 write_end_us=576035375
TX_HISTORY sequence=67328 type=4 flags=0x07 encoded_bytes=84 allocated_us=576054951 enqueue_us=576055023 write_start_us=576055338 write_end_us=576055374
TX_HISTORY sequence=67329 type=5 flags=0x07 encoded_bytes=224 allocated_us=576055580 enqueue_us=576055659 write_start_us=576056336 write_end_us=576057388
TX_HISTORY sequence=67330 type=56 flags=0x07 encoded_bytes=184 allocated_us=576060379 enqueue_us=576060468 write_start_us=576061337 write_end_us=576061974
TX_HISTORY sequence=67331 type=7 flags=0x07 encoded_bytes=88 allocated_us=576065985 enqueue_us=576066038 write_start_us=576066332 write_end_us=576066368
TX_HISTORY sequence=67332 type=4 flags=0x07 encoded_bytes=84 allocated_us=576074991 enqueue_us=576075055 write_start_us=576075347 write_end_us=576075385
TX_HISTORY sequence=67333 type=22 flags=0x07 encoded_bytes=148 allocated_us=576085364 enqueue_us=576085426 write_start_us=576086331 write_end_us=576086575
TX_HISTORY sequence=67334 type=5 flags=0x07 encoded_bytes=224 allocated_us=576088651 enqueue_us=576088735 write_start_us=576089328 write_end_us=576090425
TX_HISTORY sequence=67335 type=16 flags=0x07 encoded_bytes=96 allocated_us=576093291 enqueue_us=576093347 write_start_us=576094338 write_end_us=576094393
TX_HISTORY sequence=67336 type=4 flags=0x07 encoded_bytes=84 allocated_us=576095403 enqueue_us=576095458 write_start_us=576096337 write_end_us=576096375
TX_HISTORY sequence=67337 type=57 flags=0x07 encoded_bytes=72 allocated_us=576095483 enqueue_us=576095512 write_start_us=576096399 write_end_us=576096677
TX_HISTORY sequence=67338 type=7 flags=0x07 encoded_bytes=88 allocated_us=576099084 enqueue_us=576099141 write_start_us=576099331 write_end_us=576099368
TX_HISTORY sequence=67339 type=56 flags=0x07 encoded_bytes=184 allocated_us=576110373 enqueue_us=576110447 write_start_us=576111334 write_end_us=576111972
TX_HISTORY sequence=67340 type=4 flags=0x07 encoded_bytes=84 allocated_us=576114943 enqueue_us=576114994 write_start_us=576115331 write_end_us=576115357
TX_HISTORY sequence=67341 type=5 flags=0x07 encoded_bytes=224 allocated_us=576121639 enqueue_us=576121722 write_start_us=576122335 write_end_us=576123390
TX_HISTORY sequence=67342 type=7 flags=0x07 encoded_bytes=88 allocated_us=576131979 enqueue_us=576132034 write_start_us=576132362 write_end_us=576132399
TX_HISTORY sequence=67343 type=32 flags=0x07 encoded_bytes=40 allocated_us=576132325 enqueue_us=576132347 write_start_us=576132421 write_end_us=576132437
TX_HISTORY sequence=67344 type=4 flags=0x07 encoded_bytes=84 allocated_us=576135257 enqueue_us=576135335 write_start_us=576136335 write_end_us=576136374
TX_HISTORY sequence=67345 type=5 flags=0x07 encoded_bytes=224 allocated_us=576154549 enqueue_us=576154662 write_start_us=576155343 write_end_us=576156414
TX_HISTORY sequence=67346 type=4 flags=0x07 encoded_bytes=84 allocated_us=576154916 enqueue_us=576154950 write_start_us=576156425 write_end_us=576157322
TX_HISTORY sequence=67347 type=56 flags=0x07 encoded_bytes=184 allocated_us=576161376 enqueue_us=576161463 write_start_us=576162334 write_end_us=576162970
TX_HISTORY sequence=67348 type=7 flags=0x07 encoded_bytes=88 allocated_us=576165012 enqueue_us=576165066 write_start_us=576165330 write_end_us=576165365
TX_HISTORY sequence=67349 type=4 flags=0x07 encoded_bytes=84 allocated_us=576174930 enqueue_us=576175002 write_start_us=576175340 write_end_us=576175377
TX_HISTORY sequence=67350 type=58 flags=0x07 encoded_bytes=72 allocated_us=576183383 enqueue_us=576183417 write_start_us=576184331 write_end_us=576184354
TX_HISTORY sequence=67351 type=22 flags=0x07 encoded_bytes=148 allocated_us=576185362 enqueue_us=576185415 write_start_us=576186327 write_end_us=576186569
TX_HISTORY sequence=67352 type=5 flags=0x07 encoded_bytes=224 allocated_us=576187619 enqueue_us=576187705 write_start_us=576188327 write_end_us=576189409
TX_HISTORY sequence=67353 type=16 flags=0x07 encoded_bytes=96 allocated_us=576192259 enqueue_us=576192327 write_start_us=576192352 write_end_us=576192436
TX_HISTORY sequence=67354 type=4 flags=0x07 encoded_bytes=84 allocated_us=576195141 enqueue_us=576195194 write_start_us=576195338 write_end_us=576195375
TX_HISTORY sequence=67355 type=57 flags=0x07 encoded_bytes=72 allocated_us=576195218 enqueue_us=576195246 write_start_us=576195395 write_end_us=576195676
TX_HISTORY sequence=67356 type=7 flags=0x07 encoded_bytes=88 allocated_us=576198096 enqueue_us=576198157 write_start_us=576198333 write_end_us=576198371
TX_HISTORY sequence=67357 type=56 flags=0x07 encoded_bytes=184 allocated_us=576211374 enqueue_us=576211454 write_start_us=576212331 write_end_us=576212972
TX_HISTORY sequence=67358 type=4 flags=0x07 encoded_bytes=84 allocated_us=576215618 enqueue_us=576215657 write_start_us=576216334 write_end_us=576216364
TX_HISTORY sequence=67359 type=5 flags=0x07 encoded_bytes=224 allocated_us=576220637 enqueue_us=576220732 write_start_us=576221330 write_end_us=576222393
TX_HISTORY sequence=67360 type=7 flags=0x07 encoded_bytes=88 allocated_us=576230983 enqueue_us=576231034 write_start_us=576231330 write_end_us=576231364
TX_HISTORY sequence=67361 type=32 flags=0x07 encoded_bytes=40 allocated_us=576232331 enqueue_us=576232362 write_start_us=576232378 write_end_us=576232397
TX_HISTORY sequence=67362 type=4 flags=0x07 encoded_bytes=84 allocated_us=576235015 enqueue_us=576235071 write_start_us=576235336 write_end_us=576235378
TX_HISTORY sequence=67363 type=5 flags=0x07 encoded_bytes=224 allocated_us=576253558 enqueue_us=576253657 write_start_us=576254335 write_end_us=576255392
TX_HISTORY sequence=67364 type=4 flags=0x07 encoded_bytes=84 allocated_us=576255614 enqueue_us=576255666 write_start_us=576256337 write_end_us=576256374
TX_HISTORY sequence=67365 type=56 flags=0x07 encoded_bytes=184 allocated_us=576262383 enqueue_us=576262475 write_start_us=576263332 write_end_us=576263975
TX_HISTORY sequence=67366 type=7 flags=0x07 encoded_bytes=88 allocated_us=576264023 enqueue_us=576264054 write_start_us=576264327 write_end_us=576264926
TX_HISTORY sequence=67367 type=4 flags=0x07 encoded_bytes=84 allocated_us=576274969 enqueue_us=576275028 write_start_us=576275337 write_end_us=576275372
TX_HISTORY sequence=67368 type=22 flags=0x07 encoded_bytes=148 allocated_us=576285365 enqueue_us=576285422 write_start_us=576286331 write_end_us=576286567
TX_HISTORY sequence=67369 type=5 flags=0x07 encoded_bytes=224 allocated_us=576286596 enqueue_us=576286677 write_start_us=576287328 write_end_us=576289030
TX_HISTORY sequence=67370 type=16 flags=0x07 encoded_bytes=96 allocated_us=576291763 enqueue_us=576291826 write_start_us=576292338 write_end_us=576292370
TX_HISTORY sequence=67371 type=4 flags=0x07 encoded_bytes=84 allocated_us=576295079 enqueue_us=576295158 write_start_us=576295336 write_end_us=576295377
TX_HISTORY sequence=67372 type=57 flags=0x07 encoded_bytes=72 allocated_us=576295194 enqueue_us=576295223 write_start_us=576295399 write_end_us=576295683
TX_HISTORY sequence=67373 type=7 flags=0x07 encoded_bytes=88 allocated_us=576297144 enqueue_us=576297178 write_start_us=576297330 write_end_us=576297356
TX_HISTORY sequence=67374 type=4 flags=0x07 encoded_bytes=84 allocated_us=576314904 enqueue_us=576314966 write_start_us=576315338 write_end_us=576315375
TX_HISTORY sequence=67375 type=56 flags=0x07 encoded_bytes=184 allocated_us=576315009 enqueue_us=576315073 write_start_us=576315397 write_end_us=576316886
TX_HISTORY sequence=67376 type=5 flags=0x07 encoded_bytes=224 allocated_us=576318654 enqueue_us=576318737 write_start_us=576319333 write_end_us=576320386
TX_HISTORY sequence=67377 type=7 flags=0x07 encoded_bytes=88 allocated_us=576328973 enqueue_us=576329030 write_start_us=576329335 write_end_us=576329364
TX_HISTORY sequence=67378 type=32 flags=0x07 encoded_bytes=40 allocated_us=576332335 enqueue_us=576332362 write_start_us=576332373 write_end_us=576332400
TX_HISTORY sequence=67379 type=4 flags=0x07 encoded_bytes=84 allocated_us=576334997 enqueue_us=576335053 write_start_us=576335337 write_end_us=576335376
TX_HISTORY sequence=67380 type=5 flags=0x07 encoded_bytes=224 allocated_us=576351549 enqueue_us=576351645 write_start_us=576352336 write_end_us=576353397
TX_HISTORY sequence=67381 type=4 flags=0x07 encoded_bytes=84 allocated_us=576357458 enqueue_us=576357516 write_start_us=576358338 write_end_us=576358381
TX_HISTORY sequence=67382 type=7 flags=0x07 encoded_bytes=88 allocated_us=576362013 enqueue_us=576362071 write_start_us=576362332 write_end_us=576362363
TX_HISTORY sequence=67383 type=56 flags=0x07 encoded_bytes=184 allocated_us=576364371 enqueue_us=576364442 write_start_us=576365333 write_end_us=576365983
TX_HISTORY sequence=67384 type=4 flags=0x07 encoded_bytes=84 allocated_us=576374905 enqueue_us=576374965 write_start_us=576375340 write_end_us=576375379
TX_HISTORY sequence=67385 type=58 flags=0x07 encoded_bytes=72 allocated_us=576383383 enqueue_us=576383413 write_start_us=576384330 write_end_us=576384353
TX_HISTORY sequence=67386 type=5 flags=0x07 encoded_bytes=224 allocated_us=576384630 enqueue_us=576384715 write_start_us=576385328 write_end_us=576386420
TX_HISTORY sequence=67387 type=22 flags=0x07 encoded_bytes=148 allocated_us=576386445 enqueue_us=576386507 write_start_us=576387334 write_end_us=576388033
TX_HISTORY sequence=67388 type=16 flags=0x07 encoded_bytes=96 allocated_us=576389898 enqueue_us=576389945 write_start_us=576390392 write_end_us=576390424
TX_HISTORY sequence=67389 type=57 flags=0x07 encoded_bytes=72 allocated_us=576390465 enqueue_us=576390493 write_start_us=576391333 write_end_us=576391369
TX_HISTORY sequence=67390 type=4 flags=0x07 encoded_bytes=84 allocated_us=576394977 enqueue_us=576395059 write_start_us=576395339 write_end_us=576395384
TX_HISTORY sequence=67391 type=7 flags=0x07 encoded_bytes=88 allocated_us=576395075 enqueue_us=576395112 write_start_us=576395408 write_end_us=576395880
TX_HISTORY sequence=67392 type=4 flags=0x07 encoded_bytes=84 allocated_us=576414852 enqueue_us=576414911 write_start_us=576415338 write_end_us=576415376
TX_HISTORY sequence=67393 type=56 flags=0x07 encoded_bytes=184 allocated_us=576414955 enqueue_us=576415019 write_start_us=576415402 write_end_us=576416886
TX_HISTORY sequence=67394 type=5 flags=0x07 encoded_bytes=224 allocated_us=576417629 enqueue_us=576417717 write_start_us=576418332 write_end_us=576419401
TX_HISTORY sequence=67395 type=7 flags=0x07 encoded_bytes=88 allocated_us=576427980 enqueue_us=576428038 write_start_us=576428331 write_end_us=576428368
TX_HISTORY sequence=67396 type=32 flags=0x07 encoded_bytes=40 allocated_us=576432332 enqueue_us=576432358 write_start_us=576432371 write_end_us=576432400
TX_HISTORY sequence=67397 type=4 flags=0x07 encoded_bytes=84 allocated_us=576435054 enqueue_us=576435115 write_start_us=576435336 write_end_us=576435369
TX_HISTORY sequence=67398 type=5 flags=0x07 encoded_bytes=224 allocated_us=576450558 enqueue_us=576450657 write_start_us=576451334 write_end_us=576452385
TX_HISTORY sequence=67399 type=4 flags=0x07 encoded_bytes=84 allocated_us=576455942 enqueue_us=576455999 write_start_us=576456335 write_end_us=576456371
TX_HISTORY sequence=67400 type=7 flags=0x07 encoded_bytes=88 allocated_us=576460996 enqueue_us=576461055 write_start_us=576461332 write_end_us=576461370
TX_HISTORY sequence=67401 type=56 flags=0x07 encoded_bytes=184 allocated_us=576464370 enqueue_us=576464452 write_start_us=576465331 write_end_us=576465977
TX_HISTORY sequence=67402 type=4 flags=0x07 encoded_bytes=84 allocated_us=576474886 enqueue_us=576474942 write_start_us=576475340 write_end_us=576475376
TX_HISTORY sequence=67403 type=5 flags=0x07 encoded_bytes=224 allocated_us=576483613 enqueue_us=576483693 write_start_us=576484329 write_end_us=576485396
TX_HISTORY sequence=67404 type=22 flags=0x07 encoded_bytes=148 allocated_us=576487349 enqueue_us=576487420 write_start_us=576488338 write_end_us=576488593
TX_HISTORY sequence=67405 type=16 flags=0x07 encoded_bytes=96 allocated_us=576488664 enqueue_us=576488714 write_start_us=576489390 write_end_us=576489658
TX_HISTORY sequence=67406 type=57 flags=0x07 encoded_bytes=72 allocated_us=576489681 enqueue_us=576489708 write_start_us=576490327 write_end_us=576490404
TX_HISTORY sequence=67407 type=7 flags=0x07 encoded_bytes=88 allocated_us=576494078 enqueue_us=576494133 write_start_us=576494331 write_end_us=576494367
TX_HISTORY sequence=67408 type=4 flags=0x07 encoded_bytes=84 allocated_us=576495040 enqueue_us=576495090 write_start_us=576495340 write_end_us=576495374
TX_HISTORY sequence=67409 type=4 flags=0x07 encoded_bytes=84 allocated_us=576514932 enqueue_us=576514989 write_start_us=576515339 write_end_us=576515376
TX_HISTORY sequence=67410 type=56 flags=0x07 encoded_bytes=184 allocated_us=576515030 enqueue_us=576515094 write_start_us=576515396 write_end_us=576516880
TX_HISTORY sequence=67411 type=5 flags=0x07 encoded_bytes=224 allocated_us=576516626 enqueue_us=576516708 write_start_us=576516890 write_end_us=576519325
TX_HISTORY sequence=67412 type=7 flags=0x07 encoded_bytes=88 allocated_us=576526986 enqueue_us=576527044 write_start_us=576527333 write_end_us=576527366
TX_HISTORY sequence=67413 type=32 flags=0x07 encoded_bytes=40 allocated_us=576532331 enqueue_us=576532357 write_start_us=576532370 write_end_us=576532400
TX_HISTORY sequence=67414 type=4 flags=0x07 encoded_bytes=84 allocated_us=576534950 enqueue_us=576535009 write_start_us=576535341 write_end_us=576535374
TX_HISTORY sequence=67415 type=5 flags=0x07 encoded_bytes=224 allocated_us=576549621 enqueue_us=576549721 write_start_us=576550331 write_end_us=576551393
TX_HISTORY sequence=67416 type=4 flags=0x07 encoded_bytes=84 allocated_us=576554859 enqueue_us=576554942 write_start_us=576555342 write_end_us=576555383
TX_HISTORY sequence=67417 type=7 flags=0x07 encoded_bytes=88 allocated_us=576559998 enqueue_us=576560057 write_start_us=576560333 write_end_us=576560369
TX_HISTORY sequence=67418 type=56 flags=0x07 encoded_bytes=184 allocated_us=576565370 enqueue_us=576565445 write_start_us=576566331 write_end_us=576566985
TX_HISTORY sequence=67419 type=4 flags=0x07 encoded_bytes=84 allocated_us=576574860 enqueue_us=576574920 write_start_us=576575338 write_end_us=576575374
TX_HISTORY sequence=67420 type=5 flags=0x07 encoded_bytes=224 allocated_us=576582607 enqueue_us=576582691 write_start_us=576583328 write_end_us=576584419
TX_HISTORY sequence=67421 type=58 flags=0x07 encoded_bytes=72 allocated_us=576584498 enqueue_us=576584532 write_start_us=576585371 write_end_us=576585398
TX_HISTORY sequence=67422 type=11 flags=0x07 encoded_bytes=56 allocated_us=576585390 enqueue_us=576585415 write_start_us=576586329 write_end_us=576586348
TX_HISTORY sequence=67423 type=22 flags=0x07 encoded_bytes=148 allocated_us=576588353 enqueue_us=576588417 write_start_us=576589337 write_end_us=576589645
TX_HISTORY sequence=67424 type=16 flags=0x07 encoded_bytes=96 allocated_us=576591940 enqueue_us=576592016 write_start_us=576592432 write_end_us=576592467
TX_HISTORY sequence=67425 type=4 flags=0x07 encoded_bytes=84 allocated_us=576594838 enqueue_us=576594891 write_start_us=576595341 write_end_us=576595395
TX_HISTORY sequence=67426 type=57 flags=0x07 encoded_bytes=72 allocated_us=576594915 enqueue_us=576594943 write_start_us=576595420 write_end_us=576595699
TX_HISTORY sequence=67427 type=7 flags=0x07 encoded_bytes=88 allocated_us=576595401 enqueue_us=576595444 write_start_us=576595708 write_end_us=576596640
TX_HISTORY sequence=67428 type=4 flags=0x07 encoded_bytes=84 allocated_us=576614752 enqueue_us=576614810 write_start_us=576615340 write_end_us=576615378
TX_HISTORY sequence=67429 type=5 flags=0x07 encoded_bytes=224 allocated_us=576615615 enqueue_us=576615695 write_start_us=576616331 write_end_us=576617397
TX_HISTORY sequence=67430 type=56 flags=0x07 encoded_bytes=184 allocated_us=576617517 enqueue_us=576617602 write_start_us=576618336 write_end_us=576619394
TX_HISTORY sequence=67431 type=7 flags=0x07 encoded_bytes=88 allocated_us=576625980 enqueue_us=576626038 write_start_us=576626330 write_end_us=576626360
TX_HISTORY sequence=67432 type=32 flags=0x07 encoded_bytes=40 allocated_us=576632331 enqueue_us=576632358 write_start_us=576632374 write_end_us=576632405
TX_HISTORY sequence=67433 type=4 flags=0x07 encoded_bytes=84 allocated_us=576634812 enqueue_us=576634887 write_start_us=576635342 write_end_us=576635380
TX_HISTORY sequence=67434 type=5 flags=0x07 encoded_bytes=224 allocated_us=576648679 enqueue_us=576648775 write_start_us=576649329 write_end_us=576650394
TX_HISTORY sequence=67435 type=4 flags=0x07 encoded_bytes=84 allocated_us=576654800 enqueue_us=576654872 write_start_us=576655339 write_end_us=576655380
TX_HISTORY sequence=67436 type=7 flags=0x07 encoded_bytes=88 allocated_us=576659003 enqueue_us=576659062 write_start_us=576659333 write_end_us=576659366
TX_HISTORY sequence=67437 type=56 flags=0x07 encoded_bytes=184 allocated_us=576667371 enqueue_us=576667442 write_start_us=576668330 write_end_us=576668967
TX_HISTORY sequence=67438 type=4 flags=0x07 encoded_bytes=84 allocated_us=576674860 enqueue_us=576674914 write_start_us=576675336 write_end_us=576675370
TX_HISTORY sequence=67439 type=5 flags=0x07 encoded_bytes=224 allocated_us=576681648 enqueue_us=576681732 write_start_us=576682331 write_end_us=576683385
TX_HISTORY sequence=67440 type=22 flags=0x07 encoded_bytes=148 allocated_us=576689345 enqueue_us=576689409 write_start_us=576690329 write_end_us=576690570
TX_HISTORY sequence=67441 type=7 flags=0x07 encoded_bytes=88 allocated_us=576692056 enqueue_us=576692105 write_start_us=576692330 write_end_us=576692358
TX_HISTORY sequence=67442 type=4 flags=0x07 encoded_bytes=84 allocated_us=576694813 enqueue_us=576694858 write_start_us=576695342 write_end_us=576695384
TX_HISTORY sequence=67443 type=16 flags=0x07 encoded_bytes=96 allocated_us=576695709 enqueue_us=576695765 write_start_us=576696358 write_end_us=576696413
TX_HISTORY sequence=67444 type=57 flags=0x07 encoded_bytes=72 allocated_us=576696538 enqueue_us=576696568 write_start_us=576697332 write_end_us=576697362
TX_HISTORY sequence=67445 type=5 flags=0x07 encoded_bytes=224 allocated_us=576713577 enqueue_us=576713669 write_start_us=576714330 write_end_us=576715399
TX_HISTORY sequence=67446 type=4 flags=0x07 encoded_bytes=84 allocated_us=576715650 enqueue_us=576715700 write_start_us=576716338 write_end_us=576716378
TX_HISTORY sequence=67447 type=56 flags=0x07 encoded_bytes=184 allocated_us=576719379 enqueue_us=576719465 write_start_us=576720334 write_end_us=576720983
TX_HISTORY sequence=67448 type=7 flags=0x07 encoded_bytes=88 allocated_us=576724004 enqueue_us=576724055 write_start_us=576724329 write_end_us=576724365
TX_HISTORY sequence=67449 type=32 flags=0x07 encoded_bytes=40 allocated_us=576732330 enqueue_us=576732359 write_start_us=576732376 write_end_us=576732401
TX_HISTORY sequence=67450 type=4 flags=0x07 encoded_bytes=84 allocated_us=576735007 enqueue_us=576735056 write_start_us=576735335 write_end_us=576735368
TX_HISTORY sequence=67451 type=5 flags=0x07 encoded_bytes=224 allocated_us=576746632 enqueue_us=576746721 write_start_us=576747330 write_end_us=576748387
TX_HISTORY sequence=67452 type=4 flags=0x07 encoded_bytes=84 allocated_us=576754745 enqueue_us=576754804 write_start_us=576755340 write_end_us=576755379
TX_HISTORY sequence=67453 type=7 flags=0x07 encoded_bytes=88 allocated_us=576757179 enqueue_us=576757236 write_start_us=576757330 write_end_us=576757361
TX_HISTORY sequence=67454 type=56 flags=0x07 encoded_bytes=184 allocated_us=576769381 enqueue_us=576769451 write_start_us=576770333 write_end_us=576770966
TX_HISTORY sequence=67455 type=4 flags=0x07 encoded_bytes=84 allocated_us=576774718 enqueue_us=576774776 write_start_us=576775336 write_end_us=576775369
TX_HISTORY sequence=67456 type=5 flags=0x07 encoded_bytes=224 allocated_us=576779632 enqueue_us=576779711 write_start_us=576780327 write_end_us=576781392
TX_HISTORY sequence=67457 type=58 flags=0x07 encoded_bytes=72 allocated_us=576785390 enqueue_us=576785430 write_start_us=576786330 write_end_us=576786354
TX_HISTORY sequence=67458 type=22 flags=0x07 encoded_bytes=148 allocated_us=576789343 enqueue_us=576789415 write_start_us=576790331 write_end_us=576790564
TX_HISTORY sequence=67459 type=7 flags=0x07 encoded_bytes=88 allocated_us=576789995 enqueue_us=576790030 write_start_us=576790575 write_end_us=576791536
TX_HISTORY sequence=67460 type=4 flags=0x07 encoded_bytes=84 allocated_us=576794770 enqueue_us=576794838 write_start_us=576795340 write_end_us=576795378
TX_HISTORY sequence=67461 type=16 flags=0x07 encoded_bytes=96 allocated_us=576801623 enqueue_us=576801685 write_start_us=576802391 write_end_us=576802463
TX_HISTORY sequence=67462 type=57 flags=0x07 encoded_bytes=72 allocated_us=576802500 enqueue_us=576802528 write_start_us=576803330 write_end_us=576803351
TX_HISTORY sequence=67463 type=4 flags=0x07 encoded_bytes=84 allocated_us=576814895 enqueue_us=576814948 write_start_us=576815342 write_end_us=576815377
TX_HISTORY sequence=67464 type=5 flags=0x07 encoded_bytes=224 allocated_us=576816644 enqueue_us=576816729 write_start_us=576817329 write_end_us=576818395
TX_HISTORY sequence=67465 type=56 flags=0x07 encoded_bytes=184 allocated_us=576820380 enqueue_us=576820466 write_start_us=576821332 write_end_us=576821984
TX_HISTORY sequence=67466 type=7 flags=0x07 encoded_bytes=88 allocated_us=576826976 enqueue_us=576827032 write_start_us=576827341 write_end_us=576827375
TX_HISTORY sequence=67467 type=32 flags=0x07 encoded_bytes=40 allocated_us=576832341 enqueue_us=576832388 write_start_us=576832418 write_end_us=576832462
TX_HISTORY sequence=67468 type=4 flags=0x07 encoded_bytes=84 allocated_us=576835009 enqueue_us=576835078 write_start_us=576835348 write_end_us=576835409
TX_HISTORY sequence=67469 type=5 flags=0x07 encoded_bytes=224 allocated_us=576851670 enqueue_us=576851776 write_start_us=576852338 write_end_us=576853416
TX_HISTORY sequence=67470 type=4 flags=0x07 encoded_bytes=84 allocated_us=576856172 enqueue_us=576856228 write_start_us=576856335 write_end_us=576856366
TX_HISTORY sequence=67471 type=7 flags=0x07 encoded_bytes=88 allocated_us=576861990 enqueue_us=576862047 write_start_us=576862334 write_end_us=576862375
TX_HISTORY sequence=67472 type=56 flags=0x07 encoded_bytes=184 allocated_us=576870375 enqueue_us=576870456 write_start_us=576871332 write_end_us=576871972
TX_HISTORY sequence=67473 type=4 flags=0x07 encoded_bytes=84 allocated_us=576874758 enqueue_us=576874800 write_start_us=576875334 write_end_us=576875365
TX_HISTORY sequence=67474 type=5 flags=0x07 encoded_bytes=224 allocated_us=576878663 enqueue_us=576878756 write_start_us=576879331 write_end_us=576880388
TX_HISTORY sequence=67475 type=7 flags=0x07 encoded_bytes=88 allocated_us=576888984 enqueue_us=576889037 write_start_us=576889333 write_end_us=576889365
TX_HISTORY sequence=67476 type=22 flags=0x07 encoded_bytes=148 allocated_us=576890342 enqueue_us=576890403 write_start_us=576891328 write_end_us=576891557
TX_HISTORY sequence=67477 type=4 flags=0x07 encoded_bytes=84 allocated_us=576894922 enqueue_us=576894989 write_start_us=576895339 write_end_us=576895381
TX_HISTORY sequence=67478 type=5 flags=0x07 encoded_bytes=224 allocated_us=576911559 enqueue_us=576911658 write_start_us=576912333 write_end_us=576913407
TX_HISTORY sequence=67479 type=16 flags=0x07 encoded_bytes=96 allocated_us=576916245 enqueue_us=576916326 write_start_us=576916350 write_end_us=576916387
TX_HISTORY sequence=67480 type=4 flags=0x07 encoded_bytes=84 allocated_us=576916650 enqueue_us=576916693 write_start_us=576917370 write_end_us=576917403
TX_HISTORY sequence=67481 type=57 flags=0x07 encoded_bytes=72 allocated_us=576916720 enqueue_us=576916747 write_start_us=576917426 write_end_us=576917728
TX_HISTORY sequence=67482 type=56 flags=0x07 encoded_bytes=184 allocated_us=576921381 enqueue_us=576921474 write_start_us=576922335 write_end_us=576922972
TX_HISTORY sequence=67483 type=7 flags=0x07 encoded_bytes=88 allocated_us=576921986 enqueue_us=576922019 write_start_us=576922985 write_end_us=576923952
TX_HISTORY sequence=67484 type=32 flags=0x07 encoded_bytes=40 allocated_us=576932332 enqueue_us=576932365 write_start_us=576932374 write_end_us=576932396
TX_HISTORY sequence=67485 type=4 flags=0x07 encoded_bytes=84 allocated_us=576934689 enqueue_us=576934731 write_start_us=576935337 write_end_us=576935375
TX_HISTORY sequence=67486 type=5 flags=0x07 encoded_bytes=224 allocated_us=576944623 enqueue_us=576944717 write_start_us=576945329 write_end_us=576946380
TX_HISTORY sequence=67487 type=4 flags=0x07 encoded_bytes=84 allocated_us=576954739 enqueue_us=576954802 write_start_us=576955337 write_end_us=576955380
TX_HISTORY sequence=67488 type=7 flags=0x07 encoded_bytes=88 allocated_us=576955047 enqueue_us=576955081 write_start_us=576955405 write_end_us=576955874
TX_HISTORY sequence=67489 type=56 flags=0x07 encoded_bytes=184 allocated_us=576971378 enqueue_us=576971465 write_start_us=576972336 write_end_us=576972966
TX_HISTORY sequence=67490 type=4 flags=0x07 encoded_bytes=84 allocated_us=576975706 enqueue_us=576975750 write_start_us=576976339 write_end_us=576976365
TX_HISTORY sequence=67491 type=5 flags=0x07 encoded_bytes=224 allocated_us=576977630 enqueue_us=576977723 write_start_us=576978329 write_end_us=576979379
TX_HISTORY sequence=67492 type=58 flags=0x07 encoded_bytes=72 allocated_us=576985387 enqueue_us=576985430 write_start_us=576986331 write_end_us=576986359
TX_HISTORY sequence=67493 type=7 flags=0x07 encoded_bytes=88 allocated_us=576988015 enqueue_us=576988065 write_start_us=576988328 write_end_us=576988353
TX_HISTORY sequence=67494 type=22 flags=0x07 encoded_bytes=148 allocated_us=576991345 enqueue_us=576991403 write_start_us=576992330 write_end_us=576992566
TX_HISTORY sequence=67495 type=4 flags=0x07 encoded_bytes=84 allocated_us=576994891 enqueue_us=576994969 write_start_us=576995338 write_end_us=576995372
TX_HISTORY sequence=67496 type=5 flags=0x07 encoded_bytes=224 allocated_us=577010560 enqueue_us=577010659 write_start_us=577011335 write_end_us=577012417
TX_HISTORY sequence=67497 type=16 flags=0x07 encoded_bytes=96 allocated_us=577015288 enqueue_us=577015352 write_start_us=577016351 write_end_us=577016401
TX_HISTORY sequence=67498 type=4 flags=0x07 encoded_bytes=84 allocated_us=577015998 enqueue_us=577016043 write_start_us=577016439 write_end_us=577016960
TX_HISTORY sequence=67499 type=57 flags=0x07 encoded_bytes=72 allocated_us=577016066 enqueue_us=577016094 write_start_us=577016969 write_end_us=577017747
TX_HISTORY sequence=67500 type=7 flags=0x07 encoded_bytes=88 allocated_us=577020996 enqueue_us=577021058 write_start_us=577021334 write_end_us=577021363
TX_HISTORY sequence=67501 type=56 flags=0x07 encoded_bytes=184 allocated_us=577021432 enqueue_us=577021496 write_start_us=577022330 write_end_us=577022990
TX_HISTORY sequence=67502 type=32 flags=0x07 encoded_bytes=40 allocated_us=577032331 enqueue_us=577032368 write_start_us=577032380 write_end_us=577032404
TX_HISTORY sequence=67503 type=4 flags=0x07 encoded_bytes=84 allocated_us=577034688 enqueue_us=577034725 write_start_us=577035335 write_end_us=577035372
TX_HISTORY sequence=67504 type=5 flags=0x07 encoded_bytes=224 allocated_us=577042637 enqueue_us=577042731 write_start_us=577043329 write_end_us=577044397
TX_HISTORY sequence=67505 type=7 flags=0x07 encoded_bytes=88 allocated_us=577053047 enqueue_us=577053104 write_start_us=577053332 write_end_us=577053366
TX_HISTORY sequence=67506 type=4 flags=0x07 encoded_bytes=84 allocated_us=577054336 enqueue_us=577054390 write_start_us=577055337 write_end_us=577055380
TX_HISTORY sequence=67507 type=56 flags=0x07 encoded_bytes=184 allocated_us=577071375 enqueue_us=577071462 write_start_us=577072334 write_end_us=577072959
TX_HISTORY sequence=67508 type=4 flags=0x07 encoded_bytes=84 allocated_us=577075624 enqueue_us=577075664 write_start_us=577076333 write_end_us=577076369
TX_HISTORY sequence=67509 type=5 flags=0x07 encoded_bytes=224 allocated_us=577076625 enqueue_us=577076710 write_start_us=577077330 write_end_us=577078389
TX_HISTORY sequence=67510 type=7 flags=0x07 encoded_bytes=88 allocated_us=577078709 enqueue_us=577078756 write_start_us=577079330 write_end_us=577079357
TX_HISTORY sequence=67511 type=22 flags=0x07 encoded_bytes=148 allocated_us=577091350 enqueue_us=577091423 write_start_us=577092335 write_end_us=577092580
TX_HISTORY sequence=67512 type=7 flags=0x07 encoded_bytes=88 allocated_us=577091992 enqueue_us=577092038 write_start_us=577092593 write_end_us=577093542
TX_HISTORY sequence=67513 type=4 flags=0x07 encoded_bytes=84 allocated_us=577096233 enqueue_us=577096288 write_start_us=577096336 write_end_us=577096369
TX_HISTORY sequence=67514 type=5 flags=0x07 encoded_bytes=224 allocated_us=577108604 enqueue_us=577108687 write_start_us=577109331 write_end_us=577110413
TX_HISTORY sequence=67515 type=16 flags=0x07 encoded_bytes=96 allocated_us=577113277 enqueue_us=577113337 write_start_us=577114336 write_end_us=577114386
TX_HISTORY sequence=67516 type=4 flags=0x07 encoded_bytes=84 allocated_us=577115384 enqueue_us=577115441 write_start_us=577116338 write_end_us=577116390
TX_HISTORY sequence=67517 type=57 flags=0x07 encoded_bytes=72 allocated_us=577115467 enqueue_us=577115496 write_start_us=577116425 write_end_us=577116680
TX_HISTORY sequence=67518 type=7 flags=0x07 encoded_bytes=88 allocated_us=577119072 enqueue_us=577119129 write_start_us=577119329 write_end_us=577119363
TX_HISTORY sequence=67519 type=56 flags=0x07 encoded_bytes=184 allocated_us=577122379 enqueue_us=577122454 write_start_us=577123334 write_end_us=577123972
TX_HISTORY sequence=67520 type=32 flags=0x07 encoded_bytes=40 allocated_us=577132330 enqueue_us=577132365 write_start_us=577132376 write_end_us=577132399
TX_HISTORY sequence=67521 type=4 flags=0x07 encoded_bytes=84 allocated_us=577134670 enqueue_us=577134717 write_start_us=577135335 write_end_us=577135362
TX_HISTORY sequence=67522 type=5 flags=0x07 encoded_bytes=224 allocated_us=577141636 enqueue_us=577141720 write_start_us=577142333 write_end_us=577143394
TX_HISTORY sequence=67523 type=7 flags=0x07 encoded_bytes=88 allocated_us=577152004 enqueue_us=577152061 write_start_us=577152332 write_end_us=577152373
TX_HISTORY sequence=67524 type=4 flags=0x07 encoded_bytes=84 allocated_us=577154711 enqueue_us=577154765 write_start_us=577155339 write_end_us=577155376
TX_HISTORY sequence=67525 type=4 flags=0x07 encoded_bytes=84 allocated_us=577174620 enqueue_us=577174690 write_start_us=577175336 write_end_us=577175357
TX_HISTORY sequence=67526 type=5 flags=0x07 encoded_bytes=224 allocated_us=577174639 enqueue_us=577174738 write_start_us=577175378 write_end_us=577177320
TX_HISTORY sequence=67527 type=56 flags=0x07 encoded_bytes=184 allocated_us=577174738 enqueue_us=577174812 write_start_us=577177330 write_end_us=577179320
TX_HISTORY sequence=67528 type=7 flags=0x07 encoded_bytes=88 allocated_us=577184994 enqueue_us=577185050 write_start_us=577185334 write_end_us=577185364
TX_HISTORY sequence=67529 type=58 flags=0x07 encoded_bytes=72 allocated_us=577186382 enqueue_us=577186420 write_start_us=577187327 write_end_us=577187350
TX_HISTORY sequence=67530 type=4 flags=0x07 encoded_bytes=84 allocated_us=577194753 enqueue_us=577194812 write_start_us=577195342 write_end_us=577195383
TX_HISTORY sequence=67531 type=22 flags=0x07 encoded_bytes=148 allocated_us=577194850 enqueue_us=577194901 write_start_us=577195404 write_end_us=577196503
TX_HISTORY sequence=67532 type=5 flags=0x07 encoded_bytes=224 allocated_us=577207618 enqueue_us=577207706 write_start_us=577208328 write_end_us=577209422
TX_HISTORY sequence=67533 type=16 flags=0x07 encoded_bytes=96 allocated_us=577212227 enqueue_us=577212292 write_start_us=577212358 write_end_us=577212410
TX_HISTORY sequence=67534 type=4 flags=0x07 encoded_bytes=84 allocated_us=577215798 enqueue_us=577215877 write_start_us=577216342 write_end_us=577216386
TX_HISTORY sequence=67535 type=57 flags=0x07 encoded_bytes=72 allocated_us=577215918 enqueue_us=577215952 write_start_us=577216409 write_end_us=577216694
TX_HISTORY sequence=67536 type=7 flags=0x07 encoded_bytes=88 allocated_us=577218188 enqueue_us=577218237 write_start_us=577218329 write_end_us=577218356
TX_HISTORY sequence=67537 type=56 flags=0x07 encoded_bytes=184 allocated_us=577224375 enqueue_us=577224449 write_start_us=577225332 write_end_us=577225968
TX_HISTORY sequence=67538 type=32 flags=0x07 encoded_bytes=40 allocated_us=577232331 enqueue_us=577232366 write_start_us=577232377 write_end_us=577232398
TX_HISTORY sequence=67539 type=4 flags=0x07 encoded_bytes=84 allocated_us=577234655 enqueue_us=577234696 write_start_us=577235338 write_end_us=577235369
TX_HISTORY sequence=67540 type=5 flags=0x07 encoded_bytes=224 allocated_us=577240654 enqueue_us=577240739 write_start_us=577241328 write_end_us=577242391
TX_HISTORY sequence=67541 type=7 flags=0x07 encoded_bytes=88 allocated_us=577250975 enqueue_us=577251029 write_start_us=577251333 write_end_us=577251362
TX_HISTORY sequence=67542 type=4 flags=0x07 encoded_bytes=84 allocated_us=577254689 enqueue_us=577254747 write_start_us=577255338 write_end_us=577255381
TX_HISTORY sequence=67543 type=5 flags=0x07 encoded_bytes=224 allocated_us=577273544 enqueue_us=577273645 write_start_us=577274333 write_end_us=577275385
TX_HISTORY sequence=67544 type=4 flags=0x07 encoded_bytes=84 allocated_us=577275607 enqueue_us=577275664 write_start_us=577276337 write_end_us=577276376
TX_HISTORY sequence=67545 type=56 flags=0x07 encoded_bytes=184 allocated_us=577275707 enqueue_us=577275770 write_start_us=577276400 write_end_us=577278297
TX_HISTORY sequence=67546 type=7 flags=0x07 encoded_bytes=88 allocated_us=577283993 enqueue_us=577284050 write_start_us=577284331 write_end_us=577284365
TX_HISTORY sequence=67547 type=4 flags=0x07 encoded_bytes=84 allocated_us=577294592 enqueue_us=577294650 write_start_us=577295339 write_end_us=577295378
TX_HISTORY sequence=67548 type=22 flags=0x07 encoded_bytes=148 allocated_us=577294687 enqueue_us=577294739 write_start_us=577295402 write_end_us=577296505
TX_HISTORY sequence=67549 type=5 flags=0x07 encoded_bytes=224 allocated_us=577306613 enqueue_us=577306694 write_start_us=577307326 write_end_us=577308405
TX_HISTORY sequence=67550 type=16 flags=0x07 encoded_bytes=96 allocated_us=577311220 enqueue_us=577311275 write_start_us=577311366 write_end_us=577311423
TX_HISTORY sequence=67551 type=4 flags=0x07 encoded_bytes=84 allocated_us=577314782 enqueue_us=577314859 write_start_us=577315342 write_end_us=577315388
TX_HISTORY sequence=67552 type=57 flags=0x07 encoded_bytes=72 allocated_us=577314906 enqueue_us=577314939 write_start_us=577315415 write_end_us=577315678
TX_HISTORY sequence=67553 type=7 flags=0x07 encoded_bytes=88 allocated_us=577317176 enqueue_us=577317223 write_start_us=577317329 write_end_us=577317353
TX_HISTORY sequence=67554 type=56 flags=0x07 encoded_bytes=184 allocated_us=577325377 enqueue_us=577325453 write_start_us=577326332 write_end_us=577326972
TX_HISTORY sequence=67555 type=32 flags=0x07 encoded_bytes=40 allocated_us=577332330 enqueue_us=577332361 write_start_us=577332370 write_end_us=577332387
TX_HISTORY sequence=67556 type=4 flags=0x07 encoded_bytes=84 allocated_us=577334634 enqueue_us=577334676 write_start_us=577335334 write_end_us=577335365
TX_HISTORY sequence=67557 type=5 flags=0x07 encoded_bytes=224 allocated_us=577339658 enqueue_us=577339743 write_start_us=577340328 write_end_us=577341394
TX_HISTORY sequence=67558 type=7 flags=0x07 encoded_bytes=88 allocated_us=577349981 enqueue_us=577350039 write_start_us=577350330 write_end_us=577350360
TX_HISTORY sequence=67559 type=4 flags=0x07 encoded_bytes=84 allocated_us=577354732 enqueue_us=577354788 write_start_us=577355340 write_end_us=577355382
TX_HISTORY sequence=67560 type=5 flags=0x07 encoded_bytes=224 allocated_us=577372557 enqueue_us=577372658 write_start_us=577373332 write_end_us=577374390
TX_HISTORY sequence=67561 type=4 flags=0x07 encoded_bytes=84 allocated_us=577374609 enqueue_us=577374666 write_start_us=577375337 write_end_us=577375378
TX_HISTORY sequence=67562 type=56 flags=0x07 encoded_bytes=184 allocated_us=577376415 enqueue_us=577376502 write_start_us=577377335 write_end_us=577377970
TX_HISTORY sequence=67563 type=7 flags=0x07 encoded_bytes=88 allocated_us=577382984 enqueue_us=577383037 write_start_us=577383330 write_end_us=577383361
TX_HISTORY sequence=67564 type=58 flags=0x07 encoded_bytes=72 allocated_us=577387380 enqueue_us=577387417 write_start_us=577388332 write_end_us=577388359
TX_HISTORY sequence=67565 type=4 flags=0x07 encoded_bytes=84 allocated_us=577394898 enqueue_us=577394958 write_start_us=577395340 write_end_us=577395383
TX_HISTORY sequence=67566 type=22 flags=0x07 encoded_bytes=148 allocated_us=577394999 enqueue_us=577395051 write_start_us=577395404 write_end_us=577396511
TX_HISTORY sequence=67567 type=5 flags=0x07 encoded_bytes=224 allocated_us=577405621 enqueue_us=577405707 write_start_us=577406330 write_end_us=577407422
TX_HISTORY sequence=67568 type=16 flags=0x07 encoded_bytes=96 allocated_us=577410189 enqueue_us=577410243 write_start_us=577410339 write_end_us=577410393
TX_HISTORY sequence=67569 type=57 flags=0x07 encoded_bytes=72 allocated_us=577411360 enqueue_us=577411407 write_start_us=577412332 write_end_us=577412364
TX_HISTORY sequence=67570 type=4 flags=0x07 encoded_bytes=84 allocated_us=577414710 enqueue_us=577414769 write_start_us=577415340 write_end_us=577415387
TX_HISTORY sequence=67571 type=7 flags=0x07 encoded_bytes=88 allocated_us=577416100 enqueue_us=577416135 write_start_us=577416328 write_end_us=577416355
TX_HISTORY sequence=67572 type=56 flags=0x07 encoded_bytes=184 allocated_us=577427387 enqueue_us=577427478 write_start_us=577428333 write_end_us=577428972
TX_HISTORY sequence=67573 type=32 flags=0x07 encoded_bytes=40 allocated_us=577432327 enqueue_us=577432346 write_start_us=577432353 write_end_us=577432369
TX_HISTORY sequence=67574 type=4 flags=0x07 encoded_bytes=84 allocated_us=577434098 enqueue_us=577434136 write_start_us=577434332 write_end_us=577434362
TX_HISTORY sequence=67575 type=5 flags=0x07 encoded_bytes=224 allocated_us=577437629 enqueue_us=577437718 write_start_us=577438330 write_end_us=577439393
TX_HISTORY sequence=67576 type=7 flags=0x07 encoded_bytes=88 allocated_us=577447987 enqueue_us=577448043 write_start_us=577448332 write_end_us=577448368
TX_HISTORY sequence=67577 type=4 flags=0x07 encoded_bytes=84 allocated_us=577454582 enqueue_us=577454639 write_start_us=577455338 write_end_us=577455379
TX_HISTORY sequence=67578 type=5 flags=0x07 encoded_bytes=224 allocated_us=577471573 enqueue_us=577471674 write_start_us=577472332 write_end_us=577473414
TX_HISTORY sequence=67579 type=7 flags=0x07 encoded_bytes=88 allocated_us=577473675 enqueue_us=577473711 write_start_us=577474328 write_end_us=577474374
TX_HISTORY sequence=67580 type=4 flags=0x07 encoded_bytes=84 allocated_us=577476101 enqueue_us=577476165 write_start_us=577476333 write_end_us=577476368
TX_HISTORY sequence=67581 type=56 flags=0x07 encoded_bytes=184 allocated_us=577477235 enqueue_us=577477361 write_start_us=577478334 write_end_us=577478987
TX_HISTORY sequence=67582 type=7 flags=0x07 encoded_bytes=88 allocated_us=577487003 enqueue_us=577487054 write_start_us=577487329 write_end_us=577487360
TX_HISTORY sequence=67583 type=4 flags=0x07 encoded_bytes=84 allocated_us=577494558 enqueue_us=577494615 write_start_us=577495340 write_end_us=577495384
DIAG state=FAULT dry=1 bno_ready=1 addr=0x4A init/reinit/poll=0/0/1108 event A/G/M=0/0/0 age_rx_us=4294967295/4294967295/4294967295
IMU cand/pair/call/ok=0/0/0/0 reject=0 dup/order/stale/dt/nonfinite/norm/queue=0/0/0/0/0/0/0 last_ok_age_us=4294967295 dt_us=0 align_samples=0 align_elapsed_us=0
HEALTH state=0 health=0 reason=imu_stale mount=0 imu_age_us=4294967295 imu_gaps=0 reversals=0 covariance=1 finite=1 gnss_age_us=227318851 tof_age_us=4294967295 obs=1
BNO_TS ACCEL events=0 unique=0 exact=1 overflow=0 dup=0 reverse=0 rollover=0 sensor_dt_us=0/0.00/0 rx_dt_us=0/0.00/0 pair_first=0/0 pair_last=0/0
BNO_TS GYRO events=0 unique=0 exact=1 overflow=0 dup=0 reverse=0 rollover=0 sensor_dt_us=0/0.00/0 rx_dt_us=0/0.00/0 pair_first=0/0 pair_last=0/0
BNO_TS MAG events=0 unique=0 exact=1 overflow=0 dup=0 reverse=0 rollover=0 sensor_dt_us=0/0.00/0 rx_dt_us=0/0.00/0 pair_first=0/0 pair_last=0/0
BNO_VEC ACCEL_SENSOR_AND_ESKF_INPUT events=0 nonfinite=0
BNO_VEC GYRO_SENSOR_AND_ESKF_INPUT events=0 nonfinite=0
BNO_VEC MAG_SENSOR events=0 nonfinite=0
LINK queue/drop/high=1/0/4 tof=17511
TXDIAG frames_s=73 bytes_s=9272 total_frames=1825 total_bytes=220368 queue=0 high=4 drops=0 bno_drop=0 partial=0 zero=0 write_calls=27534 max_write_us=0 free_heap=167716 min_free_heap=167716 usage_pct=10.06
BNO_TX kind=1 event=0 req=0 enq=0 drop=0 done=0 bytes=0
BNO_REPORT kind=1 report_id=0 interval_us=0 requested_hz=0.000 enable_ok=0 enable_fail=0 callback=0 switch=0 kind_convert=0 events=0 tx_req=0 tx_enq=0 tx_done=0 tx_drop=0 event_drop=0 reset_reconfig=0 effective_hz=0.000
BNO_TX kind=2 event=0 req=0 enq=0 drop=0 done=0 bytes=0
BNO_REPORT kind=2 report_id=0 interval_us=0 requested_hz=0.000 enable_ok=0 enable_fail=0 callback=0 switch=0 kind_convert=0 events=0 tx_req=0 tx_enq=0 tx_done=0 tx_drop=0 event_drop=0 reset_reconfig=0 effective_hz=0.000
BNO_TX kind=3 event=500 req=500 enq=500 drop=0 done=500 bytes=42000
BNO_REPORT kind=3 report_id=8 interval_us=20000 requested_hz=50.000 enable_ok=2 enable_fail=0 callback=554 switch=554 kind_convert=554 events=554 tx_req=500 tx_enq=500 tx_done=500 tx_drop=0 event_drop=0 reset_reconfig=1 effective_hz=50.014
BNO_TX kind=4 event=0 req=0 enq=0 drop=0 done=0 bytes=0
BNO_REPORT kind=4 report_id=0 interval_us=0 requested_hz=0.000 enable_ok=0 enable_fail=0 callback=0 switch=0 kind_convert=0 events=0 tx_req=0 tx_enq=0 tx_done=0 tx_drop=0 event_drop=0 reset_reconfig=0 effective_hz=0.000
BNO_TX kind=5 event=0 req=0 enq=0 drop=0 done=0 bytes=0
BNO_REPORT kind=5 report_id=0 interval_us=0 requested_hz=0.000 enable_ok=0 enable_fail=0 callback=0 switch=0 kind_convert=0 events=0 tx_req=0 tx_enq=0 tx_done=0 tx_drop=0 event_drop=0 reset_reconfig=0 effective_hz=0.000
DIAG state=FAULT dry=1 bno_ready=1 addr=0x4A init/reinit/poll=0/0/1208 event A/G/M=0/0/0 age_rx_us=4294967295/4294967295/4294967295
IMU cand/pair/call/ok=0/0/0/0 reject=0 dup/order/stale/dt/nonfinite/norm/queue=0/0/0/0/0/0/0 last_ok_age_us=4294967295 dt_us=0 align_samples=0 align_elapsed_us=0
HEALTH state=0 health=0 reason=imu_stale mount=0 imu_age_us=4294967295 imu_gaps=0 reversals=0 covariance=1 finite=1 gnss_age_us=228317976 tof_age_us=4294967295 obs=1
BNO_TS ACCEL events=0 unique=0 exact=1 overflow=0 dup=0 reverse=0 rollover=0 sensor_dt_us=0/0.00/0 rx_dt_us=0/0.00/0 pair_first=0/0 pair_last=0/0
BNO_TS GYRO events=0 unique=0 exact=1 overflow=0 dup=0 reverse=0 rollover=0 sensor_dt_us=0/0.00/0 rx_dt_us=0/0.00/0 pair_first=0/0 pair_last=0/0
BNO_TS MAG events=0 unique=0 exact=1 overflow=0 dup=0 reverse=0 rollover=0 sensor_dt_us=0/0.00/0 rx_dt_us=0/0.00/0 pair_first=0/0 pair_last=0/0
BNO_VEC ACCEL_SENSOR_AND_ESKF_INPUT events=0 nonfinite=0
BNO_VEC GYRO_SENSOR_AND_ESKF_INPUT events=0 nonfinite=0
BNO_VEC MAG_SENSOR events=0 nonfinite=0
LINK queue/drop/high=0/0/4 tof=17541
TXDIAG frames_s=126 bytes_s=17032 total_frames=1951 total_bytes=237400 queue=0 high=4 drops=0 bno_drop=0 partial=0 zero=0 write_calls=29762 max_write_us=0 free_heap=167716 min_free_heap=167716 usage_pct=18.48
BNO_TX kind=1 event=0 req=0 enq=0 drop=0 done=0 bytes=0
BNO_REPORT kind=1 report_id=0 interval_us=0 requested_hz=0.000 enable_ok=0 enable_fail=0 callback=0 switch=0 kind_convert=0 events=0 tx_req=0 tx_enq=0 tx_done=0 tx_drop=0 event_drop=0 reset_reconfig=0 effective_hz=0.000
BNO_TX kind=2 event=0 req=0 enq=0 drop=0 done=0 bytes=0
BNO_REPORT kind=2 report_id=0 interval_us=0 requested_hz=0.000 enable_ok=0 enable_fail=0 callback=0 switch=0 kind_convert=0 events=0 tx_req=0 tx_enq=0 tx_done=0 tx_drop=0 event_drop=0 reset_reconfig=0 effective_hz=0.000
BNO_TX kind=3 event=500 req=500 enq=500 drop=0 done=500 bytes=42000
BNO_REPORT kind=3 report_id=8 interval_us=20000 requested_hz=50.000 enable_ok=2 enable_fail=0 callback=604 switch=604 kind_convert=604 events=604 tx_req=500 tx_enq=500 tx_done=500 tx_drop=0 event_drop=0 reset_reconfig=1 effective_hz=50.014
BNO_TX kind=4 event=0 req=0 enq=0 drop=0 done=0 bytes=0
BNO_REPORT kind=4 report_id=0 interval_us=0 requested_hz=0.000 enable_ok=0 enable_fail=0 callback=0 switch=0 kind_convert=0 events=0 tx_req=0 tx_enq=0 tx_done=0 tx_drop=0 event_drop=0 reset_reconfig=0 effective_hz=0.000
BNO_TX kind=5 event=0 req=0 enq=0 drop=0 done=0 bytes=0
BNO_REPORT kind=5 report_id=0 interval_us=0 requested_hz=0.000 enable_ok=0 enable_fail=0 callback=0 switch=0 kind_convert=0 events=0 tx_req=0 tx_enq=0 tx_done=0 tx_drop=0 event_drop=0 reset_reconfig=0 effective_hz=0.000
DIAG state=FAULT dry=1 bno_ready=1 addr=0x4A init/reinit/poll=0/0/1308 event A/G/M=0/0/0 age_rx_us=4294967295/4294967295/4294967295
IMU cand/pair/call/ok=0/0/0/0 reject=0 dup/order/stale/dt/nonfinite/norm/queue=0/0/0/0/0/0/0 last_ok_age_us=4294967295 dt_us=0 align_samples=0 align_elapsed_us=0
HEALTH state=0 health=0 reason=imu_stale mount=0 imu_age_us=4294967295 imu_gaps=0 reversals=0 covariance=1 finite=1 gnss_age_us=229321713 tof_age_us=4294967295 obs=1
BNO_TS ACCEL events=0 unique=0 exact=1 overflow=0 dup=0 reverse=0 rollover=0 sensor_dt_us=0/0.00/0 rx_dt_us=0/0.00/0 pair_first=0/0 pair_last=0/0
BNO_TS GYRO events=0 unique=0 exact=1 overflow=0 dup=0 reverse=0 rollover=0 sensor_dt_us=0/0.00/0 rx_dt_us=0/0.00/0 pair_first=0/0 pair_last=0/0
BNO_TS MAG events=0 unique=0 exact=1 overflow=0 dup=0 reverse=0 rollover=0 sensor_dt_us=0/0.00/0 rx_dt_us=0/0.00/0 pair_first=0/0 pair_last=0/0
BNO_VEC ACCEL_SENSOR_AND_ESKF_INPUT events=0 nonfinite=0
BNO_VEC GYRO_SENSOR_AND_ESKF_INPUT events=0 nonfinite=0
BNO_VEC MAG_SENSOR events=0 nonfinite=0
LINK queue/drop/high=1/0/4 tof=17572
TXDIAG frames_s=122 bytes_s=16844 total_frames=2074 total_bytes=254312 queue=0 high=4 drops=0 bno_drop=0 partial=0 zero=0 write_calls=32240 max_write_us=0 free_heap=167716 min_free_heap=167716 usage_pct=18.28
BNO_TX kind=1 event=0 req=0 enq=0 drop=0 done=0 bytes=0
BNO_REPORT kind=1 report_id=0 interval_us=0 requested_hz=0.000 enable_ok=0 enable_fail=0 callback=0 switch=0 kind_convert=0 events=0 tx_req=0 tx_enq=0 tx_done=0 tx_drop=0 event_drop=0 reset_reconfig=0 effective_hz=0.000
BNO_TX kind=2 event=0 req=0 enq=0 drop=0 done=0 bytes=0
BNO_REPORT kind=2 report_id=0 interval_us=0 requested_hz=0.000 enable_ok=0 enable_fail=0 callback=0 switch=0 kind_convert=0 events=0 tx_req=0 tx_enq=0 tx_done=0 tx_drop=0 event_drop=0 reset_reconfig=0 effective_hz=0.000
BNO_TX kind=3 event=500 req=500 enq=500 drop=0 done=500 bytes=42000
BNO_REPORT kind=3 report_id=8 interval_us=20000 requested_hz=50.000 enable_ok=2 enable_fail=0 callback=655 switch=655 kind_convert=655 events=655 tx_req=500 tx_enq=500 tx_done=500 tx_drop=0 event_drop=0 reset_reconfig=1 effective_hz=50.014
BNO_TX kind=4 event=0 req=0 enq=0 drop=0 done=0 bytes=0
BNO_REPORT kind=4 report_id=0 interval_us=0 requested_hz=0.000 enable_ok=0 enable_fail=0 callback=0 switch=0 kind_convert=0 events=0 tx_req=0 tx_enq=0 tx_done=0 tx_drop=0 event_drop=0 reset_reconfig=0 effective_hz=0.000
BNO_TX kind=5 event=0 req=0 enq=0 drop=0 done=0 bytes=0
BNO_REPORT kind=5 report_id=0 interval_us=0 requested_hz=0.000 enable_ok=0 enable_fail=0 callback=0 switch=0 kind_convert=0 events=0 tx_req=0 tx_enq=0 tx_done=0 tx_drop=0 event_drop=0 reset_reconfig=0 effective_hz=0.000
DIAG state=FAULT dry=1 bno_ready=1 addr=0x4A init/reinit/poll=0/0/1408 event A/G/M=0/0/0 age_rx_us=4294967295/4294967295/4294967295
IMU cand/pair/call/ok=0/0/0/0 reject=0 dup/order/stale/dt/nonfinite/norm/queue=0/0/0/0/0/0/0 last_ok_age_us=4294967295 dt_us=0 align_samples=0 align_elapsed_us=0
HEALTH state=0 health=0 reason=imu_stale mount=0 imu_age_us=4294967295 imu_gaps=0 reversals=0 covariance=1 finite=1 gnss_age_us=230321055 tof_age_us=4294967295 obs=1
BNO_TS ACCEL events=0 unique=0 exact=1 overflow=0 dup=0 reverse=0 rollover=0 sensor_dt_us=0/0.00/0 rx_dt_us=0/0.00/0 pair_first=0/0 pair_last=0/0
BNO_TS GYRO events=0 unique=0 exact=1 overflow=0 dup=0 reverse=0 rollover=0 sensor_dt_us=0/0.00/0 rx_dt_us=0/0.00/0 pair_first=0/0 pair_last=0/0
BNO_TS MAG events=0 unique=0 exact=1 overflow=0 dup=0 reverse=0 rollover=0 sensor_dt_us=0/0.00/0 rx_dt_us=0/0.00/0 pair_first=0/0 pair_last=0/0
BNO_VEC ACCEL_SENSOR_AND_ESKF_INPUT events=0 nonfinite=0
BNO_VEC GYRO_SENSOR_AND_ESKF_INPUT events=0 nonfinite=0
BNO_VEC MAG_SENSOR events=0 nonfinite=0
LINK queue/drop/high=0/0/4 tof=17602
TXDIAG frames_s=122 bytes_s=16789 total_frames=2196 total_bytes=271085 queue=1 high=4 drops=0 bno_drop=0 partial=0 zero=0 write_calls=34446 max_write_us=0 free_heap=167716 min_free_heap=167716 usage_pct=18.22
BNO_TX kind=1 event=0 req=0 enq=0 drop=0 done=0 bytes=0
BNO_REPORT kind=1 report_id=0 interval_us=0 requested_hz=0.000 enable_ok=0 enable_fail=0 callback=0 switch=0 kind_convert=0 events=0 tx_req=0 tx_enq=0 tx_done=0 tx_drop=0 event_drop=0 reset_reconfig=0 effective_hz=0.000
BNO_TX kind=2 event=0 req=0 enq=0 drop=0 done=0 bytes=0
BNO_REPORT kind=2 report_id=0 interval_us=0 requested_hz=0.000 enable_ok=0 enable_fail=0 callback=0 switch=0 kind_convert=0 events=0 tx_req=0 tx_enq=0 tx_done=0 tx_drop=0 event_drop=0 reset_reconfig=0 effective_hz=0.000
BNO_TX kind=3 event=500 req=500 enq=500 drop=0 done=500 bytes=42000
BNO_REPORT kind=3 report_id=8 interval_us=20000 requested_hz=50.000 enable_ok=2 enable_fail=0 callback=704 switch=704 kind_convert=704 events=704 tx_req=500 tx_enq=500 tx_done=500 tx_drop=0 event_drop=0 reset_reconfig=1 effective_hz=50.015
BNO_TX kind=4 event=0 req=0 enq=0 drop=0 done=0 bytes=0
BNO_REPORT kind=4 report_id=0 interval_us=0 requested_hz=0.000 enable_ok=0 enable_fail=0 callback=0 switch=0 kind_convert=0 events=0 tx_req=0 tx_enq=0 tx_done=0 tx_drop=0 event_drop=0 reset_reconfig=0 effective_hz=0.000
BNO_TX kind=5 event=0 req=0 enq=0 drop=0 done=0 bytes=0
BNO_REPORT kind=5 report_id=0 interval_us=0 requested_hz=0.000 enable_ok=0 enable_fail=0 callback=0 switch=0 kind_convert=0 events=0 tx_req=0 tx_enq=0 tx_done=0 tx_drop=0 event_drop=0 reset_reconfig=0 effective_hz=0.000
DIAG state=FAULT dry=1 bno_ready=1 addr=0x4A init/reinit/poll=0/0/1510 event A/G/M=0/0/0 age_rx_us=4294967295/4294967295/4294967295
IMU cand/pair/call/ok=0/0/0/0 reject=0 dup/order/stale/dt/nonfinite/norm/queue=0/0/0/0/0/0/0 last_ok_age_us=4294967295 dt_us=0 align_samples=0 align_elapsed_us=0
HEALTH state=0 health=0 reason=imu_stale mount=0 imu_age_us=4294967295 imu_gaps=0 reversals=0 covariance=1 finite=1 gnss_age_us=231329718 tof_age_us=4294967295 obs=1
BNO_TS ACCEL events=0 unique=0 exact=1 overflow=0 dup=0 reverse=0 rollover=0 sensor_dt_us=0/0.00/0 rx_dt_us=0/0.00/0 pair_first=0/0 pair_last=0/0
BNO_TS GYRO events=0 unique=0 exact=1 overflow=0 dup=0 reverse=0 rollover=0 sensor_dt_us=0/0.00/0 rx_dt_us=0/0.00/0 pair_first=0/0 pair_last=0/0
BNO_TS MAG events=0 unique=0 exact=1 overflow=0 dup=0 reverse=0 rollover=0 sensor_dt_us=0/0.00/0 rx_dt_us=0/0.00/0 pair_first=0/0 pair_last=0/0
BNO_VEC ACCEL_SENSOR_AND_ESKF_INPUT events=0 nonfinite=0
BNO_VEC GYRO_SENSOR_AND_ESKF_INPUT events=0 nonfinite=0
BNO_VEC MAG_SENSOR events=0 nonfinite=0
LINK queue/drop/high=1/0/4 tof=17633
TXDIAG frames_s=125 bytes_s=16844 total_frames=2322 total_bytes=288064 queue=0 high=4 drops=0 bno_drop=0 partial=0 zero=0 write_calls=36857 max_write_us=0 free_heap=167716 min_free_heap=167716 usage_pct=18.28
BNO_TX kind=1 event=0 req=0 enq=0 drop=0 done=0 bytes=0
BNO_REPORT kind=1 report_id=0 interval_us=0 requested_hz=0.000 enable_ok=0 enable_fail=0 callback=0 switch=0 kind_convert=0 events=0 tx_req=0 tx_enq=0 tx_done=0 tx_drop=0 event_drop=0 reset_reconfig=0 effective_hz=0.000
BNO_TX kind=2 event=0 req=0 enq=0 drop=0 done=0 bytes=0
BNO_REPORT kind=2 report_id=0 interval_us=0 requested_hz=0.000 enable_ok=0 enable_fail=0 callback=0 switch=0 kind_convert=0 events=0 tx_req=0 tx_enq=0 tx_done=0 tx_drop=0 event_drop=0 reset_reconfig=0 effective_hz=0.000
BNO_TX kind=3 event=500 req=500 enq=500 drop=0 done=500 bytes=42000
BNO_REPORT kind=3 report_id=8 interval_us=20000 requested_hz=50.000 enable_ok=2 enable_fail=0 callback=755 switch=755 kind_convert=755 events=755 tx_req=500 tx_enq=500 tx_done=500 tx_drop=0 event_drop=0 reset_reconfig=1 effective_hz=50.015
BNO_TX kind=4 event=0 req=0 enq=0 drop=0 done=0 bytes=0
BNO_REPORT kind=4 report_id=0 interval_us=0 requested_hz=0.000 enable_ok=0 enable_fail=0 callback=0 switch=0 kind_convert=0 events=0 tx_req=0 tx_enq=0 tx_done=0 tx_drop=0 event_drop=0 reset_reconfig=0 effective_hz=0.000
BNO_TX kind=5 event=0 req=0 enq=0 drop=0 done=0 bytes=0
BNO_REPORT kind=5 report_id=0 interval_us=0 requested_hz=0.000 enable_ok=0 enable_fail=0 callback=0 switch=0 kind_convert=0 events=0 tx_req=0 tx_enq=0 tx_done=0 tx_drop=0 event_drop=0 reset_reconfig=0 effective_hz=0.000
DIAG state=FAULT dry=1 bno_ready=1 addr=0x4A init/reinit/poll=0/0/1610 event A/G/M=0/0/0 age_rx_us=4294967295/4294967295/4294967295
IMU cand/pair/call/ok=0/0/0/0 reject=0 dup/order/stale/dt/nonfinite/norm/queue=0/0/0/0/0/0/0 last_ok_age_us=4294967295 dt_us=0 align_samples=0 align_elapsed_us=0
HEALTH state=0 health=0 reason=imu_stale mount=0 imu_age_us=4294967295 imu_gaps=0 reversals=0 covariance=1 finite=1 gnss_age_us=232329075 tof_age_us=4294967295 obs=1
BNO_TS ACCEL events=0 unique=0 exact=1 overflow=0 dup=0 reverse=0 rollover=0 sensor_dt_us=0/0.00/0 rx_dt_us=0/0.00/0 pair_first=0/0 pair_last=0/0
BNO_TS GYRO events=0 unique=0 exact=1 overflow=0 dup=0 reverse=0 rollover=0 sensor_dt_us=0/0.00/0 rx_dt_us=0/0.00/0 pair_first=0/0 pair_last=0/0
BNO_TS MAG events=0 unique=0 exact=1 overflow=0 dup=0 reverse=0 rollover=0 sensor_dt_us=0/0.00/0 rx_dt_us=0/0.00/0 pair_first=0/0 pair_last=0/0
BNO_VEC ACCEL_SENSOR_AND_ESKF_INPUT events=0 nonfinite=0
BNO_VEC GYRO_SENSOR_AND_ESKF_INPUT events=0 nonfinite=0
BNO_VEC MAG_SENSOR events=0 nonfinite=0
LINK queue/drop/high=0/0/4 tof=17663
TXDIAG frames_s=123 bytes_s=16776 total_frames=2445 total_bytes=304840 queue=0 high=4 drops=0 bno_drop=0 partial=0 zero=0 write_calls=39163 max_write_us=0 free_heap=167716 min_free_heap=167716 usage_pct=18.20
BNO_TX kind=1 event=0 req=0 enq=0 drop=0 done=0 bytes=0
BNO_REPORT kind=1 report_id=0 interval_us=0 requested_hz=0.000 enable_ok=0 enable_fail=0 callback=0 switch=0 kind_convert=0 events=0 tx_req=0 tx_enq=0 tx_done=0 tx_drop=0 event_drop=0 reset_reconfig=0 effective_hz=0.000
BNO_TX kind=2 event=0 req=0 enq=0 drop=0 done=0 bytes=0
BNO_REPORT kind=2 report_id=0 interval_us=0 requested_hz=0.000 enable_ok=0 enable_fail=0 callback=0 switch=0 kind_convert=0 events=0 tx_req=0 tx_enq=0 tx_done=0 tx_drop=0 event_drop=0 reset_reconfig=0 effective_hz=0.000
BNO_TX kind=3 event=500 req=500 enq=500 drop=0 done=500 bytes=42000
BNO_REPORT kind=3 report_id=8 interval_us=20000 requested_hz=50.000 enable_ok=2 enable_fail=0 callback=805 switch=805 kind_convert=805 events=805 tx_req=500 tx_enq=500 tx_done=500 tx_drop=0 event_drop=0 reset_reconfig=1 effective_hz=50.014
BNO_TX kind=4 event=0 req=0 enq=0 drop=0 done=0 bytes=0
BNO_REPORT kind=4 report_id=0 interval_us=0 requested_hz=0.000 enable_ok=0 enable_fail=0 callback=0 switch=0 kind_convert=0 events=0 tx_req=0 tx_enq=0 tx_done=0 tx_drop=0 event_drop=0 reset_reconfig=0 effective_hz=0.000
BNO_TX kind=5 event=0 req=0 enq=0 drop=0 done=0 bytes=0
BNO_REPORT kind=5 report_id=0 interval_us=0 requested_hz=0.000 enable_ok=0 enable_fail=0 callback=0 switch=0 kind_convert=0 events=0 tx_req=0 tx_enq=0 tx_done=0 tx_drop=0 event_drop=0 reset_reconfig=0 effective_hz=0.000
DIAG state=FAULT dry=1 bno_ready=1 addr=0x4A init/reinit/poll=0/0/1710 event A/G/M=0/0/0 age_rx_us=4294967295/4294967295/4294967295
IMU cand/pair/call/ok=0/0/0/0 reject=0 dup/order/stale/dt/nonfinite/norm/queue=0/0/0/0/0/0/0 last_ok_age_us=4294967295 dt_us=0 align_samples=0 align_elapsed_us=0
HEALTH state=0 health=0 reason=imu_stale mount=0 imu_age_us=4294967295 imu_gaps=0 reversals=0 covariance=1 finite=1 gnss_age_us=233337711 tof_age_us=4294967295 obs=1
BNO_TS ACCEL events=0 unique=0 exact=1 overflow=0 dup=0 reverse=0 rollover=0 sensor_dt_us=0/0.00/0 rx_dt_us=0/0.00/0 pair_first=0/0 pair_last=0/0
BNO_TS GYRO events=0 unique=0 exact=1 overflow=0 dup=0 reverse=0 rollover=0 sensor_dt_us=0/0.00/0 rx_dt_us=0/0.00/0 pair_first=0/0 pair_last=0/0
BNO_TS MAG events=0 unique=0 exact=1 overflow=0 dup=0 reverse=0 rollover=0 sensor_dt_us=0/0.00/0 rx_dt_us=0/0.00/0 pair_first=0/0 pair_last=0/0
BNO_VEC ACCEL_SENSOR_AND_ESKF_INPUT events=0 nonfinite=0
BNO_VEC GYRO_SENSOR_AND_ESKF_INPUT events=0 nonfinite=0
BNO_VEC MAG_SENSOR events=0 nonfinite=0
LINK queue/drop/high=1/0/4 tof=17694
TXDIAG frames_s=122 bytes_s=16777 total_frames=2568 total_bytes=321752 queue=0 high=4 drops=0 bno_drop=0 partial=0 zero=0 write_calls=41452 max_write_us=0 free_heap=167716 min_free_heap=167716 usage_pct=18.20
BNO_TX kind=1 event=0 req=0 enq=0 drop=0 done=0 bytes=0
BNO_REPORT kind=1 report_id=0 interval_us=0 requested_hz=0.000 enable_ok=0 enable_fail=0 callback=0 switch=0 kind_convert=0 events=0 tx_req=0 tx_enq=0 tx_done=0 tx_drop=0 event_drop=0 reset_reconfig=0 effective_hz=0.000
BNO_TX kind=2 event=0 req=0 enq=0 drop=0 done=0 bytes=0
BNO_REPORT kind=2 report_id=0 interval_us=0 requested_hz=0.000 enable_ok=0 enable_fail=0 callback=0 switch=0 kind_convert=0 events=0 tx_req=0 tx_enq=0 tx_done=0 tx_drop=0 event_drop=0 reset_reconfig=0 effective_hz=0.000
BNO_TX kind=3 event=500 req=500 enq=500 drop=0 done=500 bytes=42000
BNO_REPORT kind=3 report_id=8 interval_us=20000 requested_hz=50.000 enable_ok=2 enable_fail=0 callback=855 switch=855 kind_convert=855 events=855 tx_req=500 tx_enq=500 tx_done=500 tx_drop=0 event_drop=0 reset_reconfig=1 effective_hz=50.014
BNO_TX kind=4 event=0 req=0 enq=0 drop=0 done=0 bytes=0
BNO_REPORT kind=4 report_id=0 interval_us=0 requested_hz=0.000 enable_ok=0 enable_fail=0 callback=0 switch=0 kind_convert=0 events=0 tx_req=0 tx_enq=0 tx_done=0 tx_drop=0 event_drop=0 reset_reconfig=0 effective_hz=0.000
BNO_TX kind=5 event=0 req=0 enq=0 drop=0 done=0 bytes=0
BNO_REPORT kind=5 report_id=0 interval_us=0 requested_hz=0.000 enable_ok=0 enable_fail=0 callback=0 switch=0 kind_convert=0 events=0 tx_req=0 tx_enq=0 tx_done=0 tx_drop=0 event_drop=0 reset_reconfig=0 effective_hz=0.000
DIAG state=FAULT dry=1 bno_ready=1 addr=0x4A init/reinit/poll=0/0/1810 event A/G/M=0/0/0 age_rx_us=4294967295/4294967295/4294967295
IMU cand/pair/call/ok=0/0/0/0 reject=0 dup/order/stale/dt/nonfinite/norm/queue=0/0/0/0/0/0/0 last_ok_age_us=4294967295 dt_us=0 align_samples=0 align_elapsed_us=0
HEALTH state=0 health=0 reason=imu_stale mount=0 imu_age_us=4294967295 imu_gaps=0 reversals=0 covariance=1 finite=1 gnss_age_us=234336984 tof_age_us=4294967295 obs=1
BNO_TS ACCEL events=0 unique=0 exact=1 overflow=0 dup=0 reverse=0 rollover=0 sensor_dt_us=0/0.00/0 rx_dt_us=0/0.00/0 pair_first=0/0 pair_last=0/0
BNO_TS GYRO events=0 unique=0 exact=1 overflow=0 dup=0 reverse=0 rollover=0 sensor_dt_us=0/0.00/0 rx_dt_us=0/0.00/0 pair_first=0/0 pair_last=0/0
BNO_TS MAG events=0 unique=0 exact=1 overflow=0 dup=0 reverse=0 rollover=0 sensor_dt_us=0/0.00/0 rx_dt_us=0/0.00/0 pair_first=0/0 pair_last=0/0
BNO_VEC ACCEL_SENSOR_AND_ESKF_INPUT events=0 nonfinite=0
BNO_VEC GYRO_SENSOR_AND_ESKF_INPUT events=0 nonfinite=0
BNO_VEC MAG_SENSOR events=0 nonfinite=0
LINK queue/drop/high=0/0/4 tof=17724
TXDIAG frames_s=125 bytes_s=16944 total_frames=2693 total_bytes=338696 queue=0 high=4 drops=0 bno_drop=0 partial=0 zero=0 write_calls=43673 max_write_us=0 free_heap=167716 min_free_heap=167716 usage_pct=18.39
BNO_TX kind=1 event=0 req=0 enq=0 drop=0 done=0 bytes=0
BNO_REPORT kind=1 report_id=0 interval_us=0 requested_hz=0.000 enable_ok=0 enable_fail=0 callback=0 switch=0 kind_convert=0 events=0 tx_req=0 tx_enq=0 tx_done=0 tx_drop=0 event_drop=0 reset_reconfig=0 effective_hz=0.000
BNO_TX kind=2 event=0 req=0 enq=0 drop=0 done=0 bytes=0
BNO_REPORT kind=2 report_id=0 interval_us=0 requested_hz=0.000 enable_ok=0 enable_fail=0 callback=0 switch=0 kind_convert=0 events=0 tx_req=0 tx_enq=0 tx_done=0 tx_drop=0 event_drop=0 reset_reconfig=0 effective_hz=0.000
BNO_TX kind=3 event=500 req=500 enq=500 drop=0 done=500 bytes=42000
BNO_REPORT kind=3 report_id=8 interval_us=20000 requested_hz=50.000 enable_ok=2 enable_fail=0 callback=905 switch=905 kind_convert=905 events=905 tx_req=500 tx_enq=500 tx_done=500 tx_drop=0 event_drop=0 reset_reconfig=1 effective_hz=50.014
BNO_TX kind=4 event=0 req=0 enq=0 drop=0 done=0 bytes=0
BNO_REPORT kind=4 report_id=0 interval_us=0 requested_hz=0.000 enable_ok=0 enable_fail=0 callback=0 switch=0 kind_convert=0 events=0 tx_req=0 tx_enq=0 tx_done=0 tx_drop=0 event_drop=0 reset_reconfig=0 effective_hz=0.000
BNO_TX kind=5 event=0 req=0 enq=0 drop=0 done=0 bytes=0
BNO_REPORT kind=5 report_id=0 interval_us=0 requested_hz=0.000 enable_ok=0 enable_fail=0 callback=0 switch=0 kind_convert=0 events=0 tx_req=0 tx_enq=0 tx_done=0 tx_drop=0 event_drop=0 reset_reconfig=0 effective_hz=0.000
DIAG state=FAULT dry=1 bno_ready=1 addr=0x4A init/reinit/poll=0/0/1911 event A/G/M=0/0/0 age_rx_us=4294967295/4294967295/4294967295
IMU cand/pair/call/ok=0/0/0/0 reject=0 dup/order/stale/dt/nonfinite/norm/queue=0/0/0/0/0/0/0 last_ok_age_us=4294967295 dt_us=0 align_samples=0 align_elapsed_us=0
HEALTH state=0 health=0 reason=imu_stale mount=0 imu_age_us=4294967295 imu_gaps=0 reversals=0 covariance=1 finite=1 gnss_age_us=235345697 tof_age_us=4294967295 obs=1
BNO_TS ACCEL events=0 unique=0 exact=1 overflow=0 dup=0 reverse=0 rollover=0 sensor_dt_us=0/0.00/0 rx_dt_us=0/0.00/0 pair_first=0/0 pair_last=0/0
BNO_TS GYRO events=0 unique=0 exact=1 overflow=0 dup=0 reverse=0 rollover=0 sensor_dt_us=0/0.00/0 rx_dt_us=0/0.00/0 pair_first=0/0 pair_last=0/0
BNO_TS MAG events=0 unique=0 exact=1 overflow=0 dup=0 reverse=0 rollover=0 sensor_dt_us=0/0.00/0 rx_dt_us=0/0.00/0 pair_first=0/0 pair_last=0/0
BNO_VEC ACCEL_SENSOR_AND_ESKF_INPUT events=0 nonfinite=0
BNO_VEC GYRO_SENSOR_AND_ESKF_INPUT events=0 nonfinite=0
BNO_VEC MAG_SENSOR events=0 nonfinite=0
LINK queue/drop/high=1/0/4 tof=17755
TXDIAG frames_s=123 bytes_s=16927 total_frames=2818 total_bytes=355776 queue=0 high=4 drops=0 bno_drop=0 partial=0 zero=0 write_calls=45870 max_write_us=0 free_heap=167716 min_free_heap=167716 usage_pct=18.37
BNO_TX kind=1 event=0 req=0 enq=0 drop=0 done=0 bytes=0
BNO_REPORT kind=1 report_id=0 interval_us=0 requested_hz=0.000 enable_ok=0 enable_fail=0 callback=0 switch=0 kind_convert=0 events=0 tx_req=0 tx_enq=0 tx_done=0 tx_drop=0 event_drop=0 reset_reconfig=0 effective_hz=0.000
BNO_TX kind=2 event=0 req=0 enq=0 drop=0 done=0 bytes=0
BNO_REPORT kind=2 report_id=0 interval_us=0 requested_hz=0.000 enable_ok=0 enable_fail=0 callback=0 switch=0 kind_convert=0 events=0 tx_req=0 tx_enq=0 tx_done=0 tx_drop=0 event_drop=0 reset_reconfig=0 effective_hz=0.000
BNO_TX kind=3 event=500 req=500 enq=500 drop=0 done=500 bytes=42000
BNO_REPORT kind=3 report_id=8 interval_us=20000 requested_hz=50.000 enable_ok=2 enable_fail=0 callback=956 switch=956 kind_convert=956 events=956 tx_req=500 tx_enq=500 tx_done=500 tx_drop=0 event_drop=0 reset_reconfig=1 effective_hz=50.012
BNO_TX kind=4 event=0 req=0 enq=0 drop=0 done=0 bytes=0
BNO_REPORT kind=4 report_id=0 interval_us=0 requested_hz=0.000 enable_ok=0 enable_fail=0 callback=0 switch=0 kind_convert=0 events=0 tx_req=0 tx_enq=0 tx_done=0 tx_drop=0 event_drop=0 reset_reconfig=0 effective_hz=0.000
BNO_TX kind=5 event=0 req=0 enq=0 drop=0 done=0 bytes=0
BNO_REPORT kind=5 report_id=0 interval_us=0 requested_hz=0.000 enable_ok=0 enable_fail=0 callback=0 switch=0 kind_convert=0 events=0 tx_req=0 tx_enq=0 tx_done=0 tx_drop=0 event_drop=0 reset_reconfig=0 effective_hz=0.000
DIAG state=FAULT dry=1 bno_ready=1 addr=0x4A init/reinit/poll=0/0/2011 event A/G/M=0/0/0 age_rx_us=4294967295/4294967295/4294967295
IMU cand/pair/call/ok=0/0/0/0 reject=0 dup/order/stale/dt/nonfinite/norm/queue=0/0/0/0/0/0/0 last_ok_age_us=4294967295 dt_us=0 align_samples=0 align_elapsed_us=0
HEALTH state=0 health=0 reason=imu_stale mount=0 imu_age_us=4294967295 imu_gaps=0 reversals=0 covariance=1 finite=1 gnss_age_us=236344974 tof_age_us=4294967295 obs=1
BNO_TS ACCEL events=0 unique=0 exact=1 overflow=0 dup=0 reverse=0 rollover=0 sensor_dt_us=0/0.00/0 rx_dt_us=0/0.00/0 pair_first=0/0 pair_last=0/0
BNO_TS GYRO events=0 unique=0 exact=1 overflow=0 dup=0 reverse=0 rollover=0 sensor_dt_us=0/0.00/0 rx_dt_us=0/0.00/0 pair_first=0/0 pair_last=0/0
BNO_TS MAG events=0 unique=0 exact=1 overflow=0 dup=0 reverse=0 rollover=0 sensor_dt_us=0/0.00/0 rx_dt_us=0/0.00/0 pair_first=0/0 pair_last=0/0
BNO_VEC ACCEL_SENSOR_AND_ESKF_INPUT events=0 nonfinite=0
BNO_VEC GYRO_SENSOR_AND_ESKF_INPUT events=0 nonfinite=0
BNO_VEC MAG_SENSOR events=0 nonfinite=0
LINK queue/drop/high=0/0/4 tof=17785
TXDIAG frames_s=122 bytes_s=16800 total_frames=2940 total_bytes=372543 queue=1 high=4 drops=0 bno_drop=0 partial=0 zero=0 write_calls=48249 max_write_us=0 free_heap=167716 min_free_heap=167716 usage_pct=18.23
BNO_TX kind=1 event=0 req=0 enq=0 drop=0 done=0 bytes=0
BNO_REPORT kind=1 report_id=0 interval_us=0 requested_hz=0.000 enable_ok=0 enable_fail=0 callback=0 switch=0 kind_convert=0 events=0 tx_req=0 tx_enq=0 tx_done=0 tx_drop=0 event_drop=0 reset_reconfig=0 effective_hz=0.000
BNO_TX kind=2 event=0 req=0 enq=0 drop=0 done=0 bytes=0
BNO_REPORT kind=2 report_id=0 interval_us=0 requested_hz=0.000 enable_ok=0 enable_fail=0 callback=0 switch=0 kind_convert=0 events=0 tx_req=0 tx_enq=0 tx_done=0 tx_drop=0 event_drop=0 reset_reconfig=0 effective_hz=0.000
BNO_TX kind=3 event=500 req=500 enq=500 drop=0 done=500 bytes=42000
BNO_REPORT kind=3 report_id=8 interval_us=20000 requested_hz=50.000 enable_ok=2 enable_fail=0 callback=1006 switch=1006 kind_convert=1006 events=1006 tx_req=500 tx_enq=500 tx_done=500 tx_drop=0 event_drop=0 reset_reconfig=1 effective_hz=50.014
BNO_TX kind=4 event=0 req=0 enq=0 drop=0 done=0 bytes=0
BNO_REPORT kind=4 report_id=0 interval_us=0 requested_hz=0.000 enable_ok=0 enable_fail=0 callback=0 switch=0 kind_convert=0 events=0 tx_req=0 tx_enq=0 tx_done=0 tx_drop=0 event_drop=0 reset_reconfig=0 effective_hz=0.000
BNO_TX kind=5 event=0 req=0 enq=0 drop=0 done=0 bytes=0
BNO_REPORT kind=5 report_id=0 interval_us=0 requested_hz=0.000 enable_ok=0 enable_fail=0 callback=0 switch=0 kind_convert=0 events=0 tx_req=0 tx_enq=0 tx_done=0 tx_drop=0 event_drop=0 reset_reconfig=0 effective_hz=0.000
DIAG state=FAULT dry=1 bno_ready=1 addr=0x4A init/reinit/poll=0/0/2112 event A/G/M=0/0/0 age_rx_us=4294967295/4294967295/4294967295
IMU cand/pair/call/ok=0/0/0/0 reject=0 dup/order/stale/dt/nonfinite/norm/queue=0/0/0/0/0/0/0 last_ok_age_us=4294967295 dt_us=0 align_samples=0 align_elapsed_us=0
HEALTH state=0 health=0 reason=imu_stale mount=0 imu_age_us=4294967295 imu_gaps=0 reversals=0 covariance=1 finite=1 gnss_age_us=237353714 tof_age_us=4294967295 obs=1
BNO_TS ACCEL events=0 unique=0 exact=1 overflow=0 dup=0 reverse=0 rollover=0 sensor_dt_us=0/0.00/0 rx_dt_us=0/0.00/0 pair_first=0/0 pair_last=0/0
BNO_TS GYRO events=0 unique=0 exact=1 overflow=0 dup=0 reverse=0 rollover=0 sensor_dt_us=0/0.00/0 rx_dt_us=0/0.00/0 pair_first=0/0 pair_last=0/0
BNO_TS MAG events=0 unique=0 exact=1 overflow=0 dup=0 reverse=0 rollover=0 sensor_dt_us=0/0.00/0 rx_dt_us=0/0.00/0 pair_first=0/0 pair_last=0/0
BNO_VEC ACCEL_SENSOR_AND_ESKF_INPUT events=0 nonfinite=0
BNO_VEC GYRO_SENSOR_AND_ESKF_INPUT events=0 nonfinite=0
BNO_VEC MAG_SENSOR events=0 nonfinite=0
LINK queue/drop/high=2/0/4 tof=17816
TXDIAG frames_s=121 bytes_s=16666 total_frames=3063 total_bytes=389376 queue=0 high=4 drops=0 bno_drop=0 partial=0 zero=0 write_calls=50546 max_write_us=0 free_heap=167716 min_free_heap=167716 usage_pct=18.08
BNO_TX kind=1 event=0 req=0 enq=0 drop=0 done=0 bytes=0
BNO_REPORT kind=1 report_id=0 interval_us=0 requested_hz=0.000 enable_ok=0 enable_fail=0 callback=0 switch=0 kind_convert=0 events=0 tx_req=0 tx_enq=0 tx_done=0 tx_drop=0 event_drop=0 reset_reconfig=0 effective_hz=0.000
BNO_TX kind=2 event=0 req=0 enq=0 drop=0 done=0 bytes=0
BNO_REPORT kind=2 report_id=0 interval_us=0 requested_hz=0.000 enable_ok=0 enable_fail=0 callback=0 switch=0 kind_convert=0 events=0 tx_req=0 tx_enq=0 tx_done=0 tx_drop=0 event_drop=0 reset_reconfig=0 effective_hz=0.000
BNO_TX kind=3 event=500 req=500 enq=500 drop=0 done=500 bytes=42000
BNO_REPORT kind=3 report_id=8 interval_us=20000 requested_hz=50.000 enable_ok=2 enable_fail=0 callback=1056 switch=1056 kind_convert=1056 events=1056 tx_req=500 tx_enq=500 tx_done=500 tx_drop=0 event_drop=0 reset_reconfig=1 effective_hz=50.015
BNO_TX kind=4 event=0 req=0 enq=0 drop=0 done=0 bytes=0
BNO_REPORT kind=4 report_id=0 interval_us=0 requested_hz=0.000 enable_ok=0 enable_fail=0 callback=0 switch=0 kind_convert=0 events=0 tx_req=0 tx_enq=0 tx_done=0 tx_drop=0 event_drop=0 reset_reconfig=0 effective_hz=0.000
BNO_TX kind=5 event=0 req=0 enq=0 drop=0 done=0 bytes=0
BNO_REPORT kind=5 report_id=0 interval_us=0 requested_hz=0.000 enable_ok=0 enable_fail=0 callback=0 switch=0 kind_convert=0 events=0 tx_req=0 tx_enq=0 tx_done=0 tx_drop=0 event_drop=0 reset_reconfig=0 effective_hz=0.000
DIAG state=FAULT dry=1 bno_ready=1 addr=0x4A init/reinit/poll=0/0/2212 event A/G/M=0/0/0 age_rx_us=4294967295/4294967295/4294967295
IMU cand/pair/call/ok=0/0/0/0 reject=0 dup/order/stale/dt/nonfinite/norm/queue=0/0/0/0/0/0/0 last_ok_age_us=4294967295 dt_us=0 align_samples=0 align_elapsed_us=0
HEALTH state=0 health=0 reason=imu_stale mount=0 imu_age_us=4294967295 imu_gaps=0 reversals=0 covariance=1 finite=1 gnss_age_us=238352986 tof_age_us=4294967295 obs=1
BNO_TS ACCEL events=0 unique=0 exact=1 overflow=0 dup=0 reverse=0 rollover=0 sensor_dt_us=0/0.00/0 rx_dt_us=0/0.00/0 pair_first=0/0 pair_last=0/0
BNO_TS GYRO events=0 unique=0 exact=1 overflow=0 dup=0 reverse=0 rollover=0 sensor_dt_us=0/0.00/0 rx_dt_us=0/0.00/0 pair_first=0/0 pair_last=0/0
BNO_TS MAG events=0 unique=0 exact=1 overflow=0 dup=0 reverse=0 rollover=0 sensor_dt_us=0/0.00/0 rx_dt_us=0/0.00/0 pair_first=0/0 pair_last=0/0
BNO_VEC ACCEL_SENSOR_AND_ESKF_INPUT events=0 nonfinite=0
BNO_VEC GYRO_SENSOR_AND_ESKF_INPUT events=0 nonfinite=0
BNO_VEC MAG_SENSOR events=0 nonfinite=0
LINK queue/drop/high=0/0/4 tof=17846
TXDIAG frames_s=124 bytes_s=16793 total_frames=3187 total_bytes=406136 queue=0 high=4 drops=0 bno_drop=0 partial=0 zero=0 write_calls=52788 max_write_us=0 free_heap=167716 min_free_heap=167716 usage_pct=18.22
BNO_TX kind=1 event=0 req=0 enq=0 drop=0 done=0 bytes=0
BNO_REPORT kind=1 report_id=0 interval_us=0 requested_hz=0.000 enable_ok=0 enable_fail=0 callback=0 switch=0 kind_convert=0 events=0 tx_req=0 tx_enq=0 tx_done=0 tx_drop=0 event_drop=0 reset_reconfig=0 effective_hz=0.000
BNO_TX kind=2 event=0 req=0 enq=0 drop=0 done=0 bytes=0
BNO_REPORT kind=2 report_id=0 interval_us=0 requested_hz=0.000 enable_ok=0 enable_fail=0 callback=0 switch=0 kind_convert=0 events=0 tx_req=0 tx_enq=0 tx_done=0 tx_drop=0 event_drop=0 reset_reconfig=0 effective_hz=0.000
BNO_TX kind=3 event=500 req=500 enq=500 drop=0 done=500 bytes=42000
BNO_REPORT kind=3 report_id=8 interval_us=20000 requested_hz=50.000 enable_ok=2 enable_fail=0 callback=1106 switch=1106 kind_convert=1106 events=1106 tx_req=500 tx_enq=500 tx_done=500 tx_drop=0 event_drop=0 reset_reconfig=1 effective_hz=50.014
BNO_TX kind=4 event=0 req=0 enq=0 drop=0 done=0 bytes=0
BNO_REPORT kind=4 report_id=0 interval_us=0 requested_hz=0.000 enable_ok=0 enable_fail=0 callback=0 switch=0 kind_convert=0 events=0 tx_req=0 tx_enq=0 tx_done=0 tx_drop=0 event_drop=0 reset_reconfig=0 effective_hz=0.000
BNO_TX kind=5 event=0 req=0 enq=0 drop=0 done=0 bytes=0
BNO_REPORT kind=5 report_id=0 interval_us=0 requested_hz=0.000 enable_ok=0 enable_fail=0 callback=0 switch=0 kind_convert=0 events=0 tx_req=0 tx_enq=0 tx_done=0 tx_drop=0 event_drop=0 reset_reconfig=0 effective_hz=0.000
DIAG state=FAULT dry=1 bno_ready=1 addr=0x4A init/reinit/poll=0/0/2312 event A/G/M=0/0/0 age_rx_us=4294967295/4294967295/4294967295
IMU cand/pair/call/ok=0/0/0/0 reject=0 dup/order/stale/dt/nonfinite/norm/queue=0/0/0/0/0/0/0 last_ok_age_us=4294967295 dt_us=0 align_samples=0 align_elapsed_us=0
HEALTH state=0 health=0 reason=imu_stale mount=0 imu_age_us=4294967295 imu_gaps=0 reversals=0 covariance=1 finite=1 gnss_age_us=239360698 tof_age_us=4294967295 obs=1
BNO_TS ACCEL events=0 unique=0 exact=1 overflow=0 dup=0 reverse=0 rollover=0 sensor_dt_us=0/0.00/0 rx_dt_us=0/0.00/0 pair_first=0/0 pair_last=0/0
BNO_TS GYRO events=0 unique=0 exact=1 overflow=0 dup=0 reverse=0 rollover=0 sensor_dt_us=0/0.00/0 rx_dt_us=0/0.00/0 pair_first=0/0 pair_last=0/0
BNO_TS MAG events=0 unique=0 exact=1 overflow=0 dup=0 reverse=0 rollover=0 sensor_dt_us=0/0.00/0 rx_dt_us=0/0.00/0 pair_first=0/0 pair_last=0/0
BNO_VEC ACCEL_SENSOR_AND_ESKF_INPUT events=0 nonfinite=0
BNO_VEC GYRO_SENSOR_AND_ESKF_INPUT events=0 nonfinite=0
BNO_VEC MAG_SENSOR events=0 nonfinite=0
LINK queue/drop/high=1/0/4 tof=17877
TXDIAG frames_s=122 bytes_s=16840 total_frames=3311 total_bytes=423128 queue=0 high=4 drops=0 bno_drop=0 partial=0 zero=0 write_calls=55140 max_write_us=0 free_heap=167716 min_free_heap=167716 usage_pct=18.27
BNO_TX kind=1 event=0 req=0 enq=0 drop=0 done=0 bytes=0
BNO_REPORT kind=1 report_id=0 interval_us=0 requested_hz=0.000 enable_ok=0 enable_fail=0 callback=0 switch=0 kind_convert=0 events=0 tx_req=0 tx_enq=0 tx_done=0 tx_drop=0 event_drop=0 reset_reconfig=0 effective_hz=0.000
BNO_TX kind=2 event=0 req=0 enq=0 drop=0 done=0 bytes=0
BNO_REPORT kind=2 report_id=0 interval_us=0 requested_hz=0.000 enable_ok=0 enable_fail=0 callback=0 switch=0 kind_convert=0 events=0 tx_req=0 tx_enq=0 tx_done=0 tx_drop=0 event_drop=0 reset_reconfig=0 effective_hz=0.000
BNO_TX kind=3 event=500 req=500 enq=500 drop=0 done=500 bytes=42000
BNO_REPORT kind=3 report_id=8 interval_us=20000 requested_hz=50.000 enable_ok=2 enable_fail=0 callback=1157 switch=1157 kind_convert=1157 events=1157 tx_req=500 tx_enq=500 tx_done=500 tx_drop=0 event_drop=0 reset_reconfig=1 effective_hz=50.014
BNO_TX kind=4 event=0 req=0 enq=0 drop=0 done=0 bytes=0
BNO_REPORT kind=4 report_id=0 interval_us=0 requested_hz=0.000 enable_ok=0 enable_fail=0 callback=0 switch=0 kind_convert=0 events=0 tx_req=0 tx_enq=0 tx_done=0 tx_drop=0 event_drop=0 reset_reconfig=0 effective_hz=0.000
BNO_TX kind=5 event=0 req=0 enq=0 drop=0 done=0 bytes=0
BNO_REPORT kind=5 report_id=0 interval_us=0 requested_hz=0.000 enable_ok=0 enable_fail=0 callback=0 switch=0 kind_convert=0 events=0 tx_req=0 tx_enq=0 tx_done=0 tx_drop=0 event_drop=0 reset_reconfig=0 effective_hz=0.000
DIAG state=FAULT dry=1 bno_ready=1 addr=0x4A init/reinit/poll=0/0/2412 event A/G/M=0/0/0 age_rx_us=4294967295/4294967295/4294967295
IMU cand/pair/call/ok=0/0/0/0 reject=0 dup/order/stale/dt/nonfinite/norm/queue=0/0/0/0/0/0/0 last_ok_age_us=4294967295 dt_us=0 align_samples=0 align_elapsed_us=0
HEALTH state=0 health=0 reason=imu_stale mount=0 imu_age_us=4294967295 imu_gaps=0 reversals=0 covariance=1 finite=1 gnss_age_us=240360068 tof_age_us=4294967295 obs=1
BNO_TS ACCEL events=0 unique=0 exact=1 overflow=0 dup=0 reverse=0 rollover=0 sensor_dt_us=0/0.00/0 rx_dt_us=0/0.00/0 pair_first=0/0 pair_last=0/0
BNO_TS GYRO events=0 unique=0 exact=1 overflow=0 dup=0 reverse=0 rollover=0 sensor_dt_us=0/0.00/0 rx_dt_us=0/0.00/0 pair_first=0/0 pair_last=0/0
BNO_TS MAG events=0 unique=0 exact=1 overflow=0 dup=0 reverse=0 rollover=0 sensor_dt_us=0/0.00/0 rx_dt_us=0/0.00/0 pair_first=0/0 pair_last=0/0
BNO_VEC ACCEL_SENSOR_AND_ESKF_INPUT events=0 nonfinite=0
BNO_VEC GYRO_SENSOR_AND_ESKF_INPUT events=0 nonfinite=0
BNO_VEC MAG_SENSOR events=0 nonfinite=0
LINK queue/drop/high=0/0/4 tof=17907
TXDIAG frames_s=125 bytes_s=16960 total_frames=3436 total_bytes=440072 queue=0 high=4 drops=0 bno_drop=0 partial=0 zero=0 write_calls=57501 max_write_us=0 free_heap=167716 min_free_heap=167716 usage_pct=18.40
BNO_TX kind=1 event=0 req=0 enq=0 drop=0 done=0 bytes=0
BNO_REPORT kind=1 report_id=0 interval_us=0 requested_hz=0.000 enable_ok=0 enable_fail=0 callback=0 switch=0 kind_convert=0 events=0 tx_req=0 tx_enq=0 tx_done=0 tx_drop=0 event_drop=0 reset_reconfig=0 effective_hz=0.000
BNO_TX kind=2 event=0 req=0 enq=0 drop=0 done=0 bytes=0
BNO_REPORT kind=2 report_id=0 interval_us=0 requested_hz=0.000 enable_ok=0 enable_fail=0 callback=0 switch=0 kind_convert=0 events=0 tx_req=0 tx_enq=0 tx_done=0 tx_drop=0 event_drop=0 reset_reconfig=0 effective_hz=0.000
BNO_TX kind=3 event=500 req=500 enq=500 drop=0 done=500 bytes=42000
BNO_REPORT kind=3 report_id=8 interval_us=20000 requested_hz=50.000 enable_ok=2 enable_fail=0 callback=1207 switch=1207 kind_convert=1207 events=1207 tx_req=500 tx_enq=500 tx_done=500 tx_drop=0 event_drop=0 reset_reconfig=1 effective_hz=50.014
BNO_TX kind=4 event=0 req=0 enq=0 drop=0 done=0 bytes=0
BNO_REPORT kind=4 report_id=0 interval_us=0 requested_hz=0.000 enable_ok=0 enable_fail=0 callback=0 switch=0 kind_convert=0 events=0 tx_req=0 tx_enq=0 tx_done=0 tx_drop=0 event_drop=0 reset_reconfig=0 effective_hz=0.000
BNO_TX kind=5 event=0 req=0 enq=0 drop=0 done=0 bytes=0
BNO_REPORT kind=5 report_id=0 interval_us=0 requested_hz=0.000 enable_ok=0 enable_fail=0 callback=0 switch=0 kind_convert=0 events=0 tx_req=0 tx_enq=0 tx_done=0 tx_drop=0 event_drop=0 reset_reconfig=0 effective_hz=0.000
DIAG state=FAULT dry=1 bno_ready=1 addr=0x4A init/reinit/poll=0/0/2514 event A/G/M=0/0/0 age_rx_us=4294967295/4294967295/4294967295
IMU cand/pair/call/ok=0/0/0/0 reject=0 dup/order/stale/dt/nonfinite/norm/queue=0/0/0/0/0/0/0 last_ok_age_us=4294967295 dt_us=0 align_samples=0 align_elapsed_us=0
HEALTH state=0 health=0 reason=imu_stale mount=0 imu_age_us=4294967295 imu_gaps=0 reversals=0 covariance=1 finite=1 gnss_age_us=241368731 tof_age_us=4294967295 obs=1
BNO_TS ACCEL events=0 unique=0 exact=1 overflow=0 dup=0 reverse=0 rollover=0 sensor_dt_us=0/0.00/0 rx_dt_us=0/0.00/0 pair_first=0/0 pair_last=0/0
BNO_TS GYRO events=0 unique=0 exact=1 overflow=0 dup=0 reverse=0 rollover=0 sensor_dt_us=0/0.00/0 rx_dt_us=0/0.00/0 pair_first=0/0 pair_last=0/0
BNO_TS MAG events=0 unique=0 exact=1 overflow=0 dup=0 reverse=0 rollover=0 sensor_dt_us=0/0.00/0 rx_dt_us=0/0.00/0 pair_first=0/0 pair_last=0/0
BNO_VEC ACCEL_SENSOR_AND_ESKF_INPUT events=0 nonfinite=0
BNO_VEC GYRO_SENSOR_AND_ESKF_INPUT events=0 nonfinite=0
BNO_VEC MAG_SENSOR events=0 nonfinite=0
LINK queue/drop/high=1/0/4 tof=17938
TXDIAG frames_s=125 bytes_s=17103 total_frames=3563 total_bytes=457312 queue=0 high=4 drops=0 bno_drop=0 partial=0 zero=0 write_calls=59736 max_write_us=0 free_heap=167716 min_free_heap=167716 usage_pct=18.56
BNO_TX kind=1 event=0 req=0 enq=0 drop=0 done=0 bytes=0
BNO_REPORT kind=1 report_id=0 interval_us=0 requested_hz=0.000 enable_ok=0 enable_fail=0 callback=0 switch=0 kind_convert=0 events=0 tx_req=0 tx_enq=0 tx_done=0 tx_drop=0 event_drop=0 reset_reconfig=0 effective_hz=0.000
BNO_TX kind=2 event=0 req=0 enq=0 drop=0 done=0 bytes=0
BNO_REPORT kind=2 report_id=0 interval_us=0 requested_hz=0.000 enable_ok=0 enable_fail=0 callback=0 switch=0 kind_convert=0 events=0 tx_req=0 tx_enq=0 tx_done=0 tx_drop=0 event_drop=0 reset_reconfig=0 effective_hz=0.000
BNO_TX kind=3 event=500 req=500 enq=500 drop=0 done=500 bytes=42000
BNO_REPORT kind=3 report_id=8 interval_us=20000 requested_hz=50.000 enable_ok=2 enable_fail=0 callback=1257 switch=1257 kind_convert=1257 events=1257 tx_req=500 tx_enq=500 tx_done=500 tx_drop=0 event_drop=0 reset_reconfig=1 effective_hz=50.014
BNO_TX kind=4 event=0 req=0 enq=0 drop=0 done=0 bytes=0
BNO_REPORT kind=4 report_id=0 interval_us=0 requested_hz=0.000 enable_ok=0 enable_fail=0 callback=0 switch=0 kind_convert=0 events=0 tx_req=0 tx_enq=0 tx_done=0 tx_drop=0 event_drop=0 reset_reconfig=0 effective_hz=0.000
BNO_TX kind=5 event=0 req=0 enq=0 drop=0 done=0 bytes=0
BNO_REPORT kind=5 report_id=0 interval_us=0 requested_hz=0.000 enable_ok=0 enable_fail=0 callback=0 switch=0 kind_convert=0 events=0 tx_req=0 tx_enq=0 tx_done=0 tx_drop=0 event_drop=0 reset_reconfig=0 effective_hz=0.000
DIAG state=FAULT dry=1 bno_ready=1 addr=0x4A init/reinit/poll=0/0/2614 event A/G/M=0/0/0 age_rx_us=4294967295/4294967295/4294967295
IMU cand/pair/call/ok=0/0/0/0 reject=0 dup/order/stale/dt/nonfinite/norm/queue=0/0/0/0/0/0/0 last_ok_age_us=4294967295 dt_us=0 align_samples=0 align_elapsed_us=0
HEALTH state=0 health=0 reason=imu_stale mount=0 imu_age_us=4294967295 imu_gaps=0 reversals=0 covariance=1 finite=1 gnss_age_us=242368092 tof_age_us=4294967295 obs=1
BNO_TS ACCEL events=0 unique=0 exact=1 overflow=0 dup=0 reverse=0 rollover=0 sensor_dt_us=0/0.00/0 rx_dt_us=0/0.00/0 pair_first=0/0 pair_last=0/0
BNO_TS GYRO events=0 unique=0 exact=1 overflow=0 dup=0 reverse=0 rollover=0 sensor_dt_us=0/0.00/0 rx_dt_us=0/0.00/0 pair_first=0/0 pair_last=0/0
BNO_TS MAG events=0 unique=0 exact=1 overflow=0 dup=0 reverse=0 rollover=0 sensor_dt_us=0/0.00/0 rx_dt_us=0/0.00/0 pair_first=0/0 pair_last=0/0
BNO_VEC ACCEL_SENSOR_AND_ESKF_INPUT events=0 nonfinite=0
BNO_VEC GYRO_SENSOR_AND_ESKF_INPUT events=0 nonfinite=0
BNO_VEC MAG_SENSOR events=0 nonfinite=0
LINK queue/drop/high=0/0/4 tof=17968
TXDIAG frames_s=124 bytes_s=16760 total_frames=3687 total_bytes=474072 queue=1 high=4 drops=0 bno_drop=0 partial=0 zero=0 write_calls=61822 max_write_us=0 free_heap=167716 min_free_heap=167716 usage_pct=18.19
BNO_TX kind=1 event=0 req=0 enq=0 drop=0 done=0 bytes=0
BNO_REPORT kind=1 report_id=0 interval_us=0 requested_hz=0.000 enable_ok=0 enable_fail=0 callback=0 switch=0 kind_convert=0 events=0 tx_req=0 tx_enq=0 tx_done=0 tx_drop=0 event_drop=0 reset_reconfig=0 effective_hz=0.000
BNO_TX kind=2 event=0 req=0 enq=0 drop=0 done=0 bytes=0
BNO_REPORT kind=2 report_id=0 interval_us=0 requested_hz=0.000 enable_ok=0 enable_fail=0 callback=0 switch=0 kind_convert=0 events=0 tx_req=0 tx_enq=0 tx_done=0 tx_drop=0 event_drop=0 reset_reconfig=0 effective_hz=0.000
BNO_TX kind=3 event=500 req=500 enq=500 drop=0 done=500 bytes=42000
BNO_REPORT kind=3 report_id=8 interval_us=20000 requested_hz=50.000 enable_ok=2 enable_fail=0 callback=1307 switch=1307 kind_convert=1307 events=1307 tx_req=500 tx_enq=500 tx_done=500 tx_drop=0 event_drop=0 reset_reconfig=1 effective_hz=50.014
BNO_TX kind=4 event=0 req=0 enq=0 drop=0 done=0 bytes=0
BNO_REPORT kind=4 report_id=0 interval_us=0 requested_hz=0.000 enable_ok=0 enable_fail=0 callback=0 switch=0 kind_convert=0 events=0 tx_req=0 tx_enq=0 tx_done=0 tx_drop=0 event_drop=0 reset_reconfig=0 effective_hz=0.000
BNO_TX kind=5 event=0 req=0 enq=0 drop=0 done=0 bytes=0
BNO_REPORT kind=5 report_id=0 interval_us=0 requested_hz=0.000 enable_ok=0 enable_fail=0 callback=0 switch=0 kind_convert=0 events=0 tx_req=0 tx_enq=0 tx_done=0 tx_drop=0 event_drop=0 reset_reconfig=0 effective_hz=0.000
DIAG state=FAULT dry=1 bno_ready=1 addr=0x4A init/reinit/poll=0/0/2714 event A/G/M=0/0/0 age_rx_us=4294967295/4294967295/4294967295
IMU cand/pair/call/ok=0/0/0/0 reject=0 dup/order/stale/dt/nonfinite/norm/queue=0/0/0/0/0/0/0 last_ok_age_us=4294967295 dt_us=0 align_samples=0 align_elapsed_us=0
HEALTH state=0 health=0 reason=imu_stale mount=0 imu_age_us=4294967295 imu_gaps=0 reversals=0 covariance=1 finite=1 gnss_age_us=243375708 tof_age_us=4294967295 obs=1
BNO_TS ACCEL events=0 unique=0 exact=1 overflow=0 dup=0 reverse=0 rollover=0 sensor_dt_us=0/0.00/0 rx_dt_us=0/0.00/0 pair_first=0/0 pair_last=0/0
BNO_TS GYRO events=0 unique=0 exact=1 overflow=0 dup=0 reverse=0 rollover=0 sensor_dt_us=0/0.00/0 rx_dt_us=0/0.00/0 pair_first=0/0 pair_last=0/0
BNO_TS MAG events=0 unique=0 exact=1 overflow=0 dup=0 reverse=0 rollover=0 sensor_dt_us=0/0.00/0 rx_dt_us=0/0.00/0 pair_first=0/0 pair_last=0/0
BNO_VEC ACCEL_SENSOR_AND_ESKF_INPUT events=0 nonfinite=0
BNO_VEC GYRO_SENSOR_AND_ESKF_INPUT events=0 nonfinite=0
BNO_VEC MAG_SENSOR events=0 nonfinite=0
LINK queue/drop/high=1/0/4 tof=17999
TXDIAG frames_s=125 bytes_s=16984 total_frames=3813 total_bytes=491192 queue=0 high=4 drops=0 bno_drop=0 partial=0 zero=0 write_calls=63990 max_write_us=0 free_heap=167716 min_free_heap=167716 usage_pct=18.43
BNO_TX kind=1 event=0 req=0 enq=0 drop=0 done=0 bytes=0
BNO_REPORT kind=1 report_id=0 interval_us=0 requested_hz=0.000 enable_ok=0 enable_fail=0 callback=0 switch=0 kind_convert=0 events=0 tx_req=0 tx_enq=0 tx_done=0 tx_drop=0 event_drop=0 reset_reconfig=0 effective_hz=0.000
BNO_TX kind=2 event=0 req=0 enq=0 drop=0 done=0 bytes=0
BNO_REPORT kind=2 report_id=0 interval_us=0 requested_hz=0.000 enable_ok=0 enable_fail=0 callback=0 switch=0 kind_convert=0 events=0 tx_req=0 tx_enq=0 tx_done=0 tx_drop=0 event_drop=0 reset_reconfig=0 effective_hz=0.000
BNO_TX kind=3 event=500 req=500 enq=500 drop=0 done=500 bytes=42000
BNO_REPORT kind=3 report_id=8 interval_us=20000 requested_hz=50.000 enable_ok=2 enable_fail=0 callback=1357 switch=1357 kind_convert=1357 events=1357 tx_req=500 tx_enq=500 tx_done=500 tx_drop=0 event_drop=0 reset_reconfig=1 effective_hz=50.015
BNO_TX kind=4 event=0 req=0 enq=0 drop=0 done=0 bytes=0
BNO_REPORT kind=4 report_id=0 interval_us=0 requested_hz=0.000 enable_ok=0 enable_fail=0 callback=0 switch=0 kind_convert=0 events=0 tx_req=0 tx_enq=0 tx_done=0 tx_drop=0 event_drop=0 reset_reconfig=0 effective_hz=0.000
BNO_TX kind=5 event=0 req=0 enq=0 drop=0 done=0 bytes=0
BNO_REPORT kind=5 report_id=0 interval_us=0 requested_hz=0.000 enable_ok=0 enable_fail=0 callback=0 switch=0 kind_convert=0 events=0 tx_req=0 tx_enq=0 tx_done=0 tx_drop=0 event_drop=0 reset_reconfig=0 effective_hz=0.000
DIAG state=FAULT dry=1 bno_ready=1 addr=0x4A init/reinit/poll=0/0/2814 event A/G/M=0/0/0 age_rx_us=4294967295/4294967295/4294967295
IMU cand/pair/call/ok=0/0/0/0 reject=0 dup/order/stale/dt/nonfinite/norm/queue=0/0/0/0/0/0/0 last_ok_age_us=4294967295 dt_us=0 align_samples=0 align_elapsed_us=0
HEALTH state=0 health=0 reason=imu_stale mount=0 imu_age_us=4294967295 imu_gaps=0 reversals=0 covariance=1 finite=1 gnss_age_us=244375057 tof_age_us=4294967295 obs=1
BNO_TS ACCEL events=0 unique=0 exact=1 overflow=0 dup=0 reverse=0 rollover=0 sensor_dt_us=0/0.00/0 rx_dt_us=0/0.00/0 pair_first=0/0 pair_last=0/0
BNO_TS GYRO events=0 unique=0 exact=1 overflow=0 dup=0 reverse=0 rollover=0 sensor_dt_us=0/0.00/0 rx_dt_us=0/0.00/0 pair_first=0/0 pair_last=0/0
BNO_TS MAG events=0 unique=0 exact=1 overflow=0 dup=0 reverse=0 rollover=0 sensor_dt_us=0/0.00/0 rx_dt_us=0/0.00/0 pair_first=0/0 pair_last=0/0
BNO_VEC ACCEL_SENSOR_AND_ESKF_INPUT events=0 nonfinite=0
BNO_VEC GYRO_SENSOR_AND_ESKF_INPUT events=0 nonfinite=0
BNO_VEC MAG_SENSOR events=0 nonfinite=0
LINK queue/drop/high=0/0/4 tof=18029
TXDIAG frames_s=123 bytes_s=16792 total_frames=3936 total_bytes=507968 queue=0 high=4 drops=0 bno_drop=0 partial=0 zero=0 write_calls=66370 max_write_us=0 free_heap=167716 min_free_heap=167716 usage_pct=18.22
BNO_TX kind=1 event=0 req=0 enq=0 drop=0 done=0 bytes=0
BNO_REPORT kind=1 report_id=0 interval_us=0 requested_hz=0.000 enable_ok=0 enable_fail=0 callback=0 switch=0 kind_convert=0 events=0 tx_req=0 tx_enq=0 tx_done=0 tx_drop=0 event_drop=0 reset_reconfig=0 effective_hz=0.000
BNO_TX kind=2 event=0 req=0 enq=0 drop=0 done=0 bytes=0
BNO_REPORT kind=2 report_id=0 interval_us=0 requested_hz=0.000 enable_ok=0 enable_fail=0 callback=0 switch=0 kind_convert=0 events=0 tx_req=0 tx_enq=0 tx_done=0 tx_drop=0 event_drop=0 reset_reconfig=0 effective_hz=0.000
BNO_TX kind=3 event=500 req=500 enq=500 drop=0 done=500 bytes=42000
BNO_REPORT kind=3 report_id=8 interval_us=20000 requested_hz=50.000 enable_ok=2 enable_fail=0 callback=1407 switch=1407 kind_convert=1407 events=1407 tx_req=500 tx_enq=500 tx_done=500 tx_drop=0 event_drop=0 reset_reconfig=1 effective_hz=50.014
BNO_TX kind=4 event=0 req=0 enq=0 drop=0 done=0 bytes=0
BNO_REPORT kind=4 report_id=0 interval_us=0 requested_hz=0.000 enable_ok=0 enable_fail=0 callback=0 switch=0 kind_convert=0 events=0 tx_req=0 tx_enq=0 tx_done=0 tx_drop=0 event_drop=0 reset_reconfig=0 effective_hz=0.000
BNO_TX kind=5 event=0 req=0 enq=0 drop=0 done=0 bytes=0
BNO_REPORT kind=5 report_id=0 interval_us=0 requested_hz=0.000 enable_ok=0 enable_fail=0 callback=0 switch=0 kind_convert=0 events=0 tx_req=0 tx_enq=0 tx_done=0 tx_drop=0 event_drop=0 reset_reconfig=0 effective_hz=0.000
DIAG state=FAULT dry=1 bno_ready=1 addr=0x4A init/reinit/poll=0/0/2916 event A/G/M=0/0/0 age_rx_us=4294967295/4294967295/4294967295
IMU cand/pair/call/ok=0/0/0/0 reject=0 dup/order/stale/dt/nonfinite/norm/queue=0/0/0/0/0/0/0 last_ok_age_us=4294967295 dt_us=0 align_samples=0 align_elapsed_us=0
HEALTH state=0 health=0 reason=imu_stale mount=0 imu_age_us=4294967295 imu_gaps=0 reversals=0 covariance=1 finite=1 gnss_age_us=245386696 tof_age_us=4294967295 obs=1
BNO_TS ACCEL events=0 unique=0 exact=1 overflow=0 dup=0 reverse=0 rollover=0 sensor_dt_us=0/0.00/0 rx_dt_us=0/0.00/0 pair_first=0/0 pair_last=0/0
BNO_TS GYRO events=0 unique=0 exact=1 overflow=0 dup=0 reverse=0 rollover=0 sensor_dt_us=0/0.00/0 rx_dt_us=0/0.00/0 pair_first=0/0 pair_last=0/0
BNO_TS MAG events=0 unique=0 exact=1 overflow=0 dup=0 reverse=0 rollover=0 sensor_dt_us=0/0.00/0 rx_dt_us=0/0.00/0 pair_first=0/0 pair_last=0/0
BNO_VEC ACCEL_SENSOR_AND_ESKF_INPUT events=0 nonfinite=0
BNO_VEC GYRO_SENSOR_AND_ESKF_INPUT events=0 nonfinite=0
BNO_VEC MAG_SENSOR events=0 nonfinite=0
LINK queue/drop/high=1/0/4 tof=18060
TXDIAG frames_s=123 bytes_s=16894 total_frames=4061 total_bytes=525048 queue=0 high=4 drops=0 bno_drop=0 partial=0 zero=0 write_calls=68664 max_write_us=0 free_heap=167716 min_free_heap=167716 usage_pct=18.33
BNO_TX kind=1 event=0 req=0 enq=0 drop=0 done=0 bytes=0
BNO_REPORT kind=1 report_id=0 interval_us=0 requested_hz=0.000 enable_ok=0 enable_fail=0 callback=0 switch=0 kind_convert=0 events=0 tx_req=0 tx_enq=0 tx_done=0 tx_drop=0 event_drop=0 reset_reconfig=0 effective_hz=0.000
BNO_TX kind=2 event=0 req=0 enq=0 drop=0 done=0 bytes=0
BNO_REPORT kind=2 report_id=0 interval_us=0 requested_hz=0.000 enable_ok=0 enable_fail=0 callback=0 switch=0 kind_convert=0 events=0 tx_req=0 tx_enq=0 tx_done=0 tx_drop=0 event_drop=0 reset_reconfig=0 effective_hz=0.000
BNO_TX kind=3 event=500 req=500 enq=500 drop=0 done=500 bytes=42000
BNO_REPORT kind=3 report_id=8 interval_us=20000 requested_hz=50.000 enable_ok=2 enable_fail=0 callback=1458 switch=1458 kind_convert=1458 events=1458 tx_req=500 tx_enq=500 tx_done=500 tx_drop=0 event_drop=0 reset_reconfig=1 effective_hz=50.015
BNO_TX kind=4 event=0 req=0 enq=0 drop=0 done=0 bytes=0
BNO_REPORT kind=4 report_id=0 interval_us=0 requested_hz=0.000 enable_ok=0 enable_fail=0 callback=0 switch=0 kind_convert=0 events=0 tx_req=0 tx_enq=0 tx_done=0 tx_drop=0 event_drop=0 reset_reconfig=0 effective_hz=0.000
BNO_TX kind=5 event=0 req=0 enq=0 drop=0 done=0 bytes=0
BNO_REPORT kind=5 report_id=0 interval_us=0 requested_hz=0.000 enable_ok=0 enable_fail=0 callback=0 switch=0 kind_convert=0 events=0 tx_req=0 tx_enq=0 tx_done=0 tx_drop=0 event_drop=0 reset_reconfig=0 effective_hz=0.000
DIAG state=FAULT dry=1 bno_ready=1 addr=0x4A init/reinit/poll=0/0/3016 event A/G/M=0/0/0 age_rx_us=4294967295/4294967295/4294967295
IMU cand/pair/call/ok=0/0/0/0 reject=0 dup/order/stale/dt/nonfinite/norm/queue=0/0/0/0/0/0/0 last_ok_age_us=4294967295 dt_us=0 align_samples=0 align_elapsed_us=0
HEALTH state=0 health=0 reason=imu_stale mount=0 imu_age_us=4294967295 imu_gaps=0 reversals=0 covariance=1 finite=1 gnss_age_us=246385981 tof_age_us=4294967295 obs=1
BNO_TS ACCEL events=0 unique=0 exact=1 overflow=0 dup=0 reverse=0 rollover=0 sensor_dt_us=0/0.00/0 rx_dt_us=0/0.00/0 pair_first=0/0 pair_last=0/0
BNO_TS GYRO events=0 unique=0 exact=1 overflow=0 dup=0 reverse=0 rollover=0 sensor_dt_us=0/0.00/0 rx_dt_us=0/0.00/0 pair_first=0/0 pair_last=0/0
BNO_TS MAG events=0 unique=0 exact=1 overflow=0 dup=0 reverse=0 rollover=0 sensor_dt_us=0/0.00/0 rx_dt_us=0/0.00/0 pair_first=0/0 pair_last=0/0
BNO_VEC ACCEL_SENSOR_AND_ESKF_INPUT events=0 nonfinite=0
BNO_VEC GYRO_SENSOR_AND_ESKF_INPUT events=0 nonfinite=0
BNO_VEC MAG_SENSOR events=0 nonfinite=0
LINK queue/drop/high=0/0/4 tof=18090
TXDIAG frames_s=121 bytes_s=16671 total_frames=4183 total_bytes=541736 queue=0 high=4 drops=0 bno_drop=0 partial=0 zero=0 write_calls=70926 max_write_us=0 free_heap=167716 min_free_heap=167716 usage_pct=18.09
BNO_TX kind=1 event=0 req=0 enq=0 drop=0 done=0 bytes=0
BNO_REPORT kind=1 report_id=0 interval_us=0 requested_hz=0.000 enable_ok=0 enable_fail=0 callback=0 switch=0 kind_convert=0 events=0 tx_req=0 tx_enq=0 tx_done=0 tx_drop=0 event_drop=0 reset_reconfig=0 effective_hz=0.000
BNO_TX kind=2 event=0 req=0 enq=0 drop=0 done=0 bytes=0
BNO_REPORT kind=2 report_id=0 interval_us=0 requested_hz=0.000 enable_ok=0 enable_fail=0 callback=0 switch=0 kind_convert=0 events=0 tx_req=0 tx_enq=0 tx_done=0 tx_drop=0 event_drop=0 reset_reconfig=0 effective_hz=0.000
BNO_TX kind=3 event=500 req=500 enq=500 drop=0 done=500 bytes=42000
BNO_REPORT kind=3 report_id=8 interval_us=20000 requested_hz=50.000 enable_ok=2 enable_fail=0 callback=1508 switch=1508 kind_convert=1508 events=1508 tx_req=500 tx_enq=500 tx_done=500 tx_drop=0 event_drop=0 reset_reconfig=1 effective_hz=50.014
BNO_TX kind=4 event=0 req=0 enq=0 drop=0 done=0 bytes=0
BNO_REPORT kind=4 report_id=0 interval_us=0 requested_hz=0.000 enable_ok=0 enable_fail=0 callback=0 switch=0 kind_convert=0 events=0 tx_req=0 tx_enq=0 tx_done=0 tx_drop=0 event_drop=0 reset_reconfig=0 effective_hz=0.000
BNO_TX kind=5 event=0 req=0 enq=0 drop=0 done=0 bytes=0
BNO_REPORT kind=5 report_id=0 interval_us=0 requested_hz=0.000 enable_ok=0 enable_fail=0 callback=0 switch=0 kind_convert=0 events=0 tx_req=0 tx_enq=0 tx_done=0 tx_drop=0 event_drop=0 reset_reconfig=0 effective_hz=0.000
DIAG state=FAULT dry=1 bno_ready=1 addr=0x4A init/reinit/poll=0/0/3116 event A/G/M=0/0/0 age_rx_us=4294967295/4294967295/4294967295
IMU cand/pair/call/ok=0/0/0/0 reject=0 dup/order/stale/dt/nonfinite/norm/queue=0/0/0/0/0/0/0 last_ok_age_us=4294967295 dt_us=0 align_samples=0 align_elapsed_us=0
HEALTH state=0 health=0 reason=imu_stale mount=0 imu_age_us=4294967295 imu_gaps=0 reversals=0 covariance=1 finite=1 gnss_age_us=247391736 tof_age_us=4294967295 obs=1
BNO_TS ACCEL events=0 unique=0 exact=1 overflow=0 dup=0 reverse=0 rollover=0 sensor_dt_us=0/0.00/0 rx_dt_us=0/0.00/0 pair_first=0/0 pair_last=0/0
BNO_TS GYRO events=0 unique=0 exact=1 overflow=0 dup=0 reverse=0 rollover=0 sensor_dt_us=0/0.00/0 rx_dt_us=0/0.00/0 pair_first=0/0 pair_last=0/0
BNO_TS MAG events=0 unique=0 exact=1 overflow=0 dup=0 reverse=0 rollover=0 sensor_dt_us=0/0.00/0 rx_dt_us=0/0.00/0 pair_first=0/0 pair_last=0/0
BNO_VEC ACCEL_SENSOR_AND_ESKF_INPUT events=0 nonfinite=0
BNO_VEC GYRO_SENSOR_AND_ESKF_INPUT events=0 nonfinite=0
BNO_VEC MAG_SENSOR events=0 nonfinite=0
LINK queue/drop/high=1/0/4 tof=18121
TXDIAG frames_s=109 bytes_s=15641 total_frames=4293 total_bytes=557456 queue=1 high=4 drops=0 bno_drop=0 partial=0 zero=0 write_calls=73359 max_write_us=0 free_heap=167716 min_free_heap=167716 usage_pct=16.97
BNO_TX kind=1 event=0 req=0 enq=0 drop=0 done=0 bytes=0
BNO_REPORT kind=1 report_id=0 interval_us=0 requested_hz=0.000 enable_ok=0 enable_fail=0 callback=0 switch=0 kind_convert=0 events=0 tx_req=0 tx_enq=0 tx_done=0 tx_drop=0 event_drop=0 reset_reconfig=0 effective_hz=0.000
BNO_TX kind=2 event=0 req=0 enq=0 drop=0 done=0 bytes=0
BNO_REPORT kind=2 report_id=0 interval_us=0 requested_hz=0.000 enable_ok=0 enable_fail=0 callback=0 switch=0 kind_convert=0 events=0 tx_req=0 tx_enq=0 tx_done=0 tx_drop=0 event_drop=0 reset_reconfig=0 effective_hz=0.000
BNO_TX kind=3 event=500 req=500 enq=500 drop=0 done=500 bytes=42000
BNO_REPORT kind=3 report_id=8 interval_us=20000 requested_hz=50.000 enable_ok=2 enable_fail=0 callback=1558 switch=1558 kind_convert=1558 events=1558 tx_req=500 tx_enq=500 tx_done=500 tx_drop=0 event_drop=0 reset_reconfig=1 effective_hz=50.014
BNO_TX kind=4 event=0 req=0 enq=0 drop=0 done=0 bytes=0
BNO_REPORT kind=4 report_id=0 interval_us=0 requested_hz=0.000 enable_ok=0 enable_fail=0 callback=0 switch=0 kind_convert=0 events=0 tx_req=0 tx_enq=0 tx_done=0 tx_drop=0 event_drop=0 reset_reconfig=0 effective_hz=0.000
BNO_TX kind=5 event=0 req=0 enq=0 drop=0 done=0 bytes=0
BNO_REPORT kind=5 report_id=0 interval_us=0 requested_hz=0.000 enable_ok=0 enable_fail=0 callback=0 switch=0 kind_convert=0 events=0 tx_req=0 tx_enq=0 tx_done=0 tx_drop=0 event_drop=0 reset_reconfig=0 effective_hz=0.000
