DIAG state=FAULT dry=1 bno_ready=1 addr=0x4A init/reinit/poll=1/0/62302 event A/G/M=44436/35177/8794 age_rx_us=7146/3284/18202
IMU cand/pair/call/ok=35177/35177/35177/35176 reject=1 dup/order/stale/dt/nonfinite/norm/queue=0/0/0/1/0/0/0 last_ok_age_us=3284 dt_us=6973 align_samples=200 align_elapsed_us=2004079
HEALTH state=2 health=1 reason=mount_unvalidated mount=0 imu_age_us=3284 imu_gaps=0 reversals=0 covariance=1 finite=1 gnss_age_us=343169693 tof_age_us=4294967295 obs=1
BNO_TS ACCEL events=44436 unique=110 exact=1 overflow=0 dup=1491 reverse=22111 rollover=0 sensor_dt_us=-9500/0.03/8500 rx_dt_us=8/7914.19/20716 pair_first=4294963096/3870000 pair_last=4294964596/355537224
BNO_TS GYRO events=35177 unique=91 exact=1 overflow=0 dup=2457 reverse=15282 rollover=0 sensor_dt_us=-10000/0.03/10000 rx_dt_us=42/9997.47/23234 pair_first=4294963096/3870042 pair_last=4294964196/355541086
BNO_TS MAG events=8794 unique=102 exact=1 overflow=0 dup=486 reverse=4118 rollover=0 sensor_dt_us=-9900/-0.10/9800 rx_dt_us=28734/39992.74/56985 pair_first=4294963096/3870033 pair_last=4294962196/355526168
BNO_VEC ACCEL_SENSOR_AND_ESKF_INPUT events=44436 nonfinite=0 xyz_mean_sd=[-0.272188,0.007222][-0.843058,0.013476][-9.800632,0.022432] xyz_minmax=[-0.312500,-0.238281][-0.882812,-0.808594][-9.894531,-9.734375] norm_mean_sd_minmax=9.840603/0.022379/9.775037/9.933632
BNO_VEC GYRO_SENSOR_AND_ESKF_INPUT events=35177 nonfinite=0 xyz_mean_sd=[0.000005,0.000476][0.000010,0.000325][0.000010,0.000280] xyz_minmax=[-0.009766,0.007812][-0.005859,0.003906][-0.005859,0.005859] norm_mean_sd_minmax=0.000103/0.000633/0.000000/0.009766
BNO_VEC MAG_SENSOR events=8794 nonfinite=0 xyz_mean_sd=[6.952304,0.538108][-22.121518,0.741932][21.944927,0.749359] xyz_minmax=[4.750000,9.312500][-24.750000,-19.250000][18.750000,24.500000] norm_mean_sd_minmax=31.938843/0.766632/29.205496/34.454906
LINK queue/drop/high=0/0/4 tof=10676
TXDIAG frames_s=131 bytes_s=17419 total_frames=46647 total_bytes=6226828 queue=0 high=4 drops=0 bno_drop=0 partial=0 zero=0 write_calls=883759 max_write_us=0 free_heap=166668 min_free_heap=166668 usage_pct=18.90
BNO_TX kind=1 event=0 req=0 enq=0 drop=0 done=0 bytes=0
BNO_REPORT kind=1 report_id=1 interval_us=10000 requested_hz=100.000 enable_ok=2 enable_fail=0 callback=44460 switch=44436 kind_convert=44436 events=44436 tx_req=0 tx_enq=0 tx_done=0 tx_drop=0 event_drop=0 reset_reconfig=1 effective_hz=126.355
BNO_TX kind=2 event=0 req=0 enq=0 drop=0 done=0 bytes=0
BNO_REPORT kind=2 report_id=2 interval_us=10000 requested_hz=100.000 enable_ok=2 enable_fail=0 callback=35181 switch=35177 kind_convert=35177 events=35177 tx_req=0 tx_enq=0 tx_done=0 tx_drop=0 event_drop=0 reset_reconfig=1 effective_hz=100.025
BNO_TX kind=3 event=0 req=0 enq=0 drop=0 done=0 bytes=0
BNO_REPORT kind=3 report_id=8 interval_us=20000 requested_hz=50.000 enable_ok=2 enable_fail=0 callback=17590 switch=17588 kind_convert=17588 events=17588 tx_req=0 tx_enq=0 tx_done=0 tx_drop=0 event_drop=0 reset_reconfig=1 effective_hz=50.012
BNO_TX kind=4 event=0 req=0 enq=0 drop=0 done=0 bytes=0
BNO_REPORT kind=4 report_id=3 interval_us=50000 requested_hz=20.000 enable_ok=2 enable_fail=0 callback=8795 switch=8794 kind_convert=8794 events=8794 tx_req=0 tx_enq=0 tx_done=0 tx_drop=0 event_drop=0 reset_reconfig=1 effective_hz=25.005
BNO_TX kind=5 event=0 req=0 enq=0 drop=0 done=0 bytes=0
BNO_REPORT kind=5 report_id=4 interval_us=20000 requested_hz=50.000 enable_ok=2 enable_fail=0 callback=17590 switch=17589 kind_convert=17589 events=17589 tx_req=0 tx_enq=0 tx_done=0 tx_drop=0 event_drop=0 reset_reconfig=1 effective_hz=50.012
DIAG state=FAULT dry=1 bno_ready=1 addr=0x4A init/reinit/poll=1/0/62478 event A/G/M=44564/35278/8819 age_rx_us=6268/2071/27509
IMU cand/pair/call/ok=35278/35278/35278/35277 reject=1 dup/order/stale/dt/nonfinite/norm/queue=0/0/0/1/0/0/0 last_ok_age_us=2071 dt_us=12228 align_samples=200 align_elapsed_us=2004079
HEALTH state=2 health=1 reason=mount_unvalidated mount=0 imu_age_us=2071 imu_gaps=0 reversals=0 covariance=1 finite=1 gnss_age_us=343171664 tof_age_us=4294967295 obs=1
BNO_TS ACCEL events=44564 unique=110 exact=1 overflow=0 dup=1493 reverse=22180 rollover=0 sensor_dt_us=-9500/0.06/8500 rx_dt_us=8/7914.15/20716 pair_first=4294963096/3870000 pair_last=4294965896/356548075
BNO_TS GYRO events=35278 unique=91 exact=1 overflow=0 dup=2465 reverse=15318 rollover=0 sensor_dt_us=-10000/0.03/10000 rx_dt_us=42/9997.51/23234 pair_first=4294963096/3870042 pair_last=4294964096/356552272
BNO_TS MAG events=8819 unique=102 exact=1 overflow=0 dup=486 reverse=4128 rollover=0 sensor_dt_us=-9900/-0.31/9800 rx_dt_us=28734/39992.83/56985 pair_first=4294963096/3870033 pair_last=4294960396/356526834
BNO_VEC ACCEL_SENSOR_AND_ESKF_INPUT events=44564 nonfinite=0 xyz_mean_sd=[-0.272189,0.007221][-0.843051,0.013483][-9.800633,0.022428] xyz_minmax=[-0.312500,-0.238281][-0.882812,-0.808594][-9.894531,-9.734375] norm_mean_sd_minmax=9.840603/0.022375/9.775037/9.933632
BNO_VEC GYRO_SENSOR_AND_ESKF_INPUT events=35278 nonfinite=0 xyz_mean_sd=[0.000005,0.000475][0.000010,0.000325][0.000010,0.000280] xyz_minmax=[-0.009766,0.007812][-0.005859,0.003906][-0.005859,0.005859] norm_mean_sd_minmax=0.000103/0.000632/0.000000/0.009766
BNO_VEC MAG_SENSOR events=8819 nonfinite=0 xyz_mean_sd=[6.952921,0.538132][-22.121095,0.741404][21.945338,0.749000] xyz_minmax=[4.750000,9.312500][-24.750000,-19.250000][18.750000,24.500000] norm_mean_sd_minmax=31.938960/0.766100/29.205496/34.454906
LINK queue/drop/high=1/0/4 tof=10707
TXDIAG frames_s=131 bytes_s=17649 total_frames=46780 total_bytes=6244672 queue=0 high=4 drops=0 bno_drop=0 partial=0 zero=0 write_calls=886252 max_write_us=0 free_heap=166668 min_free_heap=166668 usage_pct=19.15
BNO_TX kind=1 event=0 req=0 enq=0 drop=0 done=0 bytes=0
BNO_REPORT kind=1 report_id=1 interval_us=10000 requested_hz=100.000 enable_ok=2 enable_fail=0 callback=44588 switch=44564 kind_convert=44564 events=44564 tx_req=0 tx_enq=0 tx_done=0 tx_drop=0 event_drop=0 reset_reconfig=1 effective_hz=126.356
BNO_TX kind=2 event=0 req=0 enq=0 drop=0 done=0 bytes=0
BNO_REPORT kind=2 report_id=2 interval_us=10000 requested_hz=100.000 enable_ok=2 enable_fail=0 callback=35282 switch=35278 kind_convert=35278 events=35278 tx_req=0 tx_enq=0 tx_done=0 tx_drop=0 event_drop=0 reset_reconfig=1 effective_hz=100.025
BNO_TX kind=3 event=0 req=0 enq=0 drop=0 done=0 bytes=0
BNO_REPORT kind=3 report_id=8 interval_us=20000 requested_hz=50.000 enable_ok=2 enable_fail=0 callback=17641 switch=17639 kind_convert=17639 events=17639 tx_req=0 tx_enq=0 tx_done=0 tx_drop=0 event_drop=0 reset_reconfig=1 effective_hz=50.012
BNO_TX kind=4 event=0 req=0 enq=0 drop=0 done=0 bytes=0
BNO_REPORT kind=4 report_id=3 interval_us=50000 requested_hz=20.000 enable_ok=2 enable_fail=0 callback=8821 switch=8819 kind_convert=8819 events=8819 tx_req=0 tx_enq=0 tx_done=0 tx_drop=0 event_drop=0 reset_reconfig=1 effective_hz=25.004
BNO_TX kind=5 event=0 req=0 enq=0 drop=0 done=0 bytes=0
BNO_REPORT kind=5 report_id=4 interval_us=20000 requested_hz=50.000 enable_ok=2 enable_fail=0 callback=17640 switch=17638 kind_convert=17638 events=17638 tx_req=0 tx_enq=0 tx_done=0 tx_drop=0 event_drop=0 reset_reconfig=1 effective_hz=50.012
DIAG state=FAULT dry=1 bno_ready=1 addr=0x4A init/reinit/poll=1/0/62652 event A/G/M=44690/35377/8844 age_rx_us=7125/12195/25858
IMU cand/pair/call/ok=35377/35377/35377/35376 reject=1 dup/order/stale/dt/nonfinite/norm/queue=0/0/0/1/0/0/0 last_ok_age_us=12195 dt_us=8012 align_samples=200 align_elapsed_us=2004079
HEALTH state=2 health=1 reason=mount_unvalidated mount=0 imu_age_us=12195 imu_gaps=0 reversals=0 covariance=1 finite=1 gnss_age_us=343158664 tof_age_us=4294967295 obs=1
BNO_TS ACCEL events=44690 unique=110 exact=1 overflow=0 dup=1496 reverse=22240 rollover=0 sensor_dt_us=-9500/0.05/8500 rx_dt_us=8/7914.19/20716 pair_first=4294963096/3870000 pair_last=4294965496/357547254
BNO_TS GYRO events=35377 unique=91 exact=1 overflow=0 dup=2471 reverse=15365 rollover=0 sensor_dt_us=-10000/0.02/10000 rx_dt_us=42/9997.52/23234 pair_first=4294963096/3870042 pair_last=4294963896/357542184
BNO_TS MAG events=8844 unique=102 exact=1 overflow=0 dup=487 reverse=4141 rollover=0 sensor_dt_us=-9900/-0.25/9800 rx_dt_us=28734/39993.04/56985 pair_first=4294963096/3870033 pair_last=4294960896/357528521
BNO_VEC ACCEL_SENSOR_AND_ESKF_INPUT events=44690 nonfinite=0 xyz_mean_sd=[-0.272193,0.007216][-0.843048,0.013487][-9.800629,0.022432] xyz_minmax=[-0.312500,-0.238281][-0.882812,-0.808594][-9.894531,-9.734375] norm_mean_sd_minmax=9.840599/0.022379/9.775037/9.933632
BNO_VEC GYRO_SENSOR_AND_ESKF_INPUT events=35377 nonfinite=0 xyz_mean_sd=[0.000005,0.000474][0.000010,0.000324][0.000010,0.000279] xyz_minmax=[-0.009766,0.007812][-0.005859,0.003906][-0.005859,0.005859] norm_mean_sd_minmax=0.000103/0.000631/0.000000/0.009766
BNO_VEC MAG_SENSOR events=8844 nonfinite=0 xyz_mean_sd=[6.953259,0.538634][-22.121134,0.741021][21.945585,0.748822] xyz_minmax=[4.750000,9.312500][-24.750000,-19.250000][18.750000,24.500000] norm_mean_sd_minmax=31.939234/0.765759/29.205496/34.454906
LINK queue/drop/high=0/0/4 tof=10737
TXDIAG frames_s=133 bytes_s=17749 total_frames=46913 total_bytes=6262404 queue=0 high=4 drops=0 bno_drop=0 partial=0 zero=0 write_calls=889220 max_write_us=0 free_heap=166668 min_free_heap=166668 usage_pct=19.26
BNO_TX kind=1 event=0 req=0 enq=0 drop=0 done=0 bytes=0
BNO_REPORT kind=1 report_id=1 interval_us=10000 requested_hz=100.000 enable_ok=2 enable_fail=0 callback=44714 switch=44690 kind_convert=44690 events=44690 tx_req=0 tx_enq=0 tx_done=0 tx_drop=0 event_drop=0 reset_reconfig=1 effective_hz=126.355
BNO_TX kind=2 event=0 req=0 enq=0 drop=0 done=0 bytes=0
BNO_REPORT kind=2 report_id=2 interval_us=10000 requested_hz=100.000 enable_ok=2 enable_fail=0 callback=35382 switch=35377 kind_convert=35377 events=35377 tx_req=0 tx_enq=0 tx_done=0 tx_drop=0 event_drop=0 reset_reconfig=1 effective_hz=100.025
BNO_TX kind=3 event=0 req=0 enq=0 drop=0 done=0 bytes=0
BNO_REPORT kind=3 report_id=8 interval_us=20000 requested_hz=50.000 enable_ok=2 enable_fail=0 callback=17691 switch=17689 kind_convert=17689 events=17689 tx_req=0 tx_enq=0 tx_done=0 tx_drop=0 event_drop=0 reset_reconfig=1 effective_hz=50.012
BNO_TX kind=4 event=0 req=0 enq=0 drop=0 done=0 bytes=0
BNO_REPORT kind=4 report_id=3 interval_us=50000 requested_hz=20.000 enable_ok=2 enable_fail=0 callback=8845 switch=8844 kind_convert=8844 events=8844 tx_req=0 tx_enq=0 tx_done=0 tx_drop=0 event_drop=0 reset_reconfig=1 effective_hz=25.004
BNO_TX kind=5 event=0 req=0 enq=0 drop=0 done=0 bytes=0
BNO_REPORT kind=5 report_id=4 interval_us=20000 requested_hz=50.000 enable_ok=2 enable_fail=0 callback=17690 switch=17688 kind_convert=17688 events=17688 tx_req=0 tx_enq=0 tx_done=0 tx_drop=0 event_drop=0 reset_reconfig=1 effective_hz=50.012
DIAG state=FAULT dry=1 bno_ready=1 addr=0x4A init/reinit/poll=1/0/62825 event A/G/M=44818/35478/8869 age_rx_us=2600/13224/33358
IMU cand/pair/call/ok=35478/35478/35478/35477 reject=1 dup/order/stale/dt/nonfinite/norm/queue=0/0/0/1/0/0/0 last_ok_age_us=13224 dt_us=3915 align_samples=200 align_elapsed_us=2004079
HEALTH state=2 health=1 reason=mount_unvalidated mount=0 imu_age_us=13224 imu_gaps=0 reversals=0 covariance=1 finite=1 gnss_age_us=343255351 tof_age_us=4294967295 obs=1
BNO_TS ACCEL events=44818 unique=110 exact=1 overflow=0 dup=1497 reverse=22305 rollover=0 sensor_dt_us=-9500/0.04/8500 rx_dt_us=8/7914.18/20716 pair_first=4294963096/3870000 pair_last=4294964996/358559711
BNO_TS GYRO events=35478 unique=91 exact=1 overflow=0 dup=2475 reverse=15412 rollover=0 sensor_dt_us=-10000/0.05/10000 rx_dt_us=42/9997.44/23234 pair_first=4294963096/3870042 pair_last=4294964796/358549087
BNO_TS MAG events=8869 unique=102 exact=1 overflow=0 dup=487 reverse=4155 rollover=0 sensor_dt_us=-9900/-0.60/9800 rx_dt_us=28734/39993.11/56985 pair_first=4294963096/3870033 pair_last=4294957796/358528953
BNO_VEC ACCEL_SENSOR_AND_ESKF_INPUT events=44818 nonfinite=0 xyz_mean_sd=[-0.272197,0.007210][-0.843049,0.013487][-9.800621,0.022437] xyz_minmax=[-0.312500,-0.238281][-0.882812,-0.808594][-9.894531,-9.734375] norm_mean_sd_minmax=9.840591/0.022385/9.775037/9.933632
BNO_VEC GYRO_SENSOR_AND_ESKF_INPUT events=35478 nonfinite=0 xyz_mean_sd=[0.000005,0.000474][0.000010,0.000324][0.000010,0.000279] xyz_minmax=[-0.009766,0.007812][-0.005859,0.003906][-0.005859,0.005859] norm_mean_sd_minmax=0.000102/0.000630/0.000000/0.009766
BNO_VEC MAG_SENSOR events=8869 nonfinite=0 xyz_mean_sd=[6.953398,0.538441][-22.121145,0.740301][21.946337,0.748616] xyz_minmax=[4.750000,9.312500][-24.750000,-19.250000][18.750000,24.500000] norm_mean_sd_minmax=31.939775/0.765297/29.205496/34.454906
LINK queue/drop/high=1/0/4 tof=10768
TXDIAG frames_s=133 bytes_s=17833 total_frames=47048 total_bytes=6280416 queue=0 high=4 drops=0 bno_drop=0 partial=0 zero=0 write_calls=892232 max_write_us=0 free_heap=166668 min_free_heap=166668 usage_pct=19.35
BNO_TX kind=1 event=0 req=0 enq=0 drop=0 done=0 bytes=0
BNO_REPORT kind=1 report_id=1 interval_us=10000 requested_hz=100.000 enable_ok=2 enable_fail=0 callback=44842 switch=44818 kind_convert=44818 events=44818 tx_req=0 tx_enq=0 tx_done=0 tx_drop=0 event_drop=0 reset_reconfig=1 effective_hz=126.356
BNO_TX kind=2 event=0 req=0 enq=0 drop=0 done=0 bytes=0
BNO_REPORT kind=2 report_id=2 interval_us=10000 requested_hz=100.000 enable_ok=2 enable_fail=0 callback=35482 switch=35479 kind_convert=35479 events=35479 tx_req=0 tx_enq=0 tx_done=0 tx_drop=0 event_drop=0 reset_reconfig=1 effective_hz=100.024
BNO_TX kind=3 event=0 req=0 enq=0 drop=0 done=0 bytes=0
BNO_REPORT kind=3 report_id=8 interval_us=20000 requested_hz=50.000 enable_ok=2 enable_fail=0 callback=17741 switch=17740 kind_convert=17740 events=17740 tx_req=0 tx_enq=0 tx_done=0 tx_drop=0 event_drop=0 reset_reconfig=1 effective_hz=50.012
BNO_TX kind=4 event=0 req=0 enq=0 drop=0 done=0 bytes=0
BNO_REPORT kind=4 report_id=3 interval_us=50000 requested_hz=20.000 enable_ok=2 enable_fail=0 callback=8871 switch=8870 kind_convert=8870 events=8870 tx_req=0 tx_enq=0 tx_done=0 tx_drop=0 event_drop=0 reset_reconfig=1 effective_hz=25.005
BNO_TX kind=5 event=0 req=0 enq=0 drop=0 done=0 bytes=0
BNO_REPORT kind=5 report_id=4 interval_us=20000 requested_hz=50.000 enable_ok=2 enable_fail=0 callback=17741 switch=17740 kind_convert=17740 events=17740 tx_req=0 tx_enq=0 tx_done=0 tx_drop=0 event_drop=0 reset_reconfig=1 effective_hz=50.012
DIAG state=FAULT dry=1 bno_ready=1 addr=0x4A init/reinit/poll=1/0/63004 event A/G/M=44944/35579/8894 age_rx_us=8261/5287/35371
IMU cand/pair/call/ok=35579/35579/35579/35578 reject=1 dup/order/stale/dt/nonfinite/norm/queue=0/0/0/1/0/0/0 last_ok_age_us=5287 dt_us=8921 align_samples=200 align_elapsed_us=2004079
HEALTH state=2 health=1 reason=mount_unvalidated mount=0 imu_age_us=5287 imu_gaps=0 reversals=0 covariance=1 finite=1 gnss_age_us=343257681 tof_age_us=4294967295 obs=1
BNO_TS ACCEL events=44944 unique=110 exact=1 overflow=0 dup=1499 reverse=22370 rollover=0 sensor_dt_us=-9500/0.08/8500 rx_dt_us=8/7914.16/20716 pair_first=4294963096/3870000 pair_last=4294966596/359556117
BNO_TS GYRO events=35579 unique=91 exact=1 overflow=0 dup=2483 reverse=15458 rollover=0 sensor_dt_us=-10000/0.05/10000 rx_dt_us=42/9997.44/23234 pair_first=4294963096/3870042 pair_last=4294964796/359559091
BNO_TS MAG events=8894 unique=102 exact=1 overflow=0 dup=490 reverse=4166 rollover=0 sensor_dt_us=-9900/-0.64/9800 rx_dt_us=28734/39993.14/56985 pair_first=4294963096/3870033 pair_last=4294957396/359529007
BNO_VEC ACCEL_SENSOR_AND_ESKF_INPUT events=44944 nonfinite=0 xyz_mean_sd=[-0.272198,0.007210][-0.843045,0.013497][-9.800619,0.022434] xyz_minmax=[-0.312500,-0.238281][-0.882812,-0.808594][-9.894531,-9.734375] norm_mean_sd_minmax=9.840589/0.022382/9.775037/9.933632
BNO_VEC GYRO_SENSOR_AND_ESKF_INPUT events=35579 nonfinite=0 xyz_mean_sd=[0.000005,0.000473][0.000010,0.000323][0.000010,0.000278] xyz_minmax=[-0.009766,0.007812][-0.005859,0.003906][-0.005859,0.005859] norm_mean_sd_minmax=0.000102/0.000629/0.000000/0.009766
BNO_VEC MAG_SENSOR events=8894 nonfinite=0 xyz_mean_sd=[6.953093,0.538317][-22.121276,0.740459][21.946923,0.748462] xyz_minmax=[4.750000,9.312500][-24.750000,-19.250000][18.750000,24.500000] norm_mean_sd_minmax=31.940212/0.764812/29.205496/34.454906
LINK queue/drop/high=1/0/4 tof=10798
TXDIAG frames_s=130 bytes_s=17450 total_frames=47179 total_bytes=6297884 queue=0 high=4 drops=0 bno_drop=0 partial=0 zero=0 write_calls=894830 max_write_us=0 free_heap=166668 min_free_heap=166668 usage_pct=18.93
BNO_TX kind=1 event=0 req=0 enq=0 drop=0 done=0 bytes=0
BNO_REPORT kind=1 report_id=1 interval_us=10000 requested_hz=100.000 enable_ok=2 enable_fail=0 callback=44968 switch=44945 kind_convert=44945 events=44945 tx_req=0 tx_enq=0 tx_done=0 tx_drop=0 event_drop=0 reset_reconfig=1 effective_hz=126.355
BNO_TX kind=2 event=0 req=0 enq=0 drop=0 done=0 bytes=0
BNO_REPORT kind=2 report_id=2 interval_us=10000 requested_hz=100.000 enable_ok=2 enable_fail=0 callback=35583 switch=35580 kind_convert=35580 events=35580 tx_req=0 tx_enq=0 tx_done=0 tx_drop=0 event_drop=0 reset_reconfig=1 effective_hz=100.025
BNO_TX kind=3 event=0 req=0 enq=0 drop=0 done=0 bytes=0
BNO_REPORT kind=3 report_id=8 interval_us=20000 requested_hz=50.000 enable_ok=2 enable_fail=0 callback=17791 switch=17790 kind_convert=17790 events=17790 tx_req=0 tx_enq=0 tx_done=0 tx_drop=0 event_drop=0 reset_reconfig=1 effective_hz=50.012
BNO_TX kind=4 event=0 req=0 enq=0 drop=0 done=0 bytes=0
BNO_REPORT kind=4 report_id=3 interval_us=50000 requested_hz=20.000 enable_ok=2 enable_fail=0 callback=8896 switch=8895 kind_convert=8895 events=8895 tx_req=0 tx_enq=0 tx_done=0 tx_drop=0 event_drop=0 reset_reconfig=1 effective_hz=25.005
BNO_TX kind=5 event=0 req=0 enq=0 drop=0 done=0 bytes=0
BNO_REPORT kind=5 report_id=4 interval_us=20000 requested_hz=50.000 enable_ok=2 enable_fail=0 callback=17791 switch=17790 kind_convert=17790 events=17790 tx_req=0 tx_enq=0 tx_done=0 tx_drop=0 event_drop=0 reset_reconfig=1 effective_hz=50.012
DIAG state=FAULT dry=1 bno_ready=1 addr=0x4A init/reinit/poll=1/0/63187 event A/G/M=45072/35679/8920 age_rx_us=4130/13443/7052
IMU cand/pair/call/ok=35679/35679/35679/35678 reject=1 dup/order/stale/dt/nonfinite/norm/queue=0/0/0/1/0/0/0 last_ok_age_us=13443 dt_us=9647 align_samples=200 align_elapsed_us=2004079
HEALTH state=2 health=1 reason=mount_unvalidated mount=0 imu_age_us=13443 imu_gaps=0 reversals=0 covariance=1 finite=1 gnss_age_us=343267485 tof_age_us=4294967295 obs=1
BNO_TS ACCEL events=45072 unique=110 exact=1 overflow=0 dup=1506 reverse=22434 rollover=0 sensor_dt_us=-9500/0.02/8500 rx_dt_us=8/7914.14/20716 pair_first=4294963096/3870000 pair_last=4294964096/360568055
BNO_TS GYRO events=35679 unique=91 exact=1 overflow=0 dup=2486 reverse=15502 rollover=0 sensor_dt_us=-10000/0.05/10000 rx_dt_us=42/9997.44/23234 pair_first=4294963096/3870042 pair_last=4294964796/360558742
BNO_TS MAG events=8920 unique=102 exact=1 overflow=0 dup=491 reverse=4177 rollover=0 sensor_dt_us=-9900/-0.08/9800 rx_dt_us=28734/39992.72/56985 pair_first=4294963096/3870033 pair_last=4294962396/360565133
BNO_VEC ACCEL_SENSOR_AND_ESKF_INPUT events=45072 nonfinite=0 xyz_mean_sd=[-0.272199,0.007209][-0.843034,0.013510][-9.800612,0.022434] xyz_minmax=[-0.312500,-0.238281][-0.882812,-0.808594][-9.894531,-9.734375] norm_mean_sd_minmax=9.840580/0.022382/9.775037/9.933632
BNO_VEC GYRO_SENSOR_AND_ESKF_INPUT events=35679 nonfinite=0 xyz_mean_sd=[0.000005,0.000472][0.000010,0.000323][0.000010,0.000278] xyz_minmax=[-0.009766,0.007812][-0.005859,0.003906][-0.005859,0.005859] norm_mean_sd_minmax=0.000102/0.000628/0.000000/0.009766
BNO_VEC MAG_SENSOR events=8920 nonfinite=0 xyz_mean_sd=[6.953636,0.538455][-22.121924,0.740772][21.947225,0.748471] xyz_minmax=[4.750000,9.312500][-24.750000,-19.250000][18.750000,24.500000] norm_mean_sd_minmax=31.940984/0.765309/29.205496/34.454906
LINK queue/drop/high=1/0/4 tof=10829
TXDIAG frames_s=130 bytes_s=17502 total_frames=47311 total_bytes=6315544 queue=0 high=4 drops=0 bno_drop=0 partial=0 zero=0 write_calls=897333 max_write_us=0 free_heap=166668 min_free_heap=166668 usage_pct=18.99
BNO_TX kind=1 event=0 req=0 enq=0 drop=0 done=0 bytes=0
BNO_REPORT kind=1 report_id=1 interval_us=10000 requested_hz=100.000 enable_ok=2 enable_fail=0 callback=45096 switch=45072 kind_convert=45072 events=45072 tx_req=0 tx_enq=0 tx_done=0 tx_drop=0 event_drop=0 reset_reconfig=1 effective_hz=126.356
BNO_TX kind=2 event=0 req=0 enq=0 drop=0 done=0 bytes=0
BNO_REPORT kind=2 report_id=2 interval_us=10000 requested_hz=100.000 enable_ok=2 enable_fail=0 callback=35684 switch=35679 kind_convert=35679 events=35679 tx_req=0 tx_enq=0 tx_done=0 tx_drop=0 event_drop=0 reset_reconfig=1 effective_hz=100.026
BNO_TX kind=3 event=0 req=0 enq=0 drop=0 done=0 bytes=0
BNO_REPORT kind=3 report_id=8 interval_us=20000 requested_hz=50.000 enable_ok=2 enable_fail=0 callback=17842 switch=17840 kind_convert=17840 events=17840 tx_req=0 tx_enq=0 tx_done=0 tx_drop=0 event_drop=0 reset_reconfig=1 effective_hz=50.012
BNO_TX kind=4 event=0 req=0 enq=0 drop=0 done=0 bytes=0
BNO_REPORT kind=4 report_id=3 interval_us=50000 requested_hz=20.000 enable_ok=2 enable_fail=0 callback=8921 switch=8920 kind_convert=8920 events=8920 tx_req=0 tx_enq=0 tx_done=0 tx_drop=0 event_drop=0 reset_reconfig=1 effective_hz=25.005
BNO_TX kind=5 event=0 req=0 enq=0 drop=0 done=0 bytes=0
BNO_REPORT kind=5 report_id=4 interval_us=20000 requested_hz=50.000 enable_ok=2 enable_fail=0 callback=17841 switch=17840 kind_convert=17840 events=17840 tx_req=0 tx_enq=0 tx_done=0 tx_drop=0 event_drop=0 reset_reconfig=1 effective_hz=50.012
P1_START_ACK sequence=47426 first_sequence=47427 queued=1
P1_CAPTURE_STATS_RESET
TX_DIAG_RESET
BNO_FEATURE phase=snapshot point=after_all kind=1 report_id=1 status=0 request_us=361487614 response_us=361496759 requested_interval_us=10000 accepted_interval_us=8000 requested_hz=100.000 accepted_hz=125.000 flags=0x00 change_sensitivity=0 batch_interval_us=0 sensor_specific=0
BNO_FEATURE phase=snapshot point=after_all kind=2 report_id=2 status=0 request_us=361497623 response_us=361506734 requested_interval_us=10000 accepted_interval_us=10000 requested_hz=100.000 accepted_hz=100.000 flags=0x00 change_sensitivity=0 batch_interval_us=0 sensor_specific=0
BNO_FEATURE phase=snapshot point=after_all kind=3 report_id=8 status=0 request_us=361507624 response_us=361517807 requested_interval_us=20000 accepted_interval_us=20000 requested_hz=50.000 accepted_hz=50.000 flags=0x00 change_sensitivity=0 batch_interval_us=0 sensor_specific=0
BNO_FEATURE phase=snapshot point=after_all kind=4 report_id=3 status=0 request_us=361518629 response_us=361528740 requested_interval_us=50000 accepted_interval_us=40000 requested_hz=20.000 accepted_hz=25.000 flags=0x00 change_sensitivity=0 batch_interval_us=0 sensor_specific=0
BNO_FEATURE phase=snapshot point=after_all kind=5 report_id=4 status=0 request_us=361529622 response_us=361542223 requested_interval_us=20000 accepted_interval_us=20000 requested_hz=50.000 accepted_hz=50.000 flags=0x00 change_sensitivity=0 batch_interval_us=0 sensor_specific=0
DIAG state=FAULT dry=1 bno_ready=1 addr=0x4A init/reinit/poll=0/0/1 event A/G/M=9/8/2 age_rx_us=33717/23955/33783
IMU cand/pair/call/ok=35777/35777/35777/35775 reject=2 dup/order/stale/dt/nonfinite/norm/queue=0/0/0/2/0/0/0 last_ok_age_us=23955 dt_us=9781 align_samples=200 align_elapsed_us=2004079
HEALTH state=2 health=1 reason=mount_unvalidated mount=0 imu_age_us=23955 imu_gaps=0 reversals=0 covariance=1 finite=1 gnss_age_us=344267355 tof_age_us=4294967295 obs=1
BNO_TS ACCEL events=9 unique=8 exact=1 overflow=0 dup=0 reverse=5 rollover=0 sensor_dt_us=-5200/137.50/8600 rx_dt_us=9/8175.62/14796 pair_first=4294964996/361472933 pair_last=4294966096/361538338
BNO_TS GYRO events=8 unique=7 exact=1 overflow=0 dup=0 reverse=5 rollover=0 sensor_dt_us=-7800/14.29/9500 rx_dt_us=49/10020.71/21125 pair_first=4294958596/361477955 pair_last=4294958696/361548100
BNO_TS MAG events=2 unique=2 exact=1 overflow=0 dup=0 reverse=1 rollover=0 sensor_dt_us=-6200/-6200.00/-6200 rx_dt_us=45503/45503.00/45503 pair_first=4294959296/361492769 pair_last=4294953096/361538272
BNO_VEC ACCEL_SENSOR_AND_ESKF_INPUT events=9 nonfinite=0 xyz_mean_sd=[-0.277778,0.012276][-0.843316,0.012276][-9.797309,0.020542] xyz_minmax=[-0.312500,-0.273438][-0.847656,-0.808594][-9.816406,-9.773438] norm_mean_sd_minmax=9.837474/0.020935/9.813937/9.856730
BNO_VEC GYRO_SENSOR_AND_ESKF_INPUT events=8 nonfinite=0 xyz_mean_sd=[0.000000,0.000000][0.000000,0.000000][0.000000,0.000000] xyz_minmax=[0.000000,0.000000][0.000000,0.000000][0.000000,0.000000] norm_mean_sd_minmax=0.000000/0.000000/0.000000/0.000000
BNO_VEC MAG_SENSOR events=2 nonfinite=0 xyz_mean_sd=[6.843750,0.843750][-21.593750,1.156250][22.375000,0.000000] xyz_minmax=[6.000000,7.687500][-22.750000,-20.437500][22.375000,22.375000] norm_mean_sd_minmax=31.866183/0.602311/31.263872/32.468494
LINK queue/drop/high=3/0/6 tof=10859
TXDIAG frames_s=37000 bytes_s=3544000 total_frames=37 total_bytes=3544 queue=4 high=6 drops=0 bno_drop=0 partial=0 zero=0 write_calls=1074 max_write_us=0 free_heap=166668 min_free_heap=166668 usage_pct=3845.49
BNO_TX kind=1 event=11 req=11 enq=11 drop=0 done=11 bytes=924
BNO_REPORT kind=1 report_id=1 interval_us=10000 requested_hz=100.000 enable_ok=2 enable_fail=0 callback=10 switch=11 kind_convert=11 events=11 tx_req=11 tx_enq=11 tx_done=11 tx_drop=0 event_drop=0 reset_reconfig=1 effective_hz=123.723
BNO_TX kind=2 event=9 req=9 enq=9 drop=0 done=9 bytes=756
BNO_REPORT kind=2 report_id=2 interval_us=10000 requested_hz=100.000 enable_ok=2 enable_fail=0 callback=9 switch=9 kind_convert=9 events=9 tx_req=9 tx_enq=9 tx_done=9 tx_drop=0 event_drop=0 reset_reconfig=1 effective_hz=105.512
BNO_TX kind=3 event=4 req=4 enq=4 drop=0 done=4 bytes=336
BNO_REPORT kind=3 report_id=8 interval_us=20000 requested_hz=50.000 enable_ok=2 enable_fail=0 callback=4 switch=4 kind_convert=4 events=4 tx_req=4 tx_enq=4 tx_done=4 tx_drop=0 event_drop=0 reset_reconfig=1 effective_hz=45.565
BNO_TX kind=4 event=2 req=2 enq=2 drop=0 done=2 bytes=168
BNO_REPORT kind=4 report_id=3 interval_us=50000 requested_hz=20.000 enable_ok=2 enable_fail=0 callback=2 switch=2 kind_convert=2 events=2 tx_req=2 tx_enq=2 tx_done=2 tx_drop=0 event_drop=0 reset_reconfig=1 effective_hz=21.977
BNO_TX kind=5 event=5 req=5 enq=5 drop=0 done=4 bytes=340
BNO_REPORT kind=5 report_id=4 interval_us=20000 requested_hz=50.000 enable_ok=2 enable_fail=0 callback=5 switch=5 kind_convert=5 events=5 tx_req=5 tx_enq=5 tx_done=4 tx_drop=0 event_drop=0 reset_reconfig=1 effective_hz=52.775
DIAG state=FAULT dry=1 bno_ready=1 addr=0x4A init/reinit/poll=0/0/52 event A/G/M=140/111/28 age_rx_us=5580/5572/5601
IMU cand/pair/call/ok=35880/35880/35880/35861 reject=19 dup/order/stale/dt/nonfinite/norm/queue=0/0/0/19/0/0/0 last_ok_age_us=5572 dt_us=7450 align_samples=200 align_elapsed_us=2004079
HEALTH state=2 health=1 reason=mount_unvalidated mount=0 imu_age_us=5572 imu_gaps=0 reversals=0 covariance=1 finite=1 gnss_age_us=343265444 tof_age_us=4294967295 obs=1
BNO_TS ACCEL events=140 unique=84 exact=1 overflow=0 dup=1 reverse=63 rollover=0 sensor_dt_us=-27000/-21.58/8600 rx_dt_us=8/7940.34/40197 pair_first=4294964996/361472933 pair_last=4294961996/362576640
BNO_TS GYRO events=111 unique=66 exact=1 overflow=0 dup=3 reverse=51 rollover=0 sensor_dt_us=-28800/30.91/10500 rx_dt_us=26/9988.12/48371 pair_first=4294958596/361477955 pair_last=4294961996/362576648
BNO_TS MAG events=28 unique=26 exact=1 overflow=0 dup=0 reverse=16 rollover=0 sensor_dt_us=-19200/-266.67/24700 rx_dt_us=8627/40142.59/63852 pair_first=4294959296/361492769 pair_last=4294952096/362576619
BNO_VEC ACCEL_SENSOR_AND_ESKF_INPUT events=140 nonfinite=0 xyz_mean_sd=[-0.272489,0.008595][-0.842327,0.014086][-9.796652,0.023315] xyz_minmax=[-0.312500,-0.238281][-0.882812,-0.808594][-9.855469,-9.773438] norm_mean_sd_minmax=9.836586/0.023306/9.811808/9.895633
BNO_VEC GYRO_SENSOR_AND_ESKF_INPUT events=111 nonfinite=0 xyz_mean_sd=[0.000000,0.000000][0.000000,0.000000][0.000000,0.000000] xyz_minmax=[0.000000,0.000000][0.000000,0.000000][0.000000,0.000000] norm_mean_sd_minmax=0.000000/0.000000/0.000000/0.000000
BNO_VEC MAG_SENSOR events=28 nonfinite=0 xyz_mean_sd=[7.011161,0.526649][-22.158482,0.602840][21.254464,1.295158] xyz_minmax=[5.750000,8.000000][-23.062500,-20.437500][19.562500,23.250000] norm_mean_sd_minmax=31.518898/0.885588/29.615637/33.137321
LINK queue/drop/high=3/0/10 tof=10890
TXDIAG frames_s=485 bytes_s=47152 total_frames=527 total_bytes=51168 queue=0 high=10 drops=0 bno_drop=0 partial=0 zero=0 write_calls=15748 max_write_us=0 free_heap=166668 min_free_heap=166668 usage_pct=51.16
BNO_TX kind=1 event=140 req=140 enq=140 drop=0 done=140 bytes=11760
BNO_REPORT kind=1 report_id=1 interval_us=10000 requested_hz=100.000 enable_ok=2 enable_fail=0 callback=139 switch=140 kind_convert=140 events=140 tx_req=140 tx_enq=140 tx_done=140 tx_drop=0 event_drop=0 reset_reconfig=1 effective_hz=125.939
BNO_TX kind=2 event=111 req=111 enq=111 drop=0 done=111 bytes=9324
BNO_REPORT kind=2 report_id=2 interval_us=10000 requested_hz=100.000 enable_ok=2 enable_fail=0 callback=111 switch=111 kind_convert=111 events=111 tx_req=111 tx_enq=111 tx_done=111 tx_drop=0 event_drop=0 reset_reconfig=1 effective_hz=100.119
BNO_TX kind=3 event=55 req=55 enq=55 drop=0 done=55 bytes=4620
BNO_REPORT kind=3 report_id=8 interval_us=20000 requested_hz=50.000 enable_ok=2 enable_fail=0 callback=55 switch=55 kind_convert=55 events=55 tx_req=55 tx_enq=55 tx_done=55 tx_drop=0 event_drop=0 reset_reconfig=1 effective_hz=49.681
BNO_TX kind=4 event=28 req=28 enq=28 drop=0 done=28 bytes=2352
BNO_REPORT kind=4 report_id=3 interval_us=50000 requested_hz=20.000 enable_ok=2 enable_fail=0 callback=28 switch=28 kind_convert=28 events=28 tx_req=28 tx_enq=28 tx_done=28 tx_drop=0 event_drop=0 reset_reconfig=1 effective_hz=24.911
BNO_TX kind=5 event=56 req=56 enq=56 drop=0 done=56 bytes=4704
BNO_REPORT kind=5 report_id=4 interval_us=20000 requested_hz=50.000 enable_ok=2 enable_fail=0 callback=56 switch=56 kind_convert=56 events=56 tx_req=56 tx_enq=56 tx_done=56 tx_drop=0 event_drop=0 reset_reconfig=1 effective_hz=50.061
DIAG state=FAULT dry=1 bno_ready=1 addr=0x4A init/reinit/poll=0/0/104 event A/G/M=266/211/53 age_rx_us=8514/8506/8562
IMU cand/pair/call/ok=35980/35980/35980/35947 reject=33 dup/order/stale/dt/nonfinite/norm/queue=0/0/0/33/0/0/0 last_ok_age_us=8540 dt_us=24198 align_samples=200 align_elapsed_us=2004079
HEALTH state=2 health=1 reason=mount_unvalidated mount=0 imu_age_us=8506 imu_gaps=0 reversals=0 covariance=1 finite=1 gnss_age_us=343261494 tof_age_us=4294967295 obs=1
BNO_TS ACCEL events=266 unique=120 exact=1 overflow=0 dup=3 reverse=120 rollover=0 sensor_dt_us=-27000/-14.34/8600 rx_dt_us=8/7927.98/40197 pair_first=4294964996/361472933 pair_last=4294961196/363573848
BNO_TS GYRO events=211 unique=97 exact=1 overflow=0 dup=3 reverse=96 rollover=0 sensor_dt_us=-28800/25.71/10500 rx_dt_us=26/9980.48/48371 pair_first=4294958596/361477955 pair_last=4294963996/363573856
BNO_TS MAG events=53 unique=42 exact=1 overflow=0 dup=1 reverse=31 rollover=0 sensor_dt_us=-19200/-111.54/24700 rx_dt_us=8627/40019.83/63852 pair_first=4294959296/361492769 pair_last=4294953496/363573800
BNO_VEC ACCEL_SENSOR_AND_ESKF_INPUT events=266 nonfinite=0 xyz_mean_sd=[-0.272556,0.007931][-0.842942,0.013104][-9.798035,0.022592] xyz_minmax=[-0.312500,-0.238281][-0.882812,-0.808594][-9.855469,-9.734375] norm_mean_sd_minmax=9.838016/0.022584/9.775037/9.895633
BNO_VEC GYRO_SENSOR_AND_ESKF_INPUT events=211 nonfinite=0 xyz_mean_sd=[0.000000,0.000000][0.000000,0.000000][0.000000,0.000000] xyz_minmax=[0.000000,0.000000][0.000000,0.000000][0.000000,0.000000] norm_mean_sd_minmax=0.000000/0.000000/0.000000/0.000000
BNO_VEC MAG_SENSOR events=53 nonfinite=0 xyz_mean_sd=[6.956368,0.517042][-22.146226,0.726838][21.375000,1.202702] xyz_minmax=[5.750000,8.000000][-23.562500,-20.375000][19.500000,23.250000] norm_mean_sd_minmax=31.575441/0.985214/29.042667/33.281116
LINK queue/drop/high=0/0/10 tof=10920
TXDIAG frames_s=480 bytes_s=46573 total_frames=1008 total_bytes=97788 queue=0 high=10 drops=0 bno_drop=0 partial=0 zero=0 write_calls=29499 max_write_us=0 free_heap=166668 min_free_heap=166668 usage_pct=50.53
BNO_TX kind=1 event=267 req=267 enq=267 drop=0 done=267 bytes=22428
BNO_REPORT kind=1 report_id=1 interval_us=10000 requested_hz=100.000 enable_ok=2 enable_fail=0 callback=266 switch=267 kind_convert=267 events=267 tx_req=267 tx_enq=267 tx_done=267 tx_drop=0 event_drop=0 reset_reconfig=1 effective_hz=126.044
BNO_TX kind=2 event=211 req=211 enq=211 drop=0 done=211 bytes=17724
BNO_REPORT kind=2 report_id=2 interval_us=10000 requested_hz=100.000 enable_ok=2 enable_fail=0 callback=211 switch=211 kind_convert=211 events=211 tx_req=211 tx_enq=211 tx_done=211 tx_drop=0 event_drop=0 reset_reconfig=1 effective_hz=100.196
BNO_TX kind=3 event=105 req=105 enq=105 drop=0 done=105 bytes=8820
BNO_REPORT kind=3 report_id=8 interval_us=20000 requested_hz=50.000 enable_ok=2 enable_fail=0 callback=105 switch=105 kind_convert=105 events=105 tx_req=105 tx_enq=105 tx_done=105 tx_drop=0 event_drop=0 reset_reconfig=1 effective_hz=49.724
BNO_TX kind=4 event=53 req=53 enq=53 drop=0 done=53 bytes=4452
BNO_REPORT kind=4 report_id=3 interval_us=50000 requested_hz=20.000 enable_ok=2 enable_fail=0 callback=53 switch=53 kind_convert=53 events=53 tx_req=53 tx_enq=53 tx_done=53 tx_drop=0 event_drop=0 reset_reconfig=1 effective_hz=24.988
BNO_TX kind=5 event=106 req=106 enq=106 drop=0 done=106 bytes=8904
BNO_REPORT kind=5 report_id=4 interval_us=20000 requested_hz=50.000 enable_ok=2 enable_fail=0 callback=106 switch=106 kind_convert=106 events=106 tx_req=106 tx_enq=106 tx_done=106 tx_drop=0 event_drop=0 reset_reconfig=1 effective_hz=49.875
DIAG state=FAULT dry=1 bno_ready=1 addr=0x4A init/reinit/poll=0/0/162 event A/G/M=393/312/78 age_rx_us=18933/4378/24557
IMU cand/pair/call/ok=36081/36081/36081/36033 reject=48 dup/order/stale/dt/nonfinite/norm/queue=0/0/0/48/0/0/0 last_ok_age_us=4378 dt_us=14586 align_samples=200 align_elapsed_us=2004079
HEALTH state=2 health=1 reason=mount_unvalidated mount=0 imu_age_us=4378 imu_gaps=0 reversals=0 covariance=1 finite=1 gnss_age_us=343264500 tof_age_us=4294967295 obs=1
BNO_TS ACCEL events=393 unique=137 exact=1 overflow=0 dup=4 reverse=177 rollover=0 sensor_dt_us=-27000/-1.02/8600 rx_dt_us=8/7909.10/40197 pair_first=4294964996/361472933 pair_last=4294964596/364573299
BNO_TS GYRO events=312 unique=114 exact=1 overflow=0 dup=3 reverse=139 rollover=0 sensor_dt_us=-28800/17.68/10500 rx_dt_us=26/9999.68/48371 pair_first=4294958596/361477955 pair_last=4294964096/364587854
BNO_TS MAG events=78 unique=57 exact=1 overflow=0 dup=1 reverse=43 rollover=0 sensor_dt_us=-19200/15.58/24700 rx_dt_us=8627/39933.84/63852 pair_first=4294959296/361492769 pair_last=4294960496/364567675
BNO_VEC ACCEL_SENSOR_AND_ESKF_INPUT events=393 nonfinite=0 xyz_mean_sd=[-0.272772,0.007737][-0.841782,0.014198][-9.798187,0.022418] xyz_minmax=[-0.312500,-0.238281][-0.882812,-0.808594][-9.855469,-9.734375] norm_mean_sd_minmax=9.838075/0.022481/9.775037/9.895633
BNO_VEC GYRO_SENSOR_AND_ESKF_INPUT events=312 nonfinite=0 xyz_mean_sd=[0.000000,0.000000][0.000000,0.000000][0.000000,0.000000] xyz_minmax=[0.000000,0.000000][0.000000,0.000000][0.000000,0.000000] norm_mean_sd_minmax=0.000000/0.000000/0.000000/0.000000
BNO_VEC MAG_SENSOR events=78 nonfinite=0 xyz_mean_sd=[6.976763,0.499109][-22.145032,0.693339][21.357372,1.202457] xyz_minmax=[5.750000,8.000000][-23.562500,-20.375000][19.187500,23.625000] norm_mean_sd_minmax=31.566067/0.986969/29.042667/33.439194
LINK queue/drop/high=1/0/10 tof=10951
TXDIAG frames_s=477 bytes_s=46489 total_frames=1490 total_bytes=144696 queue=0 high=10 drops=0 bno_drop=0 partial=0 zero=0 write_calls=43689 max_write_us=0 free_heap=166668 min_free_heap=166668 usage_pct=50.44
BNO_TX kind=1 event=393 req=393 enq=393 drop=0 done=393 bytes=33012
BNO_REPORT kind=1 report_id=1 interval_us=10000 requested_hz=100.000 enable_ok=2 enable_fail=0 callback=395 switch=393 kind_convert=393 events=393 tx_req=393 tx_enq=393 tx_done=393 tx_drop=0 event_drop=0 reset_reconfig=1 effective_hz=126.437
BNO_TX kind=2 event=312 req=312 enq=312 drop=0 done=312 bytes=26208
BNO_REPORT kind=2 report_id=2 interval_us=10000 requested_hz=100.000 enable_ok=2 enable_fail=0 callback=313 switch=312 kind_convert=312 events=312 tx_req=312 tx_enq=312 tx_done=312 tx_drop=0 event_drop=0 reset_reconfig=1 effective_hz=100.003
BNO_TX kind=3 event=155 req=155 enq=155 drop=0 done=155 bytes=13020
BNO_REPORT kind=3 report_id=8 interval_us=20000 requested_hz=50.000 enable_ok=2 enable_fail=0 callback=156 switch=155 kind_convert=155 events=155 tx_req=155 tx_enq=155 tx_done=155 tx_drop=0 event_drop=0 reset_reconfig=1 effective_hz=49.913
BNO_TX kind=4 event=78 req=78 enq=78 drop=0 done=78 bytes=6552
BNO_REPORT kind=4 report_id=3 interval_us=50000 requested_hz=20.000 enable_ok=2 enable_fail=0 callback=78 switch=78 kind_convert=78 events=78 tx_req=78 tx_enq=78 tx_done=78 tx_drop=0 event_drop=0 reset_reconfig=1 effective_hz=25.041
BNO_TX kind=5 event=156 req=156 enq=156 drop=0 done=156 bytes=13104
BNO_REPORT kind=5 report_id=4 interval_us=20000 requested_hz=50.000 enable_ok=2 enable_fail=0 callback=157 switch=156 kind_convert=156 events=156 tx_req=156 tx_enq=156 tx_done=156 tx_drop=0 event_drop=0 reset_reconfig=1 effective_hz=50.076
DIAG state=FAULT dry=1 bno_ready=1 addr=0x4A init/reinit/poll=0/0/217 event A/G/M=518/410/103 age_rx_us=25078/25110/25086
IMU cand/pair/call/ok=36179/36179/36179/36121 reject=58 dup/order/stale/dt/nonfinite/norm/queue=0/0/0/58/0/0/0 last_ok_age_us=25110 dt_us=5372 align_samples=200 align_elapsed_us=2004079
HEALTH state=2 health=1 reason=mount_unvalidated mount=0 imu_age_us=25110 imu_gaps=0 reversals=0 covariance=1 finite=1 gnss_age_us=343278408 tof_age_us=4294967295 obs=1
BNO_TS ACCEL events=518 unique=146 exact=1 overflow=0 dup=5 reverse=242 rollover=0 sensor_dt_us=-27000/-10.64/8600 rx_dt_us=8/7919.45/40197 pair_first=4294964996/361472933 pair_last=4294959496/365567291
BNO_TS GYRO events=410 unique=127 exact=1 overflow=0 dup=4 reverse=181 rollover=0 sensor_dt_us=-28800/0.00/10500 rx_dt_us=26/9998.30/48371 pair_first=4294958596/361477955 pair_last=4294958596/365567259
BNO_TS MAG events=103 unique=68 exact=1 overflow=0 dup=1 reverse=56 rollover=0 sensor_dt_us=-19200/-6.86/24700 rx_dt_us=8627/39946.22/63852 pair_first=4294959296/361492769 pair_last=4294958596/365567283
BNO_VEC ACCEL_SENSOR_AND_ESKF_INPUT events=518 nonfinite=0 xyz_mean_sd=[-0.272744,0.007943][-0.841390,0.014511][-9.798338,0.022726] xyz_minmax=[-0.312500,-0.238281][-0.882812,-0.808594][-9.855469,-9.734375] norm_mean_sd_minmax=9.838192/0.022732/9.775037/9.895633
BNO_VEC GYRO_SENSOR_AND_ESKF_INPUT events=410 nonfinite=0 xyz_mean_sd=[0.000000,0.000000][0.000000,0.000000][0.000000,0.000000] xyz_minmax=[0.000000,0.000000][0.000000,0.000000][0.000000,0.000000] norm_mean_sd_minmax=0.000000/0.000000/0.000000/0.000000
BNO_VEC MAG_SENSOR events=103 nonfinite=0 xyz_mean_sd=[7.026092,0.494395][-22.122573,0.656426][21.314320,1.190752] xyz_minmax=[5.750000,8.000000][-23.562500,-20.375000][18.375000,23.625000] norm_mean_sd_minmax=31.532031/0.947988/29.042667/33.439194
LINK queue/drop/high=0/0/10 tof=10981
TXDIAG frames_s=481 bytes_s=46655 total_frames=1972 total_bytes=191398 queue=1 high=10 drops=0 bno_drop=0 partial=0 zero=0 write_calls=57511 max_write_us=0 free_heap=166668 min_free_heap=166668 usage_pct=50.62
BNO_TX kind=1 event=521 req=521 enq=521 drop=0 done=520 bytes=43710
BNO_REPORT kind=1 report_id=1 interval_us=10000 requested_hz=100.000 enable_ok=2 enable_fail=0 callback=521 switch=521 kind_convert=521 events=521 tx_req=521 tx_enq=521 tx_done=520 tx_drop=0 event_drop=0 reset_reconfig=1 effective_hz=126.377
BNO_TX kind=2 event=412 req=412 enq=412 drop=0 done=412 bytes=34608
BNO_REPORT kind=2 report_id=2 interval_us=10000 requested_hz=100.000 enable_ok=2 enable_fail=0 callback=413 switch=413 kind_convert=413 events=413 tx_req=412 tx_enq=412 tx_done=412 tx_drop=0 event_drop=0 reset_reconfig=1 effective_hz=100.114
BNO_TX kind=3 event=206 req=206 enq=206 drop=0 done=206 bytes=17304
BNO_REPORT kind=3 report_id=8 interval_us=20000 requested_hz=50.000 enable_ok=2 enable_fail=0 callback=206 switch=206 kind_convert=206 events=206 tx_req=206 tx_enq=206 tx_done=206 tx_drop=0 event_drop=0 reset_reconfig=1 effective_hz=49.935
BNO_TX kind=4 event=103 req=103 enq=103 drop=0 done=103 bytes=8652
BNO_REPORT kind=4 report_id=3 interval_us=50000 requested_hz=20.000 enable_ok=2 enable_fail=0 callback=103 switch=103 kind_convert=103 events=103 tx_req=103 tx_enq=103 tx_done=103 tx_drop=0 event_drop=0 reset_reconfig=1 effective_hz=25.034
BNO_TX kind=5 event=206 req=206 enq=206 drop=0 done=206 bytes=17304
BNO_REPORT kind=5 report_id=4 interval_us=20000 requested_hz=50.000 enable_ok=2 enable_fail=0 callback=207 switch=207 kind_convert=207 events=207 tx_req=206 tx_enq=206 tx_done=206 tx_drop=0 event_drop=0 reset_reconfig=1 effective_hz=50.057
DIAG state=FAULT dry=1 bno_ready=1 addr=0x4A init/reinit/poll=0/0/271 event A/G/M=646/512/128 age_rx_us=17310/17301/23631
IMU cand/pair/call/ok=36281/36281/36281/36211 reject=70 dup/order/stale/dt/nonfinite/norm/queue=0/0/0/70/0/0/0 last_ok_age_us=17342 dt_us=21593 align_samples=200 align_elapsed_us=2004079
HEALTH state=2 health=1 reason=mount_unvalidated mount=0 imu_age_us=17301 imu_gaps=0 reversals=0 covariance=1 finite=1 gnss_age_us=343280529 tof_age_us=4294967295 obs=1
BNO_TS ACCEL events=646 unique=156 exact=1 overflow=0 dup=7 reverse=305 rollover=0 sensor_dt_us=-27000/-11.47/8600 rx_dt_us=8/7922.61/40197 pair_first=4294964996/361472933 pair_last=4294957596/366583015
BNO_TS GYRO events=512 unique=129 exact=1 overflow=0 dup=6 reverse=221 rollover=0 sensor_dt_us=-28800/9.59/10500 rx_dt_us=25/9990.35/48371 pair_first=4294958596/361477955 pair_last=4294963496/366583024
BNO_TS MAG events=128 unique=77 exact=1 overflow=0 dup=1 reverse=66 rollover=0 sensor_dt_us=-19200/-4.72/24700 rx_dt_us=8627/40030.91/63852 pair_first=4294959296/361492769 pair_last=4294958696/366576694
BNO_VEC ACCEL_SENSOR_AND_ESKF_INPUT events=646 nonfinite=0 xyz_mean_sd=[-0.272833,0.007536][-0.841053,0.014913][-9.798616,0.022689] xyz_minmax=[-0.312500,-0.238281][-0.882812,-0.808594][-9.855469,-9.734375] norm_mean_sd_minmax=9.838443/0.022689/9.775037/9.895633
BNO_VEC GYRO_SENSOR_AND_ESKF_INPUT events=512 nonfinite=0 xyz_mean_sd=[0.000000,0.000000][0.000000,0.000000][0.000000,0.000000] xyz_minmax=[0.000000,0.000000][0.000000,0.000000][0.000000,0.000000] norm_mean_sd_minmax=0.000000/0.000000/0.000000/0.000000
BNO_VEC MAG_SENSOR events=128 nonfinite=0 xyz_mean_sd=[7.008301,0.505848][-22.128906,0.687267][21.243652,1.265983] xyz_minmax=[5.750000,8.187500][-23.562500,-19.937500][18.375000,23.625000] norm_mean_sd_minmax=31.485766/1.036822/28.177868/33.439194
LINK queue/drop/high=1/0/10 tof=11012
TXDIAG frames_s=476 bytes_s=46396 total_frames=2453 total_bytes=238212 queue=0 high=10 drops=0 bno_drop=0 partial=0 zero=0 write_calls=71850 max_write_us=0 free_heap=166668 min_free_heap=166668 usage_pct=50.34
BNO_TX kind=1 event=646 req=646 enq=646 drop=0 done=646 bytes=54264
BNO_REPORT kind=1 report_id=1 interval_us=10000 requested_hz=100.000 enable_ok=2 enable_fail=0 callback=649 switch=646 kind_convert=646 events=646 tx_req=646 tx_enq=646 tx_done=646 tx_drop=0 event_drop=0 reset_reconfig=1 effective_hz=126.221
BNO_TX kind=2 event=512 req=512 enq=512 drop=0 done=512 bytes=43008
BNO_REPORT kind=2 report_id=2 interval_us=10000 requested_hz=100.000 enable_ok=2 enable_fail=0 callback=514 switch=512 kind_convert=512 events=512 tx_req=512 tx_enq=512 tx_done=512 tx_drop=0 event_drop=0 reset_reconfig=1 effective_hz=100.097
BNO_TX kind=3 event=256 req=256 enq=256 drop=0 done=256 bytes=21504
BNO_REPORT kind=3 report_id=8 interval_us=20000 requested_hz=50.000 enable_ok=2 enable_fail=0 callback=257 switch=256 kind_convert=256 events=256 tx_req=256 tx_enq=256 tx_done=256 tx_drop=0 event_drop=0 reset_reconfig=1 effective_hz=49.993
BNO_TX kind=4 event=128 req=128 enq=128 drop=0 done=128 bytes=10752
BNO_REPORT kind=4 report_id=3 interval_us=50000 requested_hz=20.000 enable_ok=2 enable_fail=0 callback=129 switch=128 kind_convert=128 events=128 tx_req=128 tx_enq=128 tx_done=128 tx_drop=0 event_drop=0 reset_reconfig=1 effective_hz=24.981
BNO_TX kind=5 event=256 req=256 enq=256 drop=0 done=256 bytes=21504
BNO_REPORT kind=5 report_id=4 interval_us=20000 requested_hz=50.000 enable_ok=2 enable_fail=0 callback=258 switch=257 kind_convert=257 events=257 tx_req=256 tx_enq=256 tx_done=256 tx_drop=0 event_drop=0 reset_reconfig=1 effective_hz=49.963
DIAG state=FAULT dry=1 bno_ready=1 addr=0x4A init/reinit/poll=0/0/326 event A/G/M=773/611/153 age_rx_us=22445/25819/25835
IMU cand/pair/call/ok=36380/36380/36380/36298 reject=82 dup/order/stale/dt/nonfinite/norm/queue=0/0/0/82/0/0/0 last_ok_age_us=25889 dt_us=23403 align_samples=200 align_elapsed_us=2004079
HEALTH state=2 health=1 reason=mount_unvalidated mount=0 imu_age_us=25819 imu_gaps=0 reversals=0 covariance=1 finite=1 gnss_age_us=343277263 tof_age_us=4294967295 obs=1
BNO_TS ACCEL events=773 unique=161 exact=1 overflow=0 dup=7 reverse=365 rollover=0 sensor_dt_us=-27000/-1.55/8600 rx_dt_us=8/7908.12/40197 pair_first=4294964996/361472933 pair_last=4294963796/367578003
BNO_TS GYRO events=611 unique=135 exact=1 overflow=0 dup=7 reverse=263 rollover=0 sensor_dt_us=-28800/7.70/10500 rx_dt_us=25/9994.55/48371 pair_first=4294958596/361477955 pair_last=4294963296/367574629
BNO_TS MAG events=153 unique=87 exact=1 overflow=0 dup=1 reverse=78 rollover=0 sensor_dt_us=-19200/-39.47/24700 rx_dt_us=8627/40012.13/63852 pair_first=4294959296/361492769 pair_last=4294953296/367574613
BNO_VEC ACCEL_SENSOR_AND_ESKF_INPUT events=773 nonfinite=0 xyz_mean_sd=[-0.272710,0.007669][-0.841329,0.014624][-9.798517,0.022636] xyz_minmax=[-0.312500,-0.238281][-0.882812,-0.808594][-9.855469,-9.734375] norm_mean_sd_minmax=9.838365/0.022626/9.775037/9.895633
BNO_VEC GYRO_SENSOR_AND_ESKF_INPUT events=611 nonfinite=0 xyz_mean_sd=[0.000000,0.000000][0.000000,0.000000][0.000000,0.000000] xyz_minmax=[0.000000,0.000000][0.000000,0.000000][0.000000,0.000000] norm_mean_sd_minmax=0.000000/0.000000/0.000000/0.000000
BNO_VEC MAG_SENSOR events=153 nonfinite=0 xyz_mean_sd=[7.017157,0.489224][-22.137255,0.688448][21.266748,1.303041] xyz_minmax=[5.750000,8.187500][-23.562500,-19.937500][18.375000,24.062500] norm_mean_sd_minmax=31.510184/1.045299/28.177868/33.439194
LINK queue/drop/high=0/0/10 tof=11042
TXDIAG frames_s=478 bytes_s=46529 total_frames=2931 total_bytes=284648 queue=0 high=10 drops=0 bno_drop=0 partial=0 zero=0 write_calls=86061 max_write_us=0 free_heap=166668 min_free_heap=166668 usage_pct=50.49
BNO_TX kind=1 event=773 req=773 enq=773 drop=0 done=773 bytes=64932
BNO_REPORT kind=1 report_id=1 interval_us=10000 requested_hz=100.000 enable_ok=2 enable_fail=0 callback=775 switch=773 kind_convert=773 events=773 tx_req=773 tx_enq=773 tx_done=773 tx_drop=0 event_drop=0 reset_reconfig=1 effective_hz=126.452
BNO_TX kind=2 event=611 req=611 enq=611 drop=0 done=611 bytes=51324
BNO_REPORT kind=2 report_id=2 interval_us=10000 requested_hz=100.000 enable_ok=2 enable_fail=0 callback=615 switch=611 kind_convert=611 events=611 tx_req=611 tx_enq=611 tx_done=611 tx_drop=0 event_drop=0 reset_reconfig=1 effective_hz=100.055
BNO_TX kind=3 event=305 req=305 enq=305 drop=0 done=305 bytes=25620
BNO_REPORT kind=3 report_id=8 interval_us=20000 requested_hz=50.000 enable_ok=2 enable_fail=0 callback=307 switch=305 kind_convert=305 events=305 tx_req=305 tx_enq=305 tx_done=305 tx_drop=0 event_drop=0 reset_reconfig=1 effective_hz=49.899
BNO_TX kind=4 event=153 req=153 enq=153 drop=0 done=153 bytes=12852
BNO_REPORT kind=4 report_id=3 interval_us=50000 requested_hz=20.000 enable_ok=2 enable_fail=0 callback=154 switch=153 kind_convert=153 events=153 tx_req=153 tx_enq=153 tx_done=153 tx_drop=0 event_drop=0 reset_reconfig=1 effective_hz=24.992
BNO_TX kind=5 event=306 req=306 enq=306 drop=0 done=306 bytes=25704
BNO_REPORT kind=5 report_id=4 interval_us=20000 requested_hz=50.000 enable_ok=2 enable_fail=0 callback=307 switch=306 kind_convert=306 events=306 tx_req=306 tx_enq=306 tx_done=306 tx_drop=0 event_drop=0 reset_reconfig=1 effective_hz=50.028
DIAG state=FAULT dry=1 bno_ready=1 addr=0x4A init/reinit/poll=0/0/377 event A/G/M=902/714/178 age_rx_us=10650/10636/39318
IMU cand/pair/call/ok=36483/36483/36483/36390 reject=93 dup/order/stale/dt/nonfinite/norm/queue=0/0/0/93/0/0/0 last_ok_age_us=10636 dt_us=4469 align_samples=200 align_elapsed_us=2004079
HEALTH state=2 health=1 reason=mount_unvalidated mount=0 imu_age_us=10636 imu_gaps=0 reversals=0 covariance=1 finite=1 gnss_age_us=343306215 tof_age_us=4294967295 obs=1
BNO_TS ACCEL events=902 unique=169 exact=1 overflow=0 dup=8 reverse=423 rollover=0 sensor_dt_us=-27000/-1.44/8600 rx_dt_us=8/7909.75/40197 pair_first=4294964996/361472933 pair_last=4294963696/368599620
BNO_TS GYRO events=714 unique=140 exact=1 overflow=0 dup=8 reverse=310 rollover=0 sensor_dt_us=-28800/7.85/10500 rx_dt_us=25/9988.33/48371 pair_first=4294958596/361477955 pair_last=4294964196/368599634
BNO_TS MAG events=178 unique=95 exact=1 overflow=0 dup=1 reverse=93 rollover=0 sensor_dt_us=-19200/-16.95/24700 rx_dt_us=8627/39989.73/63852 pair_first=4294959296/361492769 pair_last=4294956296/368570952
BNO_VEC ACCEL_SENSOR_AND_ESKF_INPUT events=902 nonfinite=0 xyz_mean_sd=[-0.272502,0.007806][-0.841325,0.014595][-9.798780,0.022746] xyz_minmax=[-0.312500,-0.238281][-0.882812,-0.808594][-9.855469,-9.734375] norm_mean_sd_minmax=9.838621/0.022725/9.775037/9.895633
BNO_VEC GYRO_SENSOR_AND_ESKF_INPUT events=714 nonfinite=0 xyz_mean_sd=[0.000000,0.000000][0.000000,0.000000][0.000000,0.000000] xyz_minmax=[0.000000,0.000000][0.000000,0.000000][0.000000,0.000000] norm_mean_sd_minmax=0.000000/0.000000/0.000000/0.000000
BNO_VEC MAG_SENSOR events=178 nonfinite=0 xyz_mean_sd=[6.979284,0.504923][-22.104635,0.677842][21.306531,1.271992] xyz_minmax=[5.625000,8.187500][-23.562500,-19.937500][18.375000,24.062500] norm_mean_sd_minmax=31.505516/1.014095/28.177868/33.439194
LINK queue/drop/high=3/0/10 tof=11073
TXDIAG frames_s=489 bytes_s=47619 total_frames=3425 total_bytes=332744 queue=0 high=10 drops=0 bno_drop=0 partial=0 zero=0 write_calls=100881 max_write_us=0 free_heap=166668 min_free_heap=166668 usage_pct=51.67
BNO_TX kind=1 event=902 req=902 enq=902 drop=0 done=902 bytes=75768
BNO_REPORT kind=1 report_id=1 interval_us=10000 requested_hz=100.000 enable_ok=2 enable_fail=0 callback=901 switch=902 kind_convert=902 events=902 tx_req=902 tx_enq=902 tx_done=902 tx_drop=0 event_drop=0 reset_reconfig=1 effective_hz=126.426
BNO_TX kind=2 event=714 req=714 enq=714 drop=0 done=714 bytes=59976
BNO_REPORT kind=2 report_id=2 interval_us=10000 requested_hz=100.000 enable_ok=2 enable_fail=0 callback=714 switch=714 kind_convert=714 events=714 tx_req=714 tx_enq=714 tx_done=714 tx_drop=0 event_drop=0 reset_reconfig=1 effective_hz=100.117
BNO_TX kind=3 event=357 req=357 enq=357 drop=0 done=357 bytes=29988
BNO_REPORT kind=3 report_id=8 interval_us=20000 requested_hz=50.000 enable_ok=2 enable_fail=0 callback=357 switch=357 kind_convert=357 events=357 tx_req=357 tx_enq=357 tx_done=357 tx_drop=0 event_drop=0 reset_reconfig=1 effective_hz=50.019
BNO_TX kind=4 event=178 req=178 enq=178 drop=0 done=178 bytes=14952
BNO_REPORT kind=4 report_id=3 interval_us=50000 requested_hz=20.000 enable_ok=2 enable_fail=0 callback=179 switch=178 kind_convert=178 events=178 tx_req=178 tx_enq=178 tx_done=178 tx_drop=0 event_drop=0 reset_reconfig=1 effective_hz=25.006
BNO_TX kind=5 event=357 req=357 enq=357 drop=0 done=357 bytes=29988
BNO_REPORT kind=5 report_id=4 interval_us=20000 requested_hz=50.000 enable_ok=2 enable_fail=0 callback=357 switch=357 kind_convert=357 events=357 tx_req=357 tx_enq=357 tx_done=357 tx_drop=0 event_drop=0 reset_reconfig=1 effective_hz=50.020
DIAG state=FAULT dry=1 bno_ready=1 addr=0x4A init/reinit/poll=0/0/433 event A/G/M=1028/813/203 age_rx_us=12996/13030/33869
IMU cand/pair/call/ok=36582/36582/36582/36481 reject=101 dup/order/stale/dt/nonfinite/norm/queue=0/0/0/101/0/0/0 last_ok_age_us=13030 dt_us=14480 align_samples=200 align_elapsed_us=2004079
HEALTH state=2 health=1 reason=mount_unvalidated mount=0 imu_age_us=13030 imu_gaps=0 reversals=0 covariance=1 finite=1 gnss_age_us=343295277 tof_age_us=4294967295 obs=1
BNO_TS ACCEL events=1028 unique=174 exact=1 overflow=0 dup=9 reverse=479 rollover=0 sensor_dt_us=-27000/-1.17/8600 rx_dt_us=8/7910.85/40197 pair_first=4294964996/361472933 pair_last=4294963796/369597373
BNO_TS GYRO events=813 unique=143 exact=1 overflow=0 dup=8 reverse=354 rollover=0 sensor_dt_us=-28800/-1.97/10500 rx_dt_us=25/9999.24/48371 pair_first=4294958596/361477955 pair_last=4294956996/369597339
BNO_TS MAG events=203 unique=101 exact=1 overflow=0 dup=2 reverse=105 rollover=0 sensor_dt_us=-19200/-12.87/24700 rx_dt_us=8627/40018.47/63852 pair_first=4294959296/361492769 pair_last=4294956696/369576500
BNO_VEC ACCEL_SENSOR_AND_ESKF_INPUT events=1028 nonfinite=0 xyz_mean_sd=[-0.272480,0.007624][-0.841337,0.014647][-9.798885,0.022714] xyz_minmax=[-0.312500,-0.238281][-0.882812,-0.808594][-9.855469,-9.734375] norm_mean_sd_minmax=9.838725/0.022718/9.775037/9.895633
BNO_VEC GYRO_SENSOR_AND_ESKF_INPUT events=813 nonfinite=0 xyz_mean_sd=[0.000000,0.000000][0.000000,0.000000][0.000000,0.000000] xyz_minmax=[0.000000,0.000000][0.000000,0.000000][0.000000,0.000000] norm_mean_sd_minmax=0.000000/0.000000/0.000000/0.000000
BNO_VEC MAG_SENSOR events=203 nonfinite=0 xyz_mean_sd=[6.969520,0.524726][-22.124076,0.671728][21.274938,1.301914] xyz_minmax=[5.625000,8.250000][-23.562500,-19.937500][18.375000,24.062500] norm_mean_sd_minmax=31.496959/1.017369/28.177868/33.787132
LINK queue/drop/high=0/0/10 tof=11103
TXDIAG frames_s=477 bytes_s=46325 total_frames=3903 total_bytes=379116 queue=0 high=10 drops=0 bno_drop=0 partial=0 zero=0 write_calls=114744 max_write_us=0 free_heap=166668 min_free_heap=166668 usage_pct=50.27
BNO_TX kind=1 event=1028 req=1028 enq=1028 drop=0 done=1028 bytes=86352
BNO_REPORT kind=1 report_id=1 interval_us=10000 requested_hz=100.000 enable_ok=2 enable_fail=0 callback=1029 switch=1028 kind_convert=1028 events=1028 tx_req=1028 tx_enq=1028 tx_done=1028 tx_drop=0 event_drop=0 reset_reconfig=1 effective_hz=126.409
BNO_TX kind=2 event=813 req=813 enq=813 drop=0 done=813 bytes=68292
BNO_REPORT kind=2 report_id=2 interval_us=10000 requested_hz=100.000 enable_ok=2 enable_fail=0 callback=815 switch=813 kind_convert=813 events=813 tx_req=813 tx_enq=813 tx_done=813 tx_drop=0 event_drop=0 reset_reconfig=1 effective_hz=100.008
BNO_TX kind=3 event=406 req=406 enq=406 drop=0 done=406 bytes=34104
BNO_REPORT kind=3 report_id=8 interval_us=20000 requested_hz=50.000 enable_ok=2 enable_fail=0 callback=407 switch=406 kind_convert=406 events=406 tx_req=406 tx_enq=406 tx_done=406 tx_drop=0 event_drop=0 reset_reconfig=1 effective_hz=49.996
BNO_TX kind=4 event=203 req=203 enq=203 drop=0 done=203 bytes=17052
BNO_REPORT kind=4 report_id=3 interval_us=50000 requested_hz=20.000 enable_ok=2 enable_fail=0 callback=204 switch=203 kind_convert=203 events=203 tx_req=203 tx_enq=203 tx_done=203 tx_drop=0 event_drop=0 reset_reconfig=1 effective_hz=24.988
BNO_TX kind=5 event=407 req=407 enq=407 drop=0 done=407 bytes=34188
BNO_REPORT kind=5 report_id=4 interval_us=20000 requested_hz=50.000 enable_ok=2 enable_fail=0 callback=408 switch=407 kind_convert=407 events=407 tx_req=407 tx_enq=407 tx_done=407 tx_drop=0 event_drop=0 reset_reconfig=1 effective_hz=50.004
DIAG state=FAULT dry=1 bno_ready=1 addr=0x4A init/reinit/poll=0/0/488 event A/G/M=1156/915/229 age_rx_us=5212/5204/5233
IMU cand/pair/call/ok=36684/36684/36684/36574 reject=110 dup/order/stale/dt/nonfinite/norm/queue=0/0/0/110/0/0/0 last_ok_age_us=5204 dt_us=8549 align_samples=200 align_elapsed_us=2004079
HEALTH state=2 health=1 reason=mount_unvalidated mount=0 imu_age_us=5204 imu_gaps=0 reversals=0 covariance=1 finite=1 gnss_age_us=343313453 tof_age_us=4294967295 obs=1
BNO_TS ACCEL events=1156 unique=179 exact=1 overflow=0 dup=10 reverse=534 rollover=0 sensor_dt_us=-27000/-1.73/8600 rx_dt_us=8/7914.35/40197 pair_first=4294964996/361472933 pair_last=4294962996/370614002
BNO_TS GYRO events=915 unique=147 exact=1 overflow=0 dup=8 reverse=392 rollover=0 sensor_dt_us=-28800/5.25/10500 rx_dt_us=24/9995.68/48371 pair_first=4294958596/361477955 pair_last=4294963396/370614010
BNO_TS MAG events=229 unique=108 exact=1 overflow=0 dup=2 reverse=116 rollover=0 sensor_dt_us=-19200/-26.32/24700 rx_dt_us=8627/40005.32/63852 pair_first=4294959296/361492769 pair_last=4294953296/370613981
BNO_VEC ACCEL_SENSOR_AND_ESKF_INPUT events=1156 nonfinite=0 xyz_mean_sd=[-0.272403,0.007606][-0.841226,0.014718][-9.798683,0.022801] xyz_minmax=[-0.312500,-0.238281][-0.882812,-0.808594][-9.855469,-9.734375] norm_mean_sd_minmax=9.838512/0.022806/9.775037/9.895633
BNO_VEC GYRO_SENSOR_AND_ESKF_INPUT events=915 nonfinite=0 xyz_mean_sd=[0.000000,0.000000][0.000000,0.000000][0.000000,0.000000] xyz_minmax=[0.000000,0.000000][0.000000,0.000000][0.000000,0.000000] norm_mean_sd_minmax=0.000000/0.000000/0.000000/0.000000
BNO_VEC MAG_SENSOR events=229 nonfinite=0 xyz_mean_sd=[6.980622,0.534702][-22.091703,0.708733][21.298581,1.284696] xyz_minmax=[5.625000,8.250000][-23.562500,-19.937500][18.375000,24.062500] norm_mean_sd_minmax=31.492470/1.031975/28.177868/33.787132
LINK queue/drop/high=3/0/10 tof=11134
TXDIAG frames_s=481 bytes_s=46711 total_frames=4389 total_bytes=426248 queue=0 high=10 drops=0 bno_drop=0 partial=0 zero=0 write_calls=128307 max_write_us=0 free_heap=166668 min_free_heap=166668 usage_pct=50.68
BNO_TX kind=1 event=1156 req=1156 enq=1156 drop=0 done=1156 bytes=97104
BNO_REPORT kind=1 report_id=1 interval_us=10000 requested_hz=100.000 enable_ok=2 enable_fail=0 callback=1156 switch=1156 kind_convert=1156 events=1156 tx_req=1156 tx_enq=1156 tx_done=1156 tx_drop=0 event_drop=0 reset_reconfig=1 effective_hz=126.353
BNO_TX kind=2 event=915 req=915 enq=915 drop=0 done=915 bytes=76860
BNO_REPORT kind=2 report_id=2 interval_us=10000 requested_hz=100.000 enable_ok=2 enable_fail=0 callback=915 switch=915 kind_convert=915 events=915 tx_req=915 tx_enq=915 tx_done=915 tx_drop=0 event_drop=0 reset_reconfig=1 effective_hz=100.043
BNO_TX kind=3 event=457 req=457 enq=457 drop=0 done=457 bytes=38388
BNO_REPORT kind=3 report_id=8 interval_us=20000 requested_hz=50.000 enable_ok=2 enable_fail=0 callback=457 switch=457 kind_convert=457 events=457 tx_req=457 tx_enq=457 tx_done=457 tx_drop=0 event_drop=0 reset_reconfig=1 effective_hz=49.936
BNO_TX kind=4 event=229 req=229 enq=229 drop=0 done=229 bytes=19236
BNO_REPORT kind=4 report_id=3 interval_us=50000 requested_hz=20.000 enable_ok=2 enable_fail=0 callback=229 switch=229 kind_convert=229 events=229 tx_req=229 tx_enq=229 tx_done=229 tx_drop=0 event_drop=0 reset_reconfig=1 effective_hz=24.997
BNO_TX kind=5 event=458 req=458 enq=458 drop=0 done=458 bytes=38472
BNO_REPORT kind=5 report_id=4 interval_us=20000 requested_hz=50.000 enable_ok=2 enable_fail=0 callback=458 switch=458 kind_convert=458 events=458 tx_req=458 tx_enq=458 tx_done=458 tx_drop=0 event_drop=0 reset_reconfig=1 effective_hz=50.022
P1_STOP_ACK sequence=52226 last_sequence=52225 queued=1
P1_CAPTURE_SEQUENCE first=47427 last=52225 valid=1
TX_CAPTURE_SUPPRESSED count=0
P1_CAPTURE_STATS_STOP
BNO_CAPTURE_REPORT kind=1 report_id=1 interval_us=10000 requested_hz=100.000 enable_ok=2 enable_fail=0 callback=1277 switch=1278 kind_convert=1278 events=1278 tx_event=1264 tx_req=1264 tx_enq=1264 tx_done=1264 tx_drop=0 event_drop=0 reset_reconfig=1 effective_hz=126.446
BNO_CAPTURE_REPORT kind=2 report_id=2 interval_us=10000 requested_hz=100.000 enable_ok=2 enable_fail=0 callback=1012 switch=1012 kind_convert=1012 events=1012 tx_event=1001 tx_req=1001 tx_enq=1001 tx_done=1001 tx_drop=0 event_drop=0 reset_reconfig=1 effective_hz=100.117
BNO_CAPTURE_REPORT kind=3 report_id=8 interval_us=20000 requested_hz=50.000 enable_ok=2 enable_fail=0 callback=505 switch=505 kind_convert=505 events=505 tx_event=500 tx_req=500 tx_enq=500 tx_done=500 tx_drop=0 event_drop=0 reset_reconfig=1 effective_hz=50.008
BNO_CAPTURE_REPORT kind=4 report_id=3 interval_us=50000 requested_hz=20.000 enable_ok=2 enable_fail=0 callback=253 switch=253 kind_convert=253 events=253 tx_event=250 tx_req=250 tx_enq=250 tx_done=250 tx_drop=0 event_drop=0 reset_reconfig=1 effective_hz=25.030
BNO_CAPTURE_REPORT kind=5 report_id=4 interval_us=20000 requested_hz=50.000 enable_ok=2 enable_fail=0 callback=506 switch=506 kind_convert=506 events=506 tx_event=500 tx_req=500 tx_enq=500 tx_done=500 tx_drop=0 event_drop=0 reset_reconfig=1 effective_hz=50.029
BNO_TS_TRIAL kind=1 events=1264 dup=11 reverse=586 sensor_dt_us=-27000/0.32/8600 rx_dt_us=8/7909.52/40197 first_sensor_rx_us=4294964996/361472933 last_sensor_rx_us=4294965396/371462663
BNO_TS_TRIAL kind=2 events=1001 dup=8 reverse=433 sensor_dt_us=-28800/6.20/10500 rx_dt_us=24/9996.13/48371 first_sensor_rx_us=4294958596/361477955 last_sensor_rx_us=4294964796/371474083
BNO_TS_TRIAL kind=3 events=500 dup=5 reverse=268 sensor_dt_us=-24700/-1.80/20400 rx_dt_us=56/20000.72/54025 first_sensor_rx_us=4294963096/361482297 last_sensor_rx_us=4294962196/371462654
BNO_TS_TRIAL kind=4 events=250 dup=2 reverse=126 sensor_dt_us=-19200/2.41/24700 rx_dt_us=8627/39992.78/63852 first_sensor_rx_us=4294959296/361492769 last_sensor_rx_us=4294959896/371450971
BNO_TS_TRIAL kind=5 events=500 dup=2 reverse=256 sensor_dt_us=-18300/-1.00/20300 rx_dt_us=79/19997.74/48406 first_sensor_rx_us=4294958596/361477991 last_sensor_rx_us=4294958096/371456861
TXTYPE type=2 name=BnoAccel req=1264 enq=1264 done=1264 bytes=106176
TXTYPE type=3 name=BnoGyro req=1001 enq=1001 done=1001 bytes=84084
TXTYPE type=4 name=BnoQuaternion req=1000 enq=1000 done=1000 bytes=84000
TXTYPE type=5 name=TofFrame req=304 enq=304 done=304 bytes=68096
TXTYPE type=7 name=VescStatus req=303 enq=303 done=303 bytes=26664
TXTYPE type=11 name=TimeSyncReply req=10 enq=10 done=10 bytes=560
TXTYPE type=16 name=GnssProcessResult req=84 enq=84 done=84 bytes=8064
TXTYPE type=20 name=BnoMagnetic req=250 enq=250 done=250 bytes=21000
TXTYPE type=22 name=EstimatedState req=90 enq=90 done=90 bytes=13320
TXTYPE type=24 name=PrimaryImuSnapshot req=165 enq=165 done=165 bytes=15180
TXTYPE type=32 name=Heartbeat req=100 enq=100 done=100 bytes=4000
TXTYPE type=56 name=EskfState req=168 enq=168 done=168 bytes=30912
TXTYPE type=57 name=EskfInnovation req=18 enq=18 done=18 bytes=1296
TXTYPE type=58 name=EskfHealth req=48 enq=48 done=48 bytes=3456
TX_HISTORY sequence=51200 type=4 flags=0x07 encoded_bytes=84 allocated_us=369344405 enqueue_us=369344438 write_start_us=369345254 write_end_us=369346190
TX_HISTORY sequence=51201 type=2 flags=0x07 encoded_bytes=84 allocated_us=369344473 enqueue_us=369344505 write_start_us=369346206 write_end_us=369347072
TX_HISTORY sequence=51202 type=7 flags=0x07 encoded_bytes=88 allocated_us=369345386 enqueue_us=369345426 write_start_us=369347087 write_end_us=369348017
TX_HISTORY sequence=51203 type=3 flags=0x07 encoded_bytes=84 allocated_us=369348046 enqueue_us=369348090 write_start_us=369348605 write_end_us=369348942
TX_HISTORY sequence=51204 type=4 flags=0x07 encoded_bytes=84 allocated_us=369348225 enqueue_us=369348262 write_start_us=369348951 write_end_us=369349846
TX_HISTORY sequence=51205 type=2 flags=0x07 encoded_bytes=84 allocated_us=369348350 enqueue_us=369348381 write_start_us=369349855 write_end_us=369350759
TX_HISTORY sequence=51206 type=58 flags=0x07 encoded_bytes=72 allocated_us=369348473 enqueue_us=369348505 write_start_us=369350768 write_end_us=369351533
TX_HISTORY sequence=51207 type=3 flags=0x07 encoded_bytes=84 allocated_us=369358867 enqueue_us=369358923 write_start_us=369359612 write_end_us=369359660
TX_HISTORY sequence=51208 type=4 flags=0x07 encoded_bytes=84 allocated_us=369358953 enqueue_us=369358983 write_start_us=369359685 write_end_us=369360095
TX_HISTORY sequence=51209 type=2 flags=0x07 encoded_bytes=84 allocated_us=369359037 enqueue_us=369359067 write_start_us=369360105 write_end_us=369360993
TX_HISTORY sequence=51210 type=2 flags=0x07 encoded_bytes=84 allocated_us=369359089 enqueue_us=369359119 write_start_us=369361004 write_end_us=369361917
TX_HISTORY sequence=51211 type=56 flags=0x07 encoded_bytes=184 allocated_us=369359173 enqueue_us=369359238 write_start_us=369361926 write_end_us=369363897
TX_HISTORY sequence=51212 type=24 flags=0x07 encoded_bytes=92 allocated_us=369359252 enqueue_us=369359285 write_start_us=369363906 write_end_us=369364895
TX_HISTORY sequence=51213 type=5 flags=0x07 encoded_bytes=224 allocated_us=369368018 enqueue_us=369368110 write_start_us=369368594 write_end_us=369369652
TX_HISTORY sequence=51214 type=16 flags=0x07 encoded_bytes=96 allocated_us=369373492 enqueue_us=369373547 write_start_us=369373689 write_end_us=369373725
TX_HISTORY sequence=51215 type=7 flags=0x07 encoded_bytes=88 allocated_us=369378360 enqueue_us=369378414 write_start_us=369378600 write_end_us=369378633
TX_HISTORY sequence=51216 type=3 flags=0x07 encoded_bytes=84 allocated_us=369384740 enqueue_us=369384795 write_start_us=369385626 write_end_us=369385675
TX_HISTORY sequence=51217 type=4 flags=0x07 encoded_bytes=84 allocated_us=369384905 enqueue_us=369384937 write_start_us=369385702 write_end_us=369386130
TX_HISTORY sequence=51218 type=20 flags=0x07 encoded_bytes=84 allocated_us=369384977 enqueue_us=369385009 write_start_us=369386139 write_end_us=369387024
TX_HISTORY sequence=51219 type=2 flags=0x07 encoded_bytes=84 allocated_us=369385048 enqueue_us=369385078 write_start_us=369387033 write_end_us=369387915
TX_HISTORY sequence=51220 type=3 flags=0x07 encoded_bytes=84 allocated_us=369385341 enqueue_us=369385374 write_start_us=369387924 write_end_us=369388847
TX_HISTORY sequence=51221 type=4 flags=0x07 encoded_bytes=84 allocated_us=369385402 enqueue_us=369385434 write_start_us=369388856 write_end_us=369389738
TX_HISTORY sequence=51222 type=2 flags=0x07 encoded_bytes=84 allocated_us=369385489 enqueue_us=369385530 write_start_us=369389747 write_end_us=369390649
TX_HISTORY sequence=51223 type=3 flags=0x07 encoded_bytes=84 allocated_us=369390941 enqueue_us=369390993 write_start_us=369391605 write_end_us=369391641
TX_HISTORY sequence=51224 type=4 flags=0x07 encoded_bytes=84 allocated_us=369391079 enqueue_us=369391111 write_start_us=369391660 write_end_us=369392474
TX_HISTORY sequence=51225 type=2 flags=0x07 encoded_bytes=84 allocated_us=369391180 enqueue_us=369391219 write_start_us=369392484 write_end_us=369393397
TX_HISTORY sequence=51226 type=22 flags=0x07 encoded_bytes=148 allocated_us=369391278 enqueue_us=369391331 write_start_us=369393407 write_end_us=369394998
TX_HISTORY sequence=51227 type=32 flags=0x07 encoded_bytes=40 allocated_us=369396600 enqueue_us=369396628 write_start_us=369396636 write_end_us=369396653
TX_HISTORY sequence=51228 type=5 flags=0x07 encoded_bytes=224 allocated_us=369401437 enqueue_us=369401528 write_start_us=369401600 write_end_us=369402663
TX_HISTORY sequence=51229 type=3 flags=0x07 encoded_bytes=84 allocated_us=369409382 enqueue_us=369409432 write_start_us=369409636 write_end_us=369409681
TX_HISTORY sequence=51230 type=4 flags=0x07 encoded_bytes=84 allocated_us=369409467 enqueue_us=369409501 write_start_us=369409710 write_end_us=369410110
TX_HISTORY sequence=51231 type=2 flags=0x07 encoded_bytes=84 allocated_us=369410132 enqueue_us=369410168 write_start_us=369410592 write_end_us=369411017
TX_HISTORY sequence=51232 type=2 flags=0x07 encoded_bytes=84 allocated_us=369410218 enqueue_us=369410249 write_start_us=369411026 write_end_us=369411936
TX_HISTORY sequence=51233 type=3 flags=0x07 encoded_bytes=84 allocated_us=369410528 enqueue_us=369410568 write_start_us=369411945 write_end_us=369412834
TX_HISTORY sequence=51234 type=7 flags=0x07 encoded_bytes=88 allocated_us=369411541 enqueue_us=369411575 write_start_us=369412843 write_end_us=369413793
TX_HISTORY sequence=51235 type=4 flags=0x07 encoded_bytes=84 allocated_us=369413913 enqueue_us=369413960 write_start_us=369414616 write_end_us=369414718
TX_HISTORY sequence=51236 type=20 flags=0x07 encoded_bytes=84 allocated_us=369414040 enqueue_us=369414073 write_start_us=369414728 write_end_us=369415614
TX_HISTORY sequence=51237 type=2 flags=0x07 encoded_bytes=84 allocated_us=369414135 enqueue_us=369414174 write_start_us=369415623 write_end_us=369416559
TX_HISTORY sequence=51238 type=3 flags=0x07 encoded_bytes=84 allocated_us=369414546 enqueue_us=369417454 write_start_us=369416582 write_end_us=369417441
TX_HISTORY sequence=51239 type=56 flags=0x07 encoded_bytes=184 allocated_us=369417534 enqueue_us=369419448 write_start_us=369417631 write_end_us=369419432
TX_HISTORY sequence=51240 type=24 flags=0x07 encoded_bytes=92 allocated_us=369419468 enqueue_us=369419506 write_start_us=369419596 write_end_us=369420442
TX_HISTORY sequence=51241 type=4 flags=0x07 encoded_bytes=84 allocated_us=369431308 enqueue_us=369431347 write_start_us=369431843 write_end_us=369431890
TX_HISTORY sequence=51242 type=2 flags=0x07 encoded_bytes=84 allocated_us=369431450 enqueue_us=369431480 write_start_us=369431914 write_end_us=369432324
TX_HISTORY sequence=51243 type=3 flags=0x07 encoded_bytes=84 allocated_us=369432356 enqueue_us=369432420 write_start_us=369432597 write_end_us=369433234
TX_HISTORY sequence=51244 type=4 flags=0x07 encoded_bytes=84 allocated_us=369432542 enqueue_us=369436600 write_start_us=369433250 write_end_us=369434145
TX_HISTORY sequence=51245 type=5 flags=0x07 encoded_bytes=224 allocated_us=369433010 enqueue_us=369433105 write_start_us=369434157 write_end_us=369436583
TX_HISTORY sequence=51246 type=2 flags=0x07 encoded_bytes=84 allocated_us=369436745 enqueue_us=369436787 write_start_us=369437604 write_end_us=369437652
TX_HISTORY sequence=51247 type=2 flags=0x07 encoded_bytes=84 allocated_us=369436820 enqueue_us=369436850 write_start_us=369437677 write_end_us=369438424
TX_HISTORY sequence=51248 type=3 flags=0x07 encoded_bytes=84 allocated_us=369436953 enqueue_us=369436987 write_start_us=369438441 write_end_us=369439296
TX_HISTORY sequence=51249 type=7 flags=0x07 encoded_bytes=88 allocated_us=369443274 enqueue_us=369443329 write_start_us=369443595 write_end_us=369443622
TX_HISTORY sequence=51250 type=4 flags=0x07 encoded_bytes=84 allocated_us=369449328 enqueue_us=369449380 write_start_us=369449850 write_end_us=369449895
TX_HISTORY sequence=51251 type=2 flags=0x07 encoded_bytes=84 allocated_us=369449490 enqueue_us=369449520 write_start_us=369449922 write_end_us=369450333
TX_HISTORY sequence=51252 type=3 flags=0x07 encoded_bytes=84 allocated_us=369450365 enqueue_us=369450410 write_start_us=369450630 write_end_us=369451239
TX_HISTORY sequence=51253 type=4 flags=0x07 encoded_bytes=84 allocated_us=369450573 enqueue_us=369452164 write_start_us=369451249 write_end_us=369452149
TX_HISTORY sequence=51254 type=20 flags=0x07 encoded_bytes=84 allocated_us=369452267 enqueue_us=369452311 write_start_us=369452602 write_end_us=369453061
TX_HISTORY sequence=51255 type=2 flags=0x07 encoded_bytes=84 allocated_us=369452359 enqueue_us=369452395 write_start_us=369453072 write_end_us=369453965
TX_HISTORY sequence=51256 type=3 flags=0x07 encoded_bytes=84 allocated_us=369464525 enqueue_us=369464681 write_start_us=369464612 write_end_us=369464651
TX_HISTORY sequence=51257 type=4 flags=0x07 encoded_bytes=84 allocated_us=369464716 enqueue_us=369464746 write_start_us=369465609 write_end_us=369465648
TX_HISTORY sequence=51258 type=2 flags=0x07 encoded_bytes=84 allocated_us=369464825 enqueue_us=369464869 write_start_us=369465667 write_end_us=369466070
TX_HISTORY sequence=51259 type=3 flags=0x07 encoded_bytes=84 allocated_us=369465205 enqueue_us=369465248 write_start_us=369466079 write_end_us=369466992
TX_HISTORY sequence=51260 type=4 flags=0x07 encoded_bytes=84 allocated_us=369465302 enqueue_us=369465332 write_start_us=369467002 write_end_us=369467891
TX_HISTORY sequence=51261 type=2 flags=0x07 encoded_bytes=84 allocated_us=369465369 enqueue_us=369465399 write_start_us=369467902 write_end_us=369468810
TX_HISTORY sequence=51262 type=5 flags=0x07 encoded_bytes=224 allocated_us=369467153 enqueue_us=369467239 write_start_us=369468819 write_end_us=369471251
TX_HISTORY sequence=51263 type=7 flags=0x07 encoded_bytes=88 allocated_us=369477288 enqueue_us=369477341 write_start_us=369477600 write_end_us=369477637
TX_HISTORY sequence=51264 type=2 flags=0x07 encoded_bytes=84 allocated_us=369485492 enqueue_us=369485544 write_start_us=369485609 write_end_us=369485645
TX_HISTORY sequence=51265 type=3 flags=0x07 encoded_bytes=84 allocated_us=369485952 enqueue_us=369485986 write_start_us=369486618 write_end_us=369486653
TX_HISTORY sequence=51266 type=4 flags=0x07 encoded_bytes=84 allocated_us=369486012 enqueue_us=369486045 write_start_us=369486674 write_end_us=369487085
TX_HISTORY sequence=51267 type=2 flags=0x07 encoded_bytes=84 allocated_us=369486070 enqueue_us=369486100 write_start_us=369487094 write_end_us=369488007
TX_HISTORY sequence=51268 type=3 flags=0x07 encoded_bytes=84 allocated_us=369486417 enqueue_us=369486453 write_start_us=369488017 write_end_us=369488908
TX_HISTORY sequence=51269 type=4 flags=0x07 encoded_bytes=84 allocated_us=369486519 enqueue_us=369486558 write_start_us=369488917 write_end_us=369489820
TX_HISTORY sequence=51270 type=20 flags=0x07 encoded_bytes=84 allocated_us=369489853 enqueue_us=369489891 write_start_us=369490596 write_end_us=369490720
TX_HISTORY sequence=51271 type=2 flags=0x07 encoded_bytes=84 allocated_us=369489950 enqueue_us=369489984 write_start_us=369490730 write_end_us=369491637
TX_HISTORY sequence=51272 type=56 flags=0x07 encoded_bytes=184 allocated_us=369490045 enqueue_us=369490111 write_start_us=369491646 write_end_us=369493630
TX_HISTORY sequence=51273 type=24 flags=0x07 encoded_bytes=92 allocated_us=369490129 enqueue_us=369490162 write_start_us=369493640 write_end_us=369494621
TX_HISTORY sequence=51274 type=32 flags=0x07 encoded_bytes=40 allocated_us=369496596 enqueue_us=369496618 write_start_us=369496628 write_end_us=369496646
TX_HISTORY sequence=51275 type=5 flags=0x07 encoded_bytes=224 allocated_us=369499090 enqueue_us=369499186 write_start_us=369499600 write_end_us=369500659
TX_HISTORY sequence=51276 type=7 flags=0x07 encoded_bytes=88 allocated_us=369509341 enqueue_us=369509428 write_start_us=369509616 write_end_us=369509663
TX_HISTORY sequence=51277 type=3 flags=0x07 encoded_bytes=84 allocated_us=369509440 enqueue_us=369509474 write_start_us=369509683 write_end_us=369510158
TX_HISTORY sequence=51278 type=4 flags=0x07 encoded_bytes=84 allocated_us=369509501 enqueue_us=369509531 write_start_us=369510168 write_end_us=369511040
TX_HISTORY sequence=51279 type=2 flags=0x07 encoded_bytes=84 allocated_us=369511064 enqueue_us=369511105 write_start_us=369511605 write_end_us=369511958
TX_HISTORY sequence=51280 type=3 flags=0x07 encoded_bytes=84 allocated_us=369511456 enqueue_us=369511497 write_start_us=369511968 write_end_us=369512875
TX_HISTORY sequence=51281 type=4 flags=0x07 encoded_bytes=84 allocated_us=369512923 enqueue_us=369512966 write_start_us=369513613 write_end_us=369513777
TX_HISTORY sequence=51282 type=2 flags=0x07 encoded_bytes=84 allocated_us=369513051 enqueue_us=369513088 write_start_us=369513786 write_end_us=369514696
TX_HISTORY sequence=51283 type=2 flags=0x07 encoded_bytes=84 allocated_us=369513114 enqueue_us=369513151 write_start_us=369514705 write_end_us=369515609
TX_HISTORY sequence=51284 type=3 flags=0x07 encoded_bytes=84 allocated_us=369513490 enqueue_us=369513526 write_start_us=369515619 write_end_us=369516508
TX_HISTORY sequence=51285 type=22 flags=0x07 encoded_bytes=148 allocated_us=369516527 enqueue_us=369518132 write_start_us=369516609 write_end_us=369518117
TX_HISTORY sequence=51286 type=4 flags=0x07 encoded_bytes=84 allocated_us=369522272 enqueue_us=369522316 write_start_us=369522613 write_end_us=369522643
TX_HISTORY sequence=51287 type=5 flags=0x07 encoded_bytes=224 allocated_us=369531966 enqueue_us=369532063 write_start_us=369532597 write_end_us=369533656
TX_HISTORY sequence=51288 type=2 flags=0x07 encoded_bytes=84 allocated_us=369538344 enqueue_us=369538400 write_start_us=369538784 write_end_us=369538860
TX_HISTORY sequence=51289 type=3 flags=0x07 encoded_bytes=84 allocated_us=369538929 enqueue_us=369538975 write_start_us=369539832 write_end_us=369539887
TX_HISTORY sequence=51290 type=4 flags=0x07 encoded_bytes=84 allocated_us=369539128 enqueue_us=369539174 write_start_us=369539929 write_end_us=369540545
TX_HISTORY sequence=51291 type=20 flags=0x07 encoded_bytes=84 allocated_us=369539256 enqueue_us=369539298 write_start_us=369540697 write_end_us=369541260
TX_HISTORY sequence=51292 type=2 flags=0x07 encoded_bytes=84 allocated_us=369539356 enqueue_us=369539395 write_start_us=369541277 write_end_us=369542141
TX_HISTORY sequence=51293 type=16 flags=0x07 encoded_bytes=96 allocated_us=369539958 enqueue_us=369540003 write_start_us=369542158 write_end_us=369543209
TX_HISTORY sequence=51294 type=3 flags=0x07 encoded_bytes=84 allocated_us=369540599 enqueue_us=369540683 write_start_us=369543226 write_end_us=369544096
TX_HISTORY sequence=51295 type=4 flags=0x07 encoded_bytes=84 allocated_us=369544131 enqueue_us=369544170 write_start_us=369544650 write_end_us=369545005
TX_HISTORY sequence=51296 type=2 flags=0x07 encoded_bytes=84 allocated_us=369544246 enqueue_us=369544279 write_start_us=369545016 write_end_us=369545913
TX_HISTORY sequence=51297 type=3 flags=0x07 encoded_bytes=84 allocated_us=369545945 enqueue_us=369545992 write_start_us=369546594 write_end_us=369546825
TX_HISTORY sequence=51298 type=4 flags=0x07 encoded_bytes=84 allocated_us=369546102 enqueue_us=369546137 write_start_us=369546835 write_end_us=369547732
TX_HISTORY sequence=51299 type=56 flags=0x07 encoded_bytes=184 allocated_us=369546205 enqueue_us=369546274 write_start_us=369547741 write_end_us=369549727
TX_HISTORY sequence=51300 type=57 flags=0x07 encoded_bytes=72 allocated_us=369546284 enqueue_us=369546311 write_start_us=369549736 write_end_us=369550513
TX_HISTORY sequence=51301 type=24 flags=0x07 encoded_bytes=92 allocated_us=369546322 enqueue_us=369546357 write_start_us=369550522 write_end_us=369551509
TX_HISTORY sequence=51302 type=7 flags=0x07 encoded_bytes=88 allocated_us=369546877 enqueue_us=369546916 write_start_us=369551518 write_end_us=369552467
TX_HISTORY sequence=51303 type=2 flags=0x07 encoded_bytes=84 allocated_us=369562741 enqueue_us=369562797 write_start_us=369563649 write_end_us=369563701
TX_HISTORY sequence=51304 type=2 flags=0x07 encoded_bytes=84 allocated_us=369562827 enqueue_us=369562858 write_start_us=369563724 write_end_us=369564132
TX_HISTORY sequence=51305 type=3 flags=0x07 encoded_bytes=84 allocated_us=369563165 enqueue_us=369563196 write_start_us=369564141 write_end_us=369565131
TX_HISTORY sequence=51306 type=4 flags=0x07 encoded_bytes=84 allocated_us=369563216 enqueue_us=369563247 write_start_us=369565142 write_end_us=369565952
TX_HISTORY sequence=51307 type=2 flags=0x07 encoded_bytes=84 allocated_us=369563274 enqueue_us=369563304 write_start_us=369565961 write_end_us=369566865
TX_HISTORY sequence=51308 type=3 flags=0x07 encoded_bytes=84 allocated_us=369563391 enqueue_us=369563423 write_start_us=369566875 write_end_us=369567776
TX_HISTORY sequence=51309 type=4 flags=0x07 encoded_bytes=84 allocated_us=369563469 enqueue_us=369563501 write_start_us=369567785 write_end_us=369568681
TX_HISTORY sequence=51310 type=58 flags=0x07 encoded_bytes=72 allocated_us=369563570 enqueue_us=369571912 write_start_us=369568690 write_end_us=369569464
TX_HISTORY sequence=51311 type=5 flags=0x07 encoded_bytes=224 allocated_us=369565018 enqueue_us=369565118 write_start_us=369569473 write_end_us=369571898
TX_HISTORY sequence=51312 type=7 flags=0x07 encoded_bytes=88 allocated_us=369575293 enqueue_us=369575341 write_start_us=369575597 write_end_us=369575629
TX_HISTORY sequence=51313 type=20 flags=0x07 encoded_bytes=84 allocated_us=369583030 enqueue_us=369583083 write_start_us=369583606 write_end_us=369583654
TX_HISTORY sequence=51314 type=2 flags=0x07 encoded_bytes=84 allocated_us=369583164 enqueue_us=369583203 write_start_us=369583679 write_end_us=369584087
TX_HISTORY sequence=51315 type=3 flags=0x07 encoded_bytes=84 allocated_us=369583535 enqueue_us=369585001 write_start_us=369584098 write_end_us=369584988
TX_HISTORY sequence=51316 type=4 flags=0x07 encoded_bytes=84 allocated_us=369585053 enqueue_us=369585101 write_start_us=369585605 write_end_us=369585910
TX_HISTORY sequence=51317 type=2 flags=0x07 encoded_bytes=84 allocated_us=369585165 enqueue_us=369585196 write_start_us=369585920 write_end_us=369586805
TX_HISTORY sequence=51318 type=3 flags=0x07 encoded_bytes=84 allocated_us=369585302 enqueue_us=369585338 write_start_us=369586814 write_end_us=369587722
TX_HISTORY sequence=51319 type=4 flags=0x07 encoded_bytes=84 allocated_us=369585417 enqueue_us=369585455 write_start_us=369587731 write_end_us=369588642
TX_HISTORY sequence=51320 type=2 flags=0x07 encoded_bytes=84 allocated_us=369592208 enqueue_us=369592257 write_start_us=369592602 write_end_us=369592639
TX_HISTORY sequence=51321 type=2 flags=0x07 encoded_bytes=84 allocated_us=369592296 enqueue_us=369592327 write_start_us=369592655 write_end_us=369593069
TX_HISTORY sequence=51322 type=32 flags=0x07 encoded_bytes=40 allocated_us=369596596 enqueue_us=369596618 write_start_us=369596626 write_end_us=369596647
TX_HISTORY sequence=51323 type=3 flags=0x07 encoded_bytes=84 allocated_us=369597739 enqueue_us=369597784 write_start_us=369598604 write_end_us=369598627
TX_HISTORY sequence=51324 type=4 flags=0x07 encoded_bytes=84 allocated_us=369597810 enqueue_us=369597842 write_start_us=369598651 write_end_us=369599058
TX_HISTORY sequence=51325 type=2 flags=0x07 encoded_bytes=84 allocated_us=369597876 enqueue_us=369597906 write_start_us=369599067 write_end_us=369599970
TX_HISTORY sequence=51326 type=56 flags=0x07 encoded_bytes=184 allocated_us=369597954 enqueue_us=369598019 write_start_us=369599979 write_end_us=369601955
TX_HISTORY sequence=51327 type=24 flags=0x07 encoded_bytes=92 allocated_us=369598034 enqueue_us=369598074 write_start_us=369601964 write_end_us=369602954
TX_HISTORY sequence=51328 type=5 flags=0x07 encoded_bytes=224 allocated_us=369598200 enqueue_us=369598279 write_start_us=369602963 write_end_us=369605405
TX_HISTORY sequence=51329 type=7 flags=0x07 encoded_bytes=88 allocated_us=369608282 enqueue_us=369608334 write_start_us=369608598 write_end_us=369608632
TX_HISTORY sequence=51330 type=20 flags=0x07 encoded_bytes=84 allocated_us=369623985 enqueue_us=369624043 write_start_us=369624640 write_end_us=369624689
TX_HISTORY sequence=51331 type=3 flags=0x07 encoded_bytes=84 allocated_us=369624484 enqueue_us=369624515 write_start_us=369624718 write_end_us=369625111
TX_HISTORY sequence=51332 type=4 flags=0x07 encoded_bytes=84 allocated_us=369624569 enqueue_us=369626050 write_start_us=369625121 write_end_us=369626035
TX_HISTORY sequence=51333 type=2 flags=0x07 encoded_bytes=84 allocated_us=369626139 enqueue_us=369626184 write_start_us=369626605 write_end_us=369626937
TX_HISTORY sequence=51334 type=3 flags=0x07 encoded_bytes=84 allocated_us=369626455 enqueue_us=369626488 write_start_us=369626946 write_end_us=369627854
TX_HISTORY sequence=51335 type=4 flags=0x07 encoded_bytes=84 allocated_us=369626501 enqueue_us=369626532 write_start_us=369627863 write_end_us=369628750
TX_HISTORY sequence=51336 type=2 flags=0x07 encoded_bytes=84 allocated_us=369626554 enqueue_us=369629676 write_start_us=369628759 write_end_us=369629662
TX_HISTORY sequence=51337 type=3 flags=0x07 encoded_bytes=84 allocated_us=369630009 enqueue_us=369630050 write_start_us=369630608 write_end_us=369630642
TX_HISTORY sequence=51338 type=4 flags=0x07 encoded_bytes=84 allocated_us=369630093 enqueue_us=369630124 write_start_us=369630659 write_end_us=369631486
TX_HISTORY sequence=51339 type=2 flags=0x07 encoded_bytes=84 allocated_us=369630155 enqueue_us=369630185 write_start_us=369631495 write_end_us=369632407
TX_HISTORY sequence=51340 type=2 flags=0x07 encoded_bytes=84 allocated_us=369630208 enqueue_us=369630238 write_start_us=369632420 write_end_us=369633312
TX_HISTORY sequence=51341 type=22 flags=0x07 encoded_bytes=148 allocated_us=369630290 enqueue_us=369630342 write_start_us=369633321 write_end_us=369634920
TX_HISTORY sequence=51342 type=5 flags=0x07 encoded_bytes=224 allocated_us=369636222 enqueue_us=369636315 write_start_us=369636594 write_end_us=369637654
TX_HISTORY sequence=51343 type=7 flags=0x07 encoded_bytes=88 allocated_us=369646324 enqueue_us=369646378 write_start_us=369646600 write_end_us=369646636
TX_HISTORY sequence=51344 type=3 flags=0x07 encoded_bytes=84 allocated_us=369652214 enqueue_us=369652268 write_start_us=369652684 write_end_us=369652729
TX_HISTORY sequence=51345 type=4 flags=0x07 encoded_bytes=84 allocated_us=369652295 enqueue_us=369652326 write_start_us=369652752 write_end_us=369653159
TX_HISTORY sequence=51346 type=2 flags=0x07 encoded_bytes=84 allocated_us=369652376 enqueue_us=369652406 write_start_us=369653168 write_end_us=369654074
TX_HISTORY sequence=51347 type=3 flags=0x07 encoded_bytes=84 allocated_us=369654100 enqueue_us=369654136 write_start_us=369654717 write_end_us=369654972
TX_HISTORY sequence=51348 type=4 flags=0x07 encoded_bytes=84 allocated_us=369654218 enqueue_us=369654249 write_start_us=369654982 write_end_us=369655893
TX_HISTORY sequence=51349 type=20 flags=0x07 encoded_bytes=84 allocated_us=369654296 enqueue_us=369654328 write_start_us=369655902 write_end_us=369656792
TX_HISTORY sequence=51350 type=2 flags=0x07 encoded_bytes=84 allocated_us=369654356 enqueue_us=369654387 write_start_us=369656801 write_end_us=369657707
TX_HISTORY sequence=51351 type=3 flags=0x07 encoded_bytes=84 allocated_us=369657738 enqueue_us=369657786 write_start_us=369658606 write_end_us=369658643
TX_HISTORY sequence=51352 type=4 flags=0x07 encoded_bytes=84 allocated_us=369657817 enqueue_us=369657847 write_start_us=369658666 write_end_us=369659527
TX_HISTORY sequence=51353 type=2 flags=0x07 encoded_bytes=84 allocated_us=369657896 enqueue_us=369657926 write_start_us=369659536 write_end_us=369660441
TX_HISTORY sequence=51354 type=56 flags=0x07 encoded_bytes=184 allocated_us=369657984 enqueue_us=369658048 write_start_us=369660450 write_end_us=369662434
TX_HISTORY sequence=51355 type=24 flags=0x07 encoded_bytes=92 allocated_us=369658063 enqueue_us=369658097 write_start_us=369662443 write_end_us=369663434
TX_HISTORY sequence=51356 type=5 flags=0x07 encoded_bytes=224 allocated_us=369664103 enqueue_us=369664193 write_start_us=369664596 write_end_us=369665860
TX_HISTORY sequence=51357 type=7 flags=0x07 encoded_bytes=88 allocated_us=369674356 enqueue_us=369674419 write_start_us=369674599 write_end_us=369674636
TX_HISTORY sequence=51358 type=2 flags=0x07 encoded_bytes=84 allocated_us=369676431 enqueue_us=369676477 write_start_us=369676817 write_end_us=369676858
TX_HISTORY sequence=51359 type=3 flags=0x07 encoded_bytes=84 allocated_us=369676893 enqueue_us=369676929 write_start_us=369677617 write_end_us=369677663
TX_HISTORY sequence=51360 type=4 flags=0x07 encoded_bytes=84 allocated_us=369677033 enqueue_us=369677069 write_start_us=369677686 write_end_us=369678204
TX_HISTORY sequence=51361 type=2 flags=0x07 encoded_bytes=84 allocated_us=369677129 enqueue_us=369677169 write_start_us=369678213 write_end_us=369679110
TX_HISTORY sequence=51362 type=3 flags=0x07 encoded_bytes=84 allocated_us=369677294 enqueue_us=369677346 write_start_us=369679136 write_end_us=369680026
TX_HISTORY sequence=51363 type=4 flags=0x07 encoded_bytes=84 allocated_us=369677381 enqueue_us=369677415 write_start_us=369680035 write_end_us=369680922
TX_HISTORY sequence=51364 type=2 flags=0x07 encoded_bytes=84 allocated_us=369677458 enqueue_us=369677488 write_start_us=369680931 write_end_us=369681843
TX_HISTORY sequence=51365 type=3 flags=0x07 encoded_bytes=84 allocated_us=369693412 enqueue_us=369693469 write_start_us=369693638 write_end_us=369693679
TX_HISTORY sequence=51366 type=4 flags=0x07 encoded_bytes=84 allocated_us=369693570 enqueue_us=369694130 write_start_us=369693701 write_end_us=369694115
TX_HISTORY sequence=51367 type=20 flags=0x07 encoded_bytes=84 allocated_us=369694213 enqueue_us=369694253 write_start_us=369694628 write_end_us=369695009
TX_HISTORY sequence=51368 type=2 flags=0x07 encoded_bytes=84 allocated_us=369694295 enqueue_us=369694325 write_start_us=369695020 write_end_us=369695926
TX_HISTORY sequence=51369 type=3 flags=0x07 encoded_bytes=84 allocated_us=369695951 enqueue_us=369695993 write_start_us=369696631 write_end_us=369696838
TX_HISTORY sequence=51370 type=4 flags=0x07 encoded_bytes=84 allocated_us=369696020 enqueue_us=369696052 write_start_us=369696851 write_end_us=369697751
TX_HISTORY sequence=51371 type=2 flags=0x07 encoded_bytes=84 allocated_us=369696096 enqueue_us=369696126 write_start_us=369697760 write_end_us=369698699
TX_HISTORY sequence=51372 type=32 flags=0x07 encoded_bytes=40 allocated_us=369696596 enqueue_us=369696616 write_start_us=369698715 write_end_us=369699117
TX_HISTORY sequence=51373 type=5 flags=0x07 encoded_bytes=224 allocated_us=369697044 enqueue_us=369697135 write_start_us=369699134 write_end_us=369701541
TX_HISTORY sequence=51374 type=16 flags=0x07 encoded_bytes=96 allocated_us=369704814 enqueue_us=369704924 write_start_us=369705664 write_end_us=369705713
TX_HISTORY sequence=51375 type=7 flags=0x07 encoded_bytes=88 allocated_us=369708285 enqueue_us=369708335 write_start_us=369708592 write_end_us=369708617
TX_HISTORY sequence=51376 type=2 flags=0x07 encoded_bytes=84 allocated_us=369715472 enqueue_us=369715516 write_start_us=369715863 write_end_us=369715905
TX_HISTORY sequence=51377 type=3 flags=0x07 encoded_bytes=84 allocated_us=369715940 enqueue_us=369715979 write_start_us=369716647 write_end_us=369716686
TX_HISTORY sequence=51378 type=4 flags=0x07 encoded_bytes=84 allocated_us=369716082 enqueue_us=369716122 write_start_us=369716713 write_end_us=369717237
TX_HISTORY sequence=51379 type=2 flags=0x07 encoded_bytes=84 allocated_us=369716210 enqueue_us=369716258 write_start_us=369717246 write_end_us=369718152
TX_HISTORY sequence=51380 type=3 flags=0x07 encoded_bytes=84 allocated_us=369716362 enqueue_us=369716400 write_start_us=369718163 write_end_us=369719068
TX_HISTORY sequence=51381 type=4 flags=0x07 encoded_bytes=84 allocated_us=369716421 enqueue_us=369716451 write_start_us=369719078 write_end_us=369719989
TX_HISTORY sequence=51382 type=2 flags=0x07 encoded_bytes=84 allocated_us=369716492 enqueue_us=369716524 write_start_us=369719998 write_end_us=369720882
TX_HISTORY sequence=51383 type=56 flags=0x07 encoded_bytes=184 allocated_us=369720902 enqueue_us=369720981 write_start_us=369721593 write_end_us=369722873
TX_HISTORY sequence=51384 type=57 flags=0x07 encoded_bytes=72 allocated_us=369720990 enqueue_us=369721017 write_start_us=369722882 write_end_us=369723656
TX_HISTORY sequence=51385 type=24 flags=0x07 encoded_bytes=92 allocated_us=369721027 enqueue_us=369721059 write_start_us=369723665 write_end_us=369724654
TX_HISTORY sequence=51386 type=3 flags=0x07 encoded_bytes=84 allocated_us=369728678 enqueue_us=369728722 write_start_us=369729607 write_end_us=369729657
TX_HISTORY sequence=51387 type=4 flags=0x07 encoded_bytes=84 allocated_us=369728834 enqueue_us=369728887 write_start_us=369729688 write_end_us=369730087
TX_HISTORY sequence=51388 type=5 flags=0x07 encoded_bytes=224 allocated_us=369730293 enqueue_us=369730384 write_start_us=369730596 write_end_us=369732508
TX_HISTORY sequence=51389 type=7 flags=0x07 encoded_bytes=88 allocated_us=369740416 enqueue_us=369740468 write_start_us=369740600 write_end_us=369740633
TX_HISTORY sequence=51390 type=20 flags=0x07 encoded_bytes=84 allocated_us=369745923 enqueue_us=369745975 write_start_us=369746622 write_end_us=369746667
TX_HISTORY sequence=51391 type=2 flags=0x07 encoded_bytes=84 allocated_us=369746023 enqueue_us=369746053 write_start_us=369746693 write_end_us=369747101
TX_HISTORY sequence=51392 type=3 flags=0x07 encoded_bytes=84 allocated_us=369746409 enqueue_us=369746451 write_start_us=369747111 write_end_us=369747996
TX_HISTORY sequence=51393 type=4 flags=0x07 encoded_bytes=84 allocated_us=369746477 enqueue_us=369746518 write_start_us=369748006 write_end_us=369748906
TX_HISTORY sequence=51394 type=2 flags=0x07 encoded_bytes=84 allocated_us=369746563 enqueue_us=369749833 write_start_us=369748916 write_end_us=369749818
TX_HISTORY sequence=51395 type=2 flags=0x07 encoded_bytes=84 allocated_us=369749915 enqueue_us=369749964 write_start_us=369750607 write_end_us=369750744
TX_HISTORY sequence=51396 type=3 flags=0x07 encoded_bytes=84 allocated_us=369750243 enqueue_us=369750282 write_start_us=369750753 write_end_us=369751646
TX_HISTORY sequence=51397 type=4 flags=0x07 encoded_bytes=84 allocated_us=369750404 enqueue_us=369750441 write_start_us=369751656 write_end_us=369752557
TX_HISTORY sequence=51398 type=2 flags=0x07 encoded_bytes=84 allocated_us=369750496 enqueue_us=369750530 write_start_us=369752566 write_end_us=369753470
TX_HISTORY sequence=51399 type=22 flags=0x07 encoded_bytes=148 allocated_us=369753489 enqueue_us=369753545 write_start_us=369753596 write_end_us=369755078
TX_HISTORY sequence=51400 type=5 flags=0x07 encoded_bytes=224 allocated_us=369762998 enqueue_us=369763097 write_start_us=369763599 write_end_us=369764653
TX_HISTORY sequence=51401 type=3 flags=0x07 encoded_bytes=84 allocated_us=369772332 enqueue_us=369772392 write_start_us=369772804 write_end_us=369772852
TX_HISTORY sequence=51402 type=4 flags=0x07 encoded_bytes=84 allocated_us=369772423 enqueue_us=369772454 write_start_us=369772883 write_end_us=369773281
TX_HISTORY sequence=51403 type=2 flags=0x07 encoded_bytes=84 allocated_us=369772503 enqueue_us=369772535 write_start_us=369773290 write_end_us=369774227
TX_HISTORY sequence=51404 type=7 flags=0x07 encoded_bytes=88 allocated_us=369773386 enqueue_us=369773420 write_start_us=369774243 write_end_us=369775152
TX_HISTORY sequence=51405 type=3 flags=0x07 encoded_bytes=84 allocated_us=369775177 enqueue_us=369775222 write_start_us=369775632 write_end_us=369776048
TX_HISTORY sequence=51406 type=4 flags=0x07 encoded_bytes=84 allocated_us=369775334 enqueue_us=369775370 write_start_us=369776057 write_end_us=369776968
TX_HISTORY sequence=51407 type=20 flags=0x07 encoded_bytes=84 allocated_us=369775439 enqueue_us=369775471 write_start_us=369776979 write_end_us=369777877
TX_HISTORY sequence=51408 type=2 flags=0x07 encoded_bytes=84 allocated_us=369775515 enqueue_us=369775545 write_start_us=369777886 write_end_us=369778790
TX_HISTORY sequence=51409 type=3 flags=0x07 encoded_bytes=84 allocated_us=369779092 enqueue_us=369779160 write_start_us=369779614 write_end_us=369779688
TX_HISTORY sequence=51410 type=4 flags=0x07 encoded_bytes=84 allocated_us=369779212 enqueue_us=369779247 write_start_us=369779698 write_end_us=369780620
TX_HISTORY sequence=51411 type=2 flags=0x07 encoded_bytes=84 allocated_us=369779313 enqueue_us=369779343 write_start_us=369780629 write_end_us=369781520
TX_HISTORY sequence=51412 type=56 flags=0x07 encoded_bytes=184 allocated_us=369779396 enqueue_us=369779467 write_start_us=369781530 write_end_us=369783512
TX_HISTORY sequence=51413 type=58 flags=0x07 encoded_bytes=72 allocated_us=369779514 enqueue_us=369779542 write_start_us=369783521 write_end_us=369784304
TX_HISTORY sequence=51414 type=24 flags=0x07 encoded_bytes=92 allocated_us=369779556 enqueue_us=369785321 write_start_us=369784313 write_end_us=369785304
TX_HISTORY sequence=51415 type=2 flags=0x07 encoded_bytes=84 allocated_us=369788715 enqueue_us=369788769 write_start_us=369789610 write_end_us=369789655
TX_HISTORY sequence=51416 type=5 flags=0x07 encoded_bytes=224 allocated_us=369796429 enqueue_us=369796513 write_start_us=369796620 write_end_us=369797672
TX_HISTORY sequence=51417 type=32 flags=0x07 encoded_bytes=40 allocated_us=369796595 enqueue_us=369796611 write_start_us=369797683 write_end_us=369798119
TX_HISTORY sequence=51418 type=16 flags=0x07 encoded_bytes=96 allocated_us=369800614 enqueue_us=369800668 write_start_us=369801605 write_end_us=369801660
TX_HISTORY sequence=51419 type=7 flags=0x07 encoded_bytes=88 allocated_us=369806385 enqueue_us=369806439 write_start_us=369806600 write_end_us=369806635
TX_HISTORY sequence=51420 type=3 flags=0x07 encoded_bytes=84 allocated_us=369807831 enqueue_us=369807883 write_start_us=369808700 write_end_us=369808746
TX_HISTORY sequence=51421 type=4 flags=0x07 encoded_bytes=84 allocated_us=369807987 enqueue_us=369808018 write_start_us=369808769 write_end_us=369809209
TX_HISTORY sequence=51422 type=2 flags=0x07 encoded_bytes=84 allocated_us=369808067 enqueue_us=369808105 write_start_us=369809226 write_end_us=369810095
TX_HISTORY sequence=51423 type=3 flags=0x07 encoded_bytes=84 allocated_us=369808184 enqueue_us=369808223 write_start_us=369810120 write_end_us=369810988
TX_HISTORY sequence=51424 type=4 flags=0x07 encoded_bytes=84 allocated_us=369808284 enqueue_us=369808327 write_start_us=369810997 write_end_us=369811898
TX_HISTORY sequence=51425 type=2 flags=0x07 encoded_bytes=84 allocated_us=369808379 enqueue_us=369808411 write_start_us=369811907 write_end_us=369812823
TX_HISTORY sequence=51426 type=3 flags=0x07 encoded_bytes=84 allocated_us=369812852 enqueue_us=369812902 write_start_us=369813606 write_end_us=369813732
TX_HISTORY sequence=51427 type=4 flags=0x07 encoded_bytes=84 allocated_us=369812993 enqueue_us=369813025 write_start_us=369813741 write_end_us=369814638
TX_HISTORY sequence=51428 type=20 flags=0x07 encoded_bytes=84 allocated_us=369813082 enqueue_us=369813114 write_start_us=369814647 write_end_us=369815552
TX_HISTORY sequence=51429 type=2 flags=0x07 encoded_bytes=84 allocated_us=369813143 enqueue_us=369813173 write_start_us=369815561 write_end_us=369816467
TX_HISTORY sequence=51430 type=3 flags=0x07 encoded_bytes=84 allocated_us=369813471 enqueue_us=369813506 write_start_us=369816476 write_end_us=369817379
TX_HISTORY sequence=51431 type=4 flags=0x07 encoded_bytes=84 allocated_us=369827289 enqueue_us=369827345 write_start_us=369827886 write_end_us=369827925
TX_HISTORY sequence=51432 type=2 flags=0x07 encoded_bytes=84 allocated_us=369827445 enqueue_us=369827475 write_start_us=369827951 write_end_us=369828362
TX_HISTORY sequence=51433 type=2 flags=0x07 encoded_bytes=84 allocated_us=369827497 enqueue_us=369827529 write_start_us=369828371 write_end_us=369829271
TX_HISTORY sequence=51434 type=5 flags=0x07 encoded_bytes=224 allocated_us=369829039 enqueue_us=369829137 write_start_us=369829285 write_end_us=369831701
TX_HISTORY sequence=51435 type=3 flags=0x07 encoded_bytes=84 allocated_us=369831737 enqueue_us=369831781 write_start_us=369832602 write_end_us=369832647
TX_HISTORY sequence=51436 type=4 flags=0x07 encoded_bytes=84 allocated_us=369831916 enqueue_us=369831948 write_start_us=369832668 write_end_us=369833524
TX_HISTORY sequence=51437 type=2 flags=0x07 encoded_bytes=84 allocated_us=369832038 enqueue_us=369832068 write_start_us=369833540 write_end_us=369834432
TX_HISTORY sequence=51438 type=56 flags=0x07 encoded_bytes=184 allocated_us=369832155 enqueue_us=369832241 write_start_us=369834442 write_end_us=369836419
TX_HISTORY sequence=51439 type=24 flags=0x07 encoded_bytes=92 allocated_us=369832260 enqueue_us=369832295 write_start_us=369836428 write_end_us=369837420
TX_HISTORY sequence=51440 type=7 flags=0x07 encoded_bytes=88 allocated_us=369839363 enqueue_us=369839417 write_start_us=369839597 write_end_us=369839623
TX_HISTORY sequence=51441 type=3 flags=0x07 encoded_bytes=84 allocated_us=369843413 enqueue_us=369843473 write_start_us=369843634 write_end_us=369843679
TX_HISTORY sequence=51442 type=4 flags=0x07 encoded_bytes=84 allocated_us=369843536 enqueue_us=369843566 write_start_us=369843705 write_end_us=369844134
TX_HISTORY sequence=51443 type=2 flags=0x07 encoded_bytes=84 allocated_us=369844208 enqueue_us=369844254 write_start_us=369844595 write_end_us=369845012
TX_HISTORY sequence=51444 type=3 flags=0x07 encoded_bytes=84 allocated_us=369857370 enqueue_us=369857425 write_start_us=369857621 write_end_us=369857662
TX_HISTORY sequence=51445 type=4 flags=0x07 encoded_bytes=84 allocated_us=369857526 enqueue_us=369857556 write_start_us=369857684 write_end_us=369858102
TX_HISTORY sequence=51446 type=20 flags=0x07 encoded_bytes=84 allocated_us=369858153 enqueue_us=369858192 write_start_us=369858674 write_end_us=369859004
TX_HISTORY sequence=51447 type=2 flags=0x07 encoded_bytes=84 allocated_us=369858256 enqueue_us=369858286 write_start_us=369859017 write_end_us=369859910
TX_HISTORY sequence=51448 type=2 flags=0x07 encoded_bytes=84 allocated_us=369858310 enqueue_us=369858340 write_start_us=369859919 write_end_us=369860822
TX_HISTORY sequence=51449 type=3 flags=0x07 encoded_bytes=84 allocated_us=369860852 enqueue_us=369860898 write_start_us=369861606 write_end_us=369861745
TX_HISTORY sequence=51450 type=4 flags=0x07 encoded_bytes=84 allocated_us=369860930 enqueue_us=369860960 write_start_us=369861754 write_end_us=369862652
TX_HISTORY sequence=51451 type=2 flags=0x07 encoded_bytes=84 allocated_us=369861011 enqueue_us=369861041 write_start_us=369862663 write_end_us=369863584
TX_HISTORY sequence=51452 type=22 flags=0x07 encoded_bytes=148 allocated_us=369861097 enqueue_us=369861149 write_start_us=369863594 write_end_us=369865188
TX_HISTORY sequence=51453 type=5 flags=0x07 encoded_bytes=224 allocated_us=369861981 enqueue_us=369862068 write_start_us=369865224 write_end_us=369867627
TX_HISTORY sequence=51454 type=11 flags=0x07 encoded_bytes=56 allocated_us=369868456 enqueue_us=369868492 write_start_us=369868599 write_end_us=369868625
TX_HISTORY sequence=51455 type=7 flags=0x07 encoded_bytes=88 allocated_us=369872291 enqueue_us=369872382 write_start_us=369872624 write_end_us=369872668
TX_HISTORY sequence=51456 type=3 flags=0x07 encoded_bytes=84 allocated_us=369873007 enqueue_us=369873044 write_start_us=369873601 write_end_us=369873632
TX_HISTORY sequence=51457 type=4 flags=0x07 encoded_bytes=84 allocated_us=369873112 enqueue_us=369873157 write_start_us=369873649 write_end_us=369874056
TX_HISTORY sequence=51458 type=2 flags=0x07 encoded_bytes=84 allocated_us=369886206 enqueue_us=369886266 write_start_us=369886610 write_end_us=369886652
TX_HISTORY sequence=51459 type=3 flags=0x07 encoded_bytes=84 allocated_us=369886686 enqueue_us=369886722 write_start_us=369887606 write_end_us=369887640
TX_HISTORY sequence=51460 type=4 flags=0x07 encoded_bytes=84 allocated_us=369886747 enqueue_us=369886777 write_start_us=369887654 write_end_us=369888085
TX_HISTORY sequence=51461 type=2 flags=0x07 encoded_bytes=84 allocated_us=369886807 enqueue_us=369886838 write_start_us=369888095 write_end_us=369888977
TX_HISTORY sequence=51462 type=3 flags=0x07 encoded_bytes=84 allocated_us=369887161 enqueue_us=369887205 write_start_us=369888986 write_end_us=369889890
TX_HISTORY sequence=51463 type=4 flags=0x07 encoded_bytes=84 allocated_us=369887270 enqueue_us=369887303 write_start_us=369889899 write_end_us=369890801
TX_HISTORY sequence=51464 type=20 flags=0x07 encoded_bytes=84 allocated_us=369887347 enqueue_us=369887379 write_start_us=369890810 write_end_us=369891721
TX_HISTORY sequence=51465 type=2 flags=0x07 encoded_bytes=84 allocated_us=369887417 enqueue_us=369887448 write_start_us=369891730 write_end_us=369892636
TX_HISTORY sequence=51466 type=56 flags=0x07 encoded_bytes=184 allocated_us=369887503 enqueue_us=369887568 write_start_us=369892645 write_end_us=369894623
TX_HISTORY sequence=51467 type=24 flags=0x07 encoded_bytes=92 allocated_us=369894646 enqueue_us=369894687 write_start_us=369895596 write_end_us=369895647
TX_HISTORY sequence=51468 type=5 flags=0x07 encoded_bytes=224 allocated_us=369894997 enqueue_us=369895075 write_start_us=369895657 write_end_us=369898047
TX_HISTORY sequence=51469 type=32 flags=0x07 encoded_bytes=40 allocated_us=369898602 enqueue_us=369898635 write_start_us=369898647 write_end_us=369898668
TX_HISTORY sequence=51470 type=7 flags=0x07 encoded_bytes=88 allocated_us=369905342 enqueue_us=369905390 write_start_us=369905599 write_end_us=369905638
TX_HISTORY sequence=51471 type=2 flags=0x07 encoded_bytes=84 allocated_us=369914774 enqueue_us=369914826 write_start_us=369915682 write_end_us=369915730
TX_HISTORY sequence=51472 type=3 flags=0x07 encoded_bytes=84 allocated_us=369915212 enqueue_us=369915255 write_start_us=369915755 write_end_us=369916152
TX_HISTORY sequence=51473 type=4 flags=0x07 encoded_bytes=84 allocated_us=369915290 enqueue_us=369915329 write_start_us=369916161 write_end_us=369917074
TX_HISTORY sequence=51474 type=2 flags=0x07 encoded_bytes=84 allocated_us=369915369 enqueue_us=369915403 write_start_us=369917087 write_end_us=369917989
TX_HISTORY sequence=51475 type=3 flags=0x07 encoded_bytes=84 allocated_us=369918012 enqueue_us=369918055 write_start_us=369918623 write_end_us=369918895
TX_HISTORY sequence=51476 type=4 flags=0x07 encoded_bytes=84 allocated_us=369918138 enqueue_us=369918173 write_start_us=369918905 write_end_us=369919793
TX_HISTORY sequence=51477 type=2 flags=0x07 encoded_bytes=84 allocated_us=369918227 enqueue_us=369918260 write_start_us=369919802 write_end_us=369920708
TX_HISTORY sequence=51478 type=3 flags=0x07 encoded_bytes=84 allocated_us=369920731 enqueue_us=369920773 write_start_us=369921598 write_end_us=369921652
TX_HISTORY sequence=51479 type=4 flags=0x07 encoded_bytes=84 allocated_us=369920806 enqueue_us=369920837 write_start_us=369921662 write_end_us=369922543
TX_HISTORY sequence=51480 type=2 flags=0x07 encoded_bytes=84 allocated_us=369920896 enqueue_us=369920929 write_start_us=369922552 write_end_us=369923441
TX_HISTORY sequence=51481 type=5 flags=0x07 encoded_bytes=224 allocated_us=369928136 enqueue_us=369928229 write_start_us=369928599 write_end_us=369929735
TX_HISTORY sequence=51482 type=16 flags=0x07 encoded_bytes=96 allocated_us=369932069 enqueue_us=369932115 write_start_us=369932601 write_end_us=369932627
TX_HISTORY sequence=51483 type=7 flags=0x07 encoded_bytes=88 allocated_us=369938271 enqueue_us=369938328 write_start_us=369938598 write_end_us=369938637
TX_HISTORY sequence=51484 type=3 flags=0x07 encoded_bytes=84 allocated_us=369943432 enqueue_us=369943491 write_start_us=369943604 write_end_us=369943650
TX_HISTORY sequence=51485 type=4 flags=0x07 encoded_bytes=84 allocated_us=369943684 enqueue_us=369943716 write_start_us=369944807 write_end_us=369944849
TX_HISTORY sequence=51486 type=20 flags=0x07 encoded_bytes=84 allocated_us=369943770 enqueue_us=369943801 write_start_us=369944868 write_end_us=369945300
TX_HISTORY sequence=51487 type=2 flags=0x07 encoded_bytes=84 allocated_us=369943844 enqueue_us=369943874 write_start_us=369945316 write_end_us=369946219
TX_HISTORY sequence=51488 type=2 flags=0x07 encoded_bytes=84 allocated_us=369943900 enqueue_us=369943930 write_start_us=369946236 write_end_us=369947111
TX_HISTORY sequence=51489 type=3 flags=0x07 encoded_bytes=84 allocated_us=369944229 enqueue_us=369944283 write_start_us=369947120 write_end_us=369948007
TX_HISTORY sequence=51490 type=4 flags=0x07 encoded_bytes=84 allocated_us=369944314 enqueue_us=369944345 write_start_us=369948017 write_end_us=369948923
TX_HISTORY sequence=51491 type=2 flags=0x07 encoded_bytes=84 allocated_us=369944384 enqueue_us=369944414 write_start_us=369948932 write_end_us=369949843
TX_HISTORY sequence=51492 type=3 flags=0x07 encoded_bytes=84 allocated_us=369949881 enqueue_us=369949930 write_start_us=369950605 write_end_us=369950743
TX_HISTORY sequence=51493 type=4 flags=0x07 encoded_bytes=84 allocated_us=369950016 enqueue_us=369950048 write_start_us=369950755 write_end_us=369951658
TX_HISTORY sequence=51494 type=2 flags=0x07 encoded_bytes=84 allocated_us=369950114 enqueue_us=369950145 write_start_us=369951667 write_end_us=369952566
TX_HISTORY sequence=51495 type=56 flags=0x07 encoded_bytes=184 allocated_us=369950206 enqueue_us=369950279 write_start_us=369952581 write_end_us=369954554
TX_HISTORY sequence=51496 type=24 flags=0x07 encoded_bytes=92 allocated_us=369950303 enqueue_us=369950339 write_start_us=369954563 write_end_us=369955548
TX_HISTORY sequence=51497 type=3 flags=0x07 encoded_bytes=84 allocated_us=369958536 enqueue_us=369958687 write_start_us=369958627 write_end_us=369958662
TX_HISTORY sequence=51498 type=5 flags=0x07 encoded_bytes=224 allocated_us=369960662 enqueue_us=369960757 write_start_us=369961597 write_end_us=369962653
TX_HISTORY sequence=51499 type=7 flags=0x07 encoded_bytes=88 allocated_us=369971268 enqueue_us=369971323 write_start_us=369971599 write_end_us=369971638
TX_HISTORY sequence=51500 type=4 flags=0x07 encoded_bytes=84 allocated_us=369972370 enqueue_us=369972413 write_start_us=369972631 write_end_us=369972666
TX_HISTORY sequence=51501 type=2 flags=0x07 encoded_bytes=84 allocated_us=369972568 enqueue_us=369973110 write_start_us=369972687 write_end_us=369973096
TX_HISTORY sequence=51502 type=3 flags=0x07 encoded_bytes=84 allocated_us=369973501 enqueue_us=369973567 write_start_us=369973610 write_end_us=369974016
TX_HISTORY sequence=51503 type=4 flags=0x07 encoded_bytes=84 allocated_us=369974170 enqueue_us=369974228 write_start_us=369974803 write_end_us=369974915
TX_HISTORY sequence=51504 type=20 flags=0x07 encoded_bytes=84 allocated_us=369974308 enqueue_us=369974345 write_start_us=369974924 write_end_us=369975821
TX_HISTORY sequence=51505 type=2 flags=0x07 encoded_bytes=84 allocated_us=369974387 enqueue_us=369974417 write_start_us=369975831 write_end_us=369976735
TX_HISTORY sequence=51506 type=2 flags=0x07 encoded_bytes=84 allocated_us=369974442 enqueue_us=369974477 write_start_us=369976744 write_end_us=369977649
TX_HISTORY sequence=51507 type=3 flags=0x07 encoded_bytes=84 allocated_us=369977677 enqueue_us=369977723 write_start_us=369978600 write_end_us=369978632
TX_HISTORY sequence=51508 type=4 flags=0x07 encoded_bytes=84 allocated_us=369977764 enqueue_us=369977794 write_start_us=369978650 write_end_us=369979487
TX_HISTORY sequence=51509 type=22 flags=0x07 encoded_bytes=148 allocated_us=369977844 enqueue_us=369977897 write_start_us=369979504 write_end_us=369981080
TX_HISTORY sequence=51510 type=2 flags=0x07 encoded_bytes=84 allocated_us=369984157 enqueue_us=369984213 write_start_us=369984610 write_end_us=369984650
TX_HISTORY sequence=51511 type=58 flags=0x07 encoded_bytes=72 allocated_us=369984288 enqueue_us=369984314 write_start_us=369984670 write_end_us=369984948
TX_HISTORY sequence=51512 type=3 flags=0x07 encoded_bytes=84 allocated_us=369989824 enqueue_us=369989871 write_start_us=369990613 write_end_us=369990658
TX_HISTORY sequence=51513 type=4 flags=0x07 encoded_bytes=84 allocated_us=369989972 enqueue_us=369990005 write_start_us=369990682 write_end_us=369991089
TX_HISTORY sequence=51514 type=2 flags=0x07 encoded_bytes=84 allocated_us=369990062 enqueue_us=369990094 write_start_us=369991098 write_end_us=369992000
TX_HISTORY sequence=51515 type=5 flags=0x07 encoded_bytes=224 allocated_us=369993579 enqueue_us=369993669 write_start_us=369993676 write_end_us=369994735
TX_HISTORY sequence=51516 type=32 flags=0x07 encoded_bytes=40 allocated_us=369998600 enqueue_us=369998636 write_start_us=369998651 write_end_us=369998678
TX_HISTORY sequence=51517 type=7 flags=0x07 encoded_bytes=88 allocated_us=370004308 enqueue_us=370004357 write_start_us=370004599 write_end_us=370004631
TX_HISTORY sequence=51518 type=3 flags=0x07 encoded_bytes=84 allocated_us=370005655 enqueue_us=370005708 write_start_us=370006624 write_end_us=370006672
TX_HISTORY sequence=51519 type=4 flags=0x07 encoded_bytes=84 allocated_us=370005750 enqueue_us=370005782 write_start_us=370006698 write_end_us=370007112
TX_HISTORY sequence=51520 type=2 flags=0x07 encoded_bytes=84 allocated_us=370005850 enqueue_us=370005880 write_start_us=370007137 write_end_us=370008009
TX_HISTORY sequence=51521 type=2 flags=0x07 encoded_bytes=84 allocated_us=370005903 enqueue_us=370005933 write_start_us=370008018 write_end_us=370008922
TX_HISTORY sequence=51522 type=3 flags=0x07 encoded_bytes=84 allocated_us=370006228 enqueue_us=370006272 write_start_us=370008931 write_end_us=370009826
TX_HISTORY sequence=51523 type=4 flags=0x07 encoded_bytes=84 allocated_us=370006354 enqueue_us=370006386 write_start_us=370009835 write_end_us=370010737
TX_HISTORY sequence=51524 type=20 flags=0x07 encoded_bytes=84 allocated_us=370006436 enqueue_us=370006477 write_start_us=370010747 write_end_us=370011650
TX_HISTORY sequence=51525 type=2 flags=0x07 encoded_bytes=84 allocated_us=370006509 enqueue_us=370006539 write_start_us=370011659 write_end_us=370012556
TX_HISTORY sequence=51526 type=56 flags=0x07 encoded_bytes=184 allocated_us=370012578 enqueue_us=370014564 write_start_us=370012675 write_end_us=370014550
TX_HISTORY sequence=51527 type=24 flags=0x07 encoded_bytes=92 allocated_us=370014600 enqueue_us=370014635 write_start_us=370015593 write_end_us=370015616
TX_HISTORY sequence=51528 type=3 flags=0x07 encoded_bytes=84 allocated_us=370018666 enqueue_us=370018718 write_start_us=370019608 write_end_us=370019652
TX_HISTORY sequence=51529 type=5 flags=0x07 encoded_bytes=224 allocated_us=370027036 enqueue_us=370027153 write_start_us=370027597 write_end_us=370028657
TX_HISTORY sequence=51530 type=4 flags=0x07 encoded_bytes=84 allocated_us=370032921 enqueue_us=370032976 write_start_us=370033609 write_end_us=370033651
TX_HISTORY sequence=51531 type=2 flags=0x07 encoded_bytes=84 allocated_us=370033086 enqueue_us=370033121 write_start_us=370033674 write_end_us=370034085
TX_HISTORY sequence=51532 type=3 flags=0x07 encoded_bytes=84 allocated_us=370033480 enqueue_us=370033519 write_start_us=370034094 write_end_us=370034981
TX_HISTORY sequence=51533 type=4 flags=0x07 encoded_bytes=84 allocated_us=370035064 enqueue_us=370035124 write_start_us=370035686 write_end_us=370035910
TX_HISTORY sequence=51534 type=2 flags=0x07 encoded_bytes=84 allocated_us=370035256 enqueue_us=370035290 write_start_us=370035926 write_end_us=370036830
TX_HISTORY sequence=51535 type=3 flags=0x07 encoded_bytes=84 allocated_us=370035790 enqueue_us=370035874 write_start_us=370036846 write_end_us=370037760
TX_HISTORY sequence=51536 type=4 flags=0x07 encoded_bytes=84 allocated_us=370037782 enqueue_us=370037816 write_start_us=370038648 write_end_us=370038676
TX_HISTORY sequence=51537 type=2 flags=0x07 encoded_bytes=84 allocated_us=370037867 enqueue_us=370037899 write_start_us=370038715 write_end_us=370039591
TX_HISTORY sequence=51538 type=16 flags=0x07 encoded_bytes=96 allocated_us=370040475 enqueue_us=370040523 write_start_us=370040634 write_end_us=370040676
TX_HISTORY sequence=51539 type=2 flags=0x07 encoded_bytes=84 allocated_us=370043080 enqueue_us=370043126 write_start_us=370043604 write_end_us=370043653
TX_HISTORY sequence=51540 type=7 flags=0x07 encoded_bytes=88 allocated_us=370043900 enqueue_us=370043956 write_start_us=370044597 write_end_us=370044620
TX_HISTORY sequence=51541 type=3 flags=0x07 encoded_bytes=84 allocated_us=370055208 enqueue_us=370055262 write_start_us=370055640 write_end_us=370055688
TX_HISTORY sequence=51542 type=4 flags=0x07 encoded_bytes=84 allocated_us=370055419 enqueue_us=370055452 write_start_us=370055712 write_end_us=370056123
TX_HISTORY sequence=51543 type=20 flags=0x07 encoded_bytes=84 allocated_us=370055503 enqueue_us=370055533 write_start_us=370056135 write_end_us=370057023
TX_HISTORY sequence=51544 type=2 flags=0x07 encoded_bytes=84 allocated_us=370055571 enqueue_us=370057962 write_start_us=370057033 write_end_us=370057947
TX_HISTORY sequence=51545 type=3 flags=0x07 encoded_bytes=84 allocated_us=370058319 enqueue_us=370058369 write_start_us=370058646 write_end_us=370058839
TX_HISTORY sequence=51546 type=4 flags=0x07 encoded_bytes=84 allocated_us=370058392 enqueue_us=370058422 write_start_us=370058849 write_end_us=370059751
TX_HISTORY sequence=51547 type=2 flags=0x07 encoded_bytes=84 allocated_us=370058460 enqueue_us=370058490 write_start_us=370059760 write_end_us=370060679
TX_HISTORY sequence=51548 type=56 flags=0x07 encoded_bytes=184 allocated_us=370058543 enqueue_us=370065133 write_start_us=370060690 write_end_us=370062671
TX_HISTORY sequence=51549 type=5 flags=0x07 encoded_bytes=224 allocated_us=370060101 enqueue_us=370060186 write_start_us=370062682 write_end_us=370065116
TX_HISTORY sequence=51550 type=24 flags=0x07 encoded_bytes=92 allocated_us=370065161 enqueue_us=370065209 write_start_us=370065596 write_end_us=370066102
TX_HISTORY sequence=51551 type=7 flags=0x07 encoded_bytes=88 allocated_us=370070312 enqueue_us=370070364 write_start_us=370070602 write_end_us=370070640
TX_HISTORY sequence=51552 type=3 flags=0x07 encoded_bytes=84 allocated_us=370083993 enqueue_us=370084052 write_start_us=370084638 write_end_us=370084685
TX_HISTORY sequence=51553 type=4 flags=0x07 encoded_bytes=84 allocated_us=370084140 enqueue_us=370084179 write_start_us=370084711 write_end_us=370085111
TX_HISTORY sequence=51554 type=2 flags=0x07 encoded_bytes=84 allocated_us=370084245 enqueue_us=370084275 write_start_us=370085120 write_end_us=370086024
TX_HISTORY sequence=51555 type=3 flags=0x07 encoded_bytes=84 allocated_us=370084523 enqueue_us=370084557 write_start_us=370086033 write_end_us=370086940
TX_HISTORY sequence=51556 type=4 flags=0x07 encoded_bytes=84 allocated_us=370084571 enqueue_us=370087870 write_start_us=370086950 write_end_us=370087855
TX_HISTORY sequence=51557 type=2 flags=0x07 encoded_bytes=84 allocated_us=370087926 enqueue_us=370087962 write_start_us=370088652 write_end_us=370088753
TX_HISTORY sequence=51558 type=2 flags=0x07 encoded_bytes=84 allocated_us=370087985 enqueue_us=370088015 write_start_us=370088764 write_end_us=370089676
TX_HISTORY sequence=51559 type=3 flags=0x07 encoded_bytes=84 allocated_us=370088332 enqueue_us=370088374 write_start_us=370089685 write_end_us=370090593
TX_HISTORY sequence=51560 type=4 flags=0x07 encoded_bytes=84 allocated_us=370088421 enqueue_us=370088456 write_start_us=370090602 write_end_us=370091496
TX_HISTORY sequence=51561 type=20 flags=0x07 encoded_bytes=84 allocated_us=370088489 enqueue_us=370088519 write_start_us=370091505 write_end_us=370092404
TX_HISTORY sequence=51562 type=22 flags=0x07 encoded_bytes=148 allocated_us=370088573 enqueue_us=370096460 write_start_us=370092415 write_end_us=370094002
TX_HISTORY sequence=51563 type=5 flags=0x07 encoded_bytes=224 allocated_us=370092045 enqueue_us=370092142 write_start_us=370094012 write_end_us=370096443
TX_HISTORY sequence=51564 type=32 flags=0x07 encoded_bytes=40 allocated_us=370098597 enqueue_us=370098627 write_start_us=370098641 write_end_us=370098663
TX_HISTORY sequence=51565 type=7 flags=0x07 encoded_bytes=88 allocated_us=370102353 enqueue_us=370102403 write_start_us=370102601 write_end_us=370102638
TX_HISTORY sequence=51566 type=2 flags=0x07 encoded_bytes=84 allocated_us=370114619 enqueue_us=370114669 write_start_us=370115724 write_end_us=370115796
TX_HISTORY sequence=51567 type=3 flags=0x07 encoded_bytes=84 allocated_us=370114990 enqueue_us=370115025 write_start_us=370115825 write_end_us=370116215
TX_HISTORY sequence=51568 type=4 flags=0x07 encoded_bytes=84 allocated_us=370115050 enqueue_us=370115083 write_start_us=370116224 write_end_us=370117131
TX_HISTORY sequence=51569 type=2 flags=0x07 encoded_bytes=84 allocated_us=370115111 enqueue_us=370115141 write_start_us=370117140 write_end_us=370118046
TX_HISTORY sequence=51570 type=3 flags=0x07 encoded_bytes=84 allocated_us=370115235 enqueue_us=370115266 write_start_us=370118055 write_end_us=370118965
TX_HISTORY sequence=51571 type=4 flags=0x07 encoded_bytes=84 allocated_us=370115318 enqueue_us=370115349 write_start_us=370118975 write_end_us=370119867
TX_HISTORY sequence=51572 type=2 flags=0x07 encoded_bytes=84 allocated_us=370115382 enqueue_us=370115414 write_start_us=370119876 write_end_us=370120779
TX_HISTORY sequence=51573 type=3 flags=0x07 encoded_bytes=84 allocated_us=370120804 enqueue_us=370120849 write_start_us=370121600 write_end_us=370121690
TX_HISTORY sequence=51574 type=4 flags=0x07 encoded_bytes=84 allocated_us=370120877 enqueue_us=370120908 write_start_us=370121699 write_end_us=370122610
TX_HISTORY sequence=51575 type=2 flags=0x07 encoded_bytes=84 allocated_us=370120968 enqueue_us=370120999 write_start_us=370122620 write_end_us=370123517
TX_HISTORY sequence=51576 type=56 flags=0x07 encoded_bytes=184 allocated_us=370121059 enqueue_us=370121124 write_start_us=370123526 write_end_us=370125501
TX_HISTORY sequence=51577 type=24 flags=0x07 encoded_bytes=92 allocated_us=370121141 enqueue_us=370121175 write_start_us=370125513 write_end_us=370126495
TX_HISTORY sequence=51578 type=5 flags=0x07 encoded_bytes=224 allocated_us=370126030 enqueue_us=370126124 write_start_us=370126505 write_end_us=370128938
TX_HISTORY sequence=51579 type=7 flags=0x07 encoded_bytes=88 allocated_us=370136367 enqueue_us=370136423 write_start_us=370136600 write_end_us=370136641
TX_HISTORY sequence=51580 type=2 flags=0x07 encoded_bytes=84 allocated_us=370142950 enqueue_us=370142998 write_start_us=370143609 write_end_us=370143655
TX_HISTORY sequence=51581 type=3 flags=0x07 encoded_bytes=84 allocated_us=370143438 enqueue_us=370143480 write_start_us=370143682 write_end_us=370144093
TX_HISTORY sequence=51582 type=4 flags=0x07 encoded_bytes=84 allocated_us=370144131 enqueue_us=370144171 write_start_us=370144642 write_end_us=370144984
TX_HISTORY sequence=51583 type=20 flags=0x07 encoded_bytes=84 allocated_us=370144246 enqueue_us=370144277 write_start_us=370144994 write_end_us=370145938
TX_HISTORY sequence=51584 type=2 flags=0x07 encoded_bytes=84 allocated_us=370144313 enqueue_us=370144349 write_start_us=370145955 write_end_us=370146829
TX_HISTORY sequence=51585 type=3 flags=0x07 encoded_bytes=84 allocated_us=370145166 enqueue_us=370147597 write_start_us=370146846 write_end_us=370147757
TX_HISTORY sequence=51586 type=4 flags=0x07 encoded_bytes=84 allocated_us=370147794 enqueue_us=370147827 write_start_us=370148642 write_end_us=370148706
TX_HISTORY sequence=51587 type=2 flags=0x07 encoded_bytes=84 allocated_us=370147872 enqueue_us=370147903 write_start_us=370148747 write_end_us=370149586
TX_HISTORY sequence=51588 type=3 flags=0x07 encoded_bytes=84 allocated_us=370147991 enqueue_us=370148023 write_start_us=370149603 write_end_us=370150499
TX_HISTORY sequence=51589 type=4 flags=0x07 encoded_bytes=84 allocated_us=370148063 enqueue_us=370148095 write_start_us=370150515 write_end_us=370151402
TX_HISTORY sequence=51590 type=16 flags=0x07 encoded_bytes=96 allocated_us=370152777 enqueue_us=370152828 write_start_us=370153629 write_end_us=370153662
TX_HISTORY sequence=51591 type=2 flags=0x07 encoded_bytes=84 allocated_us=370159758 enqueue_us=370159810 write_start_us=370160609 write_end_us=370160656
TX_HISTORY sequence=51592 type=3 flags=0x07 encoded_bytes=84 allocated_us=370160142 enqueue_us=370160174 write_start_us=370160679 write_end_us=370161085
TX_HISTORY sequence=51593 type=4 flags=0x07 encoded_bytes=84 allocated_us=370160196 enqueue_us=370160227 write_start_us=370161094 write_end_us=370162003
TX_HISTORY sequence=51594 type=2 flags=0x07 encoded_bytes=84 allocated_us=370160249 enqueue_us=370160279 write_start_us=370162012 write_end_us=370162900
TX_HISTORY sequence=51595 type=2 flags=0x07 encoded_bytes=84 allocated_us=370160301 enqueue_us=370160331 write_start_us=370162909 write_end_us=370163812
TX_HISTORY sequence=51596 type=5 flags=0x07 encoded_bytes=224 allocated_us=370167795 enqueue_us=370167883 write_start_us=370168597 write_end_us=370169653
TX_HISTORY sequence=51597 type=3 flags=0x07 encoded_bytes=84 allocated_us=370175730 enqueue_us=370175782 write_start_us=370176613 write_end_us=370176665
TX_HISTORY sequence=51598 type=4 flags=0x07 encoded_bytes=84 allocated_us=370175844 enqueue_us=370175877 write_start_us=370176694 write_end_us=370177094
TX_HISTORY sequence=51599 type=20 flags=0x07 encoded_bytes=84 allocated_us=370175921 enqueue_us=370175953 write_start_us=370177103 write_end_us=370177995
TX_HISTORY sequence=51600 type=2 flags=0x07 encoded_bytes=84 allocated_us=370175992 enqueue_us=370176022 write_start_us=370178005 write_end_us=370178917
TX_HISTORY sequence=51601 type=3 flags=0x07 encoded_bytes=84 allocated_us=370176300 enqueue_us=370176337 write_start_us=370178926 write_end_us=370179818
TX_HISTORY sequence=51602 type=4 flags=0x07 encoded_bytes=84 allocated_us=370176366 enqueue_us=370176399 write_start_us=370179827 write_end_us=370180760
TX_HISTORY sequence=51603 type=2 flags=0x07 encoded_bytes=84 allocated_us=370176459 enqueue_us=370176495 write_start_us=370180777 write_end_us=370181653
TX_HISTORY sequence=51604 type=7 flags=0x07 encoded_bytes=88 allocated_us=370178519 enqueue_us=370178564 write_start_us=370181666 write_end_us=370182614
TX_HISTORY sequence=51605 type=56 flags=0x07 encoded_bytes=184 allocated_us=370182636 enqueue_us=370182710 write_start_us=370183596 write_end_us=370184612
TX_HISTORY sequence=51606 type=24 flags=0x07 encoded_bytes=92 allocated_us=370182727 enqueue_us=370182760 write_start_us=370184621 write_end_us=370185607
TX_HISTORY sequence=51607 type=5 flags=0x07 encoded_bytes=224 allocated_us=370195485 enqueue_us=370195581 write_start_us=370195613 write_end_us=370196686
TX_HISTORY sequence=51608 type=32 flags=0x07 encoded_bytes=40 allocated_us=370198597 enqueue_us=370198633 write_start_us=370198647 write_end_us=370198668
TX_HISTORY sequence=51609 type=3 flags=0x07 encoded_bytes=84 allocated_us=370202762 enqueue_us=370202813 write_start_us=370203625 write_end_us=370203673
TX_HISTORY sequence=51610 type=4 flags=0x07 encoded_bytes=84 allocated_us=370202871 enqueue_us=370202902 write_start_us=370203697 write_end_us=370204099
TX_HISTORY sequence=51611 type=2 flags=0x07 encoded_bytes=84 allocated_us=370202951 enqueue_us=370202981 write_start_us=370204108 write_end_us=370205023
TX_HISTORY sequence=51612 type=2 flags=0x07 encoded_bytes=84 allocated_us=370203004 enqueue_us=370203034 write_start_us=370205032 write_end_us=370205920
TX_HISTORY sequence=51613 type=3 flags=0x07 encoded_bytes=84 allocated_us=370203295 enqueue_us=370203335 write_start_us=370205930 write_end_us=370206843
TX_HISTORY sequence=51614 type=4 flags=0x07 encoded_bytes=84 allocated_us=370203372 enqueue_us=370203407 write_start_us=370206852 write_end_us=370207760
TX_HISTORY sequence=51615 type=2 flags=0x07 encoded_bytes=84 allocated_us=370203464 enqueue_us=370203503 write_start_us=370207769 write_end_us=370208648
TX_HISTORY sequence=51616 type=7 flags=0x07 encoded_bytes=88 allocated_us=370205518 enqueue_us=370205565 write_start_us=370208657 write_end_us=370209614
TX_HISTORY sequence=51617 type=3 flags=0x07 encoded_bytes=84 allocated_us=370209913 enqueue_us=370209953 write_start_us=370210610 write_end_us=370210658
TX_HISTORY sequence=51618 type=4 flags=0x07 encoded_bytes=84 allocated_us=370210061 enqueue_us=370210095 write_start_us=370210681 write_end_us=370211443
TX_HISTORY sequence=51619 type=20 flags=0x07 encoded_bytes=84 allocated_us=370210209 enqueue_us=370210260 write_start_us=370211453 write_end_us=370212348
TX_HISTORY sequence=51620 type=22 flags=0x07 encoded_bytes=148 allocated_us=370210322 enqueue_us=370210377 write_start_us=370212357 write_end_us=370213951
TX_HISTORY sequence=51621 type=58 flags=0x07 encoded_bytes=72 allocated_us=370210435 enqueue_us=370210462 write_start_us=370213960 write_end_us=370214733
TX_HISTORY sequence=51622 type=2 flags=0x07 encoded_bytes=84 allocated_us=370217378 enqueue_us=370217430 write_start_us=370217607 write_end_us=370217632
TX_HISTORY sequence=51623 type=5 flags=0x07 encoded_bytes=224 allocated_us=370224071 enqueue_us=370224161 write_start_us=370224597 write_end_us=370225666
TX_HISTORY sequence=51624 type=3 flags=0x07 encoded_bytes=84 allocated_us=370232049 enqueue_us=370232116 write_start_us=370232613 write_end_us=370232673
TX_HISTORY sequence=51625 type=4 flags=0x07 encoded_bytes=84 allocated_us=370232163 enqueue_us=370232201 write_start_us=370232701 write_end_us=370233099
TX_HISTORY sequence=51626 type=2 flags=0x07 encoded_bytes=84 allocated_us=370232289 enqueue_us=370232323 write_start_us=370233109 write_end_us=370234000
TX_HISTORY sequence=51627 type=3 flags=0x07 encoded_bytes=84 allocated_us=370232439 enqueue_us=370232475 write_start_us=370234010 write_end_us=370234912
TX_HISTORY sequence=51628 type=4 flags=0x07 encoded_bytes=84 allocated_us=370232541 enqueue_us=370236838 write_start_us=370234923 write_end_us=370235833
TX_HISTORY sequence=51629 type=7 flags=0x07 encoded_bytes=88 allocated_us=370234556 enqueue_us=370234600 write_start_us=370235842 write_end_us=370236824
TX_HISTORY sequence=51630 type=2 flags=0x07 encoded_bytes=84 allocated_us=370237044 enqueue_us=370237084 write_start_us=370237606 write_end_us=370237703
TX_HISTORY sequence=51631 type=2 flags=0x07 encoded_bytes=84 allocated_us=370237122 enqueue_us=370237152 write_start_us=370237712 write_end_us=370238627
TX_HISTORY sequence=51632 type=3 flags=0x07 encoded_bytes=84 allocated_us=370237525 enqueue_us=370237560 write_start_us=370238638 write_end_us=370239521
TX_HISTORY sequence=51633 type=4 flags=0x07 encoded_bytes=84 allocated_us=370239565 enqueue_us=370240449 write_start_us=370239631 write_end_us=370240434
TX_HISTORY sequence=51634 type=56 flags=0x07 encoded_bytes=184 allocated_us=370240565 enqueue_us=370242442 write_start_us=370240661 write_end_us=370242427
TX_HISTORY sequence=51635 type=24 flags=0x07 encoded_bytes=92 allocated_us=370242463 enqueue_us=370242502 write_start_us=370242598 write_end_us=370243452
TX_HISTORY sequence=51636 type=2 flags=0x07 encoded_bytes=84 allocated_us=370254017 enqueue_us=370254064 write_start_us=370254618 write_end_us=370254662
TX_HISTORY sequence=51637 type=20 flags=0x07 encoded_bytes=84 allocated_us=370254110 enqueue_us=370254142 write_start_us=370254690 write_end_us=370255101
TX_HISTORY sequence=51638 type=3 flags=0x07 encoded_bytes=84 allocated_us=370254454 enqueue_us=370254492 write_start_us=370255110 write_end_us=370255998
TX_HISTORY sequence=51639 type=4 flags=0x07 encoded_bytes=84 allocated_us=370256052 enqueue_us=370256099 write_start_us=370256603 write_end_us=370256923
TX_HISTORY sequence=51640 type=2 flags=0x07 encoded_bytes=84 allocated_us=370256181 enqueue_us=370256217 write_start_us=370256933 write_end_us=370257822
TX_HISTORY sequence=51641 type=3 flags=0x07 encoded_bytes=84 allocated_us=370256294 enqueue_us=370256327 write_start_us=370257833 write_end_us=370258745
TX_HISTORY sequence=51642 type=4 flags=0x07 encoded_bytes=84 allocated_us=370256342 enqueue_us=370256375 write_start_us=370258754 write_end_us=370259691
TX_HISTORY sequence=51643 type=5 flags=0x07 encoded_bytes=224 allocated_us=370257522 enqueue_us=370257608 write_start_us=370259707 write_end_us=370262103
TX_HISTORY sequence=51644 type=16 flags=0x07 encoded_bytes=96 allocated_us=370264381 enqueue_us=370264434 write_start_us=370264661 write_end_us=370264697
TX_HISTORY sequence=51645 type=7 flags=0x07 encoded_bytes=88 allocated_us=370267796 enqueue_us=370267843 write_start_us=370268598 write_end_us=370268632
TX_HISTORY sequence=51646 type=2 flags=0x07 encoded_bytes=84 allocated_us=370272230 enqueue_us=370272289 write_start_us=370272634 write_end_us=370272680
TX_HISTORY sequence=51647 type=3 flags=0x07 encoded_bytes=84 allocated_us=370272715 enqueue_us=370272749 write_start_us=370273608 write_end_us=370273651
TX_HISTORY sequence=51648 type=4 flags=0x07 encoded_bytes=84 allocated_us=370272858 enqueue_us=370272898 write_start_us=370273671 write_end_us=370274079
TX_HISTORY sequence=51649 type=2 flags=0x07 encoded_bytes=84 allocated_us=370272956 enqueue_us=370272987 write_start_us=370274088 write_end_us=370274993
TX_HISTORY sequence=51650 type=2 flags=0x07 encoded_bytes=84 allocated_us=370273011 enqueue_us=370273042 write_start_us=370275002 write_end_us=370275897
TX_HISTORY sequence=51651 type=3 flags=0x07 encoded_bytes=84 allocated_us=370273105 enqueue_us=370273146 write_start_us=370275906 write_end_us=370276823
TX_HISTORY sequence=51652 type=4 flags=0x07 encoded_bytes=84 allocated_us=370287070 enqueue_us=370287121 write_start_us=370287666 write_end_us=370287702
TX_HISTORY sequence=51653 type=2 flags=0x07 encoded_bytes=84 allocated_us=370287229 enqueue_us=370287262 write_start_us=370287727 write_end_us=370288137
TX_HISTORY sequence=51654 type=20 flags=0x07 encoded_bytes=84 allocated_us=370287292 enqueue_us=370287323 write_start_us=370288146 write_end_us=370289060
TX_HISTORY sequence=51655 type=3 flags=0x07 encoded_bytes=84 allocated_us=370289088 enqueue_us=370289128 write_start_us=370289600 write_end_us=370289958
TX_HISTORY sequence=51656 type=4 flags=0x07 encoded_bytes=84 allocated_us=370289239 enqueue_us=370289276 write_start_us=370289973 write_end_us=370290859
TX_HISTORY sequence=51657 type=2 flags=0x07 encoded_bytes=84 allocated_us=370289330 enqueue_us=370289361 write_start_us=370290871 write_end_us=370291782
TX_HISTORY sequence=51658 type=5 flags=0x07 encoded_bytes=224 allocated_us=370290543 enqueue_us=370290629 write_start_us=370291791 write_end_us=370294213
TX_HISTORY sequence=51659 type=32 flags=0x07 encoded_bytes=40 allocated_us=370298606 enqueue_us=370298644 write_start_us=370298662 write_end_us=370298689
TX_HISTORY sequence=51660 type=7 flags=0x07 encoded_bytes=88 allocated_us=370300402 enqueue_us=370300444 write_start_us=370300598 write_end_us=370300625
TX_HISTORY sequence=51661 type=3 flags=0x07 encoded_bytes=84 allocated_us=370308289 enqueue_us=370308342 write_start_us=370308828 write_end_us=370308876
TX_HISTORY sequence=51662 type=4 flags=0x07 encoded_bytes=84 allocated_us=370308377 enqueue_us=370308408 write_start_us=370308901 write_end_us=370309319
TX_HISTORY sequence=51663 type=2 flags=0x07 encoded_bytes=84 allocated_us=370308506 enqueue_us=370308536 write_start_us=370309336 write_end_us=370310249
TX_HISTORY sequence=51664 type=3 flags=0x07 encoded_bytes=84 allocated_us=370310270 enqueue_us=370310325 write_start_us=370310625 write_end_us=370311117
TX_HISTORY sequence=51665 type=4 flags=0x07 encoded_bytes=84 allocated_us=370310475 enqueue_us=370310510 write_start_us=370311126 write_end_us=370312038
TX_HISTORY sequence=51666 type=2 flags=0x07 encoded_bytes=84 allocated_us=370310569 enqueue_us=370312952 write_start_us=370312047 write_end_us=370312938
TX_HISTORY sequence=51667 type=2 flags=0x07 encoded_bytes=84 allocated_us=370312999 enqueue_us=370313041 write_start_us=370313615 write_end_us=370313852
TX_HISTORY sequence=51668 type=3 flags=0x07 encoded_bytes=84 allocated_us=370313390 enqueue_us=370313426 write_start_us=370313862 write_end_us=370314773
TX_HISTORY sequence=51669 type=22 flags=0x07 encoded_bytes=148 allocated_us=370313485 enqueue_us=370313540 write_start_us=370314782 write_end_us=370316369
TX_HISTORY sequence=51670 type=56 flags=0x07 encoded_bytes=184 allocated_us=370316385 enqueue_us=370316457 write_start_us=370316593 write_end_us=370318364
TX_HISTORY sequence=51671 type=24 flags=0x07 encoded_bytes=92 allocated_us=370316474 enqueue_us=370316509 write_start_us=370318373 write_end_us=370319361
TX_HISTORY sequence=51672 type=4 flags=0x07 encoded_bytes=84 allocated_us=370323059 enqueue_us=370323104 write_start_us=370323600 write_end_us=370323622
TX_HISTORY sequence=51673 type=5 flags=0x07 encoded_bytes=224 allocated_us=370324355 enqueue_us=370324443 write_start_us=370324611 write_end_us=370325685
TX_HISTORY sequence=51674 type=7 flags=0x07 encoded_bytes=88 allocated_us=370334253 enqueue_us=370334307 write_start_us=370334600 write_end_us=370334635
TX_HISTORY sequence=51675 type=2 flags=0x07 encoded_bytes=84 allocated_us=370340300 enqueue_us=370340354 write_start_us=370340710 write_end_us=370340749
TX_HISTORY sequence=51676 type=3 flags=0x07 encoded_bytes=84 allocated_us=370340785 enqueue_us=370340820 write_start_us=370341616 write_end_us=370341657
TX_HISTORY sequence=51677 type=4 flags=0x07 encoded_bytes=84 allocated_us=370340925 enqueue_us=370340957 write_start_us=370341676 write_end_us=370342087
TX_HISTORY sequence=51678 type=20 flags=0x07 encoded_bytes=84 allocated_us=370340997 enqueue_us=370341028 write_start_us=370342097 write_end_us=370343012
TX_HISTORY sequence=51679 type=2 flags=0x07 encoded_bytes=84 allocated_us=370341055 enqueue_us=370341089 write_start_us=370343021 write_end_us=370343916
TX_HISTORY sequence=51680 type=3 flags=0x07 encoded_bytes=84 allocated_us=370341413 enqueue_us=370341457 write_start_us=370343925 write_end_us=370344833
TX_HISTORY sequence=51681 type=4 flags=0x07 encoded_bytes=84 allocated_us=370341490 enqueue_us=370341529 write_start_us=370344842 write_end_us=370345731
TX_HISTORY sequence=51682 type=2 flags=0x07 encoded_bytes=84 allocated_us=370345782 enqueue_us=370345825 write_start_us=370346622 write_end_us=370346699
TX_HISTORY sequence=51683 type=2 flags=0x07 encoded_bytes=84 allocated_us=370345879 enqueue_us=370345912 write_start_us=370346709 write_end_us=370347548
TX_HISTORY sequence=51684 type=3 flags=0x07 encoded_bytes=84 allocated_us=370346243 enqueue_us=370346277 write_start_us=370347557 write_end_us=370348461
TX_HISTORY sequence=51685 type=4 flags=0x07 encoded_bytes=84 allocated_us=370346327 enqueue_us=370346360 write_start_us=370348470 write_end_us=370349373
TX_HISTORY sequence=51686 type=2 flags=0x07 encoded_bytes=84 allocated_us=370353135 enqueue_us=370353191 write_start_us=370353601 write_end_us=370353628
TX_HISTORY sequence=51687 type=5 flags=0x07 encoded_bytes=224 allocated_us=370356054 enqueue_us=370356143 write_start_us=370356597 write_end_us=370357661
TX_HISTORY sequence=51688 type=7 flags=0x07 encoded_bytes=88 allocated_us=370366376 enqueue_us=370366433 write_start_us=370366601 write_end_us=370366633
TX_HISTORY sequence=51689 type=3 flags=0x07 encoded_bytes=84 allocated_us=370367645 enqueue_us=370367690 write_start_us=370368712 write_end_us=370368763
TX_HISTORY sequence=51690 type=4 flags=0x07 encoded_bytes=84 allocated_us=370367714 enqueue_us=370367744 write_start_us=370368898 write_end_us=370369195
TX_HISTORY sequence=51691 type=2 flags=0x07 encoded_bytes=84 allocated_us=370367794 enqueue_us=370367825 write_start_us=370369211 write_end_us=370370135
TX_HISTORY sequence=51692 type=3 flags=0x07 encoded_bytes=84 allocated_us=370368140 enqueue_us=370368173 write_start_us=370370170 write_end_us=370371017
TX_HISTORY sequence=51693 type=4 flags=0x07 encoded_bytes=84 allocated_us=370368225 enqueue_us=370368257 write_start_us=370371034 write_end_us=370371945
TX_HISTORY sequence=51694 type=20 flags=0x07 encoded_bytes=84 allocated_us=370368293 enqueue_us=370368326 write_start_us=370371962 write_end_us=370372868
TX_HISTORY sequence=51695 type=2 flags=0x07 encoded_bytes=84 allocated_us=370368351 enqueue_us=370368383 write_start_us=370372884 write_end_us=370373761
TX_HISTORY sequence=51696 type=3 flags=0x07 encoded_bytes=84 allocated_us=370368834 enqueue_us=370368886 write_start_us=370373777 write_end_us=370374675
TX_HISTORY sequence=51697 type=56 flags=0x07 encoded_bytes=184 allocated_us=370370724 enqueue_us=370370828 write_start_us=370374684 write_end_us=370376676
TX_HISTORY sequence=51698 type=24 flags=0x07 encoded_bytes=92 allocated_us=370373640 enqueue_us=370373725 write_start_us=370376712 write_end_us=370377663
TX_HISTORY sequence=51699 type=16 flags=0x07 encoded_bytes=96 allocated_us=370374871 enqueue_us=370374911 write_start_us=370377680 write_end_us=370378705
TX_HISTORY sequence=51700 type=4 flags=0x07 encoded_bytes=84 allocated_us=370382749 enqueue_us=370382798 write_start_us=370383611 write_end_us=370383658
TX_HISTORY sequence=51701 type=2 flags=0x07 encoded_bytes=84 allocated_us=370382911 enqueue_us=370382942 write_start_us=370383682 write_end_us=370384085
TX_HISTORY sequence=51702 type=5 flags=0x07 encoded_bytes=224 allocated_us=370393341 enqueue_us=370393437 write_start_us=370393597 write_end_us=370394648
TX_HISTORY sequence=51703 type=32 flags=0x07 encoded_bytes=40 allocated_us=370398599 enqueue_us=370398638 write_start_us=370398657 write_end_us=370398680
TX_HISTORY sequence=51704 type=7 flags=0x07 encoded_bytes=88 allocated_us=370403286 enqueue_us=370403340 write_start_us=370403638 write_end_us=370403675
TX_HISTORY sequence=51705 type=2 flags=0x07 encoded_bytes=84 allocated_us=370403760 enqueue_us=370403794 write_start_us=370404840 write_end_us=370404884
TX_HISTORY sequence=51706 type=3 flags=0x07 encoded_bytes=84 allocated_us=370404128 enqueue_us=370404186 write_start_us=370404906 write_end_us=370405305
TX_HISTORY sequence=51707 type=4 flags=0x07 encoded_bytes=84 allocated_us=370404384 enqueue_us=370404420 write_start_us=370405316 write_end_us=370406238
TX_HISTORY sequence=51708 type=2 flags=0x07 encoded_bytes=84 allocated_us=370404488 enqueue_us=370404518 write_start_us=370406247 write_end_us=370407139
TX_HISTORY sequence=51709 type=3 flags=0x07 encoded_bytes=84 allocated_us=370407166 enqueue_us=370407213 write_start_us=370407793 write_end_us=370408051
TX_HISTORY sequence=51710 type=4 flags=0x07 encoded_bytes=84 allocated_us=370407254 enqueue_us=370407285 write_start_us=370408061 write_end_us=370408951
TX_HISTORY sequence=51711 type=2 flags=0x07 encoded_bytes=84 allocated_us=370407358 enqueue_us=370407392 write_start_us=370408961 write_end_us=370409875
TX_HISTORY sequence=51712 type=20 flags=0x07 encoded_bytes=84 allocated_us=370407423 enqueue_us=370407455 write_start_us=370409884 write_end_us=370410767
TX_HISTORY sequence=51713 type=3 flags=0x07 encoded_bytes=84 allocated_us=370410793 enqueue_us=370410843 write_start_us=370411607 write_end_us=370411698
TX_HISTORY sequence=51714 type=4 flags=0x07 encoded_bytes=84 allocated_us=370410937 enqueue_us=370410971 write_start_us=370411707 write_end_us=370412608
TX_HISTORY sequence=51715 type=2 flags=0x07 encoded_bytes=84 allocated_us=370411043 enqueue_us=370411074 write_start_us=370412618 write_end_us=370413503
TX_HISTORY sequence=51716 type=58 flags=0x07 encoded_bytes=72 allocated_us=370411150 enqueue_us=370411178 write_start_us=370413512 write_end_us=370414282
TX_HISTORY sequence=51717 type=3 flags=0x07 encoded_bytes=84 allocated_us=370417217 enqueue_us=370417266 write_start_us=370417611 write_end_us=370417643
TX_HISTORY sequence=51718 type=22 flags=0x07 encoded_bytes=148 allocated_us=370417322 enqueue_us=370417374 write_start_us=370417665 write_end_us=370418766
TX_HISTORY sequence=51719 type=5 flags=0x07 encoded_bytes=224 allocated_us=370422101 enqueue_us=370422197 write_start_us=370422595 write_end_us=370423665
TX_HISTORY sequence=51720 type=4 flags=0x07 encoded_bytes=84 allocated_us=370431132 enqueue_us=370431184 write_start_us=370431719 write_end_us=370431768
TX_HISTORY sequence=51721 type=2 flags=0x07 encoded_bytes=84 allocated_us=370431299 enqueue_us=370431330 write_start_us=370431790 write_end_us=370432188
TX_HISTORY sequence=51722 type=2 flags=0x07 encoded_bytes=84 allocated_us=370431356 enqueue_us=370431387 write_start_us=370432198 write_end_us=370433110
TX_HISTORY sequence=51723 type=7 flags=0x07 encoded_bytes=88 allocated_us=370432378 enqueue_us=370432420 write_start_us=370433135 write_end_us=370434056
TX_HISTORY sequence=51724 type=3 flags=0x07 encoded_bytes=84 allocated_us=370434082 enqueue_us=370434140 write_start_us=370434768 write_end_us=370434977
TX_HISTORY sequence=51725 type=4 flags=0x07 encoded_bytes=84 allocated_us=370434281 enqueue_us=370434316 write_start_us=370434986 write_end_us=370435875
TX_HISTORY sequence=51726 type=2 flags=0x07 encoded_bytes=84 allocated_us=370434410 enqueue_us=370434446 write_start_us=370435886 write_end_us=370436791
TX_HISTORY sequence=51727 type=3 flags=0x07 encoded_bytes=84 allocated_us=370436819 enqueue_us=370436869 write_start_us=370437595 write_end_us=370437696
TX_HISTORY sequence=51728 type=4 flags=0x07 encoded_bytes=84 allocated_us=370436916 enqueue_us=370436948 write_start_us=370437705 write_end_us=370438631
TX_HISTORY sequence=51729 type=56 flags=0x07 encoded_bytes=184 allocated_us=370437013 enqueue_us=370437079 write_start_us=370438648 write_end_us=370440631
TX_HISTORY sequence=51730 type=24 flags=0x07 encoded_bytes=92 allocated_us=370437102 enqueue_us=370437145 write_start_us=370440641 write_end_us=370441598
TX_HISTORY sequence=51731 type=2 flags=0x07 encoded_bytes=84 allocated_us=370444451 enqueue_us=370444492 write_start_us=370444612 write_end_us=370444655
TX_HISTORY sequence=51732 type=5 flags=0x07 encoded_bytes=224 allocated_us=370454405 enqueue_us=370454499 write_start_us=370454597 write_end_us=370455665
TX_HISTORY sequence=51733 type=3 flags=0x07 encoded_bytes=84 allocated_us=370461482 enqueue_us=370461540 write_start_us=370461606 write_end_us=370461646
TX_HISTORY sequence=51734 type=4 flags=0x07 encoded_bytes=84 allocated_us=370461748 enqueue_us=370461783 write_start_us=370462615 write_end_us=370462666
TX_HISTORY sequence=51735 type=20 flags=0x07 encoded_bytes=84 allocated_us=370461844 enqueue_us=370461875 write_start_us=370462690 write_end_us=370463088
TX_HISTORY sequence=51736 type=2 flags=0x07 encoded_bytes=84 allocated_us=370461915 enqueue_us=370461945 write_start_us=370463097 write_end_us=370464012
TX_HISTORY sequence=51737 type=3 flags=0x07 encoded_bytes=84 allocated_us=370462285 enqueue_us=370462340 write_start_us=370464021 write_end_us=370464916
TX_HISTORY sequence=51738 type=4 flags=0x07 encoded_bytes=84 allocated_us=370462375 enqueue_us=370462406 write_start_us=370464926 write_end_us=370465817
TX_HISTORY sequence=51739 type=2 flags=0x07 encoded_bytes=84 allocated_us=370462461 enqueue_us=370462491 write_start_us=370465826 write_end_us=370466736
TX_HISTORY sequence=51740 type=2 flags=0x07 encoded_bytes=84 allocated_us=370462515 enqueue_us=370462555 write_start_us=370466746 write_end_us=370467639
TX_HISTORY sequence=51741 type=7 flags=0x07 encoded_bytes=88 allocated_us=370464544 enqueue_us=370464584 write_start_us=370467648 write_end_us=370468612
TX_HISTORY sequence=51742 type=3 flags=0x07 encoded_bytes=84 allocated_us=370468973 enqueue_us=370469018 write_start_us=370469605 write_end_us=370469648
TX_HISTORY sequence=51743 type=4 flags=0x07 encoded_bytes=84 allocated_us=370469103 enqueue_us=370469149 write_start_us=370469673 write_end_us=370470417
TX_HISTORY sequence=51744 type=2 flags=0x07 encoded_bytes=84 allocated_us=370478526 enqueue_us=370478688 write_start_us=370478632 write_end_us=370478662
TX_HISTORY sequence=51745 type=3 flags=0x07 encoded_bytes=84 allocated_us=370479003 enqueue_us=370479036 write_start_us=370479605 write_end_us=370479641
TX_HISTORY sequence=51746 type=4 flags=0x07 encoded_bytes=84 allocated_us=370479056 enqueue_us=370479089 write_start_us=370479660 write_end_us=370480067
TX_HISTORY sequence=51747 type=2 flags=0x07 encoded_bytes=84 allocated_us=370479114 enqueue_us=370479144 write_start_us=370480076 write_end_us=370480988
TX_HISTORY sequence=51748 type=5 flags=0x07 encoded_bytes=224 allocated_us=370488099 enqueue_us=370488204 write_start_us=370488597 write_end_us=370489741
TX_HISTORY sequence=51749 type=16 flags=0x07 encoded_bytes=96 allocated_us=370492963 enqueue_us=370493021 write_start_us=370493663 write_end_us=370493807
TX_HISTORY sequence=51750 type=3 flags=0x07 encoded_bytes=84 allocated_us=370496329 enqueue_us=370496387 write_start_us=370496620 write_end_us=370496665
TX_HISTORY sequence=51751 type=4 flags=0x07 encoded_bytes=84 allocated_us=370496501 enqueue_us=370496538 write_start_us=370496690 write_end_us=370497087
TX_HISTORY sequence=51752 type=20 flags=0x07 encoded_bytes=84 allocated_us=370497119 enqueue_us=370497155 write_start_us=370497598 write_end_us=370498005
TX_HISTORY sequence=51753 type=2 flags=0x07 encoded_bytes=84 allocated_us=370497210 enqueue_us=370497242 write_start_us=370498015 write_end_us=370498920
TX_HISTORY sequence=51754 type=7 flags=0x07 encoded_bytes=88 allocated_us=370498492 enqueue_us=370498538 write_start_us=370498929 write_end_us=370499871
TX_HISTORY sequence=51755 type=3 flags=0x07 encoded_bytes=84 allocated_us=370499900 enqueue_us=370499940 write_start_us=370500624 write_end_us=370500784
TX_HISTORY sequence=51756 type=4 flags=0x07 encoded_bytes=84 allocated_us=370499992 enqueue_us=370500023 write_start_us=370500793 write_end_us=370501714
TX_HISTORY sequence=51757 type=2 flags=0x07 encoded_bytes=84 allocated_us=370500118 enqueue_us=370500158 write_start_us=370501730 write_end_us=370502625
TX_HISTORY sequence=51758 type=2 flags=0x07 encoded_bytes=84 allocated_us=370500188 enqueue_us=370500222 write_start_us=370502636 write_end_us=370503513
TX_HISTORY sequence=51759 type=56 flags=0x07 encoded_bytes=184 allocated_us=370500283 enqueue_us=370500351 write_start_us=370503523 write_end_us=370505512
TX_HISTORY sequence=51760 type=57 flags=0x07 encoded_bytes=72 allocated_us=370500361 enqueue_us=370500387 write_start_us=370505521 write_end_us=370506289
TX_HISTORY sequence=51761 type=24 flags=0x07 encoded_bytes=92 allocated_us=370500396 enqueue_us=370500439 write_start_us=370506298 write_end_us=370507328
TX_HISTORY sequence=51762 type=32 flags=0x07 encoded_bytes=40 allocated_us=370500592 enqueue_us=370500610 write_start_us=370507344 write_end_us=370507725
TX_HISTORY sequence=51763 type=3 flags=0x07 encoded_bytes=84 allocated_us=370512928 enqueue_us=370512982 write_start_us=370513612 write_end_us=370513669
TX_HISTORY sequence=51764 type=4 flags=0x07 encoded_bytes=84 allocated_us=370513053 enqueue_us=370513086 write_start_us=370513700 write_end_us=370514094
TX_HISTORY sequence=51765 type=5 flags=0x07 encoded_bytes=224 allocated_us=370521534 enqueue_us=370521628 write_start_us=370521644 write_end_us=370522711
TX_HISTORY sequence=51766 type=7 flags=0x07 encoded_bytes=88 allocated_us=370531310 enqueue_us=370531366 write_start_us=370531601 write_end_us=370531635
TX_HISTORY sequence=51767 type=2 flags=0x07 encoded_bytes=84 allocated_us=370534426 enqueue_us=370534476 write_start_us=370534823 write_end_us=370534864
TX_HISTORY sequence=51768 type=3 flags=0x07 encoded_bytes=84 allocated_us=370534902 enqueue_us=370534933 write_start_us=370535633 write_end_us=370535666
TX_HISTORY sequence=51769 type=4 flags=0x07 encoded_bytes=84 allocated_us=370534956 enqueue_us=370534989 write_start_us=370535686 write_end_us=370536211
TX_HISTORY sequence=51770 type=2 flags=0x07 encoded_bytes=84 allocated_us=370535017 enqueue_us=370535047 write_start_us=370536228 write_end_us=370537110
TX_HISTORY sequence=51771 type=3 flags=0x07 encoded_bytes=84 allocated_us=370535416 enqueue_us=370535463 write_start_us=370537119 write_end_us=370538030
TX_HISTORY sequence=51772 type=4 flags=0x07 encoded_bytes=84 allocated_us=370535573 enqueue_us=370538954 write_start_us=370538039 write_end_us=370538940
TX_HISTORY sequence=51773 type=20 flags=0x07 encoded_bytes=84 allocated_us=370539044 enqueue_us=370539088 write_start_us=370539605 write_end_us=370539853
TX_HISTORY sequence=51774 type=2 flags=0x07 encoded_bytes=84 allocated_us=370539154 enqueue_us=370539189 write_start_us=370539863 write_end_us=370540762
TX_HISTORY sequence=51775 type=3 flags=0x07 encoded_bytes=84 allocated_us=370539532 enqueue_us=370539570 write_start_us=370540771 write_end_us=370541674
TX_HISTORY sequence=51776 type=4 flags=0x07 encoded_bytes=84 allocated_us=370541723 enqueue_us=370541769 write_start_us=370542605 write_end_us=370542639
TX_HISTORY sequence=51777 type=2 flags=0x07 encoded_bytes=84 allocated_us=370541853 enqueue_us=370541884 write_start_us=370542662 write_end_us=370543497
TX_HISTORY sequence=51778 type=2 flags=0x07 encoded_bytes=84 allocated_us=370541906 enqueue_us=370541938 write_start_us=370543506 write_end_us=370544400
TX_HISTORY sequence=51779 type=22 flags=0x07 encoded_bytes=148 allocated_us=370541988 enqueue_us=370542043 write_start_us=370544409 write_end_us=370546008
TX_HISTORY sequence=51780 type=3 flags=0x07 encoded_bytes=84 allocated_us=370549015 enqueue_us=370549060 write_start_us=370549610 write_end_us=370549652
TX_HISTORY sequence=51781 type=5 flags=0x07 encoded_bytes=224 allocated_us=370554579 enqueue_us=370554675 write_start_us=370554680 write_end_us=370555743
TX_HISTORY sequence=51782 type=4 flags=0x07 encoded_bytes=84 allocated_us=370563993 enqueue_us=370564049 write_start_us=370564619 write_end_us=370564666
TX_HISTORY sequence=51783 type=2 flags=0x07 encoded_bytes=84 allocated_us=370564158 enqueue_us=370564190 write_start_us=370564693 write_end_us=370565090
TX_HISTORY sequence=51784 type=3 flags=0x07 encoded_bytes=84 allocated_us=370564498 enqueue_us=370564532 write_start_us=370565099 write_end_us=370566015
TX_HISTORY sequence=51785 type=4 flags=0x07 encoded_bytes=84 allocated_us=370564553 enqueue_us=370567888 write_start_us=370566024 write_end_us=370566919
TX_HISTORY sequence=51786 type=7 flags=0x07 encoded_bytes=88 allocated_us=370565382 enqueue_us=370565418 write_start_us=370566929 write_end_us=370567874
TX_HISTORY sequence=51787 type=2 flags=0x07 encoded_bytes=84 allocated_us=370567990 enqueue_us=370568038 write_start_us=370568620 write_end_us=370568786
TX_HISTORY sequence=51788 type=3 flags=0x07 encoded_bytes=84 allocated_us=370568445 enqueue_us=370568488 write_start_us=370568795 write_end_us=370569701
TX_HISTORY sequence=51789 type=4 flags=0x07 encoded_bytes=84 allocated_us=370568557 enqueue_us=370570641 write_start_us=370569710 write_end_us=370570626
TX_HISTORY sequence=51790 type=20 flags=0x07 encoded_bytes=84 allocated_us=370570746 enqueue_us=370570798 write_start_us=370571602 write_end_us=370571641
TX_HISTORY sequence=51791 type=2 flags=0x07 encoded_bytes=84 allocated_us=370570841 enqueue_us=370570875 write_start_us=370571659 write_end_us=370572460
TX_HISTORY sequence=51792 type=56 flags=0x07 encoded_bytes=184 allocated_us=370570935 enqueue_us=370571001 write_start_us=370572477 write_end_us=370574423
TX_HISTORY sequence=51793 type=24 flags=0x07 encoded_bytes=92 allocated_us=370571017 enqueue_us=370571050 write_start_us=370574432 write_end_us=370575433
TX_HISTORY sequence=51794 type=5 flags=0x07 encoded_bytes=224 allocated_us=370586526 enqueue_us=370586642 write_start_us=370586656 write_end_us=370587714
TX_HISTORY sequence=51795 type=2 flags=0x07 encoded_bytes=84 allocated_us=370593262 enqueue_us=370593312 write_start_us=370593685 write_end_us=370593730
TX_HISTORY sequence=51796 type=3 flags=0x07 encoded_bytes=84 allocated_us=370593764 enqueue_us=370593798 write_start_us=370594700 write_end_us=370594744
TX_HISTORY sequence=51797 type=4 flags=0x07 encoded_bytes=84 allocated_us=370593826 enqueue_us=370593862 write_start_us=370594766 write_end_us=370595168
TX_HISTORY sequence=51798 type=2 flags=0x07 encoded_bytes=84 allocated_us=370593891 enqueue_us=370593922 write_start_us=370595178 write_end_us=370596094
TX_HISTORY sequence=51799 type=3 flags=0x07 encoded_bytes=84 allocated_us=370594015 enqueue_us=370594045 write_start_us=370596103 write_end_us=370597005
TX_HISTORY sequence=51800 type=4 flags=0x07 encoded_bytes=84 allocated_us=370594108 enqueue_us=370594150 write_start_us=370597014 write_end_us=370597905
TX_HISTORY sequence=51801 type=2 flags=0x07 encoded_bytes=84 allocated_us=370594243 enqueue_us=370594295 write_start_us=370597914 write_end_us=370598808
TX_HISTORY sequence=51802 type=7 flags=0x07 encoded_bytes=88 allocated_us=370596627 enqueue_us=370596676 write_start_us=370598817 write_end_us=370599773
TX_HISTORY sequence=51803 type=3 flags=0x07 encoded_bytes=84 allocated_us=370599810 enqueue_us=370599853 write_start_us=370600633 write_end_us=370600703
TX_HISTORY sequence=51804 type=4 flags=0x07 encoded_bytes=84 allocated_us=370599911 enqueue_us=370599945 write_start_us=370600714 write_end_us=370601605
TX_HISTORY sequence=51805 type=2 flags=0x07 encoded_bytes=84 allocated_us=370600033 enqueue_us=370600063 write_start_us=370601615 write_end_us=370602497
TX_HISTORY sequence=51806 type=32 flags=0x07 encoded_bytes=40 allocated_us=370600594 enqueue_us=370600612 write_start_us=370602506 write_end_us=370602938
TX_HISTORY sequence=51807 type=3 flags=0x07 encoded_bytes=84 allocated_us=370614459 enqueue_us=370614510 write_start_us=370614611 write_end_us=370614657
TX_HISTORY sequence=51808 type=4 flags=0x07 encoded_bytes=84 allocated_us=370614703 enqueue_us=370614735 write_start_us=370615604 write_end_us=370615634
TX_HISTORY sequence=51809 type=20 flags=0x07 encoded_bytes=84 allocated_us=370614796 enqueue_us=370614826 write_start_us=370615653 write_end_us=370616075
TX_HISTORY sequence=51810 type=2 flags=0x07 encoded_bytes=84 allocated_us=370614861 enqueue_us=370614891 write_start_us=370616087 write_end_us=370616967
TX_HISTORY sequence=51811 type=2 flags=0x07 encoded_bytes=84 allocated_us=370614913 enqueue_us=370614943 write_start_us=370616976 write_end_us=370617881
TX_HISTORY sequence=51812 type=3 flags=0x07 encoded_bytes=84 allocated_us=370615215 enqueue_us=370615257 write_start_us=370617890 write_end_us=370618798
TX_HISTORY sequence=51813 type=4 flags=0x07 encoded_bytes=84 allocated_us=370615283 enqueue_us=370615314 write_start_us=370618808 write_end_us=370619721
TX_HISTORY sequence=51814 type=58 flags=0x07 encoded_bytes=72 allocated_us=370615382 enqueue_us=370615409 write_start_us=370619731 write_end_us=370620486
TX_HISTORY sequence=51815 type=5 flags=0x07 encoded_bytes=224 allocated_us=370618971 enqueue_us=370619060 write_start_us=370620499 write_end_us=370622926
TX_HISTORY sequence=51816 type=2 flags=0x07 encoded_bytes=84 allocated_us=370633021 enqueue_us=370633081 write_start_us=370633615 write_end_us=370633665
TX_HISTORY sequence=51817 type=3 flags=0x07 encoded_bytes=84 allocated_us=370633403 enqueue_us=370633435 write_start_us=370633695 write_end_us=370634094
TX_HISTORY sequence=51818 type=4 flags=0x07 encoded_bytes=84 allocated_us=370633546 enqueue_us=370635971 write_start_us=370634104 write_end_us=370634995
TX_HISTORY sequence=51819 type=7 flags=0x07 encoded_bytes=88 allocated_us=370634556 enqueue_us=370634595 write_start_us=370635004 write_end_us=370635958
TX_HISTORY sequence=51820 type=2 flags=0x07 encoded_bytes=84 allocated_us=370636055 enqueue_us=370636092 write_start_us=370636625 write_end_us=370636876
TX_HISTORY sequence=51821 type=3 flags=0x07 encoded_bytes=84 allocated_us=370636216 enqueue_us=370636263 write_start_us=370636885 write_end_us=370637775
TX_HISTORY sequence=51822 type=4 flags=0x07 encoded_bytes=84 allocated_us=370636322 enqueue_us=370636360 write_start_us=370637784 write_end_us=370638695
TX_HISTORY sequence=51823 type=56 flags=0x07 encoded_bytes=184 allocated_us=370636425 enqueue_us=370636490 write_start_us=370638707 write_end_us=370640679
TX_HISTORY sequence=51824 type=24 flags=0x07 encoded_bytes=92 allocated_us=370636507 enqueue_us=370636541 write_start_us=370640689 write_end_us=370641678
TX_HISTORY sequence=51825 type=2 flags=0x07 encoded_bytes=84 allocated_us=370644353 enqueue_us=370644409 write_start_us=370644611 write_end_us=370644657
TX_HISTORY sequence=51826 type=22 flags=0x07 encoded_bytes=148 allocated_us=370644469 enqueue_us=370644521 write_start_us=370644691 write_end_us=370645787
TX_HISTORY sequence=51827 type=5 flags=0x07 encoded_bytes=224 allocated_us=370652482 enqueue_us=370652565 write_start_us=370652600 write_end_us=370653657
TX_HISTORY sequence=51828 type=16 flags=0x07 encoded_bytes=96 allocated_us=370656607 enqueue_us=370656659 write_start_us=370657622 write_end_us=370657691
TX_HISTORY sequence=51829 type=7 flags=0x07 encoded_bytes=88 allocated_us=370662237 enqueue_us=370662289 write_start_us=370662596 write_end_us=370662624
TX_HISTORY sequence=51830 type=3 flags=0x07 encoded_bytes=84 allocated_us=370663955 enqueue_us=370664001 write_start_us=370664632 write_end_us=370664681
TX_HISTORY sequence=51831 type=4 flags=0x07 encoded_bytes=84 allocated_us=370664116 enqueue_us=370664168 write_start_us=370664706 write_end_us=370665115
TX_HISTORY sequence=51832 type=20 flags=0x07 encoded_bytes=84 allocated_us=370664264 enqueue_us=370664310 write_start_us=370665125 write_end_us=370666013
TX_HISTORY sequence=51833 type=2 flags=0x07 encoded_bytes=84 allocated_us=370664386 enqueue_us=370664420 write_start_us=370666022 write_end_us=370666932
TX_HISTORY sequence=51834 type=2 flags=0x07 encoded_bytes=84 allocated_us=370664449 enqueue_us=370664481 write_start_us=370666941 write_end_us=370667847
TX_HISTORY sequence=51835 type=3 flags=0x07 encoded_bytes=84 allocated_us=370664563 enqueue_us=370668774 write_start_us=370667856 write_end_us=370668760
TX_HISTORY sequence=51836 type=4 flags=0x07 encoded_bytes=84 allocated_us=370668831 enqueue_us=370668878 write_start_us=370669615 write_end_us=370669691
TX_HISTORY sequence=51837 type=2 flags=0x07 encoded_bytes=84 allocated_us=370668946 enqueue_us=370668977 write_start_us=370669702 write_end_us=370670582
TX_HISTORY sequence=51838 type=3 flags=0x07 encoded_bytes=84 allocated_us=370669271 enqueue_us=370669312 write_start_us=370670591 write_end_us=370671496
TX_HISTORY sequence=51839 type=4 flags=0x07 encoded_bytes=84 allocated_us=370669394 enqueue_us=370669431 write_start_us=370671507 write_end_us=370672399
TX_HISTORY sequence=51840 type=2 flags=0x07 encoded_bytes=84 allocated_us=370669488 enqueue_us=370669523 write_start_us=370672408 write_end_us=370673316
TX_HISTORY sequence=51841 type=3 flags=0x07 encoded_bytes=84 allocated_us=370676282 enqueue_us=370676355 write_start_us=370676609 write_end_us=370676654
TX_HISTORY sequence=51842 type=5 flags=0x07 encoded_bytes=224 allocated_us=370685011 enqueue_us=370685111 write_start_us=370685596 write_end_us=370686662
TX_HISTORY sequence=51843 type=4 flags=0x07 encoded_bytes=84 allocated_us=370691281 enqueue_us=370691339 write_start_us=370691820 write_end_us=370691857
TX_HISTORY sequence=51844 type=2 flags=0x07 encoded_bytes=84 allocated_us=370691461 enqueue_us=370691491 write_start_us=370691883 write_end_us=370692291
TX_HISTORY sequence=51845 type=3 flags=0x07 encoded_bytes=84 allocated_us=370692317 enqueue_us=370692357 write_start_us=370692609 write_end_us=370693230
TX_HISTORY sequence=51846 type=4 flags=0x07 encoded_bytes=84 allocated_us=370692493 enqueue_us=370692542 write_start_us=370693247 write_end_us=370694119
TX_HISTORY sequence=51847 type=20 flags=0x07 encoded_bytes=84 allocated_us=370694175 enqueue_us=370694220 write_start_us=370694716 write_end_us=370695011
TX_HISTORY sequence=51848 type=2 flags=0x07 encoded_bytes=84 allocated_us=370694307 enqueue_us=370694345 write_start_us=370695022 write_end_us=370695937
TX_HISTORY sequence=51849 type=2 flags=0x07 encoded_bytes=84 allocated_us=370694368 enqueue_us=370694399 write_start_us=370695992 write_end_us=370696846
TX_HISTORY sequence=51850 type=7 flags=0x07 encoded_bytes=88 allocated_us=370695941 enqueue_us=370695983 write_start_us=370696855 write_end_us=370697801
TX_HISTORY sequence=51851 type=3 flags=0x07 encoded_bytes=84 allocated_us=370697830 enqueue_us=370697876 write_start_us=370698600 write_end_us=370698706
TX_HISTORY sequence=51852 type=4 flags=0x07 encoded_bytes=84 allocated_us=370697923 enqueue_us=370697953 write_start_us=370698716 write_end_us=370699631
TX_HISTORY sequence=51853 type=56 flags=0x07 encoded_bytes=184 allocated_us=370698015 enqueue_us=370698079 write_start_us=370699641 write_end_us=370701611
TX_HISTORY sequence=51854 type=24 flags=0x07 encoded_bytes=92 allocated_us=370698101 enqueue_us=370698143 write_start_us=370701620 write_end_us=370702617
TX_HISTORY sequence=51855 type=32 flags=0x07 encoded_bytes=40 allocated_us=370703599 enqueue_us=370703633 write_start_us=370703647 write_end_us=370703667
TX_HISTORY sequence=51856 type=2 flags=0x07 encoded_bytes=84 allocated_us=370710731 enqueue_us=370710781 write_start_us=370711612 write_end_us=370711658
TX_HISTORY sequence=51857 type=3 flags=0x07 encoded_bytes=84 allocated_us=370711098 enqueue_us=370711129 write_start_us=370711684 write_end_us=370712094
TX_HISTORY sequence=51858 type=4 flags=0x07 encoded_bytes=84 allocated_us=370711242 enqueue_us=370711277 write_start_us=370712103 write_end_us=370712987
TX_HISTORY sequence=51859 type=2 flags=0x07 encoded_bytes=84 allocated_us=370711321 enqueue_us=370711351 write_start_us=370712996 write_end_us=370713902
TX_HISTORY sequence=51860 type=3 flags=0x07 encoded_bytes=84 allocated_us=370711398 enqueue_us=370711427 write_start_us=370713911 write_end_us=370714815
TX_HISTORY sequence=51861 type=5 flags=0x07 encoded_bytes=224 allocated_us=370718009 enqueue_us=370718127 write_start_us=370718606 write_end_us=370719660
TX_HISTORY sequence=51862 type=4 flags=0x07 encoded_bytes=84 allocated_us=370724647 enqueue_us=370724700 write_start_us=370725605 write_end_us=370725653
TX_HISTORY sequence=51863 type=2 flags=0x07 encoded_bytes=84 allocated_us=370724804 enqueue_us=370724834 write_start_us=370725677 write_end_us=370726087
TX_HISTORY sequence=51864 type=2 flags=0x07 encoded_bytes=84 allocated_us=370724855 enqueue_us=370724885 write_start_us=370726097 write_end_us=370727004
TX_HISTORY sequence=51865 type=3 flags=0x07 encoded_bytes=84 allocated_us=370725213 enqueue_us=370725258 write_start_us=370727014 write_end_us=370727909
TX_HISTORY sequence=51866 type=4 flags=0x07 encoded_bytes=84 allocated_us=370725373 enqueue_us=370725407 write_start_us=370727918 write_end_us=370728810
TX_HISTORY sequence=51867 type=20 flags=0x07 encoded_bytes=84 allocated_us=370725456 enqueue_us=370725498 write_start_us=370728819 write_end_us=370729716
TX_HISTORY sequence=51868 type=7 flags=0x07 encoded_bytes=88 allocated_us=370728926 enqueue_us=370728980 write_start_us=370729725 write_end_us=370730693
TX_HISTORY sequence=51869 type=2 flags=0x07 encoded_bytes=84 allocated_us=370739039 enqueue_us=370739099 write_start_us=370739620 write_end_us=370739668
TX_HISTORY sequence=51870 type=3 flags=0x07 encoded_bytes=84 allocated_us=370739479 enqueue_us=370739515 write_start_us=370739693 write_end_us=370740101
TX_HISTORY sequence=51871 type=4 flags=0x07 encoded_bytes=84 allocated_us=370739536 enqueue_us=370739567 write_start_us=370740112 write_end_us=370741016
TX_HISTORY sequence=51872 type=2 flags=0x07 encoded_bytes=84 allocated_us=370741055 enqueue_us=370741093 write_start_us=370741607 write_end_us=370741921
TX_HISTORY sequence=51873 type=3 flags=0x07 encoded_bytes=84 allocated_us=370741384 enqueue_us=370741422 write_start_us=370741930 write_end_us=370742834
TX_HISTORY sequence=51874 type=4 flags=0x07 encoded_bytes=84 allocated_us=370746549 enqueue_us=370746683 write_start_us=370746625 write_end_us=370746662
TX_HISTORY sequence=51875 type=2 flags=0x07 encoded_bytes=84 allocated_us=370746767 enqueue_us=370746798 write_start_us=370747599 write_end_us=370747623
TX_HISTORY sequence=51876 type=22 flags=0x07 encoded_bytes=148 allocated_us=370746845 enqueue_us=370746897 write_start_us=370747634 write_end_us=370748751
TX_HISTORY sequence=51877 type=5 flags=0x07 encoded_bytes=224 allocated_us=370751063 enqueue_us=370751160 write_start_us=370751595 write_end_us=370752661
TX_HISTORY sequence=51878 type=16 flags=0x07 encoded_bytes=96 allocated_us=370758387 enqueue_us=370758445 write_start_us=370758662 write_end_us=370758734
TX_HISTORY sequence=51879 type=7 flags=0x07 encoded_bytes=88 allocated_us=370761855 enqueue_us=370761905 write_start_us=370762601 write_end_us=370762632
TX_HISTORY sequence=51880 type=3 flags=0x07 encoded_bytes=84 allocated_us=370763071 enqueue_us=370763130 write_start_us=370763760 write_end_us=370763807
TX_HISTORY sequence=51881 type=4 flags=0x07 encoded_bytes=84 allocated_us=370763170 enqueue_us=370763222 write_start_us=370763833 write_end_us=370764246
TX_HISTORY sequence=51882 type=2 flags=0x07 encoded_bytes=84 allocated_us=370763308 enqueue_us=370763340 write_start_us=370764255 write_end_us=370765139
TX_HISTORY sequence=51883 type=2 flags=0x07 encoded_bytes=84 allocated_us=370763369 enqueue_us=370763400 write_start_us=370765148 write_end_us=370766049
TX_HISTORY sequence=51884 type=3 flags=0x07 encoded_bytes=84 allocated_us=370766078 enqueue_us=370766124 write_start_us=370766602 write_end_us=370766971
TX_HISTORY sequence=51885 type=4 flags=0x07 encoded_bytes=84 allocated_us=370766228 enqueue_us=370766262 write_start_us=370766981 write_end_us=370767877
TX_HISTORY sequence=51886 type=20 flags=0x07 encoded_bytes=84 allocated_us=370766318 enqueue_us=370766350 write_start_us=370767890 write_end_us=370768797
TX_HISTORY sequence=51887 type=56 flags=0x07 encoded_bytes=184 allocated_us=370766434 enqueue_us=370766501 write_start_us=370768806 write_end_us=370770794
TX_HISTORY sequence=51888 type=57 flags=0x07 encoded_bytes=72 allocated_us=370766511 enqueue_us=370766537 write_start_us=370770805 write_end_us=370771561
TX_HISTORY sequence=51889 type=24 flags=0x07 encoded_bytes=92 allocated_us=370766546 enqueue_us=370772591 write_start_us=370771570 write_end_us=370772571
TX_HISTORY sequence=51890 type=2 flags=0x07 encoded_bytes=84 allocated_us=370776237 enqueue_us=370776288 write_start_us=370776623 write_end_us=370776671
TX_HISTORY sequence=51891 type=5 flags=0x07 encoded_bytes=224 allocated_us=370784488 enqueue_us=370784587 write_start_us=370784610 write_end_us=370785679
TX_HISTORY sequence=51892 type=3 flags=0x07 encoded_bytes=84 allocated_us=370794282 enqueue_us=370794348 write_start_us=370794617 write_end_us=370794664
TX_HISTORY sequence=51893 type=7 flags=0x07 encoded_bytes=88 allocated_us=370794349 enqueue_us=370794394 write_start_us=370794692 write_end_us=370795141
TX_HISTORY sequence=51894 type=4 flags=0x07 encoded_bytes=84 allocated_us=370794394 enqueue_us=370794428 write_start_us=370795151 write_end_us=370796043
TX_HISTORY sequence=51895 type=2 flags=0x07 encoded_bytes=84 allocated_us=370794470 enqueue_us=370794500 write_start_us=370796052 write_end_us=370796956
TX_HISTORY sequence=51896 type=3 flags=0x07 encoded_bytes=84 allocated_us=370796998 enqueue_us=370797044 write_start_us=370797650 write_end_us=370797872
TX_HISTORY sequence=51897 type=4 flags=0x07 encoded_bytes=84 allocated_us=370797162 enqueue_us=370797201 write_start_us=370797881 write_end_us=370798788
TX_HISTORY sequence=51898 type=2 flags=0x07 encoded_bytes=84 allocated_us=370797283 enqueue_us=370797315 write_start_us=370798797 write_end_us=370799684
TX_HISTORY sequence=51899 type=3 flags=0x07 encoded_bytes=84 allocated_us=370799714 enqueue_us=370799763 write_start_us=370800604 write_end_us=370800643
TX_HISTORY sequence=51900 type=4 flags=0x07 encoded_bytes=84 allocated_us=370799809 enqueue_us=370799840 write_start_us=370800662 write_end_us=370801517
TX_HISTORY sequence=51901 type=2 flags=0x07 encoded_bytes=84 allocated_us=370799924 enqueue_us=370799957 write_start_us=370801526 write_end_us=370802428
TX_HISTORY sequence=51902 type=32 flags=0x07 encoded_bytes=40 allocated_us=370803598 enqueue_us=370803627 write_start_us=370803640 write_end_us=370803662
TX_HISTORY sequence=51903 type=2 flags=0x07 encoded_bytes=84 allocated_us=370812316 enqueue_us=370812368 write_start_us=370812712 write_end_us=370812756
TX_HISTORY sequence=51904 type=3 flags=0x07 encoded_bytes=84 allocated_us=370812792 enqueue_us=370812828 write_start_us=370813606 write_end_us=370813634
TX_HISTORY sequence=51905 type=4 flags=0x07 encoded_bytes=84 allocated_us=370812913 enqueue_us=370812953 write_start_us=370813651 write_end_us=370814094
TX_HISTORY sequence=51906 type=20 flags=0x07 encoded_bytes=84 allocated_us=370813001 enqueue_us=370813031 write_start_us=370814104 write_end_us=370815014
TX_HISTORY sequence=51907 type=2 flags=0x07 encoded_bytes=84 allocated_us=370813057 enqueue_us=370813087 write_start_us=370815023 write_end_us=370815926
TX_HISTORY sequence=51908 type=3 flags=0x07 encoded_bytes=84 allocated_us=370813148 enqueue_us=370813192 write_start_us=370815935 write_end_us=370816835
TX_HISTORY sequence=51909 type=5 flags=0x07 encoded_bytes=224 allocated_us=370817056 enqueue_us=370817154 write_start_us=370817597 write_end_us=370819264
TX_HISTORY sequence=51910 type=4 flags=0x07 encoded_bytes=84 allocated_us=370822656 enqueue_us=370822702 write_start_us=370823603 write_end_us=370823649
TX_HISTORY sequence=51911 type=2 flags=0x07 encoded_bytes=84 allocated_us=370822802 enqueue_us=370822834 write_start_us=370823674 write_end_us=370824085
TX_HISTORY sequence=51912 type=56 flags=0x07 encoded_bytes=184 allocated_us=370822898 enqueue_us=370822966 write_start_us=370824102 write_end_us=370826067
TX_HISTORY sequence=51913 type=58 flags=0x07 encoded_bytes=72 allocated_us=370823012 enqueue_us=370823038 write_start_us=370826076 write_end_us=370826856
TX_HISTORY sequence=51914 type=24 flags=0x07 encoded_bytes=92 allocated_us=370823050 enqueue_us=370823083 write_start_us=370826866 write_end_us=370827845
TX_HISTORY sequence=51915 type=7 flags=0x07 encoded_bytes=88 allocated_us=370827874 enqueue_us=370827953 write_start_us=370828596 write_end_us=370828800
TX_HISTORY sequence=51916 type=3 flags=0x07 encoded_bytes=84 allocated_us=370839163 enqueue_us=370839219 write_start_us=370839741 write_end_us=370839815
TX_HISTORY sequence=51917 type=4 flags=0x07 encoded_bytes=84 allocated_us=370839322 enqueue_us=370839354 write_start_us=370839840 write_end_us=370840231
TX_HISTORY sequence=51918 type=2 flags=0x07 encoded_bytes=84 allocated_us=370839406 enqueue_us=370839436 write_start_us=370840240 write_end_us=370841152
TX_HISTORY sequence=51919 type=3 flags=0x07 encoded_bytes=84 allocated_us=370841179 enqueue_us=370841214 write_start_us=370841600 write_end_us=370842055
TX_HISTORY sequence=51920 type=4 flags=0x07 encoded_bytes=84 allocated_us=370841250 enqueue_us=370841283 write_start_us=370842064 write_end_us=370842970
TX_HISTORY sequence=51921 type=2 flags=0x07 encoded_bytes=84 allocated_us=370841338 enqueue_us=370841368 write_start_us=370842979 write_end_us=370843890
TX_HISTORY sequence=51922 type=2 flags=0x07 encoded_bytes=84 allocated_us=370841392 enqueue_us=370841427 write_start_us=370843901 write_end_us=370844786
TX_HISTORY sequence=51923 type=5 flags=0x07 encoded_bytes=224 allocated_us=370850041 enqueue_us=370850139 write_start_us=370850595 write_end_us=370851657
TX_HISTORY sequence=51924 type=20 flags=0x07 encoded_bytes=84 allocated_us=370856263 enqueue_us=370856313 write_start_us=370856759 write_end_us=370856806
TX_HISTORY sequence=51925 type=3 flags=0x07 encoded_bytes=84 allocated_us=370856845 enqueue_us=370856884 write_start_us=370857601 write_end_us=370857635
TX_HISTORY sequence=51926 type=4 flags=0x07 encoded_bytes=84 allocated_us=370856957 enqueue_us=370856996 write_start_us=370857658 write_end_us=370858152
TX_HISTORY sequence=51927 type=2 flags=0x07 encoded_bytes=84 allocated_us=370857046 enqueue_us=370857076 write_start_us=370858162 write_end_us=370859049
TX_HISTORY sequence=51928 type=3 flags=0x07 encoded_bytes=84 allocated_us=370857371 enqueue_us=370857409 write_start_us=370859059 write_end_us=370859973
TX_HISTORY sequence=51929 type=4 flags=0x07 encoded_bytes=84 allocated_us=370857441 enqueue_us=370857472 write_start_us=370859983 write_end_us=370860886
TX_HISTORY sequence=51930 type=2 flags=0x07 encoded_bytes=84 allocated_us=370857536 enqueue_us=370857569 write_start_us=370860895 write_end_us=370861823
TX_HISTORY sequence=51931 type=7 flags=0x07 encoded_bytes=88 allocated_us=370860411 enqueue_us=370860464 write_start_us=370861840 write_end_us=370862752
TX_HISTORY sequence=51932 type=22 flags=0x07 encoded_bytes=148 allocated_us=370862849 enqueue_us=370862912 write_start_us=370863601 write_end_us=370864348
TX_HISTORY sequence=51933 type=16 flags=0x07 encoded_bytes=96 allocated_us=370871511 enqueue_us=370871563 write_start_us=370871657 write_end_us=370871700
TX_HISTORY sequence=51934 type=3 flags=0x07 encoded_bytes=84 allocated_us=370879561 enqueue_us=370879716 write_start_us=370879652 write_end_us=370879689
TX_HISTORY sequence=51935 type=4 flags=0x07 encoded_bytes=84 allocated_us=370879807 enqueue_us=370879841 write_start_us=370880730 write_end_us=370880768
TX_HISTORY sequence=51936 type=2 flags=0x07 encoded_bytes=84 allocated_us=370879901 enqueue_us=370879931 write_start_us=370880783 write_end_us=370881202
TX_HISTORY sequence=51937 type=2 flags=0x07 encoded_bytes=84 allocated_us=370879954 enqueue_us=370879984 write_start_us=370881211 write_end_us=370882102
TX_HISTORY sequence=51938 type=3 flags=0x07 encoded_bytes=84 allocated_us=370880252 enqueue_us=370880288 write_start_us=370882111 write_end_us=370883013
TX_HISTORY sequence=51939 type=4 flags=0x07 encoded_bytes=84 allocated_us=370880305 enqueue_us=370880347 write_start_us=370883023 write_end_us=370883926
TX_HISTORY sequence=51940 type=2 flags=0x07 encoded_bytes=84 allocated_us=370880387 enqueue_us=370880419 write_start_us=370883935 write_end_us=370884835
TX_HISTORY sequence=51941 type=3 flags=0x07 encoded_bytes=84 allocated_us=370884859 enqueue_us=370884901 write_start_us=370885600 write_end_us=370885763
TX_HISTORY sequence=51942 type=4 flags=0x07 encoded_bytes=84 allocated_us=370884966 enqueue_us=370884999 write_start_us=370885772 write_end_us=370886657
TX_HISTORY sequence=51943 type=56 flags=0x07 encoded_bytes=184 allocated_us=370885060 enqueue_us=370885125 write_start_us=370886748 write_end_us=370888701
TX_HISTORY sequence=51944 type=24 flags=0x07 encoded_bytes=92 allocated_us=370885141 enqueue_us=370885174 write_start_us=370888718 write_end_us=370889689
TX_HISTORY sequence=51945 type=5 flags=0x07 encoded_bytes=224 allocated_us=370886647 enqueue_us=370886732 write_start_us=370889705 write_end_us=370892108
TX_HISTORY sequence=51946 type=11 flags=0x07 encoded_bytes=56 allocated_us=370893022 enqueue_us=370893050 write_start_us=370893598 write_end_us=370893629
TX_HISTORY sequence=51947 type=7 flags=0x07 encoded_bytes=88 allocated_us=370897362 enqueue_us=370897416 write_start_us=370897597 write_end_us=370897624
TX_HISTORY sequence=51948 type=20 flags=0x07 encoded_bytes=84 allocated_us=370902741 enqueue_us=370902791 write_start_us=370903635 write_end_us=370903679
TX_HISTORY sequence=51949 type=2 flags=0x07 encoded_bytes=84 allocated_us=370902839 enqueue_us=370902869 write_start_us=370903705 write_end_us=370904122
TX_HISTORY sequence=51950 type=3 flags=0x07 encoded_bytes=84 allocated_us=370903179 enqueue_us=370903213 write_start_us=370904132 write_end_us=370905028
TX_HISTORY sequence=51951 type=4 flags=0x07 encoded_bytes=84 allocated_us=370903225 enqueue_us=370903263 write_start_us=370905038 write_end_us=370905924
TX_HISTORY sequence=51952 type=2 flags=0x07 encoded_bytes=84 allocated_us=370903294 enqueue_us=370903334 write_start_us=370905933 write_end_us=370906839
TX_HISTORY sequence=51953 type=3 flags=0x07 encoded_bytes=84 allocated_us=370903437 enqueue_us=370903474 write_start_us=370906848 write_end_us=370907754
TX_HISTORY sequence=51954 type=4 flags=0x07 encoded_bytes=84 allocated_us=370903530 enqueue_us=370903564 write_start_us=370907763 write_end_us=370908666
TX_HISTORY sequence=51955 type=32 flags=0x07 encoded_bytes=40 allocated_us=370903595 enqueue_us=370903611 write_start_us=370908675 write_end_us=370909096
TX_HISTORY sequence=51956 type=5 flags=0x07 encoded_bytes=224 allocated_us=370916021 enqueue_us=370916127 write_start_us=370916604 write_end_us=370917664
TX_HISTORY sequence=51957 type=2 flags=0x07 encoded_bytes=84 allocated_us=370923875 enqueue_us=370923929 write_start_us=370924622 write_end_us=370924670
TX_HISTORY sequence=51958 type=2 flags=0x07 encoded_bytes=84 allocated_us=370923963 enqueue_us=370923993 write_start_us=370924698 write_end_us=370925099
TX_HISTORY sequence=51959 type=3 flags=0x07 encoded_bytes=84 allocated_us=370924319 enqueue_us=370924361 write_start_us=370925109 write_end_us=370926001
TX_HISTORY sequence=51960 type=4 flags=0x07 encoded_bytes=84 allocated_us=370924397 enqueue_us=370924429 write_start_us=370926010 write_end_us=370926911
TX_HISTORY sequence=51961 type=2 flags=0x07 encoded_bytes=84 allocated_us=370924472 enqueue_us=370924508 write_start_us=370926920 write_end_us=370927841
TX_HISTORY sequence=51962 type=20 flags=0x07 encoded_bytes=84 allocated_us=370924559 enqueue_us=370929712 write_start_us=370927850 write_end_us=370928735
TX_HISTORY sequence=51963 type=7 flags=0x07 encoded_bytes=88 allocated_us=370926471 enqueue_us=370926509 write_start_us=370928744 write_end_us=370929698
TX_HISTORY sequence=51964 type=3 flags=0x07 encoded_bytes=84 allocated_us=370930146 enqueue_us=370930222 write_start_us=370930605 write_end_us=370930649
TX_HISTORY sequence=51965 type=4 flags=0x07 encoded_bytes=84 allocated_us=370930314 enqueue_us=370930346 write_start_us=370930670 write_end_us=370931513
TX_HISTORY sequence=51966 type=2 flags=0x07 encoded_bytes=84 allocated_us=370938537 enqueue_us=370938706 write_start_us=370938628 write_end_us=370938670
TX_HISTORY sequence=51967 type=3 flags=0x07 encoded_bytes=84 allocated_us=370939041 enqueue_us=370939076 write_start_us=370939607 write_end_us=370939643
TX_HISTORY sequence=51968 type=4 flags=0x07 encoded_bytes=84 allocated_us=370939095 enqueue_us=370939125 write_start_us=370939662 write_end_us=370940069
TX_HISTORY sequence=51969 type=2 flags=0x07 encoded_bytes=84 allocated_us=370939152 enqueue_us=370939182 write_start_us=370940078 write_end_us=370940987
TX_HISTORY sequence=51970 type=56 flags=0x07 encoded_bytes=184 allocated_us=370939230 enqueue_us=370939294 write_start_us=370940996 write_end_us=370942980
TX_HISTORY sequence=51971 type=24 flags=0x07 encoded_bytes=92 allocated_us=370939307 enqueue_us=370939340 write_start_us=370942989 write_end_us=370943985
TX_HISTORY sequence=51972 type=3 flags=0x07 encoded_bytes=84 allocated_us=370948968 enqueue_us=370949056 write_start_us=370949604 write_end_us=370949625
TX_HISTORY sequence=51973 type=5 flags=0x07 encoded_bytes=224 allocated_us=370949059 enqueue_us=370949155 write_start_us=370949648 write_end_us=370951586
TX_HISTORY sequence=51974 type=4 flags=0x07 encoded_bytes=84 allocated_us=370949147 enqueue_us=370949183 write_start_us=370951595 write_end_us=370952497
TX_HISTORY sequence=51975 type=2 flags=0x07 encoded_bytes=84 allocated_us=370949285 enqueue_us=370949316 write_start_us=370952506 write_end_us=370953405
TX_HISTORY sequence=51976 type=7 flags=0x07 encoded_bytes=88 allocated_us=370959369 enqueue_us=370959427 write_start_us=370959600 write_end_us=370959634
TX_HISTORY sequence=51977 type=2 flags=0x07 encoded_bytes=84 allocated_us=370969672 enqueue_us=370969722 write_start_us=370970616 write_end_us=370970661
TX_HISTORY sequence=51978 type=3 flags=0x07 encoded_bytes=84 allocated_us=370970036 enqueue_us=370970079 write_start_us=370970686 write_end_us=370971099
TX_HISTORY sequence=51979 type=4 flags=0x07 encoded_bytes=84 allocated_us=370970108 enqueue_us=370970145 write_start_us=370971108 write_end_us=370972012
TX_HISTORY sequence=51980 type=2 flags=0x07 encoded_bytes=84 allocated_us=370970183 enqueue_us=370970216 write_start_us=370972021 write_end_us=370972902
TX_HISTORY sequence=51981 type=3 flags=0x07 encoded_bytes=84 allocated_us=370970531 enqueue_us=370970561 write_start_us=370972912 write_end_us=370973817
TX_HISTORY sequence=51982 type=4 flags=0x07 encoded_bytes=84 allocated_us=370973881 enqueue_us=370973927 write_start_us=370974624 write_end_us=370974725
TX_HISTORY sequence=51983 type=20 flags=0x07 encoded_bytes=84 allocated_us=370973990 enqueue_us=370974021 write_start_us=370974735 write_end_us=370975641
TX_HISTORY sequence=51984 type=2 flags=0x07 encoded_bytes=84 allocated_us=370974058 enqueue_us=370974089 write_start_us=370975650 write_end_us=370976551
TX_HISTORY sequence=51985 type=3 flags=0x07 encoded_bytes=84 allocated_us=370974398 enqueue_us=370974436 write_start_us=370976561 write_end_us=370977475
TX_HISTORY sequence=51986 type=4 flags=0x07 encoded_bytes=84 allocated_us=370974459 enqueue_us=370974489 write_start_us=370977484 write_end_us=370978374
TX_HISTORY sequence=51987 type=22 flags=0x07 encoded_bytes=148 allocated_us=370974541 enqueue_us=370979996 write_start_us=370978383 write_end_us=370979981
TX_HISTORY sequence=51988 type=5 flags=0x07 encoded_bytes=224 allocated_us=370982050 enqueue_us=370982151 write_start_us=370982596 write_end_us=370983681
TX_HISTORY sequence=51989 type=16 flags=0x07 encoded_bytes=96 allocated_us=370986043 enqueue_us=370986100 write_start_us=370986690 write_end_us=370986728
TX_HISTORY sequence=51990 type=7 flags=0x07 encoded_bytes=88 allocated_us=370992316 enqueue_us=370992371 write_start_us=370992599 write_end_us=370992632
TX_HISTORY sequence=51991 type=2 flags=0x07 encoded_bytes=84 allocated_us=370999493 enqueue_us=370999543 write_start_us=370999602 write_end_us=370999641
TX_HISTORY sequence=51992 type=3 flags=0x07 encoded_bytes=84 allocated_us=370999950 enqueue_us=370999983 write_start_us=371000722 write_end_us=371000760
TX_HISTORY sequence=51993 type=4 flags=0x07 encoded_bytes=84 allocated_us=371000086 enqueue_us=371000130 write_start_us=371000781 write_end_us=371001201
TX_HISTORY sequence=51994 type=2 flags=0x07 encoded_bytes=84 allocated_us=371000230 enqueue_us=371000282 write_start_us=371001211 write_end_us=371002103
TX_HISTORY sequence=51995 type=2 flags=0x07 encoded_bytes=84 allocated_us=371000338 enqueue_us=371000378 write_start_us=371002112 write_end_us=371003002
TX_HISTORY sequence=51996 type=3 flags=0x07 encoded_bytes=84 allocated_us=371003033 enqueue_us=371003076 write_start_us=371003706 write_end_us=371003941
TX_HISTORY sequence=51997 type=4 flags=0x07 encoded_bytes=84 allocated_us=371003118 enqueue_us=371003159 write_start_us=371003953 write_end_us=371004830
TX_HISTORY sequence=51998 type=2 flags=0x07 encoded_bytes=84 allocated_us=371003236 enqueue_us=371003267 write_start_us=371004841 write_end_us=371005753
TX_HISTORY sequence=51999 type=20 flags=0x07 encoded_bytes=84 allocated_us=371003299 enqueue_us=371003331 write_start_us=371005762 write_end_us=371006664
TX_HISTORY sequence=52000 type=32 flags=0x07 encoded_bytes=40 allocated_us=371003668 enqueue_us=371003689 write_start_us=371006673 write_end_us=371007101
TX_HISTORY sequence=52001 type=3 flags=0x07 encoded_bytes=84 allocated_us=371007134 enqueue_us=371007173 write_start_us=371007598 write_end_us=371007995
TX_HISTORY sequence=52002 type=4 flags=0x07 encoded_bytes=84 allocated_us=371007263 enqueue_us=371007303 write_start_us=371008005 write_end_us=371008908
TX_HISTORY sequence=52003 type=56 flags=0x07 encoded_bytes=184 allocated_us=371007362 enqueue_us=371007426 write_start_us=371008917 write_end_us=371010912
TX_HISTORY sequence=52004 type=24 flags=0x07 encoded_bytes=92 allocated_us=371007441 enqueue_us=371007474 write_start_us=371010921 write_end_us=371011907
TX_HISTORY sequence=52005 type=2 flags=0x07 encoded_bytes=84 allocated_us=371014577 enqueue_us=371014714 write_start_us=371014652 write_end_us=371014687
TX_HISTORY sequence=52006 type=5 flags=0x07 encoded_bytes=224 allocated_us=371015155 enqueue_us=371015239 write_start_us=371015597 write_end_us=371016663
TX_HISTORY sequence=52007 type=3 flags=0x07 encoded_bytes=84 allocated_us=371022827 enqueue_us=371022884 write_start_us=371023607 write_end_us=371023655
TX_HISTORY sequence=52008 type=4 flags=0x07 encoded_bytes=84 allocated_us=371022910 enqueue_us=371022945 write_start_us=371023682 write_end_us=371024081
TX_HISTORY sequence=52009 type=2 flags=0x07 encoded_bytes=84 allocated_us=371022998 enqueue_us=371023028 write_start_us=371024090 write_end_us=371025005
TX_HISTORY sequence=52010 type=58 flags=0x07 encoded_bytes=72 allocated_us=371023096 enqueue_us=371023128 write_start_us=371025014 write_end_us=371025778
TX_HISTORY sequence=52011 type=7 flags=0x07 encoded_bytes=88 allocated_us=371025506 enqueue_us=371025557 write_start_us=371025787 write_end_us=371026720
TX_HISTORY sequence=52012 type=3 flags=0x07 encoded_bytes=84 allocated_us=371038096 enqueue_us=371038152 write_start_us=371038659 write_end_us=371038707
TX_HISTORY sequence=52013 type=4 flags=0x07 encoded_bytes=84 allocated_us=371038210 enqueue_us=371038240 write_start_us=371038731 write_end_us=371039142
TX_HISTORY sequence=52014 type=2 flags=0x07 encoded_bytes=84 allocated_us=371038294 enqueue_us=371038324 write_start_us=371039151 write_end_us=371040054
TX_HISTORY sequence=52015 type=2 flags=0x07 encoded_bytes=84 allocated_us=371038347 enqueue_us=371038378 write_start_us=371040063 write_end_us=371040946
TX_HISTORY sequence=52016 type=3 flags=0x07 encoded_bytes=84 allocated_us=371040976 enqueue_us=371041013 write_start_us=371041594 write_end_us=371041870
TX_HISTORY sequence=52017 type=4 flags=0x07 encoded_bytes=84 allocated_us=371041051 enqueue_us=371041084 write_start_us=371041883 write_end_us=371042770
TX_HISTORY sequence=52018 type=2 flags=0x07 encoded_bytes=84 allocated_us=371041131 enqueue_us=371041161 write_start_us=371042779 write_end_us=371043688
TX_HISTORY sequence=52019 type=5 flags=0x07 encoded_bytes=224 allocated_us=371048072 enqueue_us=371048171 write_start_us=371048596 write_end_us=371049658
TX_HISTORY sequence=52020 type=20 flags=0x07 encoded_bytes=84 allocated_us=371055403 enqueue_us=371055452 write_start_us=371055862 write_end_us=371055908
TX_HISTORY sequence=52021 type=3 flags=0x07 encoded_bytes=84 allocated_us=371055955 enqueue_us=371055993 write_start_us=371056633 write_end_us=371056681
TX_HISTORY sequence=52022 type=4 flags=0x07 encoded_bytes=84 allocated_us=371056058 enqueue_us=371056098 write_start_us=371056713 write_end_us=371057243
TX_HISTORY sequence=52023 type=2 flags=0x07 encoded_bytes=84 allocated_us=371056202 enqueue_us=371056247 write_start_us=371057252 write_end_us=371058146
TX_HISTORY sequence=52024 type=3 flags=0x07 encoded_bytes=84 allocated_us=371058181 enqueue_us=371058228 write_start_us=371058599 write_end_us=371059067
TX_HISTORY sequence=52025 type=4 flags=0x07 encoded_bytes=84 allocated_us=371058274 enqueue_us=371058310 write_start_us=371059076 write_end_us=371059968
TX_HISTORY sequence=52026 type=2 flags=0x07 encoded_bytes=84 allocated_us=371058369 enqueue_us=371058399 write_start_us=371059977 write_end_us=371060898
TX_HISTORY sequence=52027 type=56 flags=0x07 encoded_bytes=184 allocated_us=371058457 enqueue_us=371058523 write_start_us=371060907 write_end_us=371062889
TX_HISTORY sequence=52028 type=24 flags=0x07 encoded_bytes=92 allocated_us=371058539 enqueue_us=371064841 write_start_us=371062898 write_end_us=371063878
TX_HISTORY sequence=52029 type=7 flags=0x07 encoded_bytes=88 allocated_us=371058634 enqueue_us=371058669 write_start_us=371063887 write_end_us=371064828
TX_HISTORY sequence=52030 type=2 flags=0x07 encoded_bytes=84 allocated_us=371077207 enqueue_us=371077260 write_start_us=371077673 write_end_us=371077719
TX_HISTORY sequence=52031 type=3 flags=0x07 encoded_bytes=84 allocated_us=371077755 enqueue_us=371077788 write_start_us=371078603 write_end_us=371078629
TX_HISTORY sequence=52032 type=4 flags=0x07 encoded_bytes=84 allocated_us=371077853 enqueue_us=371077890 write_start_us=371078644 write_end_us=371079069
TX_HISTORY sequence=52033 type=2 flags=0x07 encoded_bytes=84 allocated_us=371077990 enqueue_us=371078045 write_start_us=371079078 write_end_us=371079967
TX_HISTORY sequence=52034 type=3 flags=0x07 encoded_bytes=84 allocated_us=371078326 enqueue_us=371078357 write_start_us=371079977 write_end_us=371080886
TX_HISTORY sequence=52035 type=4 flags=0x07 encoded_bytes=84 allocated_us=371078373 enqueue_us=371078406 write_start_us=371080899 write_end_us=371081795
TX_HISTORY sequence=52036 type=2 flags=0x07 encoded_bytes=84 allocated_us=371078435 enqueue_us=371078466 write_start_us=371081804 write_end_us=371082724
TX_HISTORY sequence=52037 type=22 flags=0x07 encoded_bytes=148 allocated_us=371078519 enqueue_us=371078571 write_start_us=371082740 write_end_us=371084338
TX_HISTORY sequence=52038 type=5 flags=0x07 encoded_bytes=224 allocated_us=371081051 enqueue_us=371081150 write_start_us=371084355 write_end_us=371086749
TX_HISTORY sequence=52039 type=16 flags=0x07 encoded_bytes=96 allocated_us=371089016 enqueue_us=371089068 write_start_us=371089663 write_end_us=371089703
TX_HISTORY sequence=52040 type=7 flags=0x07 encoded_bytes=88 allocated_us=371092356 enqueue_us=371092394 write_start_us=371092597 write_end_us=371092628
TX_HISTORY sequence=52041 type=3 flags=0x07 encoded_bytes=84 allocated_us=371099070 enqueue_us=371099145 write_start_us=371099781 write_end_us=371099829
TX_HISTORY sequence=52042 type=4 flags=0x07 encoded_bytes=84 allocated_us=371099254 enqueue_us=371099293 write_start_us=371099858 write_end_us=371100250
TX_HISTORY sequence=52043 type=20 flags=0x07 encoded_bytes=84 allocated_us=371099376 enqueue_us=371099413 write_start_us=371100262 write_end_us=371101166
TX_HISTORY sequence=52044 type=2 flags=0x07 encoded_bytes=84 allocated_us=371099458 enqueue_us=371099488 write_start_us=371101175 write_end_us=371102087
TX_HISTORY sequence=52045 type=3 flags=0x07 encoded_bytes=84 allocated_us=371102119 enqueue_us=371102169 write_start_us=371102598 write_end_us=371102982
TX_HISTORY sequence=52046 type=4 flags=0x07 encoded_bytes=84 allocated_us=371102212 enqueue_us=371102245 write_start_us=371102992 write_end_us=371103911
TX_HISTORY sequence=52047 type=2 flags=0x07 encoded_bytes=84 allocated_us=371102298 enqueue_us=371102329 write_start_us=371103920 write_end_us=371104804
TX_HISTORY sequence=52048 type=2 flags=0x07 encoded_bytes=84 allocated_us=371102351 enqueue_us=371102381 write_start_us=371104813 write_end_us=371105712
TX_HISTORY sequence=52049 type=32 flags=0x07 encoded_bytes=40 allocated_us=371106599 enqueue_us=371106625 write_start_us=371106633 write_end_us=371106649
TX_HISTORY sequence=52050 type=5 flags=0x07 encoded_bytes=224 allocated_us=371114015 enqueue_us=371114111 write_start_us=371114604 write_end_us=371115664
TX_HISTORY sequence=52051 type=3 flags=0x07 encoded_bytes=84 allocated_us=371121972 enqueue_us=371122027 write_start_us=371122616 write_end_us=371122672
TX_HISTORY sequence=52052 type=4 flags=0x07 encoded_bytes=84 allocated_us=371122085 enqueue_us=371122124 write_start_us=371122700 write_end_us=371123098
TX_HISTORY sequence=52053 type=2 flags=0x07 encoded_bytes=84 allocated_us=371122233 enqueue_us=371122272 write_start_us=371123108 write_end_us=371124000
TX_HISTORY sequence=52054 type=3 flags=0x07 encoded_bytes=84 allocated_us=371124029 enqueue_us=371124076 write_start_us=371124624 write_end_us=371124927
TX_HISTORY sequence=52055 type=4 flags=0x07 encoded_bytes=84 allocated_us=371124108 enqueue_us=371124139 write_start_us=371124936 write_end_us=371125827
TX_HISTORY sequence=52056 type=2 flags=0x07 encoded_bytes=84 allocated_us=371124204 enqueue_us=371124235 write_start_us=371125836 write_end_us=371126781
TX_HISTORY sequence=52057 type=7 flags=0x07 encoded_bytes=88 allocated_us=371124571 enqueue_us=371124612 write_start_us=371126797 write_end_us=371127694
TX_HISTORY sequence=52058 type=3 flags=0x07 encoded_bytes=84 allocated_us=371127734 enqueue_us=371127782 write_start_us=371128602 write_end_us=371128648
TX_HISTORY sequence=52059 type=4 flags=0x07 encoded_bytes=84 allocated_us=371127880 enqueue_us=371127913 write_start_us=371128665 write_end_us=371129514
TX_HISTORY sequence=52060 type=2 flags=0x07 encoded_bytes=84 allocated_us=371127996 enqueue_us=371128029 write_start_us=371129524 write_end_us=371130431
TX_HISTORY sequence=52061 type=56 flags=0x07 encoded_bytes=184 allocated_us=371128089 enqueue_us=371128156 write_start_us=371130440 write_end_us=371132435
TX_HISTORY sequence=52062 type=24 flags=0x07 encoded_bytes=92 allocated_us=371128176 enqueue_us=371128209 write_start_us=371132444 write_end_us=371133444
TX_HISTORY sequence=52063 type=20 flags=0x07 encoded_bytes=84 allocated_us=371136130 enqueue_us=371136183 write_start_us=371136608 write_end_us=371136645
TX_HISTORY sequence=52064 type=5 flags=0x07 encoded_bytes=224 allocated_us=371147308 enqueue_us=371147401 write_start_us=371147607 write_end_us=371148675
TX_HISTORY sequence=52065 type=3 flags=0x07 encoded_bytes=84 allocated_us=371153688 enqueue_us=371153742 write_start_us=371154638 write_end_us=371154685
TX_HISTORY sequence=52066 type=4 flags=0x07 encoded_bytes=84 allocated_us=371153769 enqueue_us=371153800 write_start_us=371154709 write_end_us=371155121
TX_HISTORY sequence=52067 type=2 flags=0x07 encoded_bytes=84 allocated_us=371153850 enqueue_us=371153880 write_start_us=371155131 write_end_us=371156035
TX_HISTORY sequence=52068 type=2 flags=0x07 encoded_bytes=84 allocated_us=371153904 enqueue_us=371153934 write_start_us=371156045 write_end_us=371156940
TX_HISTORY sequence=52069 type=3 flags=0x07 encoded_bytes=84 allocated_us=371154033 enqueue_us=371154065 write_start_us=371156949 write_end_us=371157844
TX_HISTORY sequence=52070 type=4 flags=0x07 encoded_bytes=84 allocated_us=371154125 enqueue_us=371154163 write_start_us=371157853 write_end_us=371158751
TX_HISTORY sequence=52071 type=2 flags=0x07 encoded_bytes=84 allocated_us=371154250 enqueue_us=371154295 write_start_us=371158760 write_end_us=371159681
TX_HISTORY sequence=52072 type=7 flags=0x07 encoded_bytes=88 allocated_us=371157899 enqueue_us=371157952 write_start_us=371159691 write_end_us=371160620
TX_HISTORY sequence=52073 type=3 flags=0x07 encoded_bytes=84 allocated_us=371160653 enqueue_us=371160692 write_start_us=371161606 write_end_us=371161649
TX_HISTORY sequence=52074 type=4 flags=0x07 encoded_bytes=84 allocated_us=371160741 enqueue_us=371160773 write_start_us=371161668 write_end_us=371162449
TX_HISTORY sequence=52075 type=2 flags=0x07 encoded_bytes=84 allocated_us=371160863 enqueue_us=371160894 write_start_us=371162466 write_end_us=371163345
TX_HISTORY sequence=52076 type=20 flags=0x07 encoded_bytes=84 allocated_us=371171391 enqueue_us=371171449 write_start_us=371171790 write_end_us=371171825
TX_HISTORY sequence=52077 type=3 flags=0x07 encoded_bytes=84 allocated_us=371171864 enqueue_us=371171893 write_start_us=371172601 write_end_us=371172632
TX_HISTORY sequence=52078 type=4 flags=0x07 encoded_bytes=84 allocated_us=371171994 enqueue_us=371172031 write_start_us=371172650 write_end_us=371173162
TX_HISTORY sequence=52079 type=2 flags=0x07 encoded_bytes=84 allocated_us=371172084 enqueue_us=371172114 write_start_us=371173171 write_end_us=371174074
TX_HISTORY sequence=52080 type=3 flags=0x07 encoded_bytes=84 allocated_us=371172190 enqueue_us=371172240 write_start_us=371174087 write_end_us=371174990
TX_HISTORY sequence=52081 type=4 flags=0x07 encoded_bytes=84 allocated_us=371179400 enqueue_us=371179443 write_start_us=371179606 write_end_us=371179640
TX_HISTORY sequence=52082 type=2 flags=0x07 encoded_bytes=84 allocated_us=371179535 enqueue_us=371179572 write_start_us=371179657 write_end_us=371180083
TX_HISTORY sequence=52083 type=5 flags=0x07 encoded_bytes=224 allocated_us=371180167 enqueue_us=371180259 write_start_us=371180596 write_end_us=371182497
TX_HISTORY sequence=52084 type=2 flags=0x07 encoded_bytes=84 allocated_us=371180258 enqueue_us=371180298 write_start_us=371182509 write_end_us=371183444
TX_HISTORY sequence=52085 type=22 flags=0x07 encoded_bytes=148 allocated_us=371180313 enqueue_us=371180368 write_start_us=371183460 write_end_us=371185025
TX_HISTORY sequence=52086 type=56 flags=0x07 encoded_bytes=184 allocated_us=371180426 enqueue_us=371180490 write_start_us=371185034 write_end_us=371187010
TX_HISTORY sequence=52087 type=24 flags=0x07 encoded_bytes=92 allocated_us=371180502 enqueue_us=371180535 write_start_us=371187019 write_end_us=371187999
TX_HISTORY sequence=52088 type=7 flags=0x07 encoded_bytes=88 allocated_us=371190337 enqueue_us=371190389 write_start_us=371190601 write_end_us=371190634
TX_HISTORY sequence=52089 type=3 flags=0x07 encoded_bytes=84 allocated_us=371198362 enqueue_us=371198419 write_start_us=371198660 write_end_us=371198712
TX_HISTORY sequence=52090 type=4 flags=0x07 encoded_bytes=84 allocated_us=371198532 enqueue_us=371198564 write_start_us=371198745 write_end_us=371199158
TX_HISTORY sequence=52091 type=2 flags=0x07 encoded_bytes=84 allocated_us=371199243 enqueue_us=371199274 write_start_us=371199670 write_end_us=371200081
TX_HISTORY sequence=52092 type=3 flags=0x07 encoded_bytes=84 allocated_us=371199558 enqueue_us=371199657 write_start_us=371200099 write_end_us=371200973
TX_HISTORY sequence=52093 type=4 flags=0x07 encoded_bytes=84 allocated_us=371201001 enqueue_us=371201033 write_start_us=371201642 write_end_us=371201900
TX_HISTORY sequence=52094 type=2 flags=0x07 encoded_bytes=84 allocated_us=371201057 enqueue_us=371201088 write_start_us=371201917 write_end_us=371202791
TX_HISTORY sequence=52095 type=16 flags=0x07 encoded_bytes=96 allocated_us=371203673 enqueue_us=371203720 write_start_us=371204631 write_end_us=371204696
TX_HISTORY sequence=52096 type=32 flags=0x07 encoded_bytes=40 allocated_us=371206593 enqueue_us=371206622 write_start_us=371206633 write_end_us=371206653
TX_HISTORY sequence=52097 type=3 flags=0x07 encoded_bytes=84 allocated_us=371214413 enqueue_us=371214458 write_start_us=371214626 write_end_us=371214667
TX_HISTORY sequence=52098 type=4 flags=0x07 encoded_bytes=84 allocated_us=371214530 enqueue_us=371214563 write_start_us=371214691 write_end_us=371215109
TX_HISTORY sequence=52099 type=20 flags=0x07 encoded_bytes=84 allocated_us=371215144 enqueue_us=371215186 write_start_us=371215623 write_end_us=371216009
TX_HISTORY sequence=52100 type=2 flags=0x07 encoded_bytes=84 allocated_us=371215260 enqueue_us=371215293 write_start_us=371216020 write_end_us=371216925
TX_HISTORY sequence=52101 type=3 flags=0x07 encoded_bytes=84 allocated_us=371215566 enqueue_us=371217835 write_start_us=371216934 write_end_us=371217822
TX_HISTORY sequence=52102 type=4 flags=0x07 encoded_bytes=84 allocated_us=371217866 enqueue_us=371217905 write_start_us=371218601 write_end_us=371218746
TX_HISTORY sequence=52103 type=2 flags=0x07 encoded_bytes=84 allocated_us=371217934 enqueue_us=371217964 write_start_us=371218758 write_end_us=371219658
TX_HISTORY sequence=52104 type=5 flags=0x07 encoded_bytes=224 allocated_us=371218777 enqueue_us=371218860 write_start_us=371219669 write_end_us=371222080
TX_HISTORY sequence=52105 type=7 flags=0x07 encoded_bytes=88 allocated_us=371229279 enqueue_us=371229332 write_start_us=371229602 write_end_us=371229640
TX_HISTORY sequence=52106 type=2 flags=0x07 encoded_bytes=84 allocated_us=371232278 enqueue_us=371232328 write_start_us=371232812 write_end_us=371232858
TX_HISTORY sequence=52107 type=3 flags=0x07 encoded_bytes=84 allocated_us=371232902 enqueue_us=371232942 write_start_us=371233604 write_end_us=371233628
TX_HISTORY sequence=52108 type=4 flags=0x07 encoded_bytes=84 allocated_us=371233022 enqueue_us=371233056 write_start_us=371233645 write_end_us=371234207
TX_HISTORY sequence=52109 type=2 flags=0x07 encoded_bytes=84 allocated_us=371233110 enqueue_us=371233144 write_start_us=371234216 write_end_us=371235109
TX_HISTORY sequence=52110 type=3 flags=0x07 encoded_bytes=84 allocated_us=371233397 enqueue_us=371233435 write_start_us=371235119 write_end_us=371236014
TX_HISTORY sequence=52111 type=4 flags=0x07 encoded_bytes=84 allocated_us=371233463 enqueue_us=371233508 write_start_us=371236023 write_end_us=371236926
TX_HISTORY sequence=52112 type=56 flags=0x07 encoded_bytes=184 allocated_us=371236940 enqueue_us=371237008 write_start_us=371237595 write_end_us=371238923
TX_HISTORY sequence=52113 type=58 flags=0x07 encoded_bytes=72 allocated_us=371237056 enqueue_us=371237083 write_start_us=371238932 write_end_us=371239706
TX_HISTORY sequence=52114 type=24 flags=0x07 encoded_bytes=92 allocated_us=371237096 enqueue_us=371237129 write_start_us=371239715 write_end_us=371240710
TX_HISTORY sequence=52115 type=5 flags=0x07 encoded_bytes=224 allocated_us=371246171 enqueue_us=371246266 write_start_us=371246597 write_end_us=371247663
TX_HISTORY sequence=52116 type=2 flags=0x07 encoded_bytes=84 allocated_us=371254212 enqueue_us=371254276 write_start_us=371254628 write_end_us=371254678
TX_HISTORY sequence=52117 type=3 flags=0x07 encoded_bytes=84 allocated_us=371254716 enqueue_us=371254753 write_start_us=371255608 write_end_us=371255647
TX_HISTORY sequence=52118 type=4 flags=0x07 encoded_bytes=84 allocated_us=371254875 enqueue_us=371254915 write_start_us=371255663 write_end_us=371256086
TX_HISTORY sequence=52119 type=20 flags=0x07 encoded_bytes=84 allocated_us=371254988 enqueue_us=371255022 write_start_us=371256096 write_end_us=371256979
TX_HISTORY sequence=52120 type=2 flags=0x07 encoded_bytes=84 allocated_us=371255057 enqueue_us=371255088 write_start_us=371256988 write_end_us=371257898
TX_HISTORY sequence=52121 type=3 flags=0x07 encoded_bytes=84 allocated_us=371255387 enqueue_us=371255421 write_start_us=371257907 write_end_us=371258813
TX_HISTORY sequence=52122 type=4 flags=0x07 encoded_bytes=84 allocated_us=371255442 enqueue_us=371255475 write_start_us=371258824 write_end_us=371259719
TX_HISTORY sequence=52123 type=2 flags=0x07 encoded_bytes=84 allocated_us=371255506 enqueue_us=371255537 write_start_us=371259728 write_end_us=371260640
TX_HISTORY sequence=52124 type=7 flags=0x07 encoded_bytes=88 allocated_us=371256517 enqueue_us=371256557 write_start_us=371260650 write_end_us=371261590
TX_HISTORY sequence=52125 type=2 flags=0x07 encoded_bytes=84 allocated_us=371272808 enqueue_us=371272858 write_start_us=371273733 write_end_us=371273781
TX_HISTORY sequence=52126 type=3 flags=0x07 encoded_bytes=84 allocated_us=371273224 enqueue_us=371273262 write_start_us=371273804 write_end_us=371274206
TX_HISTORY sequence=52127 type=4 flags=0x07 encoded_bytes=84 allocated_us=371273340 enqueue_us=371273378 write_start_us=371274217 write_end_us=371275109
TX_HISTORY sequence=52128 type=2 flags=0x07 encoded_bytes=84 allocated_us=371273422 enqueue_us=371273452 write_start_us=371275119 write_end_us=371276021
TX_HISTORY sequence=52129 type=3 flags=0x07 encoded_bytes=84 allocated_us=371276042 enqueue_us=371276079 write_start_us=371276595 write_end_us=371276935
TX_HISTORY sequence=52130 type=4 flags=0x07 encoded_bytes=84 allocated_us=371276115 enqueue_us=371276150 write_start_us=371276944 write_end_us=371277852
TX_HISTORY sequence=52131 type=2 flags=0x07 encoded_bytes=84 allocated_us=371276200 enqueue_us=371276231 write_start_us=371277861 write_end_us=371278764
TX_HISTORY sequence=52132 type=5 flags=0x07 encoded_bytes=224 allocated_us=371278009 enqueue_us=371278105 write_start_us=371278774 write_end_us=371281203
TX_HISTORY sequence=52133 type=7 flags=0x07 encoded_bytes=88 allocated_us=371288267 enqueue_us=371288323 write_start_us=371288599 write_end_us=371288633
TX_HISTORY sequence=52134 type=3 flags=0x07 encoded_bytes=84 allocated_us=371293840 enqueue_us=371293894 write_start_us=371294643 write_end_us=371294691
TX_HISTORY sequence=52135 type=4 flags=0x07 encoded_bytes=84 allocated_us=371293956 enqueue_us=371293990 write_start_us=371294719 write_end_us=371295148
TX_HISTORY sequence=52136 type=20 flags=0x07 encoded_bytes=84 allocated_us=371294032 enqueue_us=371294062 write_start_us=371295158 write_end_us=371296040
TX_HISTORY sequence=52137 type=2 flags=0x07 encoded_bytes=84 allocated_us=371294111 enqueue_us=371294148 write_start_us=371296049 write_end_us=371296932
TX_HISTORY sequence=52138 type=2 flags=0x07 encoded_bytes=84 allocated_us=371294213 enqueue_us=371294253 write_start_us=371296942 write_end_us=371297854
TX_HISTORY sequence=52139 type=3 flags=0x07 encoded_bytes=84 allocated_us=371294566 enqueue_us=371298784 write_start_us=371297863 write_end_us=371298769
TX_HISTORY sequence=52140 type=4 flags=0x07 encoded_bytes=84 allocated_us=371298828 enqueue_us=371298876 write_start_us=371299598 write_end_us=371299669
TX_HISTORY sequence=52141 type=22 flags=0x07 encoded_bytes=148 allocated_us=371298932 enqueue_us=371298985 write_start_us=371299678 write_end_us=371301274
TX_HISTORY sequence=52142 type=56 flags=0x07 encoded_bytes=184 allocated_us=371299040 enqueue_us=371299112 write_start_us=371301284 write_end_us=371303263
TX_HISTORY sequence=52143 type=24 flags=0x07 encoded_bytes=92 allocated_us=371299129 enqueue_us=371299162 write_start_us=371303272 write_end_us=371304260
TX_HISTORY sequence=52144 type=32 flags=0x07 encoded_bytes=40 allocated_us=371306596 enqueue_us=371306618 write_start_us=371306631 write_end_us=371306651
TX_HISTORY sequence=52145 type=2 flags=0x07 encoded_bytes=84 allocated_us=371306910 enqueue_us=371306947 write_start_us=371307607 write_end_us=371307639
TX_HISTORY sequence=52146 type=5 flags=0x07 encoded_bytes=224 allocated_us=371310966 enqueue_us=371311050 write_start_us=371311598 write_end_us=371312703
TX_HISTORY sequence=52147 type=16 flags=0x07 encoded_bytes=96 allocated_us=371315049 enqueue_us=371315106 write_start_us=371315601 write_end_us=371315632
TX_HISTORY sequence=52148 type=7 flags=0x07 encoded_bytes=88 allocated_us=371321316 enqueue_us=371321390 write_start_us=371321602 write_end_us=371321640
TX_HISTORY sequence=52149 type=3 flags=0x07 encoded_bytes=84 allocated_us=371325201 enqueue_us=371325270 write_start_us=371325606 write_end_us=371325653
TX_HISTORY sequence=52150 type=4 flags=0x07 encoded_bytes=84 allocated_us=371325385 enqueue_us=371325416 write_start_us=371325678 write_end_us=371326087
TX_HISTORY sequence=52151 type=2 flags=0x07 encoded_bytes=84 allocated_us=371325485 enqueue_us=371325524 write_start_us=371326097 write_end_us=371326982
TX_HISTORY sequence=52152 type=3 flags=0x07 encoded_bytes=84 allocated_us=371327018 enqueue_us=371327059 write_start_us=371327618 write_end_us=371327913
TX_HISTORY sequence=52153 type=4 flags=0x07 encoded_bytes=84 allocated_us=371327099 enqueue_us=371327133 write_start_us=371327922 write_end_us=371328832
TX_HISTORY sequence=52154 type=2 flags=0x07 encoded_bytes=84 allocated_us=371327210 enqueue_us=371327240 write_start_us=371328841 write_end_us=371329724
TX_HISTORY sequence=52155 type=3 flags=0x07 encoded_bytes=84 allocated_us=371327554 enqueue_us=371330643 write_start_us=371329733 write_end_us=371330629
TX_HISTORY sequence=52156 type=4 flags=0x07 encoded_bytes=84 allocated_us=371330745 enqueue_us=371330789 write_start_us=371331605 write_end_us=371331644
TX_HISTORY sequence=52157 type=20 flags=0x07 encoded_bytes=84 allocated_us=371330841 enqueue_us=371330881 write_start_us=371331663 write_end_us=371332456
TX_HISTORY sequence=52158 type=2 flags=0x07 encoded_bytes=84 allocated_us=371330932 enqueue_us=371330965 write_start_us=371332465 write_end_us=371333369
TX_HISTORY sequence=52159 type=2 flags=0x07 encoded_bytes=84 allocated_us=371330990 enqueue_us=371331021 write_start_us=371333379 write_end_us=371334293
TX_HISTORY sequence=52160 type=3 flags=0x07 encoded_bytes=84 allocated_us=371337245 enqueue_us=371337300 write_start_us=371337611 write_end_us=371337650
TX_HISTORY sequence=52161 type=5 flags=0x07 encoded_bytes=224 allocated_us=371344549 enqueue_us=371344652 write_start_us=371344654 write_end_us=371345708
TX_HISTORY sequence=52162 type=4 flags=0x07 encoded_bytes=84 allocated_us=371349177 enqueue_us=371349224 write_start_us=371349716 write_end_us=371349759
TX_HISTORY sequence=52163 type=2 flags=0x07 encoded_bytes=84 allocated_us=371349329 enqueue_us=371349359 write_start_us=371349782 write_end_us=371350221
TX_HISTORY sequence=52164 type=3 flags=0x07 encoded_bytes=84 allocated_us=371350250 enqueue_us=371350305 write_start_us=371350603 write_end_us=371351107
TX_HISTORY sequence=52165 type=4 flags=0x07 encoded_bytes=84 allocated_us=371350483 enqueue_us=371350523 write_start_us=371351117 write_end_us=371352006
TX_HISTORY sequence=52166 type=2 flags=0x07 encoded_bytes=84 allocated_us=371352024 enqueue_us=371352058 write_start_us=371352613 write_end_us=371352913
TX_HISTORY sequence=52167 type=3 flags=0x07 encoded_bytes=84 allocated_us=371352471 enqueue_us=371352529 write_start_us=371352922 write_end_us=371353838
TX_HISTORY sequence=52168 type=56 flags=0x07 encoded_bytes=184 allocated_us=371353899 enqueue_us=371353970 write_start_us=371354593 write_end_us=371355819
TX_HISTORY sequence=52169 type=24 flags=0x07 encoded_bytes=92 allocated_us=371353986 enqueue_us=371354021 write_start_us=371355828 write_end_us=371356815
TX_HISTORY sequence=52170 type=7 flags=0x07 encoded_bytes=88 allocated_us=371354542 enqueue_us=371354576 write_start_us=371356824 write_end_us=371357789
TX_HISTORY sequence=52171 type=4 flags=0x07 encoded_bytes=84 allocated_us=371362428 enqueue_us=371362481 write_start_us=371362611 write_end_us=371362650
TX_HISTORY sequence=52172 type=2 flags=0x07 encoded_bytes=84 allocated_us=371362690 enqueue_us=371362720 write_start_us=371363600 write_end_us=371363628
TX_HISTORY sequence=52173 type=3 flags=0x07 encoded_bytes=84 allocated_us=371375236 enqueue_us=371375292 write_start_us=371375611 write_end_us=371375674
TX_HISTORY sequence=52174 type=4 flags=0x07 encoded_bytes=84 allocated_us=371375401 enqueue_us=371375431 write_start_us=371375720 write_end_us=371376095
TX_HISTORY sequence=52175 type=20 flags=0x07 encoded_bytes=84 allocated_us=371375477 enqueue_us=371375507 write_start_us=371376105 write_end_us=371377018
TX_HISTORY sequence=52176 type=2 flags=0x07 encoded_bytes=84 allocated_us=371375543 enqueue_us=371375573 write_start_us=371377030 write_end_us=371377923
TX_HISTORY sequence=52177 type=5 flags=0x07 encoded_bytes=224 allocated_us=371377145 enqueue_us=371377232 write_start_us=371377932 write_end_us=371380355
TX_HISTORY sequence=52178 type=2 flags=0x07 encoded_bytes=84 allocated_us=371380494 enqueue_us=371380543 write_start_us=371380658 write_end_us=371381260
TX_HISTORY sequence=52179 type=3 flags=0x07 encoded_bytes=84 allocated_us=371381569 enqueue_us=371382196 write_start_us=371381634 write_end_us=371382182
TX_HISTORY sequence=52180 type=4 flags=0x07 encoded_bytes=84 allocated_us=371382254 enqueue_us=371382292 write_start_us=371382608 write_end_us=371383087
TX_HISTORY sequence=52181 type=2 flags=0x07 encoded_bytes=84 allocated_us=371382363 enqueue_us=371382393 write_start_us=371383097 write_end_us=371383998
TX_HISTORY sequence=52182 type=7 flags=0x07 encoded_bytes=88 allocated_us=371387279 enqueue_us=371387333 write_start_us=371387601 write_end_us=371387630
TX_HISTORY sequence=52183 type=3 flags=0x07 encoded_bytes=84 allocated_us=371397125 enqueue_us=371397179 write_start_us=371397691 write_end_us=371397741
TX_HISTORY sequence=52184 type=4 flags=0x07 encoded_bytes=84 allocated_us=371397256 enqueue_us=371397297 write_start_us=371397767 write_end_us=371398165
TX_HISTORY sequence=52185 type=2 flags=0x07 encoded_bytes=84 allocated_us=371397372 enqueue_us=371397403 write_start_us=371398175 write_end_us=371399087
TX_HISTORY sequence=52186 type=3 flags=0x07 encoded_bytes=84 allocated_us=371399110 enqueue_us=371399146 write_start_us=371399618 write_end_us=371399988
TX_HISTORY sequence=52187 type=4 flags=0x07 encoded_bytes=84 allocated_us=371399182 enqueue_us=371399217 write_start_us=371399997 write_end_us=371400909
TX_HISTORY sequence=52188 type=2 flags=0x07 encoded_bytes=84 allocated_us=371399257 enqueue_us=371399287 write_start_us=371400918 write_end_us=371401823
TX_HISTORY sequence=52189 type=3 flags=0x07 encoded_bytes=84 allocated_us=371401857 enqueue_us=371401906 write_start_us=371402601 write_end_us=371402719
TX_HISTORY sequence=52190 type=22 flags=0x07 encoded_bytes=148 allocated_us=371401972 enqueue_us=371402024 write_start_us=371402729 write_end_us=371404325
TX_HISTORY sequence=52191 type=32 flags=0x07 encoded_bytes=40 allocated_us=371406595 enqueue_us=371406617 write_start_us=371406627 write_end_us=371406646
TX_HISTORY sequence=52192 type=5 flags=0x07 encoded_bytes=224 allocated_us=371410105 enqueue_us=371410198 write_start_us=371410597 write_end_us=371411734
TX_HISTORY sequence=52193 type=16 flags=0x07 encoded_bytes=96 allocated_us=371414064 enqueue_us=371414116 write_start_us=371414601 write_end_us=371414637
TX_HISTORY sequence=52194 type=4 flags=0x07 encoded_bytes=84 allocated_us=371419223 enqueue_us=371419280 write_start_us=371419878 write_end_us=371419926
TX_HISTORY sequence=52195 type=20 flags=0x07 encoded_bytes=84 allocated_us=371419378 enqueue_us=371419409 write_start_us=371419956 write_end_us=371420362
TX_HISTORY sequence=52196 type=2 flags=0x07 encoded_bytes=84 allocated_us=371419456 enqueue_us=371419487 write_start_us=371420371 write_end_us=371421276
TX_HISTORY sequence=52197 type=2 flags=0x07 encoded_bytes=84 allocated_us=371419508 enqueue_us=371419539 write_start_us=371421285 write_end_us=371422172
TX_HISTORY sequence=52198 type=7 flags=0x07 encoded_bytes=88 allocated_us=371420376 enqueue_us=371420417 write_start_us=371422181 write_end_us=371423145
TX_HISTORY sequence=52199 type=3 flags=0x07 encoded_bytes=84 allocated_us=371423176 enqueue_us=371423220 write_start_us=371423778 write_end_us=371424047
TX_HISTORY sequence=52200 type=4 flags=0x07 encoded_bytes=84 allocated_us=371423269 enqueue_us=371423299 write_start_us=371424056 write_end_us=371424943
TX_HISTORY sequence=52201 type=2 flags=0x07 encoded_bytes=84 allocated_us=371423379 enqueue_us=371423411 write_start_us=371424952 write_end_us=371425874
TX_HISTORY sequence=52202 type=3 flags=0x07 encoded_bytes=84 allocated_us=371425907 enqueue_us=371425955 write_start_us=371426599 write_end_us=371426773
TX_HISTORY sequence=52203 type=4 flags=0x07 encoded_bytes=84 allocated_us=371426053 enqueue_us=371426086 write_start_us=371426782 write_end_us=371427687
TX_HISTORY sequence=52204 type=56 flags=0x07 encoded_bytes=184 allocated_us=371426179 enqueue_us=371426247 write_start_us=371427696 write_end_us=371429678
TX_HISTORY sequence=52205 type=24 flags=0x07 encoded_bytes=92 allocated_us=371426266 enqueue_us=371426299 write_start_us=371429687 write_end_us=371430668
TX_HISTORY sequence=52206 type=2 flags=0x07 encoded_bytes=84 allocated_us=371438911 enqueue_us=371438962 write_start_us=371439609 write_end_us=371439657
TX_HISTORY sequence=52207 type=3 flags=0x07 encoded_bytes=84 allocated_us=371439274 enqueue_us=371439307 write_start_us=371439685 write_end_us=371440095
TX_HISTORY sequence=52208 type=4 flags=0x07 encoded_bytes=84 allocated_us=371439329 enqueue_us=371439362 write_start_us=371440105 write_end_us=371440986
TX_HISTORY sequence=52209 type=2 flags=0x07 encoded_bytes=84 allocated_us=371439384 enqueue_us=371439414 write_start_us=371440995 write_end_us=371441902
TX_HISTORY sequence=52210 type=2 flags=0x07 encoded_bytes=84 allocated_us=371439437 enqueue_us=371439467 write_start_us=371441911 write_end_us=371442819
TX_HISTORY sequence=52211 type=58 flags=0x07 encoded_bytes=72 allocated_us=371439524 enqueue_us=371439550 write_start_us=371442830 write_end_us=371443602
TX_HISTORY sequence=52212 type=5 flags=0x07 encoded_bytes=224 allocated_us=371443000 enqueue_us=371443096 write_start_us=371443611 write_end_us=371446022
TX_HISTORY sequence=52213 type=7 flags=0x07 encoded_bytes=88 allocated_us=371453350 enqueue_us=371453406 write_start_us=371453601 write_end_us=371453638
TX_HISTORY sequence=52214 type=3 flags=0x07 encoded_bytes=84 allocated_us=371463162 enqueue_us=371463225 write_start_us=371463789 write_end_us=371463836
TX_HISTORY sequence=52215 type=4 flags=0x07 encoded_bytes=84 allocated_us=371463315 enqueue_us=371463352 write_start_us=371463862 write_end_us=371464272
TX_HISTORY sequence=52216 type=20 flags=0x07 encoded_bytes=84 allocated_us=371463405 enqueue_us=371463436 write_start_us=371464281 write_end_us=371465166
TX_HISTORY sequence=52217 type=2 flags=0x07 encoded_bytes=84 allocated_us=371463479 enqueue_us=371463509 write_start_us=371465175 write_end_us=371466078
TX_HISTORY sequence=52218 type=3 flags=0x07 encoded_bytes=84 allocated_us=371466102 enqueue_us=371466140 write_start_us=371466629 write_end_us=371466989
TX_HISTORY sequence=52219 type=4 flags=0x07 encoded_bytes=84 allocated_us=371466172 enqueue_us=371466207 write_start_us=371466999 write_end_us=371467902
TX_HISTORY sequence=52220 type=2 flags=0x07 encoded_bytes=84 allocated_us=371466251 enqueue_us=371466282 write_start_us=371467912 write_end_us=371468813
TX_HISTORY sequence=52221 type=3 flags=0x07 encoded_bytes=84 allocated_us=371468843 enqueue_us=371468885 write_start_us=371469605 write_end_us=371469729
TX_HISTORY sequence=52222 type=4 flags=0x07 encoded_bytes=84 allocated_us=371468947 enqueue_us=371468980 write_start_us=371469738 write_end_us=371470651
TX_HISTORY sequence=52223 type=2 flags=0x07 encoded_bytes=84 allocated_us=371469017 enqueue_us=371469057 write_start_us=371470663 write_end_us=371471550
TX_HISTORY sequence=52224 type=3 flags=0x07 encoded_bytes=84 allocated_us=371474552 enqueue_us=371474707 write_start_us=371474640 write_end_us=371474678
TX_HISTORY sequence=52225 type=5 flags=0x07 encoded_bytes=224 allocated_us=371476272 enqueue_us=371476363 write_start_us=371476600 write_end_us=371477668
TX_HISTORY sequence=52226 type=23 flags=0x47 encoded_bytes=44 allocated_us=371478541 enqueue_us=371478563 write_start_us=371478597 write_end_us=371478622
TX_HISTORY sequence=52227 type=56 flags=0x07 encoded_bytes=184 allocated_us=371487314 enqueue_us=371487403 write_start_us=371487613 write_end_us=371488267
TX_HISTORY sequence=52228 type=24 flags=0x07 encoded_bytes=92 allocated_us=371487423 enqueue_us=371487456 write_start_us=371488278 write_end_us=371489252
TX_HISTORY sequence=52229 type=22 flags=0x07 encoded_bytes=148 allocated_us=371503447 enqueue_us=371503526 write_start_us=371503609 write_end_us=371503865
TX_HISTORY sequence=52230 type=32 flags=0x07 encoded_bytes=40 allocated_us=371506816 enqueue_us=371506849 write_start_us=371506869 write_end_us=371506892
TX_HISTORY sequence=52231 type=56 flags=0x07 encoded_bytes=184 allocated_us=371537426 enqueue_us=371537519 write_start_us=371537610 write_end_us=371538260
TX_HISTORY sequence=52232 type=24 flags=0x07 encoded_bytes=92 allocated_us=371537531 enqueue_us=371537563 write_start_us=371538272 write_end_us=371539247
TX_HISTORY sequence=52233 type=56 flags=0x07 encoded_bytes=184 allocated_us=371592485 enqueue_us=371593307 write_start_us=371592624 write_end_us=371593288
TX_HISTORY sequence=52234 type=24 flags=0x07 encoded_bytes=92 allocated_us=371593328 enqueue_us=371593364 write_start_us=371593593 write_end_us=371594287
TX_HISTORY sequence=52235 type=32 flags=0x07 encoded_bytes=40 allocated_us=371606606 enqueue_us=371606649 write_start_us=371606676 write_end_us=371606724
TX_HISTORY sequence=52236 type=22 flags=0x07 encoded_bytes=148 allocated_us=371612421 enqueue_us=371612492 write_start_us=371612609 write_end_us=371612851
TX_HISTORY sequence=52237 type=56 flags=0x07 encoded_bytes=184 allocated_us=371642903 enqueue_us=371642996 write_start_us=371643609 write_end_us=371644252
TX_HISTORY sequence=52238 type=58 flags=0x07 encoded_bytes=72 allocated_us=371643044 enqueue_us=371643070 write_start_us=371644264 write_end_us=371645037
TX_HISTORY sequence=52239 type=24 flags=0x07 encoded_bytes=92 allocated_us=371643083 enqueue_us=371643116 write_start_us=371645046 write_end_us=371646044
TX_HISTORY sequence=52240 type=56 flags=0x07 encoded_bytes=184 allocated_us=371693361 enqueue_us=371693476 write_start_us=371693617 write_end_us=371694281
TX_HISTORY sequence=52241 type=24 flags=0x07 encoded_bytes=92 allocated_us=371693490 enqueue_us=371693526 write_start_us=371694292 write_end_us=371695273
TX_HISTORY sequence=52242 type=32 flags=0x07 encoded_bytes=40 allocated_us=371706604 enqueue_us=371706646 write_start_us=371706672 write_end_us=371706716
TX_HISTORY sequence=52243 type=22 flags=0x07 encoded_bytes=148 allocated_us=371713250 enqueue_us=371713334 write_start_us=371713613 write_end_us=371713871
TX_HISTORY sequence=52244 type=56 flags=0x07 encoded_bytes=184 allocated_us=371746063 enqueue_us=371746179 write_start_us=371746611 write_end_us=371747274
TX_HISTORY sequence=52245 type=24 flags=0x07 encoded_bytes=92 allocated_us=371746207 enqueue_us=371746245 write_start_us=371747286 write_end_us=371748265
TX_HISTORY sequence=52246 type=56 flags=0x07 encoded_bytes=184 allocated_us=371797091 enqueue_us=371797216 write_start_us=371797616 write_end_us=371798277
TX_HISTORY sequence=52247 type=24 flags=0x07 encoded_bytes=92 allocated_us=371797244 enqueue_us=371797281 write_start_us=371798288 write_end_us=371799266
TX_HISTORY sequence=52248 type=32 flags=0x07 encoded_bytes=40 allocated_us=371806603 enqueue_us=371806642 write_start_us=371806661 write_end_us=371806685
TX_HISTORY sequence=52249 type=22 flags=0x07 encoded_bytes=148 allocated_us=371813455 enqueue_us=371813542 write_start_us=371813616 write_end_us=371813902
TX_HISTORY sequence=52250 type=58 flags=0x07 encoded_bytes=72 allocated_us=371843624 enqueue_us=371843683 write_start_us=371844609 write_end_us=371844658
TX_HISTORY sequence=52251 type=56 flags=0x07 encoded_bytes=184 allocated_us=371853284 enqueue_us=371853388 write_start_us=371853624 write_end_us=371854267
TX_HISTORY sequence=52252 type=24 flags=0x07 encoded_bytes=92 allocated_us=371853415 enqueue_us=371853454 write_start_us=371854279 write_end_us=371855279
TX_HISTORY sequence=52253 type=56 flags=0x07 encoded_bytes=184 allocated_us=371904387 enqueue_us=371904479 write_start_us=371904612 write_end_us=371905251
TX_HISTORY sequence=52254 type=24 flags=0x07 encoded_bytes=92 allocated_us=371904499 enqueue_us=371904533 write_start_us=371905263 write_end_us=371906252
TX_HISTORY sequence=52255 type=32 flags=0x07 encoded_bytes=40 allocated_us=371906598 enqueue_us=371906623 write_start_us=371906635 write_end_us=371906701
TX_HISTORY sequence=52256 type=22 flags=0x07 encoded_bytes=148 allocated_us=371914168 enqueue_us=371914245 write_start_us=371914611 write_end_us=371914866
TX_HISTORY sequence=52257 type=56 flags=0x07 encoded_bytes=184 allocated_us=371956198 enqueue_us=371956302 write_start_us=371956615 write_end_us=371957255
TX_HISTORY sequence=52258 type=24 flags=0x07 encoded_bytes=92 allocated_us=371956318 enqueue_us=371956356 write_start_us=371957267 write_end_us=371958266
TX_HISTORY sequence=52259 type=32 flags=0x07 encoded_bytes=40 allocated_us=372006610 enqueue_us=372006658 write_start_us=372006687 write_end_us=372006738
TX_HISTORY sequence=52260 type=56 flags=0x07 encoded_bytes=184 allocated_us=372011965 enqueue_us=372012058 write_start_us=372012613 write_end_us=372013264
TX_HISTORY sequence=52261 type=24 flags=0x07 encoded_bytes=92 allocated_us=372012075 enqueue_us=372012110 write_start_us=372013276 write_end_us=372014262
TX_HISTORY sequence=52262 type=22 flags=0x07 encoded_bytes=148 allocated_us=372017102 enqueue_us=372017191 write_start_us=372017612 write_end_us=372017873
TX_HISTORY sequence=52263 type=58 flags=0x07 encoded_bytes=72 allocated_us=372046046 enqueue_us=372046106 write_start_us=372046612 write_end_us=372046665
TX_HISTORY sequence=52264 type=56 flags=0x07 encoded_bytes=184 allocated_us=372063653 enqueue_us=372063754 write_start_us=372064609 write_end_us=372065267
TX_HISTORY sequence=52265 type=24 flags=0x07 encoded_bytes=92 allocated_us=372063771 enqueue_us=372063807 write_start_us=372065279 write_end_us=372066264
TX_HISTORY sequence=50218 type=7 flags=0x07 encoded_bytes=88 allocated_us=367302335 enqueue_us=367302387 write_start_us=367302599 write_end_us=367302628
TX_HISTORY sequence=50219 type=3 flags=0x07 encoded_bytes=84 allocated_us=367316356 enqueue_us=367316411 write_start_us=367316830 write_end_us=367316877
TX_HISTORY sequence=50220 type=4 flags=0x07 encoded_bytes=84 allocated_us=367316435 enqueue_us=367316466 write_start_us=367316902 write_end_us=367317312
TX_HISTORY sequence=50221 type=2 flags=0x07 encoded_bytes=84 allocated_us=367316523 enqueue_us=367316554 write_start_us=367317321 write_end_us=367318207
TX_HISTORY sequence=50222 type=3 flags=0x07 encoded_bytes=84 allocated_us=367318227 enqueue_us=367318263 write_start_us=367318610 write_end_us=367319131
TX_HISTORY sequence=50223 type=4 flags=0x07 encoded_bytes=84 allocated_us=367318375 enqueue_us=367318408 write_start_us=367319140 write_end_us=367320048
TX_HISTORY sequence=50224 type=2 flags=0x07 encoded_bytes=84 allocated_us=367318462 enqueue_us=367318492 write_start_us=367320057 write_end_us=367320944
TX_HISTORY sequence=50225 type=2 flags=0x07 encoded_bytes=84 allocated_us=367318514 enqueue_us=367318544 write_start_us=367320953 write_end_us=367321860
TX_HISTORY sequence=50226 type=3 flags=0x07 encoded_bytes=84 allocated_us=367322138 enqueue_us=367322185 write_start_us=367322609 write_end_us=367322781
TX_HISTORY sequence=50227 type=4 flags=0x07 encoded_bytes=84 allocated_us=367322217 enqueue_us=367322247 write_start_us=367322790 write_end_us=367323688
TX_HISTORY sequence=50228 type=2 flags=0x07 encoded_bytes=84 allocated_us=367322291 enqueue_us=367322322 write_start_us=367323697 write_end_us=367324608
TX_HISTORY sequence=50229 type=24 flags=0x07 encoded_bytes=92 allocated_us=367322355 enqueue_us=367322387 write_start_us=367324617 write_end_us=367325600
TX_HISTORY sequence=50230 type=5 flags=0x07 encoded_bytes=224 allocated_us=367325105 enqueue_us=367325194 write_start_us=367325611 write_end_us=367328019
TX_HISTORY sequence=50231 type=20 flags=0x07 encoded_bytes=84 allocated_us=367333851 enqueue_us=367333906 write_start_us=367334606 write_end_us=367334660
TX_HISTORY sequence=50232 type=3 flags=0x07 encoded_bytes=84 allocated_us=367334305 enqueue_us=367334338 write_start_us=367334691 write_end_us=367335088
TX_HISTORY sequence=50233 type=4 flags=0x07 encoded_bytes=84 allocated_us=367334394 enqueue_us=367334429 write_start_us=367335098 write_end_us=367336000
TX_HISTORY sequence=50234 type=7 flags=0x07 encoded_bytes=88 allocated_us=367335453 enqueue_us=367335493 write_start_us=367336010 write_end_us=367336990
TX_HISTORY sequence=50235 type=16 flags=0x07 encoded_bytes=96 allocated_us=367339401 enqueue_us=367339451 write_start_us=367339649 write_end_us=367339685
TX_HISTORY sequence=50236 type=2 flags=0x07 encoded_bytes=84 allocated_us=367343897 enqueue_us=367343948 write_start_us=367344617 write_end_us=367344669
TX_HISTORY sequence=50237 type=3 flags=0x07 encoded_bytes=84 allocated_us=367344269 enqueue_us=367344304 write_start_us=367344696 write_end_us=367345107
TX_HISTORY sequence=50238 type=4 flags=0x07 encoded_bytes=84 allocated_us=367344331 enqueue_us=367344365 write_start_us=367345116 write_end_us=367346017
TX_HISTORY sequence=50239 type=2 flags=0x07 encoded_bytes=84 allocated_us=367344403 enqueue_us=367344435 write_start_us=367346026 write_end_us=367346908
TX_HISTORY sequence=50240 type=56 flags=0x07 encoded_bytes=184 allocated_us=367344517 enqueue_us=367348934 write_start_us=367346917 write_end_us=367348919
TX_HISTORY sequence=50241 type=5 flags=0x07 encoded_bytes=224 allocated_us=367358095 enqueue_us=367358193 write_start_us=367358600 write_end_us=367359656
TX_HISTORY sequence=50242 type=3 flags=0x07 encoded_bytes=84 allocated_us=367366084 enqueue_us=367366174 write_start_us=367366623 write_end_us=367366688
TX_HISTORY sequence=50243 type=4 flags=0x07 encoded_bytes=84 allocated_us=367366367 enqueue_us=367366404 write_start_us=367366718 write_end_us=367367117
TX_HISTORY sequence=50244 type=2 flags=0x07 encoded_bytes=84 allocated_us=367366477 enqueue_us=367366507 write_start_us=367367126 write_end_us=367368018
TX_HISTORY sequence=50245 type=2 flags=0x07 encoded_bytes=84 allocated_us=367366532 enqueue_us=367366567 write_start_us=367368027 write_end_us=367368935
TX_HISTORY sequence=50246 type=7 flags=0x07 encoded_bytes=88 allocated_us=367368588 enqueue_us=367368630 write_start_us=367368944 write_end_us=367369896
TX_HISTORY sequence=50247 type=3 flags=0x07 encoded_bytes=84 allocated_us=367370259 enqueue_us=367370297 write_start_us=367370640 write_end_us=367370800
TX_HISTORY sequence=50248 type=4 flags=0x07 encoded_bytes=84 allocated_us=367370334 enqueue_us=367370367 write_start_us=367370810 write_end_us=367371730
TX_HISTORY sequence=50249 type=2 flags=0x07 encoded_bytes=84 allocated_us=367370435 enqueue_us=367370467 write_start_us=367371740 write_end_us=367372630
TX_HISTORY sequence=50250 type=20 flags=0x07 encoded_bytes=84 allocated_us=367370506 enqueue_us=367370540 write_start_us=367372641 write_end_us=367373538
TX_HISTORY sequence=50251 type=3 flags=0x07 encoded_bytes=84 allocated_us=367373605 enqueue_us=367373655 write_start_us=367374603 write_end_us=367374646
TX_HISTORY sequence=50252 type=4 flags=0x07 encoded_bytes=84 allocated_us=367373740 enqueue_us=367373772 write_start_us=367374664 write_end_us=367375371
TX_HISTORY sequence=50253 type=2 flags=0x07 encoded_bytes=84 allocated_us=367373837 enqueue_us=367373868 write_start_us=367375388 write_end_us=367376261
TX_HISTORY sequence=50254 type=24 flags=0x07 encoded_bytes=92 allocated_us=367373901 enqueue_us=367373936 write_start_us=367376270 write_end_us=367377289
TX_HISTORY sequence=50255 type=3 flags=0x07 encoded_bytes=84 allocated_us=367381458 enqueue_us=367381512 write_start_us=367381610 write_end_us=367381644
TX_HISTORY sequence=50256 type=32 flags=0x07 encoded_bytes=40 allocated_us=367390596 enqueue_us=367390625 write_start_us=367390643 write_end_us=367390662
TX_HISTORY sequence=50257 type=5 flags=0x07 encoded_bytes=224 allocated_us=367391158 enqueue_us=367391240 write_start_us=367391595 write_end_us=367392665
TX_HISTORY sequence=50258 type=4 flags=0x07 encoded_bytes=84 allocated_us=367393095 enqueue_us=367393184 write_start_us=367393661 write_end_us=367393697
TX_HISTORY sequence=50259 type=2 flags=0x07 encoded_bytes=84 allocated_us=367393305 enqueue_us=367393337 write_start_us=367393719 write_end_us=367394475
TX_HISTORY sequence=50260 type=3 flags=0x07 encoded_bytes=84 allocated_us=367394504 enqueue_us=367394549 write_start_us=367394593 write_end_us=367395383
TX_HISTORY sequence=50261 type=4 flags=0x07 encoded_bytes=84 allocated_us=367395503 enqueue_us=367395544 write_start_us=367395612 write_end_us=367396305
TX_HISTORY sequence=50262 type=2 flags=0x07 encoded_bytes=84 allocated_us=367396369 enqueue_us=367396414 write_start_us=367396612 write_end_us=367397207
TX_HISTORY sequence=50263 type=2 flags=0x07 encoded_bytes=84 allocated_us=367396483 enqueue_us=367396518 write_start_us=367397216 write_end_us=367398156
TX_HISTORY sequence=50264 type=3 flags=0x07 encoded_bytes=84 allocated_us=367398479 enqueue_us=367398528 write_start_us=367398599 write_end_us=367399033
TX_HISTORY sequence=50265 type=4 flags=0x07 encoded_bytes=84 allocated_us=367399048 enqueue_us=367399083 write_start_us=367399599 write_end_us=367399933
TX_HISTORY sequence=50266 type=22 flags=0x07 encoded_bytes=148 allocated_us=367399169 enqueue_us=367399242 write_start_us=367399944 write_end_us=367401547
TX_HISTORY sequence=50267 type=56 flags=0x07 encoded_bytes=184 allocated_us=367399299 enqueue_us=367399366 write_start_us=367401556 write_end_us=367403542
TX_HISTORY sequence=50268 type=7 flags=0x07 encoded_bytes=88 allocated_us=367401443 enqueue_us=367401481 write_start_us=367403552 write_end_us=367404521
TX_HISTORY sequence=50269 type=2 flags=0x07 encoded_bytes=84 allocated_us=367420267 enqueue_us=367420324 write_start_us=367420738 write_end_us=367420783
TX_HISTORY sequence=50270 type=20 flags=0x07 encoded_bytes=84 allocated_us=367420372 enqueue_us=367420402 write_start_us=367420808 write_end_us=367421217
TX_HISTORY sequence=50271 type=3 flags=0x07 encoded_bytes=84 allocated_us=367421244 enqueue_us=367421280 write_start_us=367421633 write_end_us=367422128
TX_HISTORY sequence=50272 type=4 flags=0x07 encoded_bytes=84 allocated_us=367421390 enqueue_us=367421427 write_start_us=367422138 write_end_us=367423027
TX_HISTORY sequence=50273 type=2 flags=0x07 encoded_bytes=84 allocated_us=367421485 enqueue_us=367421518 write_start_us=367423036 write_end_us=367423960
TX_HISTORY sequence=50274 type=3 flags=0x07 encoded_bytes=84 allocated_us=367421574 enqueue_us=367427308 write_start_us=367423970 write_end_us=367424848
TX_HISTORY sequence=50275 type=5 flags=0x07 encoded_bytes=224 allocated_us=367424017 enqueue_us=367424113 write_start_us=367424859 write_end_us=367427291
TX_HISTORY sequence=50276 type=4 flags=0x07 encoded_bytes=84 allocated_us=367427369 enqueue_us=367427421 write_start_us=367427612 write_end_us=367428202
TX_HISTORY sequence=50277 type=2 flags=0x07 encoded_bytes=84 allocated_us=367427524 enqueue_us=367427556 write_start_us=367428219 write_end_us=367429132
TX_HISTORY sequence=50278 type=3 flags=0x07 encoded_bytes=84 allocated_us=367429474 enqueue_us=367429523 write_start_us=367429596 write_end_us=367430022
TX_HISTORY sequence=50279 type=4 flags=0x07 encoded_bytes=84 allocated_us=367430107 enqueue_us=367430156 write_start_us=367430603 write_end_us=367430935
TX_HISTORY sequence=50280 type=58 flags=0x07 encoded_bytes=72 allocated_us=367430262 enqueue_us=367430300 write_start_us=367430944 write_end_us=367431707
TX_HISTORY sequence=50281 type=24 flags=0x07 encoded_bytes=92 allocated_us=367430315 enqueue_us=367430348 write_start_us=367431716 write_end_us=367432696
TX_HISTORY sequence=50282 type=7 flags=0x07 encoded_bytes=88 allocated_us=367434378 enqueue_us=367434431 write_start_us=367434600 write_end_us=367434628
TX_HISTORY sequence=50283 type=2 flags=0x07 encoded_bytes=84 allocated_us=367442669 enqueue_us=367442720 write_start_us=367443611 write_end_us=367443662
TX_HISTORY sequence=50284 type=2 flags=0x07 encoded_bytes=84 allocated_us=367442749 enqueue_us=367442779 write_start_us=367443689 write_end_us=367444101
TX_HISTORY sequence=50285 type=3 flags=0x07 encoded_bytes=84 allocated_us=367443079 enqueue_us=367443118 write_start_us=367444110 write_end_us=367444999
TX_HISTORY sequence=50286 type=4 flags=0x07 encoded_bytes=84 allocated_us=367443149 enqueue_us=367443191 write_start_us=367445008 write_end_us=367445914
TX_HISTORY sequence=50287 type=2 flags=0x07 encoded_bytes=84 allocated_us=367443247 enqueue_us=367443287 write_start_us=367445923 write_end_us=367446827
TX_HISTORY sequence=50288 type=3 flags=0x07 encoded_bytes=84 allocated_us=367443389 enqueue_us=367443420 write_start_us=367446836 write_end_us=367447736
TX_HISTORY sequence=50289 type=4 flags=0x07 encoded_bytes=84 allocated_us=367443475 enqueue_us=367443514 write_start_us=367447745 write_end_us=367448651
TX_HISTORY sequence=50290 type=20 flags=0x07 encoded_bytes=84 allocated_us=367453339 enqueue_us=367453414 write_start_us=367453653 write_end_us=367453683
TX_HISTORY sequence=50291 type=2 flags=0x07 encoded_bytes=84 allocated_us=367453471 enqueue_us=367453502 write_start_us=367453701 write_end_us=367454109
TX_HISTORY sequence=50292 type=56 flags=0x07 encoded_bytes=184 allocated_us=367453560 enqueue_us=367456131 write_start_us=367454121 write_end_us=367456117
TX_HISTORY sequence=50293 type=5 flags=0x07 encoded_bytes=224 allocated_us=367457258 enqueue_us=367457344 write_start_us=367457600 write_end_us=367458662
TX_HISTORY sequence=50294 type=7 flags=0x07 encoded_bytes=88 allocated_us=367467278 enqueue_us=367467332 write_start_us=367467600 write_end_us=367467637
TX_HISTORY sequence=50295 type=3 flags=0x07 encoded_bytes=84 allocated_us=367472142 enqueue_us=367472221 write_start_us=367472734 write_end_us=367472782
TX_HISTORY sequence=50296 type=4 flags=0x07 encoded_bytes=84 allocated_us=367472267 enqueue_us=367472298 write_start_us=367472810 write_end_us=367473220
TX_HISTORY sequence=50297 type=2 flags=0x07 encoded_bytes=84 allocated_us=367472355 enqueue_us=367472385 write_start_us=367473231 write_end_us=367474135
TX_HISTORY sequence=50298 type=3 flags=0x07 encoded_bytes=84 allocated_us=367474169 enqueue_us=367474215 write_start_us=367474607 write_end_us=367475038
TX_HISTORY sequence=50299 type=4 flags=0x07 encoded_bytes=84 allocated_us=367474306 enqueue_us=367474343 write_start_us=367475047 write_end_us=367476026
TX_HISTORY sequence=50300 type=2 flags=0x07 encoded_bytes=84 allocated_us=367474418 enqueue_us=367474457 write_start_us=367476043 write_end_us=367476876
TX_HISTORY sequence=50301 type=2 flags=0x07 encoded_bytes=84 allocated_us=367474496 enqueue_us=367474535 write_start_us=367476892 write_end_us=367477774
TX_HISTORY sequence=50302 type=3 flags=0x07 encoded_bytes=84 allocated_us=367477608 enqueue_us=367477687 write_start_us=367477873 write_end_us=367478708
TX_HISTORY sequence=50303 type=4 flags=0x07 encoded_bytes=84 allocated_us=367478733 enqueue_us=367478769 write_start_us=367479596 write_end_us=367479621
TX_HISTORY sequence=50304 type=16 flags=0x07 encoded_bytes=96 allocated_us=367481456 enqueue_us=367481516 write_start_us=367481624 write_end_us=367481715
TX_HISTORY sequence=50305 type=2 flags=0x07 encoded_bytes=84 allocated_us=367489764 enqueue_us=367489817 write_start_us=367490633 write_end_us=367490682
TX_HISTORY sequence=50306 type=3 flags=0x07 encoded_bytes=84 allocated_us=367490134 enqueue_us=367490167 write_start_us=367490709 write_end_us=367491124
TX_HISTORY sequence=50307 type=4 flags=0x07 encoded_bytes=84 allocated_us=367490276 enqueue_us=367490317 write_start_us=367491134 write_end_us=367492023
TX_HISTORY sequence=50308 type=20 flags=0x07 encoded_bytes=84 allocated_us=367490385 enqueue_us=367490422 write_start_us=367492032 write_end_us=367492922
TX_HISTORY sequence=50309 type=2 flags=0x07 encoded_bytes=84 allocated_us=367490448 enqueue_us=367490478 write_start_us=367492931 write_end_us=367493838
TX_HISTORY sequence=50310 type=57 flags=0x07 encoded_bytes=72 allocated_us=367490507 enqueue_us=367490533 write_start_us=367493847 write_end_us=367494620
TX_HISTORY sequence=50311 type=24 flags=0x07 encoded_bytes=92 allocated_us=367490542 enqueue_us=367490575 write_start_us=367494629 write_end_us=367495619
TX_HISTORY sequence=50312 type=32 flags=0x07 encoded_bytes=40 allocated_us=367490595 enqueue_us=367490611 write_start_us=367495628 write_end_us=367496068
TX_HISTORY sequence=50313 type=5 flags=0x07 encoded_bytes=224 allocated_us=367496607 enqueue_us=367496723 write_start_us=367497597 write_end_us=367498658
TX_HISTORY sequence=50314 type=3 flags=0x07 encoded_bytes=84 allocated_us=367503421 enqueue_us=367503486 write_start_us=367503622 write_end_us=367503669
TX_HISTORY sequence=50315 type=4 flags=0x07 encoded_bytes=84 allocated_us=367503526 enqueue_us=367503558 write_start_us=367503691 write_end_us=367504101
TX_HISTORY sequence=50316 type=2 flags=0x07 encoded_bytes=84 allocated_us=367504180 enqueue_us=367504223 write_start_us=367504593 write_end_us=367505010
TX_HISTORY sequence=50317 type=22 flags=0x07 encoded_bytes=148 allocated_us=367504292 enqueue_us=367504347 write_start_us=367505019 write_end_us=367506631
TX_HISTORY sequence=50318 type=56 flags=0x07 encoded_bytes=184 allocated_us=367504395 enqueue_us=367504467 write_start_us=367506640 write_end_us=367508607
TX_HISTORY sequence=50319 type=7 flags=0x07 encoded_bytes=88 allocated_us=367506507 enqueue_us=367506554 write_start_us=367508617 write_end_us=367509569
TX_HISTORY sequence=50320 type=5 flags=0x07 encoded_bytes=224 allocated_us=367522855 enqueue_us=367522954 write_start_us=367523855 write_end_us=367524917
TX_HISTORY sequence=50321 type=2 flags=0x07 encoded_bytes=84 allocated_us=367523481 enqueue_us=367523514 write_start_us=367524928 write_end_us=367525849
TX_HISTORY sequence=50322 type=3 flags=0x07 encoded_bytes=84 allocated_us=367525879 enqueue_us=367525928 write_start_us=367526631 write_end_us=367526748
TX_HISTORY sequence=50323 type=4 flags=0x07 encoded_bytes=84 allocated_us=367526053 enqueue_us=367526087 write_start_us=367526757 write_end_us=367527664
TX_HISTORY sequence=50324 type=2 flags=0x07 encoded_bytes=84 allocated_us=367526155 enqueue_us=367526186 write_start_us=367527674 write_end_us=367528560
TX_HISTORY sequence=50325 type=3 flags=0x07 encoded_bytes=84 allocated_us=367526470 enqueue_us=367526501 write_start_us=367528569 write_end_us=367529491
TX_HISTORY sequence=50326 type=4 flags=0x07 encoded_bytes=84 allocated_us=367526514 enqueue_us=367526544 write_start_us=367529500 write_end_us=367530391
TX_HISTORY sequence=50327 type=2 flags=0x07 encoded_bytes=84 allocated_us=367526564 enqueue_us=367531327 write_start_us=367530400 write_end_us=367531314
TX_HISTORY sequence=50328 type=20 flags=0x07 encoded_bytes=84 allocated_us=367531463 enqueue_us=367531531 write_start_us=367531648 write_end_us=367532212
TX_HISTORY sequence=50329 type=3 flags=0x07 encoded_bytes=84 allocated_us=367532254 enqueue_us=367532288 write_start_us=367532593 write_end_us=367533132
TX_HISTORY sequence=50330 type=4 flags=0x07 encoded_bytes=84 allocated_us=367532339 enqueue_us=367532373 write_start_us=367533141 write_end_us=367534046
TX_HISTORY sequence=50331 type=7 flags=0x07 encoded_bytes=88 allocated_us=367533434 enqueue_us=367533473 write_start_us=367534055 write_end_us=367534987
TX_HISTORY sequence=50332 type=2 flags=0x07 encoded_bytes=84 allocated_us=367537733 enqueue_us=367537783 write_start_us=367538604 write_end_us=367538644
TX_HISTORY sequence=50333 type=3 flags=0x07 encoded_bytes=84 allocated_us=367551560 enqueue_us=367551703 write_start_us=367551643 write_end_us=367551678
TX_HISTORY sequence=50334 type=4 flags=0x07 encoded_bytes=84 allocated_us=367551734 enqueue_us=367551765 write_start_us=367552615 write_end_us=367552657
TX_HISTORY sequence=50335 type=2 flags=0x07 encoded_bytes=84 allocated_us=367551800 enqueue_us=367551830 write_start_us=367552676 write_end_us=367553077
TX_HISTORY sequence=50336 type=2 flags=0x07 encoded_bytes=84 allocated_us=367551852 enqueue_us=367551882 write_start_us=367553087 write_end_us=367553988
TX_HISTORY sequence=50337 type=3 flags=0x07 encoded_bytes=84 allocated_us=367551972 enqueue_us=367552001 write_start_us=367553997 write_end_us=367554901
TX_HISTORY sequence=50338 type=4 flags=0x07 encoded_bytes=84 allocated_us=367552060 enqueue_us=367552103 write_start_us=367554910 write_end_us=367555818
TX_HISTORY sequence=50339 type=2 flags=0x07 encoded_bytes=84 allocated_us=367552168 enqueue_us=367552204 write_start_us=367555828 write_end_us=367556739
TX_HISTORY sequence=50340 type=3 flags=0x07 encoded_bytes=84 allocated_us=367552497 enqueue_us=367552537 write_start_us=367556748 write_end_us=367557657
TX_HISTORY sequence=50341 type=4 flags=0x07 encoded_bytes=84 allocated_us=367552549 enqueue_us=367560994 write_start_us=367557672 write_end_us=367558557
TX_HISTORY sequence=50342 type=5 flags=0x07 encoded_bytes=224 allocated_us=367555982 enqueue_us=367556067 write_start_us=367558566 write_end_us=367560976
TX_HISTORY sequence=50343 type=56 flags=0x07 encoded_bytes=184 allocated_us=367561084 enqueue_us=367561176 write_start_us=367561601 write_end_us=367562978
TX_HISTORY sequence=50344 type=24 flags=0x07 encoded_bytes=92 allocated_us=367561193 enqueue_us=367561226 write_start_us=367562987 write_end_us=367563965
TX_HISTORY sequence=50345 type=7 flags=0x07 encoded_bytes=88 allocated_us=367566327 enqueue_us=367566386 write_start_us=367566606 write_end_us=367566640
TX_HISTORY sequence=50346 type=2 flags=0x07 encoded_bytes=84 allocated_us=367578166 enqueue_us=367578218 write_start_us=367578612 write_end_us=367578660
TX_HISTORY sequence=50347 type=3 flags=0x07 encoded_bytes=84 allocated_us=367578538 enqueue_us=367578569 write_start_us=367578696 write_end_us=367579095
TX_HISTORY sequence=50348 type=4 flags=0x07 encoded_bytes=84 allocated_us=367579199 enqueue_us=367579245 write_start_us=367579647 write_end_us=367579989
TX_HISTORY sequence=50349 type=20 flags=0x07 encoded_bytes=84 allocated_us=367579318 enqueue_us=367579349 write_start_us=367579998 write_end_us=367580906
TX_HISTORY sequence=50350 type=2 flags=0x07 encoded_bytes=84 allocated_us=367579384 enqueue_us=367579416 write_start_us=367580915 write_end_us=367581819
TX_HISTORY sequence=50351 type=3 flags=0x07 encoded_bytes=84 allocated_us=367579470 enqueue_us=367579501 write_start_us=367581828 write_end_us=367582730
TX_HISTORY sequence=50352 type=4 flags=0x07 encoded_bytes=84 allocated_us=367579514 enqueue_us=367579545 write_start_us=367582739 write_end_us=367583648
TX_HISTORY sequence=50353 type=2 flags=0x07 encoded_bytes=84 allocated_us=367579573 enqueue_us=367584560 write_start_us=367583658 write_end_us=367584546
TX_HISTORY sequence=50354 type=2 flags=0x07 encoded_bytes=84 allocated_us=367584645 enqueue_us=367584683 write_start_us=367585600 write_end_us=367585631
TX_HISTORY sequence=50355 type=5 flags=0x07 encoded_bytes=224 allocated_us=367589067 enqueue_us=367589166 write_start_us=367589597 write_end_us=367590658
TX_HISTORY sequence=50356 type=32 flags=0x07 encoded_bytes=40 allocated_us=367591602 enqueue_us=367591640 write_start_us=367591655 write_end_us=367591679
TX_HISTORY sequence=50357 type=7 flags=0x07 encoded_bytes=88 allocated_us=367599336 enqueue_us=367599386 write_start_us=367599599 write_end_us=367599635
TX_HISTORY sequence=50358 type=3 flags=0x07 encoded_bytes=84 allocated_us=367612883 enqueue_us=367612942 write_start_us=367613634 write_end_us=367613685
TX_HISTORY sequence=50359 type=4 flags=0x07 encoded_bytes=84 allocated_us=367613049 enqueue_us=367613080 write_start_us=367613713 write_end_us=367614102
TX_HISTORY sequence=50360 type=2 flags=0x07 encoded_bytes=84 allocated_us=367613145 enqueue_us=367613183 write_start_us=367614111 write_end_us=367615014
TX_HISTORY sequence=50361 type=3 flags=0x07 encoded_bytes=84 allocated_us=367613491 enqueue_us=367613527 write_start_us=367615023 write_end_us=367615929
TX_HISTORY sequence=50362 type=4 flags=0x07 encoded_bytes=84 allocated_us=367613560 enqueue_us=367616863 write_start_us=367615938 write_end_us=367616847
TX_HISTORY sequence=50363 type=2 flags=0x07 encoded_bytes=84 allocated_us=367616962 enqueue_us=367617009 write_start_us=367617629 write_end_us=367617773
TX_HISTORY sequence=50364 type=3 flags=0x07 encoded_bytes=84 allocated_us=367617348 enqueue_us=367617380 write_start_us=367617787 write_end_us=367618663
TX_HISTORY sequence=50365 type=4 flags=0x07 encoded_bytes=84 allocated_us=367617443 enqueue_us=367617473 write_start_us=367618673 write_end_us=367619573
TX_HISTORY sequence=50366 type=20 flags=0x07 encoded_bytes=84 allocated_us=367617509 enqueue_us=367617539 write_start_us=367619587 write_end_us=367620485
TX_HISTORY sequence=50367 type=2 flags=0x07 encoded_bytes=84 allocated_us=367617566 enqueue_us=367621407 write_start_us=367620494 write_end_us=367621393
TX_HISTORY sequence=50368 type=3 flags=0x07 encoded_bytes=84 allocated_us=367621788 enqueue_us=367621849 write_start_us=367622609 write_end_us=367622651
TX_HISTORY sequence=50369 type=4 flags=0x07 encoded_bytes=84 allocated_us=367621876 enqueue_us=367621907 write_start_us=367622675 write_end_us=367623226
TX_HISTORY sequence=50370 type=2 flags=0x07 encoded_bytes=84 allocated_us=367621945 enqueue_us=367621975 write_start_us=367623235 write_end_us=367624123
TX_HISTORY sequence=50371 type=22 flags=0x07 encoded_bytes=148 allocated_us=367622025 enqueue_us=367622077 write_start_us=367624132 write_end_us=367625729
TX_HISTORY sequence=50372 type=56 flags=0x07 encoded_bytes=184 allocated_us=367622120 enqueue_us=367622184 write_start_us=367625738 write_end_us=367627743
TX_HISTORY sequence=50373 type=24 flags=0x07 encoded_bytes=92 allocated_us=367622199 enqueue_us=367622233 write_start_us=367627755 write_end_us=367628761
TX_HISTORY sequence=50374 type=5 flags=0x07 encoded_bytes=224 allocated_us=367627270 enqueue_us=367627354 write_start_us=367628778 write_end_us=367631179
TX_HISTORY sequence=50375 type=16 flags=0x07 encoded_bytes=96 allocated_us=367633552 enqueue_us=367633602 write_start_us=367633621 write_end_us=367633662
TX_HISTORY sequence=50376 type=7 flags=0x07 encoded_bytes=88 allocated_us=367638266 enqueue_us=367638319 write_start_us=367638598 write_end_us=367638629
TX_HISTORY sequence=50377 type=2 flags=0x07 encoded_bytes=84 allocated_us=367647660 enqueue_us=367647713 write_start_us=367648718 write_end_us=367648778
TX_HISTORY sequence=50378 type=3 flags=0x07 encoded_bytes=84 allocated_us=367648037 enqueue_us=367648069 write_start_us=367648817 write_end_us=367649196
TX_HISTORY sequence=50379 type=4 flags=0x07 encoded_bytes=84 allocated_us=367648170 enqueue_us=367648201 write_start_us=367649205 write_end_us=367650109
TX_HISTORY sequence=50380 type=2 flags=0x07 encoded_bytes=84 allocated_us=367648237 enqueue_us=367648267 write_start_us=367650118 write_end_us=367651019
TX_HISTORY sequence=50381 type=3 flags=0x07 encoded_bytes=84 allocated_us=367648311 enqueue_us=367648341 write_start_us=367651028 write_end_us=367651931
TX_HISTORY sequence=50382 type=4 flags=0x07 encoded_bytes=84 allocated_us=367648354 enqueue_us=367648384 write_start_us=367651940 write_end_us=367652852
TX_HISTORY sequence=50383 type=2 flags=0x07 encoded_bytes=84 allocated_us=367648407 enqueue_us=367648438 write_start_us=367652862 write_end_us=367653751
TX_HISTORY sequence=50384 type=3 flags=0x07 encoded_bytes=84 allocated_us=367653776 enqueue_us=367653821 write_start_us=367654601 write_end_us=367654673
TX_HISTORY sequence=50385 type=4 flags=0x07 encoded_bytes=84 allocated_us=367653871 enqueue_us=367653903 write_start_us=367654683 write_end_us=367655590
TX_HISTORY sequence=50386 type=20 flags=0x07 encoded_bytes=84 allocated_us=367653956 enqueue_us=367653990 write_start_us=367655600 write_end_us=367656511
TX_HISTORY sequence=50387 type=2 flags=0x07 encoded_bytes=84 allocated_us=367654025 enqueue_us=367654056 write_start_us=367656528 write_end_us=367657441
TX_HISTORY sequence=50388 type=58 flags=0x07 encoded_bytes=72 allocated_us=367654129 enqueue_us=367654157 write_start_us=367657457 write_end_us=367658210
TX_HISTORY sequence=50389 type=5 flags=0x07 encoded_bytes=224 allocated_us=367655075 enqueue_us=367655166 write_start_us=367658227 write_end_us=367660627
TX_HISTORY sequence=50390 type=7 flags=0x07 encoded_bytes=88 allocated_us=367665246 enqueue_us=367665296 write_start_us=367665597 write_end_us=367665628
TX_HISTORY sequence=50391 type=3 flags=0x07 encoded_bytes=84 allocated_us=367673910 enqueue_us=367673966 write_start_us=367674615 write_end_us=367674666
TX_HISTORY sequence=50392 type=4 flags=0x07 encoded_bytes=84 allocated_us=367673995 enqueue_us=367674025 write_start_us=367674696 write_end_us=367675085
TX_HISTORY sequence=50393 type=2 flags=0x07 encoded_bytes=84 allocated_us=367674073 enqueue_us=367674110 write_start_us=367675094 write_end_us=367676007
TX_HISTORY sequence=50394 type=2 flags=0x07 encoded_bytes=84 allocated_us=367674149 enqueue_us=367674187 write_start_us=367676016 write_end_us=367676904
TX_HISTORY sequence=50395 type=3 flags=0x07 encoded_bytes=84 allocated_us=367674484 enqueue_us=367674525 write_start_us=367676913 write_end_us=367677821
TX_HISTORY sequence=50396 type=4 flags=0x07 encoded_bytes=84 allocated_us=367677891 enqueue_us=367677942 write_start_us=367678600 write_end_us=367678736
TX_HISTORY sequence=50397 type=2 flags=0x07 encoded_bytes=84 allocated_us=367678018 enqueue_us=367678050 write_start_us=367678753 write_end_us=367679656
TX_HISTORY sequence=50398 type=3 flags=0x07 encoded_bytes=84 allocated_us=367678131 enqueue_us=367678163 write_start_us=367679665 write_end_us=367680564
TX_HISTORY sequence=50399 type=4 flags=0x07 encoded_bytes=84 allocated_us=367678183 enqueue_us=367678213 write_start_us=367680573 write_end_us=367681477
TX_HISTORY sequence=50400 type=56 flags=0x07 encoded_bytes=184 allocated_us=367678271 enqueue_us=367678336 write_start_us=367681486 write_end_us=367683453
TX_HISTORY sequence=50401 type=24 flags=0x07 encoded_bytes=92 allocated_us=367678351 enqueue_us=367678385 write_start_us=367683462 write_end_us=367684467
TX_HISTORY sequence=50402 type=2 flags=0x07 encoded_bytes=84 allocated_us=367687106 enqueue_us=367687154 write_start_us=367687608 write_end_us=367687650
TX_HISTORY sequence=50403 type=5 flags=0x07 encoded_bytes=224 allocated_us=367688284 enqueue_us=367688373 write_start_us=367688598 write_end_us=367689668
TX_HISTORY sequence=50404 type=32 flags=0x07 encoded_bytes=40 allocated_us=367691595 enqueue_us=367691625 write_start_us=367691633 write_end_us=367691651
TX_HISTORY sequence=50405 type=7 flags=0x07 encoded_bytes=88 allocated_us=367698328 enqueue_us=367698378 write_start_us=367698602 write_end_us=367698639
TX_HISTORY sequence=50406 type=3 flags=0x07 encoded_bytes=84 allocated_us=367703231 enqueue_us=367703283 write_start_us=367703627 write_end_us=367703675
TX_HISTORY sequence=50407 type=4 flags=0x07 encoded_bytes=84 allocated_us=367703393 enqueue_us=367703435 write_start_us=367703702 write_end_us=367704114
TX_HISTORY sequence=50408 type=20 flags=0x07 encoded_bytes=84 allocated_us=367703488 enqueue_us=367703522 write_start_us=367704140 write_end_us=367705010
TX_HISTORY sequence=50409 type=2 flags=0x07 encoded_bytes=84 allocated_us=367703567 enqueue_us=367705933 write_start_us=367705021 write_end_us=367705919
TX_HISTORY sequence=50410 type=2 flags=0x07 encoded_bytes=84 allocated_us=367706032 enqueue_us=367706077 write_start_us=367706713 write_end_us=367706828
TX_HISTORY sequence=50411 type=3 flags=0x07 encoded_bytes=84 allocated_us=367706226 enqueue_us=367706264 write_start_us=367706837 write_end_us=367707742
TX_HISTORY sequence=50412 type=4 flags=0x07 encoded_bytes=84 allocated_us=367706292 enqueue_us=367706325 write_start_us=367707751 write_end_us=367708659
TX_HISTORY sequence=50413 type=2 flags=0x07 encoded_bytes=84 allocated_us=367706366 enqueue_us=367706397 write_start_us=367708668 write_end_us=367709567
TX_HISTORY sequence=50414 type=3 flags=0x07 encoded_bytes=84 allocated_us=367709609 enqueue_us=367709653 write_start_us=367710601 write_end_us=367710633
TX_HISTORY sequence=50415 type=4 flags=0x07 encoded_bytes=84 allocated_us=367709745 enqueue_us=367709780 write_start_us=367710647 write_end_us=367711389
TX_HISTORY sequence=50416 type=2 flags=0x07 encoded_bytes=84 allocated_us=367714452 enqueue_us=367714496 write_start_us=367714607 write_end_us=367714640
TX_HISTORY sequence=50417 type=3 flags=0x07 encoded_bytes=84 allocated_us=367719334 enqueue_us=367719380 write_start_us=367719611 write_end_us=367719649
TX_HISTORY sequence=50418 type=4 flags=0x07 encoded_bytes=84 allocated_us=367719403 enqueue_us=367719433 write_start_us=367719674 write_end_us=367720071
TX_HISTORY sequence=50419 type=2 flags=0x07 encoded_bytes=84 allocated_us=367719460 enqueue_us=367719490 write_start_us=367720080 write_end_us=367720981
TX_HISTORY sequence=50420 type=5 flags=0x07 encoded_bytes=224 allocated_us=367720181 enqueue_us=367720269 write_start_us=367720990 write_end_us=367723413
TX_HISTORY sequence=50421 type=16 flags=0x07 encoded_bytes=96 allocated_us=367727391 enqueue_us=367727448 write_start_us=367727618 write_end_us=367727667
TX_HISTORY sequence=50422 type=7 flags=0x07 encoded_bytes=88 allocated_us=367731478 enqueue_us=367731532 write_start_us=367731598 write_end_us=367731630
TX_HISTORY sequence=50423 type=3 flags=0x07 encoded_bytes=84 allocated_us=367737124 enqueue_us=367737218 write_start_us=367737619 write_end_us=367737671
TX_HISTORY sequence=50424 type=4 flags=0x07 encoded_bytes=84 allocated_us=367737364 enqueue_us=367737399 write_start_us=367737698 write_end_us=367738109
TX_HISTORY sequence=50425 type=20 flags=0x07 encoded_bytes=84 allocated_us=367737449 enqueue_us=367737480 write_start_us=367738118 write_end_us=367739007
TX_HISTORY sequence=50426 type=2 flags=0x07 encoded_bytes=84 allocated_us=367737524 enqueue_us=367737557 write_start_us=367739016 write_end_us=367739930
TX_HISTORY sequence=50427 type=2 flags=0x07 encoded_bytes=84 allocated_us=367739967 enqueue_us=367740010 write_start_us=367740610 write_end_us=367740829
TX_HISTORY sequence=50428 type=3 flags=0x07 encoded_bytes=84 allocated_us=367740356 enqueue_us=367740405 write_start_us=367740838 write_end_us=367741748
TX_HISTORY sequence=50429 type=4 flags=0x07 encoded_bytes=84 allocated_us=367740446 enqueue_us=367740483 write_start_us=367741758 write_end_us=367742664
TX_HISTORY sequence=50430 type=2 flags=0x07 encoded_bytes=84 allocated_us=367740530 enqueue_us=367740561 write_start_us=367742673 write_end_us=367743573
TX_HISTORY sequence=50431 type=22 flags=0x07 encoded_bytes=148 allocated_us=367743637 enqueue_us=367743696 write_start_us=367744596 write_end_us=367745161
TX_HISTORY sequence=50432 type=56 flags=0x07 encoded_bytes=184 allocated_us=367743746 enqueue_us=367743817 write_start_us=367745170 write_end_us=367747159
TX_HISTORY sequence=50433 type=57 flags=0x07 encoded_bytes=72 allocated_us=367743827 enqueue_us=367743854 write_start_us=367747168 write_end_us=367747943
TX_HISTORY sequence=50434 type=24 flags=0x07 encoded_bytes=92 allocated_us=367743866 enqueue_us=367743899 write_start_us=367747952 write_end_us=367748942
TX_HISTORY sequence=50435 type=5 flags=0x07 encoded_bytes=224 allocated_us=367754137 enqueue_us=367754240 write_start_us=367754607 write_end_us=367755681
TX_HISTORY sequence=50436 type=3 flags=0x07 encoded_bytes=84 allocated_us=367754239 enqueue_us=367754278 write_start_us=367755698 write_end_us=367756583
TX_HISTORY sequence=50437 type=4 flags=0x07 encoded_bytes=84 allocated_us=367754377 enqueue_us=367754409 write_start_us=367756592 write_end_us=367757485
TX_HISTORY sequence=50438 type=7 flags=0x07 encoded_bytes=88 allocated_us=367764335 enqueue_us=367764400 write_start_us=367764604 write_end_us=367764640
TX_HISTORY sequence=50439 type=2 flags=0x07 encoded_bytes=84 allocated_us=367776015 enqueue_us=367776065 write_start_us=367776824 write_end_us=367776866
TX_HISTORY sequence=50440 type=3 flags=0x07 encoded_bytes=84 allocated_us=367776383 enqueue_us=367776417 write_start_us=367776893 write_end_us=367777290
TX_HISTORY sequence=50441 type=4 flags=0x07 encoded_bytes=84 allocated_us=367776440 enqueue_us=367776478 write_start_us=367777299 write_end_us=367778210
TX_HISTORY sequence=50442 type=2 flags=0x07 encoded_bytes=84 allocated_us=367776516 enqueue_us=367776551 write_start_us=367778219 write_end_us=367779123
TX_HISTORY sequence=50443 type=3 flags=0x07 encoded_bytes=84 allocated_us=367779143 enqueue_us=367779181 write_start_us=367779843 write_end_us=367780021
TX_HISTORY sequence=50444 type=4 flags=0x07 encoded_bytes=84 allocated_us=367779286 enqueue_us=367779323 write_start_us=367780030 write_end_us=367780943
TX_HISTORY sequence=50445 type=20 flags=0x07 encoded_bytes=84 allocated_us=367779372 enqueue_us=367779404 write_start_us=367780952 write_end_us=367781840
TX_HISTORY sequence=50446 type=2 flags=0x07 encoded_bytes=84 allocated_us=367779436 enqueue_us=367779467 write_start_us=367781849 write_end_us=367782752
TX_HISTORY sequence=50447 type=2 flags=0x07 encoded_bytes=84 allocated_us=367779488 enqueue_us=367779518 write_start_us=367782761 write_end_us=367783661
TX_HISTORY sequence=50448 type=3 flags=0x07 encoded_bytes=84 allocated_us=367783686 enqueue_us=367783725 write_start_us=367784597 write_end_us=367784620
TX_HISTORY sequence=50449 type=4 flags=0x07 encoded_bytes=84 allocated_us=367783754 enqueue_us=367783789 write_start_us=367784631 write_end_us=367785483
TX_HISTORY sequence=50450 type=2 flags=0x07 encoded_bytes=84 allocated_us=367783854 enqueue_us=367783886 write_start_us=367785492 write_end_us=367786400
TX_HISTORY sequence=50451 type=5 flags=0x07 encoded_bytes=224 allocated_us=367786042 enqueue_us=367786137 write_start_us=367786412 write_end_us=367788823
TX_HISTORY sequence=50452 type=32 flags=0x07 encoded_bytes=40 allocated_us=367791596 enqueue_us=367791624 write_start_us=367791639 write_end_us=367791662
TX_HISTORY sequence=50453 type=3 flags=0x07 encoded_bytes=84 allocated_us=367794065 enqueue_us=367794131 write_start_us=367794618 write_end_us=367794682
TX_HISTORY sequence=50454 type=4 flags=0x07 encoded_bytes=84 allocated_us=367794253 enqueue_us=367794295 write_start_us=367794711 write_end_us=367795110
TX_HISTORY sequence=50455 type=56 flags=0x07 encoded_bytes=184 allocated_us=367794383 enqueue_us=367794456 write_start_us=367795119 write_end_us=367797109
TX_HISTORY sequence=50456 type=24 flags=0x07 encoded_bytes=92 allocated_us=367794469 enqueue_us=367794502 write_start_us=367797118 write_end_us=367798132
TX_HISTORY sequence=50457 type=7 flags=0x07 encoded_bytes=88 allocated_us=367796588 enqueue_us=367796630 write_start_us=367798143 write_end_us=367799061
TX_HISTORY sequence=50458 type=2 flags=0x07 encoded_bytes=84 allocated_us=367813522 enqueue_us=367813572 write_start_us=367813609 write_end_us=367813649
TX_HISTORY sequence=50459 type=3 flags=0x07 encoded_bytes=84 allocated_us=367813985 enqueue_us=367814023 write_start_us=367814604 write_end_us=367814632
TX_HISTORY sequence=50460 type=4 flags=0x07 encoded_bytes=84 allocated_us=367814041 enqueue_us=367814073 write_start_us=367814650 write_end_us=367815057
TX_HISTORY sequence=50461 type=2 flags=0x07 encoded_bytes=84 allocated_us=367814096 enqueue_us=367814126 write_start_us=367815066 write_end_us=367815978
TX_HISTORY sequence=50462 type=3 flags=0x07 encoded_bytes=84 allocated_us=367814375 enqueue_us=367814405 write_start_us=367815987 write_end_us=367816877
TX_HISTORY sequence=50463 type=4 flags=0x07 encoded_bytes=84 allocated_us=367814509 enqueue_us=367814543 write_start_us=367816886 write_end_us=367817793
TX_HISTORY sequence=50464 type=20 flags=0x07 encoded_bytes=84 allocated_us=367817827 enqueue_us=367817869 write_start_us=367818602 write_end_us=367818708
TX_HISTORY sequence=50465 type=2 flags=0x07 encoded_bytes=84 allocated_us=367817918 enqueue_us=367817949 write_start_us=367818718 write_end_us=367819619
TX_HISTORY sequence=50466 type=2 flags=0x07 encoded_bytes=84 allocated_us=367817973 enqueue_us=367818003 write_start_us=367819630 write_end_us=367820540
TX_HISTORY sequence=50467 type=3 flags=0x07 encoded_bytes=84 allocated_us=367818061 enqueue_us=367818092 write_start_us=367820550 write_end_us=367821482
TX_HISTORY sequence=50468 type=5 flags=0x07 encoded_bytes=224 allocated_us=367819013 enqueue_us=367819109 write_start_us=367821499 write_end_us=367823873
TX_HISTORY sequence=50469 type=7 flags=0x07 encoded_bytes=88 allocated_us=367829345 enqueue_us=367829400 write_start_us=367829601 write_end_us=367829634
TX_HISTORY sequence=50470 type=4 flags=0x07 encoded_bytes=84 allocated_us=367839502 enqueue_us=367839556 write_start_us=367839714 write_end_us=367839750
TX_HISTORY sequence=50471 type=2 flags=0x07 encoded_bytes=84 allocated_us=367839816 enqueue_us=367839847 write_start_us=367840612 write_end_us=367840663
TX_HISTORY sequence=50472 type=3 flags=0x07 encoded_bytes=84 allocated_us=367840170 enqueue_us=367840201 write_start_us=367840684 write_end_us=367841121
TX_HISTORY sequence=50473 type=4 flags=0x07 encoded_bytes=84 allocated_us=367840312 enqueue_us=367840350 write_start_us=367841186 write_end_us=367842021
TX_HISTORY sequence=50474 type=2 flags=0x07 encoded_bytes=84 allocated_us=367840382 enqueue_us=367840415 write_start_us=367842038 write_end_us=367842946
TX_HISTORY sequence=50475 type=3 flags=0x07 encoded_bytes=84 allocated_us=367840469 enqueue_us=367840505 write_start_us=367842962 write_end_us=367843852
TX_HISTORY sequence=50476 type=4 flags=0x07 encoded_bytes=84 allocated_us=367840522 enqueue_us=367840559 write_start_us=367843869 write_end_us=367844799
TX_HISTORY sequence=50477 type=16 flags=0x07 encoded_bytes=96 allocated_us=367840694 enqueue_us=367840730 write_start_us=367844815 write_end_us=367845808
TX_HISTORY sequence=50478 type=2 flags=0x07 encoded_bytes=84 allocated_us=367843648 enqueue_us=367843701 write_start_us=367845825 write_end_us=367846920
TX_HISTORY sequence=50479 type=3 flags=0x07 encoded_bytes=84 allocated_us=367846946 enqueue_us=367846983 write_start_us=367847642 write_end_us=367847679
TX_HISTORY sequence=50480 type=4 flags=0x07 encoded_bytes=84 allocated_us=367847037 enqueue_us=367847073 write_start_us=367847769 write_end_us=367848526
TX_HISTORY sequence=50481 type=22 flags=0x07 encoded_bytes=148 allocated_us=367847128 enqueue_us=367847185 write_start_us=367848542 write_end_us=367850117
TX_HISTORY sequence=50482 type=56 flags=0x07 encoded_bytes=184 allocated_us=367847233 enqueue_us=367847298 write_start_us=367850133 write_end_us=367852132
TX_HISTORY sequence=50483 type=24 flags=0x07 encoded_bytes=92 allocated_us=367847315 enqueue_us=367847348 write_start_us=367852149 write_end_us=367853133
TX_HISTORY sequence=50484 type=11 flags=0x07 encoded_bytes=56 allocated_us=367853411 enqueue_us=367853444 write_start_us=367853601 write_end_us=367853710
TX_HISTORY sequence=50485 type=2 flags=0x07 encoded_bytes=84 allocated_us=367866656 enqueue_us=367866714 write_start_us=367867610 write_end_us=367867634
TX_HISTORY sequence=50486 type=20 flags=0x07 encoded_bytes=84 allocated_us=367866772 enqueue_us=367866802 write_start_us=367867661 write_end_us=367868068
TX_HISTORY sequence=50487 type=2 flags=0x07 encoded_bytes=84 allocated_us=367866824 enqueue_us=367866854 write_start_us=367868077 write_end_us=367868968
TX_HISTORY sequence=50488 type=3 flags=0x07 encoded_bytes=84 allocated_us=367867157 enqueue_us=367867193 write_start_us=367868978 write_end_us=367869888
TX_HISTORY sequence=50489 type=4 flags=0x07 encoded_bytes=84 allocated_us=367867210 enqueue_us=367867252 write_start_us=367869898 write_end_us=367870802
TX_HISTORY sequence=50490 type=2 flags=0x07 encoded_bytes=84 allocated_us=367867290 enqueue_us=367867329 write_start_us=367870811 write_end_us=367871701
TX_HISTORY sequence=50491 type=5 flags=0x07 encoded_bytes=224 allocated_us=367867334 enqueue_us=367867433 write_start_us=367871710 write_end_us=367874128
TX_HISTORY sequence=50492 type=3 flags=0x07 encoded_bytes=84 allocated_us=367867438 enqueue_us=367867474 write_start_us=367874137 write_end_us=367875040
TX_HISTORY sequence=50493 type=4 flags=0x07 encoded_bytes=84 allocated_us=367867545 enqueue_us=367875975 write_start_us=367875049 write_end_us=367875959
TX_HISTORY sequence=50494 type=2 flags=0x07 encoded_bytes=84 allocated_us=367876117 enqueue_us=367876170 write_start_us=367876602 write_end_us=367876868
TX_HISTORY sequence=50495 type=58 flags=0x07 encoded_bytes=72 allocated_us=367876250 enqueue_us=367876276 write_start_us=367876878 write_end_us=367877654
TX_HISTORY sequence=50496 type=3 flags=0x07 encoded_bytes=84 allocated_us=367883452 enqueue_us=367883495 write_start_us=367883637 write_end_us=367883674
TX_HISTORY sequence=50497 type=4 flags=0x07 encoded_bytes=84 allocated_us=367883520 enqueue_us=367883556 write_start_us=367883697 write_end_us=367884107
TX_HISTORY sequence=50498 type=2 flags=0x07 encoded_bytes=84 allocated_us=367884153 enqueue_us=367884191 write_start_us=367884596 write_end_us=367885016
TX_HISTORY sequence=50499 type=5 flags=0x07 encoded_bytes=224 allocated_us=367885044 enqueue_us=367885168 write_start_us=367885601 write_end_us=367887453
TX_HISTORY sequence=50500 type=7 flags=0x07 encoded_bytes=88 allocated_us=367887188 enqueue_us=367887228 write_start_us=367887463 write_end_us=367888396
TX_HISTORY sequence=50501 type=32 flags=0x07 encoded_bytes=40 allocated_us=367891596 enqueue_us=367891627 write_start_us=367891636 write_end_us=367891657
TX_HISTORY sequence=50502 type=7 flags=0x07 encoded_bytes=88 allocated_us=367897260 enqueue_us=367897309 write_start_us=367897597 write_end_us=367897627
TX_HISTORY sequence=50503 type=2 flags=0x07 encoded_bytes=84 allocated_us=367904559 enqueue_us=367904704 write_start_us=367904639 write_end_us=367904679
TX_HISTORY sequence=50504 type=3 flags=0x07 encoded_bytes=84 allocated_us=367905014 enqueue_us=367905049 write_start_us=367905662 write_end_us=367905697
TX_HISTORY sequence=50505 type=4 flags=0x07 encoded_bytes=84 allocated_us=367905146 enqueue_us=367905182 write_start_us=367905718 write_end_us=367906131
TX_HISTORY sequence=50506 type=20 flags=0x07 encoded_bytes=84 allocated_us=367905224 enqueue_us=367905259 write_start_us=367906140 write_end_us=367907037
TX_HISTORY sequence=50507 type=2 flags=0x07 encoded_bytes=84 allocated_us=367905305 enqueue_us=367905353 write_start_us=367907048 write_end_us=367907958
TX_HISTORY sequence=50508 type=3 flags=0x07 encoded_bytes=84 allocated_us=367907983 enqueue_us=367908022 write_start_us=367908611 write_end_us=367908865
TX_HISTORY sequence=50509 type=4 flags=0x07 encoded_bytes=84 allocated_us=367908048 enqueue_us=367908079 write_start_us=367908874 write_end_us=367909769
TX_HISTORY sequence=50510 type=2 flags=0x07 encoded_bytes=84 allocated_us=367908127 enqueue_us=367908158 write_start_us=367909778 write_end_us=367910685
TX_HISTORY sequence=50511 type=3 flags=0x07 encoded_bytes=84 allocated_us=367908467 enqueue_us=367908501 write_start_us=367910694 write_end_us=367911602
TX_HISTORY sequence=50512 type=4 flags=0x07 encoded_bytes=84 allocated_us=367908550 enqueue_us=367912526 write_start_us=367911611 write_end_us=367912511
TX_HISTORY sequence=50513 type=2 flags=0x07 encoded_bytes=84 allocated_us=367912625 enqueue_us=367912665 write_start_us=367913605 write_end_us=367913643
TX_HISTORY sequence=50514 type=56 flags=0x07 encoded_bytes=184 allocated_us=367912736 enqueue_us=367912800 write_start_us=367913654 write_end_us=367915414
TX_HISTORY sequence=50515 type=24 flags=0x07 encoded_bytes=92 allocated_us=367912817 enqueue_us=367912850 write_start_us=367915423 write_end_us=367916412
TX_HISTORY sequence=50516 type=5 flags=0x07 encoded_bytes=224 allocated_us=367918132 enqueue_us=367918228 write_start_us=367918596 write_end_us=367919652
TX_HISTORY sequence=50517 type=7 flags=0x07 encoded_bytes=88 allocated_us=367928275 enqueue_us=367928327 write_start_us=367928599 write_end_us=367928630
TX_HISTORY sequence=50518 type=3 flags=0x07 encoded_bytes=84 allocated_us=367935689 enqueue_us=367935743 write_start_us=367936812 write_end_us=367936861
TX_HISTORY sequence=50519 type=4 flags=0x07 encoded_bytes=84 allocated_us=367935772 enqueue_us=367935803 write_start_us=367936888 write_end_us=367937300
TX_HISTORY sequence=50520 type=2 flags=0x07 encoded_bytes=84 allocated_us=367935854 enqueue_us=367935884 write_start_us=367937316 write_end_us=367938219
TX_HISTORY sequence=50521 type=2 flags=0x07 encoded_bytes=84 allocated_us=367935908 enqueue_us=367935938 write_start_us=367938235 write_end_us=367939141
TX_HISTORY sequence=50522 type=3 flags=0x07 encoded_bytes=84 allocated_us=367936194 enqueue_us=367936231 write_start_us=367939157 write_end_us=367940062
TX_HISTORY sequence=50523 type=4 flags=0x07 encoded_bytes=84 allocated_us=367936323 enqueue_us=367936357 write_start_us=367940078 write_end_us=367940952
TX_HISTORY sequence=50524 type=20 flags=0x07 encoded_bytes=84 allocated_us=367936404 enqueue_us=367936437 write_start_us=367940968 write_end_us=367941879
TX_HISTORY sequence=50525 type=2 flags=0x07 encoded_bytes=84 allocated_us=367936462 enqueue_us=367936502 write_start_us=367941895 write_end_us=367942789
TX_HISTORY sequence=50526 type=3 flags=0x07 encoded_bytes=84 allocated_us=367938624 enqueue_us=367938722 write_start_us=367942806 write_end_us=367943766
TX_HISTORY sequence=50527 type=4 flags=0x07 encoded_bytes=84 allocated_us=367943602 enqueue_us=367943688 write_start_us=367943783 write_end_us=367944759
TX_HISTORY sequence=50528 type=2 flags=0x07 encoded_bytes=84 allocated_us=367944792 enqueue_us=367944825 write_start_us=367945639 write_end_us=367945664
TX_HISTORY sequence=50529 type=16 flags=0x07 encoded_bytes=96 allocated_us=367946755 enqueue_us=367946798 write_start_us=367947605 write_end_us=367947678
TX_HISTORY sequence=50530 type=3 flags=0x07 encoded_bytes=84 allocated_us=367956371 enqueue_us=367956426 write_start_us=367956618 write_end_us=367956666
TX_HISTORY sequence=50531 type=4 flags=0x07 encoded_bytes=84 allocated_us=367956496 enqueue_us=367956527 write_start_us=367956690 write_end_us=367957105
TX_HISTORY sequence=50532 type=2 flags=0x07 encoded_bytes=84 allocated_us=367957130 enqueue_us=367957172 write_start_us=367957602 write_end_us=367958009
TX_HISTORY sequence=50533 type=3 flags=0x07 encoded_bytes=84 allocated_us=367957475 enqueue_us=367957514 write_start_us=367958018 write_end_us=367958912
TX_HISTORY sequence=50534 type=4 flags=0x07 encoded_bytes=84 allocated_us=367957532 enqueue_us=367957563 write_start_us=367958921 write_end_us=367959825
TX_HISTORY sequence=50535 type=2 flags=0x07 encoded_bytes=84 allocated_us=367959857 enqueue_us=367959891 write_start_us=367960599 write_end_us=367960733
TX_HISTORY sequence=50536 type=22 flags=0x07 encoded_bytes=148 allocated_us=367959953 enqueue_us=367960007 write_start_us=367960742 write_end_us=367962339
TX_HISTORY sequence=50537 type=5 flags=0x07 encoded_bytes=224 allocated_us=367961793 enqueue_us=367961882 write_start_us=367962350 write_end_us=367964773
TX_HISTORY sequence=50538 type=2 flags=0x07 encoded_bytes=84 allocated_us=367976897 enqueue_us=367976967 write_start_us=367977618 write_end_us=367977666
TX_HISTORY sequence=50539 type=3 flags=0x07 encoded_bytes=84 allocated_us=367977359 enqueue_us=367977394 write_start_us=367977693 write_end_us=367978101
TX_HISTORY sequence=50540 type=4 flags=0x07 encoded_bytes=84 allocated_us=367977447 enqueue_us=367977482 write_start_us=367978111 write_end_us=367978994
TX_HISTORY sequence=50541 type=20 flags=0x07 encoded_bytes=84 allocated_us=367977524 enqueue_us=367977554 write_start_us=367979004 write_end_us=367979913
TX_HISTORY sequence=50542 type=2 flags=0x07 encoded_bytes=84 allocated_us=367979940 enqueue_us=367979979 write_start_us=367980630 write_end_us=367980835
TX_HISTORY sequence=50543 type=3 flags=0x07 encoded_bytes=84 allocated_us=367980278 enqueue_us=367980316 write_start_us=367980844 write_end_us=367981734
TX_HISTORY sequence=50544 type=4 flags=0x07 encoded_bytes=84 allocated_us=367980335 enqueue_us=367980365 write_start_us=367981743 write_end_us=367982650
TX_HISTORY sequence=50545 type=2 flags=0x07 encoded_bytes=84 allocated_us=367980401 enqueue_us=367980432 write_start_us=367982659 write_end_us=367983564
TX_HISTORY sequence=50546 type=56 flags=0x07 encoded_bytes=184 allocated_us=367980489 enqueue_us=367980554 write_start_us=367983582 write_end_us=367985549
TX_HISTORY sequence=50547 type=24 flags=0x07 encoded_bytes=92 allocated_us=367980571 enqueue_us=367989949 write_start_us=367985560 write_end_us=367986546
TX_HISTORY sequence=50548 type=5 flags=0x07 encoded_bytes=224 allocated_us=367984097 enqueue_us=367984187 write_start_us=367986555 write_end_us=367988974
TX_HISTORY sequence=50549 type=7 flags=0x07 encoded_bytes=88 allocated_us=367986177 enqueue_us=367986215 write_start_us=367988985 write_end_us=367989932
TX_HISTORY sequence=50550 type=32 flags=0x07 encoded_bytes=40 allocated_us=367991600 enqueue_us=367991636 write_start_us=367991647 write_end_us=367991669
TX_HISTORY sequence=50551 type=7 flags=0x07 encoded_bytes=88 allocated_us=367996319 enqueue_us=367996367 write_start_us=367996600 write_end_us=367996637
TX_HISTORY sequence=50552 type=3 flags=0x07 encoded_bytes=84 allocated_us=368007752 enqueue_us=368007805 write_start_us=368008761 write_end_us=368008804
TX_HISTORY sequence=50553 type=4 flags=0x07 encoded_bytes=84 allocated_us=368007873 enqueue_us=368007905 write_start_us=368008830 write_end_us=368009235
TX_HISTORY sequence=50554 type=2 flags=0x07 encoded_bytes=84 allocated_us=368007959 enqueue_us=368007989 write_start_us=368009244 write_end_us=368010150
TX_HISTORY sequence=50555 type=2 flags=0x07 encoded_bytes=84 allocated_us=368008016 enqueue_us=368008047 write_start_us=368010159 write_end_us=368011060
TX_HISTORY sequence=50556 type=3 flags=0x07 encoded_bytes=84 allocated_us=368008303 enqueue_us=368008345 write_start_us=368011069 write_end_us=368011959
TX_HISTORY sequence=50557 type=4 flags=0x07 encoded_bytes=84 allocated_us=368008369 enqueue_us=368008400 write_start_us=368011968 write_end_us=368012877
TX_HISTORY sequence=50558 type=2 flags=0x07 encoded_bytes=84 allocated_us=368008426 enqueue_us=368008456 write_start_us=368012886 write_end_us=368013793
TX_HISTORY sequence=50559 type=3 flags=0x07 encoded_bytes=84 allocated_us=368013819 enqueue_us=368013856 write_start_us=368014602 write_end_us=368014699
TX_HISTORY sequence=50560 type=4 flags=0x07 encoded_bytes=84 allocated_us=368013923 enqueue_us=368013953 write_start_us=368014708 write_end_us=368015602
TX_HISTORY sequence=50561 type=20 flags=0x07 encoded_bytes=84 allocated_us=368014005 enqueue_us=368014039 write_start_us=368015612 write_end_us=368016526
TX_HISTORY sequence=50562 type=2 flags=0x07 encoded_bytes=84 allocated_us=368014074 enqueue_us=368014104 write_start_us=368016536 write_end_us=368017433
TX_HISTORY sequence=50563 type=5 flags=0x07 encoded_bytes=224 allocated_us=368017025 enqueue_us=368017125 write_start_us=368017444 write_end_us=368019868
TX_HISTORY sequence=50564 type=7 flags=0x07 encoded_bytes=88 allocated_us=368027341 enqueue_us=368027400 write_start_us=368027601 write_end_us=368027637
TX_HISTORY sequence=50565 type=3 flags=0x07 encoded_bytes=84 allocated_us=368036185 enqueue_us=368036267 write_start_us=368036742 write_end_us=368036788
TX_HISTORY sequence=50566 type=4 flags=0x07 encoded_bytes=84 allocated_us=368036325 enqueue_us=368036356 write_start_us=368036818 write_end_us=368037207
TX_HISTORY sequence=50567 type=2 flags=0x07 encoded_bytes=84 allocated_us=368036423 enqueue_us=368036453 write_start_us=368037216 write_end_us=368038124
TX_HISTORY sequence=50568 type=3 flags=0x07 encoded_bytes=84 allocated_us=368038145 enqueue_us=368038185 write_start_us=368038603 write_end_us=368039044
TX_HISTORY sequence=50569 type=4 flags=0x07 encoded_bytes=84 allocated_us=368038289 enqueue_us=368038330 write_start_us=368039053 write_end_us=368039951
TX_HISTORY sequence=50570 type=2 flags=0x07 encoded_bytes=84 allocated_us=368038406 enqueue_us=368038439 write_start_us=368039960 write_end_us=368040852
TX_HISTORY sequence=50571 type=2 flags=0x07 encoded_bytes=84 allocated_us=368038470 enqueue_us=368038500 write_start_us=368040861 write_end_us=368041774
TX_HISTORY sequence=50572 type=3 flags=0x07 encoded_bytes=84 allocated_us=368041794 enqueue_us=368041831 write_start_us=368042601 write_end_us=368042681
TX_HISTORY sequence=50573 type=4 flags=0x07 encoded_bytes=84 allocated_us=368041870 enqueue_us=368041904 write_start_us=368042691 write_end_us=368043600
TX_HISTORY sequence=50574 type=2 flags=0x07 encoded_bytes=84 allocated_us=368041943 enqueue_us=368041973 write_start_us=368043609 write_end_us=368044507
TX_HISTORY sequence=50575 type=56 flags=0x07 encoded_bytes=184 allocated_us=368042035 enqueue_us=368042102 write_start_us=368044516 write_end_us=368046513
TX_HISTORY sequence=50576 type=24 flags=0x07 encoded_bytes=92 allocated_us=368042119 enqueue_us=368042152 write_start_us=368046523 write_end_us=368047497
TX_HISTORY sequence=50577 type=5 flags=0x07 encoded_bytes=224 allocated_us=368050299 enqueue_us=368050393 write_start_us=368050597 write_end_us=368051731
TX_HISTORY sequence=50578 type=3 flags=0x07 encoded_bytes=84 allocated_us=368052686 enqueue_us=368052736 write_start_us=368053629 write_end_us=368053676
TX_HISTORY sequence=50579 type=4 flags=0x07 encoded_bytes=84 allocated_us=368052838 enqueue_us=368052870 write_start_us=368053760 write_end_us=368054133
TX_HISTORY sequence=50580 type=16 flags=0x07 encoded_bytes=96 allocated_us=368054673 enqueue_us=368054729 write_start_us=368055595 write_end_us=368055621
TX_HISTORY sequence=50581 type=7 flags=0x07 encoded_bytes=88 allocated_us=368060309 enqueue_us=368060363 write_start_us=368060609 write_end_us=368060650
TX_HISTORY sequence=50582 type=20 flags=0x07 encoded_bytes=84 allocated_us=368065707 enqueue_us=368065763 write_start_us=368066718 write_end_us=368066765
TX_HISTORY sequence=50583 type=2 flags=0x07 encoded_bytes=84 allocated_us=368065817 enqueue_us=368065847 write_start_us=368066792 write_end_us=368067200
TX_HISTORY sequence=50584 type=3 flags=0x07 encoded_bytes=84 allocated_us=368066166 enqueue_us=368066209 write_start_us=368067212 write_end_us=368068135
TX_HISTORY sequence=50585 type=4 flags=0x07 encoded_bytes=84 allocated_us=368066255 enqueue_us=368066294 write_start_us=368068152 write_end_us=368069025
TX_HISTORY sequence=50586 type=2 flags=0x07 encoded_bytes=84 allocated_us=368066334 enqueue_us=368066364 write_start_us=368069034 write_end_us=368069925
TX_HISTORY sequence=50587 type=3 flags=0x07 encoded_bytes=84 allocated_us=368069952 enqueue_us=368070000 write_start_us=368070606 write_end_us=368070844
TX_HISTORY sequence=50588 type=4 flags=0x07 encoded_bytes=84 allocated_us=368070102 enqueue_us=368070144 write_start_us=368070853 write_end_us=368071742
TX_HISTORY sequence=50589 type=2 flags=0x07 encoded_bytes=84 allocated_us=368070234 enqueue_us=368070265 write_start_us=368071751 write_end_us=368072660
TX_HISTORY sequence=50590 type=22 flags=0x07 encoded_bytes=148 allocated_us=368070321 enqueue_us=368070377 write_start_us=368072669 write_end_us=368074260
TX_HISTORY sequence=50591 type=5 flags=0x07 encoded_bytes=224 allocated_us=368083968 enqueue_us=368084068 write_start_us=368084597 write_end_us=368085660
TX_HISTORY sequence=50592 type=32 flags=0x07 encoded_bytes=40 allocated_us=368091598 enqueue_us=368091633 write_start_us=368091649 write_end_us=368091673
TX_HISTORY sequence=50593 type=2 flags=0x07 encoded_bytes=84 allocated_us=368092118 enqueue_us=368092169 write_start_us=368092642 write_end_us=368092690
TX_HISTORY sequence=50594 type=3 flags=0x07 encoded_bytes=84 allocated_us=368092734 enqueue_us=368092781 write_start_us=368093801 write_end_us=368093836
TX_HISTORY sequence=50595 type=4 flags=0x07 encoded_bytes=84 allocated_us=368092831 enqueue_us=368092864 write_start_us=368093855 write_end_us=368094275
TX_HISTORY sequence=50596 type=2 flags=0x07 encoded_bytes=84 allocated_us=368092935 enqueue_us=368092966 write_start_us=368094284 write_end_us=368095182
TX_HISTORY sequence=50597 type=3 flags=0x07 encoded_bytes=84 allocated_us=368093224 enqueue_us=368093256 write_start_us=368095191 write_end_us=368096080
TX_HISTORY sequence=50598 type=4 flags=0x07 encoded_bytes=84 allocated_us=368093324 enqueue_us=368093358 write_start_us=368096090 write_end_us=368097001
TX_HISTORY sequence=50599 type=20 flags=0x07 encoded_bytes=84 allocated_us=368093395 enqueue_us=368093428 write_start_us=368097012 write_end_us=368097916
TX_HISTORY sequence=50600 type=2 flags=0x07 encoded_bytes=84 allocated_us=368093460 enqueue_us=368093490 write_start_us=368097925 write_end_us=368098816
TX_HISTORY sequence=50601 type=7 flags=0x07 encoded_bytes=88 allocated_us=368094566 enqueue_us=368094613 write_start_us=368098826 write_end_us=368099780
TX_HISTORY sequence=50602 type=3 flags=0x07 encoded_bytes=84 allocated_us=368099809 enqueue_us=368099851 write_start_us=368100605 write_end_us=368100685
TX_HISTORY sequence=50603 type=4 flags=0x07 encoded_bytes=84 allocated_us=368099899 enqueue_us=368099929 write_start_us=368100695 write_end_us=368101608
TX_HISTORY sequence=50604 type=2 flags=0x07 encoded_bytes=84 allocated_us=368100006 enqueue_us=368100036 write_start_us=368101624 write_end_us=368102526
TX_HISTORY sequence=50605 type=56 flags=0x07 encoded_bytes=184 allocated_us=368100100 enqueue_us=368100184 write_start_us=368102543 write_end_us=368104500
TX_HISTORY sequence=50606 type=58 flags=0x07 encoded_bytes=72 allocated_us=368100234 enqueue_us=368100261 write_start_us=368104510 write_end_us=368105288
TX_HISTORY sequence=50607 type=24 flags=0x07 encoded_bytes=92 allocated_us=368100275 enqueue_us=368100307 write_start_us=368105297 write_end_us=368106271
TX_HISTORY sequence=50608 type=3 flags=0x07 encoded_bytes=84 allocated_us=368110356 enqueue_us=368110414 write_start_us=368110612 write_end_us=368110655
TX_HISTORY sequence=50609 type=5 flags=0x07 encoded_bytes=224 allocated_us=368116482 enqueue_us=368116561 write_start_us=368116595 write_end_us=368117649
TX_HISTORY sequence=50610 type=7 flags=0x07 encoded_bytes=88 allocated_us=368126344 enqueue_us=368126411 write_start_us=368126601 write_end_us=368126638
TX_HISTORY sequence=50611 type=4 flags=0x07 encoded_bytes=84 allocated_us=368130059 enqueue_us=368130118 write_start_us=368130733 write_end_us=368130781
TX_HISTORY sequence=50612 type=2 flags=0x07 encoded_bytes=84 allocated_us=368130301 enqueue_us=368130335 write_start_us=368130805 write_end_us=368131219
TX_HISTORY sequence=50613 type=2 flags=0x07 encoded_bytes=84 allocated_us=368130372 enqueue_us=368130404 write_start_us=368131230 write_end_us=368132122
TX_HISTORY sequence=50614 type=3 flags=0x07 encoded_bytes=84 allocated_us=368132153 enqueue_us=368132200 write_start_us=368132732 write_end_us=368133034
TX_HISTORY sequence=50615 type=4 flags=0x07 encoded_bytes=84 allocated_us=368132246 enqueue_us=368132281 write_start_us=368133045 write_end_us=368133964
TX_HISTORY sequence=50616 type=2 flags=0x07 encoded_bytes=84 allocated_us=368132332 enqueue_us=368132363 write_start_us=368133975 write_end_us=368134846
TX_HISTORY sequence=50617 type=3 flags=0x07 encoded_bytes=84 allocated_us=368134878 enqueue_us=368134923 write_start_us=368135621 write_end_us=368135764
TX_HISTORY sequence=50618 type=4 flags=0x07 encoded_bytes=84 allocated_us=368135014 enqueue_us=368135048 write_start_us=368135774 write_end_us=368136683
TX_HISTORY sequence=50619 type=20 flags=0x07 encoded_bytes=84 allocated_us=368135114 enqueue_us=368135160 write_start_us=368136693 write_end_us=368137596
TX_HISTORY sequence=50620 type=2 flags=0x07 encoded_bytes=84 allocated_us=368135230 enqueue_us=368135267 write_start_us=368137605 write_end_us=368138502
TX_HISTORY sequence=50621 type=3 flags=0x07 encoded_bytes=84 allocated_us=368138533 enqueue_us=368139413 write_start_us=368138602 write_end_us=368139397
TX_HISTORY sequence=50622 type=4 flags=0x07 encoded_bytes=84 allocated_us=368139457 enqueue_us=368139488 write_start_us=368139596 write_end_us=368140326
TX_HISTORY sequence=50623 type=2 flags=0x07 encoded_bytes=84 allocated_us=368143391 enqueue_us=368143431 write_start_us=368143607 write_end_us=368143641
TX_HISTORY sequence=50624 type=5 flags=0x07 encoded_bytes=224 allocated_us=368149205 enqueue_us=368149304 write_start_us=368149599 write_end_us=368150738
TX_HISTORY sequence=50625 type=16 flags=0x07 encoded_bytes=96 allocated_us=368153086 enqueue_us=368153137 write_start_us=368153601 write_end_us=368153632
TX_HISTORY sequence=50626 type=3 flags=0x07 encoded_bytes=84 allocated_us=368154556 enqueue_us=368154731 write_start_us=368154647 write_end_us=368154702
TX_HISTORY sequence=50627 type=4 flags=0x07 encoded_bytes=84 allocated_us=368154858 enqueue_us=368154896 write_start_us=368155607 write_end_us=368155637
TX_HISTORY sequence=50628 type=2 flags=0x07 encoded_bytes=84 allocated_us=368154974 enqueue_us=368155005 write_start_us=368155650 write_end_us=368156079
TX_HISTORY sequence=50629 type=2 flags=0x07 encoded_bytes=84 allocated_us=368155030 enqueue_us=368155061 write_start_us=368156088 write_end_us=368156980
TX_HISTORY sequence=50630 type=3 flags=0x07 encoded_bytes=84 allocated_us=368155360 enqueue_us=368155398 write_start_us=368156989 write_end_us=368157894
TX_HISTORY sequence=50631 type=4 flags=0x07 encoded_bytes=84 allocated_us=368155415 enqueue_us=368155445 write_start_us=368157903 write_end_us=368158800
TX_HISTORY sequence=50632 type=56 flags=0x07 encoded_bytes=184 allocated_us=368155500 enqueue_us=368155564 write_start_us=368158810 write_end_us=368160801
TX_HISTORY sequence=50633 type=7 flags=0x07 encoded_bytes=88 allocated_us=368159850 enqueue_us=368159901 write_start_us=368160811 write_end_us=368161755
TX_HISTORY sequence=50634 type=24 flags=0x07 encoded_bytes=92 allocated_us=368161777 enqueue_us=368161817 write_start_us=368162593 write_end_us=368162752
TX_HISTORY sequence=50635 type=2 flags=0x07 encoded_bytes=84 allocated_us=368172261 enqueue_us=368172314 write_start_us=368172771 write_end_us=368172815
TX_HISTORY sequence=50636 type=20 flags=0x07 encoded_bytes=84 allocated_us=368172364 enqueue_us=368172397 write_start_us=368172840 write_end_us=368173250
TX_HISTORY sequence=50637 type=3 flags=0x07 encoded_bytes=84 allocated_us=368173273 enqueue_us=368173309 write_start_us=368173613 write_end_us=368174166
TX_HISTORY sequence=50638 type=4 flags=0x07 encoded_bytes=84 allocated_us=368173446 enqueue_us=368173485 write_start_us=368174176 write_end_us=368175057
TX_HISTORY sequence=50639 type=2 flags=0x07 encoded_bytes=84 allocated_us=368173560 enqueue_us=368175985 write_start_us=368175066 write_end_us=368175972
TX_HISTORY sequence=50640 type=3 flags=0x07 encoded_bytes=84 allocated_us=368176061 enqueue_us=368176102 write_start_us=368176604 write_end_us=368176893
TX_HISTORY sequence=50641 type=22 flags=0x07 encoded_bytes=148 allocated_us=368176154 enqueue_us=368176207 write_start_us=368176903 write_end_us=368178496
TX_HISTORY sequence=50642 type=5 flags=0x07 encoded_bytes=224 allocated_us=368182050 enqueue_us=368182149 write_start_us=368182595 write_end_us=368183657
TX_HISTORY sequence=50643 type=4 flags=0x07 encoded_bytes=84 allocated_us=368189243 enqueue_us=368189298 write_start_us=368189780 write_end_us=368189822
TX_HISTORY sequence=50644 type=2 flags=0x07 encoded_bytes=84 allocated_us=368189419 enqueue_us=368189449 write_start_us=368189856 write_end_us=368190255
TX_HISTORY sequence=50645 type=3 flags=0x07 encoded_bytes=84 allocated_us=368190295 enqueue_us=368190341 write_start_us=368190631 write_end_us=368191170
TX_HISTORY sequence=50646 type=4 flags=0x07 encoded_bytes=84 allocated_us=368190483 enqueue_us=368190534 write_start_us=368191180 write_end_us=368192071
TX_HISTORY sequence=50647 type=2 flags=0x07 encoded_bytes=84 allocated_us=368192113 enqueue_us=368192146 write_start_us=368192623 write_end_us=368192984
TX_HISTORY sequence=50648 type=2 flags=0x07 encoded_bytes=84 allocated_us=368192181 enqueue_us=368192212 write_start_us=368192993 write_end_us=368193890
TX_HISTORY sequence=50649 type=7 flags=0x07 encoded_bytes=88 allocated_us=368192501 enqueue_us=368192539 write_start_us=368193900 write_end_us=368194858
TX_HISTORY sequence=50650 type=32 flags=0x07 encoded_bytes=40 allocated_us=368192594 enqueue_us=368192612 write_start_us=368194867 write_end_us=368195283
TX_HISTORY sequence=50651 type=3 flags=0x07 encoded_bytes=84 allocated_us=368206834 enqueue_us=368206890 write_start_us=368207617 write_end_us=368207664
TX_HISTORY sequence=50652 type=4 flags=0x07 encoded_bytes=84 allocated_us=368206919 enqueue_us=368206949 write_start_us=368207693 write_end_us=368208101
TX_HISTORY sequence=50653 type=2 flags=0x07 encoded_bytes=84 allocated_us=368206995 enqueue_us=368207026 write_start_us=368208110 write_end_us=368209013
TX_HISTORY sequence=50654 type=3 flags=0x07 encoded_bytes=84 allocated_us=368207276 enqueue_us=368207306 write_start_us=368209022 write_end_us=368209904
TX_HISTORY sequence=50655 type=4 flags=0x07 encoded_bytes=84 allocated_us=368207370 enqueue_us=368207400 write_start_us=368209913 write_end_us=368210821
TX_HISTORY sequence=50656 type=20 flags=0x07 encoded_bytes=84 allocated_us=368207436 enqueue_us=368207469 write_start_us=368210831 write_end_us=368211734
TX_HISTORY sequence=50657 type=2 flags=0x07 encoded_bytes=84 allocated_us=368207497 enqueue_us=368207528 write_start_us=368211743 write_end_us=368212650
TX_HISTORY sequence=50658 type=56 flags=0x07 encoded_bytes=184 allocated_us=368212667 enqueue_us=368212737 write_start_us=368213593 write_end_us=368214644
TX_HISTORY sequence=50659 type=24 flags=0x07 encoded_bytes=92 allocated_us=368212756 enqueue_us=368212792 write_start_us=368214653 write_end_us=368215647
TX_HISTORY sequence=50660 type=5 flags=0x07 encoded_bytes=224 allocated_us=368214983 enqueue_us=368215065 write_start_us=368215657 write_end_us=368218073
TX_HISTORY sequence=50661 type=7 flags=0x07 encoded_bytes=88 allocated_us=368225368 enqueue_us=368225427 write_start_us=368225599 write_end_us=368225633
TX_HISTORY sequence=50662 type=3 flags=0x07 encoded_bytes=84 allocated_us=368235169 enqueue_us=368235227 write_start_us=368235738 write_end_us=368235784
TX_HISTORY sequence=50663 type=4 flags=0x07 encoded_bytes=84 allocated_us=368235259 enqueue_us=368235299 write_start_us=368235809 write_end_us=368236209
TX_HISTORY sequence=50664 type=2 flags=0x07 encoded_bytes=84 allocated_us=368235375 enqueue_us=368235406 write_start_us=368236221 write_end_us=368237131
TX_HISTORY sequence=50665 type=2 flags=0x07 encoded_bytes=84 allocated_us=368235430 enqueue_us=368235460 write_start_us=368237140 write_end_us=368238043
TX_HISTORY sequence=50666 type=3 flags=0x07 encoded_bytes=84 allocated_us=368238064 enqueue_us=368238099 write_start_us=368238637 write_end_us=368238934
TX_HISTORY sequence=50667 type=4 flags=0x07 encoded_bytes=84 allocated_us=368238187 enqueue_us=368238224 write_start_us=368238943 write_end_us=368239846
TX_HISTORY sequence=50668 type=2 flags=0x07 encoded_bytes=84 allocated_us=368238268 enqueue_us=368238299 write_start_us=368239855 write_end_us=368240759
TX_HISTORY sequence=50669 type=3 flags=0x07 encoded_bytes=84 allocated_us=368240784 enqueue_us=368240827 write_start_us=368241604 write_end_us=368241685
TX_HISTORY sequence=50670 type=4 flags=0x07 encoded_bytes=84 allocated_us=368240861 enqueue_us=368240896 write_start_us=368241694 write_end_us=368242594
TX_HISTORY sequence=50671 type=2 flags=0x07 encoded_bytes=84 allocated_us=368240936 enqueue_us=368240966 write_start_us=368242603 write_end_us=368243511
TX_HISTORY sequence=50672 type=20 flags=0x07 encoded_bytes=84 allocated_us=368246158 enqueue_us=368246204 write_start_us=368246600 write_end_us=368246623
TX_HISTORY sequence=50673 type=5 flags=0x07 encoded_bytes=224 allocated_us=368248152 enqueue_us=368248237 write_start_us=368248606 write_end_us=368249706
TX_HISTORY sequence=50674 type=16 flags=0x07 encoded_bytes=96 allocated_us=368252076 enqueue_us=368252126 write_start_us=368252658 write_end_us=368252687
TX_HISTORY sequence=50675 type=3 flags=0x07 encoded_bytes=84 allocated_us=368258110 enqueue_us=368258171 write_start_us=368258608 write_end_us=368258655
TX_HISTORY sequence=50676 type=4 flags=0x07 encoded_bytes=84 allocated_us=368258288 enqueue_us=368258325 write_start_us=368258683 write_end_us=368259094
TX_HISTORY sequence=50677 type=7 flags=0x07 encoded_bytes=88 allocated_us=368258346 enqueue_us=368258385 write_start_us=368259103 write_end_us=368260034
TX_HISTORY sequence=50678 type=2 flags=0x07 encoded_bytes=84 allocated_us=368258386 enqueue_us=368258421 write_start_us=368260043 write_end_us=368260940
TX_HISTORY sequence=50679 type=3 flags=0x07 encoded_bytes=84 allocated_us=368258481 enqueue_us=368258511 write_start_us=368260949 write_end_us=368261867
TX_HISTORY sequence=50680 type=4 flags=0x07 encoded_bytes=84 allocated_us=368258529 enqueue_us=368258559 write_start_us=368261877 write_end_us=368262768
TX_HISTORY sequence=50681 type=2 flags=0x07 encoded_bytes=84 allocated_us=368262796 enqueue_us=368262844 write_start_us=368263599 write_end_us=368263681
TX_HISTORY sequence=50682 type=2 flags=0x07 encoded_bytes=84 allocated_us=368262944 enqueue_us=368262976 write_start_us=368263690 write_end_us=368264609
TX_HISTORY sequence=50683 type=56 flags=0x07 encoded_bytes=184 allocated_us=368263041 enqueue_us=368263112 write_start_us=368264619 write_end_us=368266583
TX_HISTORY sequence=50684 type=24 flags=0x07 encoded_bytes=92 allocated_us=368263136 enqueue_us=368263177 write_start_us=368266592 write_end_us=368267574
TX_HISTORY sequence=50685 type=3 flags=0x07 encoded_bytes=84 allocated_us=368277450 enqueue_us=368277502 write_start_us=368277611 write_end_us=368277654
TX_HISTORY sequence=50686 type=4 flags=0x07 encoded_bytes=84 allocated_us=368277708 enqueue_us=368277744 write_start_us=368278603 write_end_us=368278631
TX_HISTORY sequence=50687 type=2 flags=0x07 encoded_bytes=84 allocated_us=368277806 enqueue_us=368277836 write_start_us=368278644 write_end_us=368279073
TX_HISTORY sequence=50688 type=3 flags=0x07 encoded_bytes=84 allocated_us=368278091 enqueue_us=368278125 write_start_us=368279085 write_end_us=368279964
TX_HISTORY sequence=50689 type=4 flags=0x07 encoded_bytes=84 allocated_us=368278159 enqueue_us=368278189 write_start_us=368279973 write_end_us=368280889
TX_HISTORY sequence=50690 type=2 flags=0x07 encoded_bytes=84 allocated_us=368278239 enqueue_us=368278268 write_start_us=368280899 write_end_us=368281788
TX_HISTORY sequence=50691 type=22 flags=0x07 encoded_bytes=148 allocated_us=368278319 enqueue_us=368278371 write_start_us=368281798 write_end_us=368283406
TX_HISTORY sequence=50692 type=5 flags=0x07 encoded_bytes=224 allocated_us=368280986 enqueue_us=368281075 write_start_us=368283415 write_end_us=368285846
TX_HISTORY sequence=50693 type=7 flags=0x07 encoded_bytes=88 allocated_us=368291269 enqueue_us=368291322 write_start_us=368291597 write_end_us=368291630
TX_HISTORY sequence=50694 type=32 flags=0x07 encoded_bytes=40 allocated_us=368292599 enqueue_us=368292632 write_start_us=368292648 write_end_us=368292671
TX_HISTORY sequence=50695 type=3 flags=0x07 encoded_bytes=84 allocated_us=368302832 enqueue_us=368302885 write_start_us=368303622 write_end_us=368303671
TX_HISTORY sequence=50696 type=4 flags=0x07 encoded_bytes=84 allocated_us=368302956 enqueue_us=368302987 write_start_us=368303697 write_end_us=368304107
TX_HISTORY sequence=50697 type=20 flags=0x07 encoded_bytes=84 allocated_us=368303033 enqueue_us=368303067 write_start_us=368304116 write_end_us=368304999
TX_HISTORY sequence=50698 type=2 flags=0x07 encoded_bytes=84 allocated_us=368303108 enqueue_us=368303138 write_start_us=368305008 write_end_us=368305914
TX_HISTORY sequence=50699 type=3 flags=0x07 encoded_bytes=84 allocated_us=368303387 enqueue_us=368303417 write_start_us=368305923 write_end_us=368306840
TX_HISTORY sequence=50700 type=4 flags=0x07 encoded_bytes=84 allocated_us=368303428 enqueue_us=368303458 write_start_us=368306849 write_end_us=368307752
TX_HISTORY sequence=50701 type=2 flags=0x07 encoded_bytes=84 allocated_us=368303480 enqueue_us=368303519 write_start_us=368307761 write_end_us=368308663
TX_HISTORY sequence=50702 type=2 flags=0x07 encoded_bytes=84 allocated_us=368303549 enqueue_us=368309605 write_start_us=368308672 write_end_us=368309570
TX_HISTORY sequence=50703 type=3 flags=0x07 encoded_bytes=84 allocated_us=368309962 enqueue_us=368310023 write_start_us=368310603 write_end_us=368310636
TX_HISTORY sequence=50704 type=4 flags=0x07 encoded_bytes=84 allocated_us=368310075 enqueue_us=368310108 write_start_us=368310650 write_end_us=368311389
TX_HISTORY sequence=50705 type=58 flags=0x07 encoded_bytes=72 allocated_us=368310179 enqueue_us=368310208 write_start_us=368311398 write_end_us=368312171
TX_HISTORY sequence=50706 type=5 flags=0x07 encoded_bytes=224 allocated_us=368313047 enqueue_us=368313143 write_start_us=368313595 write_end_us=368314658
TX_HISTORY sequence=50707 type=2 flags=0x07 encoded_bytes=84 allocated_us=368319241 enqueue_us=368319288 write_start_us=368319630 write_end_us=368319669
TX_HISTORY sequence=50708 type=3 flags=0x07 encoded_bytes=84 allocated_us=368319706 enqueue_us=368319742 write_start_us=368320599 write_end_us=368320631
TX_HISTORY sequence=50709 type=4 flags=0x07 encoded_bytes=84 allocated_us=368319768 enqueue_us=368319802 write_start_us=368320646 write_end_us=368321057
TX_HISTORY sequence=50710 type=2 flags=0x07 encoded_bytes=84 allocated_us=368319839 enqueue_us=368319869 write_start_us=368321066 write_end_us=368321963
TX_HISTORY sequence=50711 type=56 flags=0x07 encoded_bytes=184 allocated_us=368319921 enqueue_us=368319985 write_start_us=368321972 write_end_us=368323972
TX_HISTORY sequence=50712 type=24 flags=0x07 encoded_bytes=92 allocated_us=368319999 enqueue_us=368320032 write_start_us=368323981 write_end_us=368324959
TX_HISTORY sequence=50713 type=7 flags=0x07 encoded_bytes=88 allocated_us=368323388 enqueue_us=368323440 write_start_us=368324968 write_end_us=368325916
TX_HISTORY sequence=50714 type=3 flags=0x07 encoded_bytes=84 allocated_us=368337796 enqueue_us=368337853 write_start_us=368338611 write_end_us=368338657
TX_HISTORY sequence=50715 type=4 flags=0x07 encoded_bytes=84 allocated_us=368337917 enqueue_us=368337948 write_start_us=368338683 write_end_us=368339093
TX_HISTORY sequence=50716 type=20 flags=0x07 encoded_bytes=84 allocated_us=368337993 enqueue_us=368338023 write_start_us=368339103 write_end_us=368340001
TX_HISTORY sequence=50717 type=2 flags=0x07 encoded_bytes=84 allocated_us=368338066 enqueue_us=368338097 write_start_us=368340010 write_end_us=368340899
TX_HISTORY sequence=50718 type=3 flags=0x07 encoded_bytes=84 allocated_us=368338354 enqueue_us=368338392 write_start_us=368340908 write_end_us=368341816
TX_HISTORY sequence=50719 type=4 flags=0x07 encoded_bytes=84 allocated_us=368338409 enqueue_us=368338442 write_start_us=368341825 write_end_us=368342730
TX_HISTORY sequence=50720 type=2 flags=0x07 encoded_bytes=84 allocated_us=368338469 enqueue_us=368338499 write_start_us=368342739 write_end_us=368343642
TX_HISTORY sequence=50721 type=2 flags=0x07 encoded_bytes=84 allocated_us=368338519 enqueue_us=368338549 write_start_us=368343651 write_end_us=368344545
TX_HISTORY sequence=50722 type=5 flags=0x07 encoded_bytes=224 allocated_us=368347016 enqueue_us=368347119 write_start_us=368347597 write_end_us=368348655
TX_HISTORY sequence=50723 type=16 flags=0x07 encoded_bytes=96 allocated_us=368352510 enqueue_us=368352562 write_start_us=368352645 write_end_us=368352684
TX_HISTORY sequence=50724 type=7 flags=0x07 encoded_bytes=88 allocated_us=368357364 enqueue_us=368357417 write_start_us=368357599 write_end_us=368357630
TX_HISTORY sequence=50725 type=3 flags=0x07 encoded_bytes=84 allocated_us=368363982 enqueue_us=368364039 write_start_us=368364614 write_end_us=368364660
TX_HISTORY sequence=50726 type=4 flags=0x07 encoded_bytes=84 allocated_us=368364100 enqueue_us=368364138 write_start_us=368364685 write_end_us=368365096
TX_HISTORY sequence=50727 type=2 flags=0x07 encoded_bytes=84 allocated_us=368364253 enqueue_us=368364293 write_start_us=368365105 write_end_us=368365993
TX_HISTORY sequence=50728 type=3 flags=0x07 encoded_bytes=84 allocated_us=368366020 enqueue_us=368366060 write_start_us=368366640 write_end_us=368366920
TX_HISTORY sequence=50729 type=4 flags=0x07 encoded_bytes=84 allocated_us=368366101 enqueue_us=368366145 write_start_us=368366930 write_end_us=368367819
TX_HISTORY sequence=50730 type=2 flags=0x07 encoded_bytes=84 allocated_us=368366232 enqueue_us=368366267 write_start_us=368367828 write_end_us=368368736
TX_HISTORY sequence=50731 type=3 flags=0x07 encoded_bytes=84 allocated_us=368368772 enqueue_us=368368820 write_start_us=368369604 write_end_us=368369663
TX_HISTORY sequence=50732 type=4 flags=0x07 encoded_bytes=84 allocated_us=368368889 enqueue_us=368368920 write_start_us=368369672 write_end_us=368370554
TX_HISTORY sequence=50733 type=20 flags=0x07 encoded_bytes=84 allocated_us=368368965 enqueue_us=368368996 write_start_us=368370565 write_end_us=368371477
TX_HISTORY sequence=50734 type=2 flags=0x07 encoded_bytes=84 allocated_us=368369052 enqueue_us=368369086 write_start_us=368371487 write_end_us=368372377
TX_HISTORY sequence=50735 type=56 flags=0x07 encoded_bytes=184 allocated_us=368369155 enqueue_us=368369223 write_start_us=368372386 write_end_us=368374377
TX_HISTORY sequence=50736 type=24 flags=0x07 encoded_bytes=92 allocated_us=368369240 enqueue_us=368369273 write_start_us=368374386 write_end_us=368375375
TX_HISTORY sequence=50737 type=3 flags=0x07 encoded_bytes=84 allocated_us=368378364 enqueue_us=368378415 write_start_us=368378612 write_end_us=368378650
TX_HISTORY sequence=50738 type=22 flags=0x07 encoded_bytes=148 allocated_us=368378473 enqueue_us=368378526 write_start_us=368378672 write_end_us=368379781
TX_HISTORY sequence=50739 type=5 flags=0x07 encoded_bytes=224 allocated_us=368380203 enqueue_us=368380298 write_start_us=368380595 write_end_us=368382214
TX_HISTORY sequence=50740 type=7 flags=0x07 encoded_bytes=88 allocated_us=368390363 enqueue_us=368390416 write_start_us=368390600 write_end_us=368390634
TX_HISTORY sequence=50741 type=32 flags=0x07 encoded_bytes=40 allocated_us=368392595 enqueue_us=368392619 write_start_us=368392626 write_end_us=368392645
TX_HISTORY sequence=50742 type=4 flags=0x07 encoded_bytes=84 allocated_us=368394712 enqueue_us=368394760 write_start_us=368395610 write_end_us=368395658
TX_HISTORY sequence=50743 type=2 flags=0x07 encoded_bytes=84 allocated_us=368394868 enqueue_us=368394898 write_start_us=368395682 write_end_us=368396093
TX_HISTORY sequence=50744 type=2 flags=0x07 encoded_bytes=84 allocated_us=368394920 enqueue_us=368394950 write_start_us=368396113 write_end_us=368397005
TX_HISTORY sequence=50745 type=3 flags=0x07 encoded_bytes=84 allocated_us=368395267 enqueue_us=368395310 write_start_us=368397015 write_end_us=368397905
TX_HISTORY sequence=50746 type=4 flags=0x07 encoded_bytes=84 allocated_us=368395421 enqueue_us=368395454 write_start_us=368397914 write_end_us=368398825
TX_HISTORY sequence=50747 type=2 flags=0x07 encoded_bytes=84 allocated_us=368395530 enqueue_us=368395561 write_start_us=368398838 write_end_us=368399730
TX_HISTORY sequence=50748 type=3 flags=0x07 encoded_bytes=84 allocated_us=368400038 enqueue_us=368400086 write_start_us=368400613 write_end_us=368400685
TX_HISTORY sequence=50749 type=4 flags=0x07 encoded_bytes=84 allocated_us=368400131 enqueue_us=368400161 write_start_us=368400695 write_end_us=368401551
TX_HISTORY sequence=50750 type=2 flags=0x07 encoded_bytes=84 allocated_us=368400230 enqueue_us=368400260 write_start_us=368401560 write_end_us=368402464
TX_HISTORY sequence=50751 type=5 flags=0x07 encoded_bytes=224 allocated_us=368412476 enqueue_us=368412580 write_start_us=368412611 write_end_us=368413685
TX_HISTORY sequence=50752 type=3 flags=0x07 encoded_bytes=84 allocated_us=368417733 enqueue_us=368417782 write_start_us=368418605 write_end_us=368418653
TX_HISTORY sequence=50753 type=4 flags=0x07 encoded_bytes=84 allocated_us=368417843 enqueue_us=368417875 write_start_us=368418679 write_end_us=368419087
TX_HISTORY sequence=50754 type=20 flags=0x07 encoded_bytes=84 allocated_us=368417926 enqueue_us=368417960 write_start_us=368419099 write_end_us=368420001
TX_HISTORY sequence=50755 type=2 flags=0x07 encoded_bytes=84 allocated_us=368417998 enqueue_us=368418028 write_start_us=368420010 write_end_us=368420903
TX_HISTORY sequence=50756 type=2 flags=0x07 encoded_bytes=84 allocated_us=368418051 enqueue_us=368418081 write_start_us=368420913 write_end_us=368421808
TX_HISTORY sequence=50757 type=3 flags=0x07 encoded_bytes=84 allocated_us=368418350 enqueue_us=368418382 write_start_us=368421817 write_end_us=368422735
TX_HISTORY sequence=50758 type=4 flags=0x07 encoded_bytes=84 allocated_us=368418408 enqueue_us=368418442 write_start_us=368422744 write_end_us=368423640
TX_HISTORY sequence=50759 type=2 flags=0x07 encoded_bytes=84 allocated_us=368418487 enqueue_us=368418523 write_start_us=368423649 write_end_us=368424536
TX_HISTORY sequence=50760 type=7 flags=0x07 encoded_bytes=88 allocated_us=368422367 enqueue_us=368422421 write_start_us=368424545 write_end_us=368425497
TX_HISTORY sequence=50761 type=3 flags=0x07 encoded_bytes=84 allocated_us=368436093 enqueue_us=368436148 write_start_us=368436712 write_end_us=368436761
TX_HISTORY sequence=50762 type=4 flags=0x07 encoded_bytes=84 allocated_us=368436267 enqueue_us=368436306 write_start_us=368436788 write_end_us=368437182
TX_HISTORY sequence=50763 type=2 flags=0x07 encoded_bytes=84 allocated_us=368436388 enqueue_us=368436418 write_start_us=368437192 write_end_us=368438107
TX_HISTORY sequence=50764 type=3 flags=0x07 encoded_bytes=84 allocated_us=368438130 enqueue_us=368438169 write_start_us=368438598 write_end_us=368439006
TX_HISTORY sequence=50765 type=4 flags=0x07 encoded_bytes=84 allocated_us=368438204 enqueue_us=368438234 write_start_us=368439015 write_end_us=368439920
TX_HISTORY sequence=50766 type=2 flags=0x07 encoded_bytes=84 allocated_us=368438276 enqueue_us=368438306 write_start_us=368439929 write_end_us=368440835
TX_HISTORY sequence=50767 type=56 flags=0x07 encoded_bytes=184 allocated_us=368438365 enqueue_us=368438431 write_start_us=368440845 write_end_us=368442832
TX_HISTORY sequence=50768 type=24 flags=0x07 encoded_bytes=92 allocated_us=368438448 enqueue_us=368438481 write_start_us=368442841 write_end_us=368443818
TX_HISTORY sequence=50769 type=5 flags=0x07 encoded_bytes=224 allocated_us=368445015 enqueue_us=368445115 write_start_us=368445596 write_end_us=368446657
TX_HISTORY sequence=50770 type=7 flags=0x07 encoded_bytes=88 allocated_us=368455329 enqueue_us=368455393 write_start_us=368455604 write_end_us=368455643
TX_HISTORY sequence=50771 type=3 flags=0x07 encoded_bytes=84 allocated_us=368458939 enqueue_us=368458995 write_start_us=368459697 write_end_us=368459745
TX_HISTORY sequence=50772 type=4 flags=0x07 encoded_bytes=84 allocated_us=368459052 enqueue_us=368459082 write_start_us=368459770 write_end_us=368460177
TX_HISTORY sequence=50773 type=20 flags=0x07 encoded_bytes=84 allocated_us=368459141 enqueue_us=368459180 write_start_us=368460189 write_end_us=368461087
TX_HISTORY sequence=50774 type=2 flags=0x07 encoded_bytes=84 allocated_us=368459292 enqueue_us=368459336 write_start_us=368461097 write_end_us=368461996
TX_HISTORY sequence=50775 type=2 flags=0x07 encoded_bytes=84 allocated_us=368459379 enqueue_us=368459411 write_start_us=368462005 write_end_us=368462910
TX_HISTORY sequence=50776 type=3 flags=0x07 encoded_bytes=84 allocated_us=368462939 enqueue_us=368462982 write_start_us=368463600 write_end_us=368463814
TX_HISTORY sequence=50777 type=4 flags=0x07 encoded_bytes=84 allocated_us=368463021 enqueue_us=368463054 write_start_us=368463823 write_end_us=368464721
TX_HISTORY sequence=50778 type=2 flags=0x07 encoded_bytes=84 allocated_us=368463116 enqueue_us=368463157 write_start_us=368464730 write_end_us=368465639
TX_HISTORY sequence=50779 type=3 flags=0x07 encoded_bytes=84 allocated_us=368463518 enqueue_us=368463562 write_start_us=368465649 write_end_us=368466546
TX_HISTORY sequence=50780 type=4 flags=0x07 encoded_bytes=84 allocated_us=368472420 enqueue_us=368472476 write_start_us=368472666 write_end_us=368472733
TX_HISTORY sequence=50781 type=2 flags=0x07 encoded_bytes=84 allocated_us=368472571 enqueue_us=368473167 write_start_us=368472761 write_end_us=368473152
TX_HISTORY sequence=50782 type=5 flags=0x07 encoded_bytes=224 allocated_us=368478132 enqueue_us=368478225 write_start_us=368478601 write_end_us=368479701
TX_HISTORY sequence=50783 type=16 flags=0x07 encoded_bytes=96 allocated_us=368483016 enqueue_us=368483076 write_start_us=368483601 write_end_us=368483645
TX_HISTORY sequence=50784 type=7 flags=0x07 encoded_bytes=88 allocated_us=368488303 enqueue_us=368488359 write_start_us=368488598 write_end_us=368488635
TX_HISTORY sequence=50785 type=32 flags=0x07 encoded_bytes=40 allocated_us=368492855 enqueue_us=368492894 write_start_us=368492915 write_end_us=368492950
TX_HISTORY sequence=50786 type=3 flags=0x07 encoded_bytes=84 allocated_us=368493008 enqueue_us=368493038 write_start_us=368493646 write_end_us=368493681
TX_HISTORY sequence=50787 type=4 flags=0x07 encoded_bytes=84 allocated_us=368493064 enqueue_us=368493098 write_start_us=368493700 write_end_us=368494115
TX_HISTORY sequence=50788 type=2 flags=0x07 encoded_bytes=84 allocated_us=368493190 enqueue_us=368493232 write_start_us=368494141 write_end_us=368495021
TX_HISTORY sequence=50789 type=3 flags=0x07 encoded_bytes=84 allocated_us=368495047 enqueue_us=368495092 write_start_us=368495802 write_end_us=368495940
TX_HISTORY sequence=50790 type=4 flags=0x07 encoded_bytes=84 allocated_us=368495206 enqueue_us=368495242 write_start_us=368495949 write_end_us=368496862
TX_HISTORY sequence=50791 type=20 flags=0x07 encoded_bytes=84 allocated_us=368495315 enqueue_us=368495345 write_start_us=368496879 write_end_us=368497766
TX_HISTORY sequence=50792 type=2 flags=0x07 encoded_bytes=84 allocated_us=368495379 enqueue_us=368495416 write_start_us=368497777 write_end_us=368498661
TX_HISTORY sequence=50793 type=2 flags=0x07 encoded_bytes=84 allocated_us=368495443 enqueue_us=368495475 write_start_us=368498670 write_end_us=368499573
TX_HISTORY sequence=50794 type=3 flags=0x07 encoded_bytes=84 allocated_us=368499607 enqueue_us=368499656 write_start_us=368500602 write_end_us=368500633
TX_HISTORY sequence=50795 type=4 flags=0x07 encoded_bytes=84 allocated_us=368499699 enqueue_us=368499734 write_start_us=368500653 write_end_us=368501396
TX_HISTORY sequence=50796 type=22 flags=0x07 encoded_bytes=148 allocated_us=368499790 enqueue_us=368499843 write_start_us=368501405 write_end_us=368503005
TX_HISTORY sequence=50797 type=56 flags=0x07 encoded_bytes=184 allocated_us=368499898 enqueue_us=368499962 write_start_us=368503014 write_end_us=368505002
TX_HISTORY sequence=50798 type=57 flags=0x07 encoded_bytes=72 allocated_us=368499972 enqueue_us=368499999 write_start_us=368505011 write_end_us=368505784
TX_HISTORY sequence=50799 type=24 flags=0x07 encoded_bytes=92 allocated_us=368500008 enqueue_us=368500040 write_start_us=368505793 write_end_us=368506780
TX_HISTORY sequence=50800 type=2 flags=0x07 encoded_bytes=84 allocated_us=368510547 enqueue_us=368510665 write_start_us=368510613 write_end_us=368510644
TX_HISTORY sequence=50801 type=58 flags=0x07 encoded_bytes=72 allocated_us=368510728 enqueue_us=368510755 write_start_us=368511670 write_end_us=368511701
TX_HISTORY sequence=50802 type=5 flags=0x07 encoded_bytes=224 allocated_us=368511560 enqueue_us=368511649 write_start_us=368511718 write_end_us=368513548
TX_HISTORY sequence=50803 type=7 flags=0x07 encoded_bytes=88 allocated_us=368522383 enqueue_us=368522438 write_start_us=368522598 write_end_us=368522639
TX_HISTORY sequence=50804 type=3 flags=0x07 encoded_bytes=84 allocated_us=368532396 enqueue_us=368532451 write_start_us=368532613 write_end_us=368532654
TX_HISTORY sequence=50805 type=4 flags=0x07 encoded_bytes=84 allocated_us=368532550 enqueue_us=368533103 write_start_us=368532678 write_end_us=368533087
TX_HISTORY sequence=50806 type=2 flags=0x07 encoded_bytes=84 allocated_us=368533195 enqueue_us=368533232 write_start_us=368533724 write_end_us=368533985
TX_HISTORY sequence=50807 type=3 flags=0x07 encoded_bytes=84 allocated_us=368533297 enqueue_us=368533334 write_start_us=368533994 write_end_us=368534909
TX_HISTORY sequence=50808 type=4 flags=0x07 encoded_bytes=84 allocated_us=368533352 enqueue_us=368533382 write_start_us=368534918 write_end_us=368535805
TX_HISTORY sequence=50809 type=2 flags=0x07 encoded_bytes=84 allocated_us=368533408 enqueue_us=368533437 write_start_us=368535815 write_end_us=368536718
TX_HISTORY sequence=50810 type=3 flags=0x07 encoded_bytes=84 allocated_us=368536742 enqueue_us=368536780 write_start_us=368537605 write_end_us=368537668
TX_HISTORY sequence=50811 type=4 flags=0x07 encoded_bytes=84 allocated_us=368536852 enqueue_us=368536888 write_start_us=368537677 write_end_us=368538557
TX_HISTORY sequence=50812 type=20 flags=0x07 encoded_bytes=84 allocated_us=368536928 enqueue_us=368536958 write_start_us=368538566 write_end_us=368539451
TX_HISTORY sequence=50813 type=2 flags=0x07 encoded_bytes=84 allocated_us=368536986 enqueue_us=368537018 write_start_us=368539461 write_end_us=368540380
TX_HISTORY sequence=50814 type=2 flags=0x07 encoded_bytes=84 allocated_us=368537041 enqueue_us=368537075 write_start_us=368540389 write_end_us=368541272
TX_HISTORY sequence=50815 type=3 flags=0x07 encoded_bytes=84 allocated_us=368537369 enqueue_us=368537406 write_start_us=368541281 write_end_us=368542188
TX_HISTORY sequence=50816 type=4 flags=0x07 encoded_bytes=84 allocated_us=368537424 enqueue_us=368537453 write_start_us=368542197 write_end_us=368543101
TX_HISTORY sequence=50817 type=5 flags=0x07 encoded_bytes=224 allocated_us=368544112 enqueue_us=368544203 write_start_us=368544596 write_end_us=368545667
TX_HISTORY sequence=50818 type=2 flags=0x07 encoded_bytes=84 allocated_us=368551320 enqueue_us=368551379 write_start_us=368551711 write_end_us=368551750
TX_HISTORY sequence=50819 type=3 flags=0x07 encoded_bytes=84 allocated_us=368551783 enqueue_us=368551818 write_start_us=368552603 write_end_us=368552656
TX_HISTORY sequence=50820 type=4 flags=0x07 encoded_bytes=84 allocated_us=368551924 enqueue_us=368551968 write_start_us=368552678 write_end_us=368553102
TX_HISTORY sequence=50821 type=2 flags=0x07 encoded_bytes=84 allocated_us=368552014 enqueue_us=368552047 write_start_us=368553111 write_end_us=368554003
TX_HISTORY sequence=50822 type=3 flags=0x07 encoded_bytes=84 allocated_us=368552098 enqueue_us=368552138 write_start_us=368554013 write_end_us=368554921
TX_HISTORY sequence=50823 type=56 flags=0x07 encoded_bytes=184 allocated_us=368552237 enqueue_us=368552327 write_start_us=368554930 write_end_us=368556909
TX_HISTORY sequence=50824 type=24 flags=0x07 encoded_bytes=92 allocated_us=368552346 enqueue_us=368552382 write_start_us=368556918 write_end_us=368557909
TX_HISTORY sequence=50825 type=7 flags=0x07 encoded_bytes=88 allocated_us=368554566 enqueue_us=368554610 write_start_us=368557918 write_end_us=368558857
TX_HISTORY sequence=50826 type=4 flags=0x07 encoded_bytes=84 allocated_us=368563514 enqueue_us=368563561 write_start_us=368563658 write_end_us=368563691
TX_HISTORY sequence=50827 type=2 flags=0x07 encoded_bytes=84 allocated_us=368563756 enqueue_us=368563789 write_start_us=368564598 write_end_us=368564624
TX_HISTORY sequence=50828 type=2 flags=0x07 encoded_bytes=84 allocated_us=368575995 enqueue_us=368576040 write_start_us=368576613 write_end_us=368576649
TX_HISTORY sequence=50829 type=3 flags=0x07 encoded_bytes=84 allocated_us=368576360 enqueue_us=368576407 write_start_us=368576672 write_end_us=368577124
TX_HISTORY sequence=50830 type=4 flags=0x07 encoded_bytes=84 allocated_us=368576534 enqueue_us=368576571 write_start_us=368577134 write_end_us=368577985
TX_HISTORY sequence=50831 type=5 flags=0x07 encoded_bytes=224 allocated_us=368577015 enqueue_us=368577110 write_start_us=368577994 write_end_us=368580433
TX_HISTORY sequence=50832 type=20 flags=0x07 encoded_bytes=84 allocated_us=368580573 enqueue_us=368581350 write_start_us=368580641 write_end_us=368581334
TX_HISTORY sequence=50833 type=2 flags=0x07 encoded_bytes=84 allocated_us=368581428 enqueue_us=368581471 write_start_us=368581848 write_end_us=368582260
TX_HISTORY sequence=50834 type=3 flags=0x07 encoded_bytes=84 allocated_us=368582293 enqueue_us=368582337 write_start_us=368582597 write_end_us=368583156
TX_HISTORY sequence=50835 type=4 flags=0x07 encoded_bytes=84 allocated_us=368582379 enqueue_us=368582413 write_start_us=368583168 write_end_us=368584071
TX_HISTORY sequence=50836 type=2 flags=0x07 encoded_bytes=84 allocated_us=368582489 enqueue_us=368582527 write_start_us=368584084 write_end_us=368584977
TX_HISTORY sequence=50837 type=7 flags=0x07 encoded_bytes=88 allocated_us=368586895 enqueue_us=368586948 write_start_us=368587599 write_end_us=368587626
TX_HISTORY sequence=50838 type=32 flags=0x07 encoded_bytes=40 allocated_us=368592597 enqueue_us=368592631 write_start_us=368592647 write_end_us=368592671
TX_HISTORY sequence=50839 type=3 flags=0x07 encoded_bytes=84 allocated_us=368600122 enqueue_us=368600176 write_start_us=368600638 write_end_us=368600685
TX_HISTORY sequence=50840 type=4 flags=0x07 encoded_bytes=84 allocated_us=368600234 enqueue_us=368600265 write_start_us=368600709 write_end_us=368601120
TX_HISTORY sequence=50841 type=2 flags=0x07 encoded_bytes=84 allocated_us=368600324 enqueue_us=368600355 write_start_us=368601129 write_end_us=368602017
TX_HISTORY sequence=50842 type=3 flags=0x07 encoded_bytes=84 allocated_us=368602040 enqueue_us=368602075 write_start_us=368602611 write_end_us=368602945
TX_HISTORY sequence=50843 type=4 flags=0x07 encoded_bytes=84 allocated_us=368602105 enqueue_us=368602138 write_start_us=368602957 write_end_us=368603852
TX_HISTORY sequence=50844 type=2 flags=0x07 encoded_bytes=84 allocated_us=368602190 enqueue_us=368602220 write_start_us=368603861 write_end_us=368604749
TX_HISTORY sequence=50845 type=2 flags=0x07 encoded_bytes=84 allocated_us=368602243 enqueue_us=368602273 write_start_us=368604758 write_end_us=368605664
TX_HISTORY sequence=50846 type=3 flags=0x07 encoded_bytes=84 allocated_us=368605693 enqueue_us=368605741 write_start_us=368606605 write_end_us=368606641
TX_HISTORY sequence=50847 type=4 flags=0x07 encoded_bytes=84 allocated_us=368605800 enqueue_us=368605831 write_start_us=368606660 write_end_us=368607498
TX_HISTORY sequence=50848 type=22 flags=0x07 encoded_bytes=148 allocated_us=368605886 enqueue_us=368605937 write_start_us=368607507 write_end_us=368609101
TX_HISTORY sequence=50849 type=56 flags=0x07 encoded_bytes=184 allocated_us=368605984 enqueue_us=368606049 write_start_us=368609110 write_end_us=368611094
TX_HISTORY sequence=50850 type=24 flags=0x07 encoded_bytes=92 allocated_us=368606065 enqueue_us=368606098 write_start_us=368611107 write_end_us=368612087
TX_HISTORY sequence=50851 type=5 flags=0x07 encoded_bytes=224 allocated_us=368610032 enqueue_us=368610128 write_start_us=368612100 write_end_us=368614515
TX_HISTORY sequence=50852 type=7 flags=0x07 encoded_bytes=88 allocated_us=368623400 enqueue_us=368623460 write_start_us=368623600 write_end_us=368623648
TX_HISTORY sequence=50853 type=16 flags=0x07 encoded_bytes=96 allocated_us=368631473 enqueue_us=368631524 write_start_us=368631646 write_end_us=368631677
TX_HISTORY sequence=50854 type=20 flags=0x07 encoded_bytes=84 allocated_us=368632546 enqueue_us=368632681 write_start_us=368632622 write_end_us=368632660
TX_HISTORY sequence=50855 type=2 flags=0x07 encoded_bytes=84 allocated_us=368632774 enqueue_us=368632831 write_start_us=368633612 write_end_us=368633654
TX_HISTORY sequence=50856 type=3 flags=0x07 encoded_bytes=84 allocated_us=368633152 enqueue_us=368633188 write_start_us=368633679 write_end_us=368634076
TX_HISTORY sequence=50857 type=4 flags=0x07 encoded_bytes=84 allocated_us=368633217 enqueue_us=368633252 write_start_us=368634088 write_end_us=368634998
TX_HISTORY sequence=50858 type=2 flags=0x07 encoded_bytes=84 allocated_us=368633285 enqueue_us=368633315 write_start_us=368635008 write_end_us=368635912
TX_HISTORY sequence=50859 type=3 flags=0x07 encoded_bytes=84 allocated_us=368633410 enqueue_us=368633441 write_start_us=368635921 write_end_us=368636823
TX_HISTORY sequence=50860 type=4 flags=0x07 encoded_bytes=84 allocated_us=368633499 enqueue_us=368633531 write_start_us=368636832 write_end_us=368637722
TX_HISTORY sequence=50861 type=2 flags=0x07 encoded_bytes=84 allocated_us=368637741 enqueue_us=368637780 write_start_us=368638605 write_end_us=368638661
TX_HISTORY sequence=50862 type=3 flags=0x07 encoded_bytes=84 allocated_us=368638111 enqueue_us=368638150 write_start_us=368638670 write_end_us=368639549
TX_HISTORY sequence=50863 type=4 flags=0x07 encoded_bytes=84 allocated_us=368638179 enqueue_us=368638210 write_start_us=368639559 write_end_us=368640449
TX_HISTORY sequence=50864 type=2 flags=0x07 encoded_bytes=84 allocated_us=368638250 enqueue_us=368638280 write_start_us=368640458 write_end_us=368641369
TX_HISTORY sequence=50865 type=2 flags=0x07 encoded_bytes=84 allocated_us=368644359 enqueue_us=368644405 write_start_us=368644607 write_end_us=368644639
TX_HISTORY sequence=50866 type=5 flags=0x07 encoded_bytes=224 allocated_us=368646755 enqueue_us=368646843 write_start_us=368647597 write_end_us=368648667
TX_HISTORY sequence=50867 type=20 flags=0x07 encoded_bytes=84 allocated_us=368655874 enqueue_us=368655934 write_start_us=368656812 write_end_us=368656864
TX_HISTORY sequence=50868 type=3 flags=0x07 encoded_bytes=84 allocated_us=368656249 enqueue_us=368656280 write_start_us=368656892 write_end_us=368657289
TX_HISTORY sequence=50869 type=4 flags=0x07 encoded_bytes=84 allocated_us=368656391 enqueue_us=368656427 write_start_us=368657298 write_end_us=368658211
TX_HISTORY sequence=50870 type=2 flags=0x07 encoded_bytes=84 allocated_us=368656486 enqueue_us=368656519 write_start_us=368658227 write_end_us=368659135
TX_HISTORY sequence=50871 type=7 flags=0x07 encoded_bytes=88 allocated_us=368657411 enqueue_us=368657452 write_start_us=368659152 write_end_us=368660069
TX_HISTORY sequence=50872 type=3 flags=0x07 encoded_bytes=84 allocated_us=368660097 enqueue_us=368660137 write_start_us=368660606 write_end_us=368660978
TX_HISTORY sequence=50873 type=4 flags=0x07 encoded_bytes=84 allocated_us=368660187 enqueue_us=368660221 write_start_us=368660987 write_end_us=368661907
TX_HISTORY sequence=50874 type=2 flags=0x07 encoded_bytes=84 allocated_us=368660302 enqueue_us=368660332 write_start_us=368661917 write_end_us=368662812
TX_HISTORY sequence=50875 type=56 flags=0x07 encoded_bytes=184 allocated_us=368660396 enqueue_us=368660461 write_start_us=368662821 write_end_us=368664785
TX_HISTORY sequence=50876 type=24 flags=0x07 encoded_bytes=92 allocated_us=368660479 enqueue_us=368660512 write_start_us=368664794 write_end_us=368665784
TX_HISTORY sequence=50877 type=3 flags=0x07 encoded_bytes=84 allocated_us=368670528 enqueue_us=368670693 write_start_us=368670621 write_end_us=368670665
TX_HISTORY sequence=50878 type=4 flags=0x07 encoded_bytes=84 allocated_us=368670769 enqueue_us=368670799 write_start_us=368671594 write_end_us=368671617
TX_HISTORY sequence=50879 type=5 flags=0x07 encoded_bytes=224 allocated_us=368675540 enqueue_us=368675629 write_start_us=368675654 write_end_us=368676722
TX_HISTORY sequence=50880 type=7 flags=0x07 encoded_bytes=88 allocated_us=368685398 enqueue_us=368685456 write_start_us=368685600 write_end_us=368685638
TX_HISTORY sequence=50881 type=2 flags=0x07 encoded_bytes=84 allocated_us=368686356 enqueue_us=368686396 write_start_us=368686742 write_end_us=368686780
TX_HISTORY sequence=50882 type=3 flags=0x07 encoded_bytes=84 allocated_us=368686811 enqueue_us=368686853 write_start_us=368687605 write_end_us=368687643
TX_HISTORY sequence=50883 type=4 flags=0x07 encoded_bytes=84 allocated_us=368686881 enqueue_us=368686915 write_start_us=368687664 write_end_us=368688133
TX_HISTORY sequence=50884 type=2 flags=0x07 encoded_bytes=84 allocated_us=368686941 enqueue_us=368686972 write_start_us=368688143 write_end_us=368689030
TX_HISTORY sequence=50885 type=2 flags=0x07 encoded_bytes=84 allocated_us=368686992 enqueue_us=368687022 write_start_us=368689039 write_end_us=368689936
TX_HISTORY sequence=50886 type=3 flags=0x07 encoded_bytes=84 allocated_us=368687375 enqueue_us=368687416 write_start_us=368689945 write_end_us=368690859
TX_HISTORY sequence=50887 type=4 flags=0x07 encoded_bytes=84 allocated_us=368687490 enqueue_us=368687531 write_start_us=368690868 write_end_us=368691761
TX_HISTORY sequence=50888 type=20 flags=0x07 encoded_bytes=84 allocated_us=368691806 enqueue_us=368691850 write_start_us=368692633 write_end_us=368692695
TX_HISTORY sequence=50889 type=2 flags=0x07 encoded_bytes=84 allocated_us=368691921 enqueue_us=368691952 write_start_us=368692707 write_end_us=368693585
TX_HISTORY sequence=50890 type=32 flags=0x07 encoded_bytes=40 allocated_us=368692597 enqueue_us=368692621 write_start_us=368693594 write_end_us=368694019
TX_HISTORY sequence=50891 type=3 flags=0x07 encoded_bytes=84 allocated_us=368697953 enqueue_us=368698008 write_start_us=368698608 write_end_us=368698656
TX_HISTORY sequence=50892 type=4 flags=0x07 encoded_bytes=84 allocated_us=368698043 enqueue_us=368698072 write_start_us=368698685 write_end_us=368699088
TX_HISTORY sequence=50893 type=5 flags=0x07 encoded_bytes=224 allocated_us=368708932 enqueue_us=368709026 write_start_us=368709599 write_end_us=368710664
TX_HISTORY sequence=50894 type=2 flags=0x07 encoded_bytes=84 allocated_us=368713438 enqueue_us=368713489 write_start_us=368713819 write_end_us=368713861
TX_HISTORY sequence=50895 type=3 flags=0x07 encoded_bytes=84 allocated_us=368713896 enqueue_us=368713928 write_start_us=368714599 write_end_us=368714635
TX_HISTORY sequence=50896 type=4 flags=0x07 encoded_bytes=84 allocated_us=368714031 enqueue_us=368714067 write_start_us=368714655 write_end_us=368715194
TX_HISTORY sequence=50897 type=2 flags=0x07 encoded_bytes=84 allocated_us=368714106 enqueue_us=368714149 write_start_us=368715203 write_end_us=368716134
TX_HISTORY sequence=50898 type=3 flags=0x07 encoded_bytes=84 allocated_us=368714516 enqueue_us=368714573 write_start_us=368716151 write_end_us=368717031
TX_HISTORY sequence=50899 type=4 flags=0x07 encoded_bytes=84 allocated_us=368717099 enqueue_us=368717145 write_start_us=368717598 write_end_us=368717928
TX_HISTORY sequence=50900 type=2 flags=0x07 encoded_bytes=84 allocated_us=368717245 enqueue_us=368717277 write_start_us=368717938 write_end_us=368718854
TX_HISTORY sequence=50901 type=22 flags=0x07 encoded_bytes=148 allocated_us=368717329 enqueue_us=368717383 write_start_us=368718863 write_end_us=368720467
TX_HISTORY sequence=50902 type=56 flags=0x07 encoded_bytes=184 allocated_us=368717436 enqueue_us=368717501 write_start_us=368720476 write_end_us=368722442
TX_HISTORY sequence=50903 type=58 flags=0x07 encoded_bytes=72 allocated_us=368717546 enqueue_us=368717572 write_start_us=368722451 write_end_us=368723235
TX_HISTORY sequence=50904 type=7 flags=0x07 encoded_bytes=88 allocated_us=368718913 enqueue_us=368718948 write_start_us=368723246 write_end_us=368724186
TX_HISTORY sequence=50905 type=24 flags=0x07 encoded_bytes=92 allocated_us=368724216 enqueue_us=368724262 write_start_us=368724592 write_end_us=368725216
TX_HISTORY sequence=50906 type=2 flags=0x07 encoded_bytes=84 allocated_us=368728664 enqueue_us=368728711 write_start_us=368729608 write_end_us=368729652
TX_HISTORY sequence=50907 type=5 flags=0x07 encoded_bytes=224 allocated_us=368741939 enqueue_us=368742034 write_start_us=368742600 write_end_us=368743701
TX_HISTORY sequence=50908 type=16 flags=0x07 encoded_bytes=96 allocated_us=368747068 enqueue_us=368747134 write_start_us=368747629 write_end_us=368747675
TX_HISTORY sequence=50909 type=20 flags=0x07 encoded_bytes=84 allocated_us=368752251 enqueue_us=368752312 write_start_us=368752686 write_end_us=368752733
TX_HISTORY sequence=50910 type=7 flags=0x07 encoded_bytes=88 allocated_us=368752354 enqueue_us=368752398 write_start_us=368752760 write_end_us=368753223
TX_HISTORY sequence=50911 type=3 flags=0x07 encoded_bytes=84 allocated_us=368753248 enqueue_us=368753297 write_start_us=368753619 write_end_us=368754120
TX_HISTORY sequence=50912 type=4 flags=0x07 encoded_bytes=84 allocated_us=368753495 enqueue_us=368753537 write_start_us=368754130 write_end_us=368755019
TX_HISTORY sequence=50913 type=2 flags=0x07 encoded_bytes=84 allocated_us=368755068 enqueue_us=368755107 write_start_us=368755771 write_end_us=368755937
TX_HISTORY sequence=50914 type=3 flags=0x07 encoded_bytes=84 allocated_us=368755276 enqueue_us=368755321 write_start_us=368755946 write_end_us=368756851
TX_HISTORY sequence=50915 type=4 flags=0x07 encoded_bytes=84 allocated_us=368755349 enqueue_us=368755380 write_start_us=368756860 write_end_us=368757754
TX_HISTORY sequence=50916 type=2 flags=0x07 encoded_bytes=84 allocated_us=368755431 enqueue_us=368755462 write_start_us=368757763 write_end_us=368758672
TX_HISTORY sequence=50917 type=3 flags=0x07 encoded_bytes=84 allocated_us=368758700 enqueue_us=368758744 write_start_us=368759603 write_end_us=368759644
TX_HISTORY sequence=50918 type=4 flags=0x07 encoded_bytes=84 allocated_us=368758850 enqueue_us=368758885 write_start_us=368759663 write_end_us=368760511
TX_HISTORY sequence=50919 type=2 flags=0x07 encoded_bytes=84 allocated_us=368758953 enqueue_us=368758985 write_start_us=368760528 write_end_us=368761441
TX_HISTORY sequence=50920 type=2 flags=0x07 encoded_bytes=84 allocated_us=368759008 enqueue_us=368759038 write_start_us=368761457 write_end_us=368762326
TX_HISTORY sequence=50921 type=3 flags=0x07 encoded_bytes=84 allocated_us=368759355 enqueue_us=368759393 write_start_us=368762343 write_end_us=368763231
TX_HISTORY sequence=50922 type=4 flags=0x07 encoded_bytes=84 allocated_us=368759424 enqueue_us=368759461 write_start_us=368763240 write_end_us=368764133
TX_HISTORY sequence=50923 type=57 flags=0x07 encoded_bytes=72 allocated_us=368759496 enqueue_us=368759523 write_start_us=368764142 write_end_us=368764915
TX_HISTORY sequence=50924 type=2 flags=0x07 encoded_bytes=84 allocated_us=368767567 enqueue_us=368767708 write_start_us=368767648 write_end_us=368767682
TX_HISTORY sequence=50925 type=56 flags=0x07 encoded_bytes=184 allocated_us=368767771 enqueue_us=368767841 write_start_us=368768598 write_end_us=368769237
TX_HISTORY sequence=50926 type=5 flags=0x07 encoded_bytes=224 allocated_us=368776509 enqueue_us=368776598 write_start_us=368776610 write_end_us=368777679
TX_HISTORY sequence=50927 type=3 flags=0x07 encoded_bytes=84 allocated_us=368784796 enqueue_us=368784850 write_start_us=368785616 write_end_us=368785665
TX_HISTORY sequence=50928 type=4 flags=0x07 encoded_bytes=84 allocated_us=368784965 enqueue_us=368784997 write_start_us=368785693 write_end_us=368786094
TX_HISTORY sequence=50929 type=20 flags=0x07 encoded_bytes=84 allocated_us=368785044 enqueue_us=368785075 write_start_us=368786103 write_end_us=368787000
TX_HISTORY sequence=50930 type=2 flags=0x07 encoded_bytes=84 allocated_us=368785114 enqueue_us=368785147 write_start_us=368787010 write_end_us=368787911
TX_HISTORY sequence=50931 type=3 flags=0x07 encoded_bytes=84 allocated_us=368785200 enqueue_us=368785233 write_start_us=368787920 write_end_us=368788823
TX_HISTORY sequence=50932 type=4 flags=0x07 encoded_bytes=84 allocated_us=368785247 enqueue_us=368785279 write_start_us=368788832 write_end_us=368789730
TX_HISTORY sequence=50933 type=2 flags=0x07 encoded_bytes=84 allocated_us=368785308 enqueue_us=368785340 write_start_us=368789739 write_end_us=368790636
TX_HISTORY sequence=50934 type=7 flags=0x07 encoded_bytes=88 allocated_us=368786449 enqueue_us=368786488 write_start_us=368790645 write_end_us=368791631
TX_HISTORY sequence=50935 type=3 flags=0x07 encoded_bytes=84 allocated_us=368791661 enqueue_us=368791707 write_start_us=368792627 write_end_us=368792668
TX_HISTORY sequence=50936 type=4 flags=0x07 encoded_bytes=84 allocated_us=368791811 enqueue_us=368791844 write_start_us=368792688 write_end_us=368793427
TX_HISTORY sequence=50937 type=2 flags=0x07 encoded_bytes=84 allocated_us=368791942 enqueue_us=368791974 write_start_us=368793438 write_end_us=368794328
TX_HISTORY sequence=50938 type=24 flags=0x07 encoded_bytes=92 allocated_us=368792006 enqueue_us=368792039 write_start_us=368794337 write_end_us=368795328
TX_HISTORY sequence=50939 type=32 flags=0x07 encoded_bytes=40 allocated_us=368792591 enqueue_us=368792607 write_start_us=368795337 write_end_us=368795772
TX_HISTORY sequence=50940 type=2 flags=0x07 encoded_bytes=84 allocated_us=368799342 enqueue_us=368799397 write_start_us=368799795 write_end_us=368799840
TX_HISTORY sequence=50941 type=3 flags=0x07 encoded_bytes=84 allocated_us=368799884 enqueue_us=368799916 write_start_us=368800593 write_end_us=368800613
TX_HISTORY sequence=50942 type=5 flags=0x07 encoded_bytes=224 allocated_us=368807999 enqueue_us=368808100 write_start_us=368808597 write_end_us=368809650
TX_HISTORY sequence=50943 type=4 flags=0x07 encoded_bytes=84 allocated_us=368815267 enqueue_us=368815318 write_start_us=368815810 write_end_us=368815867
TX_HISTORY sequence=50944 type=2 flags=0x07 encoded_bytes=84 allocated_us=368815444 enqueue_us=368815475 write_start_us=368815890 write_end_us=368816310
TX_HISTORY sequence=50945 type=3 flags=0x07 encoded_bytes=84 allocated_us=368816340 enqueue_us=368816387 write_start_us=368816609 write_end_us=368817202
TX_HISTORY sequence=50946 type=4 flags=0x07 encoded_bytes=84 allocated_us=368816542 enqueue_us=368818141 write_start_us=368817211 write_end_us=368818126
TX_HISTORY sequence=50947 type=20 flags=0x07 encoded_bytes=84 allocated_us=368818228 enqueue_us=368818268 write_start_us=368818701 write_end_us=368819027
TX_HISTORY sequence=50948 type=2 flags=0x07 encoded_bytes=84 allocated_us=368818316 enqueue_us=368818349 write_start_us=368819036 write_end_us=368819942
TX_HISTORY sequence=50949 type=7 flags=0x07 encoded_bytes=88 allocated_us=368818525 enqueue_us=368818567 write_start_us=368819952 write_end_us=368820887
TX_HISTORY sequence=50950 type=3 flags=0x07 encoded_bytes=84 allocated_us=368820918 enqueue_us=368820962 write_start_us=368821601 write_end_us=368821799
TX_HISTORY sequence=50951 type=4 flags=0x07 encoded_bytes=84 allocated_us=368821012 enqueue_us=368821043 write_start_us=368821808 write_end_us=368822725
TX_HISTORY sequence=50952 type=2 flags=0x07 encoded_bytes=84 allocated_us=368821130 enqueue_us=368821170 write_start_us=368822735 write_end_us=368823626
TX_HISTORY sequence=50953 type=22 flags=0x07 encoded_bytes=148 allocated_us=368821224 enqueue_us=368821278 write_start_us=368823635 write_end_us=368825251
TX_HISTORY sequence=50954 type=56 flags=0x07 encoded_bytes=184 allocated_us=368821328 enqueue_us=368821394 write_start_us=368825267 write_end_us=368827238
TX_HISTORY sequence=50955 type=3 flags=0x07 encoded_bytes=84 allocated_us=368832435 enqueue_us=368832489 write_start_us=368832630 write_end_us=368832673
TX_HISTORY sequence=50956 type=4 flags=0x07 encoded_bytes=84 allocated_us=368832562 enqueue_us=368833126 write_start_us=368832695 write_end_us=368833111
TX_HISTORY sequence=50957 type=5 flags=0x07 encoded_bytes=224 allocated_us=368841062 enqueue_us=368841164 write_start_us=368841599 write_end_us=368842655
TX_HISTORY sequence=50958 type=16 flags=0x07 encoded_bytes=96 allocated_us=368847558 enqueue_us=368847615 write_start_us=368847636 write_end_us=368847675
TX_HISTORY sequence=50959 type=11 flags=0x07 encoded_bytes=56 allocated_us=368849570 enqueue_us=368849594 write_start_us=368849607 write_end_us=368849632
TX_HISTORY sequence=50960 type=7 flags=0x07 encoded_bytes=88 allocated_us=368851865 enqueue_us=368851905 write_start_us=368852789 write_end_us=368852831
TX_HISTORY sequence=50961 type=2 flags=0x07 encoded_bytes=84 allocated_us=368852349 enqueue_us=368852392 write_start_us=368852855 write_end_us=368853311
TX_HISTORY sequence=50962 type=2 flags=0x07 encoded_bytes=84 allocated_us=368852422 enqueue_us=368852452 write_start_us=368853321 write_end_us=368854230
TX_HISTORY sequence=50963 type=3 flags=0x07 encoded_bytes=84 allocated_us=368854260 enqueue_us=368854308 write_start_us=368854666 write_end_us=368855142
TX_HISTORY sequence=50964 type=4 flags=0x07 encoded_bytes=84 allocated_us=368854353 enqueue_us=368854394 write_start_us=368855160 write_end_us=368856039
TX_HISTORY sequence=50965 type=2 flags=0x07 encoded_bytes=84 allocated_us=368854458 enqueue_us=368854490 write_start_us=368856048 write_end_us=368856936
TX_HISTORY sequence=50966 type=20 flags=0x07 encoded_bytes=84 allocated_us=368854520 enqueue_us=368854550 write_start_us=368856945 write_end_us=368857873
TX_HISTORY sequence=50967 type=3 flags=0x07 encoded_bytes=84 allocated_us=368858169 enqueue_us=368858214 write_start_us=368858744 write_end_us=368858818
TX_HISTORY sequence=50968 type=4 flags=0x07 encoded_bytes=84 allocated_us=368858302 enqueue_us=368858337 write_start_us=368858827 write_end_us=368859671
TX_HISTORY sequence=50969 type=2 flags=0x07 encoded_bytes=84 allocated_us=368858408 enqueue_us=368858440 write_start_us=368859680 write_end_us=368860605
TX_HISTORY sequence=50970 type=3 flags=0x07 encoded_bytes=84 allocated_us=368860633 enqueue_us=368860679 write_start_us=368861606 write_end_us=368861645
TX_HISTORY sequence=50971 type=4 flags=0x07 encoded_bytes=84 allocated_us=368860723 enqueue_us=368860758 write_start_us=368861663 write_end_us=368862411
TX_HISTORY sequence=50972 type=2 flags=0x07 encoded_bytes=84 allocated_us=368860820 enqueue_us=368860850 write_start_us=368862421 write_end_us=368863327
TX_HISTORY sequence=50973 type=24 flags=0x07 encoded_bytes=92 allocated_us=368860885 enqueue_us=368860918 write_start_us=368863336 write_end_us=368864325
TX_HISTORY sequence=50974 type=3 flags=0x07 encoded_bytes=84 allocated_us=368867302 enqueue_us=368867351 write_start_us=368867609 write_end_us=368867649
TX_HISTORY sequence=50975 type=5 flags=0x07 encoded_bytes=224 allocated_us=368874003 enqueue_us=368874104 write_start_us=368874603 write_end_us=368875674
TX_HISTORY sequence=50976 type=4 flags=0x07 encoded_bytes=84 allocated_us=368878697 enqueue_us=368878750 write_start_us=368879776 write_end_us=368879823
TX_HISTORY sequence=50977 type=2 flags=0x07 encoded_bytes=84 allocated_us=368878849 enqueue_us=368878881 write_start_us=368879845 write_end_us=368880252
TX_HISTORY sequence=50978 type=2 flags=0x07 encoded_bytes=84 allocated_us=368878909 enqueue_us=368878939 write_start_us=368880261 write_end_us=368881174
TX_HISTORY sequence=50979 type=3 flags=0x07 encoded_bytes=84 allocated_us=368879255 enqueue_us=368879292 write_start_us=368881190 write_end_us=368882086
TX_HISTORY sequence=50980 type=4 flags=0x07 encoded_bytes=84 allocated_us=368879326 enqueue_us=368879360 write_start_us=368882095 write_end_us=368882987
TX_HISTORY sequence=50981 type=2 flags=0x07 encoded_bytes=84 allocated_us=368879394 enqueue_us=368879424 write_start_us=368882997 write_end_us=368883959
TX_HISTORY sequence=50982 type=7 flags=0x07 encoded_bytes=88 allocated_us=368883882 enqueue_us=368883936 write_start_us=368883970 write_end_us=368884838
TX_HISTORY sequence=50983 type=3 flags=0x07 encoded_bytes=84 allocated_us=368884866 enqueue_us=368884896 write_start_us=368885601 write_end_us=368885753
TX_HISTORY sequence=50984 type=56 flags=0x07 encoded_bytes=184 allocated_us=368884971 enqueue_us=368885035 write_start_us=368885764 write_end_us=368887760
TX_HISTORY sequence=50985 type=32 flags=0x07 encoded_bytes=40 allocated_us=368892601 enqueue_us=368892637 write_start_us=368892647 write_end_us=368892667
TX_HISTORY sequence=50986 type=4 flags=0x07 encoded_bytes=84 allocated_us=368893605 enqueue_us=368893652 write_start_us=368894612 write_end_us=368894660
TX_HISTORY sequence=50987 type=20 flags=0x07 encoded_bytes=84 allocated_us=368893745 enqueue_us=368893777 write_start_us=368894685 write_end_us=368895096
TX_HISTORY sequence=50988 type=2 flags=0x07 encoded_bytes=84 allocated_us=368893826 enqueue_us=368893856 write_start_us=368895105 write_end_us=368895992
TX_HISTORY sequence=50989 type=3 flags=0x07 encoded_bytes=84 allocated_us=368905159 enqueue_us=368905212 write_start_us=368905696 write_end_us=368905744
TX_HISTORY sequence=50990 type=4 flags=0x07 encoded_bytes=84 allocated_us=368905237 enqueue_us=368905267 write_start_us=368905766 write_end_us=368906175
TX_HISTORY sequence=50991 type=2 flags=0x07 encoded_bytes=84 allocated_us=368905316 enqueue_us=368905346 write_start_us=368906184 write_end_us=368907087
TX_HISTORY sequence=50992 type=3 flags=0x07 encoded_bytes=84 allocated_us=368907133 enqueue_us=368907176 write_start_us=368907606 write_end_us=368907988
TX_HISTORY sequence=50993 type=5 flags=0x07 encoded_bytes=224 allocated_us=368907175 enqueue_us=368907270 write_start_us=368907997 write_end_us=368910427
TX_HISTORY sequence=50994 type=4 flags=0x07 encoded_bytes=84 allocated_us=368907271 enqueue_us=368907316 write_start_us=368910438 write_end_us=368911334
TX_HISTORY sequence=50995 type=2 flags=0x07 encoded_bytes=84 allocated_us=368907397 enqueue_us=368907435 write_start_us=368911347 write_end_us=368912251
TX_HISTORY sequence=50996 type=7 flags=0x07 encoded_bytes=88 allocated_us=368917374 enqueue_us=368917430 write_start_us=368917603 write_end_us=368917640
TX_HISTORY sequence=50997 type=2 flags=0x07 encoded_bytes=84 allocated_us=368925313 enqueue_us=368925369 write_start_us=368925780 write_end_us=368925826
TX_HISTORY sequence=50998 type=3 flags=0x07 encoded_bytes=84 allocated_us=368925866 enqueue_us=368925902 write_start_us=368926605 write_end_us=368926643
TX_HISTORY sequence=50999 type=4 flags=0x07 encoded_bytes=84 allocated_us=368925928 enqueue_us=368925962 write_start_us=368926661 write_end_us=368927161
TX_HISTORY sequence=51000 type=2 flags=0x07 encoded_bytes=84 allocated_us=368925999 enqueue_us=368926029 write_start_us=368927170 write_end_us=368928076
TX_HISTORY sequence=51001 type=3 flags=0x07 encoded_bytes=84 allocated_us=368926290 enqueue_us=368926329 write_start_us=368928087 write_end_us=368928992
TX_HISTORY sequence=51002 type=4 flags=0x07 encoded_bytes=84 allocated_us=368926411 enqueue_us=368926446 write_start_us=368929001 write_end_us=368929891
TX_HISTORY sequence=51003 type=20 flags=0x07 encoded_bytes=84 allocated_us=368926531 enqueue_us=368926569 write_start_us=368929904 write_end_us=368930812
TX_HISTORY sequence=51004 type=2 flags=0x07 encoded_bytes=84 allocated_us=368930887 enqueue_us=368930926 write_start_us=368931601 write_end_us=368931721
TX_HISTORY sequence=51005 type=22 flags=0x07 encoded_bytes=148 allocated_us=368930987 enqueue_us=368931040 write_start_us=368931731 write_end_us=368933323
TX_HISTORY sequence=51006 type=58 flags=0x07 encoded_bytes=72 allocated_us=368931101 enqueue_us=368931127 write_start_us=368933332 write_end_us=368934102
TX_HISTORY sequence=51007 type=24 flags=0x07 encoded_bytes=92 allocated_us=368931141 enqueue_us=368931173 write_start_us=368934111 write_end_us=368935101
TX_HISTORY sequence=51008 type=3 flags=0x07 encoded_bytes=84 allocated_us=368938028 enqueue_us=368938083 write_start_us=368938611 write_end_us=368938652
TX_HISTORY sequence=51009 type=56 flags=0x07 encoded_bytes=184 allocated_us=368938142 enqueue_us=368938206 write_start_us=368938673 write_end_us=368940179
TX_HISTORY sequence=51010 type=5 flags=0x07 encoded_bytes=224 allocated_us=368940269 enqueue_us=368940369 write_start_us=368940596 write_end_us=368942606
TX_HISTORY sequence=51011 type=7 flags=0x07 encoded_bytes=88 allocated_us=368950408 enqueue_us=368950471 write_start_us=368950599 write_end_us=368950632
TX_HISTORY sequence=51012 type=16 flags=0x07 encoded_bytes=96 allocated_us=368953476 enqueue_us=368953513 write_start_us=368953595 write_end_us=368953625
TX_HISTORY sequence=51013 type=4 flags=0x07 encoded_bytes=84 allocated_us=368958708 enqueue_us=368958761 write_start_us=368959813 write_end_us=368959861
TX_HISTORY sequence=51014 type=2 flags=0x07 encoded_bytes=84 allocated_us=368958878 enqueue_us=368958909 write_start_us=368959888 write_end_us=368960279
TX_HISTORY sequence=51015 type=2 flags=0x07 encoded_bytes=84 allocated_us=368958934 enqueue_us=368958965 write_start_us=368960288 write_end_us=368961194
TX_HISTORY sequence=51016 type=3 flags=0x07 encoded_bytes=84 allocated_us=368959285 enqueue_us=368959322 write_start_us=368961203 write_end_us=368962107
TX_HISTORY sequence=51017 type=4 flags=0x07 encoded_bytes=84 allocated_us=368959428 enqueue_us=368959465 write_start_us=368962116 write_end_us=368963019
TX_HISTORY sequence=51018 type=2 flags=0x07 encoded_bytes=84 allocated_us=368959500 enqueue_us=368959530 write_start_us=368963028 write_end_us=368963934
TX_HISTORY sequence=51019 type=3 flags=0x07 encoded_bytes=84 allocated_us=368963962 enqueue_us=368964004 write_start_us=368964613 write_end_us=368964849
TX_HISTORY sequence=51020 type=4 flags=0x07 encoded_bytes=84 allocated_us=368964042 enqueue_us=368964074 write_start_us=368964858 write_end_us=368965763
TX_HISTORY sequence=51021 type=2 flags=0x07 encoded_bytes=84 allocated_us=368964134 enqueue_us=368964166 write_start_us=368965772 write_end_us=368966661
TX_HISTORY sequence=51022 type=3 flags=0x07 encoded_bytes=84 allocated_us=368964475 enqueue_us=368964506 write_start_us=368966674 write_end_us=368967588
TX_HISTORY sequence=51023 type=4 flags=0x07 encoded_bytes=84 allocated_us=368964550 enqueue_us=368968510 write_start_us=368967597 write_end_us=368968494
TX_HISTORY sequence=51024 type=5 flags=0x07 encoded_bytes=224 allocated_us=368972046 enqueue_us=368972152 write_start_us=368972599 write_end_us=368973656
TX_HISTORY sequence=51025 type=2 flags=0x07 encoded_bytes=84 allocated_us=368979174 enqueue_us=368979239 write_start_us=368979655 write_end_us=368979698
TX_HISTORY sequence=51026 type=20 flags=0x07 encoded_bytes=84 allocated_us=368979292 enqueue_us=368979324 write_start_us=368979721 write_end_us=368980156
TX_HISTORY sequence=51027 type=3 flags=0x07 encoded_bytes=84 allocated_us=368980190 enqueue_us=368980253 write_start_us=368980603 write_end_us=368981030
TX_HISTORY sequence=51028 type=4 flags=0x07 encoded_bytes=84 allocated_us=368980296 enqueue_us=368980328 write_start_us=368981039 write_end_us=368981957
TX_HISTORY sequence=51029 type=2 flags=0x07 encoded_bytes=84 allocated_us=368980394 enqueue_us=368980424 write_start_us=368981966 write_end_us=368982849
TX_HISTORY sequence=51030 type=2 flags=0x07 encoded_bytes=84 allocated_us=368980450 enqueue_us=368980491 write_start_us=368982858 write_end_us=368983771
TX_HISTORY sequence=51031 type=7 flags=0x07 encoded_bytes=88 allocated_us=368982496 enqueue_us=368982538 write_start_us=368983782 write_end_us=368984736
TX_HISTORY sequence=51032 type=32 flags=0x07 encoded_bytes=40 allocated_us=368992600 enqueue_us=368992635 write_start_us=368992652 write_end_us=368992675
TX_HISTORY sequence=51033 type=3 flags=0x07 encoded_bytes=84 allocated_us=368998955 enqueue_us=368999012 write_start_us=368999631 write_end_us=368999677
TX_HISTORY sequence=51034 type=4 flags=0x07 encoded_bytes=84 allocated_us=368999076 enqueue_us=368999108 write_start_us=368999701 write_end_us=369000117
TX_HISTORY sequence=51035 type=2 flags=0x07 encoded_bytes=84 allocated_us=368999170 enqueue_us=368999201 write_start_us=369000126 write_end_us=369001012
TX_HISTORY sequence=51036 type=3 flags=0x07 encoded_bytes=84 allocated_us=368999470 enqueue_us=368999499 write_start_us=369001022 write_end_us=369001930
TX_HISTORY sequence=51037 type=4 flags=0x07 encoded_bytes=84 allocated_us=368999513 enqueue_us=368999543 write_start_us=369001939 write_end_us=369002842
TX_HISTORY sequence=51038 type=2 flags=0x07 encoded_bytes=84 allocated_us=368999565 enqueue_us=369003764 write_start_us=369002851 write_end_us=369003749
TX_HISTORY sequence=51039 type=3 flags=0x07 encoded_bytes=84 allocated_us=369004117 enqueue_us=369004163 write_start_us=369004606 write_end_us=369004684
TX_HISTORY sequence=51040 type=4 flags=0x07 encoded_bytes=84 allocated_us=369004207 enqueue_us=369004238 write_start_us=369004694 write_end_us=369005567
TX_HISTORY sequence=51041 type=56 flags=0x07 encoded_bytes=184 allocated_us=369004293 enqueue_us=369004359 write_start_us=369005584 write_end_us=369007584
TX_HISTORY sequence=51042 type=24 flags=0x07 encoded_bytes=92 allocated_us=369004375 enqueue_us=369004408 write_start_us=369007596 write_end_us=369008570
TX_HISTORY sequence=51043 type=5 flags=0x07 encoded_bytes=224 allocated_us=369006111 enqueue_us=369006203 write_start_us=369008586 write_end_us=369010990
TX_HISTORY sequence=51044 type=7 flags=0x07 encoded_bytes=88 allocated_us=369016364 enqueue_us=369016418 write_start_us=369016601 write_end_us=369016642
TX_HISTORY sequence=51045 type=20 flags=0x07 encoded_bytes=84 allocated_us=369025079 enqueue_us=369025130 write_start_us=369025634 write_end_us=369025672
TX_HISTORY sequence=51046 type=2 flags=0x07 encoded_bytes=84 allocated_us=369025184 enqueue_us=369025216 write_start_us=369025698 write_end_us=369026114
TX_HISTORY sequence=51047 type=3 flags=0x07 encoded_bytes=84 allocated_us=369025570 enqueue_us=369027030 write_start_us=369026123 write_end_us=369027014
TX_HISTORY sequence=51048 type=4 flags=0x07 encoded_bytes=84 allocated_us=369027064 enqueue_us=369027104 write_start_us=369027601 write_end_us=369027929
TX_HISTORY sequence=51049 type=2 flags=0x07 encoded_bytes=84 allocated_us=369027145 enqueue_us=369027175 write_start_us=369027939 write_end_us=369028824
TX_HISTORY sequence=51050 type=2 flags=0x07 encoded_bytes=84 allocated_us=369027202 enqueue_us=369027233 write_start_us=369028833 write_end_us=369029743
TX_HISTORY sequence=51051 type=3 flags=0x07 encoded_bytes=84 allocated_us=369027332 enqueue_us=369027364 write_start_us=369029752 write_end_us=369030655
TX_HISTORY sequence=51052 type=4 flags=0x07 encoded_bytes=84 allocated_us=369027414 enqueue_us=369027448 write_start_us=369030665 write_end_us=369031561
TX_HISTORY sequence=51053 type=2 flags=0x07 encoded_bytes=84 allocated_us=369027481 enqueue_us=369027511 write_start_us=369031571 write_end_us=369032476
TX_HISTORY sequence=51054 type=3 flags=0x07 encoded_bytes=84 allocated_us=369035948 enqueue_us=369035998 write_start_us=369036609 write_end_us=369036640
TX_HISTORY sequence=51055 type=22 flags=0x07 encoded_bytes=148 allocated_us=369036050 enqueue_us=369036103 write_start_us=369036660 write_end_us=369037759
TX_HISTORY sequence=51056 type=5 flags=0x07 encoded_bytes=224 allocated_us=369038121 enqueue_us=369038206 write_start_us=369038596 write_end_us=369040202
TX_HISTORY sequence=51057 type=7 flags=0x07 encoded_bytes=88 allocated_us=369048320 enqueue_us=369048375 write_start_us=369048599 write_end_us=369048639
TX_HISTORY sequence=51058 type=16 flags=0x07 encoded_bytes=96 allocated_us=369052519 enqueue_us=369052580 write_start_us=369052705 write_end_us=369052742
TX_HISTORY sequence=51059 type=4 flags=0x07 encoded_bytes=84 allocated_us=369059368 enqueue_us=369059421 write_start_us=369059606 write_end_us=369059647
TX_HISTORY sequence=51060 type=2 flags=0x07 encoded_bytes=84 allocated_us=369059535 enqueue_us=369059567 write_start_us=369059674 write_end_us=369060078
TX_HISTORY sequence=51061 type=3 flags=0x07 encoded_bytes=84 allocated_us=369060387 enqueue_us=369060426 write_start_us=369060621 write_end_us=369060981
TX_HISTORY sequence=51062 type=4 flags=0x07 encoded_bytes=84 allocated_us=369060527 enqueue_us=369060560 write_start_us=369060990 write_end_us=369061897
TX_HISTORY sequence=51063 type=20 flags=0x07 encoded_bytes=84 allocated_us=369061936 enqueue_us=369061976 write_start_us=369062816 write_end_us=369062849
TX_HISTORY sequence=51064 type=2 flags=0x07 encoded_bytes=84 allocated_us=369062038 enqueue_us=369062070 write_start_us=369062867 write_end_us=369063716
TX_HISTORY sequence=51065 type=3 flags=0x07 encoded_bytes=84 allocated_us=369062332 enqueue_us=369062368 write_start_us=369063725 write_end_us=369064628
TX_HISTORY sequence=51066 type=4 flags=0x07 encoded_bytes=84 allocated_us=369062385 enqueue_us=369062426 write_start_us=369064638 write_end_us=369065535
TX_HISTORY sequence=51067 type=2 flags=0x07 encoded_bytes=84 allocated_us=369062459 enqueue_us=369062489 write_start_us=369065544 write_end_us=369066453
TX_HISTORY sequence=51068 type=2 flags=0x07 encoded_bytes=84 allocated_us=369062512 enqueue_us=369062543 write_start_us=369066463 write_end_us=369067372
TX_HISTORY sequence=51069 type=3 flags=0x07 encoded_bytes=84 allocated_us=369067394 enqueue_us=369067432 write_start_us=369067607 write_end_us=369068284
TX_HISTORY sequence=51070 type=4 flags=0x07 encoded_bytes=84 allocated_us=369067495 enqueue_us=369067525 write_start_us=369068294 write_end_us=369069180
TX_HISTORY sequence=51071 type=56 flags=0x07 encoded_bytes=184 allocated_us=369069199 enqueue_us=369069271 write_start_us=369069593 write_end_us=369071199
TX_HISTORY sequence=51072 type=24 flags=0x07 encoded_bytes=92 allocated_us=369069288 enqueue_us=369069322 write_start_us=369071216 write_end_us=369072188
TX_HISTORY sequence=51073 type=5 flags=0x07 encoded_bytes=224 allocated_us=369071095 enqueue_us=369071176 write_start_us=369072199 write_end_us=369074611
TX_HISTORY sequence=51074 type=7 flags=0x07 encoded_bytes=88 allocated_us=369081260 enqueue_us=369081314 write_start_us=369081600 write_end_us=369081637
TX_HISTORY sequence=51075 type=2 flags=0x07 encoded_bytes=84 allocated_us=369088665 enqueue_us=369088716 write_start_us=369089614 write_end_us=369089663
TX_HISTORY sequence=51076 type=3 flags=0x07 encoded_bytes=84 allocated_us=369089035 enqueue_us=369089067 write_start_us=369089689 write_end_us=369090099
TX_HISTORY sequence=51077 type=4 flags=0x07 encoded_bytes=84 allocated_us=369089085 enqueue_us=369089121 write_start_us=369090123 write_end_us=369090999
TX_HISTORY sequence=51078 type=2 flags=0x07 encoded_bytes=84 allocated_us=369089154 enqueue_us=369089194 write_start_us=369091008 write_end_us=369091915
TX_HISTORY sequence=51079 type=3 flags=0x07 encoded_bytes=84 allocated_us=369089345 enqueue_us=369089383 write_start_us=369091924 write_end_us=369092830
TX_HISTORY sequence=51080 type=4 flags=0x07 encoded_bytes=84 allocated_us=369089443 enqueue_us=369089473 write_start_us=369092839 write_end_us=369093750
TX_HISTORY sequence=51081 type=20 flags=0x07 encoded_bytes=84 allocated_us=369089541 enqueue_us=369094664 write_start_us=369093760 write_end_us=369094648
TX_HISTORY sequence=51082 type=2 flags=0x07 encoded_bytes=84 allocated_us=369094775 enqueue_us=369094823 write_start_us=369095639 write_end_us=369095677
TX_HISTORY sequence=51083 type=3 flags=0x07 encoded_bytes=84 allocated_us=369095153 enqueue_us=369095185 write_start_us=369095696 write_end_us=369096465
TX_HISTORY sequence=51084 type=32 flags=0x07 encoded_bytes=40 allocated_us=369095598 enqueue_us=369095616 write_start_us=369096474 write_end_us=369096905
TX_HISTORY sequence=51085 type=5 flags=0x07 encoded_bytes=224 allocated_us=369104051 enqueue_us=369104155 write_start_us=369104597 write_end_us=369105667
TX_HISTORY sequence=51086 type=4 flags=0x07 encoded_bytes=84 allocated_us=369112539 enqueue_us=369112683 write_start_us=369112622 write_end_us=369112657
TX_HISTORY sequence=51087 type=2 flags=0x07 encoded_bytes=84 allocated_us=369112794 enqueue_us=369112826 write_start_us=369113748 write_end_us=369113790
TX_HISTORY sequence=51088 type=2 flags=0x07 encoded_bytes=84 allocated_us=369112850 enqueue_us=369112881 write_start_us=369113806 write_end_us=369114228
TX_HISTORY sequence=51089 type=3 flags=0x07 encoded_bytes=84 allocated_us=369113192 enqueue_us=369113227 write_start_us=369114237 write_end_us=369115153
TX_HISTORY sequence=51090 type=4 flags=0x07 encoded_bytes=84 allocated_us=369113342 enqueue_us=369113383 write_start_us=369115169 write_end_us=369116034
TX_HISTORY sequence=51091 type=2 flags=0x07 encoded_bytes=84 allocated_us=369113417 enqueue_us=369113450 write_start_us=369116046 write_end_us=369116960
TX_HISTORY sequence=51092 type=7 flags=0x07 encoded_bytes=88 allocated_us=369114422 enqueue_us=369114460 write_start_us=369116969 write_end_us=369117916
TX_HISTORY sequence=51093 type=3 flags=0x07 encoded_bytes=84 allocated_us=369117956 enqueue_us=369117996 write_start_us=369118607 write_end_us=369118822
TX_HISTORY sequence=51094 type=4 flags=0x07 encoded_bytes=84 allocated_us=369118045 enqueue_us=369118083 write_start_us=369118831 write_end_us=369119724
TX_HISTORY sequence=51095 type=2 flags=0x07 encoded_bytes=84 allocated_us=369118166 enqueue_us=369118196 write_start_us=369119735 write_end_us=369120635
TX_HISTORY sequence=51096 type=56 flags=0x07 encoded_bytes=184 allocated_us=369118259 enqueue_us=369118324 write_start_us=369120644 write_end_us=369122635
TX_HISTORY sequence=51097 type=3 flags=0x07 encoded_bytes=84 allocated_us=369132848 enqueue_us=369132904 write_start_us=369133632 write_end_us=369133678
TX_HISTORY sequence=51098 type=4 flags=0x07 encoded_bytes=84 allocated_us=369132969 enqueue_us=369132999 write_start_us=369133705 write_end_us=369134113
TX_HISTORY sequence=51099 type=20 flags=0x07 encoded_bytes=84 allocated_us=369133050 enqueue_us=369133081 write_start_us=369134123 write_end_us=369135006
TX_HISTORY sequence=51100 type=2 flags=0x07 encoded_bytes=84 allocated_us=369133131 enqueue_us=369133169 write_start_us=369135016 write_end_us=369135927
TX_HISTORY sequence=51101 type=2 flags=0x07 encoded_bytes=84 allocated_us=369133210 enqueue_us=369133246 write_start_us=369135936 write_end_us=369136837
TX_HISTORY sequence=51102 type=3 flags=0x07 encoded_bytes=84 allocated_us=369133499 enqueue_us=369133533 write_start_us=369136847 write_end_us=369137740
TX_HISTORY sequence=51103 type=5 flags=0x07 encoded_bytes=224 allocated_us=369137045 enqueue_us=369137141 write_start_us=369137750 write_end_us=369140186
TX_HISTORY sequence=51104 type=58 flags=0x07 encoded_bytes=72 allocated_us=369140212 enqueue_us=369140254 write_start_us=369140595 write_end_us=369140962
TX_HISTORY sequence=51105 type=24 flags=0x07 encoded_bytes=92 allocated_us=369140269 enqueue_us=369140302 write_start_us=369140971 write_end_us=369141955
TX_HISTORY sequence=51106 type=7 flags=0x07 encoded_bytes=88 allocated_us=369147350 enqueue_us=369147400 write_start_us=369147599 write_end_us=369147635
TX_HISTORY sequence=51107 type=4 flags=0x07 encoded_bytes=84 allocated_us=369155789 enqueue_us=369155840 write_start_us=369156619 write_end_us=369156669
TX_HISTORY sequence=51108 type=2 flags=0x07 encoded_bytes=84 allocated_us=369155953 enqueue_us=369155985 write_start_us=369156699 write_end_us=369157087
TX_HISTORY sequence=51109 type=3 flags=0x07 encoded_bytes=84 allocated_us=369156305 enqueue_us=369156355 write_start_us=369157096 write_end_us=369158001
TX_HISTORY sequence=51110 type=4 flags=0x07 encoded_bytes=84 allocated_us=369156479 enqueue_us=369156527 write_start_us=369158010 write_end_us=369158919
TX_HISTORY sequence=51111 type=2 flags=0x07 encoded_bytes=84 allocated_us=369158963 enqueue_us=369159008 write_start_us=369159623 write_end_us=369159830
TX_HISTORY sequence=51112 type=3 flags=0x07 encoded_bytes=84 allocated_us=369159387 enqueue_us=369159422 write_start_us=369159839 write_end_us=369160731
TX_HISTORY sequence=51113 type=4 flags=0x07 encoded_bytes=84 allocated_us=369159447 enqueue_us=369159477 write_start_us=369160742 write_end_us=369161639
TX_HISTORY sequence=51114 type=2 flags=0x07 encoded_bytes=84 allocated_us=369159515 enqueue_us=369159546 write_start_us=369161648 write_end_us=369162552
TX_HISTORY sequence=51115 type=22 flags=0x07 encoded_bytes=148 allocated_us=369162570 enqueue_us=369164175 write_start_us=369162647 write_end_us=369164161
TX_HISTORY sequence=51116 type=5 flags=0x07 encoded_bytes=224 allocated_us=369170251 enqueue_us=369170344 write_start_us=369170602 write_end_us=369171700
TX_HISTORY sequence=51117 type=16 flags=0x07 encoded_bytes=96 allocated_us=369174105 enqueue_us=369174149 write_start_us=369174649 write_end_us=369174677
TX_HISTORY sequence=51118 type=7 flags=0x07 encoded_bytes=88 allocated_us=369180279 enqueue_us=369180337 write_start_us=369180600 write_end_us=369180638
TX_HISTORY sequence=51119 type=3 flags=0x07 encoded_bytes=84 allocated_us=369181532 enqueue_us=369181696 write_start_us=369181626 write_end_us=369181670
TX_HISTORY sequence=51120 type=4 flags=0x07 encoded_bytes=84 allocated_us=369181799 enqueue_us=369181831 write_start_us=369182756 write_end_us=369182781
TX_HISTORY sequence=51121 type=20 flags=0x07 encoded_bytes=84 allocated_us=369181893 enqueue_us=369181925 write_start_us=369182795 write_end_us=369183235
TX_HISTORY sequence=51122 type=2 flags=0x07 encoded_bytes=84 allocated_us=369181969 enqueue_us=369181999 write_start_us=369183252 write_end_us=369184120
TX_HISTORY sequence=51123 type=2 flags=0x07 encoded_bytes=84 allocated_us=369182021 enqueue_us=369182052 write_start_us=369184129 write_end_us=369185039
TX_HISTORY sequence=51124 type=3 flags=0x07 encoded_bytes=84 allocated_us=369182325 enqueue_us=369182366 write_start_us=369185048 write_end_us=369185944
TX_HISTORY sequence=51125 type=4 flags=0x07 encoded_bytes=84 allocated_us=369182377 enqueue_us=369182407 write_start_us=369185953 write_end_us=369186860
TX_HISTORY sequence=51126 type=2 flags=0x07 encoded_bytes=84 allocated_us=369182428 enqueue_us=369182458 write_start_us=369186869 write_end_us=369187771
TX_HISTORY sequence=51127 type=3 flags=0x07 encoded_bytes=84 allocated_us=369187803 enqueue_us=369187848 write_start_us=369188601 write_end_us=369188685
TX_HISTORY sequence=51128 type=4 flags=0x07 encoded_bytes=84 allocated_us=369187933 enqueue_us=369187969 write_start_us=369188695 write_end_us=369189602
TX_HISTORY sequence=51129 type=56 flags=0x07 encoded_bytes=184 allocated_us=369188030 enqueue_us=369188101 write_start_us=369189611 write_end_us=369191582
TX_HISTORY sequence=51130 type=32 flags=0x07 encoded_bytes=40 allocated_us=369195600 enqueue_us=369195638 write_start_us=369195657 write_end_us=369195681
TX_HISTORY sequence=51131 type=2 flags=0x07 encoded_bytes=84 allocated_us=369198950 enqueue_us=369198985 write_start_us=369199611 write_end_us=369199650
TX_HISTORY sequence=51132 type=3 flags=0x07 encoded_bytes=84 allocated_us=369199302 enqueue_us=369199340 write_start_us=369199674 write_end_us=369200095
TX_HISTORY sequence=51133 type=4 flags=0x07 encoded_bytes=84 allocated_us=369199363 enqueue_us=369199396 write_start_us=369200104 write_end_us=369200988
TX_HISTORY sequence=51134 type=2 flags=0x07 encoded_bytes=84 allocated_us=369199420 enqueue_us=369199450 write_start_us=369200997 write_end_us=369201900
TX_HISTORY sequence=51135 type=24 flags=0x07 encoded_bytes=92 allocated_us=369199478 enqueue_us=369199511 write_start_us=369201909 write_end_us=369202907
TX_HISTORY sequence=51136 type=5 flags=0x07 encoded_bytes=224 allocated_us=369203096 enqueue_us=369203193 write_start_us=369203600 write_end_us=369205343
TX_HISTORY sequence=51137 type=7 flags=0x07 encoded_bytes=88 allocated_us=369213330 enqueue_us=369213386 write_start_us=369213599 write_end_us=369213632
TX_HISTORY sequence=51138 type=3 flags=0x07 encoded_bytes=84 allocated_us=369221623 enqueue_us=369221676 write_start_us=369222780 write_end_us=369222827
TX_HISTORY sequence=51139 type=4 flags=0x07 encoded_bytes=84 allocated_us=369221742 enqueue_us=369221773 write_start_us=369222857 write_end_us=369223245
TX_HISTORY sequence=51140 type=20 flags=0x07 encoded_bytes=84 allocated_us=369221818 enqueue_us=369221849 write_start_us=369223255 write_end_us=369224161
TX_HISTORY sequence=51141 type=2 flags=0x07 encoded_bytes=84 allocated_us=369221887 enqueue_us=369221917 write_start_us=369224170 write_end_us=369225082
TX_HISTORY sequence=51142 type=2 flags=0x07 encoded_bytes=84 allocated_us=369221941 enqueue_us=369221971 write_start_us=369225091 write_end_us=369225980
TX_HISTORY sequence=51143 type=3 flags=0x07 encoded_bytes=84 allocated_us=369222232 enqueue_us=369222272 write_start_us=369225989 write_end_us=369226896
TX_HISTORY sequence=51144 type=4 flags=0x07 encoded_bytes=84 allocated_us=369222299 enqueue_us=369222330 write_start_us=369226905 write_end_us=369227810
TX_HISTORY sequence=51145 type=2 flags=0x07 encoded_bytes=84 allocated_us=369222377 enqueue_us=369222408 write_start_us=369227819 write_end_us=369228723
TX_HISTORY sequence=51146 type=3 flags=0x07 encoded_bytes=84 allocated_us=369228758 enqueue_us=369228804 write_start_us=369229597 write_end_us=369229642
TX_HISTORY sequence=51147 type=4 flags=0x07 encoded_bytes=84 allocated_us=369228878 enqueue_us=369228910 write_start_us=369229652 write_end_us=369230549
TX_HISTORY sequence=51148 type=2 flags=0x07 encoded_bytes=84 allocated_us=369234319 enqueue_us=369234363 write_start_us=369234604 write_end_us=369234628
TX_HISTORY sequence=51149 type=5 flags=0x07 encoded_bytes=224 allocated_us=369236141 enqueue_us=369236228 write_start_us=369236600 write_end_us=369237656
TX_HISTORY sequence=51150 type=3 flags=0x07 encoded_bytes=84 allocated_us=369245463 enqueue_us=369245522 write_start_us=369245605 write_end_us=369245650
TX_HISTORY sequence=51151 type=4 flags=0x07 encoded_bytes=84 allocated_us=369245549 enqueue_us=369246088 write_start_us=369245677 write_end_us=369246074
TX_HISTORY sequence=51152 type=2 flags=0x07 encoded_bytes=84 allocated_us=369246152 enqueue_us=369246184 write_start_us=369246603 write_end_us=369246979
TX_HISTORY sequence=51153 type=2 flags=0x07 encoded_bytes=84 allocated_us=369246212 enqueue_us=369246243 write_start_us=369246988 write_end_us=369247894
TX_HISTORY sequence=51154 type=7 flags=0x07 encoded_bytes=88 allocated_us=369246391 enqueue_us=369246434 write_start_us=369247903 write_end_us=369248852
TX_HISTORY sequence=51155 type=3 flags=0x07 encoded_bytes=84 allocated_us=369248880 enqueue_us=369248927 write_start_us=369249604 write_end_us=369249764
TX_HISTORY sequence=51156 type=4 flags=0x07 encoded_bytes=84 allocated_us=369249028 enqueue_us=369249061 write_start_us=369249773 write_end_us=369250680
TX_HISTORY sequence=51157 type=20 flags=0x07 encoded_bytes=84 allocated_us=369249168 enqueue_us=369249212 write_start_us=369250690 write_end_us=369251593
TX_HISTORY sequence=51158 type=56 flags=0x07 encoded_bytes=184 allocated_us=369249281 enqueue_us=369249349 write_start_us=369251602 write_end_us=369253572
TX_HISTORY sequence=51159 type=24 flags=0x07 encoded_bytes=92 allocated_us=369249365 enqueue_us=369249397 write_start_us=369253587 write_end_us=369254587
TX_HISTORY sequence=51160 type=2 flags=0x07 encoded_bytes=84 allocated_us=369265791 enqueue_us=369265846 write_start_us=369266704 write_end_us=369266753
TX_HISTORY sequence=51161 type=3 flags=0x07 encoded_bytes=84 allocated_us=369266274 enqueue_us=369266307 write_start_us=369266790 write_end_us=369267172
TX_HISTORY sequence=51162 type=4 flags=0x07 encoded_bytes=84 allocated_us=369266333 enqueue_us=369266365 write_start_us=369267182 write_end_us=369268087
TX_HISTORY sequence=51163 type=2 flags=0x07 encoded_bytes=84 allocated_us=369266399 enqueue_us=369266429 write_start_us=369268096 write_end_us=369268996
TX_HISTORY sequence=51164 type=3 flags=0x07 encoded_bytes=84 allocated_us=369269037 enqueue_us=369269085 write_start_us=369269605 write_end_us=369269918
TX_HISTORY sequence=51165 type=5 flags=0x07 encoded_bytes=224 allocated_us=369269084 enqueue_us=369269190 write_start_us=369269929 write_end_us=369272377
TX_HISTORY sequence=51166 type=4 flags=0x07 encoded_bytes=84 allocated_us=369269183 enqueue_us=369269220 write_start_us=369272394 write_end_us=369273286
TX_HISTORY sequence=51167 type=2 flags=0x07 encoded_bytes=84 allocated_us=369269305 enqueue_us=369269340 write_start_us=369273303 write_end_us=369274172
TX_HISTORY sequence=51168 type=22 flags=0x07 encoded_bytes=148 allocated_us=369269365 enqueue_us=369269417 write_start_us=369274189 write_end_us=369275791
TX_HISTORY sequence=51169 type=16 flags=0x07 encoded_bytes=96 allocated_us=369278199 enqueue_us=369278252 write_start_us=369278688 write_end_us=369278721
TX_HISTORY sequence=51170 type=7 flags=0x07 encoded_bytes=88 allocated_us=369281649 enqueue_us=369281698 write_start_us=369282601 write_end_us=369282638
TX_HISTORY sequence=51171 type=3 flags=0x07 encoded_bytes=84 allocated_us=369292443 enqueue_us=369292525 write_start_us=369292626 write_end_us=369292665
TX_HISTORY sequence=51172 type=4 flags=0x07 encoded_bytes=84 allocated_us=369292560 enqueue_us=369293116 write_start_us=369292690 write_end_us=369293101
TX_HISTORY sequence=51173 type=2 flags=0x07 encoded_bytes=84 allocated_us=369293194 enqueue_us=369293224 write_start_us=369293603 write_end_us=369293996
TX_HISTORY sequence=51174 type=2 flags=0x07 encoded_bytes=84 allocated_us=369293249 enqueue_us=369293279 write_start_us=369294006 write_end_us=369294912
TX_HISTORY sequence=51175 type=3 flags=0x07 encoded_bytes=84 allocated_us=369293547 enqueue_us=369295849 write_start_us=369294921 write_end_us=369295835
TX_HISTORY sequence=51176 type=4 flags=0x07 encoded_bytes=84 allocated_us=369295933 enqueue_us=369295966 write_start_us=369296654 write_end_us=369296742
TX_HISTORY sequence=51177 type=20 flags=0x07 encoded_bytes=84 allocated_us=369296013 enqueue_us=369296045 write_start_us=369296752 write_end_us=369297660
TX_HISTORY sequence=51178 type=2 flags=0x07 encoded_bytes=84 allocated_us=369296070 enqueue_us=369296101 write_start_us=369297670 write_end_us=369298567
TX_HISTORY sequence=51179 type=3 flags=0x07 encoded_bytes=84 allocated_us=369296399 enqueue_us=369296443 write_start_us=369298582 write_end_us=369299478
TX_HISTORY sequence=51180 type=4 flags=0x07 encoded_bytes=84 allocated_us=369296460 enqueue_us=369296490 write_start_us=369299487 write_end_us=369300391
TX_HISTORY sequence=51181 type=32 flags=0x07 encoded_bytes=40 allocated_us=369296595 enqueue_us=369296616 write_start_us=369300400 write_end_us=369300822
TX_HISTORY sequence=51182 type=5 flags=0x07 encoded_bytes=224 allocated_us=369302104 enqueue_us=369302191 write_start_us=369302594 write_end_us=369303657
TX_HISTORY sequence=51183 type=2 flags=0x07 encoded_bytes=84 allocated_us=369308409 enqueue_us=369308460 write_start_us=369308800 write_end_us=369308837
TX_HISTORY sequence=51184 type=3 flags=0x07 encoded_bytes=84 allocated_us=369308869 enqueue_us=369308903 write_start_us=369309598 write_end_us=369309634
TX_HISTORY sequence=51185 type=4 flags=0x07 encoded_bytes=84 allocated_us=369309001 enqueue_us=369309036 write_start_us=369309651 write_end_us=369310202
TX_HISTORY sequence=51186 type=2 flags=0x07 encoded_bytes=84 allocated_us=369309069 enqueue_us=369309105 write_start_us=369310219 write_end_us=369311132
TX_HISTORY sequence=51187 type=56 flags=0x07 encoded_bytes=184 allocated_us=369309200 enqueue_us=369309294 write_start_us=369311149 write_end_us=369313096
TX_HISTORY sequence=51188 type=24 flags=0x07 encoded_bytes=92 allocated_us=369309318 enqueue_us=369309354 write_start_us=369313121 write_end_us=369314077
TX_HISTORY sequence=51189 type=7 flags=0x07 encoded_bytes=88 allocated_us=369315422 enqueue_us=369315476 write_start_us=369315598 write_end_us=369315624
TX_HISTORY sequence=51190 type=3 flags=0x07 encoded_bytes=84 allocated_us=369324983 enqueue_us=369325035 write_start_us=369325613 write_end_us=369325662
TX_HISTORY sequence=51191 type=4 flags=0x07 encoded_bytes=84 allocated_us=369325066 enqueue_us=369325097 write_start_us=369325689 write_end_us=369326099
TX_HISTORY sequence=51192 type=2 flags=0x07 encoded_bytes=84 allocated_us=369325150 enqueue_us=369325180 write_start_us=369326108 write_end_us=369326992
TX_HISTORY sequence=51193 type=2 flags=0x07 encoded_bytes=84 allocated_us=369325203 enqueue_us=369325233 write_start_us=369327001 write_end_us=369327903
TX_HISTORY sequence=51194 type=3 flags=0x07 encoded_bytes=84 allocated_us=369325479 enqueue_us=369325522 write_start_us=369327912 write_end_us=369328828
TX_HISTORY sequence=51195 type=4 flags=0x07 encoded_bytes=84 allocated_us=369328876 enqueue_us=369328912 write_start_us=369329601 write_end_us=369329723
TX_HISTORY sequence=51196 type=20 flags=0x07 encoded_bytes=84 allocated_us=369328974 enqueue_us=369329007 write_start_us=369329732 write_end_us=369330637
TX_HISTORY sequence=51197 type=5 flags=0x07 encoded_bytes=224 allocated_us=369335081 enqueue_us=369335196 write_start_us=369335604 write_end_us=369336668
TX_HISTORY sequence=51198 type=2 flags=0x07 encoded_bytes=84 allocated_us=369343891 enqueue_us=369343944 write_start_us=369344772 write_end_us=369344822
TX_HISTORY sequence=51199 type=3 flags=0x07 encoded_bytes=84 allocated_us=369344347 enqueue_us=369344384 write_start_us=369344848 write_end_us=369345245
DIAG state=FAULT dry=1 bno_ready=1 addr=0x4A init/reinit/poll=0/0/758 event A/G/M=1420/1123/281 age_rx_us=4510/7888/16614
IMU cand/pair/call/ok=36892/36892/36892/36773 reject=119 dup/order/stale/dt/nonfinite/norm/queue=0/0/0/119/0/0/0 last_ok_age_us=7888 dt_us=14814 align_samples=200 align_elapsed_us=2004079
HEALTH state=2 health=1 reason=mount_unvalidated mount=0 imu_age_us=7888 imu_gaps=0 reversals=0 covariance=1 finite=1 gnss_age_us=344191313 tof_age_us=4294967295 obs=1
BNO_TS ACCEL events=1420 unique=179 exact=1 overflow=0 dup=16 reverse=663 rollover=0 sensor_dt_us=-27000/0.35/8600 rx_dt_us=8/7907.94/40197 pair_first=4294964996/361472933 pair_last=4294965496/372694296
BNO_TS GYRO events=1123 unique=150 exact=1 overflow=0 dup=13 reverse=490 rollover=0 sensor_dt_us=-28800/4.01/10500 rx_dt_us=24/9993.73/48371 pair_first=4294958596/361477955 pair_last=4294963096/372690918
BNO_TS MAG events=281 unique=115 exact=1 overflow=0 dup=5 reverse=140 rollover=0 sensor_dt_us=-19200/12.14/24700 rx_dt_us=8627/39962.22/63852 pair_first=4294959296/361492769 pair_last=4294962696/372682192
BNO_VEC ACCEL_SENSOR_AND_ESKF_INPUT events=1420 nonfinite=0 xyz_mean_sd=[-0.272076,0.008024][-0.840991,0.014881][-9.798537,0.022682] xyz_minmax=[-0.312500,-0.238281][-0.882812,-0.808594][-9.855469,-9.734375] norm_mean_sd_minmax=9.838338/0.022687/9.775037/9.895633
BNO_VEC GYRO_SENSOR_AND_ESKF_INPUT events=1123 nonfinite=0 xyz_mean_sd=[0.000000,0.000000][0.000000,0.000000][0.000000,0.000000] xyz_minmax=[0.000000,0.000000][0.000000,0.000000][0.000000,0.000000] norm_mean_sd_minmax=0.000000/0.000000/0.000000/0.000000
BNO_VEC MAG_SENSOR events=281 nonfinite=0 xyz_mean_sd=[6.991770,0.530725][-22.062500,0.742905][21.374778,1.229384] xyz_minmax=[5.625000,8.250000][-23.875000,-19.937500][18.375000,24.875000] norm_mean_sd_minmax=31.525100/1.016324/28.177868/33.839809
LINK queue/drop/high=1/0/10 tof=11161
TXDIAG frames_s=237 bytes_s=23998 total_frames=4883 total_bytes=476116 queue=0 high=10 drops=0 bno_drop=0 partial=0 zero=0 write_calls=141952 max_write_us=0 free_heap=166668 min_free_heap=166668 usage_pct=26.04
BNO_TX kind=1 event=1264 req=1264 enq=1264 drop=0 done=1264 bytes=106176
BNO_REPORT kind=1 report_id=1 interval_us=10000 requested_hz=100.000 enable_ok=2 enable_fail=0 callback=1419 switch=1420 kind_convert=1420 events=1420 tx_req=1264 tx_enq=1264 tx_done=1264 tx_drop=0 event_drop=0 reset_reconfig=1 effective_hz=126.455
BNO_TX kind=2 event=1001 req=1001 enq=1001 drop=0 done=1001 bytes=84084
BNO_REPORT kind=2 report_id=2 interval_us=10000 requested_hz=100.000 enable_ok=2 enable_fail=0 callback=1124 switch=1123 kind_convert=1123 events=1123 tx_req=1001 tx_enq=1001 tx_done=1001 tx_drop=0 event_drop=0 reset_reconfig=1 effective_hz=100.063
BNO_TX kind=3 event=500 req=500 enq=500 drop=0 done=500 bytes=42000
BNO_REPORT kind=3 report_id=8 interval_us=20000 requested_hz=50.000 enable_ok=2 enable_fail=0 callback=562 switch=561 kind_convert=561 events=561 tx_req=500 tx_enq=500 tx_done=500 tx_drop=0 event_drop=0 reset_reconfig=1 effective_hz=50.001
BNO_TX kind=4 event=250 req=250 enq=250 drop=0 done=250 bytes=21000
BNO_REPORT kind=4 report_id=3 interval_us=50000 requested_hz=20.000 enable_ok=2 enable_fail=0 callback=281 switch=281 kind_convert=281 events=281 tx_req=250 tx_enq=250 tx_done=250 tx_drop=0 event_drop=0 reset_reconfig=1 effective_hz=25.024
BNO_TX kind=5 event=500 req=500 enq=500 drop=0 done=500 bytes=42000
BNO_REPORT kind=5 report_id=4 interval_us=20000 requested_hz=50.000 enable_ok=2 enable_fail=0 callback=562 switch=562 kind_convert=562 events=562 tx_req=500 tx_enq=500 tx_done=500 tx_drop=0 event_drop=0 reset_reconfig=1 effective_hz=50.031
DIAG state=FAULT dry=1 bno_ready=1 addr=0x4A init/reinit/poll=0/0/928 event A/G/M=1546/1224/306 age_rx_us=4694/363/17395
IMU cand/pair/call/ok=36993/36993/36993/36874 reject=119 dup/order/stale/dt/nonfinite/norm/queue=0/0/0/119/0/0/0 last_ok_age_us=363 dt_us=10524 align_samples=200 align_elapsed_us=2004079
HEALTH state=2 health=1 reason=mount_unvalidated mount=0 imu_age_us=363 imu_gaps=0 reversals=0 covariance=1 finite=1 gnss_age_us=343388225 tof_age_us=4294967295 obs=1
BNO_TS ACCEL events=1546 unique=179 exact=1 overflow=0 dup=20 reverse=725 rollover=0 sensor_dt_us=-27000/0.26/8600 rx_dt_us=8/7909.96/40197 pair_first=4294964996/361472933 pair_last=4294965396/373693822
BNO_TS GYRO events=1224 unique=150 exact=1 overflow=0 dup=22 reverse=529 rollover=0 sensor_dt_us=-28800/4.74/10500 rx_dt_us=24/9991.99/48371 pair_first=4294958596/361477955 pair_last=4294964396/373698153
BNO_TS MAG events=306 unique=117 exact=1 overflow=0 dup=8 reverse=152 rollover=0 sensor_dt_us=-19200/12.13/24700 rx_dt_us=8627/39961.81/63852 pair_first=4294959296/361492769 pair_last=4294962996/373681121
BNO_VEC ACCEL_SENSOR_AND_ESKF_INPUT events=1546 nonfinite=0 xyz_mean_sd=[-0.272119,0.007843][-0.841127,0.014804][-9.798618,0.022592] xyz_minmax=[-0.312500,-0.238281][-0.882812,-0.808594][-9.855469,-9.734375] norm_mean_sd_minmax=9.838432/0.022586/9.775037/9.895633
BNO_VEC GYRO_SENSOR_AND_ESKF_INPUT events=1224 nonfinite=0 xyz_mean_sd=[0.000000,0.000000][0.000000,0.000000][0.000000,0.000000] xyz_minmax=[0.000000,0.000000][0.000000,0.000000][0.000000,0.000000] norm_mean_sd_minmax=0.000000/0.000000/0.000000/0.000000
BNO_VEC MAG_SENSOR events=306 nonfinite=0 xyz_mean_sd=[6.990605,0.532289][-22.091912,0.753839][21.422590,1.203949] xyz_minmax=[5.625000,8.250000][-24.375000,-19.937500][18.375000,24.875000] norm_mean_sd_minmax=31.577277/1.012485/28.177868/34.131981
LINK queue/drop/high=0/0/10 tof=11191
TXDIAG frames_s=135 bytes_s=17940 total_frames=5019 total_bytes=494092 queue=0 high=10 drops=0 bno_drop=0 partial=0 zero=0 write_calls=144414 max_write_us=0 free_heap=166668 min_free_heap=166668 usage_pct=19.47
BNO_TX kind=1 event=1264 req=1264 enq=1264 drop=0 done=1264 bytes=106176
BNO_REPORT kind=1 report_id=1 interval_us=10000 requested_hz=100.000 enable_ok=2 enable_fail=0 callback=1546 switch=1547 kind_convert=1547 events=1547 tx_req=1264 tx_enq=1264 tx_done=1264 tx_drop=0 event_drop=0 reset_reconfig=1 effective_hz=126.410
BNO_TX kind=2 event=1001 req=1001 enq=1001 drop=0 done=1001 bytes=84084
BNO_REPORT kind=2 report_id=2 interval_us=10000 requested_hz=100.000 enable_ok=2 enable_fail=0 callback=1225 switch=1224 kind_convert=1224 events=1224 tx_req=1001 tx_enq=1001 tx_done=1001 tx_drop=0 event_drop=0 reset_reconfig=1 effective_hz=100.080
BNO_TX kind=3 event=500 req=500 enq=500 drop=0 done=500 bytes=42000
BNO_REPORT kind=3 report_id=8 interval_us=20000 requested_hz=50.000 enable_ok=2 enable_fail=0 callback=612 switch=612 kind_convert=612 events=612 tx_req=500 tx_enq=500 tx_done=500 tx_drop=0 event_drop=0 reset_reconfig=1 effective_hz=50.017
BNO_TX kind=4 event=250 req=250 enq=250 drop=0 done=250 bytes=21000
BNO_REPORT kind=4 report_id=3 interval_us=50000 requested_hz=20.000 enable_ok=2 enable_fail=0 callback=306 switch=306 kind_convert=306 events=306 tx_req=250 tx_enq=250 tx_done=250 tx_drop=0 event_drop=0 reset_reconfig=1 effective_hz=25.024
BNO_TX kind=5 event=500 req=500 enq=500 drop=0 done=500 bytes=42000
BNO_REPORT kind=5 report_id=4 interval_us=20000 requested_hz=50.000 enable_ok=2 enable_fail=0 callback=613 switch=613 kind_convert=613 events=613 tx_req=500 tx_enq=500 tx_done=500 tx_drop=0 event_drop=0 reset_reconfig=1 effective_hz=50.028
DIAG state=FAULT dry=1 bno_ready=1 addr=0x4A init/reinit/poll=0/0/1113 event A/G/M=1674/1324/331 age_rx_us=934/5058/22058
IMU cand/pair/call/ok=37093/37093/37093/36974 reject=119 dup/order/stale/dt/nonfinite/norm/queue=0/0/0/119/0/0/0 last_ok_age_us=5058 dt_us=14502 align_samples=200 align_elapsed_us=2004079
HEALTH state=2 health=1 reason=mount_unvalidated mount=0 imu_age_us=5058 imu_gaps=0 reversals=0 covariance=1 finite=1 gnss_age_us=343399738 tof_age_us=4294967295 obs=1
BNO_TS ACCEL events=1674 unique=179 exact=1 overflow=0 dup=24 reverse=791 rollover=0 sensor_dt_us=-27000/0.30/8600 rx_dt_us=8/7908.80/40197 pair_first=4294964996/361472933 pair_last=4294965496/374704360
BNO_TS GYRO events=1324 unique=150 exact=1 overflow=0 dup=28 reverse=573 rollover=0 sensor_dt_us=-28800/3.02/10500 rx_dt_us=24/9994.17/48371 pair_first=4294958596/361477955 pair_last=4294962596/374700236
BNO_TS MAG events=331 unique=118 exact=1 overflow=0 dup=8 reverse=163 rollover=0 sensor_dt_us=-19200/3.33/24700 rx_dt_us=8627/39971.11/63852 pair_first=4294959296/361492769 pair_last=4294960396/374683236
BNO_VEC ACCEL_SENSOR_AND_ESKF_INPUT events=1674 nonfinite=0 xyz_mean_sd=[-0.272114,0.007769][-0.841134,0.014833][-9.798581,0.022490] xyz_minmax=[-0.312500,-0.238281][-0.882812,-0.808594][-9.855469,-9.734375] norm_mean_sd_minmax=9.838395/0.022481/9.775037/9.895633
BNO_VEC GYRO_SENSOR_AND_ESKF_INPUT events=1324 nonfinite=0 xyz_mean_sd=[0.000000,0.000000][0.000000,0.000000][0.000000,0.000000] xyz_minmax=[0.000000,0.000000][0.000000,0.000000][0.000000,0.000000] norm_mean_sd_minmax=0.000000/0.000000/0.000000/0.000000
BNO_VEC MAG_SENSOR events=331 nonfinite=0 xyz_mean_sd=[6.993391,0.523220][-22.106118,0.749463][21.459970,1.182367] xyz_minmax=[5.625000,8.250000][-24.375000,-19.937500][18.375000,24.875000] norm_mean_sd_minmax=31.612263/1.008236/28.177868/34.131981
LINK queue/drop/high=1/0/10 tof=11222
TXDIAG frames_s=135 bytes_s=17910 total_frames=5155 total_bytes=512092 queue=0 high=10 drops=0 bno_drop=0 partial=0 zero=0 write_calls=146740 max_write_us=0 free_heap=166668 min_free_heap=166668 usage_pct=19.43
BNO_TX kind=1 event=1264 req=1264 enq=1264 drop=0 done=1264 bytes=106176
BNO_REPORT kind=1 report_id=1 interval_us=10000 requested_hz=100.000 enable_ok=2 enable_fail=0 callback=1673 switch=1674 kind_convert=1674 events=1674 tx_req=1264 tx_enq=1264 tx_done=1264 tx_drop=0 event_drop=0 reset_reconfig=1 effective_hz=126.441
BNO_TX kind=2 event=1001 req=1001 enq=1001 drop=0 done=1001 bytes=84084
BNO_REPORT kind=2 report_id=2 interval_us=10000 requested_hz=100.000 enable_ok=2 enable_fail=0 callback=1325 switch=1325 kind_convert=1325 events=1325 tx_req=1001 tx_enq=1001 tx_done=1001 tx_drop=0 event_drop=0 reset_reconfig=1 effective_hz=100.076
BNO_TX kind=3 event=500 req=500 enq=500 drop=0 done=500 bytes=42000
BNO_REPORT kind=3 report_id=8 interval_us=20000 requested_hz=50.000 enable_ok=2 enable_fail=0 callback=662 switch=662 kind_convert=662 events=662 tx_req=500 tx_enq=500 tx_done=500 tx_drop=0 event_drop=0 reset_reconfig=1 effective_hz=50.008
BNO_TX kind=4 event=250 req=250 enq=250 drop=0 done=250 bytes=21000
BNO_REPORT kind=4 report_id=3 interval_us=50000 requested_hz=20.000 enable_ok=2 enable_fail=0 callback=331 switch=331 kind_convert=331 events=331 tx_req=250 tx_enq=250 tx_done=250 tx_drop=0 event_drop=0 reset_reconfig=1 effective_hz=25.018
BNO_TX kind=5 event=500 req=500 enq=500 drop=0 done=500 bytes=42000
BNO_REPORT kind=5 report_id=4 interval_us=20000 requested_hz=50.000 enable_ok=2 enable_fail=0 callback=663 switch=663 kind_convert=663 events=663 tx_req=500 tx_enq=500 tx_done=500 tx_drop=0 event_drop=0 reset_reconfig=1 effective_hz=50.020
DIAG state=FAULT dry=1 bno_ready=1 addr=0x4A init/reinit/poll=0/0/1285 event A/G/M=1800/1425/356 age_rx_us=2733/201/23221
IMU cand/pair/call/ok=37193/37193/37193/37074 reject=119 dup/order/stale/dt/nonfinite/norm/queue=0/0/0/119/0/0/0 last_ok_age_us=6585 dt_us=8025 align_samples=200 align_elapsed_us=2004079
HEALTH state=2 health=1 reason=mount_unvalidated mount=0 imu_age_us=201 imu_gaps=0 reversals=0 covariance=1 finite=1 gnss_age_us=343402847 tof_age_us=4294967295 obs=1
BNO_TS ACCEL events=1800 unique=179 exact=1 overflow=0 dup=31 reverse=851 rollover=0 sensor_dt_us=-27000/-0.61/8600 rx_dt_us=8/7909.81/40197 pair_first=4294964996/361472933 pair_last=4294963896/375702675
BNO_TS GYRO events=1425 unique=150 exact=1 overflow=0 dup=38 reverse=613 rollover=0 sensor_dt_us=-28800/4.49/10500 rx_dt_us=24/9991.05/48371 pair_first=4294958596/361477955 pair_last=4294964996/375705207
BNO_TS MAG events=356 unique=119 exact=1 overflow=0 dup=8 reverse=176 rollover=0 sensor_dt_us=-19200/7.61/24700 rx_dt_us=8627/39970.19/63852 pair_first=4294959296/361492769 pair_last=4294961996/375682187
BNO_VEC ACCEL_SENSOR_AND_ESKF_INPUT events=1800 nonfinite=0 xyz_mean_sd=[-0.272109,0.007709][-0.841133,0.014865][-9.798509,0.022482] xyz_minmax=[-0.312500,-0.238281][-0.882812,-0.808594][-9.855469,-9.734375] norm_mean_sd_minmax=9.838323/0.022470/9.775037/9.895633
BNO_VEC GYRO_SENSOR_AND_ESKF_INPUT events=1425 nonfinite=0 xyz_mean_sd=[0.000000,0.000000][0.000000,0.000000][0.000000,0.000000] xyz_minmax=[0.000000,0.000000][0.000000,0.000000][0.000000,0.000000] norm_mean_sd_minmax=0.000000/0.000000/0.000000/0.000000
BNO_VEC MAG_SENSOR events=356 nonfinite=0 xyz_mean_sd=[7.000878,0.530939][-22.094628,0.754398][21.495084,1.168572] xyz_minmax=[5.625000,8.250000][-24.375000,-19.937500][18.375000,24.875000] norm_mean_sd_minmax=31.629893/0.994959/28.177868/34.131981
LINK queue/drop/high=0/0/10 tof=11252
TXDIAG frames_s=136 bytes_s=17996 total_frames=5291 total_bytes=530088 queue=0 high=10 drops=0 bno_drop=0 partial=0 zero=0 write_calls=149755 max_write_us=0 free_heap=166668 min_free_heap=166668 usage_pct=19.53
BNO_TX kind=1 event=1264 req=1264 enq=1264 drop=0 done=1264 bytes=106176
BNO_REPORT kind=1 report_id=1 interval_us=10000 requested_hz=100.000 enable_ok=2 enable_fail=0 callback=1800 switch=1801 kind_convert=1801 events=1801 tx_req=1264 tx_enq=1264 tx_done=1264 tx_drop=0 event_drop=0 reset_reconfig=1 effective_hz=126.419
BNO_TX kind=2 event=1001 req=1001 enq=1001 drop=0 done=1001 bytes=84084
BNO_REPORT kind=2 report_id=2 interval_us=10000 requested_hz=100.000 enable_ok=2 enable_fail=0 callback=1426 switch=1425 kind_convert=1425 events=1425 tx_req=1001 tx_enq=1001 tx_done=1001 tx_drop=0 event_drop=0 reset_reconfig=1 effective_hz=100.090
BNO_TX kind=3 event=500 req=500 enq=500 drop=0 done=500 bytes=42000
BNO_REPORT kind=3 report_id=8 interval_us=20000 requested_hz=50.000 enable_ok=2 enable_fail=0 callback=712 switch=712 kind_convert=712 events=712 tx_req=500 tx_enq=500 tx_done=500 tx_drop=0 event_drop=0 reset_reconfig=1 effective_hz=50.012
BNO_TX kind=4 event=250 req=250 enq=250 drop=0 done=250 bytes=21000
BNO_REPORT kind=4 report_id=3 interval_us=50000 requested_hz=20.000 enable_ok=2 enable_fail=0 callback=356 switch=356 kind_convert=356 events=356 tx_req=250 tx_enq=250 tx_done=250 tx_drop=0 event_drop=0 reset_reconfig=1 effective_hz=25.019
BNO_TX kind=5 event=500 req=500 enq=500 drop=0 done=500 bytes=42000
BNO_REPORT kind=5 report_id=4 interval_us=20000 requested_hz=50.000 enable_ok=2 enable_fail=0 callback=713 switch=713 kind_convert=713 events=713 tx_req=500 tx_enq=500 tx_done=500 tx_drop=0 event_drop=0 reset_reconfig=1 effective_hz=50.024
DIAG state=FAULT dry=1 bno_ready=1 addr=0x4A init/reinit/poll=0/0/1450 event A/G/M=1927/1525/381 age_rx_us=6754/6732/33529
IMU cand/pair/call/ok=37294/37294/37294/37175 reject=119 dup/order/stale/dt/nonfinite/norm/queue=0/0/0/119/0/0/0 last_ok_age_us=6732 dt_us=10710 align_samples=200 align_elapsed_us=2004079
HEALTH state=2 health=1 reason=mount_unvalidated mount=0 imu_age_us=6732 imu_gaps=0 reversals=0 covariance=1 finite=1 gnss_age_us=343406663 tof_age_us=4294967295 obs=1
BNO_TS ACCEL events=1927 unique=179 exact=1 overflow=0 dup=38 reverse=909 rollover=0 sensor_dt_us=-27000/-0.21/8600 rx_dt_us=8/7910.06/40197 pair_first=4294964996/361472933 pair_last=4294964596/376707704
BNO_TS GYRO events=1525 unique=150 exact=1 overflow=0 dup=46 reverse=658 rollover=0 sensor_dt_us=-28800/3.94/10500 rx_dt_us=24/9993.29/48371 pair_first=4294958596/361477955 pair_last=4294964596/376707726
BNO_TS MAG events=381 unique=120 exact=1 overflow=0 dup=8 reverse=191 rollover=0 sensor_dt_us=-19200/6.84/24700 rx_dt_us=8627/39968.84/63852 pair_first=4294959296/361492769 pair_last=4294961896/376680929
BNO_VEC ACCEL_SENSOR_AND_ESKF_INPUT events=1927 nonfinite=0 xyz_mean_sd=[-0.272106,0.007654][-0.841036,0.014930][-9.798535,0.022380] xyz_minmax=[-0.312500,-0.238281][-0.882812,-0.808594][-9.855469,-9.734375] norm_mean_sd_minmax=9.838341/0.022363/9.775037/9.895633
BNO_VEC GYRO_SENSOR_AND_ESKF_INPUT events=1525 nonfinite=0 xyz_mean_sd=[0.000000,0.000000][0.000000,0.000000][0.000000,0.000000] xyz_minmax=[0.000000,0.000000][0.000000,0.000000][0.000000,0.000000] norm_mean_sd_minmax=0.000000/0.000000/0.000000/0.000000
BNO_VEC MAG_SENSOR events=381 nonfinite=0 xyz_mean_sd=[7.003281,0.536012][-22.103346,0.742859][21.517224,1.152426] xyz_minmax=[5.625000,8.250000][-24.375000,-19.937500][18.375000,24.875000] norm_mean_sd_minmax=31.651034/0.986949/28.177868/34.131981
LINK queue/drop/high=1/0/10 tof=11283
TXDIAG frames_s=134 bytes_s=17952 total_frames=5427 total_bytes=548220 queue=0 high=10 drops=0 bno_drop=0 partial=0 zero=0 write_calls=152756 max_write_us=0 free_heap=166668 min_free_heap=166668 usage_pct=19.48
BNO_TX kind=1 event=1264 req=1264 enq=1264 drop=0 done=1264 bytes=106176
BNO_REPORT kind=1 report_id=1 interval_us=10000 requested_hz=100.000 enable_ok=2 enable_fail=0 callback=1927 switch=1928 kind_convert=1928 events=1928 tx_req=1264 tx_enq=1264 tx_done=1264 tx_drop=0 event_drop=0 reset_reconfig=1 effective_hz=126.420
BNO_TX kind=2 event=1001 req=1001 enq=1001 drop=0 done=1001 bytes=84084
BNO_REPORT kind=2 report_id=2 interval_us=10000 requested_hz=100.000 enable_ok=2 enable_fail=0 callback=1526 switch=1526 kind_convert=1526 events=1526 tx_req=1001 tx_enq=1001 tx_done=1001 tx_drop=0 event_drop=0 reset_reconfig=1 effective_hz=100.044
BNO_TX kind=3 event=500 req=500 enq=500 drop=0 done=500 bytes=42000
BNO_REPORT kind=3 report_id=8 interval_us=20000 requested_hz=50.000 enable_ok=2 enable_fail=0 callback=763 switch=763 kind_convert=763 events=763 tx_req=500 tx_enq=500 tx_done=500 tx_drop=0 event_drop=0 reset_reconfig=1 effective_hz=50.003
BNO_TX kind=4 event=250 req=250 enq=250 drop=0 done=250 bytes=21000
BNO_REPORT kind=4 report_id=3 interval_us=50000 requested_hz=20.000 enable_ok=2 enable_fail=0 callback=382 switch=382 kind_convert=382 events=382 tx_req=250 tx_enq=250 tx_done=250 tx_drop=0 event_drop=0 reset_reconfig=1 effective_hz=25.019
BNO_TX kind=5 event=500 req=500 enq=500 drop=0 done=500 bytes=42000
BNO_REPORT kind=5 report_id=4 interval_us=20000 requested_hz=50.000 enable_ok=2 enable_fail=0 callback=763 switch=763 kind_convert=763 events=763 tx_req=500 tx_enq=500 tx_done=500 tx_drop=0 event_drop=0 reset_reconfig=1 effective_hz=50.019
DIAG state=FAULT dry=1 bno_ready=1 addr=0x4A init/reinit/poll=0/0/1630 event A/G/M=2054/1625/406 age_rx_us=1710/6508/31241
IMU cand/pair/call/ok=37394/37394/37394/37275 reject=119 dup/order/stale/dt/nonfinite/norm/queue=0/0/0/119/0/0/0 last_ok_age_us=6508 dt_us=8467 align_samples=200 align_elapsed_us=2004079
HEALTH state=2 health=1 reason=mount_unvalidated mount=0 imu_age_us=6508 imu_gaps=0 reversals=0 covariance=1 finite=1 gnss_age_us=343408859 tof_age_us=4294967295 obs=1
BNO_TS ACCEL events=2054 unique=179 exact=1 overflow=0 dup=46 reverse=974 rollover=0 sensor_dt_us=-27000/-0.44/8600 rx_dt_us=8/7910.26/40197 pair_first=4294964996/361472933 pair_last=4294964096/377712704
BNO_TS GYRO events=1625 unique=150 exact=1 overflow=0 dup=52 reverse=702 rollover=0 sensor_dt_us=-28800/3.26/10500 rx_dt_us=24/9993.81/48371 pair_first=4294958596/361477955 pair_last=4294963896/377707906
BNO_TS MAG events=406 unique=120 exact=1 overflow=0 dup=10 reverse=203 rollover=0 sensor_dt_us=-19200/2.72/24700 rx_dt_us=8627/39976.31/63852 pair_first=4294959296/361492769 pair_last=4294960396/377683173
BNO_VEC ACCEL_SENSOR_AND_ESKF_INPUT events=2054 nonfinite=0 xyz_mean_sd=[-0.272139,0.007622][-0.841158,0.014849][-9.798543,0.022444] xyz_minmax=[-0.312500,-0.238281][-0.882812,-0.808594][-9.855469,-9.734375] norm_mean_sd_minmax=9.838360/0.022423/9.775037/9.895633
BNO_VEC GYRO_SENSOR_AND_ESKF_INPUT events=1625 nonfinite=0 xyz_mean_sd=[0.000000,0.000000][0.000000,0.000000][0.000000,0.000000] xyz_minmax=[0.000000,0.000000][0.000000,0.000000][0.000000,0.000000] norm_mean_sd_minmax=0.000000/0.000000/0.000000/0.000000
BNO_VEC MAG_SENSOR events=406 nonfinite=0 xyz_mean_sd=[7.004310,0.529677][-22.099446,0.736538][21.539717,1.127853] xyz_minmax=[5.625000,8.250000][-24.375000,-19.937500][18.375000,24.875000] norm_mean_sd_minmax=31.663191/0.970913/28.177868/34.131981
LINK queue/drop/high=0/0/10 tof=11313
TXDIAG frames_s=135 bytes_s=17848 total_frames=5562 total_bytes=566068 queue=0 high=10 drops=0 bno_drop=0 partial=0 zero=0 write_calls=155235 max_write_us=0 free_heap=166668 min_free_heap=166668 usage_pct=19.37
BNO_TX kind=1 event=1264 req=1264 enq=1264 drop=0 done=1264 bytes=106176
BNO_REPORT kind=1 report_id=1 interval_us=10000 requested_hz=100.000 enable_ok=2 enable_fail=0 callback=2054 switch=2054 kind_convert=2054 events=2054 tx_req=1264 tx_enq=1264 tx_done=1264 tx_drop=0 event_drop=0 reset_reconfig=1 effective_hz=126.418
BNO_TX kind=2 event=1001 req=1001 enq=1001 drop=0 done=1001 bytes=84084
BNO_REPORT kind=2 report_id=2 interval_us=10000 requested_hz=100.000 enable_ok=2 enable_fail=0 callback=1626 switch=1626 kind_convert=1626 events=1626 tx_req=1001 tx_enq=1001 tx_done=1001 tx_drop=0 event_drop=0 reset_reconfig=1 effective_hz=100.072
BNO_TX kind=3 event=500 req=500 enq=500 drop=0 done=500 bytes=42000
BNO_REPORT kind=3 report_id=8 interval_us=20000 requested_hz=50.000 enable_ok=2 enable_fail=0 callback=813 switch=813 kind_convert=813 events=813 tx_req=500 tx_enq=500 tx_done=500 tx_drop=0 event_drop=0 reset_reconfig=1 effective_hz=50.001
BNO_TX kind=4 event=250 req=250 enq=250 drop=0 done=250 bytes=21000
BNO_REPORT kind=4 report_id=3 interval_us=50000 requested_hz=20.000 enable_ok=2 enable_fail=0 callback=407 switch=407 kind_convert=407 events=407 tx_req=250 tx_enq=250 tx_done=250 tx_drop=0 event_drop=0 reset_reconfig=1 effective_hz=25.016
BNO_TX kind=5 event=500 req=500 enq=500 drop=0 done=500 bytes=42000
BNO_REPORT kind=5 report_id=4 interval_us=20000 requested_hz=50.000 enable_ok=2 enable_fail=0 callback=813 switch=813 kind_convert=813 events=813 tx_req=500 tx_enq=500 tx_done=500 tx_drop=0 event_drop=0 reset_reconfig=1 effective_hz=50.031
DIAG state=FAULT dry=1 bno_ready=1 addr=0x4A init/reinit/poll=0/0/1801 event A/G/M=2181/1726/432 age_rx_us=9582/3150/3161
IMU cand/pair/call/ok=37495/37495/37495/37376 reject=119 dup/order/stale/dt/nonfinite/norm/queue=0/0/0/119/0/0/0 last_ok_age_us=3150 dt_us=15474 align_samples=200 align_elapsed_us=2004079
HEALTH state=2 health=1 reason=mount_unvalidated mount=0 imu_age_us=3150 imu_gaps=0 reversals=0 covariance=1 finite=1 gnss_age_us=343416533 tof_age_us=4294967295 obs=1
BNO_TS ACCEL events=2181 unique=179 exact=1 overflow=0 dup=50 reverse=1037 rollover=0 sensor_dt_us=-27000/0.50/8600 rx_dt_us=8/7908.61/40197 pair_first=4294964996/361472933 pair_last=4294966096/378713695
BNO_TS GYRO events=1726 unique=150 exact=1 overflow=0 dup=60 reverse=744 rollover=0 sensor_dt_us=-28800/2.67/10500 rx_dt_us=24/9995.46/48371 pair_first=4294958596/361477955 pair_last=4294963196/378720127
BNO_TS MAG events=432 unique=120 exact=1 overflow=0 dup=10 reverse=216 rollover=0 sensor_dt_us=-19200/8.82/24700 rx_dt_us=8627/39970.64/63852 pair_first=4294959296/361492769 pair_last=4294963096/378720116
BNO_VEC ACCEL_SENSOR_AND_ESKF_INPUT events=2181 nonfinite=0 xyz_mean_sd=[-0.272166,0.007509][-0.841089,0.014893][-9.798480,0.022434] xyz_minmax=[-0.312500,-0.238281][-0.882812,-0.808594][-9.855469,-9.734375] norm_mean_sd_minmax=9.838292/0.022403/9.775037/9.895633
BNO_VEC GYRO_SENSOR_AND_ESKF_INPUT events=1726 nonfinite=0 xyz_mean_sd=[0.000000,0.000000][0.000000,0.000000][0.000000,0.000000] xyz_minmax=[0.000000,0.000000][0.000000,0.000000][0.000000,0.000000] norm_mean_sd_minmax=0.000000/0.000000/0.000000/0.000000
BNO_VEC MAG_SENSOR events=432 nonfinite=0 xyz_mean_sd=[7.005208,0.524630][-22.103009,0.731794][21.555266,1.111481] xyz_minmax=[5.625000,8.250000][-24.375000,-19.937500][18.375000,24.875000] norm_mean_sd_minmax=31.676101/0.957213/28.177868/34.131981
LINK queue/drop/high=1/0/10 tof=11344
TXDIAG frames_s=133 bytes_s=17881 total_frames=5697 total_bytes=584128 queue=0 high=10 drops=0 bno_drop=0 partial=0 zero=0 write_calls=157406 max_write_us=0 free_heap=166668 min_free_heap=166668 usage_pct=19.40
BNO_TX kind=1 event=1264 req=1264 enq=1264 drop=0 done=1264 bytes=106176
BNO_REPORT kind=1 report_id=1 interval_us=10000 requested_hz=100.000 enable_ok=2 enable_fail=0 callback=2181 switch=2181 kind_convert=2181 events=2181 tx_req=1264 tx_enq=1264 tx_done=1264 tx_drop=0 event_drop=0 reset_reconfig=1 effective_hz=126.445
BNO_TX kind=2 event=1001 req=1001 enq=1001 drop=0 done=1001 bytes=84084
BNO_REPORT kind=2 report_id=2 interval_us=10000 requested_hz=100.000 enable_ok=2 enable_fail=0 callback=1727 switch=1727 kind_convert=1727 events=1727 tx_req=1001 tx_enq=1001 tx_done=1001 tx_drop=0 event_drop=0 reset_reconfig=1 effective_hz=100.055
BNO_TX kind=3 event=500 req=500 enq=500 drop=0 done=500 bytes=42000
BNO_REPORT kind=3 report_id=8 interval_us=20000 requested_hz=50.000 enable_ok=2 enable_fail=0 callback=863 switch=863 kind_convert=863 events=863 tx_req=500 tx_enq=500 tx_done=500 tx_drop=0 event_drop=0 reset_reconfig=1 effective_hz=50.006
BNO_TX kind=4 event=250 req=250 enq=250 drop=0 done=250 bytes=21000
BNO_REPORT kind=4 report_id=3 interval_us=50000 requested_hz=20.000 enable_ok=2 enable_fail=0 callback=432 switch=432 kind_convert=432 events=432 tx_req=250 tx_enq=250 tx_done=250 tx_drop=0 event_drop=0 reset_reconfig=1 effective_hz=25.018
BNO_TX kind=5 event=500 req=500 enq=500 drop=0 done=500 bytes=42000
BNO_REPORT kind=5 report_id=4 interval_us=20000 requested_hz=50.000 enable_ok=2 enable_fail=0 callback=864 switch=864 kind_convert=864 events=864 tx_req=500 tx_enq=500 tx_done=500 tx_drop=0 event_drop=0 reset_reconfig=1 effective_hz=50.028
DIAG state=FAULT dry=1 bno_ready=1 addr=0x4A init/reinit/poll=0/0/1966 event A/G/M=2307/1826/456 age_rx_us=10634/8148/41305
IMU cand/pair/call/ok=37595/37595/37595/37476 reject=119 dup/order/stale/dt/nonfinite/norm/queue=0/0/0/119/0/0/0 last_ok_age_us=8148 dt_us=6932 align_samples=200 align_elapsed_us=2004079
HEALTH state=2 health=1 reason=mount_unvalidated mount=0 imu_age_us=8148 imu_gaps=0 reversals=0 covariance=1 finite=1 gnss_age_us=343411821 tof_age_us=4294967295 obs=1
BNO_TS ACCEL events=2307 unique=179 exact=1 overflow=0 dup=55 reverse=1096 rollover=0 sensor_dt_us=-27000/-0.26/8600 rx_dt_us=8/7909.73/40197 pair_first=4294964996/361472933 pair_last=4294964396/379712760
BNO_TS GYRO events=1826 unique=150 exact=1 overflow=0 dup=65 reverse=792 rollover=0 sensor_dt_us=-28800/3.40/10500 rx_dt_us=24/9993.04/48371 pair_first=4294958596/361477955 pair_last=4294964796/379715246
BNO_TS MAG events=456 unique=121 exact=1 overflow=0 dup=12 reverse=227 rollover=0 sensor_dt_us=-19200/1.54/24700 rx_dt_us=8627/39976.53/63852 pair_first=4294959296/361492769 pair_last=4294959996/379682089
BNO_VEC ACCEL_SENSOR_AND_ESKF_INPUT events=2307 nonfinite=0 xyz_mean_sd=[-0.272115,0.007653][-0.841007,0.014948][-9.798492,0.022440] xyz_minmax=[-0.312500,-0.238281][-0.882812,-0.808594][-9.855469,-9.734375] norm_mean_sd_minmax=9.838296/0.022411/9.775037/9.895633
BNO_VEC GYRO_SENSOR_AND_ESKF_INPUT events=1826 nonfinite=0 xyz_mean_sd=[0.000000,0.000000][0.000000,0.000000][0.000000,0.000000] xyz_minmax=[0.000000,0.000000][0.000000,0.000000][0.000000,0.000000] norm_mean_sd_minmax=0.000000/0.000000/0.000000/0.000000
BNO_VEC MAG_SENSOR events=456 nonfinite=0 xyz_mean_sd=[6.995340,0.522662][-22.110471,0.728054][21.589501,1.102121] xyz_minmax=[5.625000,8.250000][-24.375000,-19.937500][18.375000,24.875000] norm_mean_sd_minmax=31.702136/0.952255/28.177868/34.131981
LINK queue/drop/high=0/0/10 tof=11374
TXDIAG frames_s=134 bytes_s=17737 total_frames=5831 total_bytes=601848 queue=0 high=10 drops=0 bno_drop=0 partial=0 zero=0 write_calls=159589 max_write_us=0 free_heap=166668 min_free_heap=166668 usage_pct=19.25
BNO_TX kind=1 event=1264 req=1264 enq=1264 drop=0 done=1264 bytes=106176
BNO_REPORT kind=1 report_id=1 interval_us=10000 requested_hz=100.000 enable_ok=2 enable_fail=0 callback=2308 switch=2309 kind_convert=2309 events=2309 tx_req=1264 tx_enq=1264 tx_done=1264 tx_drop=0 event_drop=0 reset_reconfig=1 effective_hz=126.420
BNO_TX kind=2 event=1001 req=1001 enq=1001 drop=0 done=1001 bytes=84084
BNO_REPORT kind=2 report_id=2 interval_us=10000 requested_hz=100.000 enable_ok=2 enable_fail=0 callback=1827 switch=1827 kind_convert=1827 events=1827 tx_req=1001 tx_enq=1001 tx_done=1001 tx_drop=0 event_drop=0 reset_reconfig=1 effective_hz=100.072
BNO_TX kind=3 event=500 req=500 enq=500 drop=0 done=500 bytes=42000
BNO_REPORT kind=3 report_id=8 interval_us=20000 requested_hz=50.000 enable_ok=2 enable_fail=0 callback=913 switch=913 kind_convert=913 events=913 tx_req=500 tx_enq=500 tx_done=500 tx_drop=0 event_drop=0 reset_reconfig=1 effective_hz=50.000
BNO_TX kind=4 event=250 req=250 enq=250 drop=0 done=250 bytes=21000
BNO_REPORT kind=4 report_id=3 interval_us=50000 requested_hz=20.000 enable_ok=2 enable_fail=0 callback=457 switch=457 kind_convert=457 events=457 tx_req=250 tx_enq=250 tx_done=250 tx_drop=0 event_drop=0 reset_reconfig=1 effective_hz=25.014
BNO_TX kind=5 event=500 req=500 enq=500 drop=0 done=500 bytes=42000
BNO_REPORT kind=5 report_id=4 interval_us=20000 requested_hz=50.000 enable_ok=2 enable_fail=0 callback=914 switch=914 kind_convert=914 events=914 tx_req=500 tx_enq=500 tx_done=500 tx_drop=0 event_drop=0 reset_reconfig=1 effective_hz=50.023
DIAG state=FAULT dry=1 bno_ready=1 addr=0x4A init/reinit/poll=0/0/2139 event A/G/M=2435/1927/482 age_rx_us=9622/4190/12054
IMU cand/pair/call/ok=37696/37696/37696/37577 reject=119 dup/order/stale/dt/nonfinite/norm/queue=0/0/0/119/0/0/0 last_ok_age_us=4190 dt_us=14792 align_samples=200 align_elapsed_us=2004079
HEALTH state=2 health=1 reason=mount_unvalidated mount=0 imu_age_us=4190 imu_gaps=0 reversals=0 covariance=1 finite=1 gnss_age_us=343423659 tof_age_us=4294967295 obs=1
BNO_TS ACCEL events=2435 unique=179 exact=1 overflow=0 dup=60 reverse=1157 rollover=0 sensor_dt_us=-27000/-0.37/8600 rx_dt_us=8/7909.07/40197 pair_first=4294964996/361472933 pair_last=4294964096/380723611
BNO_TS GYRO events=1927 unique=151 exact=1 overflow=0 dup=69 reverse=843 rollover=0 sensor_dt_us=-28800/2.28/10500 rx_dt_us=24/9995.37/48371 pair_first=4294958596/361477955 pair_last=4294962996/380729043
BNO_TS MAG events=482 unique=122 exact=1 overflow=0 dup=13 reverse=238 rollover=0 sensor_dt_us=-19200/6.03/24700 rx_dt_us=8627/39975.90/63852 pair_first=4294959296/361492769 pair_last=4294962196/380721179
BNO_VEC ACCEL_SENSOR_AND_ESKF_INPUT events=2435 nonfinite=0 xyz_mean_sd=[-0.272141,0.007549][-0.840939,0.014992][-9.798468,0.022480] xyz_minmax=[-0.312500,-0.238281][-0.882812,-0.808594][-9.855469,-9.734375] norm_mean_sd_minmax=9.838267/0.022447/9.775037/9.895633
BNO_VEC GYRO_SENSOR_AND_ESKF_INPUT events=1927 nonfinite=0 xyz_mean_sd=[0.000000,0.000000][0.000000,0.000000][0.000000,0.000000] xyz_minmax=[0.000000,0.000000][0.000000,0.000000][0.000000,0.000000] norm_mean_sd_minmax=0.000000/0.000000/0.000000/0.000000
BNO_VEC MAG_SENSOR events=482 nonfinite=0 xyz_mean_sd=[6.986515,0.521512][-22.115794,0.740761][21.609829,1.090857] xyz_minmax=[5.625000,8.250000][-24.375000,-19.937500][18.375000,24.875000] norm_mean_sd_minmax=31.717679/0.950739/28.177868/34.131981
LINK queue/drop/high=1/0/10 tof=11405
TXDIAG frames_s=134 bytes_s=18015 total_frames=5967 total_bytes=620044 queue=0 high=10 drops=0 bno_drop=0 partial=0 zero=0 write_calls=161916 max_write_us=0 free_heap=166668 min_free_heap=166668 usage_pct=19.55
BNO_TX kind=1 event=1264 req=1264 enq=1264 drop=0 done=1264 bytes=106176
BNO_REPORT kind=1 report_id=1 interval_us=10000 requested_hz=100.000 enable_ok=2 enable_fail=0 callback=2436 switch=2435 kind_convert=2435 events=2435 tx_req=1264 tx_enq=1264 tx_done=1264 tx_drop=0 event_drop=0 reset_reconfig=1 effective_hz=126.437
BNO_TX kind=2 event=1001 req=1001 enq=1001 drop=0 done=1001 bytes=84084
BNO_REPORT kind=2 report_id=2 interval_us=10000 requested_hz=100.000 enable_ok=2 enable_fail=0 callback=1928 switch=1927 kind_convert=1927 events=1927 tx_req=1001 tx_enq=1001 tx_done=1001 tx_drop=0 event_drop=0 reset_reconfig=1 effective_hz=100.046
BNO_TX kind=3 event=500 req=500 enq=500 drop=0 done=500 bytes=42000
BNO_REPORT kind=3 report_id=8 interval_us=20000 requested_hz=50.000 enable_ok=2 enable_fail=0 callback=964 switch=963 kind_convert=963 events=963 tx_req=500 tx_enq=500 tx_done=500 tx_drop=0 event_drop=0 reset_reconfig=1 effective_hz=50.003
BNO_TX kind=4 event=250 req=250 enq=250 drop=0 done=250 bytes=21000
BNO_REPORT kind=4 report_id=3 interval_us=50000 requested_hz=20.000 enable_ok=2 enable_fail=0 callback=482 switch=482 kind_convert=482 events=482 tx_req=250 tx_enq=250 tx_done=250 tx_drop=0 event_drop=0 reset_reconfig=1 effective_hz=25.015
BNO_TX kind=5 event=500 req=500 enq=500 drop=0 done=500 bytes=42000
BNO_REPORT kind=5 report_id=4 interval_us=20000 requested_hz=50.000 enable_ok=2 enable_fail=0 callback=964 switch=964 kind_convert=964 events=964 tx_req=500 tx_enq=500 tx_done=500 tx_drop=0 event_drop=0 reset_reconfig=1 effective_hz=50.023
DIAG state=FAULT dry=1 bno_ready=1 addr=0x4A init/reinit/poll=0/0/2313 event A/G/M=2562/2027/507 age_rx_us=1568/7777/12194
IMU cand/pair/call/ok=37796/37796/37796/37677 reject=119 dup/order/stale/dt/nonfinite/norm/queue=0/0/0/119/0/0/0 last_ok_age_us=7777 dt_us=9482 align_samples=200 align_elapsed_us=2004079
HEALTH state=2 health=1 reason=mount_unvalidated mount=0 imu_age_us=7777 imu_gaps=0 reversals=0 covariance=1 finite=1 gnss_age_us=343417803 tof_age_us=4294967295 obs=1
BNO_TS ACCEL events=2562 unique=179 exact=1 overflow=0 dup=62 reverse=1217 rollover=0 sensor_dt_us=-27000/0.00/8600 rx_dt_us=8/7910.53/40197 pair_first=4294964996/361472933 pair_last=4294964996/381731810
BNO_TS GYRO events=2027 unique=151 exact=1 overflow=0 dup=73 reverse=889 rollover=0 sensor_dt_us=-28800/3.16/10500 rx_dt_us=24/9993.90/48371 pair_first=4294958596/361477955 pair_last=4294964996/381725601
BNO_TS MAG events=507 unique=123 exact=1 overflow=0 dup=13 reverse=248 rollover=0 sensor_dt_us=-19200/2.57/24700 rx_dt_us=8627/39977.10/63852 pair_first=4294959296/361492769 pair_last=4294960596/381721184
BNO_VEC ACCEL_SENSOR_AND_ESKF_INPUT events=2562 nonfinite=0 xyz_mean_sd=[-0.272167,0.007599][-0.840800,0.015098][-9.798545,0.022466] xyz_minmax=[-0.312500,-0.238281][-0.882812,-0.808594][-9.855469,-9.734375] norm_mean_sd_minmax=9.838332/0.022430/9.775037/9.895633
BNO_VEC GYRO_SENSOR_AND_ESKF_INPUT events=2027 nonfinite=0 xyz_mean_sd=[0.000000,0.000000][0.000000,0.000000][0.000000,0.000000] xyz_minmax=[0.000000,0.000000][0.000000,0.000000][0.000000,0.000000] norm_mean_sd_minmax=0.000000/0.000000/0.000000/0.000000
BNO_VEC MAG_SENSOR events=507 nonfinite=0 xyz_mean_sd=[6.977811,0.520506][-22.121672,0.737985][21.633506,1.078973] xyz_minmax=[5.625000,8.250000][-24.375000,-19.937500][18.375000,24.875000] norm_mean_sd_minmax=31.735830/0.939998/28.177868/34.131981
LINK queue/drop/high=0/0/10 tof=11435
TXDIAG frames_s=134 bytes_s=17728 total_frames=6101 total_bytes=637772 queue=0 high=10 drops=0 bno_drop=0 partial=0 zero=0 write_calls=164495 max_write_us=0 free_heap=166668 min_free_heap=166668 usage_pct=19.24
BNO_TX kind=1 event=1264 req=1264 enq=1264 drop=0 done=1264 bytes=106176
BNO_REPORT kind=1 report_id=1 interval_us=10000 requested_hz=100.000 enable_ok=2 enable_fail=0 callback=2562 switch=2563 kind_convert=2563 events=2563 tx_req=1264 tx_enq=1264 tx_done=1264 tx_drop=0 event_drop=0 reset_reconfig=1 effective_hz=126.412
BNO_TX kind=2 event=1001 req=1001 enq=1001 drop=0 done=1001 bytes=84084
BNO_REPORT kind=2 report_id=2 interval_us=10000 requested_hz=100.000 enable_ok=2 enable_fail=0 callback=2028 switch=2028 kind_convert=2028 events=2028 tx_req=1001 tx_enq=1001 tx_done=1001 tx_drop=0 event_drop=0 reset_reconfig=1 effective_hz=100.064
BNO_TX kind=3 event=500 req=500 enq=500 drop=0 done=500 bytes=42000
BNO_REPORT kind=3 report_id=8 interval_us=20000 requested_hz=50.000 enable_ok=2 enable_fail=0 callback=1014 switch=1014 kind_convert=1014 events=1014 tx_req=500 tx_enq=500 tx_done=500 tx_drop=0 event_drop=0 reset_reconfig=1 effective_hz=50.006
BNO_TX kind=4 event=250 req=250 enq=250 drop=0 done=250 bytes=21000
BNO_REPORT kind=4 report_id=3 interval_us=50000 requested_hz=20.000 enable_ok=2 enable_fail=0 callback=507 switch=507 kind_convert=507 events=507 tx_req=250 tx_enq=250 tx_done=250 tx_drop=0 event_drop=0 reset_reconfig=1 effective_hz=25.014
BNO_TX kind=5 event=500 req=500 enq=500 drop=0 done=500 bytes=42000
BNO_REPORT kind=5 report_id=4 interval_us=20000 requested_hz=50.000 enable_ok=2 enable_fail=0 callback=1014 switch=1014 kind_convert=1014 events=1014 tx_req=500 tx_enq=500 tx_done=500 tx_drop=0 event_drop=0 reset_reconfig=1 effective_hz=50.015
DIAG state=FAULT dry=1 bno_ready=1 addr=0x4A init/reinit/poll=0/0/2485 event A/G/M=2689/2128/532 age_rx_us=9267/4103/28658
IMU cand/pair/call/ok=37897/37897/37897/37778 reject=119 dup/order/stale/dt/nonfinite/norm/queue=0/0/0/119/0/0/0 last_ok_age_us=4103 dt_us=14061 align_samples=200 align_elapsed_us=2004079
HEALTH state=2 health=1 reason=mount_unvalidated mount=0 imu_age_us=4103 imu_gaps=0 reversals=0 covariance=1 finite=1 gnss_age_us=343191560 tof_age_us=4294967295 obs=1
BNO_TS ACCEL events=2689 unique=179 exact=1 overflow=0 dup=67 reverse=1285 rollover=0 sensor_dt_us=-27000/-0.22/8600 rx_dt_us=8/7909.26/40197 pair_first=4294964996/361472933 pair_last=4294964396/382733032
BNO_TS GYRO events=2128 unique=151 exact=1 overflow=0 dup=78 reverse=933 rollover=0 sensor_dt_us=-28800/2.07/10500 rx_dt_us=24/9995.41/48371 pair_first=4294958596/361477955 pair_last=4294962996/382738196
BNO_TS MAG events=532 unique=123 exact=1 overflow=0 dup=15 reverse=260 rollover=0 sensor_dt_us=-19200/10.73/24700 rx_dt_us=8627/39963.98/63852 pair_first=4294959296/361492769 pair_last=4294964996/382713641
BNO_VEC ACCEL_SENSOR_AND_ESKF_INPUT events=2689 nonfinite=0 xyz_mean_sd=[-0.272150,0.007661][-0.840830,0.015126][-9.798534,0.022392] xyz_minmax=[-0.312500,-0.238281][-0.882812,-0.808594][-9.855469,-9.734375] norm_mean_sd_minmax=9.838324/0.022355/9.775037/9.895633
BNO_VEC GYRO_SENSOR_AND_ESKF_INPUT events=2128 nonfinite=0 xyz_mean_sd=[0.000000,0.000000][0.000000,0.000000][0.000000,0.000000] xyz_minmax=[0.000000,0.000000][0.000000,0.000000][0.000000,0.000000] norm_mean_sd_minmax=0.000000/0.000000/0.000000/0.000000
BNO_VEC MAG_SENSOR events=532 nonfinite=0 xyz_mean_sd=[6.980733,0.525304][-22.128994,0.732024][21.648026,1.064881] xyz_minmax=[5.625000,8.250000][-24.375000,-19.937500][18.375000,24.875000] norm_mean_sd_minmax=31.751167/0.932330/28.177868/34.131981
LINK queue/drop/high=1/0/10 tof=11466
TXDIAG frames_s=133 bytes_s=17819 total_frames=6236 total_bytes=655788 queue=0 high=10 drops=0 bno_drop=0 partial=0 zero=0 write_calls=166792 max_write_us=0 free_heap=166668 min_free_heap=166668 usage_pct=19.33
BNO_TX kind=1 event=1264 req=1264 enq=1264 drop=0 done=1264 bytes=106176
BNO_REPORT kind=1 report_id=1 interval_us=10000 requested_hz=100.000 enable_ok=2 enable_fail=0 callback=2689 switch=2689 kind_convert=2689 events=2689 tx_req=1264 tx_enq=1264 tx_done=1264 tx_drop=0 event_drop=0 reset_reconfig=1 effective_hz=126.434
BNO_TX kind=2 event=1001 req=1001 enq=1001 drop=0 done=1001 bytes=84084
BNO_REPORT kind=2 report_id=2 interval_us=10000 requested_hz=100.000 enable_ok=2 enable_fail=0 callback=2129 switch=2129 kind_convert=2129 events=2129 tx_req=1001 tx_enq=1001 tx_done=1001 tx_drop=0 event_drop=0 reset_reconfig=1 effective_hz=100.052
BNO_TX kind=3 event=500 req=500 enq=500 drop=0 done=500 bytes=42000
BNO_REPORT kind=3 report_id=8 interval_us=20000 requested_hz=50.000 enable_ok=2 enable_fail=0 callback=1064 switch=1064 kind_convert=1064 events=1064 tx_req=500 tx_enq=500 tx_done=500 tx_drop=0 event_drop=0 reset_reconfig=1 effective_hz=50.010
BNO_TX kind=4 event=250 req=250 enq=250 drop=0 done=250 bytes=21000
BNO_REPORT kind=4 report_id=3 interval_us=50000 requested_hz=20.000 enable_ok=2 enable_fail=0 callback=532 switch=532 kind_convert=532 events=532 tx_req=250 tx_enq=250 tx_done=250 tx_drop=0 event_drop=0 reset_reconfig=1 effective_hz=25.023
BNO_TX kind=5 event=500 req=500 enq=500 drop=0 done=500 bytes=42000
BNO_REPORT kind=5 report_id=4 interval_us=20000 requested_hz=50.000 enable_ok=2 enable_fail=0 callback=1065 switch=1065 kind_convert=1065 events=1065 tx_req=500 tx_enq=500 tx_done=500 tx_drop=0 event_drop=0 reset_reconfig=1 effective_hz=50.015
DIAG state=FAULT dry=1 bno_ready=1 addr=0x4A init/reinit/poll=0/0/2663 event A/G/M=2816/2228/557 age_rx_us=2028/8158/22114
IMU cand/pair/call/ok=37997/37997/37997/37878 reject=119 dup/order/stale/dt/nonfinite/norm/queue=0/0/0/119/0/0/0 last_ok_age_us=8158 dt_us=6899 align_samples=200 align_elapsed_us=2004079
HEALTH state=2 health=1 reason=mount_unvalidated mount=0 imu_age_us=8158 imu_gaps=0 reversals=0 covariance=1 finite=1 gnss_age_us=343183296 tof_age_us=4294967295 obs=1
BNO_TS ACCEL events=2816 unique=179 exact=1 overflow=0 dup=71 reverse=1345 rollover=0 sensor_dt_us=-27000/-0.11/8600 rx_dt_us=8/7910.27/40197 pair_first=4294964996/361472933 pair_last=4294964696/383740357
BNO_TS GYRO events=2228 unique=151 exact=1 overflow=0 dup=90 reverse=973 rollover=0 sensor_dt_us=-28800/2.78/10500 rx_dt_us=24/9993.84/48371 pair_first=4294958596/361477955 pair_last=4294964796/383734227
BNO_TS MAG events=557 unique=123 exact=1 overflow=0 dup=16 reverse=272 rollover=0 sensor_dt_us=-19200/1.26/24700 rx_dt_us=8627/39977.52/63852 pair_first=4294959296/361492769 pair_last=4294959996/383720271
BNO_VEC ACCEL_SENSOR_AND_ESKF_INPUT events=2816 nonfinite=0 xyz_mean_sd=[-0.272121,0.007679][-0.840888,0.015063][-9.798477,0.022440] xyz_minmax=[-0.312500,-0.238281][-0.882812,-0.808594][-9.855469,-9.734375] norm_mean_sd_minmax=9.838271/0.022398/9.775037/9.895633
BNO_VEC GYRO_SENSOR_AND_ESKF_INPUT events=2228 nonfinite=0 xyz_mean_sd=[0.000000,0.000000][0.000000,0.000000][0.000000,0.000000] xyz_minmax=[0.000000,0.000000][0.000000,0.000000][0.000000,0.000000] norm_mean_sd_minmax=0.000000/0.000000/0.000000/0.000000
BNO_VEC MAG_SENSOR events=557 nonfinite=0 xyz_mean_sd=[6.978793,0.527113][-22.120736,0.742318][21.657540,1.049577] xyz_minmax=[5.625000,8.250000][-24.375000,-19.937500][18.375000,24.875000] norm_mean_sd_minmax=31.751362/0.927937/28.177868/34.131981
LINK queue/drop/high=0/0/10 tof=11496
TXDIAG frames_s=134 bytes_s=17769 total_frames=6370 total_bytes=673504 queue=0 high=10 drops=0 bno_drop=0 partial=0 zero=0 write_calls=169130 max_write_us=0 free_heap=166668 min_free_heap=166668 usage_pct=19.28
BNO_TX kind=1 event=1264 req=1264 enq=1264 drop=0 done=1264 bytes=106176
BNO_REPORT kind=1 report_id=1 interval_us=10000 requested_hz=100.000 enable_ok=2 enable_fail=0 callback=2816 switch=2816 kind_convert=2816 events=2816 tx_req=1264 tx_enq=1264 tx_done=1264 tx_drop=0 event_drop=0 reset_reconfig=1 effective_hz=126.418
BNO_TX kind=2 event=1001 req=1001 enq=1001 drop=0 done=1001 bytes=84084
BNO_REPORT kind=2 report_id=2 interval_us=10000 requested_hz=100.000 enable_ok=2 enable_fail=0 callback=2229 switch=2229 kind_convert=2229 events=2229 tx_req=1001 tx_enq=1001 tx_done=1001 tx_drop=0 event_drop=0 reset_reconfig=1 effective_hz=100.062
BNO_TX kind=3 event=500 req=500 enq=500 drop=0 done=500 bytes=42000
BNO_REPORT kind=3 report_id=8 interval_us=20000 requested_hz=50.000 enable_ok=2 enable_fail=0 callback=1114 switch=1114 kind_convert=1114 events=1114 tx_req=500 tx_enq=500 tx_done=500 tx_drop=0 event_drop=0 reset_reconfig=1 effective_hz=50.004
BNO_TX kind=4 event=250 req=250 enq=250 drop=0 done=250 bytes=21000
BNO_REPORT kind=4 report_id=3 interval_us=50000 requested_hz=20.000 enable_ok=2 enable_fail=0 callback=557 switch=557 kind_convert=557 events=557 tx_req=250 tx_enq=250 tx_done=250 tx_drop=0 event_drop=0 reset_reconfig=1 effective_hz=25.014
BNO_TX kind=5 event=500 req=500 enq=500 drop=0 done=500 bytes=42000
BNO_REPORT kind=5 report_id=4 interval_us=20000 requested_hz=50.000 enable_ok=2 enable_fail=0 callback=1115 switch=1115 kind_convert=1115 events=1115 tx_req=500 tx_enq=500 tx_done=500 tx_drop=0 event_drop=0 reset_reconfig=1 effective_hz=50.021
DIAG state=FAULT dry=1 bno_ready=1 addr=0x4A init/reinit/poll=0/0/2838 event A/G/M=2944/2329/582 age_rx_us=1206/6517/35013
IMU cand/pair/call/ok=38098/38098/38098/37979 reject=119 dup/order/stale/dt/nonfinite/norm/queue=0/0/0/119/0/0/0 last_ok_age_us=6517 dt_us=8864 align_samples=200 align_elapsed_us=2004079
HEALTH state=2 health=1 reason=mount_unvalidated mount=0 imu_age_us=6517 imu_gaps=0 reversals=0 covariance=1 finite=1 gnss_age_us=343193520 tof_age_us=4294967295 obs=1
BNO_TS ACCEL events=2944 unique=179 exact=1 overflow=0 dup=76 reverse=1408 rollover=0 sensor_dt_us=-27000/0.54/8600 rx_dt_us=8/7909.32/40197 pair_first=4294964996/361472933 pair_last=4294966596/384750049
BNO_TS GYRO events=2329 unique=151 exact=1 overflow=0 dup=95 reverse=1015 rollover=0 sensor_dt_us=-28800/2.75/10500 rx_dt_us=24/9994.32/48371 pair_first=4294958596/361477955 pair_last=4294964996/384744738
BNO_TS MAG events=582 unique=123 exact=1 overflow=0 dup=17 reverse=284 rollover=0 sensor_dt_us=-19200/8.26/24700 rx_dt_us=8627/39971.55/63852 pair_first=4294959296/361492769 pair_last=4294964096/384716242
BNO_VEC ACCEL_SENSOR_AND_ESKF_INPUT events=2944 nonfinite=0 xyz_mean_sd=[-0.272095,0.007694][-0.840851,0.015083][-9.798522,0.022392] xyz_minmax=[-0.312500,-0.238281][-0.882812,-0.808594][-9.855469,-9.734375] norm_mean_sd_minmax=9.838312/0.022356/9.775037/9.895633
BNO_VEC GYRO_SENSOR_AND_ESKF_INPUT events=2329 nonfinite=0 xyz_mean_sd=[0.000000,0.000000][0.000000,0.000000][0.000000,0.000000] xyz_minmax=[0.000000,0.000000][0.000000,0.000000][0.000000,0.000000] norm_mean_sd_minmax=0.000000/0.000000/0.000000/0.000000
BNO_VEC MAG_SENSOR events=582 nonfinite=0 xyz_mean_sd=[6.978093,0.522723][-22.121027,0.735217][21.657216,1.037317] xyz_minmax=[5.625000,8.250000][-24.375000,-19.937500][18.375000,24.875000] norm_mean_sd_minmax=31.750854/0.917429/28.177868/34.131981
LINK queue/drop/high=2/0/10 tof=11527
TXDIAG frames_s=133 bytes_s=17944 total_frames=6505 total_bytes=691628 queue=0 high=10 drops=0 bno_drop=0 partial=0 zero=0 write_calls=171786 max_write_us=0 free_heap=166668 min_free_heap=166668 usage_pct=19.47
BNO_TX kind=1 event=1264 req=1264 enq=1264 drop=0 done=1264 bytes=106176
BNO_REPORT kind=1 report_id=1 interval_us=10000 requested_hz=100.000 enable_ok=2 enable_fail=0 callback=2943 switch=2944 kind_convert=2944 events=2944 tx_req=1264 tx_enq=1264 tx_done=1264 tx_drop=0 event_drop=0 reset_reconfig=1 effective_hz=126.433
BNO_TX kind=2 event=1001 req=1001 enq=1001 drop=0 done=1001 bytes=84084
BNO_REPORT kind=2 report_id=2 interval_us=10000 requested_hz=100.000 enable_ok=2 enable_fail=0 callback=2329 switch=2329 kind_convert=2329 events=2329 tx_req=1001 tx_enq=1001 tx_done=1001 tx_drop=0 event_drop=0 reset_reconfig=1 effective_hz=100.057
BNO_TX kind=3 event=500 req=500 enq=500 drop=0 done=500 bytes=42000
BNO_REPORT kind=3 report_id=8 interval_us=20000 requested_hz=50.000 enable_ok=2 enable_fail=0 callback=1164 switch=1164 kind_convert=1164 events=1164 tx_req=500 tx_enq=500 tx_done=500 tx_drop=0 event_drop=0 reset_reconfig=1 effective_hz=50.014
BNO_TX kind=4 event=250 req=250 enq=250 drop=0 done=250 bytes=21000
BNO_REPORT kind=4 report_id=3 interval_us=50000 requested_hz=20.000 enable_ok=2 enable_fail=0 callback=583 switch=582 kind_convert=582 events=582 tx_req=250 tx_enq=250 tx_done=250 tx_drop=0 event_drop=0 reset_reconfig=1 effective_hz=25.018
BNO_TX kind=5 event=500 req=500 enq=500 drop=0 done=500 bytes=42000
BNO_REPORT kind=5 report_id=4 interval_us=20000 requested_hz=50.000 enable_ok=2 enable_fail=0 callback=1165 switch=1165 kind_convert=1165 events=1165 tx_req=500 tx_enq=500 tx_done=500 tx_drop=0 event_drop=0 reset_reconfig=1 effective_hz=50.017
DIAG state=FAULT dry=1 bno_ready=1 addr=0x4A init/reinit/poll=0/0/3004 event A/G/M=3070/2429/607 age_rx_us=2368/7140/31601
IMU cand/pair/call/ok=38198/38198/38198/38079 reject=119 dup/order/stale/dt/nonfinite/norm/queue=0/0/0/119/0/0/0 last_ok_age_us=7140 dt_us=10821 align_samples=200 align_elapsed_us=2004079
HEALTH state=2 health=1 reason=mount_unvalidated mount=0 imu_age_us=7140 imu_gaps=0 reversals=0 covariance=1 finite=1 gnss_age_us=343184377 tof_age_us=4294967295 obs=1
BNO_TS ACCEL events=3070 unique=179 exact=1 overflow=0 dup=79 reverse=1469 rollover=0 sensor_dt_us=-27000/-0.62/8600 rx_dt_us=8/7910.30/40197 pair_first=4294964996/361472933 pair_last=4294963096/385749646
BNO_TS GYRO events=2429 unique=151 exact=1 overflow=0 dup=105 reverse=1056 rollover=0 sensor_dt_us=-28800/2.64/10500 rx_dt_us=24/9994.61/48371 pair_first=4294958596/361477955 pair_last=4294964996/385744874
BNO_TS MAG events=607 unique=123 exact=1 overflow=0 dup=19 reverse=297 rollover=0 sensor_dt_us=-19200/0.66/24700 rx_dt_us=8627/39979.61/63852 pair_first=4294959296/361492769 pair_last=4294959696/385720413
BNO_VEC ACCEL_SENSOR_AND_ESKF_INPUT events=3070 nonfinite=0 xyz_mean_sd=[-0.272082,0.007744][-0.840873,0.015110][-9.798488,0.022476] xyz_minmax=[-0.312500,-0.238281][-0.882812,-0.808594][-9.855469,-9.734375] norm_mean_sd_minmax=9.838280/0.022438/9.775037/9.895633
BNO_VEC GYRO_SENSOR_AND_ESKF_INPUT events=2429 nonfinite=0 xyz_mean_sd=[0.000000,0.000000][0.000000,0.000000][0.000000,0.000000] xyz_minmax=[0.000000,0.000000][0.000000,0.000000][0.000000,0.000000] norm_mean_sd_minmax=0.000000/0.000000/0.000000/0.000000
BNO_VEC MAG_SENSOR events=607 nonfinite=0 xyz_mean_sd=[6.978892,0.522074][-22.110379,0.742666][21.667319,1.025370] xyz_minmax=[5.625000,8.250000][-24.375000,-19.937500][18.375000,24.875000] norm_mean_sd_minmax=31.750385/0.913792/28.177868/34.131981
LINK queue/drop/high=1/0/10 tof=11557
TXDIAG frames_s=131 bytes_s=17485 total_frames=6636 total_bytes=709096 queue=0 high=10 drops=0 bno_drop=0 partial=0 zero=0 write_calls=174115 max_write_us=0 free_heap=166668 min_free_heap=166668 usage_pct=18.97
BNO_TX kind=1 event=1264 req=1264 enq=1264 drop=0 done=1264 bytes=106176
BNO_REPORT kind=1 report_id=1 interval_us=10000 requested_hz=100.000 enable_ok=2 enable_fail=0 callback=3069 switch=3070 kind_convert=3070 events=3070 tx_req=1264 tx_enq=1264 tx_done=1264 tx_drop=0 event_drop=0 reset_reconfig=1 effective_hz=126.417
BNO_TX kind=2 event=1001 req=1001 enq=1001 drop=0 done=1001 bytes=84084
BNO_REPORT kind=2 report_id=2 interval_us=10000 requested_hz=100.000 enable_ok=2 enable_fail=0 callback=2430 switch=2429 kind_convert=2429 events=2429 tx_req=1001 tx_enq=1001 tx_done=1001 tx_drop=0 event_drop=0 reset_reconfig=1 effective_hz=100.054
BNO_TX kind=3 event=500 req=500 enq=500 drop=0 done=500 bytes=42000
BNO_REPORT kind=3 report_id=8 interval_us=20000 requested_hz=50.000 enable_ok=2 enable_fail=0 callback=1215 switch=1214 kind_convert=1214 events=1214 tx_req=500 tx_enq=500 tx_done=500 tx_drop=0 event_drop=0 reset_reconfig=1 effective_hz=50.006
BNO_TX kind=4 event=250 req=250 enq=250 drop=0 done=250 bytes=21000
BNO_REPORT kind=4 report_id=3 interval_us=50000 requested_hz=20.000 enable_ok=2 enable_fail=0 callback=608 switch=607 kind_convert=607 events=607 tx_req=250 tx_enq=250 tx_done=250 tx_drop=0 event_drop=0 reset_reconfig=1 effective_hz=25.013
BNO_TX kind=5 event=500 req=500 enq=500 drop=0 done=500 bytes=42000
BNO_REPORT kind=5 report_id=4 interval_us=20000 requested_hz=50.000 enable_ok=2 enable_fail=0 callback=1215 switch=1215 kind_convert=1215 events=1215 tx_req=500 tx_enq=500 tx_done=500 tx_drop=0 event_drop=0 reset_reconfig=1 effective_hz=50.017
DIAG state=FAULT dry=1 bno_ready=1 addr=0x4A init/reinit/poll=0/0/3180 event A/G/M=3198/2530/633 age_rx_us=742/4495/4507
IMU cand/pair/call/ok=38299/38299/38299/38180 reject=119 dup/order/stale/dt/nonfinite/norm/queue=0/0/0/119/0/0/0 last_ok_age_us=4495 dt_us=8683 align_samples=200 align_elapsed_us=2004079
HEALTH state=2 health=1 reason=mount_unvalidated mount=0 imu_age_us=4495 imu_gaps=0 reversals=0 covariance=1 finite=1 gnss_age_us=343196080 tof_age_us=4294967295 obs=1
BNO_TS ACCEL events=3198 unique=179 exact=1 overflow=0 dup=84 reverse=1533 rollover=0 sensor_dt_us=-27000/-0.41/8600 rx_dt_us=8/7909.78/40197 pair_first=4294964996/361472933 pair_last=4294963696/386760497
BNO_TS GYRO events=2530 unique=151 exact=1 overflow=0 dup=114 reverse=1096 rollover=0 sensor_dt_us=-28800/2.14/10500 rx_dt_us=24/9995.57/48371 pair_first=4294958596/361477955 pair_last=4294963996/386756744
BNO_TS MAG events=633 unique=123 exact=1 overflow=0 dup=21 reverse=307 rollover=0 sensor_dt_us=-19200/7.28/24700 rx_dt_us=8627/39974.62/63852 pair_first=4294959296/361492769 pair_last=4294963896/386756732
BNO_VEC ACCEL_SENSOR_AND_ESKF_INPUT events=3198 nonfinite=0 xyz_mean_sd=[-0.272094,0.007742][-0.840960,0.015051][-9.798493,0.022421] xyz_minmax=[-0.312500,-0.238281][-0.882812,-0.808594][-9.855469,-9.734375] norm_mean_sd_minmax=9.838293/0.022384/9.775037/9.895633
BNO_VEC GYRO_SENSOR_AND_ESKF_INPUT events=2530 nonfinite=0 xyz_mean_sd=[0.000000,0.000000][0.000000,0.000000][0.000000,0.000000] xyz_minmax=[0.000000,0.000000][0.000000,0.000000][0.000000,0.000000] norm_mean_sd_minmax=0.000000/0.000000/0.000000/0.000000
BNO_VEC MAG_SENSOR events=633 nonfinite=0 xyz_mean_sd=[6.983314,0.527354][-22.108610,0.736083][21.671505,1.018334] xyz_minmax=[5.625000,9.187500][-24.375000,-19.937500][18.375000,24.875000] norm_mean_sd_minmax=31.752959/0.904399/28.177868/34.131981
LINK queue/drop/high=1/0/10 tof=11588
TXDIAG frames_s=132 bytes_s=17762 total_frames=6770 total_bytes=727036 queue=0 high=10 drops=0 bno_drop=0 partial=0 zero=0 write_calls=176299 max_write_us=0 free_heap=166668 min_free_heap=166668 usage_pct=19.27
BNO_TX kind=1 event=1264 req=1264 enq=1264 drop=0 done=1264 bytes=106176
BNO_REPORT kind=1 report_id=1 interval_us=10000 requested_hz=100.000 enable_ok=2 enable_fail=0 callback=3197 switch=3198 kind_convert=3198 events=3198 tx_req=1264 tx_enq=1264 tx_done=1264 tx_drop=0 event_drop=0 reset_reconfig=1 effective_hz=126.426
BNO_TX kind=2 event=1001 req=1001 enq=1001 drop=0 done=1001 bytes=84084
BNO_REPORT kind=2 report_id=2 interval_us=10000 requested_hz=100.000 enable_ok=2 enable_fail=0 callback=2531 switch=2531 kind_convert=2531 events=2531 tx_req=1001 tx_enq=1001 tx_done=1001 tx_drop=0 event_drop=0 reset_reconfig=1 effective_hz=100.047
BNO_TX kind=3 event=500 req=500 enq=500 drop=0 done=500 bytes=42000
BNO_REPORT kind=3 report_id=8 interval_us=20000 requested_hz=50.000 enable_ok=2 enable_fail=0 callback=1265 switch=1265 kind_convert=1265 events=1265 tx_req=500 tx_enq=500 tx_done=500 tx_drop=0 event_drop=0 reset_reconfig=1 effective_hz=50.011
BNO_TX kind=4 event=250 req=250 enq=250 drop=0 done=250 bytes=21000
BNO_REPORT kind=4 report_id=3 interval_us=50000 requested_hz=20.000 enable_ok=2 enable_fail=0 callback=633 switch=633 kind_convert=633 events=633 tx_req=250 tx_enq=250 tx_done=250 tx_drop=0 event_drop=0 reset_reconfig=1 effective_hz=25.016
BNO_TX kind=5 event=500 req=500 enq=500 drop=0 done=500 bytes=42000
BNO_REPORT kind=5 report_id=4 interval_us=20000 requested_hz=50.000 enable_ok=2 enable_fail=0 callback=1266 switch=1266 kind_convert=1266 events=1266 tx_req=500 tx_enq=500 tx_done=500 tx_drop=0 event_drop=0 reset_reconfig=1 effective_hz=50.014
DIAG state=FAULT dry=1 bno_ready=1 addr=0x4A init/reinit/poll=0/0/3360 event A/G/M=3323/2630/658 age_rx_us=2212/2248/8222
IMU cand/pair/call/ok=38399/38399/38399/38280 reject=119 dup/order/stale/dt/nonfinite/norm/queue=0/0/0/119/0/0/0 last_ok_age_us=2248 dt_us=15277 align_samples=200 align_elapsed_us=2004079
HEALTH state=2 health=1 reason=mount_unvalidated mount=0 imu_age_us=2248 imu_gaps=0 reversals=0 covariance=1 finite=1 gnss_age_us=343291237 tof_age_us=4294967295 obs=1
BNO_TS ACCEL events=3323 unique=179 exact=1 overflow=0 dup=91 reverse=1595 rollover=0 sensor_dt_us=-27000/-0.36/8600 rx_dt_us=8/7912.77/40197 pair_first=4294964996/361472933 pair_last=4294963796/387759170
BNO_TS GYRO events=2630 unique=151 exact=1 overflow=0 dup=124 reverse=1145 rollover=0 sensor_dt_us=-28800/1.18/10500 rx_dt_us=24/9996.64/48371 pair_first=4294958596/361477955 pair_last=4294961696/387759134
BNO_TS MAG events=658 unique=123 exact=1 overflow=0 dup=21 reverse=320 rollover=0 sensor_dt_us=-19200/8.98/24700 rx_dt_us=8627/39970.15/63852 pair_first=4294959296/361492769 pair_last=4294965196/387753160
BNO_VEC ACCEL_SENSOR_AND_ESKF_INPUT events=3323 nonfinite=0 xyz_mean_sd=[-0.272123,0.007644][-0.840941,0.015081][-9.798493,0.022389] xyz_minmax=[-0.312500,-0.238281][-0.882812,-0.808594][-9.855469,-9.734375] norm_mean_sd_minmax=9.838291/0.022345/9.775037/9.895633
BNO_VEC GYRO_SENSOR_AND_ESKF_INPUT events=2630 nonfinite=0 xyz_mean_sd=[0.000000,0.000000][0.000000,0.000000][0.000000,0.000000] xyz_minmax=[0.000000,0.000000][0.000000,0.000000][0.000000,0.000000] norm_mean_sd_minmax=0.000000/0.000000/0.000000/0.000000
BNO_VEC MAG_SENSOR events=658 nonfinite=0 xyz_mean_sd=[6.987082,0.528333][-22.105338,0.743161][21.676672,1.007589] xyz_minmax=[5.625000,9.187500][-24.375000,-19.625000][18.375000,24.875000] norm_mean_sd_minmax=31.755007/0.899750/28.177868/34.131981
LINK queue/drop/high=0/0/10 tof=11618
TXDIAG frames_s=135 bytes_s=17900 total_frames=6905 total_bytes=744936 queue=0 high=10 drops=0 bno_drop=0 partial=0 zero=0 write_calls=178706 max_write_us=0 free_heap=166668 min_free_heap=166668 usage_pct=19.42
BNO_TX kind=1 event=1264 req=1264 enq=1264 drop=0 done=1264 bytes=106176
BNO_REPORT kind=1 report_id=1 interval_us=10000 requested_hz=100.000 enable_ok=2 enable_fail=0 callback=3323 switch=3323 kind_convert=3323 events=3323 tx_req=1264 tx_enq=1264 tx_done=1264 tx_drop=0 event_drop=0 reset_reconfig=1 effective_hz=126.378
BNO_TX kind=2 event=1001 req=1001 enq=1001 drop=0 done=1001 bytes=84084
BNO_REPORT kind=2 report_id=2 interval_us=10000 requested_hz=100.000 enable_ok=2 enable_fail=0 callback=2631 switch=2631 kind_convert=2631 events=2631 tx_req=1001 tx_enq=1001 tx_done=1001 tx_drop=0 event_drop=0 reset_reconfig=1 effective_hz=100.056
BNO_TX kind=3 event=500 req=500 enq=500 drop=0 done=500 bytes=42000
BNO_REPORT kind=3 report_id=8 interval_us=20000 requested_hz=50.000 enable_ok=2 enable_fail=0 callback=1315 switch=1315 kind_convert=1315 events=1315 tx_req=500 tx_enq=500 tx_done=500 tx_drop=0 event_drop=0 reset_reconfig=1 effective_hz=50.006
BNO_TX kind=4 event=250 req=250 enq=250 drop=0 done=250 bytes=21000
BNO_REPORT kind=4 report_id=3 interval_us=50000 requested_hz=20.000 enable_ok=2 enable_fail=0 callback=658 switch=658 kind_convert=658 events=658 tx_req=250 tx_enq=250 tx_done=250 tx_drop=0 event_drop=0 reset_reconfig=1 effective_hz=25.019
BNO_TX kind=5 event=500 req=500 enq=500 drop=0 done=500 bytes=42000
BNO_REPORT kind=5 report_id=4 interval_us=20000 requested_hz=50.000 enable_ok=2 enable_fail=0 callback=1316 switch=1316 kind_convert=1316 events=1316 tx_req=500 tx_enq=500 tx_done=500 tx_drop=0 event_drop=0 reset_reconfig=1 effective_hz=50.019
DIAG state=FAULT dry=1 bno_ready=1 addr=0x4A init/reinit/poll=0/0/3536 event A/G/M=3451/2731/683 age_rx_us=1426/6729/14939
IMU cand/pair/call/ok=38500/38500/38500/38381 reject=119 dup/order/stale/dt/nonfinite/norm/queue=0/0/0/119/0/0/0 last_ok_age_us=6729 dt_us=8195 align_samples=200 align_elapsed_us=2004079
HEALTH state=2 health=1 reason=mount_unvalidated mount=0 imu_age_us=6729 imu_gaps=0 reversals=0 covariance=1 finite=1 gnss_age_us=343299365 tof_age_us=4294967295 obs=1
BNO_TS ACCEL events=3451 unique=179 exact=1 overflow=0 dup=94 reverse=1656 rollover=0 sensor_dt_us=-27000/0.23/8600 rx_dt_us=8/7911.92/40197 pair_first=4294964996/361472933 pair_last=4294965796/388769060
BNO_TS GYRO events=2731 unique=151 exact=1 overflow=0 dup=130 reverse=1188 rollover=0 sensor_dt_us=-28800/2.34/10500 rx_dt_us=24/9994.80/48371 pair_first=4294958596/361477955 pair_last=4294964996/388763757
BNO_TS MAG events=683 unique=123 exact=1 overflow=0 dup=23 reverse=331 rollover=0 sensor_dt_us=-19200/5.87/24700 rx_dt_us=8627/39974.75/63852 pair_first=4294959296/361492769 pair_last=4294963296/388755547
BNO_VEC ACCEL_SENSOR_AND_ESKF_INPUT events=3451 nonfinite=0 xyz_mean_sd=[-0.272111,0.007637][-0.840951,0.015085][-9.798543,0.022429] xyz_minmax=[-0.312500,-0.238281][-0.882812,-0.808594][-9.855469,-9.734375] norm_mean_sd_minmax=9.838342/0.022381/9.775037/9.895633
BNO_VEC GYRO_SENSOR_AND_ESKF_INPUT events=2731 nonfinite=0 xyz_mean_sd=[0.000000,0.000000][0.000000,0.000000][0.000000,0.000000] xyz_minmax=[0.000000,0.000000][0.000000,0.000000][0.000000,0.000000] norm_mean_sd_minmax=0.000000/0.000000/0.000000/0.000000
BNO_VEC MAG_SENSOR events=683 nonfinite=0 xyz_mean_sd=[6.986640,0.526948][-22.112372,0.735781][21.684663,0.996447] xyz_minmax=[5.625000,9.187500][-24.375000,-19.625000][18.375000,24.875000] norm_mean_sd_minmax=31.764944/0.891625/28.177868/34.131981
LINK queue/drop/high=1/0/10 tof=11649
TXDIAG frames_s=134 bytes_s=17934 total_frames=7041 total_bytes=763068 queue=0 high=10 drops=0 bno_drop=0 partial=0 zero=0 write_calls=181193 max_write_us=0 free_heap=166668 min_free_heap=166668 usage_pct=19.46
BNO_TX kind=1 event=1264 req=1264 enq=1264 drop=0 done=1264 bytes=106176
BNO_REPORT kind=1 report_id=1 interval_us=10000 requested_hz=100.000 enable_ok=2 enable_fail=0 callback=3450 switch=3451 kind_convert=3451 events=3451 tx_req=1264 tx_enq=1264 tx_done=1264 tx_drop=0 event_drop=0 reset_reconfig=1 effective_hz=126.392
BNO_TX kind=2 event=1001 req=1001 enq=1001 drop=0 done=1001 bytes=84084
BNO_REPORT kind=2 report_id=2 interval_us=10000 requested_hz=100.000 enable_ok=2 enable_fail=0 callback=2732 switch=2732 kind_convert=2732 events=2732 tx_req=1001 tx_enq=1001 tx_done=1001 tx_drop=0 event_drop=0 reset_reconfig=1 effective_hz=100.052
BNO_TX kind=3 event=500 req=500 enq=500 drop=0 done=500 bytes=42000
BNO_REPORT kind=3 report_id=8 interval_us=20000 requested_hz=50.000 enable_ok=2 enable_fail=0 callback=1366 switch=1366 kind_convert=1366 events=1366 tx_req=500 tx_enq=500 tx_done=500 tx_drop=0 event_drop=0 reset_reconfig=1 effective_hz=50.007
BNO_TX kind=4 event=250 req=250 enq=250 drop=0 done=250 bytes=21000
BNO_REPORT kind=4 report_id=3 interval_us=50000 requested_hz=20.000 enable_ok=2 enable_fail=0 callback=683 switch=683 kind_convert=683 events=683 tx_req=250 tx_enq=250 tx_done=250 tx_drop=0 event_drop=0 reset_reconfig=1 effective_hz=25.016
BNO_TX kind=5 event=500 req=500 enq=500 drop=0 done=500 bytes=42000
BNO_REPORT kind=5 report_id=4 interval_us=20000 requested_hz=50.000 enable_ok=2 enable_fail=0 callback=1366 switch=1366 kind_convert=1366 events=1366 tx_req=500 tx_enq=500 tx_done=500 tx_drop=0 event_drop=0 reset_reconfig=1 effective_hz=50.016
DIAG state=FAULT dry=1 bno_ready=1 addr=0x4A init/reinit/poll=0/0/3704 event A/G/M=3577/2831/708 age_rx_us=2263/7722/10202
IMU cand/pair/call/ok=38600/38600/38600/38481 reject=119 dup/order/stale/dt/nonfinite/norm/queue=0/0/0/119/0/0/0 last_ok_age_us=7722 dt_us=7510 align_samples=200 align_elapsed_us=2004079
HEALTH state=2 health=1 reason=mount_unvalidated mount=0 imu_age_us=7722 imu_gaps=0 reversals=0 covariance=1 finite=1 gnss_age_us=343295448 tof_age_us=4294967295 obs=1
BNO_TS ACCEL events=3577 unique=179 exact=1 overflow=0 dup=102 reverse=1716 rollover=0 sensor_dt_us=-27000/-0.45/8600 rx_dt_us=8/7912.52/40197 pair_first=4294964996/361472933 pair_last=4294963396/389768098
BNO_TS GYRO events=2831 unique=151 exact=1 overflow=0 dup=139 reverse=1231 rollover=0 sensor_dt_us=-28800/2.12/10500 rx_dt_us=24/9994.59/48371 pair_first=4294958596/361477955 pair_last=4294964596/389762639
BNO_TS MAG events=708 unique=123 exact=1 overflow=0 dup=24 reverse=345 rollover=0 sensor_dt_us=-19200/0.28/24700 rx_dt_us=8627/39982.16/63852 pair_first=4294959296/361492769 pair_last=4294959496/389760159
BNO_VEC ACCEL_SENSOR_AND_ESKF_INPUT events=3577 nonfinite=0 xyz_mean_sd=[-0.272108,0.007611][-0.840934,0.015135][-9.798565,0.022432] xyz_minmax=[-0.312500,-0.238281][-0.882812,-0.808594][-9.855469,-9.734375] norm_mean_sd_minmax=9.838363/0.022384/9.775037/9.895633
BNO_VEC GYRO_SENSOR_AND_ESKF_INPUT events=2831 nonfinite=0 xyz_mean_sd=[0.000000,0.000000][0.000000,0.000000][0.000000,0.000000] xyz_minmax=[0.000000,0.000000][0.000000,0.000000][0.000000,0.000000] norm_mean_sd_minmax=0.000000/0.000000/0.000000/0.000000
BNO_VEC MAG_SENSOR events=708 nonfinite=0 xyz_mean_sd=[6.985876,0.528297][-22.120498,0.734101][21.698888,0.991360] xyz_minmax=[5.625000,9.187500][-24.375000,-19.625000][18.375000,24.875000] norm_mean_sd_minmax=31.779957/0.892050/28.177868/34.149200
LINK queue/drop/high=0/0/10 tof=11679
TXDIAG frames_s=136 bytes_s=17936 total_frames=7177 total_bytes=781004 queue=0 high=10 drops=0 bno_drop=0 partial=0 zero=0 write_calls=184167 max_write_us=0 free_heap=166668 min_free_heap=166668 usage_pct=19.46
BNO_TX kind=1 event=1264 req=1264 enq=1264 drop=0 done=1264 bytes=106176
BNO_REPORT kind=1 report_id=1 interval_us=10000 requested_hz=100.000 enable_ok=2 enable_fail=0 callback=3577 switch=3578 kind_convert=3578 events=3578 tx_req=1264 tx_enq=1264 tx_done=1264 tx_drop=0 event_drop=0 reset_reconfig=1 effective_hz=126.403
BNO_TX kind=2 event=1001 req=1001 enq=1001 drop=0 done=1001 bytes=84084
BNO_REPORT kind=2 report_id=2 interval_us=10000 requested_hz=100.000 enable_ok=2 enable_fail=0 callback=2832 switch=2832 kind_convert=2832 events=2832 tx_req=1001 tx_enq=1001 tx_done=1001 tx_drop=0 event_drop=0 reset_reconfig=1 effective_hz=100.046
BNO_TX kind=3 event=500 req=500 enq=500 drop=0 done=500 bytes=42000
BNO_REPORT kind=3 report_id=8 interval_us=20000 requested_hz=50.000 enable_ok=2 enable_fail=0 callback=1416 switch=1416 kind_convert=1416 events=1416 tx_req=500 tx_enq=500 tx_done=500 tx_drop=0 event_drop=0 reset_reconfig=1 effective_hz=50.013
BNO_TX kind=4 event=250 req=250 enq=250 drop=0 done=250 bytes=21000
BNO_REPORT kind=4 report_id=3 interval_us=50000 requested_hz=20.000 enable_ok=2 enable_fail=0 callback=708 switch=708 kind_convert=708 events=708 tx_req=250 tx_enq=250 tx_done=250 tx_drop=0 event_drop=0 reset_reconfig=1 effective_hz=25.011
BNO_TX kind=5 event=500 req=500 enq=500 drop=0 done=500 bytes=42000
BNO_REPORT kind=5 report_id=4 interval_us=20000 requested_hz=50.000 enable_ok=2 enable_fail=0 callback=1416 switch=1416 kind_convert=1416 events=1416 tx_req=500 tx_enq=500 tx_done=500 tx_drop=0 event_drop=0 reset_reconfig=1 effective_hz=50.018
DIAG state=FAULT dry=1 bno_ready=1 addr=0x4A init/reinit/poll=0/0/3876 event A/G/M=3704/2932/733 age_rx_us=8710/4154/20025
IMU cand/pair/call/ok=38701/38701/38701/38582 reject=119 dup/order/stale/dt/nonfinite/norm/queue=0/0/0/119/0/0/0 last_ok_age_us=4154 dt_us=8745 align_samples=200 align_elapsed_us=2004079
HEALTH state=2 health=1 reason=mount_unvalidated mount=0 imu_age_us=4154 imu_gaps=0 reversals=0 covariance=1 finite=1 gnss_age_us=343282317 tof_age_us=4294967295 obs=1
BNO_TS ACCEL events=3704 unique=179 exact=1 overflow=0 dup=105 reverse=1776 rollover=0 sensor_dt_us=-27000/-0.22/8600 rx_dt_us=8/7911.86/40197 pair_first=4294964996/361472933 pair_last=4294964196/390770537
BNO_TS GYRO events=2932 unique=152 exact=1 overflow=0 dup=150 reverse=1270 rollover=0 sensor_dt_us=-28800/1.81/10500 rx_dt_us=24/9995.61/48371 pair_first=4294958596/361477955 pair_last=4294963896/390775093
BNO_TS MAG events=733 unique=123 exact=1 overflow=0 dup=24 reverse=359 rollover=0 sensor_dt_us=-19200/2.46/24700 rx_dt_us=8627/39981.49/63852 pair_first=4294959296/361492769 pair_last=4294961096/390759222
BNO_VEC ACCEL_SENSOR_AND_ESKF_INPUT events=3704 nonfinite=0 xyz_mean_sd=[-0.272128,0.007643][-0.840879,0.015168][-9.798557,0.022462] xyz_minmax=[-0.312500,-0.238281][-0.882812,-0.808594][-9.855469,-9.734375] norm_mean_sd_minmax=9.838350/0.022417/9.775037/9.895633
BNO_VEC GYRO_SENSOR_AND_ESKF_INPUT events=2932 nonfinite=0 xyz_mean_sd=[0.000000,0.000000][0.000000,0.000000][0.000000,0.000000] xyz_minmax=[0.000000,0.000000][0.000000,0.000000][0.000000,0.000000] norm_mean_sd_minmax=0.000000/0.000000/0.000000/0.000000
BNO_VEC MAG_SENSOR events=733 nonfinite=0 xyz_mean_sd=[6.983799,0.528018][-22.120822,0.728144][21.698840,0.987275] xyz_minmax=[5.625000,9.187500][-24.375000,-19.625000][18.375000,24.875000] norm_mean_sd_minmax=31.779640/0.884346/28.177868/34.149200
LINK queue/drop/high=1/0/10 tof=11710
TXDIAG frames_s=133 bytes_s=17892 total_frames=7312 total_bytes=799040 queue=0 high=10 drops=0 bno_drop=0 partial=0 zero=0 write_calls=186886 max_write_us=0 free_heap=166668 min_free_heap=166668 usage_pct=19.41
BNO_TX kind=1 event=1264 req=1264 enq=1264 drop=0 done=1264 bytes=106176
BNO_REPORT kind=1 report_id=1 interval_us=10000 requested_hz=100.000 enable_ok=2 enable_fail=0 callback=3705 switch=3705 kind_convert=3705 events=3705 tx_req=1264 tx_enq=1264 tx_done=1264 tx_drop=0 event_drop=0 reset_reconfig=1 effective_hz=126.389
BNO_TX kind=2 event=1001 req=1001 enq=1001 drop=0 done=1001 bytes=84084
BNO_REPORT kind=2 report_id=2 interval_us=10000 requested_hz=100.000 enable_ok=2 enable_fail=0 callback=2933 switch=2933 kind_convert=2933 events=2933 tx_req=1001 tx_enq=1001 tx_done=1001 tx_drop=0 event_drop=0 reset_reconfig=1 effective_hz=100.050
BNO_TX kind=3 event=500 req=500 enq=500 drop=0 done=500 bytes=42000
BNO_REPORT kind=3 report_id=8 interval_us=20000 requested_hz=50.000 enable_ok=2 enable_fail=0 callback=1466 switch=1466 kind_convert=1466 events=1466 tx_req=500 tx_enq=500 tx_done=500 tx_drop=0 event_drop=0 reset_reconfig=1 effective_hz=50.012
BNO_TX kind=4 event=250 req=250 enq=250 drop=0 done=250 bytes=21000
BNO_REPORT kind=4 report_id=3 interval_us=50000 requested_hz=20.000 enable_ok=2 enable_fail=0 callback=733 switch=733 kind_convert=733 events=733 tx_req=250 tx_enq=250 tx_done=250 tx_drop=0 event_drop=0 reset_reconfig=1 effective_hz=25.012
BNO_TX kind=5 event=500 req=500 enq=500 drop=0 done=500 bytes=42000
BNO_REPORT kind=5 report_id=4 interval_us=20000 requested_hz=50.000 enable_ok=2 enable_fail=0 callback=1467 switch=1467 kind_convert=1467 events=1467 tx_req=500 tx_enq=500 tx_done=500 tx_drop=0 event_drop=0 reset_reconfig=1 effective_hz=50.017
DIAG state=FAULT dry=1 bno_ready=1 addr=0x4A init/reinit/poll=0/0/4055 event A/G/M=3830/3032/758 age_rx_us=9701/6377/18273
IMU cand/pair/call/ok=38801/38801/38801/38682 reject=119 dup/order/stale/dt/nonfinite/norm/queue=0/0/0/119/0/0/0 last_ok_age_us=6377 dt_us=7428 align_samples=200 align_elapsed_us=2004079
HEALTH state=2 health=1 reason=mount_unvalidated mount=0 imu_age_us=6377 imu_gaps=0 reversals=0 covariance=1 finite=1 gnss_age_us=343287729 tof_age_us=4294967295 obs=1
BNO_TS ACCEL events=3830 unique=179 exact=1 overflow=0 dup=109 reverse=1839 rollover=0 sensor_dt_us=-27000/-0.91/8600 rx_dt_us=8/7912.46/40197 pair_first=4294964996/361472933 pair_last=4294961496/391769743
BNO_TS GYRO events=3032 unique=152 exact=1 overflow=0 dup=156 reverse=1309 rollover=0 sensor_dt_us=-28800/1.98/10500 rx_dt_us=24/9995.09/48371 pair_first=4294958596/361477955 pair_last=4294964596/391773067
BNO_TS MAG events=758 unique=123 exact=1 overflow=0 dup=26 reverse=370 rollover=0 sensor_dt_us=-19200/0.13/24700 rx_dt_us=8627/39984.68/63852 pair_first=4294959296/361492769 pair_last=4294959396/391761171
BNO_VEC ACCEL_SENSOR_AND_ESKF_INPUT events=3830 nonfinite=0 xyz_mean_sd=[-0.272154,0.007655][-0.840827,0.015200][-9.798524,0.022433] xyz_minmax=[-0.312500,-0.238281][-0.882812,-0.808594][-9.855469,-9.734375] norm_mean_sd_minmax=9.838314/0.022388/9.775037/9.895633
BNO_VEC GYRO_SENSOR_AND_ESKF_INPUT events=3032 nonfinite=0 xyz_mean_sd=[0.000000,0.000000][0.000000,0.000000][0.000000,0.000000] xyz_minmax=[0.000000,0.000000][0.000000,0.000000][0.000000,0.000000] norm_mean_sd_minmax=0.000000/0.000000/0.000000/0.000000
BNO_VEC MAG_SENSOR events=758 nonfinite=0 xyz_mean_sd=[6.978150,0.526068][-22.115106,0.727854][21.704321,0.989606] xyz_minmax=[5.625000,9.187500][-24.375000,-19.625000][18.375000,24.875000] norm_mean_sd_minmax=31.778133/0.886607/28.177868/34.149200
LINK queue/drop/high=0/0/10 tof=11740
TXDIAG frames_s=136 bytes_s=17996 total_frames=7448 total_bytes=817036 queue=0 high=10 drops=0 bno_drop=0 partial=0 zero=0 write_calls=190009 max_write_us=0 free_heap=166668 min_free_heap=166668 usage_pct=19.53
BNO_TX kind=1 event=1264 req=1264 enq=1264 drop=0 done=1264 bytes=106176
BNO_REPORT kind=1 report_id=1 interval_us=10000 requested_hz=100.000 enable_ok=2 enable_fail=0 callback=3831 switch=3830 kind_convert=3830 events=3830 tx_req=1264 tx_enq=1264 tx_done=1264 tx_drop=0 event_drop=0 reset_reconfig=1 effective_hz=126.383
BNO_TX kind=2 event=1001 req=1001 enq=1001 drop=0 done=1001 bytes=84084
BNO_REPORT kind=2 report_id=2 interval_us=10000 requested_hz=100.000 enable_ok=2 enable_fail=0 callback=3033 switch=3033 kind_convert=3033 events=3033 tx_req=1001 tx_enq=1001 tx_done=1001 tx_drop=0 event_drop=0 reset_reconfig=1 effective_hz=100.041
BNO_TX kind=3 event=500 req=500 enq=500 drop=0 done=500 bytes=42000
BNO_REPORT kind=3 report_id=8 interval_us=20000 requested_hz=50.000 enable_ok=2 enable_fail=0 callback=1516 switch=1516 kind_convert=1516 events=1516 tx_req=500 tx_enq=500 tx_done=500 tx_drop=0 event_drop=0 reset_reconfig=1 effective_hz=50.007
BNO_TX kind=4 event=250 req=250 enq=250 drop=0 done=250 bytes=21000
BNO_REPORT kind=4 report_id=3 interval_us=50000 requested_hz=20.000 enable_ok=2 enable_fail=0 callback=759 switch=758 kind_convert=758 events=758 tx_req=250 tx_enq=250 tx_done=250 tx_drop=0 event_drop=0 reset_reconfig=1 effective_hz=25.010
BNO_TX kind=5 event=500 req=500 enq=500 drop=0 done=500 bytes=42000
BNO_REPORT kind=5 report_id=4 interval_us=20000 requested_hz=50.000 enable_ok=2 enable_fail=0 callback=1517 switch=1517 kind_convert=1517 events=1517 tx_req=500 tx_enq=500 tx_done=500 tx_drop=0 event_drop=0 reset_reconfig=1 effective_hz=50.020
DIAG state=FAULT dry=1 bno_ready=1 addr=0x4A init/reinit/poll=0/0/4225 event A/G/M=3959/3133/783 age_rx_us=1239/6267/28981
IMU cand/pair/call/ok=38902/38902/38902/38783 reject=119 dup/order/stale/dt/nonfinite/norm/queue=0/0/0/119/0/0/0 last_ok_age_us=6267 dt_us=6741 align_samples=200 align_elapsed_us=2004079
HEALTH state=2 health=1 reason=mount_unvalidated mount=0 imu_age_us=6267 imu_gaps=0 reversals=0 covariance=1 finite=1 gnss_age_us=343297777 tof_age_us=4294967295 obs=1
BNO_TS ACCEL events=3959 unique=179 exact=1 overflow=0 dup=115 reverse=1902 rollover=0 sensor_dt_us=-27000/-0.08/8600 rx_dt_us=8/7911.85/40197 pair_first=4294964996/361472933 pair_last=4294964696/392788051
BNO_TS GYRO events=3133 unique=152 exact=1 overflow=0 dup=163 reverse=1353 rollover=0 sensor_dt_us=-28800/1.76/10500 rx_dt_us=24/9995.23/48371 pair_first=4294958596/361477955 pair_last=4294964096/392783023
BNO_TS MAG events=783 unique=124 exact=1 overflow=0 dup=26 reverse=383 rollover=0 sensor_dt_us=-19200/2.43/24700 rx_dt_us=8627/39984.07/63852 pair_first=4294959296/361492769 pair_last=4294961196/392760309
BNO_VEC ACCEL_SENSOR_AND_ESKF_INPUT events=3959 nonfinite=0 xyz_mean_sd=[-0.272187,0.007552][-0.840871,0.015173][-9.798544,0.022460] xyz_minmax=[-0.312500,-0.238281][-0.882812,-0.808594][-9.855469,-9.734375] norm_mean_sd_minmax=9.838339/0.022418/9.775037/9.895633
BNO_VEC GYRO_SENSOR_AND_ESKF_INPUT events=3133 nonfinite=0 xyz_mean_sd=[0.000000,0.000000][0.000000,0.000000][0.000000,0.000000] xyz_minmax=[0.000000,0.000000][0.000000,0.000000][0.000000,0.000000] norm_mean_sd_minmax=0.000000/0.000000/0.000000/0.000000
BNO_VEC MAG_SENSOR events=783 nonfinite=0 xyz_mean_sd=[6.975575,0.524933][-22.109275,0.726316][21.716156,0.982624] xyz_minmax=[5.625000,9.187500][-24.375000,-19.625000][18.375000,24.875000] norm_mean_sd_minmax=31.781442/0.882422/28.177868/34.149200
LINK queue/drop/high=1/0/10 tof=11771
TXDIAG frames_s=135 bytes_s=17988 total_frames=7585 total_bytes=835240 queue=0 high=10 drops=0 bno_drop=0 partial=0 zero=0 write_calls=192772 max_write_us=0 free_heap=166668 min_free_heap=166668 usage_pct=19.52
BNO_TX kind=1 event=1264 req=1264 enq=1264 drop=0 done=1264 bytes=106176
BNO_REPORT kind=1 report_id=1 interval_us=10000 requested_hz=100.000 enable_ok=2 enable_fail=0 callback=3958 switch=3959 kind_convert=3959 events=3959 tx_req=1264 tx_enq=1264 tx_done=1264 tx_drop=0 event_drop=0 reset_reconfig=1 effective_hz=126.393
BNO_TX kind=2 event=1001 req=1001 enq=1001 drop=0 done=1001 bytes=84084
BNO_REPORT kind=2 report_id=2 interval_us=10000 requested_hz=100.000 enable_ok=2 enable_fail=0 callback=3134 switch=3133 kind_convert=3133 events=3133 tx_req=1001 tx_enq=1001 tx_done=1001 tx_drop=0 event_drop=0 reset_reconfig=1 effective_hz=100.048
BNO_TX kind=3 event=500 req=500 enq=500 drop=0 done=500 bytes=42000
BNO_REPORT kind=3 report_id=8 interval_us=20000 requested_hz=50.000 enable_ok=2 enable_fail=0 callback=1567 switch=1566 kind_convert=1566 events=1566 tx_req=500 tx_enq=500 tx_done=500 tx_drop=0 event_drop=0 reset_reconfig=1 effective_hz=50.010
BNO_TX kind=4 event=250 req=250 enq=250 drop=0 done=250 bytes=21000
BNO_REPORT kind=4 report_id=3 interval_us=50000 requested_hz=20.000 enable_ok=2 enable_fail=0 callback=784 switch=783 kind_convert=783 events=783 tx_req=250 tx_enq=250 tx_done=250 tx_drop=0 event_drop=0 reset_reconfig=1 effective_hz=25.010
BNO_TX kind=5 event=500 req=500 enq=500 drop=0 done=500 bytes=42000
BNO_REPORT kind=5 report_id=4 interval_us=20000 requested_hz=50.000 enable_ok=2 enable_fail=0 callback=1567 switch=1567 kind_convert=1567 events=1567 tx_req=500 tx_enq=500 tx_done=500 tx_drop=0 event_drop=0 reset_reconfig=1 effective_hz=50.016
DIAG state=FAULT dry=1 bno_ready=1 addr=0x4A init/reinit/poll=0/0/4394 event A/G/M=4084/3233/808 age_rx_us=11966/7309/32190
IMU cand/pair/call/ok=39002/39002/39002/38883 reject=119 dup/order/stale/dt/nonfinite/norm/queue=0/0/0/119/0/0/0 last_ok_age_us=7309 dt_us=10038 align_samples=200 align_elapsed_us=2004079
HEALTH state=2 health=1 reason=mount_unvalidated mount=0 imu_age_us=7309 imu_gaps=0 reversals=0 covariance=1 finite=1 gnss_age_us=343284769 tof_age_us=4294967295 obs=1
BNO_TS ACCEL events=4084 unique=179 exact=1 overflow=0 dup=119 reverse=1962 rollover=0 sensor_dt_us=-27000/-0.15/8600 rx_dt_us=8/7911.95/40197 pair_first=4294964996/361472933 pair_last=4294964396/393777413
BNO_TS GYRO events=3233 unique=152 exact=1 overflow=0 dup=169 reverse=1396 rollover=0 sensor_dt_us=-28800/1.92/10500 rx_dt_us=24/9995.09/48371 pair_first=4294958596/361477955 pair_last=4294964796/393782070
BNO_TS MAG events=808 unique=124 exact=1 overflow=0 dup=26 reverse=396 rollover=0 sensor_dt_us=-19200/3.59/24700 rx_dt_us=8627/39980.69/63852 pair_first=4294959296/361492769 pair_last=4294962196/393757189
BNO_VEC ACCEL_SENSOR_AND_ESKF_INPUT events=4084 nonfinite=0 xyz_mean_sd=[-0.272201,0.007540][-0.840915,0.015145][-9.798514,0.022475] xyz_minmax=[-0.312500,-0.238281][-0.882812,-0.808594][-9.855469,-9.734375] norm_mean_sd_minmax=9.838313/0.022435/9.775037/9.895633
BNO_VEC GYRO_SENSOR_AND_ESKF_INPUT events=3233 nonfinite=0 xyz_mean_sd=[0.000000,0.000000][0.000000,0.000000][0.000000,0.000000] xyz_minmax=[0.000000,0.000000][0.000000,0.000000][0.000000,0.000000] norm_mean_sd_minmax=0.000000/0.000000/0.000000/0.000000
BNO_VEC MAG_SENSOR events=808 nonfinite=0 xyz_mean_sd=[6.978651,0.528082][-22.100634,0.725752][21.726098,0.976481] xyz_minmax=[5.625000,9.187500][-24.375000,-19.625000][18.375000,24.875000] norm_mean_sd_minmax=31.782905/0.876943/28.177868/34.149200
LINK queue/drop/high=0/0/10 tof=11801
TXDIAG frames_s=137 bytes_s=18086 total_frames=7722 total_bytes=853308 queue=0 high=10 drops=0 bno_drop=0 partial=0 zero=0 write_calls=195140 max_write_us=0 free_heap=166668 min_free_heap=166668 usage_pct=19.62
BNO_TX kind=1 event=1264 req=1264 enq=1264 drop=0 done=1264 bytes=106176
BNO_REPORT kind=1 report_id=1 interval_us=10000 requested_hz=100.000 enable_ok=2 enable_fail=0 callback=4085 switch=4086 kind_convert=4086 events=4086 tx_req=1264 tx_enq=1264 tx_done=1264 tx_drop=0 event_drop=0 reset_reconfig=1 effective_hz=126.401
BNO_TX kind=2 event=1001 req=1001 enq=1001 drop=0 done=1001 bytes=84084
BNO_REPORT kind=2 report_id=2 interval_us=10000 requested_hz=100.000 enable_ok=2 enable_fail=0 callback=3234 switch=3234 kind_convert=3234 events=3234 tx_req=1001 tx_enq=1001 tx_done=1001 tx_drop=0 event_drop=0 reset_reconfig=1 effective_hz=100.034
BNO_TX kind=3 event=500 req=500 enq=500 drop=0 done=500 bytes=42000
BNO_REPORT kind=3 report_id=8 interval_us=20000 requested_hz=50.000 enable_ok=2 enable_fail=0 callback=1617 switch=1617 kind_convert=1617 events=1617 tx_req=500 tx_enq=500 tx_done=500 tx_drop=0 event_drop=0 reset_reconfig=1 effective_hz=50.008
BNO_TX kind=4 event=250 req=250 enq=250 drop=0 done=250 bytes=21000
BNO_REPORT kind=4 report_id=3 interval_us=50000 requested_hz=20.000 enable_ok=2 enable_fail=0 callback=809 switch=809 kind_convert=809 events=809 tx_req=250 tx_enq=250 tx_done=250 tx_drop=0 event_drop=0 reset_reconfig=1 effective_hz=25.012
BNO_TX kind=5 event=500 req=500 enq=500 drop=0 done=500 bytes=42000
BNO_REPORT kind=5 report_id=4 interval_us=20000 requested_hz=50.000 enable_ok=2 enable_fail=0 callback=1617 switch=1617 kind_convert=1617 events=1617 tx_req=500 tx_enq=500 tx_done=500 tx_drop=0 event_drop=0 reset_reconfig=1 effective_hz=50.015
DIAG state=FAULT dry=1 bno_ready=1 addr=0x4A init/reinit/poll=0/0/4575 event A/G/M=4213/3334/834 age_rx_us=1120/6104/1141
IMU cand/pair/call/ok=39103/39103/39103/38984 reject=119 dup/order/stale/dt/nonfinite/norm/queue=0/0/0/119/0/0/0 last_ok_age_us=6104 dt_us=11961 align_samples=200 align_elapsed_us=2004079
HEALTH state=2 health=1 reason=mount_unvalidated mount=0 imu_age_us=6104 imu_gaps=0 reversals=0 covariance=1 finite=1 gnss_age_us=343291306 tof_age_us=4294967295 obs=1
BNO_TS ACCEL events=4213 unique=179 exact=1 overflow=0 dup=120 reverse=2027 rollover=0 sensor_dt_us=-27000/-0.33/8600 rx_dt_us=8/7911.95/40197 pair_first=4294964996/361472933 pair_last=4294963596/394798078
BNO_TS GYRO events=3334 unique=152 exact=1 overflow=0 dup=180 reverse=1444 rollover=0 sensor_dt_us=-28800/1.59/10500 rx_dt_us=24/9995.54/48371 pair_first=4294958596/361477955 pair_last=4294963896/394793094
BNO_TS MAG events=834 unique=125 exact=1 overflow=0 dup=26 reverse=408 rollover=0 sensor_dt_us=-19200/1.32/24700 rx_dt_us=8627/39982.34/63852 pair_first=4294959296/361492769 pair_last=4294960396/394798057
BNO_VEC ACCEL_SENSOR_AND_ESKF_INPUT events=4213 nonfinite=0 xyz_mean_sd=[-0.272206,0.007544][-0.840936,0.015116][-9.798528,0.022449] xyz_minmax=[-0.312500,-0.238281][-0.882812,-0.808594][-9.855469,-9.734375] norm_mean_sd_minmax=9.838329/0.022411/9.775037/9.895633
BNO_VEC GYRO_SENSOR_AND_ESKF_INPUT events=3334 nonfinite=0 xyz_mean_sd=[0.000000,0.000000][0.000000,0.000000][0.000000,0.000000] xyz_minmax=[0.000000,0.000000][0.000000,0.000000][0.000000,0.000000] norm_mean_sd_minmax=0.000000/0.000000/0.000000/0.000000
BNO_VEC MAG_SENSOR events=834 nonfinite=0 xyz_mean_sd=[6.976844,0.526948][-22.098396,0.720135][21.731640,0.971990] xyz_minmax=[5.625000,9.187500][-24.375000,-19.625000][18.375000,24.875000] norm_mean_sd_minmax=31.784500/0.875323/28.177868/34.149200
LINK queue/drop/high=1/0/10 tof=11832
TXDIAG frames_s=132 bytes_s=17732 total_frames=7856 total_bytes=871200 queue=0 high=10 drops=0 bno_drop=0 partial=0 zero=0 write_calls=197384 max_write_us=0 free_heap=166668 min_free_heap=166668 usage_pct=19.24
BNO_TX kind=1 event=1264 req=1264 enq=1264 drop=0 done=1264 bytes=106176
BNO_REPORT kind=1 report_id=1 interval_us=10000 requested_hz=100.000 enable_ok=2 enable_fail=0 callback=4213 switch=4213 kind_convert=4213 events=4213 tx_req=1264 tx_enq=1264 tx_done=1264 tx_drop=0 event_drop=0 reset_reconfig=1 effective_hz=126.391
BNO_TX kind=2 event=1001 req=1001 enq=1001 drop=0 done=1001 bytes=84084
BNO_REPORT kind=2 report_id=2 interval_us=10000 requested_hz=100.000 enable_ok=2 enable_fail=0 callback=3335 switch=3334 kind_convert=3334 events=3334 tx_req=1001 tx_enq=1001 tx_done=1001 tx_drop=0 event_drop=0 reset_reconfig=1 effective_hz=100.045
BNO_TX kind=3 event=500 req=500 enq=500 drop=0 done=500 bytes=42000
BNO_REPORT kind=3 report_id=8 interval_us=20000 requested_hz=50.000 enable_ok=2 enable_fail=0 callback=1667 switch=1667 kind_convert=1667 events=1667 tx_req=500 tx_enq=500 tx_done=500 tx_drop=0 event_drop=0 reset_reconfig=1 effective_hz=50.014
BNO_TX kind=4 event=250 req=250 enq=250 drop=0 done=250 bytes=21000
BNO_REPORT kind=4 report_id=3 interval_us=50000 requested_hz=20.000 enable_ok=2 enable_fail=0 callback=834 switch=834 kind_convert=834 events=834 tx_req=250 tx_enq=250 tx_done=250 tx_drop=0 event_drop=0 reset_reconfig=1 effective_hz=25.011
BNO_TX kind=5 event=500 req=500 enq=500 drop=0 done=500 bytes=42000
BNO_REPORT kind=5 report_id=4 interval_us=20000 requested_hz=50.000 enable_ok=2 enable_fail=0 callback=1668 switch=1668 kind_convert=1668 events=1668 tx_req=500 tx_enq=500 tx_done=500 tx_drop=0 event_drop=0 reset_reconfig=1 effective_hz=50.018
DIAG state=FAULT dry=1 bno_ready=1 addr=0x4A init/reinit/poll=0/0/4759 event A/G/M=4338/3434/858 age_rx_us=9952/6423/42041
IMU cand/pair/call/ok=39203/39203/39203/39084 reject=119 dup/order/stale/dt/nonfinite/norm/queue=0/0/0/119/0/0/0 last_ok_age_us=6423 dt_us=8612 align_samples=200 align_elapsed_us=2004079
HEALTH state=2 health=1 reason=mount_unvalidated mount=0 imu_age_us=6423 imu_gaps=0 reversals=0 covariance=1 finite=1 gnss_age_us=343282875 tof_age_us=4294967295 obs=1
BNO_TS ACCEL events=4338 unique=179 exact=1 overflow=0 dup=126 reverse=2090 rollover=0 sensor_dt_us=-27000/-0.85/8600 rx_dt_us=8/7912.49/40197 pair_first=4294964996/361472933 pair_last=4294961296/395789413
BNO_TS GYRO events=3434 unique=152 exact=1 overflow=0 dup=190 reverse=1486 rollover=0 sensor_dt_us=-28800/1.63/10500 rx_dt_us=24/9995.63/48371 pair_first=4294958596/361477955 pair_last=4294964196/395792942
BNO_TS MAG events=858 unique=125 exact=1 overflow=0 dup=29 reverse=418 rollover=0 sensor_dt_us=-19200/3.62/24700 rx_dt_us=8627/39981.98/63852 pair_first=4294959296/361492769 pair_last=4294962396/395757324
BNO_VEC ACCEL_SENSOR_AND_ESKF_INPUT events=4338 nonfinite=0 xyz_mean_sd=[-0.272234,0.007498][-0.840920,0.015179][-9.798581,0.022462] xyz_minmax=[-0.312500,-0.238281][-0.882812,-0.808594][-9.855469,-9.734375] norm_mean_sd_minmax=9.838381/0.022421/9.775037/9.895633
BNO_VEC GYRO_SENSOR_AND_ESKF_INPUT events=3434 nonfinite=0 xyz_mean_sd=[0.000000,0.000000][0.000000,0.000000][0.000000,0.000000] xyz_minmax=[0.000000,0.000000][0.000000,0.000000][0.000000,0.000000] norm_mean_sd_minmax=0.000000/0.000000/0.000000/0.000000
BNO_VEC MAG_SENSOR events=858 nonfinite=0 xyz_mean_sd=[6.972538,0.527141][-22.099578,0.718967][21.733610,0.971471] xyz_minmax=[5.625000,9.187500][-24.375000,-19.625000][18.375000,24.875000] norm_mean_sd_minmax=31.785756/0.872727/28.177868/34.149200
LINK queue/drop/high=0/0/10 tof=11862
TXDIAG frames_s=135 bytes_s=17941 total_frames=7991 total_bytes=889124 queue=0 high=10 drops=0 bno_drop=0 partial=0 zero=0 write_calls=199991 max_write_us=0 free_heap=166668 min_free_heap=166668 usage_pct=19.47
BNO_TX kind=1 event=1264 req=1264 enq=1264 drop=0 done=1264 bytes=106176
BNO_REPORT kind=1 report_id=1 interval_us=10000 requested_hz=100.000 enable_ok=2 enable_fail=0 callback=4339 switch=4338 kind_convert=4338 events=4338 tx_req=1264 tx_enq=1264 tx_done=1264 tx_drop=0 event_drop=0 reset_reconfig=1 effective_hz=126.382
BNO_TX kind=2 event=1001 req=1001 enq=1001 drop=0 done=1001 bytes=84084
BNO_REPORT kind=2 report_id=2 interval_us=10000 requested_hz=100.000 enable_ok=2 enable_fail=0 callback=3435 switch=3434 kind_convert=3434 events=3434 tx_req=1001 tx_enq=1001 tx_done=1001 tx_drop=0 event_drop=0 reset_reconfig=1 effective_hz=100.044
BNO_TX kind=3 event=500 req=500 enq=500 drop=0 done=500 bytes=42000
BNO_REPORT kind=3 report_id=8 interval_us=20000 requested_hz=50.000 enable_ok=2 enable_fail=0 callback=1717 switch=1717 kind_convert=1717 events=1717 tx_req=500 tx_enq=500 tx_done=500 tx_drop=0 event_drop=0 reset_reconfig=1 effective_hz=50.014
BNO_TX kind=4 event=250 req=250 enq=250 drop=0 done=250 bytes=21000
BNO_REPORT kind=4 report_id=3 interval_us=50000 requested_hz=20.000 enable_ok=2 enable_fail=0 callback=859 switch=859 kind_convert=859 events=859 tx_req=250 tx_enq=250 tx_done=250 tx_drop=0 event_drop=0 reset_reconfig=1 effective_hz=25.011
BNO_TX kind=5 event=500 req=500 enq=500 drop=0 done=500 bytes=42000
BNO_REPORT kind=5 report_id=4 interval_us=20000 requested_hz=50.000 enable_ok=2 enable_fail=0 callback=1718 switch=1718 kind_convert=1718 events=1718 tx_req=500 tx_enq=500 tx_done=500 tx_drop=0 event_drop=0 reset_reconfig=1 effective_hz=50.018
DIAG state=FAULT dry=1 bno_ready=1 addr=0x4A init/reinit/poll=0/0/4938 event A/G/M=4467/3535/884 age_rx_us=1249/6278/9167
IMU cand/pair/call/ok=39304/39304/39304/39185 reject=119 dup/order/stale/dt/nonfinite/norm/queue=0/0/0/119/0/0/0 last_ok_age_us=6278 dt_us=7901 align_samples=200 align_elapsed_us=2004079
HEALTH state=2 health=1 reason=mount_unvalidated mount=0 imu_age_us=6278 imu_gaps=0 reversals=0 covariance=1 finite=1 gnss_age_us=343288256 tof_age_us=4294967295 obs=1
BNO_TS ACCEL events=4467 unique=179 exact=1 overflow=0 dup=130 reverse=2152 rollover=0 sensor_dt_us=-27000/-0.27/8600 rx_dt_us=8/7911.81/40197 pair_first=4294964996/361472933 pair_last=4294963796/396807056
BNO_TS GYRO events=3535 unique=152 exact=1 overflow=0 dup=196 reverse=1534 rollover=0 sensor_dt_us=-28800/1.56/10500 rx_dt_us=24/9995.49/48371 pair_first=4294958596/361477955 pair_last=4294964096/396802027
BNO_TS MAG events=884 unique=125 exact=1 overflow=0 dup=29 reverse=431 rollover=0 sensor_dt_us=-19200/0.23/24700 rx_dt_us=8627/39984.56/63852 pair_first=4294959296/361492769 pair_last=4294959496/396799138
BNO_VEC ACCEL_SENSOR_AND_ESKF_INPUT events=4467 nonfinite=0 xyz_mean_sd=[-0.272270,0.007433][-0.840887,0.015194][-9.798534,0.022430] xyz_minmax=[-0.312500,-0.238281][-0.882812,-0.808594][-9.855469,-9.734375] norm_mean_sd_minmax=9.838332/0.022388/9.775037/9.895633
BNO_VEC GYRO_SENSOR_AND_ESKF_INPUT events=3535 nonfinite=0 xyz_mean_sd=[0.000000,0.000000][0.000000,0.000000][0.000000,0.000000] xyz_minmax=[0.000000,0.000000][0.000000,0.000000][0.000000,0.000000] norm_mean_sd_minmax=0.000000/0.000000/0.000000/0.000000
BNO_VEC MAG_SENSOR events=884 nonfinite=0 xyz_mean_sd=[6.970376,0.526225][-22.087245,0.720299][21.753464,0.971445] xyz_minmax=[5.625000,9.187500][-24.375000,-19.625000][18.375000,24.875000] norm_mean_sd_minmax=31.790431/0.868171/28.177868/34.149200
LINK queue/drop/high=1/0/10 tof=11893
TXDIAG frames_s=135 bytes_s=18009 total_frames=8128 total_bytes=907296 queue=0 high=10 drops=0 bno_drop=0 partial=0 zero=0 write_calls=202826 max_write_us=0 free_heap=166668 min_free_heap=166668 usage_pct=19.54
BNO_TX kind=1 event=1264 req=1264 enq=1264 drop=0 done=1264 bytes=106176
BNO_REPORT kind=1 report_id=1 interval_us=10000 requested_hz=100.000 enable_ok=2 enable_fail=0 callback=4466 switch=4467 kind_convert=4467 events=4467 tx_req=1264 tx_enq=1264 tx_done=1264 tx_drop=0 event_drop=0 reset_reconfig=1 effective_hz=126.393
BNO_TX kind=2 event=1001 req=1001 enq=1001 drop=0 done=1001 bytes=84084
BNO_REPORT kind=2 report_id=2 interval_us=10000 requested_hz=100.000 enable_ok=2 enable_fail=0 callback=3536 switch=3535 kind_convert=3535 events=3535 tx_req=1001 tx_enq=1001 tx_done=1001 tx_drop=0 event_drop=0 reset_reconfig=1 effective_hz=100.045
BNO_TX kind=3 event=500 req=500 enq=500 drop=0 done=500 bytes=42000
BNO_REPORT kind=3 report_id=8 interval_us=20000 requested_hz=50.000 enable_ok=2 enable_fail=0 callback=1768 switch=1767 kind_convert=1767 events=1767 tx_req=500 tx_enq=500 tx_done=500 tx_drop=0 event_drop=0 reset_reconfig=1 effective_hz=50.012
BNO_TX kind=4 event=250 req=250 enq=250 drop=0 done=250 bytes=21000
BNO_REPORT kind=4 report_id=3 interval_us=50000 requested_hz=20.000 enable_ok=2 enable_fail=0 callback=884 switch=884 kind_convert=884 events=884 tx_req=250 tx_enq=250 tx_done=250 tx_drop=0 event_drop=0 reset_reconfig=1 effective_hz=25.010
BNO_TX kind=5 event=500 req=500 enq=500 drop=0 done=500 bytes=42000
BNO_REPORT kind=5 report_id=4 interval_us=20000 requested_hz=50.000 enable_ok=2 enable_fail=0 callback=1768 switch=1768 kind_convert=1768 events=1768 tx_req=500 tx_enq=500 tx_done=500 tx_drop=0 event_drop=0 reset_reconfig=1 effective_hz=50.015
DIAG state=FAULT dry=1 bno_ready=1 addr=0x4A init/reinit/poll=0/0/5117 event A/G/M=4593/3635/909 age_rx_us=2199/7293/10571
IMU cand/pair/call/ok=39404/39404/39404/39285 reject=119 dup/order/stale/dt/nonfinite/norm/queue=0/0/0/119/0/0/0 last_ok_age_us=7293 dt_us=9960 align_samples=200 align_elapsed_us=2004079
HEALTH state=2 health=1 reason=mount_unvalidated mount=0 imu_age_us=7293 imu_gaps=0 reversals=0 covariance=1 finite=1 gnss_age_us=343277724 tof_age_us=4294967295 obs=1
BNO_TS ACCEL events=4593 unique=179 exact=1 overflow=0 dup=135 reverse=2215 rollover=0 sensor_dt_us=-27000/-0.76/8600 rx_dt_us=8/7912.29/40197 pair_first=4294964996/361472933 pair_last=4294961496/397806162
BNO_TS GYRO events=3635 unique=152 exact=1 overflow=0 dup=199 reverse=1579 rollover=0 sensor_dt_us=-28800/1.71/10500 rx_dt_us=24/9995.35/48371 pair_first=4294958596/361477955 pair_last=4294964796/397801068
BNO_TS MAG events=909 unique=126 exact=1 overflow=0 dup=30 reverse=443 rollover=0 sensor_dt_us=-19200/2.86/24700 rx_dt_us=8627/39983.50/63852 pair_first=4294959296/361492769 pair_last=4294961896/397797790
BNO_VEC ACCEL_SENSOR_AND_ESKF_INPUT events=4593 nonfinite=0 xyz_mean_sd=[-0.272234,0.007526][-0.840835,0.015227][-9.798568,0.022468] xyz_minmax=[-0.312500,-0.238281][-0.882812,-0.808594][-9.855469,-9.734375] norm_mean_sd_minmax=9.838361/0.022427/9.775037/9.895633
BNO_VEC GYRO_SENSOR_AND_ESKF_INPUT events=3635 nonfinite=0 xyz_mean_sd=[0.000000,0.000000][0.000000,0.000000][0.000000,0.000000] xyz_minmax=[0.000000,0.000000][0.000000,0.000000][0.000000,0.000000] norm_mean_sd_minmax=0.000000/0.000000/0.000000/0.000000
BNO_VEC MAG_SENSOR events=909 nonfinite=0 xyz_mean_sd=[6.966722,0.529480][-22.087803,0.718695][21.755294,0.965976] xyz_minmax=[5.625000,9.187500][-24.375000,-19.625000][18.375000,24.875000] norm_mean_sd_minmax=31.791226/0.864294/28.177868/34.149200
LINK queue/drop/high=0/0/10 tof=11923
TXDIAG frames_s=134 bytes_s=17864 total_frames=8263 total_bytes=925196 queue=0 high=10 drops=0 bno_drop=0 partial=0 zero=0 write_calls=205179 max_write_us=0 free_heap=166668 min_free_heap=166668 usage_pct=19.38
BNO_TX kind=1 event=1264 req=1264 enq=1264 drop=0 done=1264 bytes=106176
BNO_REPORT kind=1 report_id=1 interval_us=10000 requested_hz=100.000 enable_ok=2 enable_fail=0 callback=4594 switch=4594 kind_convert=4594 events=4594 tx_req=1264 tx_enq=1264 tx_done=1264 tx_drop=0 event_drop=0 reset_reconfig=1 effective_hz=126.402
BNO_TX kind=2 event=1001 req=1001 enq=1001 drop=0 done=1001 bytes=84084
BNO_REPORT kind=2 report_id=2 interval_us=10000 requested_hz=100.000 enable_ok=2 enable_fail=0 callback=3636 switch=3636 kind_convert=3636 events=3636 tx_req=1001 tx_enq=1001 tx_done=1001 tx_drop=0 event_drop=0 reset_reconfig=1 effective_hz=100.041
BNO_TX kind=3 event=500 req=500 enq=500 drop=0 done=500 bytes=42000
BNO_REPORT kind=3 report_id=8 interval_us=20000 requested_hz=50.000 enable_ok=2 enable_fail=0 callback=1818 switch=1818 kind_convert=1818 events=1818 tx_req=500 tx_enq=500 tx_done=500 tx_drop=0 event_drop=0 reset_reconfig=1 effective_hz=50.013
BNO_TX kind=4 event=250 req=250 enq=250 drop=0 done=250 bytes=21000
BNO_REPORT kind=4 report_id=3 interval_us=50000 requested_hz=20.000 enable_ok=2 enable_fail=0 callback=909 switch=909 kind_convert=909 events=909 tx_req=250 tx_enq=250 tx_done=250 tx_drop=0 event_drop=0 reset_reconfig=1 effective_hz=25.010
BNO_TX kind=5 event=500 req=500 enq=500 drop=0 done=500 bytes=42000
BNO_REPORT kind=5 report_id=4 interval_us=20000 requested_hz=50.000 enable_ok=2 enable_fail=0 callback=1818 switch=1818 kind_convert=1818 events=1818 tx_req=500 tx_enq=500 tx_done=500 tx_drop=0 event_drop=0 reset_reconfig=1 effective_hz=50.016
DIAG state=FAULT dry=1 bno_ready=1 addr=0x4A init/reinit/poll=0/0/5290 event A/G/M=4721/3736/934 age_rx_us=622/6573/22014
IMU cand/pair/call/ok=39505/39505/39505/39386 reject=119 dup/order/stale/dt/nonfinite/norm/queue=0/0/0/119/0/0/0 last_ok_age_us=6573 dt_us=3824 align_samples=200 align_elapsed_us=2004079
HEALTH state=2 health=1 reason=mount_unvalidated mount=0 imu_age_us=6573 imu_gaps=0 reversals=0 covariance=1 finite=1 gnss_age_us=343282641 tof_age_us=4294967295 obs=1
BNO_TS ACCEL events=4721 unique=179 exact=1 overflow=0 dup=140 reverse=2279 rollover=0 sensor_dt_us=-27000/-0.08/8600 rx_dt_us=8/7911.80/40197 pair_first=4294964996/361472933 pair_last=4294964596/398816627
BNO_TS GYRO events=3736 unique=152 exact=1 overflow=0 dup=205 reverse=1621 rollover=0 sensor_dt_us=-28800/1.55/10500 rx_dt_us=24/9995.37/48371 pair_first=4294958596/361477955 pair_last=4294964396/398810676
BNO_TS MAG events=934 unique=126 exact=1 overflow=0 dup=33 reverse=453 rollover=0 sensor_dt_us=-19200/4.07/24700 rx_dt_us=8627/39981.21/63852 pair_first=4294959296/361492769 pair_last=4294963096/398795235
BNO_VEC ACCEL_SENSOR_AND_ESKF_INPUT events=4721 nonfinite=0 xyz_mean_sd=[-0.272239,0.007569][-0.840895,0.015166][-9.798494,0.022459] xyz_minmax=[-0.312500,-0.238281][-0.882812,-0.808594][-9.855469,-9.734375] norm_mean_sd_minmax=9.838292/0.022416/9.775037/9.895633
BNO_VEC GYRO_SENSOR_AND_ESKF_INPUT events=3736 nonfinite=0 xyz_mean_sd=[0.000000,0.000000][0.000000,0.000000][0.000000,0.000000] xyz_minmax=[0.000000,0.000000][0.000000,0.000000][0.000000,0.000000] norm_mean_sd_minmax=0.000000/0.000000/0.000000/0.000000
BNO_VEC MAG_SENSOR events=934 nonfinite=0 xyz_mean_sd=[6.970222,0.530862][-22.088129,0.720512][21.759502,0.959416] xyz_minmax=[5.625000,9.187500][-24.375000,-19.625000][18.375000,24.875000] norm_mean_sd_minmax=31.795147/0.857572/28.177868/34.149200
LINK queue/drop/high=1/0/10 tof=11954
TXDIAG frames_s=135 bytes_s=18005 total_frames=8399 total_bytes=943328 queue=0 high=10 drops=0 bno_drop=0 partial=0 zero=0 write_calls=207452 max_write_us=0 free_heap=166668 min_free_heap=166668 usage_pct=19.54
BNO_TX kind=1 event=1264 req=1264 enq=1264 drop=0 done=1264 bytes=106176
BNO_REPORT kind=1 report_id=1 interval_us=10000 requested_hz=100.000 enable_ok=2 enable_fail=0 callback=4720 switch=4721 kind_convert=4721 events=4721 tx_req=1264 tx_enq=1264 tx_done=1264 tx_drop=0 event_drop=0 reset_reconfig=1 effective_hz=126.393
BNO_TX kind=2 event=1001 req=1001 enq=1001 drop=0 done=1001 bytes=84084
BNO_REPORT kind=2 report_id=2 interval_us=10000 requested_hz=100.000 enable_ok=2 enable_fail=0 callback=3737 switch=3736 kind_convert=3736 events=3736 tx_req=1001 tx_enq=1001 tx_done=1001 tx_drop=0 event_drop=0 reset_reconfig=1 effective_hz=100.046
BNO_TX kind=3 event=500 req=500 enq=500 drop=0 done=500 bytes=42000
BNO_REPORT kind=3 report_id=8 interval_us=20000 requested_hz=50.000 enable_ok=2 enable_fail=0 callback=1868 switch=1868 kind_convert=1868 events=1868 tx_req=500 tx_enq=500 tx_done=500 tx_drop=0 event_drop=0 reset_reconfig=1 effective_hz=50.008
BNO_TX kind=4 event=250 req=250 enq=250 drop=0 done=250 bytes=21000
BNO_REPORT kind=4 report_id=3 interval_us=50000 requested_hz=20.000 enable_ok=2 enable_fail=0 callback=934 switch=934 kind_convert=934 events=934 tx_req=250 tx_enq=250 tx_done=250 tx_drop=0 event_drop=0 reset_reconfig=1 effective_hz=25.012
BNO_TX kind=5 event=500 req=500 enq=500 drop=0 done=500 bytes=42000
BNO_REPORT kind=5 report_id=4 interval_us=20000 requested_hz=50.000 enable_ok=2 enable_fail=0 callback=1869 switch=1868 kind_convert=1868 events=1868 tx_req=500 tx_enq=500 tx_done=500 tx_drop=0 event_drop=0 reset_reconfig=1 effective_hz=50.015
DIAG state=FAULT dry=1 bno_ready=1 addr=0x4A init/reinit/poll=0/0/5472 event A/G/M=4847/3836/959 age_rx_us=7174/2298/27395
IMU cand/pair/call/ok=39605/39605/39605/39486 reject=119 dup/order/stale/dt/nonfinite/norm/queue=0/0/0/119/0/0/0 last_ok_age_us=2298 dt_us=14364 align_samples=200 align_elapsed_us=2004079
HEALTH state=2 health=1 reason=mount_unvalidated mount=0 imu_age_us=2298 imu_gaps=0 reversals=0 covariance=1 finite=1 gnss_age_us=343285165 tof_age_us=4294967295 obs=1
BNO_TS ACCEL events=4847 unique=179 exact=1 overflow=0 dup=145 reverse=2344 rollover=0 sensor_dt_us=-27000/0.00/8600 rx_dt_us=8/7911.12/40197 pair_first=4294964996/361472933 pair_last=4294964996/399810237
BNO_TS GYRO events=3836 unique=152 exact=1 overflow=0 dup=209 reverse=1661 rollover=0 sensor_dt_us=-28800/0.89/10500 rx_dt_us=24/9996.65/48371 pair_first=4294958596/361477955 pair_last=4294961996/399815113
BNO_TS MAG events=959 unique=126 exact=1 overflow=0 dup=36 reverse=464 rollover=0 sensor_dt_us=-19200/5.53/24700 rx_dt_us=8627/39976.25/63852 pair_first=4294959296/361492769 pair_last=4294964596/399790016
BNO_VEC ACCEL_SENSOR_AND_ESKF_INPUT events=4847 nonfinite=0 xyz_mean_sd=[-0.272271,0.007511][-0.840862,0.015184][-9.798538,0.022459] xyz_minmax=[-0.312500,-0.238281][-0.882812,-0.808594][-9.855469,-9.734375] norm_mean_sd_minmax=9.838334/0.022418/9.775037/9.895633
BNO_VEC GYRO_SENSOR_AND_ESKF_INPUT events=3836 nonfinite=0 xyz_mean_sd=[0.000000,0.000000][0.000000,0.000000][0.000000,0.000000] xyz_minmax=[0.000000,0.000000][0.000000,0.000000][0.000000,0.000000] norm_mean_sd_minmax=0.000000/0.000000/0.000000/0.000000
BNO_VEC MAG_SENSOR events=959 nonfinite=0 xyz_mean_sd=[6.969695,0.532061][-22.092479,0.717376][21.767336,0.955031] xyz_minmax=[5.625000,9.187500][-24.375000,-19.625000][18.375000,24.875000] norm_mean_sd_minmax=31.803366/0.852584/28.177868/34.149200
LINK queue/drop/high=0/0/10 tof=11984
TXDIAG frames_s=133 bytes_s=17716 total_frames=8533 total_bytes=961080 queue=0 high=10 drops=0 bno_drop=0 partial=0 zero=0 write_calls=209555 max_write_us=0 free_heap=166668 min_free_heap=166668 usage_pct=19.22
BNO_TX kind=1 event=1264 req=1264 enq=1264 drop=0 done=1264 bytes=106176
BNO_REPORT kind=1 report_id=1 interval_us=10000 requested_hz=100.000 enable_ok=2 enable_fail=0 callback=4847 switch=4847 kind_convert=4847 events=4847 tx_req=1264 tx_enq=1264 tx_done=1264 tx_drop=0 event_drop=0 reset_reconfig=1 effective_hz=126.404
BNO_TX kind=2 event=1001 req=1001 enq=1001 drop=0 done=1001 bytes=84084
BNO_REPORT kind=2 report_id=2 interval_us=10000 requested_hz=100.000 enable_ok=2 enable_fail=0 callback=3837 switch=3836 kind_convert=3836 events=3836 tx_req=1001 tx_enq=1001 tx_done=1001 tx_drop=0 event_drop=0 reset_reconfig=1 effective_hz=100.033
BNO_TX kind=3 event=500 req=500 enq=500 drop=0 done=500 bytes=42000
BNO_REPORT kind=3 report_id=8 interval_us=20000 requested_hz=50.000 enable_ok=2 enable_fail=0 callback=1918 switch=1918 kind_convert=1918 events=1918 tx_req=500 tx_enq=500 tx_done=500 tx_drop=0 event_drop=0 reset_reconfig=1 effective_hz=50.009
BNO_TX kind=4 event=250 req=250 enq=250 drop=0 done=250 bytes=21000
BNO_REPORT kind=4 report_id=3 interval_us=50000 requested_hz=20.000 enable_ok=2 enable_fail=0 callback=959 switch=959 kind_convert=959 events=959 tx_req=250 tx_enq=250 tx_done=250 tx_drop=0 event_drop=0 reset_reconfig=1 effective_hz=25.015
BNO_TX kind=5 event=500 req=500 enq=500 drop=0 done=500 bytes=42000
BNO_REPORT kind=5 report_id=4 interval_us=20000 requested_hz=50.000 enable_ok=2 enable_fail=0 callback=1919 switch=1919 kind_convert=1919 events=1919 tx_req=500 tx_enq=500 tx_done=500 tx_drop=0 event_drop=0 reset_reconfig=1 effective_hz=50.018
DIAG state=FAULT dry=1 bno_ready=1 addr=0x4A init/reinit/poll=0/0/5657 event A/G/M=4974/3937/984 age_rx_us=2226/7390/29511
IMU cand/pair/call/ok=39706/39706/39706/39587 reject=119 dup/order/stale/dt/nonfinite/norm/queue=0/0/0/119/0/0/0 last_ok_age_us=7390 dt_us=7655 align_samples=200 align_elapsed_us=2004079
HEALTH state=2 health=1 reason=mount_unvalidated mount=0 imu_age_us=7390 imu_gaps=0 reversals=0 covariance=1 finite=1 gnss_age_us=343283276 tof_age_us=4294967295 obs=1
BNO_TS ACCEL events=4974 unique=179 exact=1 overflow=0 dup=147 reverse=2410 rollover=0 sensor_dt_us=-27000/-0.08/8600 rx_dt_us=8/7913.18/40197 pair_first=4294964996/361472933 pair_last=4294964596/400825197
BNO_TS GYRO events=3937 unique=152 exact=1 overflow=0 dup=214 reverse=1704 rollover=0 sensor_dt_us=-28800/1.58/10500 rx_dt_us=24/9995.45/48371 pair_first=4294958596/361477955 pair_last=4294964796/400820033
BNO_TS MAG events=984 unique=126 exact=1 overflow=0 dup=39 reverse=473 rollover=0 sensor_dt_us=-19200/1.83/24700 rx_dt_us=8627/39984.89/63852 pair_first=4294959296/361492769 pair_last=4294961096/400797912
BNO_VEC ACCEL_SENSOR_AND_ESKF_INPUT events=4974 nonfinite=0 xyz_mean_sd=[-0.272272,0.007479][-0.840886,0.015154][-9.798666,0.022447] xyz_minmax=[-0.312500,-0.238281][-0.882812,-0.808594][-9.855469,-9.734375] norm_mean_sd_minmax=9.838464/0.022407/9.775037/9.895633
BNO_VEC GYRO_SENSOR_AND_ESKF_INPUT events=3937 nonfinite=0 xyz_mean_sd=[0.000000,0.000000][0.000000,0.000000][0.000000,0.000000] xyz_minmax=[0.000000,0.000000][0.000000,0.000000][0.000000,0.000000] norm_mean_sd_minmax=0.000000/0.000000/0.000000/0.000000
BNO_VEC MAG_SENSOR events=984 nonfinite=0 xyz_mean_sd=[6.974593,0.530186][-22.087652,0.718735][21.768166,0.952470] xyz_minmax=[5.625000,9.187500][-24.375000,-19.625000][18.375000,24.875000] norm_mean_sd_minmax=31.801566/0.853033/28.177868/34.149200
LINK queue/drop/high=1/0/10 tof=12015
TXDIAG frames_s=132 bytes_s=17762 total_frames=8667 total_bytes=979020 queue=0 high=10 drops=0 bno_drop=0 partial=0 zero=0 write_calls=211797 max_write_us=0 free_heap=166668 min_free_heap=166668 usage_pct=19.27
BNO_TX kind=1 event=1264 req=1264 enq=1264 drop=0 done=1264 bytes=106176
BNO_REPORT kind=1 report_id=1 interval_us=10000 requested_hz=100.000 enable_ok=2 enable_fail=0 callback=4974 switch=4974 kind_convert=4974 events=4974 tx_req=1264 tx_enq=1264 tx_done=1264 tx_drop=0 event_drop=0 reset_reconfig=1 effective_hz=126.371
BNO_TX kind=2 event=1001 req=1001 enq=1001 drop=0 done=1001 bytes=84084
BNO_REPORT kind=2 report_id=2 interval_us=10000 requested_hz=100.000 enable_ok=2 enable_fail=0 callback=3938 switch=3937 kind_convert=3937 events=3937 tx_req=1001 tx_enq=1001 tx_done=1001 tx_drop=0 event_drop=0 reset_reconfig=1 effective_hz=100.046
BNO_TX kind=3 event=500 req=500 enq=500 drop=0 done=500 bytes=42000
BNO_REPORT kind=3 report_id=8 interval_us=20000 requested_hz=50.000 enable_ok=2 enable_fail=0 callback=1969 switch=1968 kind_convert=1968 events=1968 tx_req=500 tx_enq=500 tx_done=500 tx_drop=0 event_drop=0 reset_reconfig=1 effective_hz=50.013
BNO_TX kind=4 event=250 req=250 enq=250 drop=0 done=250 bytes=21000
BNO_REPORT kind=4 report_id=3 interval_us=50000 requested_hz=20.000 enable_ok=2 enable_fail=0 callback=985 switch=984 kind_convert=984 events=984 tx_req=250 tx_enq=250 tx_done=250 tx_drop=0 event_drop=0 reset_reconfig=1 effective_hz=25.009
BNO_TX kind=5 event=500 req=500 enq=500 drop=0 done=500 bytes=42000
BNO_REPORT kind=5 report_id=4 interval_us=20000 requested_hz=50.000 enable_ok=2 enable_fail=0 callback=1969 switch=1969 kind_convert=1969 events=1969 tx_req=500 tx_enq=500 tx_done=500 tx_drop=0 event_drop=0 reset_reconfig=1 effective_hz=50.016
DIAG state=FAULT dry=1 bno_ready=1 addr=0x4A init/reinit/poll=0/0/5839 event A/G/M=5100/4037/1009 age_rx_us=7185/2409/30166
IMU cand/pair/call/ok=39806/39806/39806/39687 reject=119 dup/order/stale/dt/nonfinite/norm/queue=0/0/0/119/0/0/0 last_ok_age_us=2409 dt_us=14635 align_samples=200 align_elapsed_us=2004079
HEALTH state=2 health=1 reason=mount_unvalidated mount=0 imu_age_us=2409 imu_gaps=0 reversals=0 covariance=1 finite=1 gnss_age_us=343282850 tof_age_us=4294967295 obs=1
BNO_TS ACCEL events=5100 unique=179 exact=1 overflow=0 dup=149 reverse=2473 rollover=0 sensor_dt_us=-27000/0.00/8600 rx_dt_us=8/7912.79/40197 pair_first=4294964996/361472933 pair_last=4294964996/401820224
BNO_TS GYRO events=4037 unique=152 exact=1 overflow=0 dup=222 reverse=1749 rollover=0 sensor_dt_us=-28800/0.72/10500 rx_dt_us=24/9996.79/48371 pair_first=4294958596/361477955 pair_last=4294961496/401825000
BNO_TS MAG events=1009 unique=127 exact=1 overflow=0 dup=41 reverse=483 rollover=0 sensor_dt_us=-19200/1.79/24700 rx_dt_us=8627/39984.60/63852 pair_first=4294959296/361492769 pair_last=4294961096/401797243
BNO_VEC ACCEL_SENSOR_AND_ESKF_INPUT events=5100 nonfinite=0 xyz_mean_sd=[-0.272259,0.007480][-0.840899,0.015151][-9.798685,0.022464] xyz_minmax=[-0.312500,-0.238281][-0.882812,-0.808594][-9.855469,-9.734375] norm_mean_sd_minmax=9.838483/0.022422/9.775037/9.895633
BNO_VEC GYRO_SENSOR_AND_ESKF_INPUT events=4037 nonfinite=0 xyz_mean_sd=[0.000000,0.000000][0.000000,0.000000][0.000000,0.000000] xyz_minmax=[0.000000,0.000000][0.000000,0.000000][0.000000,0.000000] norm_mean_sd_minmax=0.000000/0.000000/0.000000/0.000000
BNO_VEC MAG_SENSOR events=1009 nonfinite=0 xyz_mean_sd=[6.973612,0.531526][-22.085852,0.716867][21.768583,0.945968] xyz_minmax=[5.625000,9.187500][-24.375000,-19.625000][18.375000,24.875000] norm_mean_sd_minmax=31.800296/0.848402/28.177868/34.149200
LINK queue/drop/high=0/0/10 tof=12045
TXDIAG frames_s=136 bytes_s=17972 total_frames=8803 total_bytes=996992 queue=0 high=10 drops=0 bno_drop=0 partial=0 zero=0 write_calls=214274 max_write_us=0 free_heap=166668 min_free_heap=166668 usage_pct=19.50
BNO_TX kind=1 event=1264 req=1264 enq=1264 drop=0 done=1264 bytes=106176
BNO_REPORT kind=1 report_id=1 interval_us=10000 requested_hz=100.000 enable_ok=2 enable_fail=0 callback=5100 switch=5101 kind_convert=5101 events=5101 tx_req=1264 tx_enq=1264 tx_done=1264 tx_drop=0 event_drop=0 reset_reconfig=1 effective_hz=126.373
BNO_TX kind=2 event=1001 req=1001 enq=1001 drop=0 done=1001 bytes=84084
BNO_REPORT kind=2 report_id=2 interval_us=10000 requested_hz=100.000 enable_ok=2 enable_fail=0 callback=4038 switch=4038 kind_convert=4038 events=4038 tx_req=1001 tx_enq=1001 tx_done=1001 tx_drop=0 event_drop=0 reset_reconfig=1 effective_hz=100.032
BNO_TX kind=3 event=500 req=500 enq=500 drop=0 done=500 bytes=42000
BNO_REPORT kind=3 report_id=8 interval_us=20000 requested_hz=50.000 enable_ok=2 enable_fail=0 callback=2019 switch=2019 kind_convert=2019 events=2019 tx_req=500 tx_enq=500 tx_done=500 tx_drop=0 event_drop=0 reset_reconfig=1 effective_hz=50.009
BNO_TX kind=4 event=250 req=250 enq=250 drop=0 done=250 bytes=21000
BNO_REPORT kind=4 report_id=3 interval_us=50000 requested_hz=20.000 enable_ok=2 enable_fail=0 callback=1010 switch=1010 kind_convert=1010 events=1010 tx_req=250 tx_enq=250 tx_done=250 tx_drop=0 event_drop=0 reset_reconfig=1 effective_hz=25.011
BNO_TX kind=5 event=500 req=500 enq=500 drop=0 done=500 bytes=42000
BNO_REPORT kind=5 report_id=4 interval_us=20000 requested_hz=50.000 enable_ok=2 enable_fail=0 callback=2019 switch=2019 kind_convert=2019 events=2019 tx_req=500 tx_enq=500 tx_done=500 tx_drop=0 event_drop=0 reset_reconfig=1 effective_hz=50.016
DIAG state=FAULT dry=1 bno_ready=1 addr=0x4A init/reinit/poll=0/0/6017 event A/G/M=5227/4138/1035 age_rx_us=8248/2221/2246
IMU cand/pair/call/ok=39907/39907/39907/39788 reject=119 dup/order/stale/dt/nonfinite/norm/queue=0/0/0/119/0/0/0 last_ok_age_us=2221 dt_us=9927 align_samples=200 align_elapsed_us=2004079
HEALTH state=2 health=1 reason=mount_unvalidated mount=0 imu_age_us=2221 imu_gaps=0 reversals=0 covariance=1 finite=1 gnss_age_us=343290499 tof_age_us=4294967295 obs=1
BNO_TS ACCEL events=5227 unique=179 exact=1 overflow=0 dup=153 reverse=2539 rollover=0 sensor_dt_us=-27000/-0.63/8600 rx_dt_us=8/7913.34/40197 pair_first=4294964996/361472933 pair_last=4294961696/402828069
BNO_TS GYRO events=4138 unique=152 exact=1 overflow=0 dup=224 reverse=1793 rollover=0 sensor_dt_us=-28800/1.11/10500 rx_dt_us=24/9996.65/48371 pair_first=4294958596/361477955 pair_last=4294963196/402834096
BNO_TS MAG events=1035 unique=127 exact=1 overflow=0 dup=43 reverse=492 rollover=0 sensor_dt_us=-19200/3.68/24700 rx_dt_us=8627/39981.92/63852 pair_first=4294959296/361492769 pair_last=4294963096/402834071
BNO_VEC ACCEL_SENSOR_AND_ESKF_INPUT events=5227 nonfinite=0 xyz_mean_sd=[-0.272235,0.007544][-0.840899,0.015142][-9.798627,0.022489] xyz_minmax=[-0.312500,-0.238281][-0.882812,-0.808594][-9.855469,-9.734375] norm_mean_sd_minmax=9.838425/0.022440/9.775037/9.895633
BNO_VEC GYRO_SENSOR_AND_ESKF_INPUT events=4138 nonfinite=0 xyz_mean_sd=[0.000000,0.000000][0.000000,0.000000][0.000000,0.000000] xyz_minmax=[0.000000,0.000000][0.000000,0.000000][0.000000,0.000000] norm_mean_sd_minmax=0.000000/0.000000/0.000000/0.000000
BNO_VEC MAG_SENSOR events=1035 nonfinite=0 xyz_mean_sd=[6.973973,0.529274][-22.084420,0.716286][21.763164,0.939039] xyz_minmax=[5.625000,9.187500][-24.375000,-19.625000][18.375000,24.875000] norm_mean_sd_minmax=31.795525/0.844276/28.177868/34.149200
LINK queue/drop/high=1/0/10 tof=12076
TXDIAG frames_s=132 bytes_s=17797 total_frames=8937 total_bytes=1014932 queue=0 high=10 drops=0 bno_drop=0 partial=0 zero=0 write_calls=216575 max_write_us=0 free_heap=166668 min_free_heap=166668 usage_pct=19.31
BNO_TX kind=1 event=1264 req=1264 enq=1264 drop=0 done=1264 bytes=106176
BNO_REPORT kind=1 report_id=1 interval_us=10000 requested_hz=100.000 enable_ok=2 enable_fail=0 callback=5228 switch=5227 kind_convert=5227 events=5227 tx_req=1264 tx_enq=1264 tx_done=1264 tx_drop=0 event_drop=0 reset_reconfig=1 effective_hz=126.369
BNO_TX kind=2 event=1001 req=1001 enq=1001 drop=0 done=1001 bytes=84084
BNO_REPORT kind=2 report_id=2 interval_us=10000 requested_hz=100.000 enable_ok=2 enable_fail=0 callback=4139 switch=4138 kind_convert=4138 events=4138 tx_req=1001 tx_enq=1001 tx_done=1001 tx_drop=0 event_drop=0 reset_reconfig=1 effective_hz=100.034
BNO_TX kind=3 event=500 req=500 enq=500 drop=0 done=500 bytes=42000
BNO_REPORT kind=3 report_id=8 interval_us=20000 requested_hz=50.000 enable_ok=2 enable_fail=0 callback=2069 switch=2069 kind_convert=2069 events=2069 tx_req=500 tx_enq=500 tx_done=500 tx_drop=0 event_drop=0 reset_reconfig=1 effective_hz=50.010
BNO_TX kind=4 event=250 req=250 enq=250 drop=0 done=250 bytes=21000
BNO_REPORT kind=4 report_id=3 interval_us=50000 requested_hz=20.000 enable_ok=2 enable_fail=0 callback=1035 switch=1035 kind_convert=1035 events=1035 tx_req=250 tx_enq=250 tx_done=250 tx_drop=0 event_drop=0 reset_reconfig=1 effective_hz=25.011
BNO_TX kind=5 event=500 req=500 enq=500 drop=0 done=500 bytes=42000
BNO_REPORT kind=5 report_id=4 interval_us=20000 requested_hz=50.000 enable_ok=2 enable_fail=0 callback=2070 switch=2070 kind_convert=2070 events=2070 tx_req=500 tx_enq=500 tx_done=500 tx_drop=0 event_drop=0 reset_reconfig=1 effective_hz=50.017
DIAG state=FAULT dry=1 bno_ready=1 addr=0x4A init/reinit/poll=0/0/6189 event A/G/M=5354/4238/1060 age_rx_us=7377/1387/1353
IMU cand/pair/call/ok=40007/40007/40007/39888 reject=119 dup/order/stale/dt/nonfinite/norm/queue=0/0/0/119/0/0/0 last_ok_age_us=1387 dt_us=15074 align_samples=200 align_elapsed_us=2004079
HEALTH state=2 health=1 reason=mount_unvalidated mount=0 imu_age_us=1387 imu_gaps=0 reversals=0 covariance=1 finite=1 gnss_age_us=343283462 tof_age_us=4294967295 obs=1
BNO_TS ACCEL events=5354 unique=179 exact=1 overflow=0 dup=160 reverse=2600 rollover=0 sensor_dt_us=-27000/-0.04/8600 rx_dt_us=8/7912.61/40197 pair_first=4294964996/361472933 pair_last=4294964796/403829161
BNO_TS GYRO events=4238 unique=152 exact=1 overflow=0 dup=228 reverse=1836 rollover=0 sensor_dt_us=-28800/0.80/10500 rx_dt_us=24/9996.98/48371 pair_first=4294958596/361477955 pair_last=4294961996/403835151
BNO_TS MAG events=1060 unique=127 exact=1 overflow=0 dup=43 reverse=503 rollover=0 sensor_dt_us=-19200/2.83/24700 rx_dt_us=8627/39983.40/63852 pair_first=4294959296/361492769 pair_last=4294962296/403835185
BNO_VEC ACCEL_SENSOR_AND_ESKF_INPUT events=5354 nonfinite=0 xyz_mean_sd=[-0.272272,0.007511][-0.840905,0.015144][-9.798656,0.022475] xyz_minmax=[-0.312500,-0.238281][-0.882812,-0.808594][-9.855469,-9.734375] norm_mean_sd_minmax=9.838455/0.022426/9.775037/9.895633
BNO_VEC GYRO_SENSOR_AND_ESKF_INPUT events=4238 nonfinite=0 xyz_mean_sd=[0.000000,0.000000][0.000000,0.000000][0.000000,0.000000] xyz_minmax=[0.000000,0.000000][0.000000,0.000000][0.000000,0.000000] norm_mean_sd_minmax=0.000000/0.000000/0.000000/0.000000
BNO_VEC MAG_SENSOR events=1060 nonfinite=0 xyz_mean_sd=[6.974646,0.530315][-22.083962,0.720864][21.763443,0.935117] xyz_minmax=[5.625000,9.187500][-24.375000,-19.625000][18.375000,24.875000] norm_mean_sd_minmax=31.795569/0.843589/28.177868/34.149200
LINK queue/drop/high=1/0/10 tof=12106
TXDIAG frames_s=134 bytes_s=17769 total_frames=9071 total_bytes=1032684 queue=0 high=10 drops=0 bno_drop=0 partial=0 zero=0 write_calls=219192 max_write_us=0 free_heap=166668 min_free_heap=166668 usage_pct=19.28
BNO_TX kind=1 event=1264 req=1264 enq=1264 drop=0 done=1264 bytes=106176
BNO_REPORT kind=1 report_id=1 interval_us=10000 requested_hz=100.000 enable_ok=2 enable_fail=0 callback=5354 switch=5354 kind_convert=5354 events=5354 tx_req=1264 tx_enq=1264 tx_done=1264 tx_drop=0 event_drop=0 reset_reconfig=1 effective_hz=126.380
BNO_TX kind=2 event=1001 req=1001 enq=1001 drop=0 done=1001 bytes=84084
BNO_REPORT kind=2 report_id=2 interval_us=10000 requested_hz=100.000 enable_ok=2 enable_fail=0 callback=4239 switch=4239 kind_convert=4239 events=4239 tx_req=1001 tx_enq=1001 tx_done=1001 tx_drop=0 event_drop=0 reset_reconfig=1 effective_hz=100.029
BNO_TX kind=3 event=500 req=500 enq=500 drop=0 done=500 bytes=42000
BNO_REPORT kind=3 report_id=8 interval_us=20000 requested_hz=50.000 enable_ok=2 enable_fail=0 callback=2119 switch=2119 kind_convert=2119 events=2119 tx_req=500 tx_enq=500 tx_done=500 tx_drop=0 event_drop=0 reset_reconfig=1 effective_hz=50.008
BNO_TX kind=4 event=250 req=250 enq=250 drop=0 done=250 bytes=21000
BNO_REPORT kind=4 report_id=3 interval_us=50000 requested_hz=20.000 enable_ok=2 enable_fail=0 callback=1060 switch=1060 kind_convert=1060 events=1060 tx_req=250 tx_enq=250 tx_done=250 tx_drop=0 event_drop=0 reset_reconfig=1 effective_hz=25.010
BNO_TX kind=5 event=500 req=500 enq=500 drop=0 done=500 bytes=42000
BNO_REPORT kind=5 report_id=4 interval_us=20000 requested_hz=50.000 enable_ok=2 enable_fail=0 callback=2120 switch=2120 kind_convert=2120 events=2120 tx_req=500 tx_enq=500 tx_done=500 tx_drop=0 event_drop=0 reset_reconfig=1 effective_hz=50.014
DIAG state=FAULT dry=1 bno_ready=1 addr=0x4A init/reinit/poll=0/0/6362 event A/G/M=5482/4339/1085 age_rx_us=1082/6252/10369
IMU cand/pair/call/ok=40108/40108/40108/39989 reject=119 dup/order/stale/dt/nonfinite/norm/queue=0/0/0/119/0/0/0 last_ok_age_us=6252 dt_us=9941 align_samples=200 align_elapsed_us=2004079
HEALTH state=2 health=1 reason=mount_unvalidated mount=0 imu_age_us=6252 imu_gaps=0 reversals=0 covariance=1 finite=1 gnss_age_us=343288308 tof_age_us=4294967295 obs=1
BNO_TS ACCEL events=5482 unique=179 exact=1 overflow=0 dup=161 reverse=2671 rollover=0 sensor_dt_us=-27000/-0.42/8600 rx_dt_us=8/7913.20/40197 pair_first=4294964996/361472933 pair_last=4294962696/404845202
BNO_TS GYRO events=4339 unique=152 exact=1 overflow=0 dup=236 reverse=1878 rollover=0 sensor_dt_us=-28800/1.22/10500 rx_dt_us=24/9995.87/48371 pair_first=4294958596/361477955 pair_last=4294963896/404840032
BNO_TS MAG events=1085 unique=127 exact=1 overflow=0 dup=44 reverse=516 rollover=0 sensor_dt_us=-19200/1.66/24700 rx_dt_us=8627/39984.45/63852 pair_first=4294959296/361492769 pair_last=4294961096/404835915
BNO_VEC ACCEL_SENSOR_AND_ESKF_INPUT events=5482 nonfinite=0 xyz_mean_sd=[-0.272273,0.007481][-0.840920,0.015139][-9.798640,0.022497] xyz_minmax=[-0.312500,-0.238281][-0.882812,-0.808594][-9.855469,-9.734375] norm_mean_sd_minmax=9.838440/0.022446/9.775037/9.895633
BNO_VEC GYRO_SENSOR_AND_ESKF_INPUT events=4339 nonfinite=0 xyz_mean_sd=[0.000000,0.000000][0.000000,0.000000][0.000000,0.000000] xyz_minmax=[0.000000,0.000000][0.000000,0.000000][0.000000,0.000000] norm_mean_sd_minmax=0.000000/0.000000/0.000000/0.000000
BNO_VEC MAG_SENSOR events=1085 nonfinite=0 xyz_mean_sd=[6.975173,0.529473][-22.093145,0.721080][21.769067,0.933064] xyz_minmax=[5.625000,9.187500][-24.375000,-19.625000][18.375000,24.875000] norm_mean_sd_minmax=31.805878/0.842273/28.177868/34.149200
LINK queue/drop/high=1/0/10 tof=12137
TXDIAG frames_s=133 bytes_s=17804 total_frames=9206 total_bytes=1050720 queue=0 high=10 drops=0 bno_drop=0 partial=0 zero=0 write_calls=221513 max_write_us=0 free_heap=166668 min_free_heap=166668 usage_pct=19.32
BNO_TX kind=1 event=1264 req=1264 enq=1264 drop=0 done=1264 bytes=106176
BNO_REPORT kind=1 report_id=1 interval_us=10000 requested_hz=100.000 enable_ok=2 enable_fail=0 callback=5482 switch=5483 kind_convert=5483 events=5483 tx_req=1264 tx_enq=1264 tx_done=1264 tx_drop=0 event_drop=0 reset_reconfig=1 effective_hz=126.381
BNO_TX kind=2 event=1001 req=1001 enq=1001 drop=0 done=1001 bytes=84084
BNO_REPORT kind=2 report_id=2 interval_us=10000 requested_hz=100.000 enable_ok=2 enable_fail=0 callback=4340 switch=4340 kind_convert=4340 events=4340 tx_req=1001 tx_enq=1001 tx_done=1001 tx_drop=0 event_drop=0 reset_reconfig=1 effective_hz=100.031
BNO_TX kind=3 event=500 req=500 enq=500 drop=0 done=500 bytes=42000
BNO_REPORT kind=3 report_id=8 interval_us=20000 requested_hz=50.000 enable_ok=2 enable_fail=0 callback=2170 switch=2170 kind_convert=2170 events=2170 tx_req=500 tx_enq=500 tx_done=500 tx_drop=0 event_drop=0 reset_reconfig=1 effective_hz=50.009
BNO_TX kind=4 event=250 req=250 enq=250 drop=0 done=250 bytes=21000
BNO_REPORT kind=4 report_id=3 interval_us=50000 requested_hz=20.000 enable_ok=2 enable_fail=0 callback=1085 switch=1085 kind_convert=1085 events=1085 tx_req=250 tx_enq=250 tx_done=250 tx_drop=0 event_drop=0 reset_reconfig=1 effective_hz=25.010
BNO_TX kind=5 event=500 req=500 enq=500 drop=0 done=500 bytes=42000
BNO_REPORT kind=5 report_id=4 interval_us=20000 requested_hz=50.000 enable_ok=2 enable_fail=0 callback=2170 switch=2170 kind_convert=2170 events=2170 tx_req=500 tx_enq=500 tx_done=500 tx_drop=0 event_drop=0 reset_reconfig=1 effective_hz=50.015
DIAG state=FAULT dry=1 bno_ready=1 addr=0x4A init/reinit/poll=0/0/6537 event A/G/M=5608/4438/1110 age_rx_us=8147/17375/10618
IMU cand/pair/call/ok=40207/40207/40207/40088 reject=119 dup/order/stale/dt/nonfinite/norm/queue=0/0/0/119/0/0/0 last_ok_age_us=17375 dt_us=9220 align_samples=200 align_elapsed_us=2004079
HEALTH state=2 health=1 reason=mount_unvalidated mount=0 imu_age_us=3272 imu_gaps=0 reversals=0 covariance=1 finite=1 gnss_age_us=343375477 tof_age_us=4294967295 obs=1
BNO_TS ACCEL events=5608 unique=179 exact=1 overflow=0 dup=166 reverse=2731 rollover=0 sensor_dt_us=-27000/-0.11/8600 rx_dt_us=8/7912.49/40197 pair_first=4294964996/361472933 pair_last=4294964396/405838240
BNO_TS GYRO events=4438 unique=152 exact=1 overflow=0 dup=241 reverse=1924 rollover=0 sensor_dt_us=-28800/1.44/10500 rx_dt_us=24/9995.73/48371 pair_first=4294958596/361477955 pair_last=4294964996/405829012
BNO_TS MAG events=1110 unique=127 exact=1 overflow=0 dup=46 reverse=530 rollover=0 sensor_dt_us=-19200/2.61/24700 rx_dt_us=8627/39984.67/63852 pair_first=4294959296/361492769 pair_last=4294962196/405835769
BNO_VEC ACCEL_SENSOR_AND_ESKF_INPUT events=5608 nonfinite=0 xyz_mean_sd=[-0.272281,0.007441][-0.840917,0.015148][-9.798713,0.022478] xyz_minmax=[-0.312500,-0.238281][-0.882812,-0.808594][-9.855469,-9.734375] norm_mean_sd_minmax=9.838513/0.022428/9.775037/9.895633
BNO_VEC GYRO_SENSOR_AND_ESKF_INPUT events=4438 nonfinite=0 xyz_mean_sd=[0.000000,0.000000][0.000000,0.000000][0.000000,0.000000] xyz_minmax=[0.000000,0.000000][0.000000,0.000000][0.000000,0.000000] norm_mean_sd_minmax=0.000000/0.000000/0.000000/0.000000
BNO_VEC MAG_SENSOR events=1110 nonfinite=0 xyz_mean_sd=[6.975338,0.534524][-22.090766,0.719312][21.770101,0.928614] xyz_minmax=[5.375000,9.187500][-24.375000,-19.625000][18.375000,24.875000] norm_mean_sd_minmax=31.804914/0.841112/28.177868/34.149200
LINK queue/drop/high=0/0/10 tof=12167
TXDIAG frames_s=136 bytes_s=18032 total_frames=9342 total_bytes=1068716 queue=0 high=10 drops=0 bno_drop=0 partial=0 zero=0 write_calls=223707 max_write_us=0 free_heap=166668 min_free_heap=166668 usage_pct=19.57
BNO_TX kind=1 event=1264 req=1264 enq=1264 drop=0 done=1264 bytes=106176
BNO_REPORT kind=1 report_id=1 interval_us=10000 requested_hz=100.000 enable_ok=2 enable_fail=0 callback=5608 switch=5609 kind_convert=5609 events=5609 tx_req=1264 tx_enq=1264 tx_done=1264 tx_drop=0 event_drop=0 reset_reconfig=1 effective_hz=126.382
BNO_TX kind=2 event=1001 req=1001 enq=1001 drop=0 done=1001 bytes=84084
BNO_REPORT kind=2 report_id=2 interval_us=10000 requested_hz=100.000 enable_ok=2 enable_fail=0 callback=4440 switch=4440 kind_convert=4440 events=4440 tx_req=1001 tx_enq=1001 tx_done=1001 tx_drop=0 event_drop=0 reset_reconfig=1 effective_hz=100.039
BNO_TX kind=3 event=500 req=500 enq=500 drop=0 done=500 bytes=42000
BNO_REPORT kind=3 report_id=8 interval_us=20000 requested_hz=50.000 enable_ok=2 enable_fail=0 callback=2220 switch=2220 kind_convert=2220 events=2220 tx_req=500 tx_enq=500 tx_done=500 tx_drop=0 event_drop=0 reset_reconfig=1 effective_hz=50.008
BNO_TX kind=4 event=250 req=250 enq=250 drop=0 done=250 bytes=21000
BNO_REPORT kind=4 report_id=3 interval_us=50000 requested_hz=20.000 enable_ok=2 enable_fail=0 callback=1110 switch=1110 kind_convert=1110 events=1110 tx_req=250 tx_enq=250 tx_done=250 tx_drop=0 event_drop=0 reset_reconfig=1 effective_hz=25.010
BNO_TX kind=5 event=500 req=500 enq=500 drop=0 done=500 bytes=42000
BNO_REPORT kind=5 report_id=4 interval_us=20000 requested_hz=50.000 enable_ok=2 enable_fail=0 callback=2220 switch=2220 kind_convert=2220 events=2220 tx_req=500 tx_enq=500 tx_done=500 tx_drop=0 event_drop=0 reset_reconfig=1 effective_hz=50.017
DIAG state=FAULT dry=1 bno_ready=1 addr=0x4A init/reinit/poll=0/0/6729 event A/G/M=5736/4540/1135 age_rx_us=1936/7199/22706
IMU cand/pair/call/ok=40309/40309/40309/40190 reject=119 dup/order/stale/dt/nonfinite/norm/queue=0/0/0/119/0/0/0 last_ok_age_us=7199 dt_us=8547 align_samples=200 align_elapsed_us=2004079
HEALTH state=2 health=1 reason=mount_unvalidated mount=0 imu_age_us=7199 imu_gaps=0 reversals=0 covariance=1 finite=1 gnss_age_us=343395207 tof_age_us=4294967295 obs=1
BNO_TS ACCEL events=5736 unique=179 exact=1 overflow=0 dup=176 reverse=2791 rollover=0 sensor_dt_us=-27000/-0.33/8600 rx_dt_us=8/7913.05/40197 pair_first=4294964996/361472933 pair_last=4294963096/406854268
BNO_TS GYRO events=4540 unique=152 exact=1 overflow=0 dup=244 reverse=1971 rollover=0 sensor_dt_us=-28800/1.28/10500 rx_dt_us=24/9995.83/48371 pair_first=4294958596/361477955 pair_last=4294964396/406849005
BNO_TS MAG events=1135 unique=127 exact=1 overflow=0 dup=46 reverse=542 rollover=0 sensor_dt_us=-19200/3.53/24700 rx_dt_us=8627/39983.01/63852 pair_first=4294959296/361492769 pair_last=4294963296/406833498
BNO_VEC ACCEL_SENSOR_AND_ESKF_INPUT events=5736 nonfinite=0 xyz_mean_sd=[-0.272270,0.007441][-0.840890,0.015162][-9.798789,0.022429] xyz_minmax=[-0.312500,-0.238281][-0.882812,-0.808594][-9.855469,-9.734375] norm_mean_sd_minmax=9.838586/0.022381/9.775037/9.895633
BNO_VEC GYRO_SENSOR_AND_ESKF_INPUT events=4540 nonfinite=0 xyz_mean_sd=[0.000000,0.000000][0.000000,0.000000][0.000000,0.000000] xyz_minmax=[0.000000,0.000000][0.000000,0.000000][0.000000,0.000000] norm_mean_sd_minmax=0.000000/0.000000/0.000000/0.000000
BNO_VEC MAG_SENSOR events=1135 nonfinite=0 xyz_mean_sd=[6.976652,0.533299][-22.086509,0.717204][21.773403,0.922637] xyz_minmax=[5.375000,9.187500][-24.375000,-19.625000][18.375000,24.875000] norm_mean_sd_minmax=31.804435/0.834597/28.177868/34.149200
LINK queue/drop/high=1/0/10 tof=12198
TXDIAG frames_s=133 bytes_s=17861 total_frames=9477 total_bytes=1086756 queue=0 high=10 drops=0 bno_drop=0 partial=0 zero=0 write_calls=226053 max_write_us=0 free_heap=166668 min_free_heap=166668 usage_pct=19.38
BNO_TX kind=1 event=1264 req=1264 enq=1264 drop=0 done=1264 bytes=106176
BNO_REPORT kind=1 report_id=1 interval_us=10000 requested_hz=100.000 enable_ok=2 enable_fail=0 callback=5736 switch=5736 kind_convert=5736 events=5736 tx_req=1264 tx_enq=1264 tx_done=1264 tx_drop=0 event_drop=0 reset_reconfig=1 effective_hz=126.374
BNO_TX kind=2 event=1001 req=1001 enq=1001 drop=0 done=1001 bytes=84084
BNO_REPORT kind=2 report_id=2 interval_us=10000 requested_hz=100.000 enable_ok=2 enable_fail=0 callback=4541 switch=4540 kind_convert=4540 events=4540 tx_req=1001 tx_enq=1001 tx_done=1001 tx_drop=0 event_drop=0 reset_reconfig=1 effective_hz=100.042
BNO_TX kind=3 event=500 req=500 enq=500 drop=0 done=500 bytes=42000
BNO_REPORT kind=3 report_id=8 interval_us=20000 requested_hz=50.000 enable_ok=2 enable_fail=0 callback=2270 switch=2270 kind_convert=2270 events=2270 tx_req=500 tx_enq=500 tx_done=500 tx_drop=0 event_drop=0 reset_reconfig=1 effective_hz=50.009
BNO_TX kind=4 event=250 req=250 enq=250 drop=0 done=250 bytes=21000
BNO_REPORT kind=4 report_id=3 interval_us=50000 requested_hz=20.000 enable_ok=2 enable_fail=0 callback=1136 switch=1135 kind_convert=1135 events=1135 tx_req=250 tx_enq=250 tx_done=250 tx_drop=0 event_drop=0 reset_reconfig=1 effective_hz=25.011
BNO_TX kind=5 event=500 req=500 enq=500 drop=0 done=500 bytes=42000
BNO_REPORT kind=5 report_id=4 interval_us=20000 requested_hz=50.000 enable_ok=2 enable_fail=0 callback=2271 switch=2271 kind_convert=2271 events=2271 tx_req=500 tx_enq=500 tx_done=500 tx_drop=0 event_drop=0 reset_reconfig=1 effective_hz=50.017
DIAG state=FAULT dry=1 bno_ready=1 addr=0x4A init/reinit/poll=0/0/6887 event A/G/M=5863/4640/1160 age_rx_us=700/3860/21297
IMU cand/pair/call/ok=40409/40409/40409/40290 reject=119 dup/order/stale/dt/nonfinite/norm/queue=0/0/0/119/0/0/0 last_ok_age_us=3860 dt_us=11452 align_samples=200 align_elapsed_us=2004079
HEALTH state=2 health=1 reason=mount_unvalidated mount=0 imu_age_us=3860 imu_gaps=0 reversals=0 covariance=1 finite=1 gnss_age_us=343381954 tof_age_us=4294967295 obs=1
BNO_TS ACCEL events=5863 unique=179 exact=1 overflow=0 dup=178 reverse=2855 rollover=0 sensor_dt_us=-27000/-0.14/8600 rx_dt_us=8/7912.46/40197 pair_first=4294964996/361472933 pair_last=4294964196/407855774
BNO_TS GYRO events=4640 unique=152 exact=1 overflow=0 dup=253 reverse=2018 rollover=0 sensor_dt_us=-28800/0.71/10500 rx_dt_us=24/9996.69/48371 pair_first=4294958596/361477955 pair_last=4294961896/407852614
BNO_TS MAG events=1160 unique=127 exact=1 overflow=0 dup=47 reverse=554 rollover=0 sensor_dt_us=-19200/1.90/24700 rx_dt_us=8627/39984.82/63852 pair_first=4294959296/361492769 pair_last=4294961496/407835177
BNO_VEC ACCEL_SENSOR_AND_ESKF_INPUT events=5863 nonfinite=0 xyz_mean_sd=[-0.272253,0.007455][-0.840904,0.015143][-9.798794,0.022416] xyz_minmax=[-0.312500,-0.238281][-0.882812,-0.808594][-9.855469,-9.734375] norm_mean_sd_minmax=9.838592/0.022366/9.775037/9.895633
BNO_VEC GYRO_SENSOR_AND_ESKF_INPUT events=4640 nonfinite=0 xyz_mean_sd=[0.000000,0.000000][0.000000,0.000000][0.000000,0.000000] xyz_minmax=[0.000000,0.000000][0.000000,0.000000][0.000000,0.000000] norm_mean_sd_minmax=0.000000/0.000000/0.000000/0.000000
BNO_VEC MAG_SENSOR events=1160 nonfinite=0 xyz_mean_sd=[6.975916,0.531810][-22.087662,0.715536][21.776078,0.918133] xyz_minmax=[5.375000,9.187500][-24.375000,-19.625000][18.375000,24.875000] norm_mean_sd_minmax=31.806787/0.831752/28.177868/34.149200
LINK queue/drop/high=0/0/10 tof=12228
TXDIAG frames_s=134 bytes_s=17812 total_frames=9612 total_bytes=1104604 queue=0 high=10 drops=0 bno_drop=0 partial=0 zero=0 write_calls=228949 max_write_us=0 free_heap=166668 min_free_heap=166668 usage_pct=19.33
BNO_TX kind=1 event=1264 req=1264 enq=1264 drop=0 done=1264 bytes=106176
BNO_REPORT kind=1 report_id=1 interval_us=10000 requested_hz=100.000 enable_ok=2 enable_fail=0 callback=5863 switch=5864 kind_convert=5864 events=5864 tx_req=1264 tx_enq=1264 tx_done=1264 tx_drop=0 event_drop=0 reset_reconfig=1 effective_hz=126.380
BNO_TX kind=2 event=1001 req=1001 enq=1001 drop=0 done=1001 bytes=84084
BNO_REPORT kind=2 report_id=2 interval_us=10000 requested_hz=100.000 enable_ok=2 enable_fail=0 callback=4641 switch=4641 kind_convert=4641 events=4641 tx_req=1001 tx_enq=1001 tx_done=1001 tx_drop=0 event_drop=0 reset_reconfig=1 effective_hz=100.039
BNO_TX kind=3 event=500 req=500 enq=500 drop=0 done=500 bytes=42000
BNO_REPORT kind=3 report_id=8 interval_us=20000 requested_hz=50.000 enable_ok=2 enable_fail=0 callback=2320 switch=2320 kind_convert=2320 events=2320 tx_req=500 tx_enq=500 tx_done=500 tx_drop=0 event_drop=0 reset_reconfig=1 effective_hz=50.010
BNO_TX kind=4 event=250 req=250 enq=250 drop=0 done=250 bytes=21000
BNO_REPORT kind=4 report_id=3 interval_us=50000 requested_hz=20.000 enable_ok=2 enable_fail=0 callback=1160 switch=1160 kind_convert=1160 events=1160 tx_req=250 tx_enq=250 tx_done=250 tx_drop=0 event_drop=0 reset_reconfig=1 effective_hz=25.009
BNO_TX kind=5 event=500 req=500 enq=500 drop=0 done=500 bytes=42000
BNO_REPORT kind=5 report_id=4 interval_us=20000 requested_hz=50.000 enable_ok=2 enable_fail=0 callback=2321 switch=2321 kind_convert=2321 events=2321 tx_req=500 tx_enq=500 tx_done=500 tx_drop=0 event_drop=0 reset_reconfig=1 effective_hz=50.014
DIAG state=FAULT dry=1 bno_ready=1 addr=0x4A init/reinit/poll=0/0/7070 event A/G/M=5990/4741/1185 age_rx_us=1291/6328/31128
IMU cand/pair/call/ok=40510/40510/40510/40391 reject=119 dup/order/stale/dt/nonfinite/norm/queue=0/0/0/119/0/0/0 last_ok_age_us=6328 dt_us=7194 align_samples=200 align_elapsed_us=2004079
HEALTH state=2 health=1 reason=mount_unvalidated mount=0 imu_age_us=6328 imu_gaps=0 reversals=0 covariance=1 finite=1 gnss_age_us=343381795 tof_age_us=4294967295 obs=1
BNO_TS ACCEL events=5990 unique=179 exact=1 overflow=0 dup=182 reverse=2915 rollover=0 sensor_dt_us=-27000/-0.43/8600 rx_dt_us=8/7913.03/40197 pair_first=4294964996/361472933 pair_last=4294962396/408864062
BNO_TS GYRO events=4741 unique=152 exact=1 overflow=0 dup=261 reverse=2064 rollover=0 sensor_dt_us=-28800/1.31/10500 rx_dt_us=24/9996.01/48371 pair_first=4294958596/361477955 pair_last=4294964796/408859025
BNO_TS MAG events=1185 unique=127 exact=1 overflow=0 dup=50 reverse=565 rollover=0 sensor_dt_us=-19200/2.53/24700 rx_dt_us=8627/39984.34/63852 pair_first=4294959296/361492769 pair_last=4294962296/408834225
BNO_VEC ACCEL_SENSOR_AND_ESKF_INPUT events=5990 nonfinite=0 xyz_mean_sd=[-0.272260,0.007416][-0.840923,0.015119][-9.798827,0.022444] xyz_minmax=[-0.312500,-0.238281][-0.882812,-0.808594][-9.855469,-9.734375] norm_mean_sd_minmax=9.838626/0.022396/9.775037/9.895633
BNO_VEC GYRO_SENSOR_AND_ESKF_INPUT events=4741 nonfinite=0 xyz_mean_sd=[0.000000,0.000000][0.000000,0.000000][0.000000,0.000000] xyz_minmax=[0.000000,0.000000][0.000000,0.000000][0.000000,0.000000] norm_mean_sd_minmax=0.000000/0.000000/0.000000/0.000000
BNO_VEC MAG_SENSOR events=1185 nonfinite=0 xyz_mean_sd=[6.976160,0.532153][-22.089662,0.718619][21.776530,0.914266] xyz_minmax=[5.375000,9.187500][-24.750000,-19.625000][18.375000,24.875000] norm_mean_sd_minmax=31.808485/0.832484/28.177868/34.664070
LINK queue/drop/high=1/0/10 tof=12259
TXDIAG frames_s=135 bytes_s=18005 total_frames=9748 total_bytes=1122736 queue=0 high=10 drops=0 bno_drop=0 partial=0 zero=0 write_calls=231816 max_write_us=0 free_heap=166668 min_free_heap=166668 usage_pct=19.54
BNO_TX kind=1 event=1264 req=1264 enq=1264 drop=0 done=1264 bytes=106176
BNO_REPORT kind=1 report_id=1 interval_us=10000 requested_hz=100.000 enable_ok=2 enable_fail=0 callback=5990 switch=5990 kind_convert=5990 events=5990 tx_req=1264 tx_enq=1264 tx_done=1264 tx_drop=0 event_drop=0 reset_reconfig=1 effective_hz=126.374
BNO_TX kind=2 event=1001 req=1001 enq=1001 drop=0 done=1001 bytes=84084
BNO_REPORT kind=2 report_id=2 interval_us=10000 requested_hz=100.000 enable_ok=2 enable_fail=0 callback=4742 switch=4741 kind_convert=4741 events=4741 tx_req=1001 tx_enq=1001 tx_done=1001 tx_drop=0 event_drop=0 reset_reconfig=1 effective_hz=100.040
BNO_TX kind=3 event=500 req=500 enq=500 drop=0 done=500 bytes=42000
BNO_REPORT kind=3 report_id=8 interval_us=20000 requested_hz=50.000 enable_ok=2 enable_fail=0 callback=2371 switch=2370 kind_convert=2370 events=2370 tx_req=500 tx_enq=500 tx_done=500 tx_drop=0 event_drop=0 reset_reconfig=1 effective_hz=50.011
BNO_TX kind=4 event=250 req=250 enq=250 drop=0 done=250 bytes=21000
BNO_REPORT kind=4 report_id=3 interval_us=50000 requested_hz=20.000 enable_ok=2 enable_fail=0 callback=1186 switch=1185 kind_convert=1185 events=1185 tx_req=250 tx_enq=250 tx_done=250 tx_drop=0 event_drop=0 reset_reconfig=1 effective_hz=25.010
BNO_TX kind=5 event=500 req=500 enq=500 drop=0 done=500 bytes=42000
BNO_REPORT kind=5 report_id=4 interval_us=20000 requested_hz=50.000 enable_ok=2 enable_fail=0 callback=2371 switch=2371 kind_convert=2371 events=2371 tx_req=500 tx_enq=500 tx_done=500 tx_drop=0 event_drop=0 reset_reconfig=1 effective_hz=50.015
DIAG state=FAULT dry=1 bno_ready=1 addr=0x4A init/reinit/poll=0/0/7247 event A/G/M=6116/4841/1210 age_rx_us=8209/3316/30440
IMU cand/pair/call/ok=40609/40609/40609/40490 reject=119 dup/order/stale/dt/nonfinite/norm/queue=0/0/0/119/0/0/0 last_ok_age_us=17924 dt_us=10054 align_samples=200 align_elapsed_us=2004079
HEALTH state=2 health=1 reason=mount_unvalidated mount=0 imu_age_us=3316 imu_gaps=0 reversals=0 covariance=1 finite=1 gnss_age_us=343374756 tof_age_us=4294967295 obs=1
BNO_TS ACCEL events=6116 unique=179 exact=1 overflow=0 dup=186 reverse=2974 rollover=0 sensor_dt_us=-27000/-0.18/8600 rx_dt_us=8/7912.39/40197 pair_first=4294964996/361472933 pair_last=4294963896/409857211
BNO_TS GYRO events=4841 unique=152 exact=1 overflow=0 dup=270 reverse=2109 rollover=0 sensor_dt_us=-28800/0.83/10500 rx_dt_us=24/9996.73/48371 pair_first=4294958596/361477955 pair_last=4294962596/409862104
BNO_TS MAG events=1210 unique=127 exact=1 overflow=0 dup=50 reverse=578 rollover=0 sensor_dt_us=-19200/1.82/24700 rx_dt_us=8627/39985.29/63852 pair_first=4294959296/361492769 pair_last=4294961496/409834980
BNO_VEC ACCEL_SENSOR_AND_ESKF_INPUT events=6116 nonfinite=0 xyz_mean_sd=[-0.272269,0.007441][-0.840952,0.015115][-9.798770,0.022469] xyz_minmax=[-0.312500,-0.238281][-0.882812,-0.808594][-9.855469,-9.734375] norm_mean_sd_minmax=9.838572/0.022419/9.775037/9.895633
BNO_VEC GYRO_SENSOR_AND_ESKF_INPUT events=4841 nonfinite=0 xyz_mean_sd=[0.000000,0.000000][0.000000,0.000000][0.000000,0.000000] xyz_minmax=[0.000000,0.000000][0.000000,0.000000][0.000000,0.000000] norm_mean_sd_minmax=0.000000/0.000000/0.000000/0.000000
BNO_VEC MAG_SENSOR events=1210 nonfinite=0 xyz_mean_sd=[6.980992,0.532929][-22.090289,0.717258][21.782541,0.909865] xyz_minmax=[5.375000,9.187500][-24.750000,-19.625000][18.375000,24.875000] norm_mean_sd_minmax=31.814018/0.829929/28.177868/34.664070
LINK queue/drop/high=0/0/10 tof=12289
TXDIAG frames_s=136 bytes_s=17996 total_frames=9884 total_bytes=1140732 queue=0 high=10 drops=0 bno_drop=0 partial=0 zero=0 write_calls=234491 max_write_us=0 free_heap=166668 min_free_heap=166668 usage_pct=19.53
BNO_TX kind=1 event=1264 req=1264 enq=1264 drop=0 done=1264 bytes=106176
BNO_REPORT kind=1 report_id=1 interval_us=10000 requested_hz=100.000 enable_ok=2 enable_fail=0 callback=6116 switch=6117 kind_convert=6117 events=6117 tx_req=1264 tx_enq=1264 tx_done=1264 tx_drop=0 event_drop=0 reset_reconfig=1 effective_hz=126.384
BNO_TX kind=2 event=1001 req=1001 enq=1001 drop=0 done=1001 bytes=84084
BNO_REPORT kind=2 report_id=2 interval_us=10000 requested_hz=100.000 enable_ok=2 enable_fail=0 callback=4842 switch=4842 kind_convert=4842 events=4842 tx_req=1001 tx_enq=1001 tx_done=1001 tx_drop=0 event_drop=0 reset_reconfig=1 effective_hz=100.039
BNO_TX kind=3 event=500 req=500 enq=500 drop=0 done=500 bytes=42000
BNO_REPORT kind=3 report_id=8 interval_us=20000 requested_hz=50.000 enable_ok=2 enable_fail=0 callback=2421 switch=2421 kind_convert=2421 events=2421 tx_req=500 tx_enq=500 tx_done=500 tx_drop=0 event_drop=0 reset_reconfig=1 effective_hz=50.007
BNO_TX kind=4 event=250 req=250 enq=250 drop=0 done=250 bytes=21000
BNO_REPORT kind=4 report_id=3 interval_us=50000 requested_hz=20.000 enable_ok=2 enable_fail=0 callback=1211 switch=1211 kind_convert=1211 events=1211 tx_req=250 tx_enq=250 tx_done=250 tx_drop=0 event_drop=0 reset_reconfig=1 effective_hz=25.009
BNO_TX kind=5 event=500 req=500 enq=500 drop=0 done=500 bytes=42000
BNO_REPORT kind=5 report_id=4 interval_us=20000 requested_hz=50.000 enable_ok=2 enable_fail=0 callback=2421 switch=2421 kind_convert=2421 events=2421 tx_req=500 tx_enq=500 tx_done=500 tx_drop=0 event_drop=0 reset_reconfig=1 effective_hz=50.016
DIAG state=FAULT dry=1 bno_ready=1 addr=0x4A init/reinit/poll=0/0/7430 event A/G/M=6243/4942/1235 age_rx_us=11432/6847/40078
IMU cand/pair/call/ok=40711/40711/40711/40592 reject=119 dup/order/stale/dt/nonfinite/norm/queue=0/0/0/119/0/0/0 last_ok_age_us=6847 dt_us=9318 align_samples=200 align_elapsed_us=2004079
HEALTH state=2 health=1 reason=mount_unvalidated mount=0 imu_age_us=6847 imu_gaps=0 reversals=0 covariance=1 finite=1 gnss_age_us=343373866 tof_age_us=4294967295 obs=1
BNO_TS ACCEL events=6243 unique=179 exact=1 overflow=0 dup=189 reverse=3031 rollover=0 sensor_dt_us=-27000/-0.06/8600 rx_dt_us=8/7912.51/40197 pair_first=4294964996/361472933 pair_last=4294964596/410862832
BNO_TS GYRO events=4942 unique=152 exact=1 overflow=0 dup=276 reverse=2155 rollover=0 sensor_dt_us=-28800/1.25/10500 rx_dt_us=24/9995.84/48371 pair_first=4294958596/361477955 pair_last=4294964796/410867417
BNO_TS MAG events=1235 unique=127 exact=1 overflow=0 dup=50 reverse=592 rollover=0 sensor_dt_us=-19200/2.67/24700 rx_dt_us=8627/39984.94/63852 pair_first=4294959296/361492769 pair_last=4294962596/410834186
BNO_VEC ACCEL_SENSOR_AND_ESKF_INPUT events=6243 nonfinite=0 xyz_mean_sd=[-0.272259,0.007442][-0.840931,0.015138][-9.798736,0.022489] xyz_minmax=[-0.312500,-0.238281][-0.882812,-0.808594][-9.855469,-9.734375] norm_mean_sd_minmax=9.838536/0.022436/9.775037/9.895633
BNO_VEC GYRO_SENSOR_AND_ESKF_INPUT events=4942 nonfinite=0 xyz_mean_sd=[0.000000,0.000000][0.000000,0.000000][0.000000,0.000000] xyz_minmax=[0.000000,0.000000][0.000000,0.000000][0.000000,0.000000] norm_mean_sd_minmax=0.000000/0.000000/0.000000/0.000000
BNO_VEC MAG_SENSOR events=1235 nonfinite=0 xyz_mean_sd=[6.982136,0.530861][-22.089980,0.715790][21.783350,0.905151] xyz_minmax=[5.375000,9.187500][-24.750000,-19.625000][18.375000,24.875000] norm_mean_sd_minmax=31.814515/0.825746/28.177868/34.664070
LINK queue/drop/high=1/0/10 tof=12320
TXDIAG frames_s=132 bytes_s=17723 total_frames=10017 total_bytes=1158580 queue=0 high=10 drops=0 bno_drop=0 partial=0 zero=0 write_calls=236954 max_write_us=0 free_heap=166668 min_free_heap=166668 usage_pct=19.23
BNO_TX kind=1 event=1264 req=1264 enq=1264 drop=0 done=1264 bytes=106176
BNO_REPORT kind=1 report_id=1 interval_us=10000 requested_hz=100.000 enable_ok=2 enable_fail=0 callback=6244 switch=6243 kind_convert=6243 events=6243 tx_req=1264 tx_enq=1264 tx_done=1264 tx_drop=0 event_drop=0 reset_reconfig=1 effective_hz=126.382
BNO_TX kind=2 event=1001 req=1001 enq=1001 drop=0 done=1001 bytes=84084
BNO_REPORT kind=2 report_id=2 interval_us=10000 requested_hz=100.000 enable_ok=2 enable_fail=0 callback=4942 switch=4942 kind_convert=4942 events=4942 tx_req=1001 tx_enq=1001 tx_done=1001 tx_drop=0 event_drop=0 reset_reconfig=1 effective_hz=100.042
BNO_TX kind=3 event=500 req=500 enq=500 drop=0 done=500 bytes=42000
BNO_REPORT kind=3 report_id=8 interval_us=20000 requested_hz=50.000 enable_ok=2 enable_fail=0 callback=2471 switch=2470 kind_convert=2470 events=2470 tx_req=500 tx_enq=500 tx_done=500 tx_drop=0 event_drop=0 reset_reconfig=1 effective_hz=50.011
BNO_TX kind=4 event=250 req=250 enq=250 drop=0 done=250 bytes=21000
BNO_REPORT kind=4 report_id=3 interval_us=50000 requested_hz=20.000 enable_ok=2 enable_fail=0 callback=1236 switch=1236 kind_convert=1236 events=1236 tx_req=250 tx_enq=250 tx_done=250 tx_drop=0 event_drop=0 reset_reconfig=1 effective_hz=25.009
BNO_TX kind=5 event=500 req=500 enq=500 drop=0 done=500 bytes=42000
BNO_REPORT kind=5 report_id=4 interval_us=20000 requested_hz=50.000 enable_ok=2 enable_fail=0 callback=2472 switch=2472 kind_convert=2472 events=2472 tx_req=500 tx_enq=500 tx_done=500 tx_drop=0 event_drop=0 reset_reconfig=1 effective_hz=50.016
DIAG state=FAULT dry=1 bno_ready=1 addr=0x4A init/reinit/poll=0/0/7606 event A/G/M=6370/5042/1260 age_rx_us=9711/7242/39479
IMU cand/pair/call/ok=40811/40811/40811/40692 reject=119 dup/order/stale/dt/nonfinite/norm/queue=0/0/0/119/0/0/0 last_ok_age_us=7242 dt_us=5053 align_samples=200 align_elapsed_us=2004079
HEALTH state=2 health=1 reason=mount_unvalidated mount=0 imu_age_us=7242 imu_gaps=0 reversals=0 covariance=1 finite=1 gnss_age_us=343367801 tof_age_us=4294967295 obs=1
BNO_TS ACCEL events=6370 unique=179 exact=1 overflow=0 dup=192 reverse=3100 rollover=0 sensor_dt_us=-27000/0.03/8600 rx_dt_us=8/7912.04/40197 pair_first=4294964996/361472933 pair_last=4294965196/411864739
BNO_TS GYRO events=5042 unique=152 exact=1 overflow=0 dup=279 reverse=2197 rollover=0 sensor_dt_us=-28800/1.19/10500 rx_dt_us=24/9995.88/48371 pair_first=4294958596/361477955 pair_last=4294964596/411867208
BNO_TS MAG events=1260 unique=127 exact=1 overflow=0 dup=53 reverse=603 rollover=0 sensor_dt_us=-19200/0.71/24700 rx_dt_us=8627/39985.86/63852 pair_first=4294959296/361492769 pair_last=4294960196/411834971
BNO_VEC ACCEL_SENSOR_AND_ESKF_INPUT events=6370 nonfinite=0 xyz_mean_sd=[-0.272255,0.007430][-0.840949,0.015116][-9.798754,0.022470] xyz_minmax=[-0.312500,-0.238281][-0.882812,-0.808594][-9.855469,-9.734375] norm_mean_sd_minmax=9.838556/0.022418/9.775037/9.895633
BNO_VEC GYRO_SENSOR_AND_ESKF_INPUT events=5042 nonfinite=0 xyz_mean_sd=[0.000000,0.000000][0.000000,0.000000][0.000000,0.000000] xyz_minmax=[0.000000,0.000000][0.000000,0.000000][0.000000,0.000000] norm_mean_sd_minmax=0.000000/0.000000/0.000000/0.000000
BNO_VEC MAG_SENSOR events=1260 nonfinite=0 xyz_mean_sd=[6.981796,0.533437][-22.090030,0.713450][21.784871,0.900577] xyz_minmax=[5.375000,9.187500][-24.750000,-19.625000][18.375000,24.875000] norm_mean_sd_minmax=31.815451/0.822903/28.177868/34.664070
LINK queue/drop/high=0/0/10 tof=12350
TXDIAG frames_s=135 bytes_s=17902 total_frames=10153 total_bytes=1176500 queue=0 high=10 drops=0 bno_drop=0 partial=0 zero=0 write_calls=239193 max_write_us=0 free_heap=166668 min_free_heap=166668 usage_pct=19.42
BNO_TX kind=1 event=1264 req=1264 enq=1264 drop=0 done=1264 bytes=106176
BNO_REPORT kind=1 report_id=1 interval_us=10000 requested_hz=100.000 enable_ok=2 enable_fail=0 callback=6370 switch=6370 kind_convert=6370 events=6370 tx_req=1264 tx_enq=1264 tx_done=1264 tx_drop=0 event_drop=0 reset_reconfig=1 effective_hz=126.390
BNO_TX kind=2 event=1001 req=1001 enq=1001 drop=0 done=1001 bytes=84084
BNO_REPORT kind=2 report_id=2 interval_us=10000 requested_hz=100.000 enable_ok=2 enable_fail=0 callback=5043 switch=5042 kind_convert=5042 events=5042 tx_req=1001 tx_enq=1001 tx_done=1001 tx_drop=0 event_drop=0 reset_reconfig=1 effective_hz=100.041
BNO_TX kind=3 event=500 req=500 enq=500 drop=0 done=500 bytes=42000
BNO_REPORT kind=3 report_id=8 interval_us=20000 requested_hz=50.000 enable_ok=2 enable_fail=0 callback=2521 switch=2520 kind_convert=2520 events=2520 tx_req=500 tx_enq=500 tx_done=500 tx_drop=0 event_drop=0 reset_reconfig=1 effective_hz=50.008
BNO_TX kind=4 event=250 req=250 enq=250 drop=0 done=250 bytes=21000
BNO_REPORT kind=4 report_id=3 interval_us=50000 requested_hz=20.000 enable_ok=2 enable_fail=0 callback=1261 switch=1261 kind_convert=1261 events=1261 tx_req=250 tx_enq=250 tx_done=250 tx_drop=0 event_drop=0 reset_reconfig=1 effective_hz=25.010
BNO_TX kind=5 event=500 req=500 enq=500 drop=0 done=500 bytes=42000
BNO_REPORT kind=5 report_id=4 interval_us=20000 requested_hz=50.000 enable_ok=2 enable_fail=0 callback=2522 switch=2522 kind_convert=2522 events=2522 tx_req=500 tx_enq=500 tx_done=500 tx_drop=0 event_drop=0 reset_reconfig=1 effective_hz=50.015
DIAG state=FAULT dry=1 bno_ready=1 addr=0x4A init/reinit/poll=0/0/7773 event A/G/M=6498/5143/1286 age_rx_us=2243/2261/17493
IMU cand/pair/call/ok=40912/40912/40912/40793 reject=119 dup/order/stale/dt/nonfinite/norm/queue=0/0/0/119/0/0/0 last_ok_age_us=2261 dt_us=9685 align_samples=200 align_elapsed_us=2004079
HEALTH state=2 health=1 reason=mount_unvalidated mount=0 imu_age_us=2261 imu_gaps=0 reversals=0 covariance=1 finite=1 gnss_age_us=343374995 tof_age_us=4294967295 obs=1
BNO_TS ACCEL events=6498 unique=179 exact=1 overflow=0 dup=197 reverse=3164 rollover=0 sensor_dt_us=-27000/-0.22/8600 rx_dt_us=8/7912.73/40197 pair_first=4294964996/361472933 pair_last=4294963596/412881932
BNO_TS GYRO events=5143 unique=152 exact=1 overflow=0 dup=287 reverse=2243 rollover=0 sensor_dt_us=-28800/0.88/10500 rx_dt_us=24/9996.88/48371 pair_first=4294958596/361477955 pair_last=4294963096/412881914
BNO_TS MAG events=1286 unique=127 exact=1 overflow=0 dup=53 reverse=614 rollover=0 sensor_dt_us=-19200/4.28/24700 rx_dt_us=8627/39979.70/63852 pair_first=4294959296/361492769 pair_last=4294964796/412866682
BNO_VEC ACCEL_SENSOR_AND_ESKF_INPUT events=6498 nonfinite=0 xyz_mean_sd=[-0.272246,0.007459][-0.840949,0.015109][-9.798797,0.022435] xyz_minmax=[-0.312500,-0.238281][-0.882812,-0.808594][-9.855469,-9.734375] norm_mean_sd_minmax=9.838599/0.022382/9.775037/9.895633
BNO_VEC GYRO_SENSOR_AND_ESKF_INPUT events=5143 nonfinite=0 xyz_mean_sd=[0.000000,0.000000][0.000000,0.000000][0.000000,0.000000] xyz_minmax=[0.000000,0.000000][0.000000,0.000000][0.000000,0.000000] norm_mean_sd_minmax=0.000000/0.000000/0.000000/0.000000
BNO_VEC MAG_SENSOR events=1286 nonfinite=0 xyz_mean_sd=[6.978762,0.535473][-22.094479,0.716269][21.792622,0.898831] xyz_minmax=[5.375000,9.187500][-24.750000,-19.625000][18.375000,24.875000] norm_mean_sd_minmax=31.823199/0.824125/28.177868/34.664070
LINK queue/drop/high=1/0/10 tof=12381
TXDIAG frames_s=134 bytes_s=17952 total_frames=10289 total_bytes=1194632 queue=0 high=10 drops=0 bno_drop=0 partial=0 zero=0 write_calls=242187 max_write_us=0 free_heap=166668 min_free_heap=166668 usage_pct=19.48
BNO_TX kind=1 event=1264 req=1264 enq=1264 drop=0 done=1264 bytes=106176
BNO_REPORT kind=1 report_id=1 interval_us=10000 requested_hz=100.000 enable_ok=2 enable_fail=0 callback=6498 switch=6498 kind_convert=6498 events=6498 tx_req=1264 tx_enq=1264 tx_done=1264 tx_drop=0 event_drop=0 reset_reconfig=1 effective_hz=126.379
BNO_TX kind=2 event=1001 req=1001 enq=1001 drop=0 done=1001 bytes=84084
BNO_REPORT kind=2 report_id=2 interval_us=10000 requested_hz=100.000 enable_ok=2 enable_fail=0 callback=5144 switch=5143 kind_convert=5143 events=5143 tx_req=1001 tx_enq=1001 tx_done=1001 tx_drop=0 event_drop=0 reset_reconfig=1 effective_hz=100.031
BNO_TX kind=3 event=500 req=500 enq=500 drop=0 done=500 bytes=42000
BNO_REPORT kind=3 report_id=8 interval_us=20000 requested_hz=50.000 enable_ok=2 enable_fail=0 callback=2572 switch=2571 kind_convert=2571 events=2571 tx_req=500 tx_enq=500 tx_done=500 tx_drop=0 event_drop=0 reset_reconfig=1 effective_hz=50.010
BNO_TX kind=4 event=250 req=250 enq=250 drop=0 done=250 bytes=21000
BNO_REPORT kind=4 report_id=3 interval_us=50000 requested_hz=20.000 enable_ok=2 enable_fail=0 callback=1286 switch=1286 kind_convert=1286 events=1286 tx_req=250 tx_enq=250 tx_done=250 tx_drop=0 event_drop=0 reset_reconfig=1 effective_hz=25.013
BNO_TX kind=5 event=500 req=500 enq=500 drop=0 done=500 bytes=42000
BNO_REPORT kind=5 report_id=4 interval_us=20000 requested_hz=50.000 enable_ok=2 enable_fail=0 callback=2572 switch=2572 kind_convert=2572 events=2572 tx_req=500 tx_enq=500 tx_done=500 tx_drop=0 event_drop=0 reset_reconfig=1 effective_hz=50.016
DIAG state=FAULT dry=1 bno_ready=1 addr=0x4A init/reinit/poll=0/0/7956 event A/G/M=6623/5243/1311 age_rx_us=7166/3028/7214
IMU cand/pair/call/ok=41012/41012/41012/40893 reject=119 dup/order/stale/dt/nonfinite/norm/queue=0/0/0/119/0/0/0 last_ok_age_us=3028 dt_us=10087 align_samples=200 align_elapsed_us=2004079
HEALTH state=2 health=1 reason=mount_unvalidated mount=0 imu_age_us=3028 imu_gaps=0 reversals=0 covariance=1 finite=1 gnss_age_us=343369088 tof_age_us=4294967295 obs=1
BNO_TS ACCEL events=6623 unique=179 exact=1 overflow=0 dup=202 reverse=3227 rollover=0 sensor_dt_us=-27000/0.02/8600 rx_dt_us=8/7913.66/40197 pair_first=4294964996/361472933 pair_last=4294965096/413877210
BNO_TS GYRO events=5243 unique=152 exact=1 overflow=0 dup=293 reverse=2286 rollover=0 sensor_dt_us=-28800/0.69/10500 rx_dt_us=24/9996.83/48371 pair_first=4294958596/361477955 pair_last=4294962196/413881348
BNO_TS MAG events=1311 unique=128 exact=1 overflow=0 dup=55 reverse=626 rollover=0 sensor_dt_us=-19200/-1.30/24700 rx_dt_us=8627/39988.09/63852 pair_first=4294959296/361492769 pair_last=4294957596/413877162
BNO_VEC ACCEL_SENSOR_AND_ESKF_INPUT events=6623 nonfinite=0 xyz_mean_sd=[-0.272264,0.007458][-0.840963,0.015089][-9.798846,0.022435] xyz_minmax=[-0.312500,-0.238281][-0.882812,-0.808594][-9.855469,-9.734375] norm_mean_sd_minmax=9.838649/0.022384/9.775037/9.895633
BNO_VEC GYRO_SENSOR_AND_ESKF_INPUT events=5243 nonfinite=0 xyz_mean_sd=[0.000000,0.000000][0.000000,0.000000][0.000000,0.000000] xyz_minmax=[0.000000,0.000000][0.000000,0.000000][0.000000,0.000000] norm_mean_sd_minmax=0.000000/0.000000/0.000000/0.000000
BNO_VEC MAG_SENSOR events=1311 nonfinite=0 xyz_mean_sd=[6.982885,0.537414][-22.095490,0.717021][21.798055,0.896766] xyz_minmax=[5.375000,9.187500][-24.750000,-19.625000][18.375000,24.875000] norm_mean_sd_minmax=31.828556/0.822631/28.177868/34.664070
LINK queue/drop/high=0/0/10 tof=12411
TXDIAG frames_s=134 bytes_s=17906 total_frames=10424 total_bytes=1212556 queue=0 high=10 drops=0 bno_drop=0 partial=0 zero=0 write_calls=244461 max_write_us=0 free_heap=166668 min_free_heap=166668 usage_pct=19.43
BNO_TX kind=1 event=1264 req=1264 enq=1264 drop=0 done=1264 bytes=106176
BNO_REPORT kind=1 report_id=1 interval_us=10000 requested_hz=100.000 enable_ok=2 enable_fail=0 callback=6623 switch=6623 kind_convert=6623 events=6623 tx_req=1264 tx_enq=1264 tx_done=1264 tx_drop=0 event_drop=0 reset_reconfig=1 effective_hz=126.364
BNO_TX kind=2 event=1001 req=1001 enq=1001 drop=0 done=1001 bytes=84084
BNO_REPORT kind=2 report_id=2 interval_us=10000 requested_hz=100.000 enable_ok=2 enable_fail=0 callback=5244 switch=5243 kind_convert=5243 events=5243 tx_req=1001 tx_enq=1001 tx_done=1001 tx_drop=0 event_drop=0 reset_reconfig=1 effective_hz=100.032
BNO_TX kind=3 event=500 req=500 enq=500 drop=0 done=500 bytes=42000
BNO_REPORT kind=3 report_id=8 interval_us=20000 requested_hz=50.000 enable_ok=2 enable_fail=0 callback=2622 switch=2621 kind_convert=2621 events=2621 tx_req=500 tx_enq=500 tx_done=500 tx_drop=0 event_drop=0 reset_reconfig=1 effective_hz=50.011
BNO_TX kind=4 event=250 req=250 enq=250 drop=0 done=250 bytes=21000
BNO_REPORT kind=4 report_id=3 interval_us=50000 requested_hz=20.000 enable_ok=2 enable_fail=0 callback=1311 switch=1311 kind_convert=1311 events=1311 tx_req=250 tx_enq=250 tx_done=250 tx_drop=0 event_drop=0 reset_reconfig=1 effective_hz=25.007
BNO_TX kind=5 event=500 req=500 enq=500 drop=0 done=500 bytes=42000
BNO_REPORT kind=5 report_id=4 interval_us=20000 requested_hz=50.000 enable_ok=2 enable_fail=0 callback=2622 switch=2622 kind_convert=2622 events=2622 tx_req=500 tx_enq=500 tx_done=500 tx_drop=0 event_drop=0 reset_reconfig=1 effective_hz=50.016
DIAG state=FAULT dry=1 bno_ready=1 addr=0x4A init/reinit/poll=0/0/8137 event A/G/M=6751/5344/1336 age_rx_us=1978/7208/19980
IMU cand/pair/call/ok=41113/41113/41113/40994 reject=119 dup/order/stale/dt/nonfinite/norm/queue=0/0/0/119/0/0/0 last_ok_age_us=7208 dt_us=10244 align_samples=200 align_elapsed_us=2004079
HEALTH state=2 health=1 reason=mount_unvalidated mount=0 imu_age_us=7208 imu_gaps=0 reversals=0 covariance=1 finite=1 gnss_age_us=343371625 tof_age_us=4294967295 obs=1
BNO_TS ACCEL events=6751 unique=179 exact=1 overflow=0 dup=206 reverse=3291 rollover=0 sensor_dt_us=-27000/-0.50/8600 rx_dt_us=8/7914.02/40197 pair_first=4294964996/361472933 pair_last=4294961596/414892557
BNO_TS GYRO events=5344 unique=152 exact=1 overflow=0 dup=299 reverse=2327 rollover=0 sensor_dt_us=-28800/1.09/10500 rx_dt_us=24/9996.14/48371 pair_first=4294958596/361477955 pair_last=4294964396/414887327
BNO_TS MAG events=1336 unique=128 exact=1 overflow=0 dup=56 reverse=637 rollover=0 sensor_dt_us=-19200/0.52/24700 rx_dt_us=8627/39986.36/63852 pair_first=4294959296/361492769 pair_last=4294959996/414874555
BNO_VEC ACCEL_SENSOR_AND_ESKF_INPUT events=6751 nonfinite=0 xyz_mean_sd=[-0.272287,0.007417][-0.840945,0.015097][-9.798889,0.022422] xyz_minmax=[-0.312500,-0.238281][-0.882812,-0.808594][-9.855469,-9.734375] norm_mean_sd_minmax=9.838691/0.022370/9.775037/9.895633
BNO_VEC GYRO_SENSOR_AND_ESKF_INPUT events=5344 nonfinite=0 xyz_mean_sd=[0.000000,0.000000][0.000000,0.000000][0.000000,0.000000] xyz_minmax=[0.000000,0.000000][0.000000,0.000000][0.000000,0.000000] norm_mean_sd_minmax=0.000000/0.000000/0.000000/0.000000
BNO_VEC MAG_SENSOR events=1336 nonfinite=0 xyz_mean_sd=[6.981007,0.536880][-22.097165,0.717765][21.802769,0.898818] xyz_minmax=[5.375000,9.187500][-24.750000,-19.625000][18.375000,24.875000] norm_mean_sd_minmax=31.832548/0.824681/28.177868/34.664070
LINK queue/drop/high=1/0/10 tof=12442
TXDIAG frames_s=133 bytes_s=17857 total_frames=10559 total_bytes=1230592 queue=0 high=10 drops=0 bno_drop=0 partial=0 zero=0 write_calls=246671 max_write_us=0 free_heap=166668 min_free_heap=166668 usage_pct=19.38
BNO_TX kind=1 event=1264 req=1264 enq=1264 drop=0 done=1264 bytes=106176
BNO_REPORT kind=1 report_id=1 interval_us=10000 requested_hz=100.000 enable_ok=2 enable_fail=0 callback=6751 switch=6751 kind_convert=6751 events=6751 tx_req=1264 tx_enq=1264 tx_done=1264 tx_drop=0 event_drop=0 reset_reconfig=1 effective_hz=126.358
BNO_TX kind=2 event=1001 req=1001 enq=1001 drop=0 done=1001 bytes=84084
BNO_REPORT kind=2 report_id=2 interval_us=10000 requested_hz=100.000 enable_ok=2 enable_fail=0 callback=5345 switch=5344 kind_convert=5344 events=5344 tx_req=1001 tx_enq=1001 tx_done=1001 tx_drop=0 event_drop=0 reset_reconfig=1 effective_hz=100.039
BNO_TX kind=3 event=500 req=500 enq=500 drop=0 done=500 bytes=42000
BNO_REPORT kind=3 report_id=8 interval_us=20000 requested_hz=50.000 enable_ok=2 enable_fail=0 callback=2672 switch=2672 kind_convert=2672 events=2672 tx_req=500 tx_enq=500 tx_done=500 tx_drop=0 event_drop=0 reset_reconfig=1 effective_hz=50.009
BNO_TX kind=4 event=250 req=250 enq=250 drop=0 done=250 bytes=21000
BNO_REPORT kind=4 report_id=3 interval_us=50000 requested_hz=20.000 enable_ok=2 enable_fail=0 callback=1337 switch=1336 kind_convert=1336 events=1336 tx_req=250 tx_enq=250 tx_done=250 tx_drop=0 event_drop=0 reset_reconfig=1 effective_hz=25.009
BNO_TX kind=5 event=500 req=500 enq=500 drop=0 done=500 bytes=42000
BNO_REPORT kind=5 report_id=4 interval_us=20000 requested_hz=50.000 enable_ok=2 enable_fail=0 callback=2673 switch=2672 kind_convert=2672 events=2672 tx_req=500 tx_enq=500 tx_done=500 tx_drop=0 event_drop=0 reset_reconfig=1 effective_hz=50.013
DIAG state=FAULT dry=1 bno_ready=1 addr=0x4A init/reinit/poll=0/0/8312 event A/G/M=6878/5444/1361 age_rx_us=3160/7010/23511
IMU cand/pair/call/ok=41213/41213/41213/41094 reject=119 dup/order/stale/dt/nonfinite/norm/queue=0/0/0/119/0/0/0 last_ok_age_us=7010 dt_us=8463 align_samples=200 align_elapsed_us=2004079
HEALTH state=2 health=1 reason=mount_unvalidated mount=0 imu_age_us=7010 imu_gaps=0 reversals=0 covariance=1 finite=1 gnss_age_us=343361034 tof_age_us=4294967295 obs=1
BNO_TS ACCEL events=6878 unique=179 exact=1 overflow=0 dup=209 reverse=3355 rollover=0 sensor_dt_us=-27000/-0.16/8600 rx_dt_us=8/7913.42/40197 pair_first=4294964996/361472933 pair_last=4294963896/415893524
BNO_TS GYRO events=5444 unique=152 exact=1 overflow=0 dup=310 reverse=2369 rollover=0 sensor_dt_us=-28800/0.97/10500 rx_dt_us=24/9996.64/48371 pair_first=4294958596/361477955 pair_last=4294963896/415889674
BNO_TS MAG events=1361 unique=128 exact=1 overflow=0 dup=58 reverse=649 rollover=0 sensor_dt_us=-19200/1.62/24700 rx_dt_us=8627/39985.59/63852 pair_first=4294959296/361492769 pair_last=4294961496/415873173
BNO_VEC ACCEL_SENSOR_AND_ESKF_INPUT events=6878 nonfinite=0 xyz_mean_sd=[-0.272293,0.007384][-0.840961,0.015077][-9.798914,0.022445] xyz_minmax=[-0.312500,-0.238281][-0.882812,-0.808594][-9.855469,-9.734375] norm_mean_sd_minmax=9.838718/0.022394/9.775037/9.895633
BNO_VEC GYRO_SENSOR_AND_ESKF_INPUT events=5444 nonfinite=0 xyz_mean_sd=[0.000000,0.000000][0.000000,0.000000][0.000000,0.000000] xyz_minmax=[0.000000,0.000000][0.000000,0.000000][0.000000,0.000000] norm_mean_sd_minmax=0.000000/0.000000/0.000000/0.000000
BNO_VEC MAG_SENSOR events=1361 nonfinite=0 xyz_mean_sd=[6.976993,0.536781][-22.099697,0.720277][21.801846,0.894093] xyz_minmax=[5.375000,9.187500][-24.750000,-19.625000][18.375000,24.875000] norm_mean_sd_minmax=31.832716/0.824641/28.177868/34.664070
LINK queue/drop/high=0/0/10 tof=12472
TXDIAG frames_s=133 bytes_s=17716 total_frames=10693 total_bytes=1248344 queue=0 high=10 drops=0 bno_drop=0 partial=0 zero=0 write_calls=248982 max_write_us=0 free_heap=166668 min_free_heap=166668 usage_pct=19.22
BNO_TX kind=1 event=1264 req=1264 enq=1264 drop=0 done=1264 bytes=106176
BNO_REPORT kind=1 report_id=1 interval_us=10000 requested_hz=100.000 enable_ok=2 enable_fail=0 callback=6878 switch=6878 kind_convert=6878 events=6878 tx_req=1264 tx_enq=1264 tx_done=1264 tx_drop=0 event_drop=0 reset_reconfig=1 effective_hz=126.368
BNO_TX kind=2 event=1001 req=1001 enq=1001 drop=0 done=1001 bytes=84084
BNO_REPORT kind=2 report_id=2 interval_us=10000 requested_hz=100.000 enable_ok=2 enable_fail=0 callback=5445 switch=5445 kind_convert=5445 events=5445 tx_req=1001 tx_enq=1001 tx_done=1001 tx_drop=0 event_drop=0 reset_reconfig=1 effective_hz=100.035
BNO_TX kind=3 event=500 req=500 enq=500 drop=0 done=500 bytes=42000
BNO_REPORT kind=3 report_id=8 interval_us=20000 requested_hz=50.000 enable_ok=2 enable_fail=0 callback=2722 switch=2722 kind_convert=2722 events=2722 tx_req=500 tx_enq=500 tx_done=500 tx_drop=0 event_drop=0 reset_reconfig=1 effective_hz=50.012
BNO_TX kind=4 event=250 req=250 enq=250 drop=0 done=250 bytes=21000
BNO_REPORT kind=4 report_id=3 interval_us=50000 requested_hz=20.000 enable_ok=2 enable_fail=0 callback=1361 switch=1361 kind_convert=1361 events=1361 tx_req=250 tx_enq=250 tx_done=250 tx_drop=0 event_drop=0 reset_reconfig=1 effective_hz=25.009
BNO_TX kind=5 event=500 req=500 enq=500 drop=0 done=500 bytes=42000
BNO_REPORT kind=5 report_id=4 interval_us=20000 requested_hz=50.000 enable_ok=2 enable_fail=0 callback=2723 switch=2723 kind_convert=2723 events=2723 tx_req=500 tx_enq=500 tx_done=500 tx_drop=0 event_drop=0 reset_reconfig=1 effective_hz=50.013
DIAG state=FAULT dry=1 bno_ready=1 addr=0x4A init/reinit/poll=0/0/8495 event A/G/M=7005/5545/1386 age_rx_us=7228/2287/31484
IMU cand/pair/call/ok=41314/41314/41314/41195 reject=119 dup/order/stale/dt/nonfinite/norm/queue=0/0/0/119/0/0/0 last_ok_age_us=2287 dt_us=13918 align_samples=200 align_elapsed_us=2004079
HEALTH state=2 health=1 reason=mount_unvalidated mount=0 imu_age_us=2287 imu_gaps=0 reversals=0 covariance=1 finite=1 gnss_age_us=343362124 tof_age_us=4294967295 obs=1
BNO_TS ACCEL events=7005 unique=179 exact=1 overflow=0 dup=211 reverse=3418 rollover=0 sensor_dt_us=-27000/0.10/8600 rx_dt_us=8/7913.07/40197 pair_first=4294964996/361472933 pair_last=4294965696/416896069
BNO_TS GYRO events=5545 unique=152 exact=1 overflow=0 dup=316 reverse=2413 rollover=0 sensor_dt_us=-28800/0.61/10500 rx_dt_us=24/9996.94/48371 pair_first=4294958596/361477955 pair_last=4294961996/416901010
BNO_TS MAG events=1386 unique=128 exact=1 overflow=0 dup=58 reverse=662 rollover=0 sensor_dt_us=-19200/2.24/24700 rx_dt_us=8627/39984.87/63852 pair_first=4294959296/361492769 pair_last=4294962396/416871813
BNO_VEC ACCEL_SENSOR_AND_ESKF_INPUT events=7005 nonfinite=0 xyz_mean_sd=[-0.272294,0.007390][-0.840932,0.015095][-9.798899,0.022431] xyz_minmax=[-0.312500,-0.238281][-0.882812,-0.808594][-9.855469,-9.734375] norm_mean_sd_minmax=9.838699/0.022379/9.775037/9.895633
BNO_VEC GYRO_SENSOR_AND_ESKF_INPUT events=5545 nonfinite=0 xyz_mean_sd=[0.000000,0.000000][0.000000,0.000000][0.000000,0.000000] xyz_minmax=[0.000000,0.000000][0.000000,0.000000][0.000000,0.000000] norm_mean_sd_minmax=0.000000/0.000000/0.000000/0.000000
BNO_VEC MAG_SENSOR events=1386 nonfinite=0 xyz_mean_sd=[6.977363,0.535882][-22.098981,0.719542][21.803932,0.894060] xyz_minmax=[5.375000,9.187500][-24.750000,-19.625000][18.375000,24.875000] norm_mean_sd_minmax=31.833724/0.823586/28.177868/34.664070
LINK queue/drop/high=1/0/10 tof=12503
TXDIAG frames_s=134 bytes_s=17910 total_frames=10828 total_bytes=1266380 queue=0 high=10 drops=0 bno_drop=0 partial=0 zero=0 write_calls=251254 max_write_us=0 free_heap=166668 min_free_heap=166668 usage_pct=19.43
BNO_TX kind=1 event=1264 req=1264 enq=1264 drop=0 done=1264 bytes=106176
BNO_REPORT kind=1 report_id=1 interval_us=10000 requested_hz=100.000 enable_ok=2 enable_fail=0 callback=7005 switch=7005 kind_convert=7005 events=7005 tx_req=1264 tx_enq=1264 tx_done=1264 tx_drop=0 event_drop=0 reset_reconfig=1 effective_hz=126.373
BNO_TX kind=2 event=1001 req=1001 enq=1001 drop=0 done=1001 bytes=84084
BNO_REPORT kind=2 report_id=2 interval_us=10000 requested_hz=100.000 enable_ok=2 enable_fail=0 callback=5546 switch=5545 kind_convert=5545 events=5545 tx_req=1001 tx_enq=1001 tx_done=1001 tx_drop=0 event_drop=0 reset_reconfig=1 effective_hz=100.031
BNO_TX kind=3 event=500 req=500 enq=500 drop=0 done=500 bytes=42000
BNO_REPORT kind=3 report_id=8 interval_us=20000 requested_hz=50.000 enable_ok=2 enable_fail=0 callback=2773 switch=2772 kind_convert=2772 events=2772 tx_req=500 tx_enq=500 tx_done=500 tx_drop=0 event_drop=0 reset_reconfig=1 effective_hz=50.009
BNO_TX kind=4 event=250 req=250 enq=250 drop=0 done=250 bytes=21000
BNO_REPORT kind=4 report_id=3 interval_us=50000 requested_hz=20.000 enable_ok=2 enable_fail=0 callback=1387 switch=1386 kind_convert=1386 events=1386 tx_req=250 tx_enq=250 tx_done=250 tx_drop=0 event_drop=0 reset_reconfig=1 effective_hz=25.009
BNO_TX kind=5 event=500 req=500 enq=500 drop=0 done=500 bytes=42000
BNO_REPORT kind=5 report_id=4 interval_us=20000 requested_hz=50.000 enable_ok=2 enable_fail=0 callback=2773 switch=2773 kind_convert=2773 events=2773 tx_req=500 tx_enq=500 tx_done=500 tx_drop=0 event_drop=0 reset_reconfig=1 effective_hz=50.015
DIAG state=FAULT dry=1 bno_ready=1 addr=0x4A init/reinit/poll=0/0/8666 event A/G/M=7132/5645/1411 age_rx_us=971/4853/29173
IMU cand/pair/call/ok=41414/41414/41414/41295 reject=119 dup/order/stale/dt/nonfinite/norm/queue=0/0/0/119/0/0/0 last_ok_age_us=4853 dt_us=8028 align_samples=200 align_elapsed_us=2004079
HEALTH state=2 health=1 reason=mount_unvalidated mount=0 imu_age_us=4853 imu_gaps=0 reversals=0 covariance=1 finite=1 gnss_age_us=343358290 tof_age_us=4294967295 obs=1
BNO_TS ACCEL events=7132 unique=179 exact=1 overflow=0 dup=216 reverse=3481 rollover=0 sensor_dt_us=-27000/-0.06/8600 rx_dt_us=8/7913.28/40197 pair_first=4294964996/361472933 pair_last=4294964596/417902534
BNO_TS GYRO events=5645 unique=152 exact=1 overflow=0 dup=325 reverse=2454 rollover=0 sensor_dt_us=-28800/0.94/10500 rx_dt_us=24/9996.58/48371 pair_first=4294958596/361477955 pair_last=4294963896/417898652
BNO_TS MAG events=1411 unique=128 exact=1 overflow=0 dup=61 reverse=675 rollover=0 sensor_dt_us=-19200/1.13/24700 rx_dt_us=8627/39986.92/63852 pair_first=4294959296/361492769 pair_last=4294960896/417874332
BNO_VEC ACCEL_SENSOR_AND_ESKF_INPUT events=7132 nonfinite=0 xyz_mean_sd=[-0.272291,0.007407][-0.840981,0.015048][-9.798872,0.022443] xyz_minmax=[-0.312500,-0.238281][-0.882812,-0.808594][-9.855469,-9.734375] norm_mean_sd_minmax=9.838677/0.022392/9.775037/9.895633
BNO_VEC GYRO_SENSOR_AND_ESKF_INPUT events=5645 nonfinite=0 xyz_mean_sd=[0.000000,0.000000][0.000000,0.000000][0.000000,0.000000] xyz_minmax=[0.000000,0.000000][0.000000,0.000000][0.000000,0.000000] norm_mean_sd_minmax=0.000000/0.000000/0.000000/0.000000
BNO_VEC MAG_SENSOR events=1411 nonfinite=0 xyz_mean_sd=[6.978340,0.534136][-22.104447,0.721569][21.806077,0.890281] xyz_minmax=[5.375000,9.187500][-24.750000,-19.625000][18.375000,24.875000] norm_mean_sd_minmax=31.839169/0.821385/28.177868/34.664070
LINK queue/drop/high=0/0/10 tof=12533
TXDIAG frames_s=136 bytes_s=17972 total_frames=10964 total_bytes=1284352 queue=0 high=10 drops=0 bno_drop=0 partial=0 zero=0 write_calls=253669 max_write_us=0 free_heap=166668 min_free_heap=166668 usage_pct=19.50
BNO_TX kind=1 event=1264 req=1264 enq=1264 drop=0 done=1264 bytes=106176
BNO_REPORT kind=1 report_id=1 interval_us=10000 requested_hz=100.000 enable_ok=2 enable_fail=0 callback=7132 switch=7132 kind_convert=7132 events=7132 tx_req=1264 tx_enq=1264 tx_done=1264 tx_drop=0 event_drop=0 reset_reconfig=1 effective_hz=126.370
BNO_TX kind=2 event=1001 req=1001 enq=1001 drop=0 done=1001 bytes=84084
BNO_REPORT kind=2 report_id=2 interval_us=10000 requested_hz=100.000 enable_ok=2 enable_fail=0 callback=5646 switch=5646 kind_convert=5646 events=5646 tx_req=1001 tx_enq=1001 tx_done=1001 tx_drop=0 event_drop=0 reset_reconfig=1 effective_hz=100.028
BNO_TX kind=3 event=500 req=500 enq=500 drop=0 done=500 bytes=42000
BNO_REPORT kind=3 report_id=8 interval_us=20000 requested_hz=50.000 enable_ok=2 enable_fail=0 callback=2823 switch=2823 kind_convert=2823 events=2823 tx_req=500 tx_enq=500 tx_done=500 tx_drop=0 event_drop=0 reset_reconfig=1 effective_hz=50.009
BNO_TX kind=4 event=250 req=250 enq=250 drop=0 done=250 bytes=21000
BNO_REPORT kind=4 report_id=3 interval_us=50000 requested_hz=20.000 enable_ok=2 enable_fail=0 callback=1412 switch=1412 kind_convert=1412 events=1412 tx_req=250 tx_enq=250 tx_done=250 tx_drop=0 event_drop=0 reset_reconfig=1 effective_hz=25.012
BNO_TX kind=5 event=500 req=500 enq=500 drop=0 done=500 bytes=42000
BNO_REPORT kind=5 report_id=4 interval_us=20000 requested_hz=50.000 enable_ok=2 enable_fail=0 callback=2823 switch=2823 kind_convert=2823 events=2823 tx_req=500 tx_enq=500 tx_done=500 tx_drop=0 event_drop=0 reset_reconfig=1 effective_hz=50.017
DIAG state=FAULT dry=1 bno_ready=1 addr=0x4A init/reinit/poll=0/0/8844 event A/G/M=7259/5746/1436 age_rx_us=8153/4089/40024
IMU cand/pair/call/ok=41515/41515/41515/41396 reject=119 dup/order/stale/dt/nonfinite/norm/queue=0/0/0/119/0/0/0 last_ok_age_us=4089 dt_us=12314 align_samples=200 align_elapsed_us=2004079
HEALTH state=2 health=1 reason=mount_unvalidated mount=0 imu_age_us=4089 imu_gaps=0 reversals=0 covariance=1 finite=1 gnss_age_us=343370927 tof_age_us=4294967295 obs=1
BNO_TS ACCEL events=7259 unique=179 exact=1 overflow=0 dup=218 reverse=3542 rollover=0 sensor_dt_us=-27000/0.15/8600 rx_dt_us=8/7912.80/40197 pair_first=4294964996/361472933 pair_last=4294966096/418904039
BNO_TS GYRO events=5746 unique=152 exact=1 overflow=0 dup=329 reverse=2500 rollover=0 sensor_dt_us=-28800/0.92/10500 rx_dt_us=24/9996.54/48371 pair_first=4294958596/361477955 pair_last=4294963896/418908103
BNO_TS MAG events=1436 unique=128 exact=1 overflow=0 dup=63 reverse=686 rollover=0 sensor_dt_us=-19200/2.16/24700 rx_dt_us=8627/39985.64/63852 pair_first=4294959296/361492769 pair_last=4294962396/418872168
BNO_VEC ACCEL_SENSOR_AND_ESKF_INPUT events=7259 nonfinite=0 xyz_mean_sd=[-0.272286,0.007397][-0.840979,0.015056][-9.798898,0.022442] xyz_minmax=[-0.312500,-0.238281][-0.882812,-0.808594][-9.855469,-9.734375] norm_mean_sd_minmax=9.838702/0.022393/9.775037/9.895633
BNO_VEC GYRO_SENSOR_AND_ESKF_INPUT events=5746 nonfinite=0 xyz_mean_sd=[0.000000,0.000000][0.000000,0.000000][0.000000,0.000000] xyz_minmax=[0.000000,0.000000][0.000000,0.000000][0.000000,0.000000] norm_mean_sd_minmax=0.000000/0.000000/0.000000/0.000000
BNO_VEC MAG_SENSOR events=1436 nonfinite=0 xyz_mean_sd=[6.977324,0.532485][-22.108592,0.721355][21.803969,0.888820] xyz_minmax=[5.375000,9.187500][-24.750000,-19.625000][18.375000,24.875000] norm_mean_sd_minmax=31.840368/0.819042/28.177868/34.664070
LINK queue/drop/high=1/0/10 tof=12564
TXDIAG frames_s=133 bytes_s=17892 total_frames=11099 total_bytes=1302388 queue=0 high=10 drops=0 bno_drop=0 partial=0 zero=0 write_calls=256238 max_write_us=0 free_heap=166668 min_free_heap=166668 usage_pct=19.41
BNO_TX kind=1 event=1264 req=1264 enq=1264 drop=0 done=1264 bytes=106176
BNO_REPORT kind=1 report_id=1 interval_us=10000 requested_hz=100.000 enable_ok=2 enable_fail=0 callback=7259 switch=7259 kind_convert=7259 events=7259 tx_req=1264 tx_enq=1264 tx_done=1264 tx_drop=0 event_drop=0 reset_reconfig=1 effective_hz=126.378
BNO_TX kind=2 event=1001 req=1001 enq=1001 drop=0 done=1001 bytes=84084
BNO_REPORT kind=2 report_id=2 interval_us=10000 requested_hz=100.000 enable_ok=2 enable_fail=0 callback=5746 switch=5746 kind_convert=5746 events=5746 tx_req=1001 tx_enq=1001 tx_done=1001 tx_drop=0 event_drop=0 reset_reconfig=1 effective_hz=100.035
BNO_TX kind=3 event=500 req=500 enq=500 drop=0 done=500 bytes=42000
BNO_REPORT kind=3 report_id=8 interval_us=20000 requested_hz=50.000 enable_ok=2 enable_fail=0 callback=2873 switch=2873 kind_convert=2873 events=2873 tx_req=500 tx_enq=500 tx_done=500 tx_drop=0 event_drop=0 reset_reconfig=1 effective_hz=50.012
BNO_TX kind=4 event=250 req=250 enq=250 drop=0 done=250 bytes=21000
BNO_REPORT kind=4 report_id=3 interval_us=50000 requested_hz=20.000 enable_ok=2 enable_fail=0 callback=1437 switch=1436 kind_convert=1436 events=1436 tx_req=250 tx_enq=250 tx_done=250 tx_drop=0 event_drop=0 reset_reconfig=1 effective_hz=25.009
BNO_TX kind=5 event=500 req=500 enq=500 drop=0 done=500 bytes=42000
BNO_REPORT kind=5 report_id=4 interval_us=20000 requested_hz=50.000 enable_ok=2 enable_fail=0 callback=2873 switch=2873 kind_convert=2873 events=2873 tx_req=500 tx_enq=500 tx_done=500 tx_drop=0 event_drop=0 reset_reconfig=1 effective_hz=50.015
DIAG state=FAULT dry=1 bno_ready=1 addr=0x4A init/reinit/poll=0/0/9024 event A/G/M=7385/5846/1461 age_rx_us=9032/5392/44271
IMU cand/pair/call/ok=41615/41615/41615/41496 reject=119 dup/order/stale/dt/nonfinite/norm/queue=0/0/0/119/0/0/0 last_ok_age_us=5392 dt_us=8644 align_samples=200 align_elapsed_us=2004079
HEALTH state=2 health=1 reason=mount_unvalidated mount=0 imu_age_us=5392 imu_gaps=0 reversals=0 covariance=1 finite=1 gnss_age_us=343363683 tof_age_us=4294967295 obs=1
BNO_TS ACCEL events=7385 unique=179 exact=1 overflow=0 dup=225 reverse=3602 rollover=0 sensor_dt_us=-27000/0.05/8600 rx_dt_us=8/7913.12/40197 pair_first=4294964996/361472933 pair_last=4294965396/419903423
BNO_TS GYRO events=5846 unique=152 exact=1 overflow=0 dup=331 reverse=2551 rollover=0 sensor_dt_us=-28800/0.87/10500 rx_dt_us=24/9996.43/48371 pair_first=4294958596/361477955 pair_last=4294963696/419907063
BNO_TS MAG events=1461 unique=128 exact=1 overflow=0 dup=63 reverse=698 rollover=0 sensor_dt_us=-19200/3.15/24700 rx_dt_us=8627/39983.16/63852 pair_first=4294959296/361492769 pair_last=4294963896/419868184
BNO_VEC ACCEL_SENSOR_AND_ESKF_INPUT events=7385 nonfinite=0 xyz_mean_sd=[-0.272278,0.007399][-0.840976,0.015052][-9.798891,0.022465] xyz_minmax=[-0.312500,-0.238281][-0.882812,-0.808594][-9.855469,-9.734375] norm_mean_sd_minmax=9.838695/0.022416/9.775037/9.895633
BNO_VEC GYRO_SENSOR_AND_ESKF_INPUT events=5846 nonfinite=0 xyz_mean_sd=[0.000000,0.000000][0.000000,0.000000][0.000000,0.000000] xyz_minmax=[0.000000,0.000000][0.000000,0.000000][0.000000,0.000000] norm_mean_sd_minmax=0.000000/0.000000/0.000000/0.000000
BNO_VEC MAG_SENSOR events=1461 nonfinite=0 xyz_mean_sd=[6.977584,0.531785][-22.103953,0.722174][21.804714,0.888646] xyz_minmax=[5.375000,9.187500][-24.750000,-19.625000][18.375000,24.875000] norm_mean_sd_minmax=31.837762/0.817238/28.177868/34.664070
LINK queue/drop/high=0/0/10 tof=12594
TXDIAG frames_s=135 bytes_s=17936 total_frames=11235 total_bytes=1320360 queue=0 high=10 drops=0 bno_drop=0 partial=0 zero=0 write_calls=258625 max_write_us=0 free_heap=166668 min_free_heap=166668 usage_pct=19.46
BNO_TX kind=1 event=1264 req=1264 enq=1264 drop=0 done=1264 bytes=106176
BNO_REPORT kind=1 report_id=1 interval_us=10000 requested_hz=100.000 enable_ok=2 enable_fail=0 callback=7385 switch=7386 kind_convert=7386 events=7386 tx_req=1264 tx_enq=1264 tx_done=1264 tx_drop=0 event_drop=0 reset_reconfig=1 effective_hz=126.368
BNO_TX kind=2 event=1001 req=1001 enq=1001 drop=0 done=1001 bytes=84084
BNO_REPORT kind=2 report_id=2 interval_us=10000 requested_hz=100.000 enable_ok=2 enable_fail=0 callback=5847 switch=5847 kind_convert=5847 events=5847 tx_req=1001 tx_enq=1001 tx_done=1001 tx_drop=0 event_drop=0 reset_reconfig=1 effective_hz=100.038
BNO_TX kind=3 event=500 req=500 enq=500 drop=0 done=500 bytes=42000
BNO_REPORT kind=3 report_id=8 interval_us=20000 requested_hz=50.000 enable_ok=2 enable_fail=0 callback=2923 switch=2923 kind_convert=2923 events=2923 tx_req=500 tx_enq=500 tx_done=500 tx_drop=0 event_drop=0 reset_reconfig=1 effective_hz=50.008
BNO_TX kind=4 event=250 req=250 enq=250 drop=0 done=250 bytes=21000
BNO_REPORT kind=4 report_id=3 interval_us=50000 requested_hz=20.000 enable_ok=2 enable_fail=0 callback=1462 switch=1462 kind_convert=1462 events=1462 tx_req=250 tx_enq=250 tx_done=250 tx_drop=0 event_drop=0 reset_reconfig=1 effective_hz=25.008
BNO_TX kind=5 event=500 req=500 enq=500 drop=0 done=500 bytes=42000
BNO_REPORT kind=5 report_id=4 interval_us=20000 requested_hz=50.000 enable_ok=2 enable_fail=0 callback=2924 switch=2924 kind_convert=2924 events=2924 tx_req=500 tx_enq=500 tx_done=500 tx_drop=0 event_drop=0 reset_reconfig=1 effective_hz=50.014
DIAG state=FAULT dry=1 bno_ready=1 addr=0x4A init/reinit/poll=0/0/9200 event A/G/M=7513/5947/1487 age_rx_us=6357/6347/9697
IMU cand/pair/call/ok=41716/41716/41716/41597 reject=119 dup/order/stale/dt/nonfinite/norm/queue=0/0/0/119/0/0/0 last_ok_age_us=6347 dt_us=10193 align_samples=200 align_elapsed_us=2004079
HEALTH state=2 health=1 reason=mount_unvalidated mount=0 imu_age_us=6347 imu_gaps=0 reversals=0 covariance=1 finite=1 gnss_age_us=343360941 tof_age_us=4294967295 obs=1
BNO_TS ACCEL events=7513 unique=179 exact=1 overflow=0 dup=230 reverse=3658 rollover=0 sensor_dt_us=-27000/-0.15/8600 rx_dt_us=8/7913.06/40197 pair_first=4294964996/361472933 pair_last=4294963896/420915815
BNO_TS GYRO events=5947 unique=152 exact=1 overflow=0 dup=339 reverse=2594 rollover=0 sensor_dt_us=-28800/1.04/10500 rx_dt_us=24/9996.28/48371 pair_first=4294958596/361477955 pair_last=4294964796/420915825
BNO_TS MAG events=1487 unique=128 exact=1 overflow=0 dup=64 reverse=713 rollover=0 sensor_dt_us=-19200/1.62/24700 rx_dt_us=8627/39986.34/63852 pair_first=4294959296/361492769 pair_last=4294961696/420912475
BNO_VEC ACCEL_SENSOR_AND_ESKF_INPUT events=7513 nonfinite=0 xyz_mean_sd=[-0.272289,0.007433][-0.840996,0.015041][-9.798907,0.022447] xyz_minmax=[-0.312500,-0.238281][-0.882812,-0.808594][-9.855469,-9.734375] norm_mean_sd_minmax=9.838713/0.022401/9.775037/9.895633
BNO_VEC GYRO_SENSOR_AND_ESKF_INPUT events=5947 nonfinite=0 xyz_mean_sd=[0.000001,0.000349][0.000001,0.000206][0.000005,0.000186] xyz_minmax=[-0.005859,0.005859][-0.003906,0.003906][-0.001953,0.003906] norm_mean_sd_minmax=0.000052/0.000443/0.000000/0.006176
BNO_VEC MAG_SENSOR events=1487 nonfinite=0 xyz_mean_sd=[6.976589,0.530460][-22.104573,0.724033][21.806153,0.888135] xyz_minmax=[5.375000,9.187500][-24.750000,-19.625000][18.375000,24.875000] norm_mean_sd_minmax=31.838955/0.817677/28.177868/34.664070
LINK queue/drop/high=1/0/10 tof=12625
TXDIAG frames_s=134 bytes_s=17861 total_frames=11371 total_bytes=1338436 queue=0 high=10 drops=0 bno_drop=0 partial=0 zero=0 write_calls=261616 max_write_us=0 free_heap=166668 min_free_heap=166668 usage_pct=19.38
BNO_TX kind=1 event=1264 req=1264 enq=1264 drop=0 done=1264 bytes=106176
BNO_REPORT kind=1 report_id=1 interval_us=10000 requested_hz=100.000 enable_ok=2 enable_fail=0 callback=7514 switch=7515 kind_convert=7515 events=7515 tx_req=1264 tx_enq=1264 tx_done=1264 tx_drop=0 event_drop=0 reset_reconfig=1 effective_hz=126.374
BNO_TX kind=2 event=1001 req=1001 enq=1001 drop=0 done=1001 bytes=84084
BNO_REPORT kind=2 report_id=2 interval_us=10000 requested_hz=100.000 enable_ok=2 enable_fail=0 callback=5948 switch=5948 kind_convert=5948 events=5948 tx_req=1001 tx_enq=1001 tx_done=1001 tx_drop=0 event_drop=0 reset_reconfig=1 effective_hz=100.036
BNO_TX kind=3 event=500 req=500 enq=500 drop=0 done=500 bytes=42000
BNO_REPORT kind=3 report_id=8 interval_us=20000 requested_hz=50.000 enable_ok=2 enable_fail=0 callback=2974 switch=2974 kind_convert=2974 events=2974 tx_req=500 tx_enq=500 tx_done=500 tx_drop=0 event_drop=0 reset_reconfig=1 effective_hz=50.009
BNO_TX kind=4 event=250 req=250 enq=250 drop=0 done=250 bytes=21000
BNO_REPORT kind=4 report_id=3 interval_us=50000 requested_hz=20.000 enable_ok=2 enable_fail=0 callback=1487 switch=1487 kind_convert=1487 events=1487 tx_req=250 tx_enq=250 tx_done=250 tx_drop=0 event_drop=0 reset_reconfig=1 effective_hz=25.009
BNO_TX kind=5 event=500 req=500 enq=500 drop=0 done=500 bytes=42000
BNO_REPORT kind=5 report_id=4 interval_us=20000 requested_hz=50.000 enable_ok=2 enable_fail=0 callback=2974 switch=2974 kind_convert=2974 events=2974 tx_req=500 tx_enq=500 tx_done=500 tx_drop=0 event_drop=0 reset_reconfig=1 effective_hz=50.016
DIAG state=FAULT dry=1 bno_ready=1 addr=0x4A init/reinit/poll=0/0/9369 event A/G/M=7640/6047/1512 age_rx_us=1625/1654/12009
IMU cand/pair/call/ok=41816/41816/41816/41697 reject=119 dup/order/stale/dt/nonfinite/norm/queue=0/0/0/119/0/0/0 last_ok_age_us=1654 dt_us=10339 align_samples=200 align_elapsed_us=2004079
HEALTH state=2 health=1 reason=mount_unvalidated mount=0 imu_age_us=1654 imu_gaps=0 reversals=0 covariance=1 finite=1 gnss_age_us=343351738 tof_age_us=4294967295 obs=1
BNO_TS ACCEL events=7640 unique=179 exact=1 overflow=0 dup=231 reverse=3722 rollover=0 sensor_dt_us=-27000/0.09/8600 rx_dt_us=8/7913.06/40197 pair_first=4294964996/361472933 pair_last=4294965696/421920783
BNO_TS GYRO events=6047 unique=152 exact=1 overflow=0 dup=346 reverse=2641 rollover=0 sensor_dt_us=-28800/0.55/10500 rx_dt_us=24/9997.15/48371 pair_first=4294958596/361477955 pair_last=4294961896/421920754
BNO_TS MAG events=1512 unique=128 exact=1 overflow=0 dup=66 reverse=725 rollover=0 sensor_dt_us=-19200/1.79/24700 rx_dt_us=8627/39985.20/63852 pair_first=4294959296/361492769 pair_last=4294961996/421910399
BNO_VEC ACCEL_SENSOR_AND_ESKF_INPUT events=7640 nonfinite=0 xyz_mean_sd=[-0.272295,0.007428][-0.841030,0.015006][-9.798953,0.022483] xyz_minmax=[-0.312500,-0.238281][-0.882812,-0.808594][-9.855469,-9.734375] norm_mean_sd_minmax=9.838762/0.022434/9.775037/9.895633
BNO_VEC GYRO_SENSOR_AND_ESKF_INPUT events=6047 nonfinite=0 xyz_mean_sd=[0.000001,0.000383][0.000004,0.000226][0.000005,0.000212] xyz_minmax=[-0.005859,0.005859][-0.003906,0.003906][-0.003906,0.003906] norm_mean_sd_minmax=0.000063/0.000488/0.000000/0.006176
BNO_VEC MAG_SENSOR events=1512 nonfinite=0 xyz_mean_sd=[6.974496,0.530469][-22.102513,0.723986][21.807374,0.886108] xyz_minmax=[5.375000,9.187500][-24.750000,-19.625000][18.375000,24.875000] norm_mean_sd_minmax=31.837842/0.817823/28.177868/34.664070
LINK queue/drop/high=0/0/10 tof=12655
TXDIAG frames_s=134 bytes_s=17805 total_frames=11505 total_bytes=1356188 queue=0 high=10 drops=0 bno_drop=0 partial=0 zero=0 write_calls=264334 max_write_us=0 free_heap=166668 min_free_heap=166668 usage_pct=19.32
BNO_TX kind=1 event=1264 req=1264 enq=1264 drop=0 done=1264 bytes=106176
BNO_REPORT kind=1 report_id=1 interval_us=10000 requested_hz=100.000 enable_ok=2 enable_fail=0 callback=7640 switch=7640 kind_convert=7640 events=7640 tx_req=1264 tx_enq=1264 tx_done=1264 tx_drop=0 event_drop=0 reset_reconfig=1 effective_hz=126.373
BNO_TX kind=2 event=1001 req=1001 enq=1001 drop=0 done=1001 bytes=84084
BNO_REPORT kind=2 report_id=2 interval_us=10000 requested_hz=100.000 enable_ok=2 enable_fail=0 callback=6048 switch=6048 kind_convert=6048 events=6048 tx_req=1001 tx_enq=1001 tx_done=1001 tx_drop=0 event_drop=0 reset_reconfig=1 effective_hz=100.038
BNO_TX kind=3 event=500 req=500 enq=500 drop=0 done=500 bytes=42000
BNO_REPORT kind=3 report_id=8 interval_us=20000 requested_hz=50.000 enable_ok=2 enable_fail=0 callback=3024 switch=3024 kind_convert=3024 events=3024 tx_req=500 tx_enq=500 tx_done=500 tx_drop=0 event_drop=0 reset_reconfig=1 effective_hz=50.010
BNO_TX kind=4 event=250 req=250 enq=250 drop=0 done=250 bytes=21000
BNO_REPORT kind=4 report_id=3 interval_us=50000 requested_hz=20.000 enable_ok=2 enable_fail=0 callback=1512 switch=1512 kind_convert=1512 events=1512 tx_req=250 tx_enq=250 tx_done=250 tx_drop=0 event_drop=0 reset_reconfig=1 effective_hz=25.009
BNO_TX kind=5 event=500 req=500 enq=500 drop=0 done=500 bytes=42000
BNO_REPORT kind=5 report_id=4 interval_us=20000 requested_hz=50.000 enable_ok=2 enable_fail=0 callback=3024 switch=3024 kind_convert=3024 events=3024 tx_req=500 tx_enq=500 tx_done=500 tx_drop=0 event_drop=0 reset_reconfig=1 effective_hz=50.014
DIAG state=FAULT dry=1 bno_ready=1 addr=0x4A init/reinit/poll=0/0/9547 event A/G/M=7767/6148/1537 age_rx_us=7314/2117/19398
IMU cand/pair/call/ok=41917/41917/41917/41798 reject=119 dup/order/stale/dt/nonfinite/norm/queue=0/0/0/119/0/0/0 last_ok_age_us=2117 dt_us=8260 align_samples=200 align_elapsed_us=2004079
HEALTH state=2 health=1 reason=mount_unvalidated mount=0 imu_age_us=2117 imu_gaps=0 reversals=0 covariance=1 finite=1 gnss_age_us=343458512 tof_age_us=4294967295 obs=1
BNO_TS ACCEL events=7767 unique=179 exact=1 overflow=0 dup=236 reverse=3781 rollover=0 sensor_dt_us=-27000/-0.08/8600 rx_dt_us=8/7912.84/40197 pair_first=4294964996/361472933 pair_last=4294964396/422924041
BNO_TS GYRO events=6148 unique=152 exact=1 overflow=0 dup=351 reverse=2688 rollover=0 sensor_dt_us=-28800/0.68/10500 rx_dt_us=24/9996.96/48371 pair_first=4294958596/361477955 pair_last=4294962796/422929238
BNO_TS MAG events=1537 unique=128 exact=1 overflow=0 dup=68 reverse=737 rollover=0 sensor_dt_us=-19200/2.08/24700 rx_dt_us=8627/39986.45/63852 pair_first=4294959296/361492769 pair_last=4294962496/422911957
BNO_VEC ACCEL_SENSOR_AND_ESKF_INPUT events=7767 nonfinite=0 xyz_mean_sd=[-0.272305,0.007388][-0.841033,0.014998][-9.799006,0.022487] xyz_minmax=[-0.312500,-0.238281][-0.882812,-0.808594][-9.855469,-9.734375] norm_mean_sd_minmax=9.838815/0.022441/9.775037/9.895633
BNO_VEC GYRO_SENSOR_AND_ESKF_INPUT events=6148 nonfinite=0 xyz_mean_sd=[0.000001,0.000379][0.000004,0.000224][0.000005,0.000210] xyz_minmax=[-0.005859,0.005859][-0.003906,0.003906][-0.003906,0.003906] norm_mean_sd_minmax=0.000062/0.000484/0.000000/0.006176
BNO_VEC MAG_SENSOR events=1537 nonfinite=0 xyz_mean_sd=[6.972430,0.532203][-22.100602,0.723015][21.807580,0.885273] xyz_minmax=[5.375000,9.187500][-24.750000,-19.625000][18.375000,24.875000] norm_mean_sd_minmax=31.836187/0.817815/28.177868/34.664070
LINK queue/drop/high=1/0/10 tof=12686
TXDIAG frames_s=134 bytes_s=17934 total_frames=11641 total_bytes=1374320 queue=0 high=10 drops=0 bno_drop=0 partial=0 zero=0 write_calls=267319 max_write_us=0 free_heap=166668 min_free_heap=166668 usage_pct=19.46
BNO_TX kind=1 event=1264 req=1264 enq=1264 drop=0 done=1264 bytes=106176
BNO_REPORT kind=1 report_id=1 interval_us=10000 requested_hz=100.000 enable_ok=2 enable_fail=0 callback=7768 switch=7769 kind_convert=7769 events=7769 tx_req=1264 tx_enq=1264 tx_done=1264 tx_drop=0 event_drop=0 reset_reconfig=1 effective_hz=126.373
BNO_TX kind=2 event=1001 req=1001 enq=1001 drop=0 done=1001 bytes=84084
BNO_REPORT kind=2 report_id=2 interval_us=10000 requested_hz=100.000 enable_ok=2 enable_fail=0 callback=6149 switch=6149 kind_convert=6149 events=6149 tx_req=1001 tx_enq=1001 tx_done=1001 tx_drop=0 event_drop=0 reset_reconfig=1 effective_hz=100.034
BNO_TX kind=3 event=500 req=500 enq=500 drop=0 done=500 bytes=42000
BNO_REPORT kind=3 report_id=8 interval_us=20000 requested_hz=50.000 enable_ok=2 enable_fail=0 callback=3074 switch=3074 kind_convert=3074 events=3074 tx_req=500 tx_enq=500 tx_done=500 tx_drop=0 event_drop=0 reset_reconfig=1 effective_hz=50.011
BNO_TX kind=4 event=250 req=250 enq=250 drop=0 done=250 bytes=21000
BNO_REPORT kind=4 report_id=3 interval_us=50000 requested_hz=20.000 enable_ok=2 enable_fail=0 callback=1537 switch=1537 kind_convert=1537 events=1537 tx_req=250 tx_enq=250 tx_done=250 tx_drop=0 event_drop=0 reset_reconfig=1 effective_hz=25.008
BNO_TX kind=5 event=500 req=500 enq=500 drop=0 done=500 bytes=42000
BNO_REPORT kind=5 report_id=4 interval_us=20000 requested_hz=50.000 enable_ok=2 enable_fail=0 callback=3075 switch=3075 kind_convert=3075 events=3075 tx_req=500 tx_enq=500 tx_done=500 tx_drop=0 event_drop=0 reset_reconfig=1 effective_hz=50.013
DIAG state=FAULT dry=1 bno_ready=1 addr=0x4A init/reinit/poll=0/0/9724 event A/G/M=7893/6248/1562 age_rx_us=9392/4658/15129
IMU cand/pair/call/ok=42017/42017/42017/41898 reject=119 dup/order/stale/dt/nonfinite/norm/queue=0/0/0/119/0/0/0 last_ok_age_us=4658 dt_us=4772 align_samples=200 align_elapsed_us=2004079
HEALTH state=2 health=1 reason=mount_unvalidated mount=0 imu_age_us=4658 imu_gaps=0 reversals=0 covariance=1 finite=1 gnss_age_us=343452361 tof_age_us=4294967295 obs=1
BNO_TS ACCEL events=7893 unique=179 exact=1 overflow=0 dup=239 reverse=3836 rollover=0 sensor_dt_us=-27000/0.08/8600 rx_dt_us=8/7912.97/40197 pair_first=4294964996/361472933 pair_last=4294965596/423922058
BNO_TS GYRO events=6248 unique=152 exact=1 overflow=0 dup=354 reverse=2731 rollover=0 sensor_dt_us=-28800/0.93/10500 rx_dt_us=24/9996.61/48371 pair_first=4294958596/361477955 pair_last=4294964396/423926792
BNO_TS MAG events=1562 unique=128 exact=1 overflow=0 dup=68 reverse=752 rollover=0 sensor_dt_us=-19200/-1.47/24700 rx_dt_us=8627/39989.46/63852 pair_first=4294959296/361492769 pair_last=4294956996/423916321
BNO_VEC ACCEL_SENSOR_AND_ESKF_INPUT events=7893 nonfinite=0 xyz_mean_sd=[-0.272296,0.007390][-0.841020,0.015004][-9.799038,0.022484] xyz_minmax=[-0.312500,-0.238281][-0.882812,-0.808594][-9.855469,-9.734375] norm_mean_sd_minmax=9.838846/0.022439/9.775037/9.895633
BNO_VEC GYRO_SENSOR_AND_ESKF_INPUT events=6248 nonfinite=0 xyz_mean_sd=[0.000001,0.000376][0.000004,0.000222][0.000005,0.000208] xyz_minmax=[-0.005859,0.005859][-0.003906,0.003906][-0.003906,0.003906] norm_mean_sd_minmax=0.000061/0.000480/0.000000/0.006176
BNO_VEC MAG_SENSOR events=1562 nonfinite=0 xyz_mean_sd=[6.970270,0.531596][-22.099112,0.723820][21.807178,0.882371] xyz_minmax=[5.375000,9.187500][-24.750000,-19.625000][18.375000,24.875000] norm_mean_sd_minmax=31.834424/0.814226/28.177868/34.664070
LINK queue/drop/high=0/0/10 tof=12716
TXDIAG frames_s=137 bytes_s=18120 total_frames=11778 total_bytes=1392404 queue=0 high=10 drops=0 bno_drop=0 partial=0 zero=0 write_calls=270297 max_write_us=0 free_heap=166668 min_free_heap=166668 usage_pct=19.66
BNO_TX kind=1 event=1264 req=1264 enq=1264 drop=0 done=1264 bytes=106176
BNO_REPORT kind=1 report_id=1 interval_us=10000 requested_hz=100.000 enable_ok=2 enable_fail=0 callback=7893 switch=7893 kind_convert=7893 events=7893 tx_req=1264 tx_enq=1264 tx_done=1264 tx_drop=0 event_drop=0 reset_reconfig=1 effective_hz=126.375
BNO_TX kind=2 event=1001 req=1001 enq=1001 drop=0 done=1001 bytes=84084
BNO_REPORT kind=2 report_id=2 interval_us=10000 requested_hz=100.000 enable_ok=2 enable_fail=0 callback=6249 switch=6249 kind_convert=6249 events=6249 tx_req=1001 tx_enq=1001 tx_done=1001 tx_drop=0 event_drop=0 reset_reconfig=1 effective_hz=100.037
BNO_TX kind=3 event=500 req=500 enq=500 drop=0 done=500 bytes=42000
BNO_REPORT kind=3 report_id=8 interval_us=20000 requested_hz=50.000 enable_ok=2 enable_fail=0 callback=3124 switch=3124 kind_convert=3124 events=3124 tx_req=500 tx_enq=500 tx_done=500 tx_drop=0 event_drop=0 reset_reconfig=1 effective_hz=50.008
BNO_TX kind=4 event=250 req=250 enq=250 drop=0 done=250 bytes=21000
BNO_REPORT kind=4 report_id=3 interval_us=50000 requested_hz=20.000 enable_ok=2 enable_fail=0 callback=1562 switch=1562 kind_convert=1562 events=1562 tx_req=250 tx_enq=250 tx_done=250 tx_drop=0 event_drop=0 reset_reconfig=1 effective_hz=25.007
BNO_TX kind=5 event=500 req=500 enq=500 drop=0 done=500 bytes=42000
BNO_REPORT kind=5 report_id=4 interval_us=20000 requested_hz=50.000 enable_ok=2 enable_fail=0 callback=3125 switch=3125 kind_convert=3125 events=3125 tx_req=500 tx_enq=500 tx_done=500 tx_drop=0 event_drop=0 reset_reconfig=1 effective_hz=50.015
DIAG state=FAULT dry=1 bno_ready=1 addr=0x4A init/reinit/poll=0/0/9896 event A/G/M=8021/6348/1587 age_rx_us=8109/16550/28509
IMU cand/pair/call/ok=42117/42117/42117/41998 reject=119 dup/order/stale/dt/nonfinite/norm/queue=0/0/0/119/0/0/0 last_ok_age_us=16550 dt_us=9415 align_samples=200 align_elapsed_us=2004079
HEALTH state=2 health=1 reason=mount_unvalidated mount=0 imu_age_us=16550 imu_gaps=0 reversals=0 covariance=1 finite=1 gnss_age_us=343455309 tof_age_us=4294967295 obs=1
BNO_TS ACCEL events=8021 unique=179 exact=1 overflow=0 dup=241 reverse=3902 rollover=0 sensor_dt_us=-27000/-0.10/8600 rx_dt_us=8/7912.74/40197 pair_first=4294964996/361472933 pair_last=4294964196/424933074
BNO_TS GYRO events=6348 unique=152 exact=1 overflow=0 dup=359 reverse=2779 rollover=0 sensor_dt_us=-28800/0.98/10500 rx_dt_us=24/9996.33/48371 pair_first=4294958596/361477955 pair_last=4294964796/424924633
BNO_TS MAG events=1587 unique=128 exact=1 overflow=0 dup=69 reverse=762 rollover=0 sensor_dt_us=-19200/0.13/24700 rx_dt_us=8627/39987.33/63852 pair_first=4294959296/361492769 pair_last=4294959496/424912674
BNO_VEC ACCEL_SENSOR_AND_ESKF_INPUT events=8021 nonfinite=0 xyz_mean_sd=[-0.272293,0.007381][-0.841008,0.015030][-9.799052,0.022481] xyz_minmax=[-0.312500,-0.238281][-0.882812,-0.808594][-9.855469,-9.734375] norm_mean_sd_minmax=9.838858/0.022434/9.775037/9.895633
BNO_VEC GYRO_SENSOR_AND_ESKF_INPUT events=6348 nonfinite=0 xyz_mean_sd=[0.000001,0.000373][0.000004,0.000221][0.000005,0.000207] xyz_minmax=[-0.005859,0.005859][-0.003906,0.003906][-0.003906,0.003906] norm_mean_sd_minmax=0.000060/0.000477/0.000000/0.006176
BNO_VEC MAG_SENSOR events=1587 nonfinite=0 xyz_mean_sd=[6.969400,0.531171][-22.096842,0.722047][21.807853,0.879600] xyz_minmax=[5.375000,9.187500][-24.750000,-19.625000][18.375000,24.875000] norm_mean_sd_minmax=31.833048/0.812171/28.177868/34.664070
LINK queue/drop/high=1/0/10 tof=12747
TXDIAG frames_s=134 bytes_s=17934 total_frames=11914 total_bytes=1410536 queue=0 high=10 drops=0 bno_drop=0 partial=0 zero=0 write_calls=272498 max_write_us=0 free_heap=166668 min_free_heap=166668 usage_pct=19.46
BNO_TX kind=1 event=1264 req=1264 enq=1264 drop=0 done=1264 bytes=106176
BNO_REPORT kind=1 report_id=1 interval_us=10000 requested_hz=100.000 enable_ok=2 enable_fail=0 callback=8021 switch=8021 kind_convert=8021 events=8021 tx_req=1264 tx_enq=1264 tx_done=1264 tx_drop=0 event_drop=0 reset_reconfig=1 effective_hz=126.379
BNO_TX kind=2 event=1001 req=1001 enq=1001 drop=0 done=1001 bytes=84084
BNO_REPORT kind=2 report_id=2 interval_us=10000 requested_hz=100.000 enable_ok=2 enable_fail=0 callback=6350 switch=6350 kind_convert=6350 events=6350 tx_req=1001 tx_enq=1001 tx_done=1001 tx_drop=0 event_drop=0 reset_reconfig=1 effective_hz=100.036
BNO_TX kind=3 event=500 req=500 enq=500 drop=0 done=500 bytes=42000
BNO_REPORT kind=3 report_id=8 interval_us=20000 requested_hz=50.000 enable_ok=2 enable_fail=0 callback=3175 switch=3175 kind_convert=3175 events=3175 tx_req=500 tx_enq=500 tx_done=500 tx_drop=0 event_drop=0 reset_reconfig=1 effective_hz=50.009
BNO_TX kind=4 event=250 req=250 enq=250 drop=0 done=250 bytes=21000
BNO_REPORT kind=4 report_id=3 interval_us=50000 requested_hz=20.000 enable_ok=2 enable_fail=0 callback=1588 switch=1588 kind_convert=1588 events=1588 tx_req=250 tx_enq=250 tx_done=250 tx_drop=0 event_drop=0 reset_reconfig=1 effective_hz=25.008
BNO_TX kind=5 event=500 req=500 enq=500 drop=0 done=500 bytes=42000
BNO_REPORT kind=5 report_id=4 interval_us=20000 requested_hz=50.000 enable_ok=2 enable_fail=0 callback=3175 switch=3175 kind_convert=3175 events=3175 tx_req=500 tx_enq=500 tx_done=500 tx_drop=0 event_drop=0 reset_reconfig=1 effective_hz=50.015
DIAG state=FAULT dry=1 bno_ready=1 addr=0x4A init/reinit/poll=0/0/10075 event A/G/M=8147/6449/1612 age_rx_us=1454/7375/31316
IMU cand/pair/call/ok=42218/42218/42218/42099 reject=119 dup/order/stale/dt/nonfinite/norm/queue=0/0/0/119/0/0/0 last_ok_age_us=7375 dt_us=9150 align_samples=200 align_elapsed_us=2004079
HEALTH state=2 health=1 reason=mount_unvalidated mount=0 imu_age_us=7375 imu_gaps=0 reversals=0 covariance=1 finite=1 gnss_age_us=343438467 tof_age_us=4294967295 obs=1
BNO_TS ACCEL events=8147 unique=179 exact=1 overflow=0 dup=245 reverse=3967 rollover=0 sensor_dt_us=-27000/-0.02/8600 rx_dt_us=8/7913.97/40197 pair_first=4294964996/361472933 pair_last=4294964796/425940106
BNO_TS GYRO events=6449 unique=152 exact=1 overflow=0 dup=369 reverse=2823 rollover=0 sensor_dt_us=-28800/0.99/10500 rx_dt_us=24/9996.31/48371 pair_first=4294958596/361477955 pair_last=4294964996/425934185
BNO_TS MAG events=1612 unique=128 exact=1 overflow=0 dup=71 reverse=774 rollover=0 sensor_dt_us=-19200/1.80/24700 rx_dt_us=8627/39986.02/63852 pair_first=4294959296/361492769 pair_last=4294962196/425910244
BNO_VEC ACCEL_SENSOR_AND_ESKF_INPUT events=8147 nonfinite=0 xyz_mean_sd=[-0.272298,0.007377][-0.840956,0.015090][-9.799079,0.022463] xyz_minmax=[-0.312500,-0.238281][-0.882812,-0.808594][-9.855469,-9.734375] norm_mean_sd_minmax=9.838881/0.022419/9.775037/9.895633
BNO_VEC GYRO_SENSOR_AND_ESKF_INPUT events=6449 nonfinite=0 xyz_mean_sd=[0.000001,0.000370][0.000004,0.000219][0.000005,0.000205] xyz_minmax=[-0.005859,0.005859][-0.003906,0.003906][-0.003906,0.003906] norm_mean_sd_minmax=0.000059/0.000473/0.000000/0.006176
BNO_VEC MAG_SENSOR events=1612 nonfinite=0 xyz_mean_sd=[6.968285,0.531883][-22.096774,0.724700][21.812888,0.880312] xyz_minmax=[5.375000,9.187500][-24.750000,-19.625000][18.375000,24.875000] norm_mean_sd_minmax=31.836240/0.814456/28.177868/34.664070
LINK queue/drop/high=0/0/10 tof=12777
TXDIAG frames_s=136 bytes_s=17920 total_frames=12050 total_bytes=1428456 queue=0 high=10 drops=0 bno_drop=0 partial=0 zero=0 write_calls=274768 max_write_us=0 free_heap=166668 min_free_heap=166668 usage_pct=19.44
BNO_TX kind=1 event=1264 req=1264 enq=1264 drop=0 done=1264 bytes=106176
BNO_REPORT kind=1 report_id=1 interval_us=10000 requested_hz=100.000 enable_ok=2 enable_fail=0 callback=8147 switch=8147 kind_convert=8147 events=8147 tx_req=1264 tx_enq=1264 tx_done=1264 tx_drop=0 event_drop=0 reset_reconfig=1 effective_hz=126.359
BNO_TX kind=2 event=1001 req=1001 enq=1001 drop=0 done=1001 bytes=84084
BNO_REPORT kind=2 report_id=2 interval_us=10000 requested_hz=100.000 enable_ok=2 enable_fail=0 callback=6450 switch=6450 kind_convert=6450 events=6450 tx_req=1001 tx_enq=1001 tx_done=1001 tx_drop=0 event_drop=0 reset_reconfig=1 effective_hz=100.037
BNO_TX kind=3 event=500 req=500 enq=500 drop=0 done=500 bytes=42000
BNO_REPORT kind=3 report_id=8 interval_us=20000 requested_hz=50.000 enable_ok=2 enable_fail=0 callback=3225 switch=3225 kind_convert=3225 events=3225 tx_req=500 tx_enq=500 tx_done=500 tx_drop=0 event_drop=0 reset_reconfig=1 effective_hz=50.009
BNO_TX kind=4 event=250 req=250 enq=250 drop=0 done=250 bytes=21000
BNO_REPORT kind=4 report_id=3 interval_us=50000 requested_hz=20.000 enable_ok=2 enable_fail=0 callback=1613 switch=1613 kind_convert=1613 events=1613 tx_req=250 tx_enq=250 tx_done=250 tx_drop=0 event_drop=0 reset_reconfig=1 effective_hz=25.009
BNO_TX kind=5 event=500 req=500 enq=500 drop=0 done=500 bytes=42000
BNO_REPORT kind=5 report_id=4 interval_us=20000 requested_hz=50.000 enable_ok=2 enable_fail=0 callback=3225 switch=3225 kind_convert=3225 events=3225 tx_req=500 tx_enq=500 tx_done=500 tx_drop=0 event_drop=0 reset_reconfig=1 effective_hz=50.014
DIAG state=FAULT dry=1 bno_ready=1 addr=0x4A init/reinit/poll=0/0/10257 event A/G/M=8274/6550/1638 age_rx_us=9063/6230/1944
IMU cand/pair/call/ok=42319/42319/42319/42200 reject=119 dup/order/stale/dt/nonfinite/norm/queue=0/0/0/119/0/0/0 last_ok_age_us=6230 dt_us=6204 align_samples=200 align_elapsed_us=2004079
HEALTH state=2 health=1 reason=mount_unvalidated mount=0 imu_age_us=6230 imu_gaps=0 reversals=0 covariance=1 finite=1 gnss_age_us=343445107 tof_age_us=4294967295 obs=1
BNO_TS ACCEL events=8274 unique=179 exact=1 overflow=0 dup=249 reverse=4032 rollover=0 sensor_dt_us=-27000/0.08/8600 rx_dt_us=8/7913.48/40197 pair_first=4294964996/361472933 pair_last=4294965696/426941175
BNO_TS GYRO events=6550 unique=152 exact=1 overflow=0 dup=375 reverse=2866 rollover=0 sensor_dt_us=-28800/0.95/10500 rx_dt_us=24/9996.34/48371 pair_first=4294958596/361477955 pair_last=4294964796/426944008
BNO_TS MAG events=1638 unique=128 exact=1 overflow=0 dup=73 reverse=784 rollover=0 sensor_dt_us=-19200/1.77/24700 rx_dt_us=8627/39985.05/63852 pair_first=4294959296/361492769 pair_last=4294962196/426948294
BNO_VEC ACCEL_SENSOR_AND_ESKF_INPUT events=8274 nonfinite=0 xyz_mean_sd=[-0.272303,0.007351][-0.840983,0.015062][-9.799076,0.022496] xyz_minmax=[-0.312500,-0.238281][-0.882812,-0.808594][-9.855469,-9.734375] norm_mean_sd_minmax=9.838881/0.022450/9.775037/9.895633
BNO_VEC GYRO_SENSOR_AND_ESKF_INPUT events=6550 nonfinite=0 xyz_mean_sd=[0.000001,0.000368][0.000004,0.000217][0.000004,0.000203] xyz_minmax=[-0.005859,0.005859][-0.003906,0.003906][-0.003906,0.003906] norm_mean_sd_minmax=0.000058/0.000469/0.000000/0.006176
BNO_VEC MAG_SENSOR events=1638 nonfinite=0 xyz_mean_sd=[6.971001,0.531133][-22.095085,0.726560][21.816201,0.879316] xyz_minmax=[5.375000,9.187500][-24.750000,-19.312500][18.375000,24.875000] norm_mean_sd_minmax=31.837955/0.813698/28.177868/34.664070
LINK queue/drop/high=1/0/10 tof=12808
TXDIAG frames_s=134 bytes_s=17950 total_frames=12186 total_bytes=1446568 queue=0 high=10 drops=0 bno_drop=0 partial=0 zero=0 write_calls=276939 max_write_us=0 free_heap=166668 min_free_heap=166668 usage_pct=19.48
BNO_TX kind=1 event=1264 req=1264 enq=1264 drop=0 done=1264 bytes=106176
BNO_REPORT kind=1 report_id=1 interval_us=10000 requested_hz=100.000 enable_ok=2 enable_fail=0 callback=8274 switch=8274 kind_convert=8274 events=8274 tx_req=1264 tx_enq=1264 tx_done=1264 tx_drop=0 event_drop=0 reset_reconfig=1 effective_hz=126.367
BNO_TX kind=2 event=1001 req=1001 enq=1001 drop=0 done=1001 bytes=84084
BNO_REPORT kind=2 report_id=2 interval_us=10000 requested_hz=100.000 enable_ok=2 enable_fail=0 callback=6551 switch=6551 kind_convert=6551 events=6551 tx_req=1001 tx_enq=1001 tx_done=1001 tx_drop=0 event_drop=0 reset_reconfig=1 effective_hz=100.036
BNO_TX kind=3 event=500 req=500 enq=500 drop=0 done=500 bytes=42000
BNO_REPORT kind=3 report_id=8 interval_us=20000 requested_hz=50.000 enable_ok=2 enable_fail=0 callback=3275 switch=3275 kind_convert=3275 events=3275 tx_req=500 tx_enq=500 tx_done=500 tx_drop=0 event_drop=0 reset_reconfig=1 effective_hz=50.011
BNO_TX kind=4 event=250 req=250 enq=250 drop=0 done=250 bytes=21000
BNO_REPORT kind=4 report_id=3 interval_us=50000 requested_hz=20.000 enable_ok=2 enable_fail=0 callback=1638 switch=1638 kind_convert=1638 events=1638 tx_req=250 tx_enq=250 tx_done=250 tx_drop=0 event_drop=0 reset_reconfig=1 effective_hz=25.009
BNO_TX kind=5 event=500 req=500 enq=500 drop=0 done=500 bytes=42000
BNO_REPORT kind=5 report_id=4 interval_us=20000 requested_hz=50.000 enable_ok=2 enable_fail=0 callback=3276 switch=3276 kind_convert=3276 events=3276 tx_req=500 tx_enq=500 tx_done=500 tx_drop=0 event_drop=0 reset_reconfig=1 effective_hz=50.014
DIAG state=FAULT dry=1 bno_ready=1 addr=0x4A init/reinit/poll=0/0/10438 event A/G/M=8401/6650/1663 age_rx_us=1078/1117/6917
IMU cand/pair/call/ok=42419/42419/42419/42300 reject=119 dup/order/stale/dt/nonfinite/norm/queue=0/0/0/119/0/0/0 last_ok_age_us=1117 dt_us=14416 align_samples=200 align_elapsed_us=2004079
HEALTH state=2 health=1 reason=mount_unvalidated mount=0 imu_age_us=1117 imu_gaps=0 reversals=0 covariance=1 finite=1 gnss_age_us=343439683 tof_age_us=4294967295 obs=1
BNO_TS ACCEL events=8401 unique=179 exact=1 overflow=0 dup=251 reverse=4089 rollover=0 sensor_dt_us=-27000/-0.08/8600 rx_dt_us=8/7913.89/40197 pair_first=4294964996/361472933 pair_last=4294964296/427949569
BNO_TS GYRO events=6650 unique=152 exact=1 overflow=0 dup=384 reverse=2911 rollover=0 sensor_dt_us=-28800/0.51/10500 rx_dt_us=24/9997.23/48371 pair_first=4294958596/361477955 pair_last=4294961996/427949530
BNO_TS MAG events=1663 unique=128 exact=1 overflow=0 dup=74 reverse=795 rollover=0 sensor_dt_us=-19200/3.19/24700 rx_dt_us=8627/39982.53/63852 pair_first=4294959296/361492769 pair_last=4294964596/427943730
BNO_VEC ACCEL_SENSOR_AND_ESKF_INPUT events=8401 nonfinite=0 xyz_mean_sd=[-0.272303,0.007334][-0.840976,0.015083][-9.799091,0.022543] xyz_minmax=[-0.312500,-0.238281][-0.882812,-0.808594][-9.855469,-9.734375] norm_mean_sd_minmax=9.838895/0.022495/9.775037/9.895633
BNO_VEC GYRO_SENSOR_AND_ESKF_INPUT events=6650 nonfinite=0 xyz_mean_sd=[0.000001,0.000365][0.000004,0.000216][0.000004,0.000202] xyz_minmax=[-0.005859,0.005859][-0.003906,0.003906][-0.003906,0.003906] norm_mean_sd_minmax=0.000057/0.000466/0.000000/0.006176
BNO_VEC MAG_SENSOR events=1663 nonfinite=0 xyz_mean_sd=[6.968318,0.531427][-22.094596,0.725742][21.820355,0.876168] xyz_minmax=[5.375000,9.187500][-24.750000,-19.312500][18.375000,24.875000] norm_mean_sd_minmax=31.839815/0.812058/28.177868/34.664070
LINK queue/drop/high=0/0/10 tof=12838
TXDIAG frames_s=136 bytes_s=17989 total_frames=12322 total_bytes=1464540 queue=0 high=10 drops=0 bno_drop=0 partial=0 zero=0 write_calls=279485 max_write_us=0 free_heap=166668 min_free_heap=166668 usage_pct=19.52
BNO_TX kind=1 event=1264 req=1264 enq=1264 drop=0 done=1264 bytes=106176
BNO_REPORT kind=1 report_id=1 interval_us=10000 requested_hz=100.000 enable_ok=2 enable_fail=0 callback=8401 switch=8401 kind_convert=8401 events=8401 tx_req=1264 tx_enq=1264 tx_done=1264 tx_drop=0 event_drop=0 reset_reconfig=1 effective_hz=126.360
BNO_TX kind=2 event=1001 req=1001 enq=1001 drop=0 done=1001 bytes=84084
BNO_REPORT kind=2 report_id=2 interval_us=10000 requested_hz=100.000 enable_ok=2 enable_fail=0 callback=6651 switch=6650 kind_convert=6650 events=6650 tx_req=1001 tx_enq=1001 tx_done=1001 tx_drop=0 event_drop=0 reset_reconfig=1 effective_hz=100.028
BNO_TX kind=3 event=500 req=500 enq=500 drop=0 done=500 bytes=42000
BNO_REPORT kind=3 report_id=8 interval_us=20000 requested_hz=50.000 enable_ok=2 enable_fail=0 callback=3325 switch=3325 kind_convert=3325 events=3325 tx_req=500 tx_enq=500 tx_done=500 tx_drop=0 event_drop=0 reset_reconfig=1 effective_hz=50.010
BNO_TX kind=4 event=250 req=250 enq=250 drop=0 done=250 bytes=21000
BNO_REPORT kind=4 report_id=3 interval_us=50000 requested_hz=20.000 enable_ok=2 enable_fail=0 callback=1663 switch=1663 kind_convert=1663 events=1663 tx_req=250 tx_enq=250 tx_done=250 tx_drop=0 event_drop=0 reset_reconfig=1 effective_hz=25.011
BNO_TX kind=5 event=500 req=500 enq=500 drop=0 done=500 bytes=42000
BNO_REPORT kind=5 report_id=4 interval_us=20000 requested_hz=50.000 enable_ok=2 enable_fail=0 callback=3326 switch=3326 kind_convert=3326 events=3326 tx_req=500 tx_enq=500 tx_done=500 tx_drop=0 event_drop=0 reset_reconfig=1 effective_hz=50.015
DIAG state=FAULT dry=1 bno_ready=1 addr=0x4A init/reinit/poll=0/0/10619 event A/G/M=8528/6751/1688 age_rx_us=7199/3144/11108
IMU cand/pair/call/ok=42520/42520/42520/42401 reject=119 dup/order/stale/dt/nonfinite/norm/queue=0/0/0/119/0/0/0 last_ok_age_us=3144 dt_us=7940 align_samples=200 align_elapsed_us=2004079
HEALTH state=2 health=1 reason=mount_unvalidated mount=0 imu_age_us=3144 imu_gaps=0 reversals=0 covariance=1 finite=1 gnss_age_us=343442181 tof_age_us=4294967295 obs=1
BNO_TS ACCEL events=8528 unique=179 exact=1 overflow=0 dup=255 reverse=4156 rollover=0 sensor_dt_us=-27000/-0.22/8600 rx_dt_us=8/7913.70/40197 pair_first=4294964996/361472933 pair_last=4294963096/428953062
BNO_TS GYRO events=6751 unique=152 exact=1 overflow=0 dup=395 reverse=2953 rollover=0 sensor_dt_us=-28800/0.56/10500 rx_dt_us=24/9996.91/48371 pair_first=4294958596/361477955 pair_last=4294962396/428957117
BNO_TS MAG events=1688 unique=128 exact=1 overflow=0 dup=75 reverse=809 rollover=0 sensor_dt_us=-19200/2.19/24700 rx_dt_us=8627/39986.00/63852 pair_first=4294959296/361492769 pair_last=4294962996/428949153
BNO_VEC ACCEL_SENSOR_AND_ESKF_INPUT events=8528 nonfinite=0 xyz_mean_sd=[-0.272304,0.007340][-0.840957,0.015094][-9.799134,0.022584] xyz_minmax=[-0.312500,-0.238281][-0.882812,-0.808594][-9.855469,-9.734375] norm_mean_sd_minmax=9.838936/0.022538/9.775037/9.895633
BNO_VEC GYRO_SENSOR_AND_ESKF_INPUT events=6751 nonfinite=0 xyz_mean_sd=[0.000001,0.000362][0.000004,0.000214][0.000004,0.000200] xyz_minmax=[-0.005859,0.005859][-0.003906,0.003906][-0.003906,0.003906] norm_mean_sd_minmax=0.000056/0.000462/0.000000/0.006176
BNO_VEC MAG_SENSOR events=1688 nonfinite=0 xyz_mean_sd=[6.968306,0.529854][-22.094528,0.725304][21.821868,0.875009] xyz_minmax=[5.375000,9.187500][-24.750000,-19.312500][18.375000,24.875000] norm_mean_sd_minmax=31.840755/0.811224/28.177868/34.664070
LINK queue/drop/high=1/0/10 tof=12869
TXDIAG frames_s=133 bytes_s=17822 total_frames=12457 total_bytes=1482576 queue=0 high=10 drops=0 bno_drop=0 partial=0 zero=0 write_calls=281795 max_write_us=0 free_heap=166668 min_free_heap=166668 usage_pct=19.34
BNO_TX kind=1 event=1264 req=1264 enq=1264 drop=0 done=1264 bytes=106176
BNO_REPORT kind=1 report_id=1 interval_us=10000 requested_hz=100.000 enable_ok=2 enable_fail=0 callback=8529 switch=8529 kind_convert=8529 events=8529 tx_req=1264 tx_enq=1264 tx_done=1264 tx_drop=0 event_drop=0 reset_reconfig=1 effective_hz=126.364
BNO_TX kind=2 event=1001 req=1001 enq=1001 drop=0 done=1001 bytes=84084
BNO_REPORT kind=2 report_id=2 interval_us=10000 requested_hz=100.000 enable_ok=2 enable_fail=0 callback=6752 switch=6752 kind_convert=6752 events=6752 tx_req=1001 tx_enq=1001 tx_done=1001 tx_drop=0 event_drop=0 reset_reconfig=1 effective_hz=100.035
BNO_TX kind=3 event=500 req=500 enq=500 drop=0 done=500 bytes=42000
BNO_REPORT kind=3 report_id=8 interval_us=20000 requested_hz=50.000 enable_ok=2 enable_fail=0 callback=3376 switch=3376 kind_convert=3376 events=3376 tx_req=500 tx_enq=500 tx_done=500 tx_drop=0 event_drop=0 reset_reconfig=1 effective_hz=50.010
BNO_TX kind=4 event=250 req=250 enq=250 drop=0 done=250 bytes=21000
BNO_REPORT kind=4 report_id=3 interval_us=50000 requested_hz=20.000 enable_ok=2 enable_fail=0 callback=1688 switch=1688 kind_convert=1688 events=1688 tx_req=250 tx_enq=250 tx_done=250 tx_drop=0 event_drop=0 reset_reconfig=1 effective_hz=25.009
BNO_TX kind=5 event=500 req=500 enq=500 drop=0 done=500 bytes=42000
BNO_REPORT kind=5 report_id=4 interval_us=20000 requested_hz=50.000 enable_ok=2 enable_fail=0 callback=3376 switch=3376 kind_convert=3376 events=3376 tx_req=500 tx_enq=500 tx_done=500 tx_drop=0 event_drop=0 reset_reconfig=1 effective_hz=50.015
DIAG state=FAULT dry=1 bno_ready=1 addr=0x4A init/reinit/poll=0/0/10792 event A/G/M=8654/6850/1713 age_rx_us=10183/10228/16318
IMU cand/pair/call/ok=42619/42619/42619/42500 reject=119 dup/order/stale/dt/nonfinite/norm/queue=0/0/0/119/0/0/0 last_ok_age_us=10228 dt_us=13076 align_samples=200 align_elapsed_us=2004079
HEALTH state=2 health=1 reason=mount_unvalidated mount=0 imu_age_us=10228 imu_gaps=0 reversals=0 covariance=1 finite=1 gnss_age_us=343432200 tof_age_us=4294967295 obs=1
BNO_TS ACCEL events=8654 unique=179 exact=1 overflow=0 dup=258 reverse=4220 rollover=0 sensor_dt_us=-27000/0.03/8600 rx_dt_us=8/7913.70/40197 pair_first=4294964996/361472933 pair_last=4294965296/429950178
BNO_TS GYRO events=6850 unique=152 exact=1 overflow=0 dup=403 reverse=2996 rollover=0 sensor_dt_us=-28800/0.37/10500 rx_dt_us=24/9997.40/48371 pair_first=4294958596/361477955 pair_last=4294961096/429950133
BNO_TS MAG events=1713 unique=128 exact=1 overflow=0 dup=78 reverse=822 rollover=0 sensor_dt_us=-19200/3.33/24700 rx_dt_us=8627/39983.22/63852 pair_first=4294959296/361492769 pair_last=4294964996/429944043
BNO_VEC ACCEL_SENSOR_AND_ESKF_INPUT events=8654 nonfinite=0 xyz_mean_sd=[-0.272309,0.007336][-0.840942,0.015102][-9.799156,0.022637] xyz_minmax=[-0.312500,-0.238281][-0.882812,-0.808594][-9.855469,-9.734375] norm_mean_sd_minmax=9.838957/0.022592/9.775037/9.895633
BNO_VEC GYRO_SENSOR_AND_ESKF_INPUT events=6850 nonfinite=0 xyz_mean_sd=[0.000001,0.000359][0.000004,0.000212][0.000004,0.000199] xyz_minmax=[-0.005859,0.005859][-0.003906,0.003906][-0.003906,0.003906] norm_mean_sd_minmax=0.000056/0.000459/0.000000/0.006176
BNO_VEC MAG_SENSOR events=1713 nonfinite=0 xyz_mean_sd=[6.969571,0.531116][-22.092747,0.729654][21.827605,0.874708] xyz_minmax=[5.375000,9.187500][-24.750000,-19.312500][18.375000,24.875000] norm_mean_sd_minmax=31.843827/0.811766/28.177868/34.664070
LINK queue/drop/high=0/0/10 tof=12899
TXDIAG frames_s=136 bytes_s=17996 total_frames=12593 total_bytes=1500572 queue=0 high=10 drops=0 bno_drop=0 partial=0 zero=0 write_calls=284110 max_write_us=0 free_heap=166668 min_free_heap=166668 usage_pct=19.53
BNO_TX kind=1 event=1264 req=1264 enq=1264 drop=0 done=1264 bytes=106176
BNO_REPORT kind=1 report_id=1 interval_us=10000 requested_hz=100.000 enable_ok=2 enable_fail=0 callback=8655 switch=8656 kind_convert=8656 events=8656 tx_req=1264 tx_enq=1264 tx_done=1264 tx_drop=0 event_drop=0 reset_reconfig=1 effective_hz=126.363
BNO_TX kind=2 event=1001 req=1001 enq=1001 drop=0 done=1001 bytes=84084
BNO_REPORT kind=2 report_id=2 interval_us=10000 requested_hz=100.000 enable_ok=2 enable_fail=0 callback=6852 switch=6852 kind_convert=6852 events=6852 tx_req=1001 tx_enq=1001 tx_done=1001 tx_drop=0 event_drop=0 reset_reconfig=1 effective_hz=100.032
BNO_TX kind=3 event=500 req=500 enq=500 drop=0 done=500 bytes=42000
BNO_REPORT kind=3 report_id=8 interval_us=20000 requested_hz=50.000 enable_ok=2 enable_fail=0 callback=3426 switch=3426 kind_convert=3426 events=3426 tx_req=500 tx_enq=500 tx_done=500 tx_drop=0 event_drop=0 reset_reconfig=1 effective_hz=50.012
BNO_TX kind=4 event=250 req=250 enq=250 drop=0 done=250 bytes=21000
BNO_REPORT kind=4 report_id=3 interval_us=50000 requested_hz=20.000 enable_ok=2 enable_fail=0 callback=1713 switch=1713 kind_convert=1713 events=1713 tx_req=250 tx_enq=250 tx_done=250 tx_drop=0 event_drop=0 reset_reconfig=1 effective_hz=25.010
BNO_TX kind=5 event=500 req=500 enq=500 drop=0 done=500 bytes=42000
BNO_REPORT kind=5 report_id=4 interval_us=20000 requested_hz=50.000 enable_ok=2 enable_fail=0 callback=3426 switch=3426 kind_convert=3426 events=3426 tx_req=500 tx_enq=500 tx_done=500 tx_drop=0 event_drop=0 reset_reconfig=1 effective_hz=50.012
DIAG state=FAULT dry=1 bno_ready=1 addr=0x4A init/reinit/poll=0/0/10971 event A/G/M=8782/6952/1738 age_rx_us=8632/5159/18964
IMU cand/pair/call/ok=42721/42721/42721/42602 reject=119 dup/order/stale/dt/nonfinite/norm/queue=0/0/0/119/0/0/0 last_ok_age_us=5159 dt_us=10400 align_samples=200 align_elapsed_us=2004079
HEALTH state=2 health=1 reason=mount_unvalidated mount=0 imu_age_us=5159 imu_gaps=0 reversals=0 covariance=1 finite=1 gnss_age_us=343431239 tof_age_us=4294967295 obs=1
BNO_TS ACCEL events=8782 unique=179 exact=1 overflow=0 dup=263 reverse=4283 rollover=0 sensor_dt_us=-27000/0.00/8600 rx_dt_us=8/7913.41/40197 pair_first=4294964996/361472933 pair_last=4294964996/430960551
BNO_TS GYRO events=6952 unique=152 exact=1 overflow=0 dup=412 reverse=3042 rollover=0 sensor_dt_us=-28800/0.89/10500 rx_dt_us=24/9996.56/48371 pair_first=4294958596/361477955 pair_last=4294964796/430964024
BNO_TS MAG events=1738 unique=128 exact=1 overflow=0 dup=79 reverse=837 rollover=0 sensor_dt_us=-19200/1.50/24700 rx_dt_us=8627/39987.02/63852 pair_first=4294959296/361492769 pair_last=4294961896/430950219
BNO_VEC ACCEL_SENSOR_AND_ESKF_INPUT events=8782 nonfinite=0 xyz_mean_sd=[-0.272313,0.007311][-0.840981,0.015083][-9.799182,0.022658] xyz_minmax=[-0.312500,-0.238281][-0.882812,-0.808594][-9.855469,-9.734375] norm_mean_sd_minmax=9.838986/0.022613/9.775037/9.895633
BNO_VEC GYRO_SENSOR_AND_ESKF_INPUT events=6952 nonfinite=0 xyz_mean_sd=[0.000001,0.000357][0.000004,0.000211][0.000004,0.000197] xyz_minmax=[-0.005859,0.005859][-0.003906,0.003906][-0.003906,0.003906] norm_mean_sd_minmax=0.000055/0.000456/0.000000/0.006176
BNO_VEC MAG_SENSOR events=1738 nonfinite=0 xyz_mean_sd=[6.967995,0.530055][-22.096771,0.732116][21.829761,0.871685] xyz_minmax=[5.375000,9.187500][-24.750000,-19.312500][18.375000,24.875000] norm_mean_sd_minmax=31.847672/0.813174/28.177868/34.664070
LINK queue/drop/high=1/0/10 tof=12930
TXDIAG frames_s=134 bytes_s=17988 total_frames=12729 total_bytes=1518704 queue=0 high=10 drops=0 bno_drop=0 partial=0 zero=0 write_calls=286337 max_write_us=0 free_heap=166668 min_free_heap=166668 usage_pct=19.52
BNO_TX kind=1 event=1264 req=1264 enq=1264 drop=0 done=1264 bytes=106176
BNO_REPORT kind=1 report_id=1 interval_us=10000 requested_hz=100.000 enable_ok=2 enable_fail=0 callback=8783 switch=8782 kind_convert=8782 events=8782 tx_req=1264 tx_enq=1264 tx_done=1264 tx_drop=0 event_drop=0 reset_reconfig=1 effective_hz=126.368
BNO_TX kind=2 event=1001 req=1001 enq=1001 drop=0 done=1001 bytes=84084
BNO_REPORT kind=2 report_id=2 interval_us=10000 requested_hz=100.000 enable_ok=2 enable_fail=0 callback=6953 switch=6953 kind_convert=6953 events=6953 tx_req=1001 tx_enq=1001 tx_done=1001 tx_drop=0 event_drop=0 reset_reconfig=1 effective_hz=100.035
BNO_TX kind=3 event=500 req=500 enq=500 drop=0 done=500 bytes=42000
BNO_REPORT kind=3 report_id=8 interval_us=20000 requested_hz=50.000 enable_ok=2 enable_fail=0 callback=3476 switch=3476 kind_convert=3476 events=3476 tx_req=500 tx_enq=500 tx_done=500 tx_drop=0 event_drop=0 reset_reconfig=1 effective_hz=50.008
BNO_TX kind=4 event=250 req=250 enq=250 drop=0 done=250 bytes=21000
BNO_REPORT kind=4 report_id=3 interval_us=50000 requested_hz=20.000 enable_ok=2 enable_fail=0 callback=1738 switch=1738 kind_convert=1738 events=1738 tx_req=250 tx_enq=250 tx_done=250 tx_drop=0 event_drop=0 reset_reconfig=1 effective_hz=25.008
BNO_TX kind=5 event=500 req=500 enq=500 drop=0 done=500 bytes=42000
BNO_REPORT kind=5 report_id=4 interval_us=20000 requested_hz=50.000 enable_ok=2 enable_fail=0 callback=3477 switch=3477 kind_convert=3477 events=3477 tx_req=500 tx_enq=500 tx_done=500 tx_drop=0 event_drop=0 reset_reconfig=1 effective_hz=50.014
DIAG state=FAULT dry=1 bno_ready=1 addr=0x4A init/reinit/poll=0/0/11151 event A/G/M=8908/7052/1763 age_rx_us=9742/6414/21559
IMU cand/pair/call/ok=42821/42821/42821/42702 reject=119 dup/order/stale/dt/nonfinite/norm/queue=0/0/0/119/0/0/0 last_ok_age_us=6414 dt_us=7895 align_samples=200 align_elapsed_us=2004079
HEALTH state=2 health=1 reason=mount_unvalidated mount=0 imu_age_us=6414 imu_gaps=0 reversals=0 covariance=1 finite=1 gnss_age_us=343654970 tof_age_us=4294967295 obs=1
BNO_TS ACCEL events=8908 unique=179 exact=1 overflow=0 dup=266 reverse=4352 rollover=0 sensor_dt_us=-27000/-0.10/8600 rx_dt_us=8/7913.64/40197 pair_first=4294964996/361472933 pair_last=4294964096/431959741
BNO_TS GYRO events=7052 unique=152 exact=1 overflow=0 dup=421 reverse=3081 rollover=0 sensor_dt_us=-28800/0.82/10500 rx_dt_us=24/9996.47/48371 pair_first=4294958596/361477955 pair_last=4294964396/431963069
BNO_TS MAG events=1763 unique=128 exact=1 overflow=0 dup=79 reverse=849 rollover=0 sensor_dt_us=-19200/2.50/24700 rx_dt_us=8627/39985.90/63852 pair_first=4294959296/361492769 pair_last=4294963696/431947924
BNO_VEC ACCEL_SENSOR_AND_ESKF_INPUT events=8908 nonfinite=0 xyz_mean_sd=[-0.272313,0.007296][-0.840996,0.015074][-9.799222,0.022759] xyz_minmax=[-0.312500,-0.238281][-0.882812,-0.808594][-9.894531,-9.734375] norm_mean_sd_minmax=9.839028/0.022713/9.775037/9.931281
BNO_VEC GYRO_SENSOR_AND_ESKF_INPUT events=7052 nonfinite=0 xyz_mean_sd=[0.000001,0.000354][0.000004,0.000209][0.000004,0.000196] xyz_minmax=[-0.005859,0.005859][-0.003906,0.003906][-0.003906,0.003906] norm_mean_sd_minmax=0.000054/0.000453/0.000000/0.006176
BNO_VEC MAG_SENSOR events=1763 nonfinite=0 xyz_mean_sd=[6.966960,0.529116][-22.098837,0.732537][21.830190,0.868547] xyz_minmax=[5.375000,9.187500][-24.750000,-19.312500][18.375000,24.875000] norm_mean_sd_minmax=31.849101/0.812445/28.177868/34.664070
LINK queue/drop/high=0/0/10 tof=12960
TXDIAG frames_s=132 bytes_s=17636 total_frames=12862 total_bytes=1536376 queue=0 high=10 drops=0 bno_drop=0 partial=0 zero=0 write_calls=288684 max_write_us=0 free_heap=166668 min_free_heap=166668 usage_pct=19.14
BNO_TX kind=1 event=1264 req=1264 enq=1264 drop=0 done=1264 bytes=106176
BNO_REPORT kind=1 report_id=1 interval_us=10000 requested_hz=100.000 enable_ok=2 enable_fail=0 callback=8910 switch=8910 kind_convert=8910 events=8910 tx_req=1264 tx_enq=1264 tx_done=1264 tx_drop=0 event_drop=0 reset_reconfig=1 effective_hz=126.371
BNO_TX kind=2 event=1001 req=1001 enq=1001 drop=0 done=1001 bytes=84084
BNO_REPORT kind=2 report_id=2 interval_us=10000 requested_hz=100.000 enable_ok=2 enable_fail=0 callback=7053 switch=7053 kind_convert=7053 events=7053 tx_req=1001 tx_enq=1001 tx_done=1001 tx_drop=0 event_drop=0 reset_reconfig=1 effective_hz=100.030
BNO_TX kind=3 event=500 req=500 enq=500 drop=0 done=500 bytes=42000
BNO_REPORT kind=3 report_id=8 interval_us=20000 requested_hz=50.000 enable_ok=2 enable_fail=0 callback=3526 switch=3526 kind_convert=3526 events=3526 tx_req=500 tx_enq=500 tx_done=500 tx_drop=0 event_drop=0 reset_reconfig=1 effective_hz=50.009
BNO_TX kind=4 event=250 req=250 enq=250 drop=0 done=250 bytes=21000
BNO_REPORT kind=4 report_id=3 interval_us=50000 requested_hz=20.000 enable_ok=2 enable_fail=0 callback=1764 switch=1763 kind_convert=1763 events=1763 tx_req=250 tx_enq=250 tx_done=250 tx_drop=0 event_drop=0 reset_reconfig=1 effective_hz=25.009
BNO_TX kind=5 event=500 req=500 enq=500 drop=0 done=500 bytes=42000
BNO_REPORT kind=5 report_id=4 interval_us=20000 requested_hz=50.000 enable_ok=2 enable_fail=0 callback=3527 switch=3527 kind_convert=3527 events=3527 tx_req=500 tx_enq=500 tx_done=500 tx_drop=0 event_drop=0 reset_reconfig=1 effective_hz=50.015
DIAG state=FAULT dry=1 bno_ready=1 addr=0x4A init/reinit/poll=0/0/11337 event A/G/M=9036/7153/1788 age_rx_us=8161/3973/36207
IMU cand/pair/call/ok=42922/42922/42922/42803 reject=119 dup/order/stale/dt/nonfinite/norm/queue=0/0/0/119/0/0/0 last_ok_age_us=3973 dt_us=7995 align_samples=200 align_elapsed_us=2004079
HEALTH state=2 health=1 reason=mount_unvalidated mount=0 imu_age_us=3973 imu_gaps=0 reversals=0 covariance=1 finite=1 gnss_age_us=344664706 tof_age_us=4294967295 obs=1
BNO_TS ACCEL events=9036 unique=179 exact=1 overflow=0 dup=271 reverse=4417 rollover=0 sensor_dt_us=-27000/-0.07/8600 rx_dt_us=8/7913.46/40197 pair_first=4294964996/361472933 pair_last=4294964396/432971058
BNO_TS GYRO events=7153 unique=152 exact=1 overflow=0 dup=423 reverse=3126 rollover=0 sensor_dt_us=-28800/0.66/10500 rx_dt_us=24/9996.82/48371 pair_first=4294958596/361477955 pair_last=4294963296/432975246
BNO_TS MAG events=1788 unique=128 exact=1 overflow=0 dup=80 reverse=861 rollover=0 sensor_dt_us=-19200/3.19/24700 rx_dt_us=8627/39983.35/63852 pair_first=4294959296/361492769 pair_last=4294964996/432943012
BNO_VEC ACCEL_SENSOR_AND_ESKF_INPUT events=9036 nonfinite=0 xyz_mean_sd=[-0.272298,0.007337][-0.840978,0.015084][-9.799232,0.022879] xyz_minmax=[-0.312500,-0.238281][-0.882812,-0.808594][-9.894531,-9.734375] norm_mean_sd_minmax=9.839035/0.022832/9.775037/9.931281
BNO_VEC GYRO_SENSOR_AND_ESKF_INPUT events=7153 nonfinite=0 xyz_mean_sd=[0.000001,0.000352][0.000004,0.000208][0.000004,0.000195] xyz_minmax=[-0.005859,0.005859][-0.003906,0.003906][-0.003906,0.003906] norm_mean_sd_minmax=0.000053/0.000449/0.000000/0.006176
BNO_VEC MAG_SENSOR events=1788 nonfinite=0 xyz_mean_sd=[6.967946,0.530517][-22.095358,0.734452][21.829978,0.867608] xyz_minmax=[5.375000,9.187500][-24.750000,-19.312500][18.375000,24.875000] norm_mean_sd_minmax=31.846758/0.814022/28.177868/34.664070
LINK queue/drop/high=1/0/10 tof=12991
TXDIAG frames_s=122 bytes_s=16915 total_frames=12986 total_bytes=1553444 queue=0 high=10 drops=0 bno_drop=0 partial=0 zero=0 write_calls=290970 max_write_us=0 free_heap=166668 min_free_heap=166668 usage_pct=18.35
BNO_TX kind=1 event=1264 req=1264 enq=1264 drop=0 done=1264 bytes=106176
BNO_REPORT kind=1 report_id=1 interval_us=10000 requested_hz=100.000 enable_ok=2 enable_fail=0 callback=9037 switch=9037 kind_convert=9037 events=9037 tx_req=1264 tx_enq=1264 tx_done=1264 tx_drop=0 event_drop=0 reset_reconfig=1 effective_hz=126.366
BNO_TX kind=2 event=1001 req=1001 enq=1001 drop=0 done=1001 bytes=84084
BNO_REPORT kind=2 report_id=2 interval_us=10000 requested_hz=100.000 enable_ok=2 enable_fail=0 callback=7154 switch=7154 kind_convert=7154 events=7154 tx_req=1001 tx_enq=1001 tx_done=1001 tx_drop=0 event_drop=0 reset_reconfig=1 effective_hz=100.026
BNO_TX kind=3 event=500 req=500 enq=500 drop=0 done=500 bytes=42000
BNO_REPORT kind=3 report_id=8 interval_us=20000 requested_hz=50.000 enable_ok=2 enable_fail=0 callback=3577 switch=3577 kind_convert=3577 events=3577 tx_req=500 tx_enq=500 tx_done=500 tx_drop=0 event_drop=0 reset_reconfig=1 effective_hz=50.009
BNO_TX kind=4 event=250 req=250 enq=250 drop=0 done=250 bytes=21000
BNO_REPORT kind=4 report_id=3 interval_us=50000 requested_hz=20.000 enable_ok=2 enable_fail=0 callback=1789 switch=1789 kind_convert=1789 events=1789 tx_req=250 tx_enq=250 tx_done=250 tx_drop=0 event_drop=0 reset_reconfig=1 effective_hz=25.010
BNO_TX kind=5 event=500 req=500 enq=500 drop=0 done=500 bytes=42000
BNO_REPORT kind=5 report_id=4 interval_us=20000 requested_hz=50.000 enable_ok=2 enable_fail=0 callback=3577 switch=3577 kind_convert=3577 events=3577 tx_req=500 tx_enq=500 tx_done=500 tx_drop=0 event_drop=0 reset_reconfig=1 effective_hz=50.016
DIAG state=FAULT dry=1 bno_ready=1 addr=0x4A init/reinit/poll=0/0/11514 event A/G/M=9163/7253/1813 age_rx_us=3252/8300/27069
IMU cand/pair/call/ok=43022/43022/43022/42903 reject=119 dup/order/stale/dt/nonfinite/norm/queue=0/0/0/119/0/0/0 last_ok_age_us=8300 dt_us=9473 align_samples=200 align_elapsed_us=2004079
HEALTH state=2 health=1 reason=mount_unvalidated mount=0 imu_age_us=8300 imu_gaps=0 reversals=0 covariance=1 finite=1 gnss_age_us=343670635 tof_age_us=4294967295 obs=1
BNO_TS ACCEL events=9163 unique=179 exact=1 overflow=0 dup=274 reverse=4486 rollover=0 sensor_dt_us=-27000/-0.17/8600 rx_dt_us=8/7913.58/40197 pair_first=4294964996/361472933 pair_last=4294963396/433977118
BNO_TS GYRO events=7253 unique=152 exact=1 overflow=0 dup=429 reverse=3173 rollover=0 sensor_dt_us=-28800/0.85/10500 rx_dt_us=24/9996.43/48371 pair_first=4294958596/361477955 pair_last=4294964796/433972070
BNO_TS MAG events=1813 unique=128 exact=1 overflow=0 dup=81 reverse=875 rollover=0 sensor_dt_us=-19200/-1.93/24700 rx_dt_us=8627/39989.26/63852 pair_first=4294959296/361492769 pair_last=4294955796/433953301
BNO_VEC ACCEL_SENSOR_AND_ESKF_INPUT events=9163 nonfinite=0 xyz_mean_sd=[-0.272299,0.007322][-0.840933,0.015126][-9.799226,0.022970] xyz_minmax=[-0.312500,-0.238281][-0.882812,-0.808594][-9.894531,-9.734375] norm_mean_sd_minmax=9.839026/0.022922/9.775037/9.931281
BNO_VEC GYRO_SENSOR_AND_ESKF_INPUT events=7253 nonfinite=0 xyz_mean_sd=[0.000001,0.000349][0.000004,0.000206][0.000004,0.000193] xyz_minmax=[-0.005859,0.005859][-0.003906,0.003906][-0.003906,0.003906] norm_mean_sd_minmax=0.000052/0.000446/0.000000/0.006176
BNO_VEC MAG_SENSOR events=1813 nonfinite=0 xyz_mean_sd=[6.968664,0.530341][-22.097042,0.735906][21.832012,0.865367] xyz_minmax=[5.375000,9.187500][-24.750000,-19.312500][18.375000,24.875000] norm_mean_sd_minmax=31.849478/0.812849/28.177868/34.664070
LINK queue/drop/high=0/0/10 tof=13021
TXDIAG frames_s=128 bytes_s=17244 total_frames=13114 total_bytes=1570688 queue=0 high=10 drops=0 bno_drop=0 partial=0 zero=0 write_calls=293267 max_write_us=0 free_heap=166668 min_free_heap=166668 usage_pct=18.71
BNO_TX kind=1 event=1264 req=1264 enq=1264 drop=0 done=1264 bytes=106176
BNO_REPORT kind=1 report_id=1 interval_us=10000 requested_hz=100.000 enable_ok=2 enable_fail=0 callback=9164 switch=9163 kind_convert=9163 events=9163 tx_req=1264 tx_enq=1264 tx_done=1264 tx_drop=0 event_drop=0 reset_reconfig=1 effective_hz=126.365
BNO_TX kind=2 event=1001 req=1001 enq=1001 drop=0 done=1001 bytes=84084
BNO_REPORT kind=2 report_id=2 interval_us=10000 requested_hz=100.000 enable_ok=2 enable_fail=0 callback=7254 switch=7254 kind_convert=7254 events=7254 tx_req=1001 tx_enq=1001 tx_done=1001 tx_drop=0 event_drop=0 reset_reconfig=1 effective_hz=100.030
BNO_TX kind=3 event=500 req=500 enq=500 drop=0 done=500 bytes=42000
BNO_REPORT kind=3 report_id=8 interval_us=20000 requested_hz=50.000 enable_ok=2 enable_fail=0 callback=3627 switch=3627 kind_convert=3627 events=3627 tx_req=500 tx_enq=500 tx_done=500 tx_drop=0 event_drop=0 reset_reconfig=1 effective_hz=50.011
BNO_TX kind=4 event=250 req=250 enq=250 drop=0 done=250 bytes=21000
BNO_REPORT kind=4 report_id=3 interval_us=50000 requested_hz=20.000 enable_ok=2 enable_fail=0 callback=1814 switch=1814 kind_convert=1814 events=1814 tx_req=250 tx_enq=250 tx_done=250 tx_drop=0 event_drop=0 reset_reconfig=1 effective_hz=25.009
BNO_TX kind=5 event=500 req=500 enq=500 drop=0 done=500 bytes=42000
BNO_REPORT kind=5 report_id=4 interval_us=20000 requested_hz=50.000 enable_ok=2 enable_fail=0 callback=3627 switch=3627 kind_convert=3627 events=3627 tx_req=500 tx_enq=500 tx_done=500 tx_drop=0 event_drop=0 reset_reconfig=1 effective_hz=50.014
DIAG state=FAULT dry=1 bno_ready=1 addr=0x4A init/reinit/poll=0/0/11703 event A/G/M=9289/7354/1838 age_rx_us=8867/6241/39118
IMU cand/pair/call/ok=43123/43123/43123/43004 reject=119 dup/order/stale/dt/nonfinite/norm/queue=0/0/0/119/0/0/0 last_ok_age_us=6241 dt_us=6214 align_samples=200 align_elapsed_us=2004079
HEALTH state=2 health=1 reason=mount_unvalidated mount=0 imu_age_us=6241 imu_gaps=0 reversals=0 covariance=1 finite=1 gnss_age_us=344678547 tof_age_us=4294967295 obs=1
BNO_TS ACCEL events=9289 unique=179 exact=1 overflow=0 dup=279 reverse=4548 rollover=0 sensor_dt_us=-27000/-0.04/8600 rx_dt_us=8/7914.13/40197 pair_first=4294964996/361472933 pair_last=4294964596/434979415
BNO_TS GYRO events=7354 unique=152 exact=1 overflow=0 dup=437 reverse=3219 rollover=0 sensor_dt_us=-28800/0.84/10500 rx_dt_us=24/9996.48/48371 pair_first=4294958596/361477955 pair_last=4294964796/434982041
BNO_TS MAG events=1838 unique=130 exact=1 overflow=0 dup=83 reverse=889 rollover=0 sensor_dt_us=-19200/1.20/24700 rx_dt_us=8627/39987.15/63852 pair_first=4294959296/361492769 pair_last=4294961496/434949164
BNO_VEC ACCEL_SENSOR_AND_ESKF_INPUT events=9289 nonfinite=0 xyz_mean_sd=[-0.272292,0.007344][-0.840907,0.015144][-9.799232,0.023042] xyz_minmax=[-0.312500,-0.238281][-0.882812,-0.808594][-9.894531,-9.734375] norm_mean_sd_minmax=9.839030/0.022995/9.775037/9.931281
BNO_VEC GYRO_SENSOR_AND_ESKF_INPUT events=7354 nonfinite=0 xyz_mean_sd=[0.000001,0.000347][0.000003,0.000205][0.000004,0.000192] xyz_minmax=[-0.005859,0.005859][-0.003906,0.003906][-0.003906,0.003906] norm_mean_sd_minmax=0.000052/0.000443/0.000000/0.006176
BNO_VEC MAG_SENSOR events=1838 nonfinite=0 xyz_mean_sd=[6.973477,0.531789][-22.103985,0.737548][21.836167,0.864149] xyz_minmax=[5.375000,9.187500][-24.750000,-19.312500][18.375000,24.875000] norm_mean_sd_minmax=31.858191/0.814214/28.177868/34.664070
LINK queue/drop/high=1/0/10 tof=13052
TXDIAG frames_s=123 bytes_s=17081 total_frames=13239 total_bytes=1587940 queue=0 high=10 drops=0 bno_drop=0 partial=0 zero=0 write_calls=295537 max_write_us=0 free_heap=166668 min_free_heap=166668 usage_pct=18.53
BNO_TX kind=1 event=1264 req=1264 enq=1264 drop=0 done=1264 bytes=106176
BNO_REPORT kind=1 report_id=1 interval_us=10000 requested_hz=100.000 enable_ok=2 enable_fail=0 callback=9289 switch=9290 kind_convert=9290 events=9290 tx_req=1264 tx_enq=1264 tx_done=1264 tx_drop=0 event_drop=0 reset_reconfig=1 effective_hz=126.354
BNO_TX kind=2 event=1001 req=1001 enq=1001 drop=0 done=1001 bytes=84084
BNO_REPORT kind=2 report_id=2 interval_us=10000 requested_hz=100.000 enable_ok=2 enable_fail=0 callback=7355 switch=7354 kind_convert=7354 events=7354 tx_req=1001 tx_enq=1001 tx_done=1001 tx_drop=0 event_drop=0 reset_reconfig=1 effective_hz=100.035
BNO_TX kind=3 event=500 req=500 enq=500 drop=0 done=500 bytes=42000
BNO_REPORT kind=3 report_id=8 interval_us=20000 requested_hz=50.000 enable_ok=2 enable_fail=0 callback=3677 switch=3677 kind_convert=3677 events=3677 tx_req=500 tx_enq=500 tx_done=500 tx_drop=0 event_drop=0 reset_reconfig=1 effective_hz=50.010
BNO_TX kind=4 event=250 req=250 enq=250 drop=0 done=250 bytes=21000
BNO_REPORT kind=4 report_id=3 interval_us=50000 requested_hz=20.000 enable_ok=2 enable_fail=0 callback=1839 switch=1839 kind_convert=1839 events=1839 tx_req=250 tx_enq=250 tx_done=250 tx_drop=0 event_drop=0 reset_reconfig=1 effective_hz=25.008
BNO_TX kind=5 event=500 req=500 enq=500 drop=0 done=500 bytes=42000
BNO_REPORT kind=5 report_id=4 interval_us=20000 requested_hz=50.000 enable_ok=2 enable_fail=0 callback=3678 switch=3677 kind_convert=3677 events=3677 tx_req=500 tx_enq=500 tx_done=500 tx_drop=0 event_drop=0 reset_reconfig=1 effective_hz=50.015
DIAG state=FAULT dry=1 bno_ready=1 addr=0x4A init/reinit/poll=0/0/11882 event A/G/M=9415/7454/1863 age_rx_us=10594/4503/40147
IMU cand/pair/call/ok=43223/43223/43223/43104 reject=119 dup/order/stale/dt/nonfinite/norm/queue=0/0/0/119/0/0/0 last_ok_age_us=4503 dt_us=12244 align_samples=200 align_elapsed_us=2004079
HEALTH state=2 health=1 reason=mount_unvalidated mount=0 imu_age_us=4503 imu_gaps=0 reversals=0 covariance=1 finite=1 gnss_age_us=345678631 tof_age_us=4294967295 obs=1
BNO_TS ACCEL events=9415 unique=179 exact=1 overflow=0 dup=284 reverse=4609 rollover=0 sensor_dt_us=-27000/-0.01/8600 rx_dt_us=8/7914.26/40197 pair_first=4294964996/361472933 pair_last=4294964896/435977772
BNO_TS GYRO events=7454 unique=152 exact=1 overflow=0 dup=443 reverse=3263 rollover=0 sensor_dt_us=-28800/0.86/10500 rx_dt_us=24/9996.77/48371 pair_first=4294958596/361477955 pair_last=4294964996/435983863
BNO_TS MAG events=1863 unique=130 exact=1 overflow=0 dup=83 reverse=900 rollover=0 sensor_dt_us=-19200/1.45/24700 rx_dt_us=8627/39986.82/63852 pair_first=4294959296/361492769 pair_last=4294961996/435948219
BNO_VEC ACCEL_SENSOR_AND_ESKF_INPUT events=9415 nonfinite=0 xyz_mean_sd=[-0.272270,0.007380][-0.840913,0.015151][-9.799200,0.023089] xyz_minmax=[-0.312500,-0.238281][-0.882812,-0.808594][-9.894531,-9.734375] norm_mean_sd_minmax=9.838997/0.023043/9.775037/9.931281
BNO_VEC GYRO_SENSOR_AND_ESKF_INPUT events=7454 nonfinite=0 xyz_mean_sd=[0.000001,0.000345][0.000003,0.000204][0.000004,0.000191] xyz_minmax=[-0.005859,0.005859][-0.003906,0.003906][-0.003906,0.003906] norm_mean_sd_minmax=0.000051/0.000440/0.000000/0.006176
BNO_VEC MAG_SENSOR events=1863 nonfinite=0 xyz_mean_sd=[6.976718,0.532066][-22.103764,0.736148][21.835782,0.862884] xyz_minmax=[5.375000,9.187500][-24.750000,-19.312500][18.375000,24.875000] norm_mean_sd_minmax=31.858436/0.813629/28.177868/34.664070
LINK queue/drop/high=0/0/10 tof=13082
TXDIAG frames_s=122 bytes_s=16745 total_frames=13361 total_bytes=1604652 queue=0 high=10 drops=0 bno_drop=0 partial=0 zero=0 write_calls=298104 max_write_us=0 free_heap=166668 min_free_heap=166668 usage_pct=18.17
BNO_TX kind=1 event=1264 req=1264 enq=1264 drop=0 done=1264 bytes=106176
BNO_REPORT kind=1 report_id=1 interval_us=10000 requested_hz=100.000 enable_ok=2 enable_fail=0 callback=9416 switch=9415 kind_convert=9415 events=9415 tx_req=1264 tx_enq=1264 tx_done=1264 tx_drop=0 event_drop=0 reset_reconfig=1 effective_hz=126.354
BNO_TX kind=2 event=1001 req=1001 enq=1001 drop=0 done=1001 bytes=84084
BNO_REPORT kind=2 report_id=2 interval_us=10000 requested_hz=100.000 enable_ok=2 enable_fail=0 callback=7455 switch=7454 kind_convert=7454 events=7454 tx_req=1001 tx_enq=1001 tx_done=1001 tx_drop=0 event_drop=0 reset_reconfig=1 effective_hz=100.032
BNO_TX kind=3 event=500 req=500 enq=500 drop=0 done=500 bytes=42000
BNO_REPORT kind=3 report_id=8 interval_us=20000 requested_hz=50.000 enable_ok=2 enable_fail=0 callback=3727 switch=3727 kind_convert=3727 events=3727 tx_req=500 tx_enq=500 tx_done=500 tx_drop=0 event_drop=0 reset_reconfig=1 effective_hz=50.009
BNO_TX kind=4 event=250 req=250 enq=250 drop=0 done=250 bytes=21000
BNO_REPORT kind=4 report_id=3 interval_us=50000 requested_hz=20.000 enable_ok=2 enable_fail=0 callback=1864 switch=1864 kind_convert=1864 events=1864 tx_req=250 tx_enq=250 tx_done=250 tx_drop=0 event_drop=0 reset_reconfig=1 effective_hz=25.008
BNO_TX kind=5 event=500 req=500 enq=500 drop=0 done=500 bytes=42000
BNO_REPORT kind=5 report_id=4 interval_us=20000 requested_hz=50.000 enable_ok=2 enable_fail=0 callback=3728 switch=3728 kind_convert=3728 events=3728 tx_req=500 tx_enq=500 tx_done=500 tx_drop=0 event_drop=0 reset_reconfig=1 effective_hz=50.013
