DIAG state=FAULT dry=1 bno_ready=1 addr=0x4A init/reinit/poll=1/0/1056 event A/G/M=765/604/151 age_rx_us=4191/12352/23128
IMU cand/pair/call/ok=604/604/604/601 reject=3 dup/order/stale/dt/nonfinite/norm/queue=0/0/0/3/0/0/0 last_ok_age_us=12352 dt_us=4536 align_samples=199 align_elapsed_us=2004484
HEALTH state=2 health=1 reason=mount_unvalidated mount=0 imu_age_us=12352 imu_gaps=0 reversals=0 covariance=1 finite=1 gnss_age_us=4294967295 tof_age_us=4294967295 obs=1
BNO_TS ACCEL events=765 unique=82 exact=1 overflow=0 dup=19 reverse=375 rollover=0 sensor_dt_us=-8500/6.94/8400 rx_dt_us=8/7897.02/16655 pair_first=4294959496/3860589 pair_last=4294964796/9893911
BNO_TS GYRO events=604 unique=54 exact=1 overflow=0 dup=47 reverse=268 rollover=0 sensor_dt_us=-8800/17.91/10000 rx_dt_us=63/9972.34/19077 pair_first=4294953796/3872427 pair_last=4294964596/9885750
BNO_TS MAG events=151 unique=49 exact=1 overflow=0 dup=4 reverse=72 rollover=0 sensor_dt_us=-5800/74.67/8000 rx_dt_us=31611/40016.77/60389 pair_first=4294953796/3872459 pair_last=4294964996/9874974
BNO_VEC ACCEL_SENSOR_AND_ESKF_INPUT events=765 nonfinite=0 xyz_mean_sd=[-0.271109,0.009371][-0.847023,0.010305][-9.806832,0.022799] xyz_minmax=[-0.312500,-0.238281][-0.882812,-0.808594][-9.855469,-9.734375] norm_mean_sd_minmax=9.847086/0.022763/9.775037/9.895633
BNO_VEC GYRO_SENSOR_AND_ESKF_INPUT events=604 nonfinite=0 xyz_mean_sd=[-0.000094,0.001128][0.000013,0.000737][0.000003,0.000733] xyz_minmax=[-0.005859,0.007812][-0.003906,0.003906][-0.003906,0.003906] norm_mean_sd_minmax=0.000582/0.001422/0.000000/0.007812
BNO_VEC MAG_SENSOR events=151 nonfinite=0 xyz_mean_sd=[6.964404,0.564429][-21.892798,0.755477][21.908526,0.765661] xyz_minmax=[5.687500,8.312500][-23.562500,-19.625000][19.625000,23.625000] norm_mean_sd_minmax=31.759733/0.758937/29.528919/33.454319
LINK queue/drop/high=1/0/5 tof=184
TXDIAG frames_s=130 bytes_s=17412 total_frames=807 total_bytes=107164 queue=0 high=5 drops=0 bno_drop=0 partial=0 zero=0 write_calls=15450 max_write_us=0 free_heap=166868 min_free_heap=166868 usage_pct=18.89
BNO_TX kind=1 event=0 req=0 enq=0 drop=0 done=0 bytes=0
BNO_REPORT kind=1 report_id=1 interval_us=10000 requested_hz=100.000 enable_ok=2 enable_fail=0 callback=788 switch=765 kind_convert=765 events=765 tx_req=0 tx_enq=0 tx_done=0 tx_drop=0 event_drop=0 reset_reconfig=1 effective_hz=126.630
BNO_TX kind=2 event=0 req=0 enq=0 drop=0 done=0 bytes=0
BNO_REPORT kind=2 report_id=2 interval_us=10000 requested_hz=100.000 enable_ok=2 enable_fail=0 callback=609 switch=604 kind_convert=604 events=604 tx_req=0 tx_enq=0 tx_done=0 tx_drop=0 event_drop=0 reset_reconfig=1 effective_hz=100.277
BNO_TX kind=3 event=0 req=0 enq=0 drop=0 done=0 bytes=0
BNO_REPORT kind=3 report_id=8 interval_us=20000 requested_hz=50.000 enable_ok=2 enable_fail=0 callback=304 switch=302 kind_convert=302 events=302 tx_req=0 tx_enq=0 tx_done=0 tx_drop=0 event_drop=0 reset_reconfig=1 effective_hz=50.093
BNO_TX kind=4 event=0 req=0 enq=0 drop=0 done=0 bytes=0
BNO_REPORT kind=4 report_id=3 interval_us=50000 requested_hz=20.000 enable_ok=2 enable_fail=0 callback=152 switch=151 kind_convert=151 events=151 tx_req=0 tx_enq=0 tx_done=0 tx_drop=0 event_drop=0 reset_reconfig=1 effective_hz=24.990
BNO_TX kind=5 event=0 req=0 enq=0 drop=0 done=0 bytes=0
BNO_REPORT kind=5 report_id=4 interval_us=20000 requested_hz=50.000 enable_ok=2 enable_fail=0 callback=304 switch=303 kind_convert=303 events=303 tx_req=0 tx_enq=0 tx_done=0 tx_drop=0 event_drop=0 reset_reconfig=1 effective_hz=50.018
DIAG state=FAULT dry=1 bno_ready=1 addr=0x4A init/reinit/poll=1/0/1229 event A/G/M=891/704/176 age_rx_us=5364/13760/17116
IMU cand/pair/call/ok=704/704/704/701 reject=3 dup/order/stale/dt/nonfinite/norm/queue=0/0/0/3/0/0/0 last_ok_age_us=13760 dt_us=9917 align_samples=199 align_elapsed_us=2004484
HEALTH state=2 health=1 reason=mount_unvalidated mount=0 imu_age_us=13760 imu_gaps=0 reversals=0 covariance=1 finite=1 gnss_age_us=4294967295 tof_age_us=4294967295 obs=1
BNO_TS ACCEL events=891 unique=83 exact=1 overflow=0 dup=21 reverse=443 rollover=0 sensor_dt_us=-8500/4.27/8400 rx_dt_us=8/7901.51/16655 pair_first=4294959496/3860589 pair_last=4294963296/10892936
BNO_TS GYRO events=704 unique=56 exact=1 overflow=0 dup=54 reverse=309 rollover=0 sensor_dt_us=-8800/15.65/10000 rx_dt_us=63/9974.56/19077 pair_first=4294953796/3872427 pair_last=4294964796/10884540
BNO_TS MAG events=176 unique=53 exact=1 overflow=0 dup=4 reverse=82 rollover=0 sensor_dt_us=-7100/45.14/8000 rx_dt_us=31453/40049.86/60389 pair_first=4294953796/3872459 pair_last=4294961696/10881184
BNO_VEC ACCEL_SENSOR_AND_ESKF_INPUT events=891 nonfinite=0 xyz_mean_sd=[-0.271083,0.009327][-0.847174,0.010318][-9.807165,0.022855] xyz_minmax=[-0.312500,-0.238281][-0.882812,-0.808594][-9.855469,-9.734375] norm_mean_sd_minmax=9.847429/0.022812/9.775037/9.895633
BNO_VEC GYRO_SENSOR_AND_ESKF_INPUT events=704 nonfinite=0 xyz_mean_sd=[-0.000080,0.001046][0.000011,0.000683][0.000003,0.000679] xyz_minmax=[-0.005859,0.007812][-0.003906,0.003906][-0.003906,0.003906] norm_mean_sd_minmax=0.000500/0.001333/0.000000/0.007812
BNO_VEC MAG_SENSOR events=176 nonfinite=0 xyz_mean_sd=[6.967330,0.555990][-21.930398,0.746882][21.885298,0.779177] xyz_minmax=[5.687500,8.312500][-23.937500,-19.625000][19.625000,24.062500] norm_mean_sd_minmax=31.770400/0.753687/29.528919/33.454319
LINK queue/drop/high=0/0/5 tof=214
TXDIAG frames_s=135 bytes_s=17917 total_frames=942 total_bytes=125064 queue=0 high=5 drops=0 bno_drop=0 partial=0 zero=0 write_calls=17857 max_write_us=0 free_heap=166868 min_free_heap=166868 usage_pct=19.44
BNO_TX kind=1 event=0 req=0 enq=0 drop=0 done=0 bytes=0
BNO_REPORT kind=1 report_id=1 interval_us=10000 requested_hz=100.000 enable_ok=2 enable_fail=0 callback=914 switch=892 kind_convert=892 events=892 tx_req=0 tx_enq=0 tx_done=0 tx_drop=0 event_drop=0 reset_reconfig=1 effective_hz=126.560
BNO_TX kind=2 event=0 req=0 enq=0 drop=0 done=0 bytes=0
BNO_REPORT kind=2 report_id=2 interval_us=10000 requested_hz=100.000 enable_ok=2 enable_fail=0 callback=709 switch=705 kind_convert=705 events=705 tx_req=0 tx_enq=0 tx_done=0 tx_drop=0 event_drop=0 reset_reconfig=1 effective_hz=100.212
BNO_TX kind=3 event=0 req=0 enq=0 drop=0 done=0 bytes=0
BNO_REPORT kind=3 report_id=8 interval_us=20000 requested_hz=50.000 enable_ok=2 enable_fail=0 callback=354 switch=353 kind_convert=353 events=353 tx_req=0 tx_enq=0 tx_done=0 tx_drop=0 event_drop=0 reset_reconfig=1 effective_hz=50.106
BNO_TX kind=4 event=0 req=0 enq=0 drop=0 done=0 bytes=0
BNO_REPORT kind=4 report_id=3 interval_us=50000 requested_hz=20.000 enable_ok=2 enable_fail=0 callback=177 switch=176 kind_convert=176 events=176 tx_req=0 tx_enq=0 tx_done=0 tx_drop=0 event_drop=0 reset_reconfig=1 effective_hz=24.969
BNO_TX kind=5 event=0 req=0 enq=0 drop=0 done=0 bytes=0
BNO_REPORT kind=5 report_id=4 interval_us=20000 requested_hz=50.000 enable_ok=2 enable_fail=0 callback=354 switch=353 kind_convert=353 events=353 tx_req=0 tx_enq=0 tx_done=0 tx_drop=0 event_drop=0 reset_reconfig=1 effective_hz=50.013
DIAG state=FAULT dry=1 bno_ready=1 addr=0x4A init/reinit/poll=1/0/1411 event A/G/M=1018/806/201 age_rx_us=6281/993/27635
IMU cand/pair/call/ok=806/806/806/803 reject=3 dup/order/stale/dt/nonfinite/norm/queue=0/0/0/3/0/0/0 last_ok_age_us=993 dt_us=8976 align_samples=199 align_elapsed_us=2004484
HEALTH state=2 health=1 reason=mount_unvalidated mount=0 imu_age_us=993 imu_gaps=0 reversals=0 covariance=1 finite=1 gnss_age_us=4294967295 tof_age_us=4294967295 obs=1
BNO_TS ACCEL events=1018 unique=85 exact=1 overflow=0 dup=24 reverse=507 rollover=0 sensor_dt_us=-8500/0.20/8400 rx_dt_us=8/7906.94/16655 pair_first=4294959496/3860589 pair_last=4294959696/11901945
BNO_TS GYRO events=806 unique=57 exact=1 overflow=0 dup=66 reverse=356 rollover=0 sensor_dt_us=-8800/12.30/10000 rx_dt_us=63/9981.13/19077 pair_first=4294953796/3872427 pair_last=4294963696/11907233
BNO_TS MAG events=201 unique=55 exact=1 overflow=0 dup=4 reverse=92 rollover=0 sensor_dt_us=-7100/45.00/8000 rx_dt_us=31453/40040.66/60389 pair_first=4294953796/3872459 pair_last=4294962796/11880591
BNO_VEC ACCEL_SENSOR_AND_ESKF_INPUT events=1018 nonfinite=0 xyz_mean_sd=[-0.271032,0.009345][-0.847361,0.010310][-9.806779,0.022831] xyz_minmax=[-0.312500,-0.238281][-0.882812,-0.808594][-9.855469,-9.734375] norm_mean_sd_minmax=9.847059/0.022788/9.775037/9.895633
BNO_VEC GYRO_SENSOR_AND_ESKF_INPUT events=806 nonfinite=0 xyz_mean_sd=[-0.000070,0.000978][0.000010,0.000638][0.000002,0.000634] xyz_minmax=[-0.005859,0.007812][-0.003906,0.003906][-0.003906,0.003906] norm_mean_sd_minmax=0.000436/0.001257/0.000000/0.007812
BNO_VEC MAG_SENSOR events=201 nonfinite=0 xyz_mean_sd=[6.958644,0.546554][-21.919776,0.723420][21.898632,0.774266] xyz_minmax=[5.687500,8.312500][-23.937500,-19.625000][19.625000,24.062500] norm_mean_sd_minmax=31.769759/0.743865/29.528919/33.454319
LINK queue/drop/high=1/0/5 tof=245
TXDIAG frames_s=132 bytes_s=17762 total_frames=1076 total_bytes=143004 queue=0 high=5 drops=0 bno_drop=0 partial=0 zero=0 write_calls=19969 max_write_us=0 free_heap=166868 min_free_heap=166868 usage_pct=19.27
BNO_TX kind=1 event=0 req=0 enq=0 drop=0 done=0 bytes=0
BNO_REPORT kind=1 report_id=1 interval_us=10000 requested_hz=100.000 enable_ok=2 enable_fail=0 callback=1042 switch=1018 kind_convert=1018 events=1018 tx_req=0 tx_enq=0 tx_done=0 tx_drop=0 event_drop=0 reset_reconfig=1 effective_hz=126.471
BNO_TX kind=2 event=0 req=0 enq=0 drop=0 done=0 bytes=0
BNO_REPORT kind=2 report_id=2 interval_us=10000 requested_hz=100.000 enable_ok=2 enable_fail=0 callback=810 switch=806 kind_convert=806 events=806 tx_req=0 tx_enq=0 tx_done=0 tx_drop=0 event_drop=0 reset_reconfig=1 effective_hz=100.189
BNO_TX kind=3 event=0 req=0 enq=0 drop=0 done=0 bytes=0
BNO_REPORT kind=3 report_id=8 interval_us=20000 requested_hz=50.000 enable_ok=2 enable_fail=0 callback=405 switch=403 kind_convert=403 events=403 tx_req=0 tx_enq=0 tx_done=0 tx_drop=0 event_drop=0 reset_reconfig=1 effective_hz=50.088
BNO_TX kind=4 event=0 req=0 enq=0 drop=0 done=0 bytes=0
BNO_REPORT kind=4 report_id=3 interval_us=50000 requested_hz=20.000 enable_ok=2 enable_fail=0 callback=203 switch=201 kind_convert=201 events=201 tx_req=0 tx_enq=0 tx_done=0 tx_drop=0 event_drop=0 reset_reconfig=1 effective_hz=24.975
BNO_TX kind=5 event=0 req=0 enq=0 drop=0 done=0 bytes=0
BNO_REPORT kind=5 report_id=4 interval_us=20000 requested_hz=50.000 enable_ok=2 enable_fail=0 callback=404 switch=403 kind_convert=403 events=403 tx_req=0 tx_enq=0 tx_done=0 tx_drop=0 event_drop=0 reset_reconfig=1 effective_hz=50.032
DIAG state=FAULT dry=1 bno_ready=1 addr=0x4A init/reinit/poll=1/0/1585 event A/G/M=1145/905/226 age_rx_us=7716/10623/27182
IMU cand/pair/call/ok=905/905/905/902 reject=3 dup/order/stale/dt/nonfinite/norm/queue=0/0/0/3/0/0/0 last_ok_age_us=10623 dt_us=14114 align_samples=199 align_elapsed_us=2004484
HEALTH state=2 health=1 reason=mount_unvalidated mount=0 imu_age_us=10623 imu_gaps=0 reversals=0 covariance=1 finite=1 gnss_age_us=4294967295 tof_age_us=4294967295 obs=1
BNO_TS ACCEL events=1145 unique=86 exact=1 overflow=0 dup=30 reverse=566 rollover=0 sensor_dt_us=-8500/5.07/8400 rx_dt_us=8/7902.05/16655 pair_first=4294959496/3860589 pair_last=4294965296/12900539
BNO_TS GYRO events=905 unique=59 exact=1 overflow=0 dup=70 reverse=404 rollover=0 sensor_dt_us=-8800/10.73/10000 rx_dt_us=63/9983.63/19077 pair_first=4294953796/3872427 pair_last=4294963496/12897632
BNO_TS MAG events=226 unique=56 exact=1 overflow=0 dup=6 reverse=104 rollover=0 sensor_dt_us=-7100/31.11/8000 rx_dt_us=31453/40038.28/60389 pair_first=4294953796/3872459 pair_last=4294960796/12881073
BNO_VEC ACCEL_SENSOR_AND_ESKF_INPUT events=1145 nonfinite=0 xyz_mean_sd=[-0.271118,0.009290][-0.847530,0.010584][-9.806506,0.023029] xyz_minmax=[-0.312500,-0.238281][-0.882812,-0.808594][-9.855469,-9.734375] norm_mean_sd_minmax=9.846805/0.022986/9.775037/9.895633
BNO_VEC GYRO_SENSOR_AND_ESKF_INPUT events=905 nonfinite=0 xyz_mean_sd=[-0.000063,0.000923][0.000009,0.000602][0.000002,0.000599] xyz_minmax=[-0.005859,0.007812][-0.003906,0.003906][-0.003906,0.003906] norm_mean_sd_minmax=0.000389/0.001194/0.000000/0.007812
BNO_VEC MAG_SENSOR events=226 nonfinite=0 xyz_mean_sd=[6.956029,0.544436][-21.924226,0.709423][21.922566,0.764552] xyz_minmax=[5.687500,8.312500][-23.937500,-19.625000][19.625000,24.062500] norm_mean_sd_minmax=31.788464/0.731245/29.528919/33.513874
LINK queue/drop/high=0/0/5 tof=275
TXDIAG frames_s=133 bytes_s=17778 total_frames=1210 total_bytes=160800 queue=0 high=5 drops=0 bno_drop=0 partial=0 zero=0 write_calls=22200 max_write_us=0 free_heap=166868 min_free_heap=166868 usage_pct=19.29
BNO_TX kind=1 event=0 req=0 enq=0 drop=0 done=0 bytes=0
BNO_REPORT kind=1 report_id=1 interval_us=10000 requested_hz=100.000 enable_ok=2 enable_fail=0 callback=1168 switch=1146 kind_convert=1146 events=1146 tx_req=0 tx_enq=0 tx_done=0 tx_drop=0 event_drop=0 reset_reconfig=1 effective_hz=126.521
BNO_TX kind=2 event=0 req=0 enq=0 drop=0 done=0 bytes=0
BNO_REPORT kind=2 report_id=2 interval_us=10000 requested_hz=100.000 enable_ok=2 enable_fail=0 callback=910 switch=906 kind_convert=906 events=906 tx_req=0 tx_enq=0 tx_done=0 tx_drop=0 event_drop=0 reset_reconfig=1 effective_hz=100.186
BNO_TX kind=3 event=0 req=0 enq=0 drop=0 done=0 bytes=0
BNO_REPORT kind=3 report_id=8 interval_us=20000 requested_hz=50.000 enable_ok=2 enable_fail=0 callback=454 switch=453 kind_convert=453 events=453 tx_req=0 tx_enq=0 tx_done=0 tx_drop=0 event_drop=0 reset_reconfig=1 effective_hz=50.082
BNO_TX kind=4 event=0 req=0 enq=0 drop=0 done=0 bytes=0
BNO_REPORT kind=4 report_id=3 interval_us=50000 requested_hz=20.000 enable_ok=2 enable_fail=0 callback=227 switch=226 kind_convert=226 events=226 tx_req=0 tx_enq=0 tx_done=0 tx_drop=0 event_drop=0 reset_reconfig=1 effective_hz=24.976
BNO_TX kind=5 event=0 req=0 enq=0 drop=0 done=0 bytes=0
BNO_REPORT kind=5 report_id=4 interval_us=20000 requested_hz=50.000 enable_ok=2 enable_fail=0 callback=454 switch=453 kind_convert=453 events=453 tx_req=0 tx_enq=0 tx_done=0 tx_drop=0 event_drop=0 reset_reconfig=1 effective_hz=50.011
DIAG state=FAULT dry=1 bno_ready=1 addr=0x4A init/reinit/poll=1/0/1770 event A/G/M=1273/1007/251 age_rx_us=5184/1225/37510
IMU cand/pair/call/ok=1007/1007/1007/1004 reject=3 dup/order/stale/dt/nonfinite/norm/queue=0/0/0/3/0/0/0 last_ok_age_us=1225 dt_us=13016 align_samples=199 align_elapsed_us=2004484
HEALTH state=2 health=1 reason=mount_unvalidated mount=0 imu_age_us=1225 imu_gaps=0 reversals=0 covariance=1 finite=1 gnss_age_us=4294967295 tof_age_us=4294967295 obs=1
BNO_TS ACCEL events=1273 unique=88 exact=1 overflow=0 dup=37 reverse=629 rollover=0 sensor_dt_us=-8500/5.42/8400 rx_dt_us=8/7902.08/16655 pair_first=4294959496/3860589 pair_last=4294966396/13912035
BNO_TS GYRO events=1007 unique=60 exact=1 overflow=0 dup=73 reverse=447 rollover=0 sensor_dt_us=-8800/10.04/10000 rx_dt_us=63/9983.67/19583 pair_first=4294953796/3872427 pair_last=4294963896/13915994
BNO_TS MAG events=251 unique=57 exact=1 overflow=0 dup=7 reverse=117 rollover=0 sensor_dt_us=-7100/30.80/8000 rx_dt_us=31453/40029.00/60389 pair_first=4294953796/3872459 pair_last=4294961496/13879709
BNO_VEC ACCEL_SENSOR_AND_ESKF_INPUT events=1273 nonfinite=0 xyz_mean_sd=[-0.271216,0.009195][-0.847530,0.010461][-9.806317,0.022920] xyz_minmax=[-0.312500,-0.238281][-0.882812,-0.808594][-9.855469,-9.734375] norm_mean_sd_minmax=9.846619/0.022881/9.775037/9.895633
BNO_VEC GYRO_SENSOR_AND_ESKF_INPUT events=1007 nonfinite=0 xyz_mean_sd=[-0.000056,0.000875][0.000008,0.000571][0.000002,0.000567] xyz_minmax=[-0.005859,0.007812][-0.003906,0.003906][-0.003906,0.003906] norm_mean_sd_minmax=0.000349/0.001138/0.000000/0.007812
BNO_VEC MAG_SENSOR events=251 nonfinite=0 xyz_mean_sd=[6.943725,0.541201][-21.929034,0.696277][21.943476,0.757656] xyz_minmax=[5.687500,8.312500][-23.937500,-19.625000][19.625000,24.062500] norm_mean_sd_minmax=31.803310/0.717772/29.528919/33.513874
LINK queue/drop/high=1/0/5 tof=306
TXDIAG frames_s=131 bytes_s=17670 total_frames=1343 total_bytes=178612 queue=0 high=5 drops=0 bno_drop=0 partial=0 zero=0 write_calls=24573 max_write_us=0 free_heap=166868 min_free_heap=166868 usage_pct=19.17
BNO_TX kind=1 event=0 req=0 enq=0 drop=0 done=0 bytes=0
BNO_REPORT kind=1 report_id=1 interval_us=10000 requested_hz=100.000 enable_ok=2 enable_fail=0 callback=1296 switch=1273 kind_convert=1273 events=1273 tx_req=0 tx_enq=0 tx_done=0 tx_drop=0 event_drop=0 reset_reconfig=1 effective_hz=126.549
BNO_TX kind=2 event=0 req=0 enq=0 drop=0 done=0 bytes=0
BNO_REPORT kind=2 report_id=2 interval_us=10000 requested_hz=100.000 enable_ok=2 enable_fail=0 callback=1010 switch=1007 kind_convert=1007 events=1007 tx_req=0 tx_enq=0 tx_done=0 tx_drop=0 event_drop=0 reset_reconfig=1 effective_hz=100.164
BNO_TX kind=3 event=0 req=0 enq=0 drop=0 done=0 bytes=0
BNO_REPORT kind=3 report_id=8 interval_us=20000 requested_hz=50.000 enable_ok=2 enable_fail=0 callback=505 switch=504 kind_convert=504 events=504 tx_req=0 tx_enq=0 tx_done=0 tx_drop=0 event_drop=0 reset_reconfig=1 effective_hz=50.082
BNO_TX kind=4 event=0 req=0 enq=0 drop=0 done=0 bytes=0
BNO_REPORT kind=4 report_id=3 interval_us=50000 requested_hz=20.000 enable_ok=2 enable_fail=0 callback=253 switch=251 kind_convert=251 events=251 tx_req=0 tx_enq=0 tx_done=0 tx_drop=0 event_drop=0 reset_reconfig=1 effective_hz=24.982
BNO_TX kind=5 event=0 req=0 enq=0 drop=0 done=0 bytes=0
BNO_REPORT kind=5 report_id=4 interval_us=20000 requested_hz=50.000 enable_ok=2 enable_fail=0 callback=505 switch=503 kind_convert=503 events=503 tx_req=0 tx_enq=0 tx_done=0 tx_drop=0 event_drop=0 reset_reconfig=1 effective_hz=50.024
DIAG state=FAULT dry=1 bno_ready=1 addr=0x4A init/reinit/poll=1/0/1944 event A/G/M=1399/1106/276 age_rx_us=6303/9329/40032
IMU cand/pair/call/ok=1106/1106/1106/1103 reject=3 dup/order/stale/dt/nonfinite/norm/queue=0/0/0/3/0/0/0 last_ok_age_us=9329 dt_us=12968 align_samples=199 align_elapsed_us=2004484
HEALTH state=2 health=1 reason=mount_unvalidated mount=0 imu_age_us=9329 imu_gaps=0 reversals=0 covariance=1 finite=1 gnss_age_us=4294967295 tof_age_us=4294967295 obs=1
BNO_TS ACCEL events=1399 unique=90 exact=1 overflow=0 dup=41 reverse=695 rollover=0 sensor_dt_us=-8500/3.51/8400 rx_dt_us=8/7904.45/16655 pair_first=4294959496/3860589 pair_last=4294964396/14911011
BNO_TS GYRO events=1106 unique=63 exact=1 overflow=0 dup=82 reverse=489 rollover=0 sensor_dt_us=-8800/7.78/10000 rx_dt_us=63/9986.93/19583 pair_first=4294953796/3872427 pair_last=4294962396/14907985
BNO_TS MAG events=276 unique=63 exact=1 overflow=0 dup=8 reverse=127 rollover=0 sensor_dt_us=-7100/31.27/8000 rx_dt_us=31453/40017.54/60389 pair_first=4294953796/3872459 pair_last=4294962396/14877282
BNO_VEC ACCEL_SENSOR_AND_ESKF_INPUT events=1399 nonfinite=0 xyz_mean_sd=[-0.271368,0.008994][-0.847614,0.010209][-9.806254,0.022839] xyz_minmax=[-0.312500,-0.238281][-0.882812,-0.808594][-9.855469,-9.734375] norm_mean_sd_minmax=9.846567/0.022799/9.775037/9.895633
BNO_VEC GYRO_SENSOR_AND_ESKF_INPUT events=1106 nonfinite=0 xyz_mean_sd=[-0.000051,0.000835][0.000007,0.000545][0.000002,0.000541] xyz_minmax=[-0.005859,0.007812][-0.003906,0.003906][-0.003906,0.003906] norm_mean_sd_minmax=0.000318/0.001090/0.000000/0.007812
BNO_VEC MAG_SENSOR events=276 nonfinite=0 xyz_mean_sd=[6.976676,0.552940][-21.937047,0.704982][21.940217,0.772931] xyz_minmax=[5.687500,8.312500][-23.937500,-19.625000][19.625000,24.062500] norm_mean_sd_minmax=31.813987/0.742681/29.528919/33.513874
LINK queue/drop/high=0/0/5 tof=336
TXDIAG frames_s=134 bytes_s=17858 total_frames=1478 total_bytes=196488 queue=0 high=5 drops=0 bno_drop=0 partial=0 zero=0 write_calls=27161 max_write_us=0 free_heap=166868 min_free_heap=166868 usage_pct=19.38
BNO_TX kind=1 event=0 req=0 enq=0 drop=0 done=0 bytes=0
BNO_REPORT kind=1 report_id=1 interval_us=10000 requested_hz=100.000 enable_ok=2 enable_fail=0 callback=1422 switch=1399 kind_convert=1399 events=1399 tx_req=0 tx_enq=0 tx_done=0 tx_drop=0 event_drop=0 reset_reconfig=1 effective_hz=126.511
BNO_TX kind=2 event=0 req=0 enq=0 drop=0 done=0 bytes=0
BNO_REPORT kind=2 report_id=2 interval_us=10000 requested_hz=100.000 enable_ok=2 enable_fail=0 callback=1111 switch=1106 kind_convert=1106 events=1106 tx_req=0 tx_enq=0 tx_done=0 tx_drop=0 event_drop=0 reset_reconfig=1 effective_hz=100.131
BNO_TX kind=3 event=0 req=0 enq=0 drop=0 done=0 bytes=0
BNO_REPORT kind=3 report_id=8 interval_us=20000 requested_hz=50.000 enable_ok=2 enable_fail=0 callback=555 switch=554 kind_convert=554 events=554 tx_req=0 tx_enq=0 tx_done=0 tx_drop=0 event_drop=0 reset_reconfig=1 effective_hz=50.053
BNO_TX kind=4 event=0 req=0 enq=0 drop=0 done=0 bytes=0
BNO_REPORT kind=4 report_id=3 interval_us=50000 requested_hz=20.000 enable_ok=2 enable_fail=0 callback=278 switch=277 kind_convert=277 events=277 tx_req=0 tx_enq=0 tx_done=0 tx_drop=0 event_drop=0 reset_reconfig=1 effective_hz=24.997
BNO_TX kind=5 event=0 req=0 enq=0 drop=0 done=0 bytes=0
BNO_REPORT kind=5 report_id=4 interval_us=20000 requested_hz=50.000 enable_ok=2 enable_fail=0 callback=555 switch=554 kind_convert=554 events=554 tx_req=0 tx_enq=0 tx_done=0 tx_drop=0 event_drop=0 reset_reconfig=1 effective_hz=50.019
DIAG state=FAULT dry=1 bno_ready=1 addr=0x4A init/reinit/poll=1/0/2121 event A/G/M=1526/1208/302 age_rx_us=6070/3641/6083
IMU cand/pair/call/ok=1208/1208/1208/1205 reject=3 dup/order/stale/dt/nonfinite/norm/queue=0/0/0/3/0/0/0 last_ok_age_us=3641 dt_us=8958 align_samples=199 align_elapsed_us=2004484
HEALTH state=2 health=1 reason=mount_unvalidated mount=0 imu_age_us=3641 imu_gaps=0 reversals=0 covariance=1 finite=1 gnss_age_us=4294967295 tof_age_us=4294967295 obs=1
BNO_TS ACCEL events=1526 unique=90 exact=1 overflow=0 dup=45 reverse=758 rollover=0 sensor_dt_us=-8500/2.75/8400 rx_dt_us=8/7907.86/16655 pair_first=4294959496/3860589 pair_last=4294963696/15920070
BNO_TS GYRO events=1208 unique=64 exact=1 overflow=0 dup=89 reverse=534 rollover=0 sensor_dt_us=-8800/9.11/10000 rx_dt_us=63/9983.49/19583 pair_first=4294953796/3872427 pair_last=4294964796/15922499
BNO_TS MAG events=302 unique=64 exact=1 overflow=0 dup=13 reverse=139 rollover=0 sensor_dt_us=-7700/26.25/8000 rx_dt_us=31453/40025.24/60389 pair_first=4294953796/3872459 pair_last=4294961696/15920057
BNO_VEC ACCEL_SENSOR_AND_ESKF_INPUT events=1526 nonfinite=0 xyz_mean_sd=[-0.271425,0.008837][-0.847628,0.010266][-9.806039,0.022704] xyz_minmax=[-0.312500,-0.238281][-0.882812,-0.808594][-9.855469,-9.734375] norm_mean_sd_minmax=9.846356/0.022661/9.775037/9.895633
BNO_VEC GYRO_SENSOR_AND_ESKF_INPUT events=1208 nonfinite=0 xyz_mean_sd=[-0.000047,0.000799][0.000006,0.000521][0.000002,0.000518] xyz_minmax=[-0.005859,0.007812][-0.003906,0.003906][-0.003906,0.003906] norm_mean_sd_minmax=0.000291/0.001047/0.000000/0.007812
BNO_VEC MAG_SENSOR events=302 nonfinite=0 xyz_mean_sd=[6.991101,0.572018][-21.959230,0.715910][21.941846,0.772827] xyz_minmax=[5.437500,8.312500][-23.937500,-19.625000][19.625000,24.062500] norm_mean_sd_minmax=31.834140/0.743250/29.528919/33.630516
LINK queue/drop/high=1/0/5 tof=367
TXDIAG frames_s=135 bytes_s=18033 total_frames=1615 total_bytes=214684 queue=0 high=5 drops=0 bno_drop=0 partial=0 zero=0 write_calls=29571 max_write_us=0 free_heap=166868 min_free_heap=166868 usage_pct=19.57
BNO_TX kind=1 event=0 req=0 enq=0 drop=0 done=0 bytes=0
BNO_REPORT kind=1 report_id=1 interval_us=10000 requested_hz=100.000 enable_ok=2 enable_fail=0 callback=1550 switch=1527 kind_convert=1527 events=1527 tx_req=0 tx_enq=0 tx_done=0 tx_drop=0 event_drop=0 reset_reconfig=1 effective_hz=126.456
BNO_TX kind=2 event=0 req=0 enq=0 drop=0 done=0 bytes=0
BNO_REPORT kind=2 report_id=2 interval_us=10000 requested_hz=100.000 enable_ok=2 enable_fail=0 callback=1212 switch=1208 kind_convert=1208 events=1208 tx_req=0 tx_enq=0 tx_done=0 tx_drop=0 event_drop=0 reset_reconfig=1 effective_hz=100.165
BNO_TX kind=3 event=0 req=0 enq=0 drop=0 done=0 bytes=0
BNO_REPORT kind=3 report_id=8 interval_us=20000 requested_hz=50.000 enable_ok=2 enable_fail=0 callback=606 switch=604 kind_convert=604 events=604 tx_req=0 tx_enq=0 tx_done=0 tx_drop=0 event_drop=0 reset_reconfig=1 effective_hz=50.051
BNO_TX kind=4 event=0 req=0 enq=0 drop=0 done=0 bytes=0
BNO_REPORT kind=4 report_id=3 interval_us=50000 requested_hz=20.000 enable_ok=2 enable_fail=0 callback=303 switch=302 kind_convert=302 events=302 tx_req=0 tx_enq=0 tx_done=0 tx_drop=0 event_drop=0 reset_reconfig=1 effective_hz=24.984
BNO_TX kind=5 event=0 req=0 enq=0 drop=0 done=0 bytes=0
BNO_REPORT kind=5 report_id=4 interval_us=20000 requested_hz=50.000 enable_ok=2 enable_fail=0 callback=605 switch=604 kind_convert=604 events=604 tx_req=0 tx_enq=0 tx_done=0 tx_drop=0 event_drop=0 reset_reconfig=1 effective_hz=50.018
DIAG state=FAULT dry=1 bno_ready=1 addr=0x4A init/reinit/poll=1/0/2294 event A/G/M=1651/1307/326 age_rx_us=14742/8963/48333
IMU cand/pair/call/ok=1307/1307/1307/1304 reject=3 dup/order/stale/dt/nonfinite/norm/queue=0/0/0/3/0/0/0 last_ok_age_us=8963 dt_us=14884 align_samples=199 align_elapsed_us=2004484
HEALTH state=2 health=1 reason=mount_unvalidated mount=0 imu_age_us=8963 imu_gaps=0 reversals=0 covariance=1 finite=1 gnss_age_us=4294967295 tof_age_us=4294967295 obs=1
BNO_TS ACCEL events=1651 unique=92 exact=1 overflow=0 dup=48 reverse=818 rollover=0 sensor_dt_us=-8500/3.52/8400 rx_dt_us=8/7909.73/19173 pair_first=4294959496/3860589 pair_last=4294965296/16911638
BNO_TS GYRO events=1307 unique=64 exact=1 overflow=0 dup=95 reverse=580 rollover=0 sensor_dt_us=-8800/7.04/10000 rx_dt_us=63/9988.51/19583 pair_first=4294953796/3872427 pair_last=4294962996/16917417
BNO_TS MAG events=326 unique=64 exact=1 overflow=0 dup=13 reverse=151 rollover=0 sensor_dt_us=-7700/26.46/8000 rx_dt_us=31453/40017.19/60389 pair_first=4294953796/3872459 pair_last=4294962396/16878047
BNO_VEC ACCEL_SENSOR_AND_ESKF_INPUT events=1651 nonfinite=0 xyz_mean_sd=[-0.271431,0.008877][-0.847730,0.010304][-9.806095,0.022553] xyz_minmax=[-0.312500,-0.238281][-0.882812,-0.808594][-9.855469,-9.734375] norm_mean_sd_minmax=9.846421/0.022508/9.775037/9.895633
BNO_VEC GYRO_SENSOR_AND_ESKF_INPUT events=1307 nonfinite=0 xyz_mean_sd=[-0.000043,0.000769][0.000006,0.000501][0.000001,0.000498] xyz_minmax=[-0.005859,0.007812][-0.003906,0.003906][-0.003906,0.003906] norm_mean_sd_minmax=0.000269/0.001010/0.000000/0.007812
BNO_VEC MAG_SENSOR events=326 nonfinite=0 xyz_mean_sd=[6.982554,0.572211][-21.969133,0.708102][21.937117,0.765121] xyz_minmax=[5.437500,8.312500][-23.937500,-19.625000][19.625000,24.062500] norm_mean_sd_minmax=31.835546/0.740405/29.528919/33.630516
LINK queue/drop/high=0/0/5 tof=397
TXDIAG frames_s=134 bytes_s=17804 total_frames=1749 total_bytes=232488 queue=0 high=5 drops=0 bno_drop=0 partial=0 zero=0 write_calls=31797 max_write_us=0 free_heap=166868 min_free_heap=166868 usage_pct=19.32
BNO_TX kind=1 event=0 req=0 enq=0 drop=0 done=0 bytes=0
BNO_REPORT kind=1 report_id=1 interval_us=10000 requested_hz=100.000 enable_ok=2 enable_fail=0 callback=1675 switch=1653 kind_convert=1653 events=1653 tx_req=0 tx_enq=0 tx_done=0 tx_drop=0 event_drop=0 reset_reconfig=1 effective_hz=126.410
BNO_TX kind=2 event=0 req=0 enq=0 drop=0 done=0 bytes=0
BNO_REPORT kind=2 report_id=2 interval_us=10000 requested_hz=100.000 enable_ok=2 enable_fail=0 callback=1312 switch=1308 kind_convert=1308 events=1308 tx_req=0 tx_enq=0 tx_done=0 tx_drop=0 event_drop=0 reset_reconfig=1 effective_hz=100.126
BNO_TX kind=3 event=0 req=0 enq=0 drop=0 done=0 bytes=0
BNO_REPORT kind=3 report_id=8 interval_us=20000 requested_hz=50.000 enable_ok=2 enable_fail=0 callback=656 switch=655 kind_convert=655 events=655 tx_req=0 tx_enq=0 tx_done=0 tx_drop=0 event_drop=0 reset_reconfig=1 effective_hz=50.055
BNO_TX kind=4 event=0 req=0 enq=0 drop=0 done=0 bytes=0
BNO_REPORT kind=4 report_id=3 interval_us=50000 requested_hz=20.000 enable_ok=2 enable_fail=0 callback=328 switch=327 kind_convert=327 events=327 tx_req=0 tx_enq=0 tx_done=0 tx_drop=0 event_drop=0 reset_reconfig=1 effective_hz=24.982
BNO_TX kind=5 event=0 req=0 enq=0 drop=0 done=0 bytes=0
BNO_REPORT kind=5 report_id=4 interval_us=20000 requested_hz=50.000 enable_ok=2 enable_fail=0 callback=655 switch=654 kind_convert=654 events=654 tx_req=0 tx_enq=0 tx_done=0 tx_drop=0 event_drop=0 reset_reconfig=1 effective_hz=50.025
DIAG state=FAULT dry=1 bno_ready=1 addr=0x4A init/reinit/poll=1/0/2477 event A/G/M=1779/1409/352 age_rx_us=6054/3161/21780
IMU cand/pair/call/ok=1409/1409/1409/1406 reject=3 dup/order/stale/dt/nonfinite/norm/queue=0/0/0/3/0/0/0 last_ok_age_us=3161 dt_us=7860 align_samples=199 align_elapsed_us=2004484
HEALTH state=2 health=1 reason=mount_unvalidated mount=0 imu_age_us=3161 imu_gaps=0 reversals=0 covariance=1 finite=1 gnss_age_us=4294967295 tof_age_us=4294967295 obs=1
BNO_TS ACCEL events=1779 unique=92 exact=1 overflow=0 dup=51 reverse=885 rollover=0 sensor_dt_us=-8500/1.29/8400 rx_dt_us=8/7913.07/19173 pair_first=4294959496/3860589 pair_last=4294961796/17930026
BNO_TS GYRO events=1409 unique=65 exact=1 overflow=0 dup=98 reverse=623 rollover=0 sensor_dt_us=-8800/7.53/10000 rx_dt_us=63/9986.14/19583 pair_first=4294953796/3872427 pair_last=4294964396/17932919
BNO_TS MAG events=352 unique=67 exact=1 overflow=0 dup=16 reverse=162 rollover=0 sensor_dt_us=-7700/31.91/8000 rx_dt_us=31453/40005.25/60389 pair_first=4294953796/3872459 pair_last=4294964996/17914300
BNO_VEC ACCEL_SENSOR_AND_ESKF_INPUT events=1779 nonfinite=0 xyz_mean_sd=[-0.271516,0.008675][-0.847858,0.010318][-9.806244,0.022689] xyz_minmax=[-0.312500,-0.238281][-0.882812,-0.808594][-9.855469,-9.734375] norm_mean_sd_minmax=9.846583/0.022642/9.775037/9.895633
BNO_VEC GYRO_SENSOR_AND_ESKF_INPUT events=1409 nonfinite=0 xyz_mean_sd=[-0.000040,0.000740][0.000006,0.000482][0.000001,0.000480] xyz_minmax=[-0.005859,0.007812][-0.003906,0.003906][-0.003906,0.003906] norm_mean_sd_minmax=0.000250/0.000975/0.000000/0.007812
BNO_VEC MAG_SENSOR events=352 nonfinite=0 xyz_mean_sd=[6.983132,0.570370][-21.977983,0.706041][21.930575,0.758933] xyz_minmax=[5.437500,8.625000][-23.937500,-19.625000][19.625000,24.062500] norm_mean_sd_minmax=31.836971/0.743690/29.528919/33.630516
LINK queue/drop/high=1/0/5 tof=428
TXDIAG frames_s=134 bytes_s=17958 total_frames=1885 total_bytes=250608 queue=0 high=5 drops=0 bno_drop=0 partial=0 zero=0 write_calls=34101 max_write_us=0 free_heap=166868 min_free_heap=166868 usage_pct=19.49
BNO_TX kind=1 event=0 req=0 enq=0 drop=0 done=0 bytes=0
BNO_REPORT kind=1 report_id=1 interval_us=10000 requested_hz=100.000 enable_ok=2 enable_fail=0 callback=1803 switch=1779 kind_convert=1779 events=1779 tx_req=0 tx_enq=0 tx_done=0 tx_drop=0 event_drop=0 reset_reconfig=1 effective_hz=126.373
BNO_TX kind=2 event=0 req=0 enq=0 drop=0 done=0 bytes=0
BNO_REPORT kind=2 report_id=2 interval_us=10000 requested_hz=100.000 enable_ok=2 enable_fail=0 callback=1412 switch=1409 kind_convert=1409 events=1409 tx_req=0 tx_enq=0 tx_done=0 tx_drop=0 event_drop=0 reset_reconfig=1 effective_hz=100.139
BNO_TX kind=3 event=0 req=0 enq=0 drop=0 done=0 bytes=0
BNO_REPORT kind=3 report_id=8 interval_us=20000 requested_hz=50.000 enable_ok=2 enable_fail=0 callback=706 switch=704 kind_convert=704 events=704 tx_req=0 tx_enq=0 tx_done=0 tx_drop=0 event_drop=0 reset_reconfig=1 effective_hz=50.044
BNO_TX kind=4 event=0 req=0 enq=0 drop=0 done=0 bytes=0
BNO_REPORT kind=4 report_id=3 interval_us=50000 requested_hz=20.000 enable_ok=2 enable_fail=0 callback=353 switch=352 kind_convert=352 events=352 tx_req=0 tx_enq=0 tx_done=0 tx_drop=0 event_drop=0 reset_reconfig=1 effective_hz=24.997
BNO_TX kind=5 event=0 req=0 enq=0 drop=0 done=0 bytes=0
BNO_REPORT kind=5 report_id=4 interval_us=20000 requested_hz=50.000 enable_ok=2 enable_fail=0 callback=706 switch=704 kind_convert=704 events=704 tx_req=0 tx_enq=0 tx_done=0 tx_drop=0 event_drop=0 reset_reconfig=1 effective_hz=50.009
DIAG state=FAULT dry=1 bno_ready=1 addr=0x4A init/reinit/poll=1/0/2660 event A/G/M=1906/1508/377 age_rx_us=5339/9327/17210
IMU cand/pair/call/ok=1508/1508/1508/1505 reject=3 dup/order/stale/dt/nonfinite/norm/queue=0/0/0/3/0/0/0 last_ok_age_us=9327 dt_us=14876 align_samples=199 align_elapsed_us=2004484
HEALTH state=2 health=1 reason=mount_unvalidated mount=0 imu_age_us=9327 imu_gaps=0 reversals=0 covariance=1 finite=1 gnss_age_us=4294967295 tof_age_us=4294967295 obs=1
BNO_TS ACCEL events=1906 unique=93 exact=1 overflow=0 dup=57 reverse=947 rollover=0 sensor_dt_us=-8500/2.68/8400 rx_dt_us=8/7910.96/19173 pair_first=4294959496/3860589 pair_last=4294964596/18930963
BNO_TS GYRO events=1508 unique=65 exact=1 overflow=0 dup=103 reverse=670 rollover=0 sensor_dt_us=-8800/5.71/10000 rx_dt_us=63/9989.75/19583 pair_first=4294953796/3872427 pair_last=4294962396/18926975
BNO_TS MAG events=377 unique=67 exact=1 overflow=0 dup=16 reverse=175 rollover=0 sensor_dt_us=-7700/21.81/8000 rx_dt_us=31453/40017.64/60389 pair_first=4294953796/3872459 pair_last=4294961996/18919092
BNO_VEC ACCEL_SENSOR_AND_ESKF_INPUT events=1906 nonfinite=0 xyz_mean_sd=[-0.271497,0.008667][-0.847789,0.010542][-9.806124,0.022836] xyz_minmax=[-0.312500,-0.238281][-0.882812,-0.808594][-9.855469,-9.734375] norm_mean_sd_minmax=9.846457/0.022794/9.775037/9.895633
BNO_VEC GYRO_SENSOR_AND_ESKF_INPUT events=1508 nonfinite=0 xyz_mean_sd=[-0.000038,0.000716][0.000005,0.000466][0.000001,0.000464] xyz_minmax=[-0.005859,0.007812][-0.003906,0.003906][-0.003906,0.003906] norm_mean_sd_minmax=0.000233/0.000944/0.000000/0.007812
BNO_VEC MAG_SENSOR events=377 nonfinite=0 xyz_mean_sd=[6.990550,0.563966][-21.985577,0.708080][21.939821,0.766936] xyz_minmax=[5.437500,8.625000][-23.937500,-19.625000][19.625000,24.500000] norm_mean_sd_minmax=31.850285/0.745730/29.528919/33.717693
LINK queue/drop/high=0/0/5 tof=458
TXDIAG frames_s=134 bytes_s=17761 total_frames=2019 total_bytes=268352 queue=0 high=5 drops=0 bno_drop=0 partial=0 zero=0 write_calls=36223 max_write_us=0 free_heap=166868 min_free_heap=166868 usage_pct=19.27
BNO_TX kind=1 event=0 req=0 enq=0 drop=0 done=0 bytes=0
BNO_REPORT kind=1 report_id=1 interval_us=10000 requested_hz=100.000 enable_ok=2 enable_fail=0 callback=1929 switch=1907 kind_convert=1907 events=1907 tx_req=0 tx_enq=0 tx_done=0 tx_drop=0 event_drop=0 reset_reconfig=1 effective_hz=126.408
BNO_TX kind=2 event=0 req=0 enq=0 drop=0 done=0 bytes=0
BNO_REPORT kind=2 report_id=2 interval_us=10000 requested_hz=100.000 enable_ok=2 enable_fail=0 callback=1513 switch=1509 kind_convert=1509 events=1509 tx_req=0 tx_enq=0 tx_done=0 tx_drop=0 event_drop=0 reset_reconfig=1 effective_hz=100.112
BNO_TX kind=3 event=0 req=0 enq=0 drop=0 done=0 bytes=0
BNO_REPORT kind=3 report_id=8 interval_us=20000 requested_hz=50.000 enable_ok=2 enable_fail=0 callback=756 switch=755 kind_convert=755 events=755 tx_req=0 tx_enq=0 tx_done=0 tx_drop=0 event_drop=0 reset_reconfig=1 effective_hz=50.056
BNO_TX kind=4 event=0 req=0 enq=0 drop=0 done=0 bytes=0
BNO_REPORT kind=4 report_id=3 interval_us=50000 requested_hz=20.000 enable_ok=2 enable_fail=0 callback=378 switch=377 kind_convert=377 events=377 tx_req=0 tx_enq=0 tx_done=0 tx_drop=0 event_drop=0 reset_reconfig=1 effective_hz=24.989
BNO_TX kind=5 event=0 req=0 enq=0 drop=0 done=0 bytes=0
BNO_REPORT kind=5 report_id=4 interval_us=20000 requested_hz=50.000 enable_ok=2 enable_fail=0 callback=756 switch=755 kind_convert=755 events=755 tx_req=0 tx_enq=0 tx_done=0 tx_drop=0 event_drop=0 reset_reconfig=1 effective_hz=50.010
DIAG state=FAULT dry=1 bno_ready=1 addr=0x4A init/reinit/poll=1/0/2841 event A/G/M=2033/1610/402 age_rx_us=6890/3617/29476
IMU cand/pair/call/ok=1610/1610/1610/1607 reject=3 dup/order/stale/dt/nonfinite/norm/queue=0/0/0/3/0/0/0 last_ok_age_us=3617 dt_us=8991 align_samples=199 align_elapsed_us=2004484
HEALTH state=2 health=1 reason=mount_unvalidated mount=0 imu_age_us=3617 imu_gaps=0 reversals=0 covariance=1 finite=1 gnss_age_us=4294967295 tof_age_us=4294967295 obs=1
BNO_TS ACCEL events=2033 unique=94 exact=1 overflow=0 dup=64 reverse=1013 rollover=0 sensor_dt_us=-8500/2.12/8400 rx_dt_us=8/7912.23/19173 pair_first=4294959496/3860589 pair_last=4294963796/19938241
BNO_TS GYRO events=1610 unique=65 exact=1 overflow=0 dup=108 reverse=714 rollover=0 sensor_dt_us=-8800/6.96/10000 rx_dt_us=63/9987.00/19583 pair_first=4294953796/3872427 pair_last=4294964996/19941514
BNO_TS MAG events=402 unique=68 exact=1 overflow=0 dup=19 reverse=186 rollover=0 sensor_dt_us=-7700/25.19/8000 rx_dt_us=31453/40007.97/60389 pair_first=4294953796/3872459 pair_last=4294963896/19915655
BNO_VEC ACCEL_SENSOR_AND_ESKF_INPUT events=2033 nonfinite=0 xyz_mean_sd=[-0.271480,0.008659][-0.847812,0.010398][-9.806092,0.022776] xyz_minmax=[-0.312500,-0.238281][-0.882812,-0.808594][-9.855469,-9.734375] norm_mean_sd_minmax=9.846426/0.022731/9.775037/9.895633
BNO_VEC GYRO_SENSOR_AND_ESKF_INPUT events=1610 nonfinite=0 xyz_mean_sd=[-0.000035,0.000693][0.000005,0.000451][0.000001,0.000449] xyz_minmax=[-0.005859,0.007812][-0.003906,0.003906][-0.003906,0.003906] norm_mean_sd_minmax=0.000218/0.000916/0.000000/0.007812
BNO_VEC MAG_SENSOR events=402 nonfinite=0 xyz_mean_sd=[7.001244,0.562948][-21.996891,0.701886][21.961132,0.767902] xyz_minmax=[5.437500,8.625000][-23.937500,-19.625000][19.625000,24.500000] norm_mean_sd_minmax=31.874962/0.746947/29.528919/33.717693
LINK queue/drop/high=1/0/5 tof=489
TXDIAG frames_s=131 bytes_s=17649 total_frames=2152 total_bytes=286196 queue=0 high=5 drops=0 bno_drop=0 partial=0 zero=0 write_calls=38533 max_write_us=0 free_heap=166868 min_free_heap=166868 usage_pct=19.15
BNO_TX kind=1 event=0 req=0 enq=0 drop=0 done=0 bytes=0
BNO_REPORT kind=1 report_id=1 interval_us=10000 requested_hz=100.000 enable_ok=2 enable_fail=0 callback=2057 switch=2034 kind_convert=2034 events=2034 tx_req=0 tx_enq=0 tx_done=0 tx_drop=0 event_drop=0 reset_reconfig=1 effective_hz=126.380
BNO_TX kind=2 event=0 req=0 enq=0 drop=0 done=0 bytes=0
BNO_REPORT kind=2 report_id=2 interval_us=10000 requested_hz=100.000 enable_ok=2 enable_fail=0 callback=1614 switch=1610 kind_convert=1610 events=1610 tx_req=0 tx_enq=0 tx_done=0 tx_drop=0 event_drop=0 reset_reconfig=1 effective_hz=100.130
BNO_TX kind=3 event=0 req=0 enq=0 drop=0 done=0 bytes=0
BNO_REPORT kind=3 report_id=8 interval_us=20000 requested_hz=50.000 enable_ok=2 enable_fail=0 callback=807 switch=805 kind_convert=805 events=805 tx_req=0 tx_enq=0 tx_done=0 tx_drop=0 event_drop=0 reset_reconfig=1 effective_hz=50.044
BNO_TX kind=4 event=0 req=0 enq=0 drop=0 done=0 bytes=0
BNO_REPORT kind=4 report_id=3 interval_us=50000 requested_hz=20.000 enable_ok=2 enable_fail=0 callback=403 switch=402 kind_convert=402 events=402 tx_req=0 tx_enq=0 tx_done=0 tx_drop=0 event_drop=0 reset_reconfig=1 effective_hz=24.995
BNO_TX kind=5 event=0 req=0 enq=0 drop=0 done=0 bytes=0
BNO_REPORT kind=5 report_id=4 interval_us=20000 requested_hz=50.000 enable_ok=2 enable_fail=0 callback=806 switch=805 kind_convert=805 events=805 tx_req=0 tx_enq=0 tx_done=0 tx_drop=0 event_drop=0 reset_reconfig=1 effective_hz=50.017
DIAG state=FAULT dry=1 bno_ready=1 addr=0x4A init/reinit/poll=1/0/3021 event A/G/M=2160/1710/427 age_rx_us=2443/2426/34262
IMU cand/pair/call/ok=1710/1710/1710/1707 reject=3 dup/order/stale/dt/nonfinite/norm/queue=0/0/0/3/0/0/0 last_ok_age_us=2426 dt_us=10738 align_samples=199 align_elapsed_us=2004484
HEALTH state=2 health=1 reason=mount_unvalidated mount=0 imu_age_us=2426 imu_gaps=0 reversals=0 covariance=1 finite=1 gnss_age_us=4294967295 tof_age_us=4294967295 obs=1
BNO_TS ACCEL events=2160 unique=95 exact=1 overflow=0 dup=69 reverse=1073 rollover=0 sensor_dt_us=-8500/1.25/8400 rx_dt_us=8/7912.10/19173 pair_first=4294959496/3860589 pair_last=4294962196/20942817
BNO_TS GYRO events=1710 unique=66 exact=1 overflow=0 dup=115 reverse=757 rollover=0 sensor_dt_us=-8800/6.32/10000 rx_dt_us=63/9988.54/19583 pair_first=4294953796/3872427 pair_last=4294964596/20942834
BNO_TS MAG events=427 unique=69 exact=1 overflow=0 dup=21 reverse=197 rollover=0 sensor_dt_us=-7700/26.76/8000 rx_dt_us=31453/39996.57/60389 pair_first=4294953796/3872459 pair_last=4294965196/20910998
BNO_VEC ACCEL_SENSOR_AND_ESKF_INPUT events=2160 nonfinite=0 xyz_mean_sd=[-0.271497,0.008594][-0.847917,0.010282][-9.806075,0.022855] xyz_minmax=[-0.312500,-0.238281][-0.882812,-0.808594][-9.855469,-9.734375] norm_mean_sd_minmax=9.846418/0.022809/9.775037/9.895633
BNO_VEC GYRO_SENSOR_AND_ESKF_INPUT events=1710 nonfinite=0 xyz_mean_sd=[-0.000033,0.000672][0.000005,0.000438][0.000001,0.000435] xyz_minmax=[-0.005859,0.007812][-0.003906,0.003906][-0.003906,0.003906] norm_mean_sd_minmax=0.000206/0.000890/0.000000/0.007812
BNO_VEC MAG_SENSOR events=427 nonfinite=0 xyz_mean_sd=[7.010392,0.564790][-22.010831,0.706428][21.949649,0.761613] xyz_minmax=[5.437500,8.625000][-23.937500,-19.625000][19.625000,24.500000] norm_mean_sd_minmax=31.878879/0.737918/29.528919/33.717693
LINK queue/drop/high=0/0/5 tof=519
TXDIAG frames_s=133 bytes_s=17708 total_frames=2285 total_bytes=303904 queue=0 high=5 drops=0 bno_drop=0 partial=0 zero=0 write_calls=41122 max_write_us=0 free_heap=166868 min_free_heap=166868 usage_pct=19.21
BNO_TX kind=1 event=0 req=0 enq=0 drop=0 done=0 bytes=0
BNO_REPORT kind=1 report_id=1 interval_us=10000 requested_hz=100.000 enable_ok=2 enable_fail=0 callback=2183 switch=2161 kind_convert=2161 events=2161 tx_req=0 tx_enq=0 tx_done=0 tx_drop=0 event_drop=0 reset_reconfig=1 effective_hz=126.408
BNO_TX kind=2 event=0 req=0 enq=0 drop=0 done=0 bytes=0
BNO_REPORT kind=2 report_id=2 interval_us=10000 requested_hz=100.000 enable_ok=2 enable_fail=0 callback=1714 switch=1710 kind_convert=1710 events=1710 tx_req=0 tx_enq=0 tx_done=0 tx_drop=0 event_drop=0 reset_reconfig=1 effective_hz=100.115
BNO_TX kind=3 event=0 req=0 enq=0 drop=0 done=0 bytes=0
BNO_REPORT kind=3 report_id=8 interval_us=20000 requested_hz=50.000 enable_ok=2 enable_fail=0 callback=857 switch=855 kind_convert=855 events=855 tx_req=0 tx_enq=0 tx_done=0 tx_drop=0 event_drop=0 reset_reconfig=1 effective_hz=50.038
BNO_TX kind=4 event=0 req=0 enq=0 drop=0 done=0 bytes=0
BNO_REPORT kind=4 report_id=3 interval_us=50000 requested_hz=20.000 enable_ok=2 enable_fail=0 callback=429 switch=428 kind_convert=428 events=428 tx_req=0 tx_enq=0 tx_done=0 tx_drop=0 event_drop=0 reset_reconfig=1 effective_hz=24.993
BNO_TX kind=5 event=0 req=0 enq=0 drop=0 done=0 bytes=0
BNO_REPORT kind=5 report_id=4 interval_us=20000 requested_hz=50.000 enable_ok=2 enable_fail=0 callback=856 switch=855 kind_convert=855 events=855 tx_req=0 tx_enq=0 tx_done=0 tx_drop=0 event_drop=0 reset_reconfig=1 effective_hz=50.013
DIAG state=FAULT dry=1 bno_ready=1 addr=0x4A init/reinit/poll=1/0/3195 event A/G/M=2287/1811/452 age_rx_us=8227/3975/37129
IMU cand/pair/call/ok=1811/1811/1811/1808 reject=3 dup/order/stale/dt/nonfinite/norm/queue=0/0/0/3/0/0/0 last_ok_age_us=3975 dt_us=9205 align_samples=199 align_elapsed_us=2004484
HEALTH state=2 health=1 reason=mount_unvalidated mount=0 imu_age_us=3975 imu_gaps=0 reversals=0 covariance=1 finite=1 gnss_age_us=4294967295 tof_age_us=4294967295 obs=1
BNO_TS ACCEL events=2287 unique=95 exact=1 overflow=0 dup=74 reverse=1135 rollover=0 sensor_dt_us=-8500/1.92/8400 rx_dt_us=8/7911.79/19173 pair_first=4294959496/3860589 pair_last=4294963896/21946937
BNO_TS GYRO events=1811 unique=69 exact=1 overflow=0 dup=123 reverse=799 rollover=0 sensor_dt_us=-8800/6.30/10000 rx_dt_us=63/9988.27/19583 pair_first=4294953796/3872427 pair_last=4294965196/21951189
BNO_TS MAG events=452 unique=69 exact=1 overflow=0 dup=21 reverse=210 rollover=0 sensor_dt_us=-7700/18.63/8000 rx_dt_us=31453/40012.36/60389 pair_first=4294953796/3872459 pair_last=4294962196/21918035
BNO_VEC ACCEL_SENSOR_AND_ESKF_INPUT events=2287 nonfinite=0 xyz_mean_sd=[-0.271560,0.008521][-0.847880,0.010206][-9.805963,0.022881] xyz_minmax=[-0.312500,-0.238281][-0.882812,-0.808594][-9.855469,-9.734375] norm_mean_sd_minmax=9.846306/0.022833/9.775037/9.895633
BNO_VEC GYRO_SENSOR_AND_ESKF_INPUT events=1811 nonfinite=0 xyz_mean_sd=[-0.000031,0.000653][0.000004,0.000426][0.000001,0.000423] xyz_minmax=[-0.005859,0.007812][-0.003906,0.003906][-0.003906,0.003906] norm_mean_sd_minmax=0.000194/0.000866/0.000000/0.007812
BNO_VEC MAG_SENSOR events=452 nonfinite=0 xyz_mean_sd=[7.006637,0.559843][-22.020879,0.712698][21.943031,0.755353] xyz_minmax=[5.437500,8.625000][-23.937500,-19.625000][19.625000,24.500000] norm_mean_sd_minmax=31.880312/0.739123/29.528919/33.717693
LINK queue/drop/high=1/0/5 tof=550
TXDIAG frames_s=134 bytes_s=17831 total_frames=2421 total_bytes=321896 queue=0 high=5 drops=0 bno_drop=0 partial=0 zero=0 write_calls=44217 max_write_us=0 free_heap=166868 min_free_heap=166868 usage_pct=19.35
BNO_TX kind=1 event=0 req=0 enq=0 drop=0 done=0 bytes=0
BNO_REPORT kind=1 report_id=1 interval_us=10000 requested_hz=100.000 enable_ok=2 enable_fail=0 callback=2311 switch=2287 kind_convert=2287 events=2287 tx_req=0 tx_enq=0 tx_done=0 tx_drop=0 event_drop=0 reset_reconfig=1 effective_hz=126.394
BNO_TX kind=2 event=0 req=0 enq=0 drop=0 done=0 bytes=0
BNO_REPORT kind=2 report_id=2 interval_us=10000 requested_hz=100.000 enable_ok=2 enable_fail=0 callback=1815 switch=1811 kind_convert=1811 events=1811 tx_req=0 tx_enq=0 tx_done=0 tx_drop=0 event_drop=0 reset_reconfig=1 effective_hz=100.117
BNO_TX kind=3 event=0 req=0 enq=0 drop=0 done=0 bytes=0
BNO_REPORT kind=3 report_id=8 interval_us=20000 requested_hz=50.000 enable_ok=2 enable_fail=0 callback=907 switch=905 kind_convert=905 events=905 tx_req=0 tx_enq=0 tx_done=0 tx_drop=0 event_drop=0 reset_reconfig=1 effective_hz=50.049
BNO_TX kind=4 event=0 req=0 enq=0 drop=0 done=0 bytes=0
BNO_REPORT kind=4 report_id=3 interval_us=50000 requested_hz=20.000 enable_ok=2 enable_fail=0 callback=454 switch=452 kind_convert=452 events=452 tx_req=0 tx_enq=0 tx_done=0 tx_drop=0 event_drop=0 reset_reconfig=1 effective_hz=24.992
BNO_TX kind=5 event=0 req=0 enq=0 drop=0 done=0 bytes=0
BNO_REPORT kind=5 report_id=4 interval_us=20000 requested_hz=50.000 enable_ok=2 enable_fail=0 callback=907 switch=905 kind_convert=905 events=905 tx_req=0 tx_enq=0 tx_done=0 tx_drop=0 event_drop=0 reset_reconfig=1 effective_hz=50.015
DIAG state=FAULT dry=1 bno_ready=1 addr=0x4A init/reinit/poll=1/0/3354 event A/G/M=2413/1910/477 age_rx_us=12361/12327/41176
IMU cand/pair/call/ok=1910/1910/1910/1907 reject=3 dup/order/stale/dt/nonfinite/norm/queue=0/0/0/3/0/0/0 last_ok_age_us=12327 dt_us=8973 align_samples=199 align_elapsed_us=2004484
HEALTH state=2 health=0 reason=imu_stale mount=0 imu_age_us=4294967295 imu_gaps=0 reversals=0 covariance=1 finite=1 gnss_age_us=4294967295 tof_age_us=4294967295 obs=1
BNO_TS ACCEL events=2413 unique=95 exact=1 overflow=0 dup=77 reverse=1202 rollover=0 sensor_dt_us=-8500/2.03/8400 rx_dt_us=8/7911.41/19173 pair_first=4294959496/3860589 pair_last=4294964396/22942911
BNO_TS GYRO events=1910 unique=71 exact=1 overflow=0 dup=128 reverse=839 rollover=0 sensor_dt_us=-8800/5.55/10000 rx_dt_us=63/9989.79/19583 pair_first=4294953796/3872427 pair_last=4294964396/22942945
BNO_TS MAG events=477 unique=69 exact=1 overflow=0 dup=22 reverse=219 rollover=0 sensor_dt_us=-7700/21.22/8000 rx_dt_us=31453/40003.44/60389 pair_first=4294953796/3872459 pair_last=4294963896/22914096
BNO_VEC ACCEL_SENSOR_AND_ESKF_INPUT events=2413 nonfinite=0 xyz_mean_sd=[-0.271556,0.008497][-0.847906,0.010238][-9.805693,0.022920] xyz_minmax=[-0.312500,-0.238281][-0.882812,-0.808594][-9.855469,-9.734375] norm_mean_sd_minmax=9.846038/0.022869/9.775037/9.895633
BNO_VEC GYRO_SENSOR_AND_ESKF_INPUT events=1910 nonfinite=0 xyz_mean_sd=[-0.000030,0.000636][0.000004,0.000414][0.000001,0.000412] xyz_minmax=[-0.005859,0.007812][-0.003906,0.003906][-0.003906,0.003906] norm_mean_sd_minmax=0.000184/0.000844/0.000000/0.007812
BNO_VEC MAG_SENSOR events=477 nonfinite=0 xyz_mean_sd=[7.009041,0.560502][-22.025157,0.714519][21.936845,0.754718] xyz_minmax=[5.437500,8.625000][-23.937500,-19.625000][19.625000,24.500000] norm_mean_sd_minmax=31.879474/0.743521/29.528919/33.717693
LINK queue/drop/high=0/0/5 tof=580
TXDIAG frames_s=134 bytes_s=17858 total_frames=2556 total_bytes=339772 queue=0 high=5 drops=0 bno_drop=0 partial=0 zero=0 write_calls=47014 max_write_us=0 free_heap=166868 min_free_heap=166868 usage_pct=19.38
BNO_TX kind=1 event=0 req=0 enq=0 drop=0 done=0 bytes=0
BNO_REPORT kind=1 report_id=1 interval_us=10000 requested_hz=100.000 enable_ok=2 enable_fail=0 callback=2438 switch=2415 kind_convert=2415 events=2415 tx_req=0 tx_enq=0 tx_done=0 tx_drop=0 event_drop=0 reset_reconfig=1 effective_hz=126.390
BNO_TX kind=2 event=0 req=0 enq=0 drop=0 done=0 bytes=0
BNO_REPORT kind=2 report_id=2 interval_us=10000 requested_hz=100.000 enable_ok=2 enable_fail=0 callback=1915 switch=1912 kind_convert=1912 events=1912 tx_req=0 tx_enq=0 tx_done=0 tx_drop=0 event_drop=0 reset_reconfig=1 effective_hz=100.087
BNO_TX kind=3 event=0 req=0 enq=0 drop=0 done=0 bytes=0
BNO_REPORT kind=3 report_id=8 interval_us=20000 requested_hz=50.000 enable_ok=2 enable_fail=0 callback=957 switch=956 kind_convert=956 events=956 tx_req=0 tx_enq=0 tx_done=0 tx_drop=0 event_drop=0 reset_reconfig=1 effective_hz=50.043
BNO_TX kind=4 event=0 req=0 enq=0 drop=0 done=0 bytes=0
BNO_REPORT kind=4 report_id=3 interval_us=50000 requested_hz=20.000 enable_ok=2 enable_fail=0 callback=479 switch=478 kind_convert=478 events=478 tx_req=0 tx_enq=0 tx_done=0 tx_drop=0 event_drop=0 reset_reconfig=1 effective_hz=24.995
BNO_TX kind=5 event=0 req=0 enq=0 drop=0 done=0 bytes=0
BNO_REPORT kind=5 report_id=4 interval_us=20000 requested_hz=50.000 enable_ok=2 enable_fail=0 callback=957 switch=956 kind_convert=956 events=956 tx_req=0 tx_enq=0 tx_done=0 tx_drop=0 event_drop=0 reset_reconfig=1 effective_hz=50.017
DIAG state=FAULT dry=1 bno_ready=1 addr=0x4A init/reinit/poll=1/0/3532 event A/G/M=2541/2012/503 age_rx_us=7049/3194/12874
IMU cand/pair/call/ok=2012/2012/2012/2009 reject=3 dup/order/stale/dt/nonfinite/norm/queue=0/0/0/3/0/0/0 last_ok_age_us=3194 dt_us=3884 align_samples=199 align_elapsed_us=2004484
HEALTH state=2 health=1 reason=mount_unvalidated mount=0 imu_age_us=3194 imu_gaps=0 reversals=0 covariance=1 finite=1 gnss_age_us=4294967295 tof_age_us=4294967295 obs=1
BNO_TS ACCEL events=2541 unique=96 exact=1 overflow=0 dup=79 reverse=1270 rollover=0 sensor_dt_us=-8500/2.01/8400 rx_dt_us=8/7912.02/19173 pair_first=4294959496/3860589 pair_last=4294964596/23957111
BNO_TS GYRO events=2012 unique=72 exact=1 overflow=0 dup=134 reverse=880 rollover=0 sensor_dt_us=-8800/5.57/10000 rx_dt_us=63/9989.33/19583 pair_first=4294953796/3872427 pair_last=4294964996/23960966
BNO_TS MAG events=503 unique=69 exact=1 overflow=0 dup=22 reverse=229 rollover=0 sensor_dt_us=-7700/22.91/8000 rx_dt_us=31453/39997.66/60389 pair_first=4294953796/3872459 pair_last=4294965296/23951286
BNO_VEC ACCEL_SENSOR_AND_ESKF_INPUT events=2541 nonfinite=0 xyz_mean_sd=[-0.271540,0.008498][-0.847888,0.010139][-9.805704,0.023081] xyz_minmax=[-0.312500,-0.238281][-0.882812,-0.808594][-9.855469,-9.734375] norm_mean_sd_minmax=9.846047/0.023025/9.775037/9.895633
BNO_VEC GYRO_SENSOR_AND_ESKF_INPUT events=2012 nonfinite=0 xyz_mean_sd=[-0.000028,0.000620][0.000004,0.000404][0.000001,0.000401] xyz_minmax=[-0.005859,0.007812][-0.003906,0.003906][-0.003906,0.003906] norm_mean_sd_minmax=0.000175/0.000824/0.000000/0.007812
BNO_VEC MAG_SENSOR events=503 nonfinite=0 xyz_mean_sd=[7.016402,0.555822][-22.034170,0.720471][21.937251,0.753203] xyz_minmax=[5.437500,8.625000][-23.937500,-19.625000][19.625000,24.500000] norm_mean_sd_minmax=31.887642/0.742413/29.528919/33.717693
LINK queue/drop/high=1/0/5 tof=611
TXDIAG frames_s=131 bytes_s=17684 total_frames=2689 total_bytes=357616 queue=0 high=5 drops=0 bno_drop=0 partial=0 zero=0 write_calls=49394 max_write_us=0 free_heap=166720 min_free_heap=166868 usage_pct=19.19
BNO_TX kind=1 event=0 req=0 enq=0 drop=0 done=0 bytes=0
BNO_REPORT kind=1 report_id=1 interval_us=10000 requested_hz=100.000 enable_ok=2 enable_fail=0 callback=2565 switch=2543 kind_convert=2543 events=2543 tx_req=0 tx_enq=0 tx_done=0 tx_drop=0 event_drop=0 reset_reconfig=1 effective_hz=126.415
BNO_TX kind=2 event=0 req=0 enq=0 drop=0 done=0 bytes=0
BNO_REPORT kind=2 report_id=2 interval_us=10000 requested_hz=100.000 enable_ok=2 enable_fail=0 callback=2016 switch=2013 kind_convert=2013 events=2013 tx_req=0 tx_enq=0 tx_done=0 tx_drop=0 event_drop=0 reset_reconfig=1 effective_hz=100.099
BNO_TX kind=3 event=0 req=0 enq=0 drop=0 done=0 bytes=0
BNO_REPORT kind=3 report_id=8 interval_us=20000 requested_hz=50.000 enable_ok=2 enable_fail=0 callback=1008 switch=1007 kind_convert=1007 events=1007 tx_req=0 tx_enq=0 tx_done=0 tx_drop=0 event_drop=0 reset_reconfig=1 effective_hz=50.049
BNO_TX kind=4 event=0 req=0 enq=0 drop=0 done=0 bytes=0
BNO_REPORT kind=4 report_id=3 interval_us=50000 requested_hz=20.000 enable_ok=2 enable_fail=0 callback=504 switch=503 kind_convert=503 events=503 tx_req=0 tx_enq=0 tx_done=0 tx_drop=0 event_drop=0 reset_reconfig=1 effective_hz=25.001
BNO_TX kind=5 event=0 req=0 enq=0 drop=0 done=0 bytes=0
BNO_REPORT kind=5 report_id=4 interval_us=20000 requested_hz=50.000 enable_ok=2 enable_fail=0 callback=1007 switch=1006 kind_convert=1006 events=1006 tx_req=0 tx_enq=0 tx_done=0 tx_drop=0 event_drop=0 reset_reconfig=1 effective_hz=50.016
DIAG state=FAULT dry=1 bno_ready=1 addr=0x4A init/reinit/poll=1/0/3698 event A/G/M=2668/2112/528 age_rx_us=5712/1282/8278
IMU cand/pair/call/ok=2112/2112/2112/2109 reject=3 dup/order/stale/dt/nonfinite/norm/queue=0/0/0/3/0/0/0 last_ok_age_us=1282 dt_us=6955 align_samples=199 align_elapsed_us=2004484
HEALTH state=2 health=1 reason=mount_unvalidated mount=0 imu_age_us=1282 imu_gaps=0 reversals=0 covariance=1 finite=1 gnss_age_us=4294967295 tof_age_us=4294967295 obs=1
BNO_TS ACCEL events=2668 unique=96 exact=1 overflow=0 dup=84 reverse=1327 rollover=0 sensor_dt_us=-8500/1.84/8400 rx_dt_us=8/7910.79/19173 pair_first=4294959496/3860589 pair_last=4294964396/24958679
BNO_TS GYRO events=2112 unique=72 exact=1 overflow=0 dup=138 reverse=922 rollover=0 sensor_dt_us=-8800/4.78/10000 rx_dt_us=63/9990.85/19583 pair_first=4294953796/3872427 pair_last=4294963896/24963109
BNO_TS MAG events=528 unique=69 exact=1 overflow=0 dup=23 reverse=243 rollover=0 sensor_dt_us=-7700/16.70/8000 rx_dt_us=31453/40006.93/60389 pair_first=4294953796/3872459 pair_last=4294962596/24956113
BNO_VEC ACCEL_SENSOR_AND_ESKF_INPUT events=2668 nonfinite=0 xyz_mean_sd=[-0.271593,0.008440][-0.847882,0.010227][-9.805712,0.023013] xyz_minmax=[-0.312500,-0.238281][-0.882812,-0.808594][-9.855469,-9.734375] norm_mean_sd_minmax=9.846057/0.022959/9.775037/9.895633
BNO_VEC GYRO_SENSOR_AND_ESKF_INPUT events=2112 nonfinite=0 xyz_mean_sd=[-0.000027,0.000605][0.000004,0.000394][0.000001,0.000392] xyz_minmax=[-0.005859,0.007812][-0.003906,0.003906][-0.003906,0.003906] norm_mean_sd_minmax=0.000167/0.000805/0.000000/0.007812
BNO_VEC MAG_SENSOR events=528 nonfinite=0 xyz_mean_sd=[7.030185,0.560153][-22.025923,0.726562][21.943419,0.751327] xyz_minmax=[5.437500,8.625000][-23.937500,-19.625000][19.625000,24.500000] norm_mean_sd_minmax=31.889542/0.735978/29.528919/33.717693
LINK queue/drop/high=1/0/5 tof=641
TXDIAG frames_s=132 bytes_s=17577 total_frames=2821 total_bytes=375176 queue=0 high=5 drops=0 bno_drop=0 partial=0 zero=0 write_calls=52089 max_write_us=0 free_heap=166720 min_free_heap=166720 usage_pct=19.07
BNO_TX kind=1 event=0 req=0 enq=0 drop=0 done=0 bytes=0
BNO_REPORT kind=1 report_id=1 interval_us=10000 requested_hz=100.000 enable_ok=2 enable_fail=0 callback=2691 switch=2668 kind_convert=2668 events=2668 tx_req=0 tx_enq=0 tx_done=0 tx_drop=0 event_drop=0 reset_reconfig=1 effective_hz=126.410
BNO_TX kind=2 event=0 req=0 enq=0 drop=0 done=0 bytes=0
BNO_REPORT kind=2 report_id=2 interval_us=10000 requested_hz=100.000 enable_ok=2 enable_fail=0 callback=2116 switch=2112 kind_convert=2112 events=2112 tx_req=0 tx_enq=0 tx_done=0 tx_drop=0 event_drop=0 reset_reconfig=1 effective_hz=100.092
BNO_TX kind=3 event=0 req=0 enq=0 drop=0 done=0 bytes=0
BNO_REPORT kind=3 report_id=8 interval_us=20000 requested_hz=50.000 enable_ok=2 enable_fail=0 callback=1058 switch=1056 kind_convert=1056 events=1056 tx_req=0 tx_enq=0 tx_done=0 tx_drop=0 event_drop=0 reset_reconfig=1 effective_hz=50.039
BNO_TX kind=4 event=0 req=0 enq=0 drop=0 done=0 bytes=0
BNO_REPORT kind=4 report_id=3 interval_us=50000 requested_hz=20.000 enable_ok=2 enable_fail=0 callback=529 switch=528 kind_convert=528 events=528 tx_req=0 tx_enq=0 tx_done=0 tx_drop=0 event_drop=0 reset_reconfig=1 effective_hz=24.996
BNO_TX kind=5 event=0 req=0 enq=0 drop=0 done=0 bytes=0
BNO_REPORT kind=5 report_id=4 interval_us=20000 requested_hz=50.000 enable_ok=2 enable_fail=0 callback=1057 switch=1056 kind_convert=1056 events=1056 tx_req=0 tx_enq=0 tx_done=0 tx_drop=0 event_drop=0 reset_reconfig=1 effective_hz=50.009
DIAG state=FAULT dry=1 bno_ready=1 addr=0x4A init/reinit/poll=1/0/3877 event A/G/M=2795/2213/553 age_rx_us=7184/2782/22227
IMU cand/pair/call/ok=2213/2213/2213/2210 reject=3 dup/order/stale/dt/nonfinite/norm/queue=0/0/0/3/0/0/0 last_ok_age_us=2782 dt_us=9853 align_samples=199 align_elapsed_us=2004484
HEALTH state=2 health=1 reason=mount_unvalidated mount=0 imu_age_us=2782 imu_gaps=0 reversals=0 covariance=1 finite=1 gnss_age_us=4294967295 tof_age_us=4294967295 obs=1
BNO_TS ACCEL events=2795 unique=96 exact=1 overflow=0 dup=88 reverse=1395 rollover=0 sensor_dt_us=-8500/1.97/8400 rx_dt_us=8/7911.74/19173 pair_first=4294959496/3860589 pair_last=4294964996/25965987
BNO_TS GYRO events=2213 unique=72 exact=1 overflow=0 dup=145 reverse=964 rollover=0 sensor_dt_us=-8800/4.88/10000 rx_dt_us=63/9990.04/19583 pair_first=4294953796/3872427 pair_last=4294964596/25970389
BNO_TS MAG events=553 unique=70 exact=1 overflow=0 dup=23 reverse=256 rollover=0 sensor_dt_us=-7700/18.66/8000 rx_dt_us=31453/39997.26/60389 pair_first=4294953796/3872459 pair_last=4294964096/25950944
BNO_VEC ACCEL_SENSOR_AND_ESKF_INPUT events=2795 nonfinite=0 xyz_mean_sd=[-0.271614,0.008374][-0.847891,0.010231][-9.805733,0.023075] xyz_minmax=[-0.312500,-0.238281][-0.882812,-0.808594][-9.855469,-9.734375] norm_mean_sd_minmax=9.846079/0.023018/9.775037/9.895633
BNO_VEC GYRO_SENSOR_AND_ESKF_INPUT events=2213 nonfinite=0 xyz_mean_sd=[-0.000026,0.000591][0.000004,0.000385][0.000001,0.000383] xyz_minmax=[-0.005859,0.007812][-0.003906,0.003906][-0.003906,0.003906] norm_mean_sd_minmax=0.000159/0.000787/0.000000/0.007812
BNO_VEC MAG_SENSOR events=553 nonfinite=0 xyz_mean_sd=[7.029950,0.567171][-22.038879,0.718631][21.947559,0.745526] xyz_minmax=[5.437500,8.625000][-23.937500,-19.625000][19.625000,24.500000] norm_mean_sd_minmax=31.901181/0.732310/29.528919/33.717693
LINK queue/drop/high=1/0/5 tof=672
TXDIAG frames_s=134 bytes_s=17944 total_frames=2957 total_bytes=393300 queue=0 high=5 drops=0 bno_drop=0 partial=0 zero=0 write_calls=54363 max_write_us=0 free_heap=166720 min_free_heap=166720 usage_pct=19.47
BNO_TX kind=1 event=0 req=0 enq=0 drop=0 done=0 bytes=0
BNO_REPORT kind=1 report_id=1 interval_us=10000 requested_hz=100.000 enable_ok=2 enable_fail=0 callback=2819 switch=2796 kind_convert=2796 events=2796 tx_req=0 tx_enq=0 tx_done=0 tx_drop=0 event_drop=0 reset_reconfig=1 effective_hz=126.381
BNO_TX kind=2 event=0 req=0 enq=0 drop=0 done=0 bytes=0
BNO_REPORT kind=2 report_id=2 interval_us=10000 requested_hz=100.000 enable_ok=2 enable_fail=0 callback=2216 switch=2213 kind_convert=2213 events=2213 tx_req=0 tx_enq=0 tx_done=0 tx_drop=0 event_drop=0 reset_reconfig=1 effective_hz=100.100
BNO_TX kind=3 event=0 req=0 enq=0 drop=0 done=0 bytes=0
BNO_REPORT kind=3 report_id=8 interval_us=20000 requested_hz=50.000 enable_ok=2 enable_fail=0 callback=1108 switch=1107 kind_convert=1107 events=1107 tx_req=0 tx_enq=0 tx_done=0 tx_drop=0 event_drop=0 reset_reconfig=1 effective_hz=50.037
BNO_TX kind=4 event=0 req=0 enq=0 drop=0 done=0 bytes=0
BNO_REPORT kind=4 report_id=3 interval_us=50000 requested_hz=20.000 enable_ok=2 enable_fail=0 callback=554 switch=553 kind_convert=553 events=553 tx_req=0 tx_enq=0 tx_done=0 tx_drop=0 event_drop=0 reset_reconfig=1 effective_hz=25.002
BNO_TX kind=5 event=0 req=0 enq=0 drop=0 done=0 bytes=0
BNO_REPORT kind=5 report_id=4 interval_us=20000 requested_hz=50.000 enable_ok=2 enable_fail=0 callback=1108 switch=1106 kind_convert=1106 events=1106 tx_req=0 tx_enq=0 tx_done=0 tx_drop=0 event_drop=0 reset_reconfig=1 effective_hz=50.015
DIAG state=FAULT dry=1 bno_ready=1 addr=0x4A init/reinit/poll=1/0/4054 event A/G/M=2922/2312/578 age_rx_us=3398/13185/15612
IMU cand/pair/call/ok=2312/2312/2312/2309 reject=3 dup/order/stale/dt/nonfinite/norm/queue=0/0/0/3/0/0/0 last_ok_age_us=13185 dt_us=9240 align_samples=199 align_elapsed_us=2004484
HEALTH state=2 health=1 reason=mount_unvalidated mount=0 imu_age_us=13185 imu_gaps=0 reversals=0 covariance=1 finite=1 gnss_age_us=4294967295 tof_age_us=4294967295 obs=1
BNO_TS ACCEL events=2922 unique=96 exact=1 overflow=0 dup=92 reverse=1460 rollover=0 sensor_dt_us=-8500/1.61/8400 rx_dt_us=8/7911.46/19173 pair_first=4294959496/3860589 pair_last=4294964196/26969964
BNO_TS GYRO events=2312 unique=72 exact=1 overflow=0 dup=149 reverse=1007 rollover=0 sensor_dt_us=-8800/4.59/10000 rx_dt_us=63/9990.37/19583 pair_first=4294953796/3872427 pair_last=4294964396/26960177
BNO_TS MAG events=578 unique=70 exact=1 overflow=0 dup=25 reverse=267 rollover=0 sensor_dt_us=-7700/13.69/8000 rx_dt_us=31453/40009.17/60389 pair_first=4294953796/3872459 pair_last=4294961696/26957750
BNO_VEC ACCEL_SENSOR_AND_ESKF_INPUT events=2922 nonfinite=0 xyz_mean_sd=[-0.271537,0.008494][-0.847902,0.010141][-9.805805,0.023099] xyz_minmax=[-0.312500,-0.238281][-0.882812,-0.808594][-9.855469,-9.734375] norm_mean_sd_minmax=9.846149/0.023046/9.775037/9.895633
BNO_VEC GYRO_SENSOR_AND_ESKF_INPUT events=2312 nonfinite=0 xyz_mean_sd=[-0.000024,0.000578][0.000003,0.000377][0.000001,0.000374] xyz_minmax=[-0.005859,0.007812][-0.003906,0.003906][-0.003906,0.003906] norm_mean_sd_minmax=0.000152/0.000771/0.000000/0.007812
BNO_VEC MAG_SENSOR events=578 nonfinite=0 xyz_mean_sd=[7.037522,0.565165][-22.051471,0.716704][21.948854,0.756719] xyz_minmax=[5.437500,8.625000][-23.937500,-19.625000][19.625000,24.500000] norm_mean_sd_minmax=31.912532/0.736358/29.528919/33.827805
LINK queue/drop/high=0/0/5 tof=702
TXDIAG frames_s=133 bytes_s=17725 total_frames=3090 total_bytes=411008 queue=0 high=5 drops=0 bno_drop=0 partial=0 zero=0 write_calls=56599 max_write_us=0 free_heap=166720 min_free_heap=166720 usage_pct=19.23
BNO_TX kind=1 event=0 req=0 enq=0 drop=0 done=0 bytes=0
BNO_REPORT kind=1 report_id=1 interval_us=10000 requested_hz=100.000 enable_ok=2 enable_fail=0 callback=2945 switch=2923 kind_convert=2923 events=2923 tx_req=0 tx_enq=0 tx_done=0 tx_drop=0 event_drop=0 reset_reconfig=1 effective_hz=126.400
BNO_TX kind=2 event=0 req=0 enq=0 drop=0 done=0 bytes=0
BNO_REPORT kind=2 report_id=2 interval_us=10000 requested_hz=100.000 enable_ok=2 enable_fail=0 callback=2316 switch=2313 kind_convert=2313 events=2313 tx_req=0 tx_enq=0 tx_done=0 tx_drop=0 event_drop=0 reset_reconfig=1 effective_hz=100.077
BNO_TX kind=3 event=0 req=0 enq=0 drop=0 done=0 bytes=0
BNO_REPORT kind=3 report_id=8 interval_us=20000 requested_hz=50.000 enable_ok=2 enable_fail=0 callback=1158 switch=1157 kind_convert=1157 events=1157 tx_req=0 tx_enq=0 tx_done=0 tx_drop=0 event_drop=0 reset_reconfig=1 effective_hz=50.039
BNO_TX kind=4 event=0 req=0 enq=0 drop=0 done=0 bytes=0
BNO_REPORT kind=4 report_id=3 interval_us=50000 requested_hz=20.000 enable_ok=2 enable_fail=0 callback=579 switch=578 kind_convert=578 events=578 tx_req=0 tx_enq=0 tx_done=0 tx_drop=0 event_drop=0 reset_reconfig=1 effective_hz=24.994
BNO_TX kind=5 event=0 req=0 enq=0 drop=0 done=0 bytes=0
BNO_REPORT kind=5 report_id=4 interval_us=20000 requested_hz=50.000 enable_ok=2 enable_fail=0 callback=1157 switch=1156 kind_convert=1156 events=1156 tx_req=0 tx_enq=0 tx_done=0 tx_drop=0 event_drop=0 reset_reconfig=1 effective_hz=50.013
DIAG state=FAULT dry=1 bno_ready=1 addr=0x4A init/reinit/poll=1/0/4245 event A/G/M=3049/2414/603 age_rx_us=7046/2611/26148
IMU cand/pair/call/ok=2414/2414/2414/2411 reject=3 dup/order/stale/dt/nonfinite/norm/queue=0/0/0/3/0/0/0 last_ok_age_us=2611 dt_us=9654 align_samples=199 align_elapsed_us=2004484
HEALTH state=2 health=1 reason=mount_unvalidated mount=0 imu_age_us=2611 imu_gaps=0 reversals=0 covariance=1 finite=1 gnss_age_us=4294967295 tof_age_us=4294967295 obs=1
BNO_TS ACCEL events=3049 unique=96 exact=1 overflow=0 dup=98 reverse=1523 rollover=0 sensor_dt_us=-8500/1.48/8400 rx_dt_us=8/7911.94/19173 pair_first=4294959496/3860589 pair_last=4294963996/27976175
BNO_TS GYRO events=2414 unique=72 exact=1 overflow=0 dup=159 reverse=1050 rollover=0 sensor_dt_us=-8800/4.64/10000 rx_dt_us=63/9990.96/19583 pair_first=4294953796/3872427 pair_last=4294964996/27980610
BNO_TS MAG events=603 unique=70 exact=1 overflow=0 dup=30 reverse=277 rollover=0 sensor_dt_us=-7700/11.30/8000 rx_dt_us=31453/40007.66/60389 pair_first=4294953796/3872459 pair_last=4294960596/27957073
BNO_VEC ACCEL_SENSOR_AND_ESKF_INPUT events=3049 nonfinite=0 xyz_mean_sd=[-0.271523,0.008496][-0.847898,0.010129][-9.805768,0.023061] xyz_minmax=[-0.312500,-0.238281][-0.882812,-0.808594][-9.855469,-9.734375] norm_mean_sd_minmax=9.846111/0.023010/9.775037/9.895633
BNO_VEC GYRO_SENSOR_AND_ESKF_INPUT events=2414 nonfinite=0 xyz_mean_sd=[-0.000023,0.000566][0.000003,0.000369][0.000001,0.000366] xyz_minmax=[-0.005859,0.007812][-0.003906,0.003906][-0.003906,0.003906] norm_mean_sd_minmax=0.000146/0.000755/0.000000/0.007812
BNO_VEC MAG_SENSOR events=603 nonfinite=0 xyz_mean_sd=[7.041770,0.564458][-22.057939,0.712840][21.947865,0.751964] xyz_minmax=[5.437500,8.625000][-23.937500,-19.625000][19.625000,24.500000] norm_mean_sd_minmax=31.917175/0.730868/29.528919/33.827805
LINK queue/drop/high=1/0/5 tof=733
TXDIAG frames_s=132 bytes_s=17762 total_frames=3224 total_bytes=428948 queue=0 high=5 drops=0 bno_drop=0 partial=0 zero=0 write_calls=58871 max_write_us=0 free_heap=166720 min_free_heap=166720 usage_pct=19.27
BNO_TX kind=1 event=0 req=0 enq=0 drop=0 done=0 bytes=0
BNO_REPORT kind=1 report_id=1 interval_us=10000 requested_hz=100.000 enable_ok=2 enable_fail=0 callback=3073 switch=3050 kind_convert=3050 events=3050 tx_req=0 tx_enq=0 tx_done=0 tx_drop=0 event_drop=0 reset_reconfig=1 effective_hz=126.381
BNO_TX kind=2 event=0 req=0 enq=0 drop=0 done=0 bytes=0
BNO_REPORT kind=2 report_id=2 interval_us=10000 requested_hz=100.000 enable_ok=2 enable_fail=0 callback=2417 switch=2414 kind_convert=2414 events=2414 tx_req=0 tx_enq=0 tx_done=0 tx_drop=0 event_drop=0 reset_reconfig=1 effective_hz=100.090
BNO_TX kind=3 event=0 req=0 enq=0 drop=0 done=0 bytes=0
BNO_REPORT kind=3 report_id=8 interval_us=20000 requested_hz=50.000 enable_ok=2 enable_fail=0 callback=1208 switch=1207 kind_convert=1207 events=1207 tx_req=0 tx_enq=0 tx_done=0 tx_drop=0 event_drop=0 reset_reconfig=1 effective_hz=50.034
BNO_TX kind=4 event=0 req=0 enq=0 drop=0 done=0 bytes=0
BNO_REPORT kind=4 report_id=3 interval_us=50000 requested_hz=20.000 enable_ok=2 enable_fail=0 callback=605 switch=604 kind_convert=604 events=604 tx_req=0 tx_enq=0 tx_done=0 tx_drop=0 event_drop=0 reset_reconfig=1 effective_hz=24.997
BNO_TX kind=5 event=0 req=0 enq=0 drop=0 done=0 bytes=0
BNO_REPORT kind=5 report_id=4 interval_us=20000 requested_hz=50.000 enable_ok=2 enable_fail=0 callback=1208 switch=1207 kind_convert=1207 events=1207 tx_req=0 tx_enq=0 tx_done=0 tx_drop=0 event_drop=0 reset_reconfig=1 effective_hz=50.013
DIAG state=FAULT dry=1 bno_ready=1 addr=0x4A init/reinit/poll=1/0/4420 event A/G/M=3176/2513/628 age_rx_us=6207/15425/34205
IMU cand/pair/call/ok=2513/2513/2513/2510 reject=3 dup/order/stale/dt/nonfinite/norm/queue=0/0/0/3/0/0/0 last_ok_age_us=15425 dt_us=10210 align_samples=199 align_elapsed_us=2004484
HEALTH state=2 health=1 reason=mount_unvalidated mount=0 imu_age_us=15425 imu_gaps=0 reversals=0 covariance=1 finite=1 gnss_age_us=4294967295 tof_age_us=4294967295 obs=1
BNO_TS ACCEL events=3176 unique=96 exact=1 overflow=0 dup=102 reverse=1589 rollover=0 sensor_dt_us=-8500/1.54/8400 rx_dt_us=8/7911.35/19173 pair_first=4294959496/3860589 pair_last=4294964396/28979122
BNO_TS GYRO events=2513 unique=72 exact=1 overflow=0 dup=164 reverse=1094 rollover=0 sensor_dt_us=-8800/4.22/10000 rx_dt_us=63/9991.03/19583 pair_first=4294953796/3872427 pair_last=4294964396/28969904
BNO_TS MAG events=628 unique=70 exact=1 overflow=0 dup=30 reverse=289 rollover=0 sensor_dt_us=-7700/16.91/8000 rx_dt_us=31453/39997.87/60389 pair_first=4294953796/3872459 pair_last=4294964396/28951124
BNO_VEC ACCEL_SENSOR_AND_ESKF_INPUT events=3176 nonfinite=0 xyz_mean_sd=[-0.271489,0.008539][-0.847977,0.010077][-9.805712,0.023272] xyz_minmax=[-0.312500,-0.238281][-0.882812,-0.808594][-9.855469,-9.734375] norm_mean_sd_minmax=9.846062/0.023215/9.775037/9.895633
BNO_VEC GYRO_SENSOR_AND_ESKF_INPUT events=2513 nonfinite=0 xyz_mean_sd=[-0.000023,0.000555][0.000003,0.000361][0.000001,0.000359] xyz_minmax=[-0.005859,0.007812][-0.003906,0.003906][-0.003906,0.003906] norm_mean_sd_minmax=0.000140/0.000740/0.000000/0.007812
BNO_VEC MAG_SENSOR events=628 nonfinite=0 xyz_mean_sd=[7.045084,0.562402][-22.053045,0.707400][21.945362,0.753595] xyz_minmax=[5.437500,8.625000][-23.937500,-19.625000][19.625000,24.500000] norm_mean_sd_minmax=31.912692/0.730522/29.528919/33.827805
LINK queue/drop/high=1/0/5 tof=763
TXDIAG frames_s=133 bytes_s=17750 total_frames=3358 total_bytes=446752 queue=0 high=5 drops=0 bno_drop=0 partial=0 zero=0 write_calls=61099 max_write_us=0 free_heap=166720 min_free_heap=166720 usage_pct=19.26
BNO_TX kind=1 event=0 req=0 enq=0 drop=0 done=0 bytes=0
BNO_REPORT kind=1 report_id=1 interval_us=10000 requested_hz=100.000 enable_ok=2 enable_fail=0 callback=3199 switch=3176 kind_convert=3176 events=3176 tx_req=0 tx_enq=0 tx_done=0 tx_drop=0 event_drop=0 reset_reconfig=1 effective_hz=126.401
BNO_TX kind=2 event=0 req=0 enq=0 drop=0 done=0 bytes=0
BNO_REPORT kind=2 report_id=2 interval_us=10000 requested_hz=100.000 enable_ok=2 enable_fail=0 callback=2518 switch=2514 kind_convert=2514 events=2514 tx_req=0 tx_enq=0 tx_done=0 tx_drop=0 event_drop=0 reset_reconfig=1 effective_hz=100.073
BNO_TX kind=3 event=0 req=0 enq=0 drop=0 done=0 bytes=0
BNO_REPORT kind=3 report_id=8 interval_us=20000 requested_hz=50.000 enable_ok=2 enable_fail=0 callback=1259 switch=1258 kind_convert=1258 events=1258 tx_req=0 tx_enq=0 tx_done=0 tx_drop=0 event_drop=0 reset_reconfig=1 effective_hz=50.032
BNO_TX kind=4 event=0 req=0 enq=0 drop=0 done=0 bytes=0
BNO_REPORT kind=4 report_id=3 interval_us=50000 requested_hz=20.000 enable_ok=2 enable_fail=0 callback=630 switch=629 kind_convert=629 events=629 tx_req=0 tx_enq=0 tx_done=0 tx_drop=0 event_drop=0 reset_reconfig=1 effective_hz=24.996
BNO_TX kind=5 event=0 req=0 enq=0 drop=0 done=0 bytes=0
BNO_REPORT kind=5 report_id=4 interval_us=20000 requested_hz=50.000 enable_ok=2 enable_fail=0 callback=1258 switch=1257 kind_convert=1257 events=1257 tx_req=0 tx_enq=0 tx_done=0 tx_drop=0 event_drop=0 reset_reconfig=1 effective_hz=50.016
DIAG state=FAULT dry=1 bno_ready=1 addr=0x4A init/reinit/poll=1/0/4595 event A/G/M=3302/2615/653 age_rx_us=7184/2710/36072
IMU cand/pair/call/ok=2615/2615/2615/2612 reject=3 dup/order/stale/dt/nonfinite/norm/queue=0/0/0/3/0/0/0 last_ok_age_us=2710 dt_us=10043 align_samples=199 align_elapsed_us=2004484
HEALTH state=2 health=1 reason=mount_unvalidated mount=0 imu_age_us=2710 imu_gaps=0 reversals=0 covariance=1 finite=1 gnss_age_us=4294967295 tof_age_us=4294967295 obs=1
BNO_TS ACCEL events=3302 unique=97 exact=1 overflow=0 dup=106 reverse=1647 rollover=0 sensor_dt_us=-8500/1.64/8400 rx_dt_us=8/7914.08/19173 pair_first=4294959496/3860589 pair_last=4294964896/29984953
BNO_TS GYRO events=2615 unique=72 exact=1 overflow=0 dup=168 reverse=1144 rollover=0 sensor_dt_us=-8800/4.06/10000 rx_dt_us=63/9991.20/19583 pair_first=4294953796/3872427 pair_last=4294964396/29989427
BNO_TS MAG events=653 unique=71 exact=1 overflow=0 dup=31 reverse=300 rollover=0 sensor_dt_us=-7700/12.58/8000 rx_dt_us=31453/40005.53/60389 pair_first=4294953796/3872459 pair_last=4294961996/29956065
BNO_VEC ACCEL_SENSOR_AND_ESKF_INPUT events=3302 nonfinite=0 xyz_mean_sd=[-0.271468,0.008560][-0.848004,0.010083][-9.805721,0.023234] xyz_minmax=[-0.312500,-0.238281][-0.882812,-0.808594][-9.855469,-9.734375] norm_mean_sd_minmax=9.846073/0.023180/9.775037/9.895633
BNO_VEC GYRO_SENSOR_AND_ESKF_INPUT events=2615 nonfinite=0 xyz_mean_sd=[-0.000022,0.000544][0.000003,0.000354][0.000001,0.000352] xyz_minmax=[-0.005859,0.007812][-0.003906,0.003906][-0.003906,0.003906] norm_mean_sd_minmax=0.000134/0.000726/0.000000/0.007812
BNO_VEC MAG_SENSOR events=653 nonfinite=0 xyz_mean_sd=[7.045368,0.566606][-22.050153,0.712356][21.940850,0.748296] xyz_minmax=[5.437500,8.625000][-23.937500,-19.625000][19.625000,24.500000] norm_mean_sd_minmax=31.907681/0.731911/29.528919/33.845352
LINK queue/drop/high=1/0/5 tof=794
TXDIAG frames_s=131 bytes_s=17594 total_frames=3490 total_bytes=464452 queue=0 high=5 drops=0 bno_drop=0 partial=0 zero=0 write_calls=63562 max_write_us=0 free_heap=166720 min_free_heap=166720 usage_pct=19.09
BNO_TX kind=1 event=0 req=0 enq=0 drop=0 done=0 bytes=0
BNO_REPORT kind=1 report_id=1 interval_us=10000 requested_hz=100.000 enable_ok=2 enable_fail=0 callback=3326 switch=3302 kind_convert=3302 events=3302 tx_req=0 tx_enq=0 tx_done=0 tx_drop=0 event_drop=0 reset_reconfig=1 effective_hz=126.357
BNO_TX kind=2 event=0 req=0 enq=0 drop=0 done=0 bytes=0
BNO_REPORT kind=2 report_id=2 interval_us=10000 requested_hz=100.000 enable_ok=2 enable_fail=0 callback=2618 switch=2615 kind_convert=2615 events=2615 tx_req=0 tx_enq=0 tx_done=0 tx_drop=0 event_drop=0 reset_reconfig=1 effective_hz=100.088
BNO_TX kind=3 event=0 req=0 enq=0 drop=0 done=0 bytes=0
BNO_REPORT kind=3 report_id=8 interval_us=20000 requested_hz=50.000 enable_ok=2 enable_fail=0 callback=1309 switch=1307 kind_convert=1307 events=1307 tx_req=0 tx_enq=0 tx_done=0 tx_drop=0 event_drop=0 reset_reconfig=1 effective_hz=50.030
BNO_TX kind=4 event=0 req=0 enq=0 drop=0 done=0 bytes=0
BNO_REPORT kind=4 report_id=3 interval_us=50000 requested_hz=20.000 enable_ok=2 enable_fail=0 callback=655 switch=653 kind_convert=653 events=653 tx_req=0 tx_enq=0 tx_done=0 tx_drop=0 event_drop=0 reset_reconfig=1 effective_hz=24.997
BNO_TX kind=5 event=0 req=0 enq=0 drop=0 done=0 bytes=0
BNO_REPORT kind=5 report_id=4 interval_us=20000 requested_hz=50.000 enable_ok=2 enable_fail=0 callback=1309 switch=1307 kind_convert=1307 events=1307 tx_req=0 tx_enq=0 tx_done=0 tx_drop=0 event_drop=0 reset_reconfig=1 effective_hz=50.014
DIAG state=FAULT dry=1 bno_ready=1 addr=0x4A init/reinit/poll=1/0/4776 event A/G/M=3429/2715/678 age_rx_us=5791/3235/37823
IMU cand/pair/call/ok=2715/2715/2715/2712 reject=3 dup/order/stale/dt/nonfinite/norm/queue=0/0/0/3/0/0/0 last_ok_age_us=3235 dt_us=5123 align_samples=199 align_elapsed_us=2004484
HEALTH state=2 health=1 reason=mount_unvalidated mount=0 imu_age_us=3235 imu_gaps=0 reversals=0 covariance=1 finite=1 gnss_age_us=4294967295 tof_age_us=4294967295 obs=1
BNO_TS ACCEL events=3429 unique=97 exact=1 overflow=0 dup=108 reverse=1711 rollover=0 sensor_dt_us=-8500/1.69/8400 rx_dt_us=8/7913.06/19173 pair_first=4294959496/3860589 pair_last=4294965296/30986568
BNO_TS GYRO events=2715 unique=72 exact=1 overflow=0 dup=178 reverse=1186 rollover=0 sensor_dt_us=-8800/4.05/10000 rx_dt_us=63/9991.41/19583 pair_first=4294953796/3872427 pair_last=4294964796/30989124
BNO_TS MAG events=678 unique=72 exact=1 overflow=0 dup=34 reverse=312 rollover=0 sensor_dt_us=-7700/12.85/8000 rx_dt_us=30707/40003.07/60389 pair_first=4294953796/3872459 pair_last=4294962496/30954536
BNO_VEC ACCEL_SENSOR_AND_ESKF_INPUT events=3429 nonfinite=0 xyz_mean_sd=[-0.271500,0.008484][-0.848026,0.010166][-9.805675,0.023238] xyz_minmax=[-0.312500,-0.238281][-0.882812,-0.808594][-9.855469,-9.734375] norm_mean_sd_minmax=9.846030/0.023186/9.775037/9.895633
BNO_VEC GYRO_SENSOR_AND_ESKF_INPUT events=2715 nonfinite=0 xyz_mean_sd=[-0.000021,0.000534][0.000003,0.000348][0.000001,0.000346] xyz_minmax=[-0.005859,0.007812][-0.003906,0.003906][-0.003906,0.003906] norm_mean_sd_minmax=0.000130/0.000713/0.000000/0.007812
BNO_VEC MAG_SENSOR events=678 nonfinite=0 xyz_mean_sd=[7.045170,0.568247][-22.052729,0.723941][21.945612,0.747147] xyz_minmax=[5.437500,8.625000][-24.000000,-19.625000][19.625000,24.500000] norm_mean_sd_minmax=31.912851/0.736404/29.528919/34.195782
LINK queue/drop/high=0/0/5 tof=824
TXDIAG frames_s=133 bytes_s=17708 total_frames=3623 total_bytes=482160 queue=0 high=5 drops=0 bno_drop=0 partial=0 zero=0 write_calls=66130 max_write_us=0 free_heap=166720 min_free_heap=166720 usage_pct=19.21
BNO_TX kind=1 event=0 req=0 enq=0 drop=0 done=0 bytes=0
BNO_REPORT kind=1 report_id=1 interval_us=10000 requested_hz=100.000 enable_ok=2 enable_fail=0 callback=3452 switch=3429 kind_convert=3429 events=3429 tx_req=0 tx_enq=0 tx_done=0 tx_drop=0 event_drop=0 reset_reconfig=1 effective_hz=126.373
BNO_TX kind=2 event=0 req=0 enq=0 drop=0 done=0 bytes=0
BNO_REPORT kind=2 report_id=2 interval_us=10000 requested_hz=100.000 enable_ok=2 enable_fail=0 callback=2719 switch=2715 kind_convert=2715 events=2715 tx_req=0 tx_enq=0 tx_done=0 tx_drop=0 event_drop=0 reset_reconfig=1 effective_hz=100.086
BNO_TX kind=3 event=0 req=0 enq=0 drop=0 done=0 bytes=0
BNO_REPORT kind=3 report_id=8 interval_us=20000 requested_hz=50.000 enable_ok=2 enable_fail=0 callback=1359 switch=1358 kind_convert=1358 events=1358 tx_req=0 tx_enq=0 tx_done=0 tx_drop=0 event_drop=0 reset_reconfig=1 effective_hz=50.032
BNO_TX kind=4 event=0 req=0 enq=0 drop=0 done=0 bytes=0
BNO_REPORT kind=4 report_id=3 interval_us=50000 requested_hz=20.000 enable_ok=2 enable_fail=0 callback=680 switch=679 kind_convert=679 events=679 tx_req=0 tx_enq=0 tx_done=0 tx_drop=0 event_drop=0 reset_reconfig=1 effective_hz=24.998
BNO_TX kind=5 event=0 req=0 enq=0 drop=0 done=0 bytes=0
BNO_REPORT kind=5 report_id=4 interval_us=20000 requested_hz=50.000 enable_ok=2 enable_fail=0 callback=1359 switch=1357 kind_convert=1357 events=1357 tx_req=0 tx_enq=0 tx_done=0 tx_drop=0 event_drop=0 reset_reconfig=1 effective_hz=50.016
DIAG state=FAULT dry=1 bno_ready=1 addr=0x4A init/reinit/poll=1/0/4950 event A/G/M=3556/2816/704 age_rx_us=5184/1628/5197
IMU cand/pair/call/ok=2816/2816/2816/2813 reject=3 dup/order/stale/dt/nonfinite/norm/queue=0/0/0/3/0/0/0 last_ok_age_us=1628 dt_us=10540 align_samples=199 align_elapsed_us=2004484
HEALTH state=2 health=1 reason=mount_unvalidated mount=0 imu_age_us=1628 imu_gaps=0 reversals=0 covariance=1 finite=1 gnss_age_us=4294967295 tof_age_us=4294967295 obs=1
BNO_TS ACCEL events=3556 unique=97 exact=1 overflow=0 dup=113 reverse=1771 rollover=0 sensor_dt_us=-8500/1.27/8400 rx_dt_us=8/7914.62/19173 pair_first=4294959496/3860589 pair_last=4294963996/31997067
BNO_TS GYRO events=2816 unique=73 exact=1 overflow=0 dup=183 reverse=1229 rollover=0 sensor_dt_us=-8800/3.66/10000 rx_dt_us=63/9992.25/19608 pair_first=4294953796/3872427 pair_last=4294964096/32000623
BNO_TS MAG events=704 unique=73 exact=1 overflow=0 dup=37 reverse=323 rollover=0 sensor_dt_us=-7700/10.24/8000 rx_dt_us=30707/40006.54/60389 pair_first=4294953796/3872459 pair_last=4294960996/31997054
BNO_VEC ACCEL_SENSOR_AND_ESKF_INPUT events=3556 nonfinite=0 xyz_mean_sd=[-0.271480,0.008504][-0.848098,0.010287][-9.805763,0.023199] xyz_minmax=[-0.312500,-0.238281][-0.882812,-0.808594][-9.855469,-9.734375] norm_mean_sd_minmax=9.846123/0.023145/9.775037/9.897798
BNO_VEC GYRO_SENSOR_AND_ESKF_INPUT events=2816 nonfinite=0 xyz_mean_sd=[-0.000020,0.000524][0.000003,0.000341][0.000001,0.000339] xyz_minmax=[-0.005859,0.007812][-0.003906,0.003906][-0.003906,0.003906] norm_mean_sd_minmax=0.000125/0.000701/0.000000/0.007812
BNO_VEC MAG_SENSOR events=704 nonfinite=0 xyz_mean_sd=[7.048473,0.565120][-22.065696,0.721970][21.951349,0.744689] xyz_minmax=[5.437500,8.625000][-24.000000,-19.625000][19.625000,24.500000] norm_mean_sd_minmax=31.926303/0.737553/29.528919/34.195782
LINK queue/drop/high=1/0/5 tof=855
TXDIAG frames_s=131 bytes_s=17718 total_frames=3756 total_bytes=500020 queue=0 high=5 drops=0 bno_drop=0 partial=0 zero=0 write_calls=69110 max_write_us=0 free_heap=166720 min_free_heap=166720 usage_pct=19.23
BNO_TX kind=1 event=0 req=0 enq=0 drop=0 done=0 bytes=0
BNO_REPORT kind=1 report_id=1 interval_us=10000 requested_hz=100.000 enable_ok=2 enable_fail=0 callback=3579 switch=3556 kind_convert=3556 events=3556 tx_req=0 tx_enq=0 tx_done=0 tx_drop=0 event_drop=0 reset_reconfig=1 effective_hz=126.348
BNO_TX kind=2 event=0 req=0 enq=0 drop=0 done=0 bytes=0
BNO_REPORT kind=2 report_id=2 interval_us=10000 requested_hz=100.000 enable_ok=2 enable_fail=0 callback=2819 switch=2816 kind_convert=2816 events=2816 tx_req=0 tx_enq=0 tx_done=0 tx_drop=0 event_drop=0 reset_reconfig=1 effective_hz=100.078
BNO_TX kind=3 event=0 req=0 enq=0 drop=0 done=0 bytes=0
BNO_REPORT kind=3 report_id=8 interval_us=20000 requested_hz=50.000 enable_ok=2 enable_fail=0 callback=1410 switch=1408 kind_convert=1408 events=1408 tx_req=0 tx_enq=0 tx_done=0 tx_drop=0 event_drop=0 reset_reconfig=1 effective_hz=50.027
BNO_TX kind=4 event=0 req=0 enq=0 drop=0 done=0 bytes=0
BNO_REPORT kind=4 report_id=3 interval_us=50000 requested_hz=20.000 enable_ok=2 enable_fail=0 callback=705 switch=704 kind_convert=704 events=704 tx_req=0 tx_enq=0 tx_done=0 tx_drop=0 event_drop=0 reset_reconfig=1 effective_hz=24.996
BNO_TX kind=5 event=0 req=0 enq=0 drop=0 done=0 bytes=0
BNO_REPORT kind=5 report_id=4 interval_us=20000 requested_hz=50.000 enable_ok=2 enable_fail=0 callback=1409 switch=1407 kind_convert=1407 events=1407 tx_req=0 tx_enq=0 tx_done=0 tx_drop=0 event_drop=0 reset_reconfig=1 effective_hz=50.012
DIAG state=FAULT dry=1 bno_ready=1 addr=0x4A init/reinit/poll=1/0/5119 event A/G/M=3683/2916/729 age_rx_us=2910/2890/6293
IMU cand/pair/call/ok=2916/2916/2916/2913 reject=3 dup/order/stale/dt/nonfinite/norm/queue=0/0/0/3/0/0/0 last_ok_age_us=2890 dt_us=10651 align_samples=199 align_elapsed_us=2004484
HEALTH state=2 health=1 reason=mount_unvalidated mount=0 imu_age_us=2890 imu_gaps=0 reversals=0 covariance=1 finite=1 gnss_age_us=4294967295 tof_age_us=4294967295 obs=1
BNO_TS ACCEL events=3683 unique=99 exact=1 overflow=0 dup=118 reverse=1832 rollover=0 sensor_dt_us=-8500/1.09/8400 rx_dt_us=8/7913.84/19173 pair_first=4294959496/3860589 pair_last=4294963496/32999354
BNO_TS GYRO events=2916 unique=73 exact=1 overflow=0 dup=188 reverse=1274 rollover=0 sensor_dt_us=-8800/3.74/10000 rx_dt_us=63/9992.09/19608 pair_first=4294953796/3872427 pair_last=4294964696/32999374
BNO_TS MAG events=729 unique=75 exact=1 overflow=0 dup=37 reverse=336 rollover=0 sensor_dt_us=-7700/11.26/8000 rx_dt_us=30707/40004.82/60389 pair_first=4294953796/3872459 pair_last=4294961996/32995971
BNO_VEC ACCEL_SENSOR_AND_ESKF_INPUT events=3683 nonfinite=0 xyz_mean_sd=[-0.271511,0.008524][-0.848128,0.010263][-9.805775,0.023201] xyz_minmax=[-0.312500,-0.238281][-0.882812,-0.808594][-9.855469,-9.734375] norm_mean_sd_minmax=9.846138/0.023149/9.775037/9.897798
BNO_VEC GYRO_SENSOR_AND_ESKF_INPUT events=2916 nonfinite=0 xyz_mean_sd=[-0.000019,0.000515][0.000003,0.000335][0.000001,0.000333] xyz_minmax=[-0.005859,0.007812][-0.003906,0.003906][-0.003906,0.003906] norm_mean_sd_minmax=0.000121/0.000689/0.000000/0.007812
BNO_VEC MAG_SENSOR events=729 nonfinite=0 xyz_mean_sd=[7.052984,0.561495][-22.070902,0.722210][21.951132,0.744523] xyz_minmax=[5.437500,8.625000][-24.000000,-19.625000][19.625000,24.500000] norm_mean_sd_minmax=31.930749/0.734772/29.528919/34.195782
LINK queue/drop/high=0/0/5 tof=885
TXDIAG frames_s=135 bytes_s=17918 total_frames=3892 total_bytes=517992 queue=0 high=5 drops=0 bno_drop=0 partial=0 zero=0 write_calls=71986 max_write_us=0 free_heap=166720 min_free_heap=166720 usage_pct=19.44
BNO_TX kind=1 event=0 req=0 enq=0 drop=0 done=0 bytes=0
BNO_REPORT kind=1 report_id=1 interval_us=10000 requested_hz=100.000 enable_ok=2 enable_fail=0 callback=3706 switch=3683 kind_convert=3683 events=3683 tx_req=0 tx_enq=0 tx_done=0 tx_drop=0 event_drop=0 reset_reconfig=1 effective_hz=126.361
BNO_TX kind=2 event=0 req=0 enq=0 drop=0 done=0 bytes=0
BNO_REPORT kind=2 report_id=2 interval_us=10000 requested_hz=100.000 enable_ok=2 enable_fail=0 callback=2920 switch=2916 kind_convert=2916 events=2916 tx_req=0 tx_enq=0 tx_done=0 tx_drop=0 event_drop=0 reset_reconfig=1 effective_hz=100.079
BNO_TX kind=3 event=0 req=0 enq=0 drop=0 done=0 bytes=0
BNO_REPORT kind=3 report_id=8 interval_us=20000 requested_hz=50.000 enable_ok=2 enable_fail=0 callback=1460 switch=1458 kind_convert=1458 events=1458 tx_req=0 tx_enq=0 tx_done=0 tx_drop=0 event_drop=0 reset_reconfig=1 effective_hz=50.028
BNO_TX kind=4 event=0 req=0 enq=0 drop=0 done=0 bytes=0
BNO_REPORT kind=4 report_id=3 interval_us=50000 requested_hz=20.000 enable_ok=2 enable_fail=0 callback=730 switch=729 kind_convert=729 events=729 tx_req=0 tx_enq=0 tx_done=0 tx_drop=0 event_drop=0 reset_reconfig=1 effective_hz=24.997
BNO_TX kind=5 event=0 req=0 enq=0 drop=0 done=0 bytes=0
BNO_REPORT kind=5 report_id=4 interval_us=20000 requested_hz=50.000 enable_ok=2 enable_fail=0 callback=1459 switch=1458 kind_convert=1458 events=1458 tx_req=0 tx_enq=0 tx_done=0 tx_drop=0 event_drop=0 reset_reconfig=1 effective_hz=50.013
DIAG state=FAULT dry=1 bno_ready=1 addr=0x4A init/reinit/poll=1/0/5294 event A/G/M=3810/3017/754 age_rx_us=6959/2632/16766
IMU cand/pair/call/ok=3017/3017/3017/3014 reject=3 dup/order/stale/dt/nonfinite/norm/queue=0/0/0/3/0/0/0 last_ok_age_us=2632 dt_us=4361 align_samples=199 align_elapsed_us=2004484
HEALTH state=2 health=1 reason=mount_unvalidated mount=0 imu_age_us=2632 imu_gaps=0 reversals=0 covariance=1 finite=1 gnss_age_us=4294967295 tof_age_us=4294967295 obs=1
BNO_TS ACCEL events=3810 unique=99 exact=1 overflow=0 dup=121 reverse=1897 rollover=0 sensor_dt_us=-8500/1.60/8400 rx_dt_us=8/7913.78/19173 pair_first=4294959496/3860589 pair_last=4294965596/34004168
BNO_TS GYRO events=3017 unique=73 exact=1 overflow=0 dup=194 reverse=1316 rollover=0 sensor_dt_us=-8800/3.65/10000 rx_dt_us=63/9992.06/19608 pair_first=4294953796/3872427 pair_last=4294964796/34008495
BNO_TS MAG events=754 unique=77 exact=1 overflow=0 dup=38 reverse=347 rollover=0 sensor_dt_us=-7700/10.76/8000 rx_dt_us=30707/40002.53/60389 pair_first=4294953796/3872459 pair_last=4294961896/33994361
BNO_VEC ACCEL_SENSOR_AND_ESKF_INPUT events=3810 nonfinite=0 xyz_mean_sd=[-0.271567,0.008449][-0.848098,0.010253][-9.805839,0.023180] xyz_minmax=[-0.312500,-0.238281][-0.882812,-0.808594][-9.855469,-9.734375] norm_mean_sd_minmax=9.846201/0.023128/9.775037/9.897798
BNO_VEC GYRO_SENSOR_AND_ESKF_INPUT events=3017 nonfinite=0 xyz_mean_sd=[-0.000019,0.000506][0.000003,0.000330][0.000001,0.000328] xyz_minmax=[-0.005859,0.007812][-0.003906,0.003906][-0.003906,0.003906] norm_mean_sd_minmax=0.000117/0.000678/0.000000/0.007812
BNO_VEC MAG_SENSOR events=754 nonfinite=0 xyz_mean_sd=[7.048823,0.560215][-22.074851,0.725498][21.945955,0.747288] xyz_minmax=[5.437500,8.625000][-24.000000,-19.625000][19.625000,24.500000] norm_mean_sd_minmax=31.928958/0.741727/29.528919/34.195782
LINK queue/drop/high=1/0/5 tof=916
TXDIAG frames_s=135 bytes_s=17998 total_frames=4028 total_bytes=536116 queue=0 high=5 drops=0 bno_drop=0 partial=0 zero=0 write_calls=74372 max_write_us=0 free_heap=166720 min_free_heap=166720 usage_pct=19.53
BNO_TX kind=1 event=0 req=0 enq=0 drop=0 done=0 bytes=0
BNO_REPORT kind=1 report_id=1 interval_us=10000 requested_hz=100.000 enable_ok=2 enable_fail=0 callback=3834 switch=3811 kind_convert=3811 events=3811 tx_req=0 tx_enq=0 tx_done=0 tx_drop=0 event_drop=0 reset_reconfig=1 effective_hz=126.353
BNO_TX kind=2 event=0 req=0 enq=0 drop=0 done=0 bytes=0
BNO_REPORT kind=2 report_id=2 interval_us=10000 requested_hz=100.000 enable_ok=2 enable_fail=0 callback=3020 switch=3017 kind_convert=3017 events=3017 tx_req=0 tx_enq=0 tx_done=0 tx_drop=0 event_drop=0 reset_reconfig=1 effective_hz=100.079
BNO_TX kind=3 event=0 req=0 enq=0 drop=0 done=0 bytes=0
BNO_REPORT kind=3 report_id=8 interval_us=20000 requested_hz=50.000 enable_ok=2 enable_fail=0 callback=1510 switch=1509 kind_convert=1509 events=1509 tx_req=0 tx_enq=0 tx_done=0 tx_drop=0 event_drop=0 reset_reconfig=1 effective_hz=50.030
BNO_TX kind=4 event=0 req=0 enq=0 drop=0 done=0 bytes=0
BNO_REPORT kind=4 report_id=3 interval_us=50000 requested_hz=20.000 enable_ok=2 enable_fail=0 callback=755 switch=754 kind_convert=754 events=754 tx_req=0 tx_enq=0 tx_done=0 tx_drop=0 event_drop=0 reset_reconfig=1 effective_hz=24.998
BNO_TX kind=5 event=0 req=0 enq=0 drop=0 done=0 bytes=0
BNO_REPORT kind=5 report_id=4 interval_us=20000 requested_hz=50.000 enable_ok=2 enable_fail=0 callback=1509 switch=1508 kind_convert=1508 events=1508 tx_req=0 tx_enq=0 tx_done=0 tx_drop=0 event_drop=0 reset_reconfig=1 effective_hz=50.014
DIAG state=FAULT dry=1 bno_ready=1 addr=0x4A init/reinit/poll=1/0/5486 event A/G/M=3937/3116/779 age_rx_us=3408/12446/19451
IMU cand/pair/call/ok=3116/3116/3116/3113 reject=3 dup/order/stale/dt/nonfinite/norm/queue=0/0/0/3/0/0/0 last_ok_age_us=12446 dt_us=6992 align_samples=199 align_elapsed_us=2004484
HEALTH state=2 health=1 reason=mount_unvalidated mount=0 imu_age_us=12446 imu_gaps=0 reversals=0 covariance=1 finite=1 gnss_age_us=4294967295 tof_age_us=4294967295 obs=1
BNO_TS ACCEL events=3937 unique=99 exact=1 overflow=0 dup=125 reverse=1961 rollover=0 sensor_dt_us=-8500/1.24/8400 rx_dt_us=8/7913.46/19173 pair_first=4294959496/3860589 pair_last=4294964396/35007951
BNO_TS GYRO events=3116 unique=73 exact=1 overflow=0 dup=199 reverse=1362 rollover=0 sensor_dt_us=-8800/3.53/10000 rx_dt_us=63/9992.45/19608 pair_first=4294953796/3872427 pair_last=4294964796/34998913
BNO_TS MAG events=779 unique=77 exact=1 overflow=0 dup=39 reverse=356 rollover=0 sensor_dt_us=-7700/11.95/8000 rx_dt_us=30707/39999.29/60389 pair_first=4294953796/3872459 pair_last=4294963096/34991908
BNO_VEC ACCEL_SENSOR_AND_ESKF_INPUT events=3937 nonfinite=0 xyz_mean_sd=[-0.271575,0.008460][-0.848090,0.010206][-9.805972,0.023195] xyz_minmax=[-0.312500,-0.238281][-0.882812,-0.808594][-9.855469,-9.734375] norm_mean_sd_minmax=9.846333/0.023142/9.775037/9.897798
BNO_VEC GYRO_SENSOR_AND_ESKF_INPUT events=3116 nonfinite=0 xyz_mean_sd=[-0.000018,0.000498][0.000003,0.000324][0.000001,0.000323] xyz_minmax=[-0.005859,0.007812][-0.003906,0.003906][-0.003906,0.003906] norm_mean_sd_minmax=0.000113/0.000667/0.000000/0.007812
BNO_VEC MAG_SENSOR events=779 nonfinite=0 xyz_mean_sd=[7.047898,0.557443][-22.071486,0.727174][21.944641,0.742308] xyz_minmax=[5.437500,8.625000][-24.000000,-19.625000][19.625000,24.500000] norm_mean_sd_minmax=31.925369/0.742921/29.528919/34.195782
LINK queue/drop/high=0/0/5 tof=946
TXDIAG frames_s=131 bytes_s=17558 total_frames=4160 total_bytes=553692 queue=0 high=5 drops=0 bno_drop=0 partial=0 zero=0 write_calls=76597 max_write_us=0 free_heap=166720 min_free_heap=166720 usage_pct=19.05
BNO_TX kind=1 event=0 req=0 enq=0 drop=0 done=0 bytes=0
BNO_REPORT kind=1 report_id=1 interval_us=10000 requested_hz=100.000 enable_ok=2 enable_fail=0 callback=3960 switch=3938 kind_convert=3938 events=3938 tx_req=0 tx_enq=0 tx_done=0 tx_drop=0 event_drop=0 reset_reconfig=1 effective_hz=126.368
BNO_TX kind=2 event=0 req=0 enq=0 drop=0 done=0 bytes=0
BNO_REPORT kind=2 report_id=2 interval_us=10000 requested_hz=100.000 enable_ok=2 enable_fail=0 callback=3121 switch=3117 kind_convert=3117 events=3117 tx_req=0 tx_enq=0 tx_done=0 tx_drop=0 event_drop=0 reset_reconfig=1 effective_hz=100.064
BNO_TX kind=3 event=0 req=0 enq=0 drop=0 done=0 bytes=0
BNO_REPORT kind=3 report_id=8 interval_us=20000 requested_hz=50.000 enable_ok=2 enable_fail=0 callback=1560 switch=1559 kind_convert=1559 events=1559 tx_req=0 tx_enq=0 tx_done=0 tx_drop=0 event_drop=0 reset_reconfig=1 effective_hz=50.032
BNO_TX kind=4 event=0 req=0 enq=0 drop=0 done=0 bytes=0
BNO_REPORT kind=4 report_id=3 interval_us=50000 requested_hz=20.000 enable_ok=2 enable_fail=0 callback=780 switch=779 kind_convert=779 events=779 tx_req=0 tx_enq=0 tx_done=0 tx_drop=0 event_drop=0 reset_reconfig=1 effective_hz=25.000
BNO_TX kind=5 event=0 req=0 enq=0 drop=0 done=0 bytes=0
BNO_REPORT kind=5 report_id=4 interval_us=20000 requested_hz=50.000 enable_ok=2 enable_fail=0 callback=1560 switch=1559 kind_convert=1559 events=1559 tx_req=0 tx_enq=0 tx_done=0 tx_drop=0 event_drop=0 reset_reconfig=1 effective_hz=50.014
DIAG state=FAULT dry=1 bno_ready=1 addr=0x4A init/reinit/poll=1/0/5668 event A/G/M=4064/3218/804 age_rx_us=6948/3198/26662
IMU cand/pair/call/ok=3218/3218/3218/3215 reject=3 dup/order/stale/dt/nonfinite/norm/queue=0/0/0/3/0/0/0 last_ok_age_us=3198 dt_us=8943 align_samples=199 align_elapsed_us=2004484
HEALTH state=2 health=1 reason=mount_unvalidated mount=0 imu_age_us=3198 imu_gaps=0 reversals=0 covariance=1 finite=1 gnss_age_us=4294967295 tof_age_us=4294967295 obs=1
BNO_TS ACCEL events=4064 unique=99 exact=1 overflow=0 dup=132 reverse=2021 rollover=0 sensor_dt_us=-8500/1.18/8400 rx_dt_us=8/7913.75/19173 pair_first=4294959496/3860589 pair_last=4294964296/36014160
BNO_TS GYRO events=3218 unique=74 exact=1 overflow=0 dup=205 reverse=1411 rollover=0 sensor_dt_us=-8800/3.42/10000 rx_dt_us=63/9992.38/19608 pair_first=4294953796/3872427 pair_last=4294964796/36017910
BNO_TS MAG events=804 unique=77 exact=1 overflow=0 dup=41 reverse=368 rollover=0 sensor_dt_us=-7700/10.21/8000 rx_dt_us=30707/40002.47/60389 pair_first=4294953796/3872459 pair_last=4294961996/35994446
BNO_VEC ACCEL_SENSOR_AND_ESKF_INPUT events=4064 nonfinite=0 xyz_mean_sd=[-0.271531,0.008567][-0.848134,0.010248][-9.806000,0.023250] xyz_minmax=[-0.312500,-0.238281][-0.882812,-0.808594][-9.855469,-9.734375] norm_mean_sd_minmax=9.846364/0.023196/9.775037/9.897798
BNO_VEC GYRO_SENSOR_AND_ESKF_INPUT events=3218 nonfinite=0 xyz_mean_sd=[-0.000018,0.000490][0.000002,0.000319][0.000001,0.000317] xyz_minmax=[-0.005859,0.007812][-0.003906,0.003906][-0.003906,0.003906] norm_mean_sd_minmax=0.000109/0.000657/0.000000/0.007812
BNO_VEC MAG_SENSOR events=804 nonfinite=0 xyz_mean_sd=[7.047030,0.554732][-22.071906,0.721502][21.949005,0.745148] xyz_minmax=[5.437500,8.625000][-24.000000,-19.625000][19.625000,24.500000] norm_mean_sd_minmax=31.928348/0.743403/29.528919/34.195782
LINK queue/drop/high=1/0/5 tof=977
TXDIAG frames_s=132 bytes_s=17766 total_frames=4294 total_bytes=571636 queue=0 high=5 drops=0 bno_drop=0 partial=0 zero=0 write_calls=79009 max_write_us=0 free_heap=166720 min_free_heap=166720 usage_pct=19.28
BNO_TX kind=1 event=0 req=0 enq=0 drop=0 done=0 bytes=0
BNO_REPORT kind=1 report_id=1 interval_us=10000 requested_hz=100.000 enable_ok=2 enable_fail=0 callback=4088 switch=4065 kind_convert=4065 events=4065 tx_req=0 tx_enq=0 tx_done=0 tx_drop=0 event_drop=0 reset_reconfig=1 effective_hz=126.358
BNO_TX kind=2 event=0 req=0 enq=0 drop=0 done=0 bytes=0
BNO_REPORT kind=2 report_id=2 interval_us=10000 requested_hz=100.000 enable_ok=2 enable_fail=0 callback=3222 switch=3218 kind_convert=3218 events=3218 tx_req=0 tx_enq=0 tx_done=0 tx_drop=0 event_drop=0 reset_reconfig=1 effective_hz=100.076
BNO_TX kind=3 event=0 req=0 enq=0 drop=0 done=0 bytes=0
BNO_REPORT kind=3 report_id=8 interval_us=20000 requested_hz=50.000 enable_ok=2 enable_fail=0 callback=1611 switch=1609 kind_convert=1609 events=1609 tx_req=0 tx_enq=0 tx_done=0 tx_drop=0 event_drop=0 reset_reconfig=1 effective_hz=50.028
BNO_TX kind=4 event=0 req=0 enq=0 drop=0 done=0 bytes=0
BNO_REPORT kind=4 report_id=3 interval_us=50000 requested_hz=20.000 enable_ok=2 enable_fail=0 callback=806 switch=804 kind_convert=804 events=804 tx_req=0 tx_enq=0 tx_done=0 tx_drop=0 event_drop=0 reset_reconfig=1 effective_hz=24.998
BNO_TX kind=5 event=0 req=0 enq=0 drop=0 done=0 bytes=0
BNO_REPORT kind=5 report_id=4 interval_us=20000 requested_hz=50.000 enable_ok=2 enable_fail=0 callback=1610 switch=1609 kind_convert=1609 events=1609 tx_req=0 tx_enq=0 tx_done=0 tx_drop=0 event_drop=0 reset_reconfig=1 effective_hz=50.015
DIAG state=FAULT dry=1 bno_ready=1 addr=0x4A init/reinit/poll=1/0/5850 event A/G/M=4191/3317/829 age_rx_us=4246/13344/28728
IMU cand/pair/call/ok=3317/3317/3317/3314 reject=3 dup/order/stale/dt/nonfinite/norm/queue=0/0/0/3/0/0/0 last_ok_age_us=13344 dt_us=8279 align_samples=199 align_elapsed_us=2004484
HEALTH state=2 health=1 reason=mount_unvalidated mount=0 imu_age_us=13344 imu_gaps=0 reversals=0 covariance=1 finite=1 gnss_age_us=4294967295 tof_age_us=4294967295 obs=1
BNO_TS ACCEL events=4191 unique=99 exact=1 overflow=0 dup=136 reverse=2087 rollover=0 sensor_dt_us=-8500/1.17/8400 rx_dt_us=8/7913.23/19173 pair_first=4294959496/3860589 pair_last=4294964396/37017012
BNO_TS GYRO events=3317 unique=75 exact=1 overflow=0 dup=213 reverse=1451 rollover=0 sensor_dt_us=-8800/3.32/10000 rx_dt_us=63/9992.61/19608 pair_first=4294953796/3872427 pair_last=4294964796/37007914
BNO_TS MAG events=829 unique=78 exact=1 overflow=0 dup=43 reverse=376 rollover=0 sensor_dt_us=-7700/10.39/8000 rx_dt_us=29929/40000.09/60389 pair_first=4294953796/3872459 pair_last=4294962396/36992530
BNO_VEC ACCEL_SENSOR_AND_ESKF_INPUT events=4191 nonfinite=0 xyz_mean_sd=[-0.271522,0.008605][-0.848170,0.010177][-9.806029,0.023208] xyz_minmax=[-0.312500,-0.238281][-0.882812,-0.808594][-9.855469,-9.734375] norm_mean_sd_minmax=9.846395/0.023153/9.775037/9.897798
BNO_VEC GYRO_SENSOR_AND_ESKF_INPUT events=3317 nonfinite=0 xyz_mean_sd=[-0.000024,0.000541][0.000003,0.000341][0.000001,0.000334] xyz_minmax=[-0.005859,0.007812][-0.003906,0.003906][-0.003906,0.003906] norm_mean_sd_minmax=0.000125/0.000711/0.000000/0.007812
BNO_VEC MAG_SENSOR events=829 nonfinite=0 xyz_mean_sd=[7.051267,0.556678][-22.067853,0.720438][21.942476,0.744377] xyz_minmax=[5.437500,8.625000][-24.000000,-19.625000][19.625000,24.500000] norm_mean_sd_minmax=31.921888/0.747529/29.528919/34.195782
LINK queue/drop/high=0/0/5 tof=1007
TXDIAG frames_s=136 bytes_s=17988 total_frames=4430 total_bytes=589624 queue=0 high=5 drops=0 bno_drop=0 partial=0 zero=0 write_calls=81783 max_write_us=0 free_heap=166720 min_free_heap=166720 usage_pct=19.52
BNO_TX kind=1 event=0 req=0 enq=0 drop=0 done=0 bytes=0
BNO_REPORT kind=1 report_id=1 interval_us=10000 requested_hz=100.000 enable_ok=2 enable_fail=0 callback=4214 switch=4191 kind_convert=4191 events=4191 tx_req=0 tx_enq=0 tx_done=0 tx_drop=0 event_drop=0 reset_reconfig=1 effective_hz=126.371
BNO_TX kind=2 event=0 req=0 enq=0 drop=0 done=0 bytes=0
BNO_REPORT kind=2 report_id=2 interval_us=10000 requested_hz=100.000 enable_ok=2 enable_fail=0 callback=3322 switch=3317 kind_convert=3317 events=3317 tx_req=0 tx_enq=0 tx_done=0 tx_drop=0 event_drop=0 reset_reconfig=1 effective_hz=100.074
BNO_TX kind=3 event=0 req=0 enq=0 drop=0 done=0 bytes=0
BNO_REPORT kind=3 report_id=8 interval_us=20000 requested_hz=50.000 enable_ok=2 enable_fail=0 callback=1660 switch=1659 kind_convert=1659 events=1659 tx_req=0 tx_enq=0 tx_done=0 tx_drop=0 event_drop=0 reset_reconfig=1 effective_hz=50.028
BNO_TX kind=4 event=0 req=0 enq=0 drop=0 done=0 bytes=0
BNO_REPORT kind=4 report_id=3 interval_us=50000 requested_hz=20.000 enable_ok=2 enable_fail=0 callback=830 switch=829 kind_convert=829 events=829 tx_req=0 tx_enq=0 tx_done=0 tx_drop=0 event_drop=0 reset_reconfig=1 effective_hz=25.000
BNO_TX kind=5 event=0 req=0 enq=0 drop=0 done=0 bytes=0
BNO_REPORT kind=5 report_id=4 interval_us=20000 requested_hz=50.000 enable_ok=2 enable_fail=0 callback=1660 switch=1658 kind_convert=1658 events=1658 tx_req=0 tx_enq=0 tx_done=0 tx_drop=0 event_drop=0 reset_reconfig=1 effective_hz=50.011
DIAG state=FAULT dry=1 bno_ready=1 addr=0x4A init/reinit/poll=1/0/6026 event A/G/M=4318/3419/854 age_rx_us=7208/2747/36115
IMU cand/pair/call/ok=3419/3419/3419/3416 reject=3 dup/order/stale/dt/nonfinite/norm/queue=0/0/0/3/0/0/0 last_ok_age_us=2747 dt_us=9438 align_samples=199 align_elapsed_us=2004484
HEALTH state=2 health=1 reason=mount_unvalidated mount=0 imu_age_us=2747 imu_gaps=0 reversals=0 covariance=1 finite=1 gnss_age_us=4294967295 tof_age_us=4294967295 obs=1
BNO_TS ACCEL events=4318 unique=100 exact=1 overflow=0 dup=143 reverse=2146 rollover=0 sensor_dt_us=-8500/1.27/8400 rx_dt_us=8/7913.46/19429 pair_first=4294959496/3860589 pair_last=4294964996/38022984
BNO_TS GYRO events=3419 unique=76 exact=1 overflow=0 dup=221 reverse=1492 rollover=0 sensor_dt_us=-8800/3.16/10000 rx_dt_us=63/9992.69/19608 pair_first=4294953796/3872427 pair_last=4294964596/38027445
BNO_TS MAG events=854 unique=78 exact=1 overflow=0 dup=44 reverse=385 rollover=0 sensor_dt_us=-7700/9.50/8000 rx_dt_us=29929/40001.90/60389 pair_first=4294953796/3872459 pair_last=4294961896/37994077
BNO_VEC ACCEL_SENSOR_AND_ESKF_INPUT events=4318 nonfinite=0 xyz_mean_sd=[-0.271530,0.008574][-0.848219,0.010168][-9.806011,0.023204] xyz_minmax=[-0.312500,-0.238281][-0.882812,-0.808594][-9.855469,-9.734375] norm_mean_sd_minmax=9.846382/0.023147/9.775037/9.897798
BNO_VEC GYRO_SENSOR_AND_ESKF_INPUT events=3419 nonfinite=0 xyz_mean_sd=[-0.000022,0.000714][0.000016,0.000453][-0.000002,0.000433] xyz_minmax=[-0.005859,0.007812][-0.003906,0.003906][-0.003906,0.003906] norm_mean_sd_minmax=0.000211/0.000926/0.000000/0.008053
BNO_VEC MAG_SENSOR events=854 nonfinite=0 xyz_mean_sd=[7.056718,0.556753][-22.067184,0.722728][21.934939,0.746514] xyz_minmax=[5.437500,8.625000][-24.000000,-19.625000][19.625000,24.500000] norm_mean_sd_minmax=31.917521/0.748920/29.528919/34.195782
LINK queue/drop/high=1/0/5 tof=1038
TXDIAG frames_s=135 bytes_s=18039 total_frames=4567 total_bytes=607844 queue=0 high=5 drops=0 bno_drop=0 partial=0 zero=0 write_calls=84796 max_write_us=0 free_heap=166720 min_free_heap=166720 usage_pct=19.57
BNO_TX kind=1 event=0 req=0 enq=0 drop=0 done=0 bytes=0
BNO_REPORT kind=1 report_id=1 interval_us=10000 requested_hz=100.000 enable_ok=2 enable_fail=0 callback=4342 switch=4318 kind_convert=4318 events=4318 tx_req=0 tx_enq=0 tx_done=0 tx_drop=0 event_drop=0 reset_reconfig=1 effective_hz=126.367
BNO_TX kind=2 event=0 req=0 enq=0 drop=0 done=0 bytes=0
BNO_REPORT kind=2 report_id=2 interval_us=10000 requested_hz=100.000 enable_ok=2 enable_fail=0 callback=3423 switch=3419 kind_convert=3419 events=3419 tx_req=0 tx_enq=0 tx_done=0 tx_drop=0 event_drop=0 reset_reconfig=1 effective_hz=100.073
BNO_TX kind=3 event=0 req=0 enq=0 drop=0 done=0 bytes=0
BNO_REPORT kind=3 report_id=8 interval_us=20000 requested_hz=50.000 enable_ok=2 enable_fail=0 callback=1711 switch=1709 kind_convert=1709 events=1709 tx_req=0 tx_enq=0 tx_done=0 tx_drop=0 event_drop=0 reset_reconfig=1 effective_hz=50.031
BNO_TX kind=4 event=0 req=0 enq=0 drop=0 done=0 bytes=0
BNO_REPORT kind=4 report_id=3 interval_us=50000 requested_hz=20.000 enable_ok=2 enable_fail=0 callback=856 switch=854 kind_convert=854 events=854 tx_req=0 tx_enq=0 tx_done=0 tx_drop=0 event_drop=0 reset_reconfig=1 effective_hz=24.999
BNO_TX kind=5 event=0 req=0 enq=0 drop=0 done=0 bytes=0
BNO_REPORT kind=5 report_id=4 interval_us=20000 requested_hz=50.000 enable_ok=2 enable_fail=0 callback=1711 switch=1710 kind_convert=1710 events=1710 tx_req=0 tx_enq=0 tx_done=0 tx_drop=0 event_drop=0 reset_reconfig=1 effective_hz=50.016
DIAG state=FAULT dry=1 bno_ready=1 addr=0x4A init/reinit/poll=1/0/6206 event A/G/M=4445/3519/879 age_rx_us=5239/1371/37059
IMU cand/pair/call/ok=3519/3519/3519/3516 reject=3 dup/order/stale/dt/nonfinite/norm/queue=0/0/0/3/0/0/0 last_ok_age_us=1371 dt_us=11944 align_samples=199 align_elapsed_us=2004484
HEALTH state=2 health=1 reason=mount_unvalidated mount=0 imu_age_us=1371 imu_gaps=0 reversals=0 covariance=1 finite=1 gnss_age_us=4294967295 tof_age_us=4294967295 obs=1
BNO_TS ACCEL events=4445 unique=100 exact=1 overflow=0 dup=148 reverse=2206 rollover=0 sensor_dt_us=-8500/1.35/8400 rx_dt_us=8/7912.81/19429 pair_first=4294959496/3860589 pair_last=4294965496/39025126
BNO_TS GYRO events=3519 unique=76 exact=1 overflow=0 dup=227 reverse=1536 rollover=0 sensor_dt_us=-8800/3.13/10000 rx_dt_us=63/9993.34/19608 pair_first=4294953796/3872427 pair_last=4294964796/39028994
BNO_TS MAG events=879 unique=78 exact=1 overflow=0 dup=46 reverse=397 rollover=0 sensor_dt_us=-7700/8.88/8000 rx_dt_us=29929/40000.96/60389 pair_first=4294953796/3872459 pair_last=4294961596/38993306
BNO_VEC ACCEL_SENSOR_AND_ESKF_INPUT events=4445 nonfinite=0 xyz_mean_sd=[-0.271552,0.008515][-0.848233,0.010137][-9.806028,0.023236] xyz_minmax=[-0.312500,-0.238281][-0.882812,-0.808594][-9.855469,-9.734375] norm_mean_sd_minmax=9.846400/0.023179/9.775037/9.897798
BNO_VEC GYRO_SENSOR_AND_ESKF_INPUT events=3519 nonfinite=0 xyz_mean_sd=[-0.000022,0.000704][0.000016,0.000446][-0.000002,0.000427] xyz_minmax=[-0.005859,0.007812][-0.003906,0.003906][-0.003906,0.003906] norm_mean_sd_minmax=0.000205/0.000914/0.000000/0.008053
BNO_VEC MAG_SENSOR events=879 nonfinite=0 xyz_mean_sd=[7.061078,0.562494][-22.065273,0.722695][21.938282,0.749493] xyz_minmax=[5.437500,8.625000][-24.000000,-19.625000][19.625000,24.500000] norm_mean_sd_minmax=31.919525/0.753447/29.528919/34.195782
LINK queue/drop/high=1/0/5 tof=1068
TXDIAG frames_s=136 bytes_s=18024 total_frames=4703 total_bytes=625868 queue=0 high=5 drops=0 bno_drop=0 partial=0 zero=0 write_calls=87446 max_write_us=0 free_heap=166720 min_free_heap=166720 usage_pct=19.56
BNO_TX kind=1 event=0 req=0 enq=0 drop=0 done=0 bytes=0
BNO_REPORT kind=1 report_id=1 interval_us=10000 requested_hz=100.000 enable_ok=2 enable_fail=0 callback=4468 switch=4445 kind_convert=4445 events=4445 tx_req=0 tx_enq=0 tx_done=0 tx_drop=0 event_drop=0 reset_reconfig=1 effective_hz=126.377
BNO_TX kind=2 event=0 req=0 enq=0 drop=0 done=0 bytes=0
BNO_REPORT kind=2 report_id=2 interval_us=10000 requested_hz=100.000 enable_ok=2 enable_fail=0 callback=3523 switch=3519 kind_convert=3519 events=3519 tx_req=0 tx_enq=0 tx_done=0 tx_drop=0 event_drop=0 reset_reconfig=1 effective_hz=100.067
BNO_TX kind=3 event=0 req=0 enq=0 drop=0 done=0 bytes=0
BNO_REPORT kind=3 report_id=8 interval_us=20000 requested_hz=50.000 enable_ok=2 enable_fail=0 callback=1761 switch=1759 kind_convert=1759 events=1759 tx_req=0 tx_enq=0 tx_done=0 tx_drop=0 event_drop=0 reset_reconfig=1 effective_hz=50.027
BNO_TX kind=4 event=0 req=0 enq=0 drop=0 done=0 bytes=0
BNO_REPORT kind=4 report_id=3 interval_us=50000 requested_hz=20.000 enable_ok=2 enable_fail=0 callback=881 switch=879 kind_convert=879 events=879 tx_req=0 tx_enq=0 tx_done=0 tx_drop=0 event_drop=0 reset_reconfig=1 effective_hz=24.999
BNO_TX kind=5 event=0 req=0 enq=0 drop=0 done=0 bytes=0
BNO_REPORT kind=5 report_id=4 interval_us=20000 requested_hz=50.000 enable_ok=2 enable_fail=0 callback=1761 switch=1759 kind_convert=1759 events=1759 tx_req=0 tx_enq=0 tx_done=0 tx_drop=0 event_drop=0 reset_reconfig=1 effective_hz=50.015
DIAG state=FAULT dry=1 bno_ready=1 addr=0x4A init/reinit/poll=1/0/6392 event A/G/M=4572/3620/905 age_rx_us=7040/3181/7051
IMU cand/pair/call/ok=3620/3620/3620/3617 reject=3 dup/order/stale/dt/nonfinite/norm/queue=0/0/0/3/0/0/0 last_ok_age_us=3181 dt_us=9982 align_samples=199 align_elapsed_us=2004484
HEALTH state=2 health=1 reason=mount_unvalidated mount=0 imu_age_us=3181 imu_gaps=0 reversals=0 covariance=1 finite=1 gnss_age_us=4294967295 tof_age_us=4294967295 obs=1
BNO_TS ACCEL events=4572 unique=100 exact=1 overflow=0 dup=152 reverse=2269 rollover=0 sensor_dt_us=-8500/1.23/8400 rx_dt_us=8/7913.47/19429 pair_first=4294959496/3860589 pair_last=4294965096/40033051
BNO_TS GYRO events=3620 unique=76 exact=1 overflow=0 dup=230 reverse=1586 rollover=0 sensor_dt_us=-8800/3.04/10000 rx_dt_us=63/9992.95/19608 pair_first=4294953796/3872427 pair_last=4294964796/40036910
BNO_TS MAG events=905 unique=79 exact=1 overflow=0 dup=48 reverse=411 rollover=0 sensor_dt_us=-7700/9.40/8000 rx_dt_us=29929/40000.64/60389 pair_first=4294953796/3872459 pair_last=4294962296/40033040
BNO_VEC ACCEL_SENSOR_AND_ESKF_INPUT events=4572 nonfinite=0 xyz_mean_sd=[-0.271551,0.008501][-0.848243,0.010198][-9.805904,0.023250] xyz_minmax=[-0.312500,-0.238281][-0.882812,-0.808594][-9.855469,-9.734375] norm_mean_sd_minmax=9.846278/0.023189/9.775037/9.897798
BNO_VEC GYRO_SENSOR_AND_ESKF_INPUT events=3620 nonfinite=0 xyz_mean_sd=[-0.000021,0.000694][0.000015,0.000440][-0.000002,0.000421] xyz_minmax=[-0.005859,0.007812][-0.003906,0.003906][-0.003906,0.003906] norm_mean_sd_minmax=0.000200/0.000901/0.000000/0.008053
BNO_VEC MAG_SENSOR events=905 nonfinite=0 xyz_mean_sd=[7.061878,0.562200][-22.060221,0.729082][21.934530,0.748245] xyz_minmax=[5.375000,8.625000][-24.000000,-19.625000][19.625000,24.500000] norm_mean_sd_minmax=31.913662/0.756824/29.528919/34.195782
LINK queue/drop/high=1/0/5 tof=1099
TXDIAG frames_s=135 bytes_s=18047 total_frames=4840 total_bytes=644060 queue=0 high=5 drops=0 bno_drop=0 partial=0 zero=0 write_calls=89608 max_write_us=0 free_heap=166720 min_free_heap=166720 usage_pct=19.58
BNO_TX kind=1 event=0 req=0 enq=0 drop=0 done=0 bytes=0
BNO_REPORT kind=1 report_id=1 interval_us=10000 requested_hz=100.000 enable_ok=2 enable_fail=0 callback=4596 switch=4573 kind_convert=4573 events=4573 tx_req=0 tx_enq=0 tx_done=0 tx_drop=0 event_drop=0 reset_reconfig=1 effective_hz=126.362
BNO_TX kind=2 event=0 req=0 enq=0 drop=0 done=0 bytes=0
BNO_REPORT kind=2 report_id=2 interval_us=10000 requested_hz=100.000 enable_ok=2 enable_fail=0 callback=3623 switch=3620 kind_convert=3620 events=3620 tx_req=0 tx_enq=0 tx_done=0 tx_drop=0 event_drop=0 reset_reconfig=1 effective_hz=100.071
BNO_TX kind=3 event=0 req=0 enq=0 drop=0 done=0 bytes=0
BNO_REPORT kind=3 report_id=8 interval_us=20000 requested_hz=50.000 enable_ok=2 enable_fail=0 callback=1811 switch=1810 kind_convert=1810 events=1810 tx_req=0 tx_enq=0 tx_done=0 tx_drop=0 event_drop=0 reset_reconfig=1 effective_hz=50.027
BNO_TX kind=4 event=0 req=0 enq=0 drop=0 done=0 bytes=0
BNO_REPORT kind=4 report_id=3 interval_us=50000 requested_hz=20.000 enable_ok=2 enable_fail=0 callback=906 switch=905 kind_convert=905 events=905 tx_req=0 tx_enq=0 tx_done=0 tx_drop=0 event_drop=0 reset_reconfig=1 effective_hz=25.000
BNO_TX kind=5 event=0 req=0 enq=0 drop=0 done=0 bytes=0
BNO_REPORT kind=5 report_id=4 interval_us=20000 requested_hz=50.000 enable_ok=2 enable_fail=0 callback=1811 switch=1810 kind_convert=1810 events=1810 tx_req=0 tx_enq=0 tx_done=0 tx_drop=0 event_drop=0 reset_reconfig=1 effective_hz=50.014
DIAG state=FAULT dry=1 bno_ready=1 addr=0x4A init/reinit/poll=1/0/6576 event A/G/M=4699/3719/930 age_rx_us=5068/7523/7552
IMU cand/pair/call/ok=3719/3719/3719/3716 reject=3 dup/order/stale/dt/nonfinite/norm/queue=0/0/0/3/0/0/0 last_ok_age_us=7523 dt_us=15081 align_samples=199 align_elapsed_us=2004484
HEALTH state=2 health=1 reason=mount_unvalidated mount=0 imu_age_us=7523 imu_gaps=0 reversals=0 covariance=1 finite=1 gnss_age_us=4294967295 tof_age_us=4294967295 obs=1
BNO_TS ACCEL events=4699 unique=101 exact=1 overflow=0 dup=156 reverse=2329 rollover=0 sensor_dt_us=-8500/0.85/8400 rx_dt_us=8/7913.08/19429 pair_first=4294959496/3860589 pair_last=4294963496/41036218
BNO_TS GYRO events=3719 unique=76 exact=1 overflow=0 dup=239 reverse=1626 rollover=0 sensor_dt_us=-8800/2.21/10000 rx_dt_us=63/9994.98/19608 pair_first=4294953796/3872427 pair_last=4294961996/41033763
BNO_TS MAG events=930 unique=81 exact=1 overflow=0 dup=48 reverse=426 rollover=0 sensor_dt_us=-7700/8.83/8300 rx_dt_us=29929/40001.37/60389 pair_first=4294953796/3872459 pair_last=4294961996/41033734
BNO_VEC ACCEL_SENSOR_AND_ESKF_INPUT events=4699 nonfinite=0 xyz_mean_sd=[-0.271543,0.008537][-0.848254,0.010226][-9.805910,0.023247] xyz_minmax=[-0.312500,-0.238281][-0.882812,-0.808594][-9.855469,-9.734375] norm_mean_sd_minmax=9.846285/0.023190/9.775037/9.897798
BNO_VEC GYRO_SENSOR_AND_ESKF_INPUT events=3719 nonfinite=0 xyz_mean_sd=[-0.000020,0.000684][0.000015,0.000434][-0.000002,0.000415] xyz_minmax=[-0.005859,0.007812][-0.003906,0.003906][-0.003906,0.003906] norm_mean_sd_minmax=0.000194/0.000890/0.000000/0.008053
BNO_VEC MAG_SENSOR events=930 nonfinite=0 xyz_mean_sd=[7.060349,0.563503][-22.057863,0.727611][21.939987,0.751056] xyz_minmax=[5.375000,8.625000][-24.000000,-19.625000][19.625000,24.500000] norm_mean_sd_minmax=31.915538/0.755203/29.528919/34.195782
LINK queue/drop/high=0/0/5 tof=1129
TXDIAG frames_s=134 bytes_s=17846 total_frames=4975 total_bytes=661960 queue=0 high=5 drops=0 bno_drop=0 partial=0 zero=0 write_calls=92135 max_write_us=0 free_heap=166720 min_free_heap=166720 usage_pct=19.36
BNO_TX kind=1 event=0 req=0 enq=0 drop=0 done=0 bytes=0
BNO_REPORT kind=1 report_id=1 interval_us=10000 requested_hz=100.000 enable_ok=2 enable_fail=0 callback=4722 switch=4699 kind_convert=4699 events=4699 tx_req=0 tx_enq=0 tx_done=0 tx_drop=0 event_drop=0 reset_reconfig=1 effective_hz=126.373
BNO_TX kind=2 event=0 req=0 enq=0 drop=0 done=0 bytes=0
BNO_REPORT kind=2 report_id=2 interval_us=10000 requested_hz=100.000 enable_ok=2 enable_fail=0 callback=3724 switch=3719 kind_convert=3719 events=3719 tx_req=0 tx_enq=0 tx_done=0 tx_drop=0 event_drop=0 reset_reconfig=1 effective_hz=100.050
BNO_TX kind=3 event=0 req=0 enq=0 drop=0 done=0 bytes=0
BNO_REPORT kind=3 report_id=8 interval_us=20000 requested_hz=50.000 enable_ok=2 enable_fail=0 callback=1862 switch=1860 kind_convert=1860 events=1860 tx_req=0 tx_enq=0 tx_done=0 tx_drop=0 event_drop=0 reset_reconfig=1 effective_hz=50.025
BNO_TX kind=4 event=0 req=0 enq=0 drop=0 done=0 bytes=0
BNO_REPORT kind=4 report_id=3 interval_us=50000 requested_hz=20.000 enable_ok=2 enable_fail=0 callback=931 switch=930 kind_convert=930 events=930 tx_req=0 tx_enq=0 tx_done=0 tx_drop=0 event_drop=0 reset_reconfig=1 effective_hz=24.999
BNO_TX kind=5 event=0 req=0 enq=0 drop=0 done=0 bytes=0
BNO_REPORT kind=5 report_id=4 interval_us=20000 requested_hz=50.000 enable_ok=2 enable_fail=0 callback=1861 switch=1859 kind_convert=1859 events=1859 tx_req=0 tx_enq=0 tx_done=0 tx_drop=0 event_drop=0 reset_reconfig=1 effective_hz=50.011
DIAG state=FAULT dry=1 bno_ready=1 addr=0x4A init/reinit/poll=1/0/6752 event A/G/M=4826/3821/955 age_rx_us=5262/2302/17045
IMU cand/pair/call/ok=3821/3821/3821/3818 reject=3 dup/order/stale/dt/nonfinite/norm/queue=0/0/0/3/0/0/0 last_ok_age_us=2302 dt_us=8253 align_samples=199 align_elapsed_us=2004484
HEALTH state=2 health=1 reason=mount_unvalidated mount=0 imu_age_us=2302 imu_gaps=0 reversals=0 covariance=1 finite=1 gnss_age_us=4294967295 tof_age_us=4294967295 obs=1
BNO_TS ACCEL events=4826 unique=101 exact=1 overflow=0 dup=161 reverse=2390 rollover=0 sensor_dt_us=-8500/0.66/8400 rx_dt_us=8/7913.65/19429 pair_first=4294959496/3860589 pair_last=4294962696/42043950
BNO_TS GYRO events=3821 unique=76 exact=1 overflow=0 dup=245 reverse=1671 rollover=0 sensor_dt_us=-8800/2.88/10000 rx_dt_us=63/9993.32/19608 pair_first=4294953796/3872427 pair_last=4294964796/42046910
BNO_TS MAG events=955 unique=82 exact=1 overflow=0 dup=48 reverse=439 rollover=0 sensor_dt_us=-7700/8.81/8300 rx_dt_us=29929/39999.69/60389 pair_first=4294953796/3872459 pair_last=4294962196/42032167
BNO_VEC ACCEL_SENSOR_AND_ESKF_INPUT events=4826 nonfinite=0 xyz_mean_sd=[-0.271549,0.008511][-0.848274,0.010180][-9.805845,0.023328] xyz_minmax=[-0.312500,-0.238281][-0.882812,-0.808594][-9.855469,-9.734375] norm_mean_sd_minmax=9.846221/0.023272/9.775037/9.897798
BNO_VEC GYRO_SENSOR_AND_ESKF_INPUT events=3821 nonfinite=0 xyz_mean_sd=[-0.000020,0.000675][0.000014,0.000428][-0.000002,0.000410] xyz_minmax=[-0.005859,0.007812][-0.003906,0.003906][-0.003906,0.003906] norm_mean_sd_minmax=0.000189/0.000879/0.000000/0.008053
BNO_VEC MAG_SENSOR events=955 nonfinite=0 xyz_mean_sd=[7.062435,0.561568][-22.059293,0.724615][21.940249,0.757819] xyz_minmax=[5.375000,8.625000][-24.000000,-19.625000][19.625000,24.500000] norm_mean_sd_minmax=31.917200/0.756274/29.528919/34.195782
LINK queue/drop/high=1/0/5 tof=1160
TXDIAG frames_s=132 bytes_s=17646 total_frames=5108 total_bytes=679712 queue=0 high=5 drops=0 bno_drop=0 partial=0 zero=0 write_calls=95034 max_write_us=0 free_heap=166720 min_free_heap=166720 usage_pct=19.15
BNO_TX kind=1 event=0 req=0 enq=0 drop=0 done=0 bytes=0
BNO_REPORT kind=1 report_id=1 interval_us=10000 requested_hz=100.000 enable_ok=2 enable_fail=0 callback=4850 switch=4826 kind_convert=4826 events=4826 tx_req=0 tx_enq=0 tx_done=0 tx_drop=0 event_drop=0 reset_reconfig=1 effective_hz=126.364
BNO_TX kind=2 event=0 req=0 enq=0 drop=0 done=0 bytes=0
BNO_REPORT kind=2 report_id=2 interval_us=10000 requested_hz=100.000 enable_ok=2 enable_fail=0 callback=3825 switch=3822 kind_convert=3822 events=3822 tx_req=0 tx_enq=0 tx_done=0 tx_drop=0 event_drop=0 reset_reconfig=1 effective_hz=100.064
BNO_TX kind=3 event=0 req=0 enq=0 drop=0 done=0 bytes=0
BNO_REPORT kind=3 report_id=8 interval_us=20000 requested_hz=50.000 enable_ok=2 enable_fail=0 callback=1912 switch=1911 kind_convert=1911 events=1911 tx_req=0 tx_enq=0 tx_done=0 tx_drop=0 event_drop=0 reset_reconfig=1 effective_hz=50.026
BNO_TX kind=4 event=0 req=0 enq=0 drop=0 done=0 bytes=0
BNO_REPORT kind=4 report_id=3 interval_us=50000 requested_hz=20.000 enable_ok=2 enable_fail=0 callback=956 switch=955 kind_convert=955 events=955 tx_req=0 tx_enq=0 tx_done=0 tx_drop=0 event_drop=0 reset_reconfig=1 effective_hz=25.000
BNO_TX kind=5 event=0 req=0 enq=0 drop=0 done=0 bytes=0
BNO_REPORT kind=5 report_id=4 interval_us=20000 requested_hz=50.000 enable_ok=2 enable_fail=0 callback=1911 switch=1910 kind_convert=1910 events=1910 tx_req=0 tx_enq=0 tx_done=0 tx_drop=0 event_drop=0 reset_reconfig=1 effective_hz=50.011
DIAG state=FAULT dry=1 bno_ready=1 addr=0x4A init/reinit/poll=1/0/6928 event A/G/M=4951/3920/980 age_rx_us=13328/7443/16222
IMU cand/pair/call/ok=3920/3920/3920/3917 reject=3 dup/order/stale/dt/nonfinite/norm/queue=0/0/0/3/0/0/0 last_ok_age_us=7443 dt_us=14907 align_samples=199 align_elapsed_us=2004484
HEALTH state=2 health=1 reason=mount_unvalidated mount=0 imu_age_us=7443 imu_gaps=0 reversals=0 covariance=1 finite=1 gnss_age_us=4294967295 tof_age_us=4294967295 obs=1
BNO_TS ACCEL events=4951 unique=101 exact=1 overflow=0 dup=166 reverse=2445 rollover=0 sensor_dt_us=-8500/1.15/8400 rx_dt_us=8/7914.21/19429 pair_first=4294959496/3860589 pair_last=4294965196/43035944
BNO_TS GYRO events=3920 unique=77 exact=1 overflow=0 dup=247 reverse=1717 rollover=0 sensor_dt_us=-8800/2.19/10000 rx_dt_us=63/9994.74/19608 pair_first=4294953796/3872427 pair_last=4294962396/43041829
BNO_TS MAG events=980 unique=82 exact=1 overflow=0 dup=49 reverse=448 rollover=0 sensor_dt_us=-7700/8.07/8300 rx_dt_us=29929/40000.60/60389 pair_first=4294953796/3872459 pair_last=4294961696/43033050
BNO_VEC ACCEL_SENSOR_AND_ESKF_INPUT events=4951 nonfinite=0 xyz_mean_sd=[-0.271540,0.008513][-0.848307,0.010162][-9.805840,0.023362] xyz_minmax=[-0.312500,-0.238281][-0.882812,-0.808594][-9.855469,-9.734375] norm_mean_sd_minmax=9.846219/0.023307/9.775037/9.897798
BNO_VEC GYRO_SENSOR_AND_ESKF_INPUT events=3920 nonfinite=0 xyz_mean_sd=[-0.000019,0.000667][0.000014,0.000423][-0.000002,0.000404] xyz_minmax=[-0.005859,0.007812][-0.003906,0.003906][-0.003906,0.003906] norm_mean_sd_minmax=0.000184/0.000868/0.000000/0.008053
BNO_VEC MAG_SENSOR events=980 nonfinite=0 xyz_mean_sd=[7.057334,0.559944][-22.052041,0.724559][21.937819,0.759314] xyz_minmax=[5.375000,8.625000][-24.000000,-19.625000][19.625000,24.500000] norm_mean_sd_minmax=31.909343/0.758480/29.528919/34.195782
LINK queue/drop/high=0/0/5 tof=1190
TXDIAG frames_s=135 bytes_s=17934 total_frames=5244 total_bytes=697700 queue=0 high=5 drops=0 bno_drop=0 partial=0 zero=0 write_calls=98004 max_write_us=0 free_heap=166720 min_free_heap=166720 usage_pct=19.46
BNO_TX kind=1 event=0 req=0 enq=0 drop=0 done=0 bytes=0
BNO_REPORT kind=1 report_id=1 interval_us=10000 requested_hz=100.000 enable_ok=2 enable_fail=0 callback=4975 switch=4953 kind_convert=4953 events=4953 tx_req=0 tx_enq=0 tx_done=0 tx_drop=0 event_drop=0 reset_reconfig=1 effective_hz=126.350
BNO_TX kind=2 event=0 req=0 enq=0 drop=0 done=0 bytes=0
BNO_REPORT kind=2 report_id=2 interval_us=10000 requested_hz=100.000 enable_ok=2 enable_fail=0 callback=3925 switch=3921 kind_convert=3921 events=3921 tx_req=0 tx_enq=0 tx_done=0 tx_drop=0 event_drop=0 reset_reconfig=1 effective_hz=100.059
BNO_TX kind=3 event=0 req=0 enq=0 drop=0 done=0 bytes=0
BNO_REPORT kind=3 report_id=8 interval_us=20000 requested_hz=50.000 enable_ok=2 enable_fail=0 callback=1962 switch=1961 kind_convert=1961 events=1961 tx_req=0 tx_enq=0 tx_done=0 tx_drop=0 event_drop=0 reset_reconfig=1 effective_hz=50.029
BNO_TX kind=4 event=0 req=0 enq=0 drop=0 done=0 bytes=0
BNO_REPORT kind=4 report_id=3 interval_us=50000 requested_hz=20.000 enable_ok=2 enable_fail=0 callback=981 switch=980 kind_convert=980 events=980 tx_req=0 tx_enq=0 tx_done=0 tx_drop=0 event_drop=0 reset_reconfig=1 effective_hz=25.000
BNO_TX kind=5 event=0 req=0 enq=0 drop=0 done=0 bytes=0
BNO_REPORT kind=5 report_id=4 interval_us=20000 requested_hz=50.000 enable_ok=2 enable_fail=0 callback=1962 switch=1961 kind_convert=1961 events=1961 tx_req=0 tx_enq=0 tx_done=0 tx_drop=0 event_drop=0 reset_reconfig=1 effective_hz=50.013
DIAG state=FAULT dry=1 bno_ready=1 addr=0x4A init/reinit/poll=1/0/7100 event A/G/M=5079/4022/1005 age_rx_us=6042/2270/30238
IMU cand/pair/call/ok=4022/4022/4022/4019 reject=3 dup/order/stale/dt/nonfinite/norm/queue=0/0/0/3/0/0/0 last_ok_age_us=2270 dt_us=9024 align_samples=199 align_elapsed_us=2004484
HEALTH state=2 health=1 reason=mount_unvalidated mount=0 imu_age_us=2270 imu_gaps=0 reversals=0 covariance=1 finite=1 gnss_age_us=4294967295 tof_age_us=4294967295 obs=1
BNO_TS ACCEL events=5079 unique=102 exact=1 overflow=0 dup=168 reverse=2503 rollover=0 sensor_dt_us=-8500/0.85/8400 rx_dt_us=8/7914.85/19429 pair_first=4294959496/3860589 pair_last=4294963796/44052183
BNO_TS GYRO events=4022 unique=79 exact=1 overflow=0 dup=252 reverse=1763 rollover=0 sensor_dt_us=-8800/2.74/10000 rx_dt_us=63/9993.42/19608 pair_first=4294953796/3872427 pair_last=4294964796/44055955
BNO_TS MAG events=1005 unique=82 exact=1 overflow=0 dup=49 reverse=462 rollover=0 sensor_dt_us=-7700/10.06/8300 rx_dt_us=29929/39995.55/60389 pair_first=4294953796/3872459 pair_last=4294963896/44027987
BNO_VEC ACCEL_SENSOR_AND_ESKF_INPUT events=5079 nonfinite=0 xyz_mean_sd=[-0.271533,0.008545][-0.848302,0.010165][-9.805829,0.023391] xyz_minmax=[-0.312500,-0.238281][-0.882812,-0.808594][-9.855469,-9.734375] norm_mean_sd_minmax=9.846207/0.023335/9.775037/9.897798
BNO_VEC GYRO_SENSOR_AND_ESKF_INPUT events=4022 nonfinite=0 xyz_mean_sd=[-0.000019,0.000658][0.000014,0.000418][-0.000002,0.000399] xyz_minmax=[-0.005859,0.007812][-0.003906,0.003906][-0.003906,0.003906] norm_mean_sd_minmax=0.000180/0.000857/0.000000/0.008053
BNO_VEC MAG_SENSOR events=1005 nonfinite=0 xyz_mean_sd=[7.058893,0.558351][-22.044776,0.725089][21.936567,0.757705] xyz_minmax=[5.375000,8.625000][-24.000000,-19.625000][19.625000,24.500000] norm_mean_sd_minmax=31.903689/0.761167/29.528919/34.195782
LINK queue/drop/high=1/0/5 tof=1221
TXDIAG frames_s=133 bytes_s=17916 total_frames=5379 total_bytes=715760 queue=0 high=5 drops=0 bno_drop=0 partial=0 zero=0 write_calls=101106 max_write_us=0 free_heap=166720 min_free_heap=166720 usage_pct=19.44
BNO_TX kind=1 event=0 req=0 enq=0 drop=0 done=0 bytes=0
BNO_REPORT kind=1 report_id=1 interval_us=10000 requested_hz=100.000 enable_ok=2 enable_fail=0 callback=5103 switch=5080 kind_convert=5080 events=5080 tx_req=0 tx_enq=0 tx_done=0 tx_drop=0 event_drop=0 reset_reconfig=1 effective_hz=126.342
BNO_TX kind=2 event=0 req=0 enq=0 drop=0 done=0 bytes=0
BNO_REPORT kind=2 report_id=2 interval_us=10000 requested_hz=100.000 enable_ok=2 enable_fail=0 callback=4025 switch=4022 kind_convert=4022 events=4022 tx_req=0 tx_enq=0 tx_done=0 tx_drop=0 event_drop=0 reset_reconfig=1 effective_hz=100.066
BNO_TX kind=3 event=0 req=0 enq=0 drop=0 done=0 bytes=0
BNO_REPORT kind=3 report_id=8 interval_us=20000 requested_hz=50.000 enable_ok=2 enable_fail=0 callback=2012 switch=2011 kind_convert=2011 events=2011 tx_req=0 tx_enq=0 tx_done=0 tx_drop=0 event_drop=0 reset_reconfig=1 effective_hz=50.025
BNO_TX kind=4 event=0 req=0 enq=0 drop=0 done=0 bytes=0
BNO_REPORT kind=4 report_id=3 interval_us=50000 requested_hz=20.000 enable_ok=2 enable_fail=0 callback=1006 switch=1005 kind_convert=1005 events=1005 tx_req=0 tx_enq=0 tx_done=0 tx_drop=0 event_drop=0 reset_reconfig=1 effective_hz=25.003
BNO_TX kind=5 event=0 req=0 enq=0 drop=0 done=0 bytes=0
BNO_REPORT kind=5 report_id=4 interval_us=20000 requested_hz=50.000 enable_ok=2 enable_fail=0 callback=2012 switch=2011 kind_convert=2011 events=2011 tx_req=0 tx_enq=0 tx_done=0 tx_drop=0 event_drop=0 reset_reconfig=1 effective_hz=50.014
DIAG state=FAULT dry=1 bno_ready=1 addr=0x4A init/reinit/poll=1/0/7275 event A/G/M=5206/4121/1030 age_rx_us=4827/7965/24001
IMU cand/pair/call/ok=4121/4121/4121/4118 reject=3 dup/order/stale/dt/nonfinite/norm/queue=0/0/0/3/0/0/0 last_ok_age_us=7965 dt_us=13574 align_samples=199 align_elapsed_us=2004484
HEALTH state=2 health=1 reason=mount_unvalidated mount=0 imu_age_us=7965 imu_gaps=0 reversals=0 covariance=1 finite=1 gnss_age_us=4294967295 tof_age_us=4294967295 obs=1
BNO_TS ACCEL events=5206 unique=102 exact=1 overflow=0 dup=169 reverse=2569 rollover=0 sensor_dt_us=-8500/1.10/8400 rx_dt_us=8/7914.10/19429 pair_first=4294959496/3860589 pair_last=4294965196/45053504
BNO_TS GYRO events=4121 unique=79 exact=1 overflow=0 dup=257 reverse=1806 rollover=0 sensor_dt_us=-8800/2.26/10000 rx_dt_us=63/9994.65/19608 pair_first=4294953796/3872427 pair_last=4294963096/45050366
BNO_TS MAG events=1030 unique=83 exact=1 overflow=0 dup=49 reverse=475 rollover=0 sensor_dt_us=-7700/4.66/8300 rx_dt_us=29929/40001.82/60389 pair_first=4294953796/3872459 pair_last=4294958596/45034330
BNO_VEC ACCEL_SENSOR_AND_ESKF_INPUT events=5206 nonfinite=0 xyz_mean_sd=[-0.271539,0.008521][-0.848325,0.010161][-9.805867,0.023413] xyz_minmax=[-0.312500,-0.238281][-0.882812,-0.808594][-9.855469,-9.734375] norm_mean_sd_minmax=9.846248/0.023359/9.775037/9.897798
BNO_VEC GYRO_SENSOR_AND_ESKF_INPUT events=4121 nonfinite=0 xyz_mean_sd=[-0.000018,0.000650][0.000013,0.000412][-0.000002,0.000394] xyz_minmax=[-0.005859,0.007812][-0.003906,0.003906][-0.003906,0.003906] norm_mean_sd_minmax=0.000175/0.000847/0.000000/0.008053
BNO_VEC MAG_SENSOR events=1030 nonfinite=0 xyz_mean_sd=[7.059951,0.555274][-22.044721,0.724610][21.935133,0.755756] xyz_minmax=[5.375000,8.625000][-24.000000,-19.625000][19.625000,24.500000] norm_mean_sd_minmax=31.902755/0.762546/29.528919/34.195782
LINK queue/drop/high=0/0/5 tof=1251
TXDIAG frames_s=135 bytes_s=17917 total_frames=5514 total_bytes=733660 queue=0 high=5 drops=0 bno_drop=0 partial=0 zero=0 write_calls=103607 max_write_us=0 free_heap=166720 min_free_heap=166720 usage_pct=19.44
BNO_TX kind=1 event=0 req=0 enq=0 drop=0 done=0 bytes=0
BNO_REPORT kind=1 report_id=1 interval_us=10000 requested_hz=100.000 enable_ok=2 enable_fail=0 callback=5229 switch=5207 kind_convert=5207 events=5207 tx_req=0 tx_enq=0 tx_done=0 tx_drop=0 event_drop=0 reset_reconfig=1 effective_hz=126.353
BNO_TX kind=2 event=0 req=0 enq=0 drop=0 done=0 bytes=0
BNO_REPORT kind=2 report_id=2 interval_us=10000 requested_hz=100.000 enable_ok=2 enable_fail=0 callback=4125 switch=4122 kind_convert=4122 events=4122 tx_req=0 tx_enq=0 tx_done=0 tx_drop=0 event_drop=0 reset_reconfig=1 effective_hz=100.060
BNO_TX kind=3 event=0 req=0 enq=0 drop=0 done=0 bytes=0
BNO_REPORT kind=3 report_id=8 interval_us=20000 requested_hz=50.000 enable_ok=2 enable_fail=0 callback=2062 switch=2061 kind_convert=2061 events=2061 tx_req=0 tx_enq=0 tx_done=0 tx_drop=0 event_drop=0 reset_reconfig=1 effective_hz=50.027
BNO_TX kind=4 event=0 req=0 enq=0 drop=0 done=0 bytes=0
BNO_REPORT kind=4 report_id=3 interval_us=50000 requested_hz=20.000 enable_ok=2 enable_fail=0 callback=1031 switch=1030 kind_convert=1030 events=1030 tx_req=0 tx_enq=0 tx_done=0 tx_drop=0 event_drop=0 reset_reconfig=1 effective_hz=24.999
BNO_TX kind=5 event=0 req=0 enq=0 drop=0 done=0 bytes=0
BNO_REPORT kind=5 report_id=4 interval_us=20000 requested_hz=50.000 enable_ok=2 enable_fail=0 callback=2062 switch=2061 kind_convert=2061 events=2061 tx_req=0 tx_enq=0 tx_done=0 tx_drop=0 event_drop=0 reset_reconfig=1 effective_hz=50.012
DIAG state=FAULT dry=1 bno_ready=1 addr=0x4A init/reinit/poll=1/0/7453 event A/G/M=5333/4223/1055 age_rx_us=7471/2834/34828
IMU cand/pair/call/ok=4223/4223/4223/4220 reject=3 dup/order/stale/dt/nonfinite/norm/queue=0/0/0/3/0/0/0 last_ok_age_us=2834 dt_us=9358 align_samples=199 align_elapsed_us=2004484
HEALTH state=2 health=1 reason=mount_unvalidated mount=0 imu_age_us=2834 imu_gaps=0 reversals=0 covariance=1 finite=1 gnss_age_us=4294967295 tof_age_us=4294967295 obs=1
BNO_TS ACCEL events=5333 unique=102 exact=1 overflow=0 dup=172 reverse=2631 rollover=0 sensor_dt_us=-8500/0.88/8400 rx_dt_us=8/7914.50/19429 pair_first=4294959496/3860589 pair_last=4294964196/46060701
BNO_TS GYRO events=4223 unique=80 exact=1 overflow=0 dup=264 reverse=1849 rollover=0 sensor_dt_us=-8800/2.61/10000 rx_dt_us=63/9993.58/19608 pair_first=4294953796/3872427 pair_last=4294964796/46065338
BNO_TS MAG events=1055 unique=84 exact=1 overflow=0 dup=50 reverse=486 rollover=0 sensor_dt_us=-7700/6.93/8300 rx_dt_us=29929/40000.84/60389 pair_first=4294953796/3872459 pair_last=4294961096/46033344
BNO_VEC ACCEL_SENSOR_AND_ESKF_INPUT events=5333 nonfinite=0 xyz_mean_sd=[-0.271499,0.008582][-0.848394,0.010208][-9.805878,0.023402] xyz_minmax=[-0.312500,-0.238281][-0.882812,-0.808594][-9.855469,-9.734375] norm_mean_sd_minmax=9.846264/0.023348/9.775037/9.897798
BNO_VEC GYRO_SENSOR_AND_ESKF_INPUT events=4223 nonfinite=0 xyz_mean_sd=[-0.000018,0.000642][0.000013,0.000407][-0.000002,0.000390] xyz_minmax=[-0.005859,0.007812][-0.003906,0.003906][-0.003906,0.003906] norm_mean_sd_minmax=0.000171/0.000838/0.000000/0.008053
BNO_VEC MAG_SENSOR events=1055 nonfinite=0 xyz_mean_sd=[7.059597,0.554310][-22.037796,0.723792][21.933353,0.754394] xyz_minmax=[5.375000,8.625000][-24.000000,-19.625000][19.625000,24.500000] norm_mean_sd_minmax=31.896608/0.762228/29.528919/34.195782
LINK queue/drop/high=1/0/5 tof=1282
TXDIAG frames_s=131 bytes_s=17528 total_frames=5647 total_bytes=751364 queue=0 high=5 drops=0 bno_drop=0 partial=0 zero=0 write_calls=106719 max_write_us=0 free_heap=166720 min_free_heap=166720 usage_pct=19.02
BNO_TX kind=1 event=0 req=0 enq=0 drop=0 done=0 bytes=0
BNO_REPORT kind=1 report_id=1 interval_us=10000 requested_hz=100.000 enable_ok=2 enable_fail=0 callback=5357 switch=5333 kind_convert=5333 events=5333 tx_req=0 tx_enq=0 tx_done=0 tx_drop=0 event_drop=0 reset_reconfig=1 effective_hz=126.350
BNO_TX kind=2 event=0 req=0 enq=0 drop=0 done=0 bytes=0
BNO_REPORT kind=2 report_id=2 interval_us=10000 requested_hz=100.000 enable_ok=2 enable_fail=0 callback=4226 switch=4223 kind_convert=4223 events=4223 tx_req=0 tx_enq=0 tx_done=0 tx_drop=0 event_drop=0 reset_reconfig=1 effective_hz=100.064
BNO_TX kind=3 event=0 req=0 enq=0 drop=0 done=0 bytes=0
BNO_REPORT kind=3 report_id=8 interval_us=20000 requested_hz=50.000 enable_ok=2 enable_fail=0 callback=2113 switch=2111 kind_convert=2111 events=2111 tx_req=0 tx_enq=0 tx_done=0 tx_drop=0 event_drop=0 reset_reconfig=1 effective_hz=50.029
BNO_TX kind=4 event=0 req=0 enq=0 drop=0 done=0 bytes=0
BNO_REPORT kind=4 report_id=3 interval_us=50000 requested_hz=20.000 enable_ok=2 enable_fail=0 callback=1057 switch=1055 kind_convert=1055 events=1055 tx_req=0 tx_enq=0 tx_done=0 tx_drop=0 event_drop=0 reset_reconfig=1 effective_hz=24.999
BNO_TX kind=5 event=0 req=0 enq=0 drop=0 done=0 bytes=0
BNO_REPORT kind=5 report_id=4 interval_us=20000 requested_hz=50.000 enable_ok=2 enable_fail=0 callback=2113 switch=2111 kind_convert=2111 events=2111 tx_req=0 tx_enq=0 tx_done=0 tx_drop=0 event_drop=0 reset_reconfig=1 effective_hz=50.014
DIAG state=FAULT dry=1 bno_ready=1 addr=0x4A init/reinit/poll=1/0/7626 event A/G/M=5459/4322/1080 age_rx_us=13161/7559/33844
IMU cand/pair/call/ok=4322/4322/4322/4319 reject=3 dup/order/stale/dt/nonfinite/norm/queue=0/0/0/3/0/0/0 last_ok_age_us=7559 dt_us=13783 align_samples=199 align_elapsed_us=2004484
HEALTH state=2 health=1 reason=mount_unvalidated mount=0 imu_age_us=7559 imu_gaps=0 reversals=0 covariance=1 finite=1 gnss_age_us=4294967295 tof_age_us=4294967295 obs=1
BNO_TS ACCEL events=5459 unique=102 exact=1 overflow=0 dup=176 reverse=2696 rollover=0 sensor_dt_us=-8500/0.97/8400 rx_dt_us=8/7913.98/19429 pair_first=4294959496/3860589 pair_last=4294964796/47055100
BNO_TS GYRO events=4322 unique=80 exact=1 overflow=0 dup=269 reverse=1893 rollover=0 sensor_dt_us=-8800/1.99/10000 rx_dt_us=63/9994.97/19608 pair_first=4294953796/3872427 pair_last=4294962396/47060702
BNO_TS MAG events=1080 unique=84 exact=1 overflow=0 dup=51 reverse=499 rollover=0 sensor_dt_us=-7700/5.47/8300 rx_dt_us=29929/40001.81/60389 pair_first=4294953796/3872459 pair_last=4294959696/47034417
BNO_VEC ACCEL_SENSOR_AND_ESKF_INPUT events=5459 nonfinite=0 xyz_mean_sd=[-0.271498,0.008570][-0.848400,0.010233][-9.805850,0.023476] xyz_minmax=[-0.312500,-0.238281][-0.882812,-0.808594][-9.855469,-9.734375] norm_mean_sd_minmax=9.846236/0.023420/9.775037/9.897798
BNO_VEC GYRO_SENSOR_AND_ESKF_INPUT events=4322 nonfinite=0 xyz_mean_sd=[-0.000018,0.000635][0.000013,0.000403][-0.000002,0.000385] xyz_minmax=[-0.005859,0.007812][-0.003906,0.003906][-0.003906,0.003906] norm_mean_sd_minmax=0.000167/0.000828/0.000000/0.008053
BNO_VEC MAG_SENSOR events=1080 nonfinite=0 xyz_mean_sd=[7.057755,0.552809][-22.027257,0.726542][21.935648,0.750966] xyz_minmax=[5.375000,8.625000][-24.000000,-19.625000][19.625000,24.500000] norm_mean_sd_minmax=31.890527/0.759166/29.528919/34.195782
LINK queue/drop/high=0/0/5 tof=1312
TXDIAG frames_s=134 bytes_s=17832 total_frames=5782 total_bytes=769232 queue=0 high=5 drops=0 bno_drop=0 partial=0 zero=0 write_calls=109238 max_write_us=0 free_heap=166720 min_free_heap=166720 usage_pct=19.35
BNO_TX kind=1 event=0 req=0 enq=0 drop=0 done=0 bytes=0
BNO_REPORT kind=1 report_id=1 interval_us=10000 requested_hz=100.000 enable_ok=2 enable_fail=0 callback=5483 switch=5461 kind_convert=5461 events=5461 tx_req=0 tx_enq=0 tx_done=0 tx_drop=0 event_drop=0 reset_reconfig=1 effective_hz=126.354
BNO_TX kind=2 event=0 req=0 enq=0 drop=0 done=0 bytes=0
BNO_REPORT kind=2 report_id=2 interval_us=10000 requested_hz=100.000 enable_ok=2 enable_fail=0 callback=4327 switch=4323 kind_convert=4323 events=4323 tx_req=0 tx_enq=0 tx_done=0 tx_drop=0 event_drop=0 reset_reconfig=1 effective_hz=100.055
BNO_TX kind=3 event=0 req=0 enq=0 drop=0 done=0 bytes=0
BNO_REPORT kind=3 report_id=8 interval_us=20000 requested_hz=50.000 enable_ok=2 enable_fail=0 callback=2163 switch=2162 kind_convert=2162 events=2162 tx_req=0 tx_enq=0 tx_done=0 tx_drop=0 event_drop=0 reset_reconfig=1 effective_hz=50.028
BNO_TX kind=4 event=0 req=0 enq=0 drop=0 done=0 bytes=0
BNO_REPORT kind=4 report_id=3 interval_us=50000 requested_hz=20.000 enable_ok=2 enable_fail=0 callback=1082 switch=1081 kind_convert=1081 events=1081 tx_req=0 tx_enq=0 tx_done=0 tx_drop=0 event_drop=0 reset_reconfig=1 effective_hz=25.002
BNO_TX kind=5 event=0 req=0 enq=0 drop=0 done=0 bytes=0
BNO_REPORT kind=5 report_id=4 interval_us=20000 requested_hz=50.000 enable_ok=2 enable_fail=0 callback=2163 switch=2162 kind_convert=2162 events=2162 tx_req=0 tx_enq=0 tx_done=0 tx_drop=0 event_drop=0 reset_reconfig=1 effective_hz=50.013
DIAG state=FAULT dry=1 bno_ready=1 addr=0x4A init/reinit/poll=1/0/7801 event A/G/M=5587/4424/1106 age_rx_us=7056/3090/12883
IMU cand/pair/call/ok=4424/4424/4424/4421 reject=3 dup/order/stale/dt/nonfinite/norm/queue=0/0/0/3/0/0/0 last_ok_age_us=3090 dt_us=3995 align_samples=199 align_elapsed_us=2004484
HEALTH state=2 health=1 reason=mount_unvalidated mount=0 imu_age_us=3090 imu_gaps=0 reversals=0 covariance=1 finite=1 gnss_age_us=4294967295 tof_age_us=4294967295 obs=1
BNO_TS ACCEL events=5587 unique=102 exact=1 overflow=0 dup=180 reverse=2763 rollover=0 sensor_dt_us=-8500/0.86/8400 rx_dt_us=8/7914.52/19429 pair_first=4294959496/3860589 pair_last=4294964296/48071103
BNO_TS GYRO events=4424 unique=80 exact=1 overflow=0 dup=273 reverse=1934 rollover=0 sensor_dt_us=-8800/2.53/10000 rx_dt_us=63/9993.81/19608 pair_first=4294953796/3872427 pair_last=4294964996/48075069
BNO_TS MAG events=1106 unique=84 exact=1 overflow=0 dup=54 reverse=511 rollover=0 sensor_dt_us=-7700/10.41/8300 rx_dt_us=29929/39993.50/60389 pair_first=4294953796/3872459 pair_last=4294965296/48065276
BNO_VEC ACCEL_SENSOR_AND_ESKF_INPUT events=5587 nonfinite=0 xyz_mean_sd=[-0.271487,0.008609][-0.848451,0.010254][-9.805801,0.023420] xyz_minmax=[-0.312500,-0.238281][-0.882812,-0.808594][-9.855469,-9.734375] norm_mean_sd_minmax=9.846192/0.023363/9.775037/9.897798
BNO_VEC GYRO_SENSOR_AND_ESKF_INPUT events=4424 nonfinite=0 xyz_mean_sd=[-0.000017,0.000628][0.000012,0.000398][-0.000002,0.000381] xyz_minmax=[-0.005859,0.007812][-0.003906,0.003906][-0.003906,0.003906] norm_mean_sd_minmax=0.000163/0.000819/0.000000/0.008053
BNO_VEC MAG_SENSOR events=1106 nonfinite=0 xyz_mean_sd=[7.062726,0.552260][-22.025090,0.726150][21.938122,0.750205] xyz_minmax=[5.375000,8.625000][-24.000000,-19.625000][19.625000,24.500000] norm_mean_sd_minmax=31.891849/0.756931/29.528919/34.195782
LINK queue/drop/high=1/0/5 tof=1343
TXDIAG frames_s=133 bytes_s=17843 total_frames=5917 total_bytes=787236 queue=0 high=5 drops=0 bno_drop=0 partial=0 zero=0 write_calls=111594 max_write_us=0 free_heap=166720 min_free_heap=166720 usage_pct=19.36
BNO_TX kind=1 event=0 req=0 enq=0 drop=0 done=0 bytes=0
BNO_REPORT kind=1 report_id=1 interval_us=10000 requested_hz=100.000 enable_ok=2 enable_fail=0 callback=5611 switch=5588 kind_convert=5588 events=5588 tx_req=0 tx_enq=0 tx_done=0 tx_drop=0 event_drop=0 reset_reconfig=1 effective_hz=126.344
BNO_TX kind=2 event=0 req=0 enq=0 drop=0 done=0 bytes=0
BNO_REPORT kind=2 report_id=2 interval_us=10000 requested_hz=100.000 enable_ok=2 enable_fail=0 callback=4428 switch=4424 kind_convert=4424 events=4424 tx_req=0 tx_enq=0 tx_done=0 tx_drop=0 event_drop=0 reset_reconfig=1 effective_hz=100.062
BNO_TX kind=3 event=0 req=0 enq=0 drop=0 done=0 bytes=0
BNO_REPORT kind=3 report_id=8 interval_us=20000 requested_hz=50.000 enable_ok=2 enable_fail=0 callback=2214 switch=2212 kind_convert=2212 events=2212 tx_req=0 tx_enq=0 tx_done=0 tx_drop=0 event_drop=0 reset_reconfig=1 effective_hz=50.024
BNO_TX kind=4 event=0 req=0 enq=0 drop=0 done=0 bytes=0
BNO_REPORT kind=4 report_id=3 interval_us=50000 requested_hz=20.000 enable_ok=2 enable_fail=0 callback=1107 switch=1106 kind_convert=1106 events=1106 tx_req=0 tx_enq=0 tx_done=0 tx_drop=0 event_drop=0 reset_reconfig=1 effective_hz=25.004
BNO_TX kind=5 event=0 req=0 enq=0 drop=0 done=0 bytes=0
BNO_REPORT kind=5 report_id=4 interval_us=20000 requested_hz=50.000 enable_ok=2 enable_fail=0 callback=2213 switch=2212 kind_convert=2212 events=2212 tx_req=0 tx_enq=0 tx_done=0 tx_drop=0 event_drop=0 reset_reconfig=1 effective_hz=50.013
DIAG state=FAULT dry=1 bno_ready=1 addr=0x4A init/reinit/poll=1/0/7983 event A/G/M=5714/4523/1131 age_rx_us=4244/6723/6750
IMU cand/pair/call/ok=4523/4523/4523/4520 reject=3 dup/order/stale/dt/nonfinite/norm/queue=0/0/0/3/0/0/0 last_ok_age_us=6723 dt_us=14874 align_samples=199 align_elapsed_us=2004484
HEALTH state=2 health=1 reason=mount_unvalidated mount=0 imu_age_us=6723 imu_gaps=0 reversals=0 covariance=1 finite=1 gnss_age_us=4294967295 tof_age_us=4294967295 obs=1
BNO_TS ACCEL events=5714 unique=102 exact=1 overflow=0 dup=184 reverse=2824 rollover=0 sensor_dt_us=-8500/0.63/8400 rx_dt_us=8/7914.13/19429 pair_first=4294959496/3860589 pair_last=4294963096/49074012
BNO_TS GYRO events=4523 unique=80 exact=1 overflow=0 dup=280 reverse=1978 rollover=0 sensor_dt_us=-8800/1.81/10000 rx_dt_us=63/9995.38/19608 pair_first=4294953796/3872427 pair_last=4294961996/49071533
BNO_TS MAG events=1131 unique=84 exact=1 overflow=0 dup=55 reverse=522 rollover=0 sensor_dt_us=-7700/7.26/8300 rx_dt_us=29929/39999.16/60389 pair_first=4294953796/3872459 pair_last=4294961996/49071506
BNO_VEC ACCEL_SENSOR_AND_ESKF_INPUT events=5714 nonfinite=0 xyz_mean_sd=[-0.271481,0.008608][-0.848469,0.010249][-9.805837,0.023379] xyz_minmax=[-0.312500,-0.238281][-0.882812,-0.808594][-9.855469,-9.734375] norm_mean_sd_minmax=9.846229/0.023324/9.775037/9.897798
BNO_VEC GYRO_SENSOR_AND_ESKF_INPUT events=4523 nonfinite=0 xyz_mean_sd=[-0.000017,0.000621][0.000012,0.000394][-0.000002,0.000376] xyz_minmax=[-0.005859,0.007812][-0.003906,0.003906][-0.003906,0.003906] norm_mean_sd_minmax=0.000160/0.000810/0.000000/0.008053
BNO_VEC MAG_SENSOR events=1131 nonfinite=0 xyz_mean_sd=[7.063550,0.549070][-22.025531,0.722972][21.937611,0.748889] xyz_minmax=[5.375000,8.625000][-24.000000,-19.625000][19.625000,24.500000] norm_mean_sd_minmax=31.891908/0.753473/29.528919/34.195782
LINK queue/drop/high=0/0/5 tof=1373
TXDIAG frames_s=137 bytes_s=18104 total_frames=6054 total_bytes=805340 queue=0 high=5 drops=0 bno_drop=0 partial=0 zero=0 write_calls=113855 max_write_us=0 free_heap=166720 min_free_heap=166720 usage_pct=19.64
BNO_TX kind=1 event=0 req=0 enq=0 drop=0 done=0 bytes=0
BNO_REPORT kind=1 report_id=1 interval_us=10000 requested_hz=100.000 enable_ok=2 enable_fail=0 callback=5737 switch=5715 kind_convert=5715 events=5715 tx_req=0 tx_enq=0 tx_done=0 tx_drop=0 event_drop=0 reset_reconfig=1 effective_hz=126.353
BNO_TX kind=2 event=0 req=0 enq=0 drop=0 done=0 bytes=0
BNO_REPORT kind=2 report_id=2 interval_us=10000 requested_hz=100.000 enable_ok=2 enable_fail=0 callback=4528 switch=4525 kind_convert=4525 events=4525 tx_req=0 tx_enq=0 tx_done=0 tx_drop=0 event_drop=0 reset_reconfig=1 effective_hz=100.052
BNO_TX kind=3 event=0 req=0 enq=0 drop=0 done=0 bytes=0
BNO_REPORT kind=3 report_id=8 interval_us=20000 requested_hz=50.000 enable_ok=2 enable_fail=0 callback=2263 switch=2262 kind_convert=2262 events=2262 tx_req=0 tx_enq=0 tx_done=0 tx_drop=0 event_drop=0 reset_reconfig=1 effective_hz=50.023
BNO_TX kind=4 event=0 req=0 enq=0 drop=0 done=0 bytes=0
BNO_REPORT kind=4 report_id=3 interval_us=50000 requested_hz=20.000 enable_ok=2 enable_fail=0 callback=1132 switch=1131 kind_convert=1131 events=1131 tx_req=0 tx_enq=0 tx_done=0 tx_drop=0 event_drop=0 reset_reconfig=1 effective_hz=25.001
BNO_TX kind=5 event=0 req=0 enq=0 drop=0 done=0 bytes=0
BNO_REPORT kind=5 report_id=4 interval_us=20000 requested_hz=50.000 enable_ok=2 enable_fail=0 callback=2263 switch=2262 kind_convert=2262 events=2262 tx_req=0 tx_enq=0 tx_done=0 tx_drop=0 event_drop=0 reset_reconfig=1 effective_hz=50.010
DIAG state=FAULT dry=1 bno_ready=1 addr=0x4A init/reinit/poll=1/0/8151 event A/G/M=5842/4624/1156 age_rx_us=2277/10511/15250
IMU cand/pair/call/ok=4624/4624/4624/4621 reject=3 dup/order/stale/dt/nonfinite/norm/queue=0/0/0/3/0/0/0 last_ok_age_us=10511 dt_us=9441 align_samples=199 align_elapsed_us=2004484
HEALTH state=2 health=1 reason=mount_unvalidated mount=0 imu_age_us=10511 imu_gaps=0 reversals=0 covariance=1 finite=1 gnss_age_us=4294967295 tof_age_us=4294967295 obs=1
BNO_TS ACCEL events=5842 unique=103 exact=1 overflow=0 dup=189 reverse=2891 rollover=0 sensor_dt_us=-8500/0.94/8400 rx_dt_us=8/7913.77/19429 pair_first=4294959496/3860589 pair_last=4294964996/50084935
BNO_TS GYRO events=4624 unique=81 exact=1 overflow=0 dup=287 reverse=2020 rollover=0 sensor_dt_us=-8800/2.34/10000 rx_dt_us=63/9994.44/19608 pair_first=4294953796/3872427 pair_last=4294964596/50076701
BNO_TS MAG events=1156 unique=85 exact=1 overflow=0 dup=55 reverse=536 rollover=0 sensor_dt_us=-7700/5.37/8300 rx_dt_us=29929/39999.57/60389 pair_first=4294953796/3872459 pair_last=4294959996/50071962
BNO_VEC ACCEL_SENSOR_AND_ESKF_INPUT events=5842 nonfinite=0 xyz_mean_sd=[-0.271494,0.008573][-0.848498,0.010262][-9.805835,0.023345] xyz_minmax=[-0.312500,-0.238281][-0.882812,-0.808594][-9.855469,-9.734375] norm_mean_sd_minmax=9.846229/0.023289/9.775037/9.897798
BNO_VEC GYRO_SENSOR_AND_ESKF_INPUT events=4624 nonfinite=0 xyz_mean_sd=[-0.000016,0.000614][0.000012,0.000389][-0.000002,0.000372] xyz_minmax=[-0.005859,0.007812][-0.003906,0.003906][-0.003906,0.003906] norm_mean_sd_minmax=0.000156/0.000802/0.000000/0.008053
BNO_VEC MAG_SENSOR events=1156 nonfinite=0 xyz_mean_sd=[7.060391,0.546323][-22.028871,0.722998][21.936040,0.749911] xyz_minmax=[5.375000,8.625000][-24.000000,-19.625000][19.625000,24.500000] norm_mean_sd_minmax=31.892397/0.754136/29.528919/34.195782
LINK queue/drop/high=1/0/5 tof=1404
TXDIAG frames_s=133 bytes_s=17892 total_frames=6189 total_bytes=823376 queue=0 high=5 drops=0 bno_drop=0 partial=0 zero=0 write_calls=116884 max_write_us=0 free_heap=166720 min_free_heap=166720 usage_pct=19.41
BNO_TX kind=1 event=0 req=0 enq=0 drop=0 done=0 bytes=0
BNO_REPORT kind=1 report_id=1 interval_us=10000 requested_hz=100.000 enable_ok=2 enable_fail=0 callback=5864 switch=5842 kind_convert=5842 events=5842 tx_req=0 tx_enq=0 tx_done=0 tx_drop=0 event_drop=0 reset_reconfig=1 effective_hz=126.362
BNO_TX kind=2 event=0 req=0 enq=0 drop=0 done=0 bytes=0
BNO_REPORT kind=2 report_id=2 interval_us=10000 requested_hz=100.000 enable_ok=2 enable_fail=0 callback=4629 switch=4624 kind_convert=4624 events=4624 tx_req=0 tx_enq=0 tx_done=0 tx_drop=0 event_drop=0 reset_reconfig=1 effective_hz=100.056
BNO_TX kind=3 event=0 req=0 enq=0 drop=0 done=0 bytes=0
BNO_REPORT kind=3 report_id=8 interval_us=20000 requested_hz=50.000 enable_ok=2 enable_fail=0 callback=2314 switch=2312 kind_convert=2312 events=2312 tx_req=0 tx_enq=0 tx_done=0 tx_drop=0 event_drop=0 reset_reconfig=1 effective_hz=50.027
BNO_TX kind=4 event=0 req=0 enq=0 drop=0 done=0 bytes=0
BNO_REPORT kind=4 report_id=3 interval_us=50000 requested_hz=20.000 enable_ok=2 enable_fail=0 callback=1157 switch=1156 kind_convert=1156 events=1156 tx_req=0 tx_enq=0 tx_done=0 tx_drop=0 event_drop=0 reset_reconfig=1 effective_hz=25.000
BNO_TX kind=5 event=0 req=0 enq=0 drop=0 done=0 bytes=0
BNO_REPORT kind=5 report_id=4 interval_us=20000 requested_hz=50.000 enable_ok=2 enable_fail=0 callback=2313 switch=2312 kind_convert=2312 events=2312 tx_req=0 tx_enq=0 tx_done=0 tx_drop=0 event_drop=0 reset_reconfig=1 effective_hz=50.012
DIAG state=FAULT dry=1 bno_ready=1 addr=0x4A init/reinit/poll=1/0/8321 event A/G/M=5967/4724/1181 age_rx_us=13313/7843/16197
IMU cand/pair/call/ok=4724/4724/4724/4721 reject=3 dup/order/stale/dt/nonfinite/norm/queue=0/0/0/3/0/0/0 last_ok_age_us=7843 dt_us=15153 align_samples=199 align_elapsed_us=2004484
HEALTH state=2 health=1 reason=mount_unvalidated mount=0 imu_age_us=7843 imu_gaps=0 reversals=0 covariance=1 finite=1 gnss_age_us=4294967295 tof_age_us=4294967295 obs=1
BNO_TS ACCEL events=5967 unique=103 exact=1 overflow=0 dup=194 reverse=2953 rollover=0 sensor_dt_us=-8500/0.85/8400 rx_dt_us=8/7913.74/19429 pair_first=4294959496/3860589 pair_last=4294964596/51073944
BNO_TS GYRO events=4724 unique=81 exact=1 overflow=0 dup=298 reverse=2059 rollover=0 sensor_dt_us=-8800/1.86/10000 rx_dt_us=63/9995.13/19608 pair_first=4294953796/3872427 pair_last=4294962596/51079414
BNO_TS MAG events=1181 unique=85 exact=1 overflow=0 dup=57 reverse=546 rollover=0 sensor_dt_us=-7700/7.29/8300 rx_dt_us=29929/39998.81/60389 pair_first=4294953796/3872459 pair_last=4294962396/51071060
BNO_VEC ACCEL_SENSOR_AND_ESKF_INPUT events=5967 nonfinite=0 xyz_mean_sd=[-0.271487,0.008573][-0.848509,0.010226][-9.805874,0.023366] xyz_minmax=[-0.312500,-0.238281][-0.882812,-0.808594][-9.855469,-9.734375] norm_mean_sd_minmax=9.846269/0.023311/9.775037/9.897798
BNO_VEC GYRO_SENSOR_AND_ESKF_INPUT events=4724 nonfinite=0 xyz_mean_sd=[-0.000016,0.000607][0.000012,0.000385][-0.000002,0.000368] xyz_minmax=[-0.005859,0.007812][-0.003906,0.003906][-0.003906,0.003906] norm_mean_sd_minmax=0.000153/0.000794/0.000000/0.008053
BNO_VEC MAG_SENSOR events=1181 nonfinite=0 xyz_mean_sd=[7.063611,0.547196][-22.025085,0.722469][21.937288,0.748579] xyz_minmax=[5.375000,8.625000][-24.000000,-19.625000][19.625000,24.500000] norm_mean_sd_minmax=31.891385/0.751608/29.528919/34.195782
LINK queue/drop/high=0/0/5 tof=1434
TXDIAG frames_s=134 bytes_s=17878 total_frames=6324 total_bytes=841272 queue=0 high=5 drops=0 bno_drop=0 partial=0 zero=0 write_calls=119238 max_write_us=0 free_heap=166720 min_free_heap=166720 usage_pct=19.40
BNO_TX kind=1 event=0 req=0 enq=0 drop=0 done=0 bytes=0
BNO_REPORT kind=1 report_id=1 interval_us=10000 requested_hz=100.000 enable_ok=2 enable_fail=0 callback=5991 switch=5969 kind_convert=5969 events=5969 tx_req=0 tx_enq=0 tx_done=0 tx_drop=0 event_drop=0 reset_reconfig=1 effective_hz=126.359
BNO_TX kind=2 event=0 req=0 enq=0 drop=0 done=0 bytes=0
BNO_REPORT kind=2 report_id=2 interval_us=10000 requested_hz=100.000 enable_ok=2 enable_fail=0 callback=4729 switch=4725 kind_convert=4725 events=4725 tx_req=0 tx_enq=0 tx_done=0 tx_drop=0 event_drop=0 reset_reconfig=1 effective_hz=100.052
BNO_TX kind=3 event=0 req=0 enq=0 drop=0 done=0 bytes=0
BNO_REPORT kind=3 report_id=8 interval_us=20000 requested_hz=50.000 enable_ok=2 enable_fail=0 callback=2364 switch=2363 kind_convert=2363 events=2363 tx_req=0 tx_enq=0 tx_done=0 tx_drop=0 event_drop=0 reset_reconfig=1 effective_hz=50.026
BNO_TX kind=4 event=0 req=0 enq=0 drop=0 done=0 bytes=0
BNO_REPORT kind=4 report_id=3 interval_us=50000 requested_hz=20.000 enable_ok=2 enable_fail=0 callback=1182 switch=1181 kind_convert=1181 events=1181 tx_req=0 tx_enq=0 tx_done=0 tx_drop=0 event_drop=0 reset_reconfig=1 effective_hz=25.001
BNO_TX kind=5 event=0 req=0 enq=0 drop=0 done=0 bytes=0
BNO_REPORT kind=5 report_id=4 interval_us=20000 requested_hz=50.000 enable_ok=2 enable_fail=0 callback=2364 switch=2363 kind_convert=2363 events=2363 tx_req=0 tx_enq=0 tx_done=0 tx_drop=0 event_drop=0 reset_reconfig=1 effective_hz=50.013
DIAG state=FAULT dry=1 bno_ready=1 addr=0x4A init/reinit/poll=1/0/8494 event A/G/M=6096/4825/1206 age_rx_us=4027/12627/24642
IMU cand/pair/call/ok=4825/4825/4825/4822 reject=3 dup/order/stale/dt/nonfinite/norm/queue=0/0/0/3/0/0/0 last_ok_age_us=12627 dt_us=9491 align_samples=199 align_elapsed_us=2004484
HEALTH state=2 health=1 reason=mount_unvalidated mount=0 imu_age_us=12627 imu_gaps=0 reversals=0 covariance=1 finite=1 gnss_age_us=4294967295 tof_age_us=4294967295 obs=1
BNO_TS ACCEL events=6096 unique=103 exact=1 overflow=0 dup=199 reverse=3022 rollover=0 sensor_dt_us=-8500/1.02/8400 rx_dt_us=8/7913.46/19429 pair_first=4294959496/3860589 pair_last=4294965696/52093125
BNO_TS GYRO events=4825 unique=81 exact=1 overflow=0 dup=306 reverse=2099 rollover=0 sensor_dt_us=-8800/2.24/10000 rx_dt_us=63/9994.22/19608 pair_first=4294953796/3872427 pair_last=4294964596/52084525
BNO_TS MAG events=1206 unique=85 exact=1 overflow=0 dup=59 reverse=556 rollover=0 sensor_dt_us=-7700/5.15/8300 rx_dt_us=29929/40000.04/60389 pair_first=4294953796/3872459 pair_last=4294959996/52072510
BNO_VEC ACCEL_SENSOR_AND_ESKF_INPUT events=6096 nonfinite=0 xyz_mean_sd=[-0.271506,0.008556][-0.848525,0.010219][-9.805881,0.023318] xyz_minmax=[-0.312500,-0.238281][-0.882812,-0.808594][-9.855469,-9.734375] norm_mean_sd_minmax=9.846278/0.023262/9.775037/9.897798
BNO_VEC GYRO_SENSOR_AND_ESKF_INPUT events=4825 nonfinite=0 xyz_mean_sd=[-0.000016,0.000601][0.000011,0.000381][-0.000002,0.000364] xyz_minmax=[-0.005859,0.007812][-0.003906,0.003906][-0.003906,0.003906] norm_mean_sd_minmax=0.000150/0.000786/0.000000/0.008053
BNO_VEC MAG_SENSOR events=1206 nonfinite=0 xyz_mean_sd=[7.067112,0.546502][-22.024513,0.721009][21.937811,0.747703] xyz_minmax=[5.375000,8.625000][-24.000000,-19.625000][19.625000,24.500000] norm_mean_sd_minmax=31.892122/0.748958/29.528919/34.195782
LINK queue/drop/high=1/0/5 tof=1465
TXDIAG frames_s=134 bytes_s=17962 total_frames=6460 total_bytes=859396 queue=0 high=5 drops=0 bno_drop=0 partial=0 zero=0 write_calls=121546 max_write_us=0 free_heap=166720 min_free_heap=166720 usage_pct=19.49
BNO_TX kind=1 event=0 req=0 enq=0 drop=0 done=0 bytes=0
BNO_REPORT kind=1 report_id=1 interval_us=10000 requested_hz=100.000 enable_ok=2 enable_fail=0 callback=6119 switch=6097 kind_convert=6097 events=6097 tx_req=0 tx_enq=0 tx_done=0 tx_drop=0 event_drop=0 reset_reconfig=1 effective_hz=126.365
BNO_TX kind=2 event=0 req=0 enq=0 drop=0 done=0 bytes=0
BNO_REPORT kind=2 report_id=2 interval_us=10000 requested_hz=100.000 enable_ok=2 enable_fail=0 callback=4830 switch=4826 kind_convert=4826 events=4826 tx_req=0 tx_enq=0 tx_done=0 tx_drop=0 event_drop=0 reset_reconfig=1 effective_hz=100.049
BNO_TX kind=3 event=0 req=0 enq=0 drop=0 done=0 bytes=0
BNO_REPORT kind=3 report_id=8 interval_us=20000 requested_hz=50.000 enable_ok=2 enable_fail=0 callback=2414 switch=2413 kind_convert=2413 events=2413 tx_req=0 tx_enq=0 tx_done=0 tx_drop=0 event_drop=0 reset_reconfig=1 effective_hz=50.024
BNO_TX kind=4 event=0 req=0 enq=0 drop=0 done=0 bytes=0
BNO_REPORT kind=4 report_id=3 interval_us=50000 requested_hz=20.000 enable_ok=2 enable_fail=0 callback=1207 switch=1206 kind_convert=1206 events=1206 tx_req=0 tx_enq=0 tx_done=0 tx_drop=0 event_drop=0 reset_reconfig=1 effective_hz=25.000
BNO_TX kind=5 event=0 req=0 enq=0 drop=0 done=0 bytes=0
BNO_REPORT kind=5 report_id=4 interval_us=20000 requested_hz=50.000 enable_ok=2 enable_fail=0 callback=2414 switch=2413 kind_convert=2413 events=2413 tx_req=0 tx_enq=0 tx_done=0 tx_drop=0 event_drop=0 reset_reconfig=1 effective_hz=50.014
DIAG state=FAULT dry=1 bno_ready=1 addr=0x4A init/reinit/poll=1/0/8671 event A/G/M=6222/4925/1231 age_rx_us=6027/8514/26219
IMU cand/pair/call/ok=4925/4925/4925/4922 reject=3 dup/order/stale/dt/nonfinite/norm/queue=0/0/0/3/0/0/0 last_ok_age_us=8514 dt_us=14749 align_samples=199 align_elapsed_us=2004484
HEALTH state=2 health=1 reason=mount_unvalidated mount=0 imu_age_us=8514 imu_gaps=0 reversals=0 covariance=1 finite=1 gnss_age_us=4294967295 tof_age_us=4294967295 obs=1
BNO_TS ACCEL events=6222 unique=103 exact=1 overflow=0 dup=203 reverse=3084 rollover=0 sensor_dt_us=-8500/0.79/8400 rx_dt_us=8/7913.63/19429 pair_first=4294959496/3860589 pair_last=4294964396/53091309
BNO_TS GYRO events=4925 unique=81 exact=1 overflow=0 dup=318 reverse=2140 rollover=0 sensor_dt_us=-8800/1.93/10000 rx_dt_us=63/9995.21/19608 pair_first=4294953796/3872427 pair_last=4294963296/53088822
BNO_TS MAG events=1231 unique=85 exact=1 overflow=0 dup=59 reverse=567 rollover=0 sensor_dt_us=-7700/5.77/8300 rx_dt_us=29929/39998.91/60389 pair_first=4294953796/3872459 pair_last=4294960896/53071117
BNO_VEC ACCEL_SENSOR_AND_ESKF_INPUT events=6222 nonfinite=0 xyz_mean_sd=[-0.271477,0.008598][-0.848552,0.010191][-9.805899,0.023303] xyz_minmax=[-0.312500,-0.238281][-0.882812,-0.808594][-9.855469,-9.734375] norm_mean_sd_minmax=9.846297/0.023246/9.775037/9.897798
BNO_VEC GYRO_SENSOR_AND_ESKF_INPUT events=4925 nonfinite=0 xyz_mean_sd=[-0.000015,0.000595][0.000011,0.000377][-0.000002,0.000361] xyz_minmax=[-0.005859,0.007812][-0.003906,0.003906][-0.003906,0.003906] norm_mean_sd_minmax=0.000147/0.000778/0.000000/0.008053
BNO_VEC MAG_SENSOR events=1231 nonfinite=0 xyz_mean_sd=[7.068034,0.547168][-22.018582,0.720587][21.935012,0.749156] xyz_minmax=[5.375000,8.625000][-24.000000,-19.625000][19.625000,24.500000] norm_mean_sd_minmax=31.886299/0.750766/29.528919/34.195782
LINK queue/drop/high=0/0/5 tof=1495
TXDIAG frames_s=133 bytes_s=17786 total_frames=6594 total_bytes=877200 queue=0 high=5 drops=0 bno_drop=0 partial=0 zero=0 write_calls=124016 max_write_us=0 free_heap=166720 min_free_heap=166720 usage_pct=19.30
BNO_TX kind=1 event=0 req=0 enq=0 drop=0 done=0 bytes=0
BNO_REPORT kind=1 report_id=1 interval_us=10000 requested_hz=100.000 enable_ok=2 enable_fail=0 callback=6245 switch=6223 kind_convert=6223 events=6223 tx_req=0 tx_enq=0 tx_done=0 tx_drop=0 event_drop=0 reset_reconfig=1 effective_hz=126.361
BNO_TX kind=2 event=0 req=0 enq=0 drop=0 done=0 bytes=0
BNO_REPORT kind=2 report_id=2 interval_us=10000 requested_hz=100.000 enable_ok=2 enable_fail=0 callback=4929 switch=4926 kind_convert=4926 events=4926 tx_req=0 tx_enq=0 tx_done=0 tx_drop=0 event_drop=0 reset_reconfig=1 effective_hz=100.055
BNO_TX kind=3 event=0 req=0 enq=0 drop=0 done=0 bytes=0
BNO_REPORT kind=3 report_id=8 interval_us=20000 requested_hz=50.000 enable_ok=2 enable_fail=0 callback=2464 switch=2463 kind_convert=2463 events=2463 tx_req=0 tx_enq=0 tx_done=0 tx_drop=0 event_drop=0 reset_reconfig=1 effective_hz=50.024
BNO_TX kind=4 event=0 req=0 enq=0 drop=0 done=0 bytes=0
BNO_REPORT kind=4 report_id=3 interval_us=50000 requested_hz=20.000 enable_ok=2 enable_fail=0 callback=1233 switch=1232 kind_convert=1232 events=1232 tx_req=0 tx_enq=0 tx_done=0 tx_drop=0 event_drop=0 reset_reconfig=1 effective_hz=25.004
BNO_TX kind=5 event=0 req=0 enq=0 drop=0 done=0 bytes=0
BNO_REPORT kind=5 report_id=4 interval_us=20000 requested_hz=50.000 enable_ok=2 enable_fail=0 callback=2464 switch=2463 kind_convert=2463 events=2463 tx_req=0 tx_enq=0 tx_done=0 tx_drop=0 event_drop=0 reset_reconfig=1 effective_hz=50.012
DIAG state=FAULT dry=1 bno_ready=1 addr=0x4A init/reinit/poll=1/0/8854 event A/G/M=6350/5026/1256 age_rx_us=7975/17111/41054
IMU cand/pair/call/ok=5026/5026/5026/5023 reject=3 dup/order/stale/dt/nonfinite/norm/queue=0/0/0/3/0/0/0 last_ok_age_us=17111 dt_us=7711 align_samples=199 align_elapsed_us=2004484
HEALTH state=2 health=1 reason=mount_unvalidated mount=0 imu_age_us=17111 imu_gaps=0 reversals=0 covariance=1 finite=1 gnss_age_us=4294967295 tof_age_us=4294967295 obs=1
BNO_TS ACCEL events=6350 unique=104 exact=1 overflow=0 dup=206 reverse=3139 rollover=0 sensor_dt_us=-8500/0.87/8400 rx_dt_us=8/7913.46/19429 pair_first=4294959496/3860589 pair_last=4294964996/54103116
BNO_TS GYRO events=5026 unique=81 exact=1 overflow=0 dup=329 reverse=2183 rollover=0 sensor_dt_us=-8800/2.19/10000 rx_dt_us=63/9994.34/19608 pair_first=4294953796/3872427 pair_last=4294964796/54093980
BNO_TS MAG events=1256 unique=85 exact=1 overflow=0 dup=60 reverse=580 rollover=0 sensor_dt_us=-7700/6.69/8300 rx_dt_us=29929/39998.07/60389 pair_first=4294953796/3872459 pair_last=4294962196/54070037
BNO_VEC ACCEL_SENSOR_AND_ESKF_INPUT events=6350 nonfinite=0 xyz_mean_sd=[-0.271462,0.008641][-0.848555,0.010168][-9.805904,0.023279] xyz_minmax=[-0.312500,-0.238281][-0.882812,-0.808594][-9.855469,-9.734375] norm_mean_sd_minmax=9.846302/0.023224/9.775037/9.897798
BNO_VEC GYRO_SENSOR_AND_ESKF_INPUT events=5026 nonfinite=0 xyz_mean_sd=[-0.000015,0.000589][0.000011,0.000374][-0.000002,0.000357] xyz_minmax=[-0.005859,0.007812][-0.003906,0.003906][-0.003906,0.003906] norm_mean_sd_minmax=0.000144/0.000770/0.000000/0.008053
BNO_VEC MAG_SENSOR events=1256 nonfinite=0 xyz_mean_sd=[7.068869,0.546359][-22.019108,0.722738][21.932225,0.748836] xyz_minmax=[5.375000,8.625000][-24.000000,-19.625000][19.625000,24.500000] norm_mean_sd_minmax=31.885040/0.747270/29.528919/34.195782
LINK queue/drop/high=1/0/5 tof=1526
TXDIAG frames_s=133 bytes_s=17814 total_frames=6729 total_bytes=895228 queue=0 high=5 drops=0 bno_drop=0 partial=0 zero=0 write_calls=126746 max_write_us=0 free_heap=166720 min_free_heap=166720 usage_pct=19.33
BNO_TX kind=1 event=0 req=0 enq=0 drop=0 done=0 bytes=0
BNO_REPORT kind=1 report_id=1 interval_us=10000 requested_hz=100.000 enable_ok=2 enable_fail=0 callback=6373 switch=6350 kind_convert=6350 events=6350 tx_req=0 tx_enq=0 tx_done=0 tx_drop=0 event_drop=0 reset_reconfig=1 effective_hz=126.367
BNO_TX kind=2 event=0 req=0 enq=0 drop=0 done=0 bytes=0
BNO_REPORT kind=2 report_id=2 interval_us=10000 requested_hz=100.000 enable_ok=2 enable_fail=0 callback=5031 switch=5027 kind_convert=5027 events=5027 tx_req=0 tx_enq=0 tx_done=0 tx_drop=0 event_drop=0 reset_reconfig=1 effective_hz=100.048
BNO_TX kind=3 event=0 req=0 enq=0 drop=0 done=0 bytes=0
BNO_REPORT kind=3 report_id=8 interval_us=20000 requested_hz=50.000 enable_ok=2 enable_fail=0 callback=2515 switch=2514 kind_convert=2514 events=2514 tx_req=0 tx_enq=0 tx_done=0 tx_drop=0 event_drop=0 reset_reconfig=1 effective_hz=50.024
BNO_TX kind=4 event=0 req=0 enq=0 drop=0 done=0 bytes=0
BNO_REPORT kind=4 report_id=3 interval_us=50000 requested_hz=20.000 enable_ok=2 enable_fail=0 callback=1258 switch=1257 kind_convert=1257 events=1257 tx_req=0 tx_enq=0 tx_done=0 tx_drop=0 event_drop=0 reset_reconfig=1 effective_hz=25.000
BNO_TX kind=5 event=0 req=0 enq=0 drop=0 done=0 bytes=0
BNO_REPORT kind=5 report_id=4 interval_us=20000 requested_hz=50.000 enable_ok=2 enable_fail=0 callback=2515 switch=2514 kind_convert=2514 events=2514 tx_req=0 tx_enq=0 tx_done=0 tx_drop=0 event_drop=0 reset_reconfig=1 effective_hz=50.012
DIAG state=FAULT dry=1 bno_ready=1 addr=0x4A init/reinit/poll=1/0/9028 event A/G/M=6476/5127/1282 age_rx_us=1145/4904/4946
IMU cand/pair/call/ok=5127/5127/5127/5124 reject=3 dup/order/stale/dt/nonfinite/norm/queue=0/0/0/3/0/0/0 last_ok_age_us=4904 dt_us=8226 align_samples=199 align_elapsed_us=2004484
HEALTH state=2 health=1 reason=mount_unvalidated mount=0 imu_age_us=4904 imu_gaps=0 reversals=0 covariance=1 finite=1 gnss_age_us=4294967295 tof_age_us=4294967295 obs=1
BNO_TS ACCEL events=6476 unique=104 exact=1 overflow=0 dup=209 reverse=3204 rollover=0 sensor_dt_us=-8500/0.68/8400 rx_dt_us=8/7915.02/19429 pair_first=4294959496/3860589 pair_last=4294963896/55110370
BNO_TS GYRO events=5127 unique=81 exact=1 overflow=0 dup=336 reverse=2227 rollover=0 sensor_dt_us=-8800/1.95/10000 rx_dt_us=63/9994.96/19608 pair_first=4294953796/3872427 pair_last=4294963796/55106611
BNO_TS MAG events=1282 unique=88 exact=1 overflow=0 dup=60 reverse=596 rollover=0 sensor_dt_us=-7700/7.73/8300 rx_dt_us=29008/39995.40/60389 pair_first=4294953796/3872459 pair_last=4294963696/55106569
BNO_VEC ACCEL_SENSOR_AND_ESKF_INPUT events=6476 nonfinite=0 xyz_mean_sd=[-0.271430,0.008689][-0.848580,0.010162][-9.805910,0.023304] xyz_minmax=[-0.312500,-0.238281][-0.882812,-0.808594][-9.855469,-9.734375] norm_mean_sd_minmax=9.846309/0.023248/9.775037/9.897798
BNO_VEC GYRO_SENSOR_AND_ESKF_INPUT events=5127 nonfinite=0 xyz_mean_sd=[-0.000015,0.000583][0.000011,0.000370][-0.000002,0.000354] xyz_minmax=[-0.005859,0.007812][-0.003906,0.003906][-0.003906,0.003906] norm_mean_sd_minmax=0.000141/0.000763/0.000000/0.008053
BNO_VEC MAG_SENSOR events=1282 nonfinite=0 xyz_mean_sd=[7.065230,0.547355][-22.015942,0.724457][21.934039,0.746949] xyz_minmax=[5.375000,8.625000][-24.000000,-19.625000][19.625000,24.500000] norm_mean_sd_minmax=31.883289/0.747997/29.480263/34.195782
LINK queue/drop/high=1/0/5 tof=1556
TXDIAG frames_s=134 bytes_s=17712 total_frames=6863 total_bytes=912940 queue=0 high=5 drops=0 bno_drop=0 partial=0 zero=0 write_calls=129751 max_write_us=0 free_heap=166720 min_free_heap=166720 usage_pct=19.22
BNO_TX kind=1 event=0 req=0 enq=0 drop=0 done=0 bytes=0
BNO_REPORT kind=1 report_id=1 interval_us=10000 requested_hz=100.000 enable_ok=2 enable_fail=0 callback=6499 switch=6476 kind_convert=6476 events=6476 tx_req=0 tx_enq=0 tx_done=0 tx_drop=0 event_drop=0 reset_reconfig=1 effective_hz=126.342
BNO_TX kind=2 event=0 req=0 enq=0 drop=0 done=0 bytes=0
BNO_REPORT kind=2 report_id=2 interval_us=10000 requested_hz=100.000 enable_ok=2 enable_fail=0 callback=5131 switch=5128 kind_convert=5128 events=5128 tx_req=0 tx_enq=0 tx_done=0 tx_drop=0 event_drop=0 reset_reconfig=1 effective_hz=100.055
BNO_TX kind=3 event=0 req=0 enq=0 drop=0 done=0 bytes=0
BNO_REPORT kind=3 report_id=8 interval_us=20000 requested_hz=50.000 enable_ok=2 enable_fail=0 callback=2565 switch=2564 kind_convert=2564 events=2564 tx_req=0 tx_enq=0 tx_done=0 tx_drop=0 event_drop=0 reset_reconfig=1 effective_hz=50.025
BNO_TX kind=4 event=0 req=0 enq=0 drop=0 done=0 bytes=0
BNO_REPORT kind=4 report_id=3 interval_us=50000 requested_hz=20.000 enable_ok=2 enable_fail=0 callback=1283 switch=1282 kind_convert=1282 events=1282 tx_req=0 tx_enq=0 tx_done=0 tx_drop=0 event_drop=0 reset_reconfig=1 effective_hz=25.003
BNO_TX kind=5 event=0 req=0 enq=0 drop=0 done=0 bytes=0
BNO_REPORT kind=5 report_id=4 interval_us=20000 requested_hz=50.000 enable_ok=2 enable_fail=0 callback=2565 switch=2564 kind_convert=2564 events=2564 tx_req=0 tx_enq=0 tx_done=0 tx_drop=0 event_drop=0 reset_reconfig=1 effective_hz=50.013
DIAG state=FAULT dry=1 bno_ready=1 addr=0x4A init/reinit/poll=1/0/9201 event A/G/M=6602/5227/1307 age_rx_us=6093/12509/6107
IMU cand/pair/call/ok=5227/5227/5227/5224 reject=3 dup/order/stale/dt/nonfinite/norm/queue=0/0/0/3/0/0/0 last_ok_age_us=12509 dt_us=9572 align_samples=199 align_elapsed_us=2004484
HEALTH state=2 health=1 reason=mount_unvalidated mount=0 imu_age_us=12509 imu_gaps=0 reversals=0 covariance=1 finite=1 gnss_age_us=4294967295 tof_age_us=4294967295 obs=1
BNO_TS ACCEL events=6602 unique=104 exact=1 overflow=0 dup=216 reverse=3265 rollover=0 sensor_dt_us=-8500/0.59/8400 rx_dt_us=8/7915.38/19429 pair_first=4294959496/3860589 pair_last=4294963396/56110040
BNO_TS GYRO events=5227 unique=81 exact=1 overflow=0 dup=341 reverse=2268 rollover=0 sensor_dt_us=-8800/2.07/10000 rx_dt_us=63/9994.49/19608 pair_first=4294953796/3872427 pair_last=4294964596/56103624
BNO_TS MAG events=1307 unique=88 exact=1 overflow=0 dup=64 reverse=605 rollover=0 sensor_dt_us=-7700/6.28/8300 rx_dt_us=29008/39998.14/60389 pair_first=4294953796/3872459 pair_last=4294961996/56110026
BNO_VEC ACCEL_SENSOR_AND_ESKF_INPUT events=6602 nonfinite=0 xyz_mean_sd=[-0.271399,0.008734][-0.848621,0.010182][-9.805851,0.023286] xyz_minmax=[-0.312500,-0.238281][-0.882812,-0.808594][-9.855469,-9.734375] norm_mean_sd_minmax=9.846254/0.023231/9.775037/9.897798
BNO_VEC GYRO_SENSOR_AND_ESKF_INPUT events=5227 nonfinite=0 xyz_mean_sd=[-0.000015,0.000577][0.000010,0.000366][-0.000001,0.000350] xyz_minmax=[-0.005859,0.007812][-0.003906,0.003906][-0.003906,0.003906] norm_mean_sd_minmax=0.000138/0.000756/0.000000/0.008053
BNO_VEC MAG_SENSOR events=1307 nonfinite=0 xyz_mean_sd=[7.067569,0.546848][-22.019989,0.726113][21.937309,0.748013] xyz_minmax=[5.375000,8.625000][-24.000000,-19.625000][19.625000,24.500000] norm_mean_sd_minmax=31.888857/0.750024/29.480263/34.195782
LINK queue/drop/high=1/0/5 tof=1587
TXDIAG frames_s=133 bytes_s=17920 total_frames=6997 total_bytes=930968 queue=0 high=5 drops=0 bno_drop=0 partial=0 zero=0 write_calls=132168 max_write_us=0 free_heap=166720 min_free_heap=166720 usage_pct=19.44
BNO_TX kind=1 event=0 req=0 enq=0 drop=0 done=0 bytes=0
BNO_REPORT kind=1 report_id=1 interval_us=10000 requested_hz=100.000 enable_ok=2 enable_fail=0 callback=6626 switch=6603 kind_convert=6603 events=6603 tx_req=0 tx_enq=0 tx_done=0 tx_drop=0 event_drop=0 reset_reconfig=1 effective_hz=126.347
BNO_TX kind=2 event=0 req=0 enq=0 drop=0 done=0 bytes=0
BNO_REPORT kind=2 report_id=2 interval_us=10000 requested_hz=100.000 enable_ok=2 enable_fail=0 callback=5232 switch=5228 kind_convert=5228 events=5228 tx_req=0 tx_enq=0 tx_done=0 tx_drop=0 event_drop=0 reset_reconfig=1 effective_hz=100.046
BNO_TX kind=3 event=0 req=0 enq=0 drop=0 done=0 bytes=0
BNO_REPORT kind=3 report_id=8 interval_us=20000 requested_hz=50.000 enable_ok=2 enable_fail=0 callback=2616 switch=2614 kind_convert=2614 events=2614 tx_req=0 tx_enq=0 tx_done=0 tx_drop=0 event_drop=0 reset_reconfig=1 effective_hz=50.021
BNO_TX kind=4 event=0 req=0 enq=0 drop=0 done=0 bytes=0
BNO_REPORT kind=4 report_id=3 interval_us=50000 requested_hz=20.000 enable_ok=2 enable_fail=0 callback=1308 switch=1307 kind_convert=1307 events=1307 tx_req=0 tx_enq=0 tx_done=0 tx_drop=0 event_drop=0 reset_reconfig=1 effective_hz=25.001
BNO_TX kind=5 event=0 req=0 enq=0 drop=0 done=0 bytes=0
BNO_REPORT kind=5 report_id=4 interval_us=20000 requested_hz=50.000 enable_ok=2 enable_fail=0 callback=2615 switch=2614 kind_convert=2614 events=2614 tx_req=0 tx_enq=0 tx_done=0 tx_drop=0 event_drop=0 reset_reconfig=1 effective_hz=50.013
DIAG state=FAULT dry=1 bno_ready=1 addr=0x4A init/reinit/poll=1/0/9374 event A/G/M=6729/5328/1332 age_rx_us=4532/472/8360
IMU cand/pair/call/ok=5328/5328/5328/5325 reject=3 dup/order/stale/dt/nonfinite/norm/queue=0/0/0/3/0/0/0 last_ok_age_us=472 dt_us=7862 align_samples=199 align_elapsed_us=2004484
HEALTH state=2 health=1 reason=mount_unvalidated mount=0 imu_age_us=472 imu_gaps=0 reversals=0 covariance=1 finite=1 gnss_age_us=4294967295 tof_age_us=4294967295 obs=1
BNO_TS ACCEL events=6729 unique=104 exact=1 overflow=0 dup=223 reverse=3328 rollover=0 sensor_dt_us=-8500/0.62/8400 rx_dt_us=8/7914.89/19429 pair_first=4294959496/3860589 pair_last=4294963696/57111988
BNO_TS GYRO events=5328 unique=81 exact=1 overflow=0 dup=347 reverse=2314 rollover=0 sensor_dt_us=-8800/1.78/10000 rx_dt_us=63/9995.05/19608 pair_first=4294953796/3872427 pair_last=4294963296/57116048
BNO_TS MAG events=1332 unique=88 exact=1 overflow=0 dup=65 reverse=618 rollover=0 sensor_dt_us=-7700/6.99/8300 rx_dt_us=29008/39996.77/60389 pair_first=4294953796/3872459 pair_last=4294963096/57108160
BNO_VEC ACCEL_SENSOR_AND_ESKF_INPUT events=6729 nonfinite=0 xyz_mean_sd=[-0.271396,0.008731][-0.848628,0.010150][-9.805868,0.023281] xyz_minmax=[-0.312500,-0.238281][-0.882812,-0.808594][-9.855469,-9.734375] norm_mean_sd_minmax=9.846271/0.023228/9.775037/9.897798
BNO_VEC GYRO_SENSOR_AND_ESKF_INPUT events=5328 nonfinite=0 xyz_mean_sd=[-0.000014,0.000572][0.000010,0.000363][-0.000001,0.000347] xyz_minmax=[-0.005859,0.007812][-0.003906,0.003906][-0.003906,0.003906] norm_mean_sd_minmax=0.000136/0.000749/0.000000/0.008053
BNO_VEC MAG_SENSOR events=1332 nonfinite=0 xyz_mean_sd=[7.068178,0.545922][-22.019191,0.725771][21.937125,0.749030] xyz_minmax=[5.375000,8.625000][-24.000000,-19.625000][19.625000,24.500000] norm_mean_sd_minmax=31.888297/0.750796/29.480263/34.195782
LINK queue/drop/high=0/0/5 tof=1617
TXDIAG frames_s=133 bytes_s=17768 total_frames=7131 total_bytes=948772 queue=0 high=5 drops=0 bno_drop=0 partial=0 zero=0 write_calls=134381 max_write_us=0 free_heap=166720 min_free_heap=166720 usage_pct=19.28
BNO_TX kind=1 event=0 req=0 enq=0 drop=0 done=0 bytes=0
BNO_REPORT kind=1 report_id=1 interval_us=10000 requested_hz=100.000 enable_ok=2 enable_fail=0 callback=6752 switch=6730 kind_convert=6730 events=6730 tx_req=0 tx_enq=0 tx_done=0 tx_drop=0 event_drop=0 reset_reconfig=1 effective_hz=126.342
BNO_TX kind=2 event=0 req=0 enq=0 drop=0 done=0 bytes=0
BNO_REPORT kind=2 report_id=2 interval_us=10000 requested_hz=100.000 enable_ok=2 enable_fail=0 callback=5332 switch=5328 kind_convert=5328 events=5328 tx_req=0 tx_enq=0 tx_done=0 tx_drop=0 event_drop=0 reset_reconfig=1 effective_hz=100.050
BNO_TX kind=3 event=0 req=0 enq=0 drop=0 done=0 bytes=0
BNO_REPORT kind=3 report_id=8 interval_us=20000 requested_hz=50.000 enable_ok=2 enable_fail=0 callback=2665 switch=2664 kind_convert=2664 events=2664 tx_req=0 tx_enq=0 tx_done=0 tx_drop=0 event_drop=0 reset_reconfig=1 effective_hz=50.023
BNO_TX kind=4 event=0 req=0 enq=0 drop=0 done=0 bytes=0
BNO_REPORT kind=4 report_id=3 interval_us=50000 requested_hz=20.000 enable_ok=2 enable_fail=0 callback=1333 switch=1332 kind_convert=1332 events=1332 tx_req=0 tx_enq=0 tx_done=0 tx_drop=0 event_drop=0 reset_reconfig=1 effective_hz=25.002
BNO_TX kind=5 event=0 req=0 enq=0 drop=0 done=0 bytes=0
BNO_REPORT kind=5 report_id=4 interval_us=20000 requested_hz=50.000 enable_ok=2 enable_fail=0 callback=2665 switch=2664 kind_convert=2664 events=2664 tx_req=0 tx_enq=0 tx_done=0 tx_drop=0 event_drop=0 reset_reconfig=1 effective_hz=50.015
DIAG state=FAULT dry=1 bno_ready=1 addr=0x4A init/reinit/poll=1/0/9553 event A/G/M=6857/5428/1357 age_rx_us=1920/12149/16250
IMU cand/pair/call/ok=5428/5428/5428/5425 reject=3 dup/order/stale/dt/nonfinite/norm/queue=0/0/0/3/0/0/0 last_ok_age_us=12149 dt_us=10006 align_samples=199 align_elapsed_us=2004484
HEALTH state=2 health=1 reason=mount_unvalidated mount=0 imu_age_us=12149 imu_gaps=0 reversals=0 covariance=1 finite=1 gnss_age_us=4294967295 tof_age_us=4294967295 obs=1
BNO_TS ACCEL events=6857 unique=104 exact=1 overflow=0 dup=224 reverse=3397 rollover=0 sensor_dt_us=-8500/0.96/8400 rx_dt_us=8/7914.62/19429 pair_first=4294959496/3860589 pair_last=4294966096/58123220
BNO_TS GYRO events=5428 unique=81 exact=1 overflow=0 dup=356 reverse=2358 rollover=0 sensor_dt_us=-8800/2.03/10000 rx_dt_us=63/9994.58/19608 pair_first=4294953796/3872427 pair_last=4294964796/58112991
BNO_TS MAG events=1357 unique=88 exact=1 overflow=0 dup=68 reverse=629 rollover=0 sensor_dt_us=-7700/8.70/8300 rx_dt_us=29008/39997.37/60389 pair_first=4294953796/3872459 pair_last=4294965596/58108890
BNO_VEC ACCEL_SENSOR_AND_ESKF_INPUT events=6857 nonfinite=0 xyz_mean_sd=[-0.271372,0.008763][-0.848619,0.010112][-9.805925,0.023246] xyz_minmax=[-0.312500,-0.238281][-0.882812,-0.808594][-9.855469,-9.734375] norm_mean_sd_minmax=9.846326/0.023193/9.775037/9.897798
BNO_VEC GYRO_SENSOR_AND_ESKF_INPUT events=5428 nonfinite=0 xyz_mean_sd=[-0.000014,0.000567][0.000010,0.000359][-0.000001,0.000344] xyz_minmax=[-0.005859,0.007812][-0.003906,0.003906][-0.003906,0.003906] norm_mean_sd_minmax=0.000133/0.000742/0.000000/0.008053
BNO_VEC MAG_SENSOR events=1357 nonfinite=0 xyz_mean_sd=[7.067198,0.544181][-22.014186,0.724675][21.936717,0.747822] xyz_minmax=[5.375000,8.625000][-24.000000,-19.625000][19.625000,24.500000] norm_mean_sd_minmax=31.884287/0.749640/29.480263/34.195782
LINK queue/drop/high=1/0/5 tof=1648
TXDIAG frames_s=133 bytes_s=17884 total_frames=7266 total_bytes=966800 queue=0 high=5 drops=0 bno_drop=0 partial=0 zero=0 write_calls=136628 max_write_us=0 free_heap=166720 min_free_heap=166720 usage_pct=19.41
BNO_TX kind=1 event=0 req=0 enq=0 drop=0 done=0 bytes=0
BNO_REPORT kind=1 report_id=1 interval_us=10000 requested_hz=100.000 enable_ok=2 enable_fail=0 callback=6880 switch=6857 kind_convert=6857 events=6857 tx_req=0 tx_enq=0 tx_done=0 tx_drop=0 event_drop=0 reset_reconfig=1 effective_hz=126.348
BNO_TX kind=2 event=0 req=0 enq=0 drop=0 done=0 bytes=0
BNO_REPORT kind=2 report_id=2 interval_us=10000 requested_hz=100.000 enable_ok=2 enable_fail=0 callback=5432 switch=5429 kind_convert=5429 events=5429 tx_req=0 tx_enq=0 tx_done=0 tx_drop=0 event_drop=0 reset_reconfig=1 effective_hz=100.045
BNO_TX kind=3 event=0 req=0 enq=0 drop=0 done=0 bytes=0
BNO_REPORT kind=3 report_id=8 interval_us=20000 requested_hz=50.000 enable_ok=2 enable_fail=0 callback=2716 switch=2715 kind_convert=2715 events=2715 tx_req=0 tx_enq=0 tx_done=0 tx_drop=0 event_drop=0 reset_reconfig=1 effective_hz=50.022
BNO_TX kind=4 event=0 req=0 enq=0 drop=0 done=0 bytes=0
BNO_REPORT kind=4 report_id=3 interval_us=50000 requested_hz=20.000 enable_ok=2 enable_fail=0 callback=1358 switch=1357 kind_convert=1357 events=1357 tx_req=0 tx_enq=0 tx_done=0 tx_drop=0 event_drop=0 reset_reconfig=1 effective_hz=25.002
BNO_TX kind=5 event=0 req=0 enq=0 drop=0 done=0 bytes=0
BNO_REPORT kind=5 report_id=4 interval_us=20000 requested_hz=50.000 enable_ok=2 enable_fail=0 callback=2716 switch=2714 kind_convert=2714 events=2714 tx_req=0 tx_enq=0 tx_done=0 tx_drop=0 event_drop=0 reset_reconfig=1 effective_hz=50.013
DIAG state=FAULT dry=1 bno_ready=1 addr=0x4A init/reinit/poll=1/0/9728 event A/G/M=6983/5529/1382 age_rx_us=4725/2279/16204
IMU cand/pair/call/ok=5529/5529/5529/5526 reject=3 dup/order/stale/dt/nonfinite/norm/queue=0/0/0/3/0/0/0 last_ok_age_us=2279 dt_us=2470 align_samples=199 align_elapsed_us=2004484
HEALTH state=2 health=1 reason=mount_unvalidated mount=0 imu_age_us=2279 imu_gaps=0 reversals=0 covariance=1 finite=1 gnss_age_us=4294967295 tof_age_us=4294967295 obs=1
BNO_TS ACCEL events=6983 unique=104 exact=1 overflow=0 dup=228 reverse=3461 rollover=0 sensor_dt_us=-8500/1.00/8400 rx_dt_us=8/7914.63/19429 pair_first=4294959496/3860589 pair_last=4294966496/59120544
BNO_TS GYRO events=5529 unique=81 exact=1 overflow=0 dup=369 reverse=2397 rollover=0 sensor_dt_us=-8800/1.88/10000 rx_dt_us=63/9994.67/19608 pair_first=4294953796/3872427 pair_last=4294964196/59122990
BNO_TS MAG events=1382 unique=88 exact=1 overflow=0 dup=69 reverse=639 rollover=0 sensor_dt_us=-7700/6.52/8300 rx_dt_us=29008/39997.54/60389 pair_first=4294953796/3872459 pair_last=4294962796/59109065
BNO_VEC ACCEL_SENSOR_AND_ESKF_INPUT events=6983 nonfinite=0 xyz_mean_sd=[-0.271350,0.008818][-0.848619,0.010153][-9.805965,0.023207] xyz_minmax=[-0.312500,-0.238281][-0.882812,-0.808594][-9.855469,-9.734375] norm_mean_sd_minmax=9.846366/0.023158/9.775037/9.897798
BNO_VEC GYRO_SENSOR_AND_ESKF_INPUT events=5529 nonfinite=0 xyz_mean_sd=[-0.000014,0.000561][0.000010,0.000356][-0.000001,0.000340] xyz_minmax=[-0.005859,0.007812][-0.003906,0.003906][-0.003906,0.003906] norm_mean_sd_minmax=0.000131/0.000736/0.000000/0.008053
BNO_VEC MAG_SENSOR events=1382 nonfinite=0 xyz_mean_sd=[7.070143,0.544682][-22.015150,0.724750][21.936505,0.745748] xyz_minmax=[5.375000,8.625000][-24.000000,-19.625000][19.625000,24.500000] norm_mean_sd_minmax=31.885463/0.747903/29.480263/34.195782
LINK queue/drop/high=0/0/5 tof=1678
TXDIAG frames_s=134 bytes_s=17779 total_frames=7400 total_bytes=984544 queue=0 high=5 drops=0 bno_drop=0 partial=0 zero=0 write_calls=139297 max_write_us=0 free_heap=166720 min_free_heap=166720 usage_pct=19.29
BNO_TX kind=1 event=0 req=0 enq=0 drop=0 done=0 bytes=0
BNO_REPORT kind=1 report_id=1 interval_us=10000 requested_hz=100.000 enable_ok=2 enable_fail=0 callback=7006 switch=6984 kind_convert=6984 events=6984 tx_req=0 tx_enq=0 tx_done=0 tx_drop=0 event_drop=0 reset_reconfig=1 effective_hz=126.346
BNO_TX kind=2 event=0 req=0 enq=0 drop=0 done=0 bytes=0
BNO_REPORT kind=2 report_id=2 interval_us=10000 requested_hz=100.000 enable_ok=2 enable_fail=0 callback=5533 switch=5529 kind_convert=5529 events=5529 tx_req=0 tx_enq=0 tx_done=0 tx_drop=0 event_drop=0 reset_reconfig=1 effective_hz=100.053
BNO_TX kind=3 event=0 req=0 enq=0 drop=0 done=0 bytes=0
BNO_REPORT kind=3 report_id=8 interval_us=20000 requested_hz=50.000 enable_ok=2 enable_fail=0 callback=2766 switch=2765 kind_convert=2765 events=2765 tx_req=0 tx_enq=0 tx_done=0 tx_drop=0 event_drop=0 reset_reconfig=1 effective_hz=50.021
BNO_TX kind=4 event=0 req=0 enq=0 drop=0 done=0 bytes=0
BNO_REPORT kind=4 report_id=3 interval_us=50000 requested_hz=20.000 enable_ok=2 enable_fail=0 callback=1383 switch=1382 kind_convert=1382 events=1382 tx_req=0 tx_enq=0 tx_done=0 tx_drop=0 event_drop=0 reset_reconfig=1 effective_hz=25.002
BNO_TX kind=5 event=0 req=0 enq=0 drop=0 done=0 bytes=0
BNO_REPORT kind=5 report_id=4 interval_us=20000 requested_hz=50.000 enable_ok=2 enable_fail=0 callback=2766 switch=2765 kind_convert=2765 events=2765 tx_req=0 tx_enq=0 tx_done=0 tx_drop=0 event_drop=0 reset_reconfig=1 effective_hz=50.013
DIAG state=FAULT dry=1 bno_ready=1 addr=0x4A init/reinit/poll=1/0/9904 event A/G/M=7111/5629/1407 age_rx_us=1501/12611/28502
IMU cand/pair/call/ok=5629/5629/5629/5626 reject=3 dup/order/stale/dt/nonfinite/norm/queue=0/0/0/3/0/0/0 last_ok_age_us=12611 dt_us=9534 align_samples=199 align_elapsed_us=2004484
HEALTH state=2 health=1 reason=mount_unvalidated mount=0 imu_age_us=12611 imu_gaps=0 reversals=0 covariance=1 finite=1 gnss_age_us=4294967295 tof_age_us=4294967295 obs=1
BNO_TS ACCEL events=7111 unique=104 exact=1 overflow=0 dup=231 reverse=3524 rollover=0 sensor_dt_us=-8500/0.82/8400 rx_dt_us=8/7914.64/19429 pair_first=4294959496/3860589 pair_last=4294965296/60133650
BNO_TS GYRO events=5629 unique=81 exact=1 overflow=0 dup=382 reverse=2436 rollover=0 sensor_dt_us=-8800/1.95/10000 rx_dt_us=63/9994.69/19608 pair_first=4294953796/3872427 pair_last=4294964796/60122540
BNO_TS MAG events=1407 unique=88 exact=1 overflow=0 dup=69 reverse=651 rollover=0 sensor_dt_us=-7700/5.83/8300 rx_dt_us=29008/39995.87/60389 pair_first=4294953796/3872459 pair_last=4294961996/60106649
BNO_VEC ACCEL_SENSOR_AND_ESKF_INPUT events=7111 nonfinite=0 xyz_mean_sd=[-0.271363,0.008809][-0.848635,0.010177][-9.805956,0.023163] xyz_minmax=[-0.312500,-0.238281][-0.882812,-0.808594][-9.855469,-9.734375] norm_mean_sd_minmax=9.846358/0.023112/9.775037/9.897798
BNO_VEC GYRO_SENSOR_AND_ESKF_INPUT events=5629 nonfinite=0 xyz_mean_sd=[-0.000014,0.000556][0.000010,0.000353][-0.000001,0.000337] xyz_minmax=[-0.005859,0.007812][-0.003906,0.003906][-0.003906,0.003906] norm_mean_sd_minmax=0.000128/0.000729/0.000000/0.008053
BNO_VEC MAG_SENSOR events=1407 nonfinite=0 xyz_mean_sd=[7.070851,0.545048][-22.015325,0.726134][21.933413,0.745779] xyz_minmax=[5.375000,8.625000][-24.000000,-19.625000][19.625000,24.500000] norm_mean_sd_minmax=31.883620/0.749252/29.480263/34.195782
LINK queue/drop/high=1/0/5 tof=1709
TXDIAG frames_s=134 bytes_s=17883 total_frames=7536 total_bytes=1002660 queue=0 high=5 drops=0 bno_drop=0 partial=0 zero=0 write_calls=142332 max_write_us=0 free_heap=166720 min_free_heap=166720 usage_pct=19.40
BNO_TX kind=1 event=0 req=0 enq=0 drop=0 done=0 bytes=0
BNO_REPORT kind=1 report_id=1 interval_us=10000 requested_hz=100.000 enable_ok=2 enable_fail=0 callback=7134 switch=7111 kind_convert=7111 events=7111 tx_req=0 tx_enq=0 tx_done=0 tx_drop=0 event_drop=0 reset_reconfig=1 effective_hz=126.348
BNO_TX kind=2 event=0 req=0 enq=0 drop=0 done=0 bytes=0
BNO_REPORT kind=2 report_id=2 interval_us=10000 requested_hz=100.000 enable_ok=2 enable_fail=0 callback=5634 switch=5629 kind_convert=5629 events=5629 tx_req=0 tx_enq=0 tx_done=0 tx_drop=0 event_drop=0 reset_reconfig=1 effective_hz=100.053
BNO_TX kind=3 event=0 req=0 enq=0 drop=0 done=0 bytes=0
BNO_REPORT kind=3 report_id=8 interval_us=20000 requested_hz=50.000 enable_ok=2 enable_fail=0 callback=2817 switch=2815 kind_convert=2815 events=2815 tx_req=0 tx_enq=0 tx_done=0 tx_drop=0 event_drop=0 reset_reconfig=1 effective_hz=50.022
BNO_TX kind=4 event=0 req=0 enq=0 drop=0 done=0 bytes=0
BNO_REPORT kind=4 report_id=3 interval_us=50000 requested_hz=20.000 enable_ok=2 enable_fail=0 callback=1408 switch=1407 kind_convert=1407 events=1407 tx_req=0 tx_enq=0 tx_done=0 tx_drop=0 event_drop=0 reset_reconfig=1 effective_hz=25.003
BNO_TX kind=5 event=0 req=0 enq=0 drop=0 done=0 bytes=0
BNO_REPORT kind=5 report_id=4 interval_us=20000 requested_hz=50.000 enable_ok=2 enable_fail=0 callback=2816 switch=2815 kind_convert=2815 events=2815 tx_req=0 tx_enq=0 tx_done=0 tx_drop=0 event_drop=0 reset_reconfig=1 effective_hz=50.011
DIAG state=FAULT dry=1 bno_ready=1 addr=0x4A init/reinit/poll=1/0/10070 event A/G/M=7237/5729/1432 age_rx_us=5863/8968/25189
IMU cand/pair/call/ok=5729/5729/5729/5726 reject=3 dup/order/stale/dt/nonfinite/norm/queue=0/0/0/3/0/0/0 last_ok_age_us=8968 dt_us=13786 align_samples=199 align_elapsed_us=2004484
HEALTH state=2 health=1 reason=mount_unvalidated mount=0 imu_age_us=8968 imu_gaps=0 reversals=0 covariance=1 finite=1 gnss_age_us=4294967295 tof_age_us=4294967295 obs=1
BNO_TS ACCEL events=7237 unique=104 exact=1 overflow=0 dup=236 reverse=3585 rollover=0 sensor_dt_us=-8500/0.70/8400 rx_dt_us=8/7914.43/19429 pair_first=4294959496/3860589 pair_last=4294964596/61129399
BNO_TS GYRO events=5729 unique=82 exact=1 overflow=0 dup=386 reverse=2482 rollover=0 sensor_dt_us=-8800/1.66/10000 rx_dt_us=63/9995.44/19608 pair_first=4294953796/3872427 pair_last=4294963296/61126294
BNO_TS MAG events=1432 unique=89 exact=1 overflow=0 dup=69 reverse=663 rollover=0 sensor_dt_us=-7700/5.52/8300 rx_dt_us=29008/39998.33/60389 pair_first=4294953796/3872459 pair_last=4294961696/61110073
BNO_VEC ACCEL_SENSOR_AND_ESKF_INPUT events=7237 nonfinite=0 xyz_mean_sd=[-0.271371,0.008831][-0.848669,0.010251][-9.805900,0.023168] xyz_minmax=[-0.312500,-0.238281][-0.882812,-0.808594][-9.855469,-9.734375] norm_mean_sd_minmax=9.846306/0.023116/9.775037/9.897798
BNO_VEC GYRO_SENSOR_AND_ESKF_INPUT events=5729 nonfinite=0 xyz_mean_sd=[-0.000013,0.000551][0.000010,0.000350][-0.000001,0.000334] xyz_minmax=[-0.005859,0.007812][-0.003906,0.003906][-0.003906,0.003906] norm_mean_sd_minmax=0.000126/0.000723/0.000000/0.008053
BNO_VEC MAG_SENSOR events=1432 nonfinite=0 xyz_mean_sd=[7.072844,0.543368][-22.012744,0.726831][21.931957,0.753215] xyz_minmax=[5.375000,8.625000][-24.000000,-19.625000][19.562500,24.500000] norm_mean_sd_minmax=31.881329/0.754005/29.480263/34.195782
LINK queue/drop/high=0/0/5 tof=1739
TXDIAG frames_s=133 bytes_s=17708 total_frames=7669 total_bytes=1020368 queue=0 high=5 drops=0 bno_drop=0 partial=0 zero=0 write_calls=145414 max_write_us=0 free_heap=166720 min_free_heap=166720 usage_pct=19.21
BNO_TX kind=1 event=0 req=0 enq=0 drop=0 done=0 bytes=0
BNO_REPORT kind=1 report_id=1 interval_us=10000 requested_hz=100.000 enable_ok=2 enable_fail=0 callback=7260 switch=7238 kind_convert=7238 events=7238 tx_req=0 tx_enq=0 tx_done=0 tx_drop=0 event_drop=0 reset_reconfig=1 effective_hz=126.349
BNO_TX kind=2 event=0 req=0 enq=0 drop=0 done=0 bytes=0
BNO_REPORT kind=2 report_id=2 interval_us=10000 requested_hz=100.000 enable_ok=2 enable_fail=0 callback=5734 switch=5730 kind_convert=5730 events=5730 tx_req=0 tx_enq=0 tx_done=0 tx_drop=0 event_drop=0 reset_reconfig=1 effective_hz=100.050
BNO_TX kind=3 event=0 req=0 enq=0 drop=0 done=0 bytes=0
BNO_REPORT kind=3 report_id=8 interval_us=20000 requested_hz=50.000 enable_ok=2 enable_fail=0 callback=2866 switch=2865 kind_convert=2865 events=2865 tx_req=0 tx_enq=0 tx_done=0 tx_drop=0 event_drop=0 reset_reconfig=1 effective_hz=50.023
BNO_TX kind=4 event=0 req=0 enq=0 drop=0 done=0 bytes=0
BNO_REPORT kind=4 report_id=3 interval_us=50000 requested_hz=20.000 enable_ok=2 enable_fail=0 callback=1433 switch=1432 kind_convert=1432 events=1432 tx_req=0 tx_enq=0 tx_done=0 tx_drop=0 event_drop=0 reset_reconfig=1 effective_hz=25.001
BNO_TX kind=5 event=0 req=0 enq=0 drop=0 done=0 bytes=0
BNO_REPORT kind=5 report_id=4 interval_us=20000 requested_hz=50.000 enable_ok=2 enable_fail=0 callback=2866 switch=2865 kind_convert=2865 events=2865 tx_req=0 tx_enq=0 tx_done=0 tx_drop=0 event_drop=0 reset_reconfig=1 effective_hz=50.012
DIAG state=FAULT dry=1 bno_ready=1 addr=0x4A init/reinit/poll=1/0/10248 event A/G/M=7365/5830/1457 age_rx_us=3276/11682/34551
IMU cand/pair/call/ok=5830/5830/5830/5827 reject=3 dup/order/stale/dt/nonfinite/norm/queue=0/0/0/3/0/0/0 last_ok_age_us=11682 dt_us=8485 align_samples=199 align_elapsed_us=2004484
HEALTH state=2 health=1 reason=mount_unvalidated mount=0 imu_age_us=11682 imu_gaps=0 reversals=0 covariance=1 finite=1 gnss_age_us=4294967295 tof_age_us=4294967295 obs=1
BNO_TS ACCEL events=7365 unique=104 exact=1 overflow=0 dup=245 reverse=3645 rollover=0 sensor_dt_us=-8500/0.79/8400 rx_dt_us=8/7914.22/19429 pair_first=4294959496/3860589 pair_last=4294965296/62140919
BNO_TS GYRO events=5830 unique=82 exact=1 overflow=0 dup=390 reverse=2530 rollover=0 sensor_dt_us=-8800/1.89/10000 rx_dt_us=63/9994.87/19608 pair_first=4294953796/3872427 pair_last=4294964796/62132513
BNO_TS MAG events=1457 unique=89 exact=1 overflow=0 dup=69 reverse=676 rollover=0 sensor_dt_us=-7700/5.36/8300 rx_dt_us=29008/39998.07/60389 pair_first=4294953796/3872459 pair_last=4294961596/62109644
BNO_VEC ACCEL_SENSOR_AND_ESKF_INPUT events=7365 nonfinite=0 xyz_mean_sd=[-0.271355,0.008851][-0.848662,0.010296][-9.805885,0.023147] xyz_minmax=[-0.312500,-0.238281][-0.882812,-0.808594][-9.855469,-9.734375] norm_mean_sd_minmax=9.846290/0.023093/9.775037/9.897798
BNO_VEC GYRO_SENSOR_AND_ESKF_INPUT events=5830 nonfinite=0 xyz_mean_sd=[-0.000013,0.000547][0.000009,0.000347][-0.000001,0.000332] xyz_minmax=[-0.005859,0.007812][-0.003906,0.003906][-0.003906,0.003906] norm_mean_sd_minmax=0.000124/0.000717/0.000000/0.008053
BNO_VEC MAG_SENSOR events=1457 nonfinite=0 xyz_mean_sd=[7.074082,0.542090][-22.013469,0.727714][21.929007,0.755072] xyz_minmax=[5.375000,8.625000][-24.000000,-19.625000][19.562500,24.500000] norm_mean_sd_minmax=31.880126/0.753610/29.480263/34.195782
LINK queue/drop/high=1/0/5 tof=1770
TXDIAG frames_s=131 bytes_s=17533 total_frames=7801 total_bytes=1038024 queue=0 high=5 drops=0 bno_drop=0 partial=0 zero=0 write_calls=148277 max_write_us=0 free_heap=166720 min_free_heap=166720 usage_pct=19.02
BNO_TX kind=1 event=0 req=0 enq=0 drop=0 done=0 bytes=0
BNO_REPORT kind=1 report_id=1 interval_us=10000 requested_hz=100.000 enable_ok=2 enable_fail=0 callback=7388 switch=7365 kind_convert=7365 events=7365 tx_req=0 tx_enq=0 tx_done=0 tx_drop=0 event_drop=0 reset_reconfig=1 effective_hz=126.355
BNO_TX kind=2 event=0 req=0 enq=0 drop=0 done=0 bytes=0
BNO_REPORT kind=2 report_id=2 interval_us=10000 requested_hz=100.000 enable_ok=2 enable_fail=0 callback=5835 switch=5830 kind_convert=5830 events=5830 tx_req=0 tx_enq=0 tx_done=0 tx_drop=0 event_drop=0 reset_reconfig=1 effective_hz=100.051
BNO_TX kind=3 event=0 req=0 enq=0 drop=0 done=0 bytes=0
BNO_REPORT kind=3 report_id=8 interval_us=20000 requested_hz=50.000 enable_ok=2 enable_fail=0 callback=2917 switch=2915 kind_convert=2915 events=2915 tx_req=0 tx_enq=0 tx_done=0 tx_drop=0 event_drop=0 reset_reconfig=1 effective_hz=50.024
BNO_TX kind=4 event=0 req=0 enq=0 drop=0 done=0 bytes=0
BNO_REPORT kind=4 report_id=3 interval_us=50000 requested_hz=20.000 enable_ok=2 enable_fail=0 callback=1459 switch=1457 kind_convert=1457 events=1457 tx_req=0 tx_enq=0 tx_done=0 tx_drop=0 event_drop=0 reset_reconfig=1 effective_hz=25.001
BNO_TX kind=5 event=0 req=0 enq=0 drop=0 done=0 bytes=0
BNO_REPORT kind=5 report_id=4 interval_us=20000 requested_hz=50.000 enable_ok=2 enable_fail=0 callback=2916 switch=2915 kind_convert=2915 events=2915 tx_req=0 tx_enq=0 tx_done=0 tx_drop=0 event_drop=0 reset_reconfig=1 effective_hz=50.012
DIAG state=FAULT dry=1 bno_ready=1 addr=0x4A init/reinit/poll=1/0/10426 event A/G/M=7491/5930/1482 age_rx_us=5369/7883/37933
IMU cand/pair/call/ok=5930/5930/5930/5927 reject=3 dup/order/stale/dt/nonfinite/norm/queue=0/0/0/3/0/0/0 last_ok_age_us=7883 dt_us=13465 align_samples=199 align_elapsed_us=2004484
HEALTH state=2 health=1 reason=mount_unvalidated mount=0 imu_age_us=7883 imu_gaps=0 reversals=0 covariance=1 finite=1 gnss_age_us=4294967295 tof_age_us=4294967295 obs=1
BNO_TS ACCEL events=7491 unique=104 exact=1 overflow=0 dup=250 reverse=3710 rollover=0 sensor_dt_us=-8500/0.68/8400 rx_dt_us=8/7914.33/19429 pair_first=4294959496/3860589 pair_last=4294964596/63138917
BNO_TS GYRO events=5930 unique=82 exact=1 overflow=0 dup=393 reverse=2581 rollover=0 sensor_dt_us=-8800/1.52/10000 rx_dt_us=63/9995.61/19608 pair_first=4294953796/3872427 pair_last=4294962796/63136403
BNO_TS MAG events=1482 unique=89 exact=1 overflow=0 dup=69 reverse=688 rollover=0 sensor_dt_us=-7700/6.08/8300 rx_dt_us=29008/39995.88/60389 pair_first=4294953796/3872459 pair_last=4294962796/63106353
BNO_VEC ACCEL_SENSOR_AND_ESKF_INPUT events=7491 nonfinite=0 xyz_mean_sd=[-0.271376,0.008805][-0.848647,0.010325][-9.805891,0.023123] xyz_minmax=[-0.312500,-0.238281][-0.882812,-0.808594][-9.855469,-9.734375] norm_mean_sd_minmax=9.846295/0.023069/9.775037/9.897798
BNO_VEC GYRO_SENSOR_AND_ESKF_INPUT events=5930 nonfinite=0 xyz_mean_sd=[-0.000013,0.000542][0.000009,0.000344][-0.000001,0.000329] xyz_minmax=[-0.005859,0.007812][-0.003906,0.003906][-0.003906,0.003906] norm_mean_sd_minmax=0.000122/0.000711/0.000000/0.008053
BNO_VEC MAG_SENSOR events=1482 nonfinite=0 xyz_mean_sd=[7.073971,0.539715][-22.008898,0.724966][21.933114,0.754007] xyz_minmax=[5.375000,8.625000][-24.000000,-19.625000][19.562500,24.500000] norm_mean_sd_minmax=31.879724/0.750187/29.480263/34.195782
LINK queue/drop/high=0/0/5 tof=1800
TXDIAG frames_s=136 bytes_s=17972 total_frames=7937 total_bytes=1055996 queue=0 high=5 drops=0 bno_drop=0 partial=0 zero=0 write_calls=150980 max_write_us=0 free_heap=166720 min_free_heap=166720 usage_pct=19.50
BNO_TX kind=1 event=0 req=0 enq=0 drop=0 done=0 bytes=0
BNO_REPORT kind=1 report_id=1 interval_us=10000 requested_hz=100.000 enable_ok=2 enable_fail=0 callback=7514 switch=7491 kind_convert=7491 events=7491 tx_req=0 tx_enq=0 tx_done=0 tx_drop=0 event_drop=0 reset_reconfig=1 effective_hz=126.353
BNO_TX kind=2 event=0 req=0 enq=0 drop=0 done=0 bytes=0
BNO_REPORT kind=2 report_id=2 interval_us=10000 requested_hz=100.000 enable_ok=2 enable_fail=0 callback=5935 switch=5930 kind_convert=5930 events=5930 tx_req=0 tx_enq=0 tx_done=0 tx_drop=0 event_drop=0 reset_reconfig=1 effective_hz=100.044
BNO_TX kind=3 event=0 req=0 enq=0 drop=0 done=0 bytes=0
BNO_REPORT kind=3 report_id=8 interval_us=20000 requested_hz=50.000 enable_ok=2 enable_fail=0 callback=2967 switch=2965 kind_convert=2965 events=2965 tx_req=0 tx_enq=0 tx_done=0 tx_drop=0 event_drop=0 reset_reconfig=1 effective_hz=50.021
BNO_TX kind=4 event=0 req=0 enq=0 drop=0 done=0 bytes=0
BNO_REPORT kind=4 report_id=3 interval_us=50000 requested_hz=20.000 enable_ok=2 enable_fail=0 callback=1484 switch=1482 kind_convert=1482 events=1482 tx_req=0 tx_enq=0 tx_done=0 tx_drop=0 event_drop=0 reset_reconfig=1 effective_hz=25.003
BNO_TX kind=5 event=0 req=0 enq=0 drop=0 done=0 bytes=0
BNO_REPORT kind=5 report_id=4 interval_us=20000 requested_hz=50.000 enable_ok=2 enable_fail=0 callback=2967 switch=2965 kind_convert=2965 events=2965 tx_req=0 tx_enq=0 tx_done=0 tx_drop=0 event_drop=0 reset_reconfig=1 effective_hz=50.014
DIAG state=FAULT dry=1 bno_ready=1 addr=0x4A init/reinit/poll=1/0/10609 event A/G/M=7619/6031/1508 age_rx_us=2498/12529/6108
IMU cand/pair/call/ok=6031/6031/6031/6028 reject=3 dup/order/stale/dt/nonfinite/norm/queue=0/0/0/3/0/0/0 last_ok_age_us=12529 dt_us=9501 align_samples=199 align_elapsed_us=2004484
HEALTH state=2 health=1 reason=mount_unvalidated mount=0 imu_age_us=12529 imu_gaps=0 reversals=0 covariance=1 finite=1 gnss_age_us=4294967295 tof_age_us=4294967295 obs=1
BNO_TS ACCEL events=7619 unique=104 exact=1 overflow=0 dup=255 reverse=3772 rollover=0 sensor_dt_us=-8500/0.75/8400 rx_dt_us=8/7914.29/19429 pair_first=4294959496/3860589 pair_last=4294965196/64151655
BNO_TS GYRO events=6031 unique=82 exact=1 overflow=0 dup=399 reverse=2625 rollover=0 sensor_dt_us=-8800/1.76/10000 rx_dt_us=63/9994.89/19608 pair_first=4294953796/3872427 pair_last=4294964396/64141624
BNO_TS MAG events=1508 unique=89 exact=1 overflow=0 dup=70 reverse=703 rollover=0 sensor_dt_us=-7700/5.44/8300 rx_dt_us=29008/39997.07/60389 pair_first=4294953796/3872459 pair_last=4294961996/64148045
BNO_VEC ACCEL_SENSOR_AND_ESKF_INPUT events=7619 nonfinite=0 xyz_mean_sd=[-0.271374,0.008821][-0.848681,0.010338][-9.805890,0.023137] xyz_minmax=[-0.312500,-0.238281][-0.882812,-0.808594][-9.855469,-9.734375] norm_mean_sd_minmax=9.846297/0.023081/9.775037/9.897798
BNO_VEC GYRO_SENSOR_AND_ESKF_INPUT events=6031 nonfinite=0 xyz_mean_sd=[-0.000013,0.000537][0.000009,0.000341][-0.000001,0.000326] xyz_minmax=[-0.005859,0.007812][-0.003906,0.003906][-0.003906,0.003906] norm_mean_sd_minmax=0.000120/0.000705/0.000000/0.008053
BNO_VEC MAG_SENSOR events=1508 nonfinite=0 xyz_mean_sd=[7.072323,0.538271][-22.005678,0.725629][21.930081,0.751735] xyz_minmax=[5.375000,8.625000][-24.000000,-19.625000][19.562500,24.500000] norm_mean_sd_minmax=31.875021/0.748659/29.480263/34.195782
LINK queue/drop/high=1/0/5 tof=1831
TXDIAG frames_s=134 bytes_s=17946 total_frames=8073 total_bytes=1074140 queue=0 high=5 drops=0 bno_drop=0 partial=0 zero=0 write_calls=153284 max_write_us=0 free_heap=166720 min_free_heap=166720 usage_pct=19.47
BNO_TX kind=1 event=0 req=0 enq=0 drop=0 done=0 bytes=0
BNO_REPORT kind=1 report_id=1 interval_us=10000 requested_hz=100.000 enable_ok=2 enable_fail=0 callback=7642 switch=7619 kind_convert=7619 events=7619 tx_req=0 tx_enq=0 tx_done=0 tx_drop=0 event_drop=0 reset_reconfig=1 effective_hz=126.354
BNO_TX kind=2 event=0 req=0 enq=0 drop=0 done=0 bytes=0
BNO_REPORT kind=2 report_id=2 interval_us=10000 requested_hz=100.000 enable_ok=2 enable_fail=0 callback=6036 switch=6031 kind_convert=6031 events=6031 tx_req=0 tx_enq=0 tx_done=0 tx_drop=0 event_drop=0 reset_reconfig=1 effective_hz=100.051
BNO_TX kind=3 event=0 req=0 enq=0 drop=0 done=0 bytes=0
BNO_REPORT kind=3 report_id=8 interval_us=20000 requested_hz=50.000 enable_ok=2 enable_fail=0 callback=3018 switch=3016 kind_convert=3016 events=3016 tx_req=0 tx_enq=0 tx_done=0 tx_drop=0 event_drop=0 reset_reconfig=1 effective_hz=50.020
BNO_TX kind=4 event=0 req=0 enq=0 drop=0 done=0 bytes=0
BNO_REPORT kind=4 report_id=3 interval_us=50000 requested_hz=20.000 enable_ok=2 enable_fail=0 callback=1509 switch=1508 kind_convert=1508 events=1508 tx_req=0 tx_enq=0 tx_done=0 tx_drop=0 event_drop=0 reset_reconfig=1 effective_hz=25.002
BNO_TX kind=5 event=0 req=0 enq=0 drop=0 done=0 bytes=0
BNO_REPORT kind=5 report_id=4 interval_us=20000 requested_hz=50.000 enable_ok=2 enable_fail=0 callback=3017 switch=3015 kind_convert=3015 events=3015 tx_req=0 tx_enq=0 tx_done=0 tx_drop=0 event_drop=0 reset_reconfig=1 effective_hz=50.013
DIAG state=FAULT dry=1 bno_ready=1 addr=0x4A init/reinit/poll=1/0/10784 event A/G/M=7744/6131/1533 age_rx_us=13790/7229/7253
IMU cand/pair/call/ok=6131/6131/6131/6128 reject=3 dup/order/stale/dt/nonfinite/norm/queue=0/0/0/3/0/0/0 last_ok_age_us=7229 dt_us=15180 align_samples=199 align_elapsed_us=2004484
HEALTH state=2 health=1 reason=mount_unvalidated mount=0 imu_age_us=7229 imu_gaps=0 reversals=0 covariance=1 finite=1 gnss_age_us=4294967295 tof_age_us=4294967295 obs=1
BNO_TS ACCEL events=7744 unique=104 exact=1 overflow=0 dup=257 reverse=3833 rollover=0 sensor_dt_us=-8500/0.66/8400 rx_dt_us=8/7914.24/19429 pair_first=4294959496/3860589 pair_last=4294964596/65140551
BNO_TS GYRO events=6131 unique=82 exact=1 overflow=0 dup=406 reverse=2665 rollover=0 sensor_dt_us=-8800/1.47/10000 rx_dt_us=63/9995.87/19608 pair_first=4294953796/3872427 pair_last=4294962796/65147112
BNO_TS MAG events=1533 unique=89 exact=1 overflow=0 dup=73 reverse=715 rollover=0 sensor_dt_us=-7700/5.87/8300 rx_dt_us=29008/39996.49/60389 pair_first=4294953796/3872459 pair_last=4294962796/65147088
BNO_VEC ACCEL_SENSOR_AND_ESKF_INPUT events=7744 nonfinite=0 xyz_mean_sd=[-0.271357,0.008841][-0.848662,0.010325][-9.805857,0.023132] xyz_minmax=[-0.312500,-0.238281][-0.882812,-0.808594][-9.855469,-9.734375] norm_mean_sd_minmax=9.846262/0.023076/9.775037/9.897798
BNO_VEC GYRO_SENSOR_AND_ESKF_INPUT events=6131 nonfinite=0 xyz_mean_sd=[-0.000012,0.000533][0.000009,0.000338][-0.000001,0.000323] xyz_minmax=[-0.005859,0.007812][-0.003906,0.003906][-0.003906,0.003906] norm_mean_sd_minmax=0.000118/0.000700/0.000000/0.008053
BNO_VEC MAG_SENSOR events=1533 nonfinite=0 xyz_mean_sd=[7.070817,0.539034][-22.008072,0.725629][21.927552,0.753747] xyz_minmax=[5.375000,8.625000][-24.000000,-19.625000][19.125000,24.500000] norm_mean_sd_minmax=31.874668/0.748352/29.480263/34.195782
LINK queue/drop/high=0/0/5 tof=1861
TXDIAG frames_s=136 bytes_s=18006 total_frames=8209 total_bytes=1092128 queue=0 high=5 drops=0 bno_drop=0 partial=0 zero=0 write_calls=155598 max_write_us=0 free_heap=166720 min_free_heap=166720 usage_pct=19.54
BNO_TX kind=1 event=0 req=0 enq=0 drop=0 done=0 bytes=0
BNO_REPORT kind=1 report_id=1 interval_us=10000 requested_hz=100.000 enable_ok=2 enable_fail=0 callback=7768 switch=7746 kind_convert=7746 events=7746 tx_req=0 tx_enq=0 tx_done=0 tx_drop=0 event_drop=0 reset_reconfig=1 effective_hz=126.350
BNO_TX kind=2 event=0 req=0 enq=0 drop=0 done=0 bytes=0
BNO_REPORT kind=2 report_id=2 interval_us=10000 requested_hz=100.000 enable_ok=2 enable_fail=0 callback=6136 switch=6132 kind_convert=6132 events=6132 tx_req=0 tx_enq=0 tx_done=0 tx_drop=0 event_drop=0 reset_reconfig=1 effective_hz=100.045
BNO_TX kind=3 event=0 req=0 enq=0 drop=0 done=0 bytes=0
BNO_REPORT kind=3 report_id=8 interval_us=20000 requested_hz=50.000 enable_ok=2 enable_fail=0 callback=3067 switch=3066 kind_convert=3066 events=3066 tx_req=0 tx_enq=0 tx_done=0 tx_drop=0 event_drop=0 reset_reconfig=1 effective_hz=50.021
BNO_TX kind=4 event=0 req=0 enq=0 drop=0 done=0 bytes=0
BNO_REPORT kind=4 report_id=3 interval_us=50000 requested_hz=20.000 enable_ok=2 enable_fail=0 callback=1534 switch=1533 kind_convert=1533 events=1533 tx_req=0 tx_enq=0 tx_done=0 tx_drop=0 event_drop=0 reset_reconfig=1 effective_hz=25.002
BNO_TX kind=5 event=0 req=0 enq=0 drop=0 done=0 bytes=0
BNO_REPORT kind=5 report_id=4 interval_us=20000 requested_hz=50.000 enable_ok=2 enable_fail=0 callback=3067 switch=3066 kind_convert=3066 events=3066 tx_req=0 tx_enq=0 tx_done=0 tx_drop=0 event_drop=0 reset_reconfig=1 effective_hz=50.014
DIAG state=FAULT dry=1 bno_ready=1 addr=0x4A init/reinit/poll=1/0/10959 event A/G/M=7873/6232/1558 age_rx_us=2384/10524/15325
IMU cand/pair/call/ok=6232/6232/6232/6229 reject=3 dup/order/stale/dt/nonfinite/norm/queue=0/0/0/3/0/0/0 last_ok_age_us=10524 dt_us=9536 align_samples=199 align_elapsed_us=2004484
HEALTH state=2 health=1 reason=mount_unvalidated mount=0 imu_age_us=10524 imu_gaps=0 reversals=0 covariance=1 finite=1 gnss_age_us=4294967295 tof_age_us=4294967295 obs=1
BNO_TS ACCEL events=7873 unique=104 exact=1 overflow=0 dup=263 reverse=3901 rollover=0 sensor_dt_us=-8500/0.67/8400 rx_dt_us=8/7914.17/19429 pair_first=4294959496/3860589 pair_last=4294964796/66160914
BNO_TS GYRO events=6232 unique=82 exact=1 overflow=0 dup=416 reverse=2706 rollover=0 sensor_dt_us=-8800/1.77/10000 rx_dt_us=63/9995.24/19608 pair_first=4294953796/3872427 pair_last=4294964796/66152774
BNO_TS MAG events=1558 unique=89 exact=1 overflow=0 dup=74 reverse=727 rollover=0 sensor_dt_us=-7700/4.11/8300 rx_dt_us=29008/39997.12/60389 pair_first=4294953796/3872459 pair_last=4294960196/66147973
BNO_VEC ACCEL_SENSOR_AND_ESKF_INPUT events=7873 nonfinite=0 xyz_mean_sd=[-0.271347,0.008871][-0.848690,0.010330][-9.805764,0.023107] xyz_minmax=[-0.312500,-0.238281][-0.882812,-0.808594][-9.855469,-9.734375] norm_mean_sd_minmax=9.846172/0.023054/9.770806/9.897798
BNO_VEC GYRO_SENSOR_AND_ESKF_INPUT events=6232 nonfinite=0 xyz_mean_sd=[-0.000012,0.000529][0.000009,0.000335][-0.000001,0.000321] xyz_minmax=[-0.005859,0.007812][-0.003906,0.003906][-0.003906,0.003906] norm_mean_sd_minmax=0.000116/0.000694/0.000000/0.008053
BNO_VEC MAG_SENSOR events=1558 nonfinite=0 xyz_mean_sd=[7.072970,0.538548][-22.008424,0.728724][21.925465,0.752870] xyz_minmax=[5.375000,8.625000][-24.000000,-19.625000][19.125000,24.500000] norm_mean_sd_minmax=31.873959/0.749884/29.480263/34.195782
LINK queue/drop/high=1/0/5 tof=1892
TXDIAG frames_s=133 bytes_s=17736 total_frames=8344 total_bytes=1110060 queue=0 high=5 drops=0 bno_drop=0 partial=0 zero=0 write_calls=158041 max_write_us=0 free_heap=166720 min_free_heap=166720 usage_pct=19.24
BNO_TX kind=1 event=0 req=0 enq=0 drop=0 done=0 bytes=0
BNO_REPORT kind=1 report_id=1 interval_us=10000 requested_hz=100.000 enable_ok=2 enable_fail=0 callback=7896 switch=7873 kind_convert=7873 events=7873 tx_req=0 tx_enq=0 tx_done=0 tx_drop=0 event_drop=0 reset_reconfig=1 effective_hz=126.356
BNO_TX kind=2 event=0 req=0 enq=0 drop=0 done=0 bytes=0
BNO_REPORT kind=2 report_id=2 interval_us=10000 requested_hz=100.000 enable_ok=2 enable_fail=0 callback=6237 switch=6233 kind_convert=6233 events=6233 tx_req=0 tx_enq=0 tx_done=0 tx_drop=0 event_drop=0 reset_reconfig=1 effective_hz=100.042
BNO_TX kind=3 event=0 req=0 enq=0 drop=0 done=0 bytes=0
BNO_REPORT kind=3 report_id=8 interval_us=20000 requested_hz=50.000 enable_ok=2 enable_fail=0 callback=3118 switch=3117 kind_convert=3117 events=3117 tx_req=0 tx_enq=0 tx_done=0 tx_drop=0 event_drop=0 reset_reconfig=1 effective_hz=50.021
BNO_TX kind=4 event=0 req=0 enq=0 drop=0 done=0 bytes=0
BNO_REPORT kind=4 report_id=3 interval_us=50000 requested_hz=20.000 enable_ok=2 enable_fail=0 callback=1559 switch=1558 kind_convert=1558 events=1558 tx_req=0 tx_enq=0 tx_done=0 tx_drop=0 event_drop=0 reset_reconfig=1 effective_hz=25.002
BNO_TX kind=5 event=0 req=0 enq=0 drop=0 done=0 bytes=0
BNO_REPORT kind=5 report_id=4 interval_us=20000 requested_hz=50.000 enable_ok=2 enable_fail=0 callback=3118 switch=3117 kind_convert=3117 events=3117 tx_req=0 tx_enq=0 tx_done=0 tx_drop=0 event_drop=0 reset_reconfig=1 effective_hz=50.014
DIAG state=FAULT dry=1 bno_ready=1 addr=0x4A init/reinit/poll=1/0/11122 event A/G/M=7999/6333/1583 age_rx_us=4627/2132/14514
IMU cand/pair/call/ok=6333/6333/6333/6330 reject=3 dup/order/stale/dt/nonfinite/norm/queue=0/0/0/3/0/0/0 last_ok_age_us=2132 dt_us=8295 align_samples=199 align_elapsed_us=2004484
HEALTH state=2 health=1 reason=mount_unvalidated mount=0 imu_age_us=2132 imu_gaps=0 reversals=0 covariance=1 finite=1 gnss_age_us=4294967295 tof_age_us=4294967295 obs=1
BNO_TS ACCEL events=7999 unique=104 exact=1 overflow=0 dup=269 reverse=3967 rollover=0 sensor_dt_us=-8500/0.90/8400 rx_dt_us=8/7914.24/19429 pair_first=4294959496/3860589 pair_last=4294966696/67158655
BNO_TS GYRO events=6333 unique=82 exact=1 overflow=0 dup=423 reverse=2751 rollover=0 sensor_dt_us=-8800/1.64/10000 rx_dt_us=63/9995.06/19608 pair_first=4294953796/3872427 pair_last=4294964196/67161150
BNO_TS MAG events=1583 unique=89 exact=1 overflow=0 dup=74 reverse=740 rollover=0 sensor_dt_us=-7700/5.31/8300 rx_dt_us=29008/39997.67/60389 pair_first=4294953796/3872459 pair_last=4294962196/67148768
BNO_VEC ACCEL_SENSOR_AND_ESKF_INPUT events=7999 nonfinite=0 xyz_mean_sd=[-0.271350,0.008878][-0.848694,0.010318][-9.805654,0.023112] xyz_minmax=[-0.312500,-0.238281][-0.882812,-0.808594][-9.855469,-9.734375] norm_mean_sd_minmax=9.846063/0.023059/9.770806/9.897798
BNO_VEC GYRO_SENSOR_AND_ESKF_INPUT events=6333 nonfinite=0 xyz_mean_sd=[-0.000012,0.000525][0.000009,0.000333][-0.000001,0.000318] xyz_minmax=[-0.005859,0.007812][-0.003906,0.003906][-0.003906,0.003906] norm_mean_sd_minmax=0.000114/0.000689/0.000000/0.008053
BNO_VEC MAG_SENSOR events=1583 nonfinite=0 xyz_mean_sd=[7.074503,0.539624][-22.006159,0.727209][21.922063,0.751155] xyz_minmax=[5.375000,8.625000][-24.000000,-19.625000][19.125000,24.500000] norm_mean_sd_minmax=31.870347/0.749462/29.480263/34.195782
LINK queue/drop/high=0/0/5 tof=1922
TXDIAG frames_s=134 bytes_s=17744 total_frames=8478 total_bytes=1127804 queue=0 high=5 drops=0 bno_drop=0 partial=0 zero=0 write_calls=161060 max_write_us=0 free_heap=166720 min_free_heap=166720 usage_pct=19.25
BNO_TX kind=1 event=0 req=0 enq=0 drop=0 done=0 bytes=0
BNO_REPORT kind=1 report_id=1 interval_us=10000 requested_hz=100.000 enable_ok=2 enable_fail=0 callback=8022 switch=8000 kind_convert=8000 events=8000 tx_req=0 tx_enq=0 tx_done=0 tx_drop=0 event_drop=0 reset_reconfig=1 effective_hz=126.353
BNO_TX kind=2 event=0 req=0 enq=0 drop=0 done=0 bytes=0
BNO_REPORT kind=2 report_id=2 interval_us=10000 requested_hz=100.000 enable_ok=2 enable_fail=0 callback=6337 switch=6333 kind_convert=6333 events=6333 tx_req=0 tx_enq=0 tx_done=0 tx_drop=0 event_drop=0 reset_reconfig=1 effective_hz=100.049
BNO_TX kind=3 event=0 req=0 enq=0 drop=0 done=0 bytes=0
BNO_REPORT kind=3 report_id=8 interval_us=20000 requested_hz=50.000 enable_ok=2 enable_fail=0 callback=3168 switch=3167 kind_convert=3167 events=3167 tx_req=0 tx_enq=0 tx_done=0 tx_drop=0 event_drop=0 reset_reconfig=1 effective_hz=50.020
BNO_TX kind=4 event=0 req=0 enq=0 drop=0 done=0 bytes=0
BNO_REPORT kind=4 report_id=3 interval_us=50000 requested_hz=20.000 enable_ok=2 enable_fail=0 callback=1584 switch=1583 kind_convert=1583 events=1583 tx_req=0 tx_enq=0 tx_done=0 tx_drop=0 event_drop=0 reset_reconfig=1 effective_hz=25.001
BNO_TX kind=5 event=0 req=0 enq=0 drop=0 done=0 bytes=0
BNO_REPORT kind=5 report_id=4 interval_us=20000 requested_hz=50.000 enable_ok=2 enable_fail=0 callback=3168 switch=3167 kind_convert=3167 events=3167 tx_req=0 tx_enq=0 tx_done=0 tx_drop=0 event_drop=0 reset_reconfig=1 effective_hz=50.013
DIAG state=FAULT dry=1 bno_ready=1 addr=0x4A init/reinit/poll=1/0/11298 event A/G/M=8126/6433/1608 age_rx_us=4736/11389/29456
IMU cand/pair/call/ok=6433/6433/6433/6430 reject=3 dup/order/stale/dt/nonfinite/norm/queue=0/0/0/3/0/0/0 last_ok_age_us=11389 dt_us=11450 align_samples=199 align_elapsed_us=2004484
HEALTH state=2 health=1 reason=mount_unvalidated mount=0 imu_age_us=11389 imu_gaps=0 reversals=0 covariance=1 finite=1 gnss_age_us=4294967295 tof_age_us=4294967295 obs=1
BNO_TS ACCEL events=8126 unique=104 exact=1 overflow=0 dup=275 reverse=4027 rollover=0 sensor_dt_us=-8500/0.68/8400 rx_dt_us=8/7915.00/19429 pair_first=4294959496/3860589 pair_last=4294964996/68169943
BNO_TS GYRO events=6433 unique=83 exact=1 overflow=0 dup=430 reverse=2796 rollover=0 sensor_dt_us=-8800/1.57/10000 rx_dt_us=63/9995.47/19608 pair_first=4294953796/3872427 pair_last=4294963896/68163290
BNO_TS MAG events=1608 unique=89 exact=1 overflow=0 dup=76 reverse=752 rollover=0 sensor_dt_us=-7700/5.10/8300 rx_dt_us=29008/39995.50/60389 pair_first=4294953796/3872459 pair_last=4294961996/68145223
BNO_VEC ACCEL_SENSOR_AND_ESKF_INPUT events=8126 nonfinite=0 xyz_mean_sd=[-0.271335,0.008896][-0.848721,0.010340][-9.805602,0.023075] xyz_minmax=[-0.312500,-0.238281][-0.882812,-0.808594][-9.855469,-9.734375] norm_mean_sd_minmax=9.846012/0.023022/9.770806/9.897798
BNO_VEC GYRO_SENSOR_AND_ESKF_INPUT events=6433 nonfinite=0 xyz_mean_sd=[-0.000012,0.000520][0.000009,0.000330][-0.000001,0.000316] xyz_minmax=[-0.005859,0.007812][-0.003906,0.003906][-0.003906,0.003906] norm_mean_sd_minmax=0.000112/0.000683/0.000000/0.008053
BNO_VEC MAG_SENSOR events=1608 nonfinite=0 xyz_mean_sd=[7.073616,0.539290][-22.005791,0.727466][21.917561,0.752347] xyz_minmax=[5.375000,8.625000][-24.000000,-19.625000][19.125000,24.500000] norm_mean_sd_minmax=31.866808/0.750300/29.480263/34.195782
LINK queue/drop/high=1/0/5 tof=1953
TXDIAG frames_s=133 bytes_s=17839 total_frames=8613 total_bytes=1145840 queue=0 high=5 drops=0 bno_drop=0 partial=0 zero=0 write_calls=163956 max_write_us=0 free_heap=166720 min_free_heap=166720 usage_pct=19.36
BNO_TX kind=1 event=0 req=0 enq=0 drop=0 done=0 bytes=0
BNO_REPORT kind=1 report_id=1 interval_us=10000 requested_hz=100.000 enable_ok=2 enable_fail=0 callback=8149 switch=8127 kind_convert=8127 events=8127 tx_req=0 tx_enq=0 tx_done=0 tx_drop=0 event_drop=0 reset_reconfig=1 effective_hz=126.341
BNO_TX kind=2 event=0 req=0 enq=0 drop=0 done=0 bytes=0
BNO_REPORT kind=2 report_id=2 interval_us=10000 requested_hz=100.000 enable_ok=2 enable_fail=0 callback=6438 switch=6434 kind_convert=6434 events=6434 tx_req=0 tx_enq=0 tx_done=0 tx_drop=0 event_drop=0 reset_reconfig=1 effective_hz=100.042
BNO_TX kind=3 event=0 req=0 enq=0 drop=0 done=0 bytes=0
BNO_REPORT kind=3 report_id=8 interval_us=20000 requested_hz=50.000 enable_ok=2 enable_fail=0 callback=3219 switch=3217 kind_convert=3217 events=3217 tx_req=0 tx_enq=0 tx_done=0 tx_drop=0 event_drop=0 reset_reconfig=1 effective_hz=50.023
BNO_TX kind=4 event=0 req=0 enq=0 drop=0 done=0 bytes=0
BNO_REPORT kind=4 report_id=3 interval_us=50000 requested_hz=20.000 enable_ok=2 enable_fail=0 callback=1610 switch=1608 kind_convert=1608 events=1608 tx_req=0 tx_enq=0 tx_done=0 tx_drop=0 event_drop=0 reset_reconfig=1 effective_hz=25.003
BNO_TX kind=5 event=0 req=0 enq=0 drop=0 done=0 bytes=0
BNO_REPORT kind=5 report_id=4 interval_us=20000 requested_hz=50.000 enable_ok=2 enable_fail=0 callback=3218 switch=3217 kind_convert=3217 events=3217 tx_req=0 tx_enq=0 tx_done=0 tx_drop=0 event_drop=0 reset_reconfig=1 effective_hz=50.013
DIAG state=FAULT dry=1 bno_ready=1 addr=0x4A init/reinit/poll=1/0/11473 event A/G/M=8251/6533/1633 age_rx_us=13176/7933/22701
IMU cand/pair/call/ok=6533/6533/6533/6530 reject=3 dup/order/stale/dt/nonfinite/norm/queue=0/0/0/3/0/0/0 last_ok_age_us=7933 dt_us=9180 align_samples=199 align_elapsed_us=2004484
HEALTH state=2 health=1 reason=mount_unvalidated mount=0 imu_age_us=7933 imu_gaps=0 reversals=0 covariance=1 finite=1 gnss_age_us=4294967295 tof_age_us=4294967295 obs=1
BNO_TS ACCEL events=8251 unique=104 exact=1 overflow=0 dup=278 reverse=4084 rollover=0 sensor_dt_us=-8500/0.53/8400 rx_dt_us=8/7915.21/19429 pair_first=4294959496/3860589 pair_last=4294963896/69161077
BNO_TS GYRO events=6533 unique=83 exact=1 overflow=0 dup=434 reverse=2844 rollover=0 sensor_dt_us=-8800/1.15/10000 rx_dt_us=63/9996.00/19608 pair_first=4294953796/3872427 pair_last=4294961296/69166320
BNO_TS MAG events=1633 unique=89 exact=1 overflow=0 dup=78 reverse=763 rollover=0 sensor_dt_us=-7700/2.27/8300 rx_dt_us=29008/39999.44/60389 pair_first=4294953796/3872459 pair_last=4294957496/69151552
BNO_VEC ACCEL_SENSOR_AND_ESKF_INPUT events=8251 nonfinite=0 xyz_mean_sd=[-0.271299,0.008950][-0.848716,0.010332][-9.805534,0.023077] xyz_minmax=[-0.312500,-0.238281][-0.882812,-0.808594][-9.855469,-9.734375] norm_mean_sd_minmax=9.845944/0.023022/9.770806/9.897798
BNO_VEC GYRO_SENSOR_AND_ESKF_INPUT events=6533 nonfinite=0 xyz_mean_sd=[-0.000012,0.000516][0.000008,0.000328][-0.000001,0.000313] xyz_minmax=[-0.005859,0.007812][-0.003906,0.003906][-0.003906,0.003906] norm_mean_sd_minmax=0.000111/0.000678/0.000000/0.008053
BNO_VEC MAG_SENSOR events=1633 nonfinite=0 xyz_mean_sd=[7.074747,0.540488][-22.002258,0.726171][21.919818,0.754067] xyz_minmax=[5.375000,8.625000][-24.000000,-19.625000][19.125000,24.500000] norm_mean_sd_minmax=31.866166/0.751902/29.480263/34.195782
LINK queue/drop/high=0/0/5 tof=1983
TXDIAG frames_s=134 bytes_s=17839 total_frames=8747 total_bytes=1163644 queue=0 high=5 drops=0 bno_drop=0 partial=0 zero=0 write_calls=167336 max_write_us=0 free_heap=166720 min_free_heap=166720 usage_pct=19.36
BNO_TX kind=1 event=0 req=0 enq=0 drop=0 done=0 bytes=0
BNO_REPORT kind=1 report_id=1 interval_us=10000 requested_hz=100.000 enable_ok=2 enable_fail=0 callback=8275 switch=8251 kind_convert=8251 events=8251 tx_req=0 tx_enq=0 tx_done=0 tx_drop=0 event_drop=0 reset_reconfig=1 effective_hz=126.339
BNO_TX kind=2 event=0 req=0 enq=0 drop=0 done=0 bytes=0
BNO_REPORT kind=2 report_id=2 interval_us=10000 requested_hz=100.000 enable_ok=2 enable_fail=0 callback=6537 switch=6533 kind_convert=6533 events=6533 tx_req=0 tx_enq=0 tx_done=0 tx_drop=0 event_drop=0 reset_reconfig=1 effective_hz=100.040
BNO_TX kind=3 event=0 req=0 enq=0 drop=0 done=0 bytes=0
BNO_REPORT kind=3 report_id=8 interval_us=20000 requested_hz=50.000 enable_ok=2 enable_fail=0 callback=3269 switch=3267 kind_convert=3267 events=3267 tx_req=0 tx_enq=0 tx_done=0 tx_drop=0 event_drop=0 reset_reconfig=1 effective_hz=50.020
BNO_TX kind=4 event=0 req=0 enq=0 drop=0 done=0 bytes=0
BNO_REPORT kind=4 report_id=3 interval_us=50000 requested_hz=20.000 enable_ok=2 enable_fail=0 callback=1635 switch=1633 kind_convert=1633 events=1633 tx_req=0 tx_enq=0 tx_done=0 tx_drop=0 event_drop=0 reset_reconfig=1 effective_hz=25.000
BNO_TX kind=5 event=0 req=0 enq=0 drop=0 done=0 bytes=0
BNO_REPORT kind=5 report_id=4 interval_us=20000 requested_hz=50.000 enable_ok=2 enable_fail=0 callback=3268 switch=3266 kind_convert=3266 events=3266 tx_req=0 tx_enq=0 tx_done=0 tx_drop=0 event_drop=0 reset_reconfig=1 effective_hz=50.012
DIAG state=FAULT dry=1 bno_ready=1 addr=0x4A init/reinit/poll=1/0/11655 event A/G/M=8380/6634/1658 age_rx_us=3140/11240/36187
IMU cand/pair/call/ok=6634/6634/6634/6631 reject=3 dup/order/stale/dt/nonfinite/norm/queue=0/0/0/3/0/0/0 last_ok_age_us=11240 dt_us=3838 align_samples=199 align_elapsed_us=2004484
HEALTH state=2 health=1 reason=mount_unvalidated mount=0 imu_age_us=11240 imu_gaps=0 reversals=0 covariance=1 finite=1 gnss_age_us=4294967295 tof_age_us=4294967295 obs=1
BNO_TS ACCEL events=8380 unique=104 exact=1 overflow=0 dup=281 reverse=4153 rollover=0 sensor_dt_us=-8500/0.69/8400 rx_dt_us=8/7914.85/19429 pair_first=4294959496/3860589 pair_last=4294965296/70179076
BNO_TS GYRO events=6634 unique=83 exact=1 overflow=0 dup=439 reverse=2890 rollover=0 sensor_dt_us=-8800/1.63/10000 rx_dt_us=63/9995.26/19608 pair_first=4294953796/3872427 pair_last=4294964596/70170976
BNO_TS MAG events=1658 unique=89 exact=1 overflow=0 dup=79 reverse=775 rollover=0 sensor_dt_us=-7700/5.19/8300 rx_dt_us=28513/39996.12/60389 pair_first=4294953796/3872459 pair_last=4294962396/70146029
BNO_VEC ACCEL_SENSOR_AND_ESKF_INPUT events=8380 nonfinite=0 xyz_mean_sd=[-0.271273,0.008987][-0.848714,0.010344][-9.805442,0.023074] xyz_minmax=[-0.312500,-0.238281][-0.882812,-0.808594][-9.855469,-9.734375] norm_mean_sd_minmax=9.845851/0.023016/9.770806/9.897798
BNO_VEC GYRO_SENSOR_AND_ESKF_INPUT events=6634 nonfinite=0 xyz_mean_sd=[-0.000011,0.000512][0.000008,0.000325][-0.000001,0.000311] xyz_minmax=[-0.005859,0.007812][-0.003906,0.003906][-0.003906,0.003906] norm_mean_sd_minmax=0.000109/0.000673/0.000000/0.008053
BNO_VEC MAG_SENSOR events=1658 nonfinite=0 xyz_mean_sd=[7.075430,0.540634][-22.005654,0.726299][21.923025,0.751937] xyz_minmax=[5.375000,8.625000][-24.000000,-19.625000][19.125000,24.500000] norm_mean_sd_minmax=31.870873/0.749810/29.480263/34.195782
LINK queue/drop/high=1/0/5 tof=2014
TXDIAG frames_s=134 bytes_s=17906 total_frames=8883 total_bytes=1181712 queue=0 high=5 drops=0 bno_drop=0 partial=0 zero=0 write_calls=169906 max_write_us=0 free_heap=166720 min_free_heap=166720 usage_pct=19.43
BNO_TX kind=1 event=0 req=0 enq=0 drop=0 done=0 bytes=0
BNO_REPORT kind=1 report_id=1 interval_us=10000 requested_hz=100.000 enable_ok=2 enable_fail=0 callback=8403 switch=8380 kind_convert=8380 events=8380 tx_req=0 tx_enq=0 tx_done=0 tx_drop=0 event_drop=0 reset_reconfig=1 effective_hz=126.345
BNO_TX kind=2 event=0 req=0 enq=0 drop=0 done=0 bytes=0
BNO_REPORT kind=2 report_id=2 interval_us=10000 requested_hz=100.000 enable_ok=2 enable_fail=0 callback=6639 switch=6634 kind_convert=6634 events=6634 tx_req=0 tx_enq=0 tx_done=0 tx_drop=0 event_drop=0 reset_reconfig=1 effective_hz=100.047
BNO_TX kind=3 event=0 req=0 enq=0 drop=0 done=0 bytes=0
BNO_REPORT kind=3 report_id=8 interval_us=20000 requested_hz=50.000 enable_ok=2 enable_fail=0 callback=3319 switch=3317 kind_convert=3317 events=3317 tx_req=0 tx_enq=0 tx_done=0 tx_drop=0 event_drop=0 reset_reconfig=1 effective_hz=50.019
BNO_TX kind=4 event=0 req=0 enq=0 drop=0 done=0 bytes=0
BNO_REPORT kind=4 report_id=3 interval_us=50000 requested_hz=20.000 enable_ok=2 enable_fail=0 callback=1660 switch=1658 kind_convert=1658 events=1658 tx_req=0 tx_enq=0 tx_done=0 tx_drop=0 event_drop=0 reset_reconfig=1 effective_hz=25.002
BNO_TX kind=5 event=0 req=0 enq=0 drop=0 done=0 bytes=0
BNO_REPORT kind=5 report_id=4 interval_us=20000 requested_hz=50.000 enable_ok=2 enable_fail=0 callback=3319 switch=3318 kind_convert=3318 events=3318 tx_req=0 tx_enq=0 tx_done=0 tx_drop=0 event_drop=0 reset_reconfig=1 effective_hz=50.012
DIAG state=FAULT dry=1 bno_ready=1 addr=0x4A init/reinit/poll=1/0/11829 event A/G/M=8505/6734/1683 age_rx_us=12435/6535/38029
IMU cand/pair/call/ok=6734/6734/6734/6731 reject=3 dup/order/stale/dt/nonfinite/norm/queue=0/0/0/3/0/0/0 last_ok_age_us=6535 dt_us=15149 align_samples=199 align_elapsed_us=2004484
HEALTH state=2 health=1 reason=mount_unvalidated mount=0 imu_age_us=6535 imu_gaps=0 reversals=0 covariance=1 finite=1 gnss_age_us=4294967295 tof_age_us=4294967295 obs=1
BNO_TS ACCEL events=8505 unique=104 exact=1 overflow=0 dup=285 reverse=4222 rollover=0 sensor_dt_us=-8500/0.58/8400 rx_dt_us=8/7915.02/19429 pair_first=4294959496/3860589 pair_last=4294964396/71169919
BNO_TS GYRO events=6734 unique=83 exact=1 overflow=0 dup=443 reverse=2940 rollover=0 sensor_dt_us=-8800/1.22/10000 rx_dt_us=63/9996.05/19608 pair_first=4294953796/3872427 pair_last=4294961996/71175819
BNO_TS MAG events=1683 unique=89 exact=1 overflow=0 dup=80 reverse=787 rollover=0 sensor_dt_us=-7700/4.99/8300 rx_dt_us=28513/39995.16/60389 pair_first=4294953796/3872459 pair_last=4294962196/71144325
BNO_VEC ACCEL_SENSOR_AND_ESKF_INPUT events=8505 nonfinite=0 xyz_mean_sd=[-0.271292,0.008946][-0.848707,0.010298][-9.805349,0.023104] xyz_minmax=[-0.312500,-0.238281][-0.882812,-0.808594][-9.855469,-9.734375] norm_mean_sd_minmax=9.845759/0.023046/9.770806/9.897798
BNO_VEC GYRO_SENSOR_AND_ESKF_INPUT events=6734 nonfinite=0 xyz_mean_sd=[-0.000011,0.000509][0.000008,0.000323][-0.000001,0.000308] xyz_minmax=[-0.005859,0.007812][-0.003906,0.003906][-0.003906,0.003906] norm_mean_sd_minmax=0.000107/0.000668/0.000000/0.008053
BNO_VEC MAG_SENSOR events=1683 nonfinite=0 xyz_mean_sd=[7.076092,0.540106][-22.002859,0.726569][21.924688,0.750851] xyz_minmax=[5.375000,8.625000][-24.000000,-19.625000][19.125000,24.500000] norm_mean_sd_minmax=31.870237/0.748501/29.480263/34.195782
LINK queue/drop/high=0/0/5 tof=2044
TXDIAG frames_s=135 bytes_s=17885 total_frames=9018 total_bytes=1199580 queue=0 high=5 drops=0 bno_drop=0 partial=0 zero=0 write_calls=172242 max_write_us=0 free_heap=166720 min_free_heap=166720 usage_pct=19.41
BNO_TX kind=1 event=0 req=0 enq=0 drop=0 done=0 bytes=0
BNO_REPORT kind=1 report_id=1 interval_us=10000 requested_hz=100.000 enable_ok=2 enable_fail=0 callback=8529 switch=8507 kind_convert=8507 events=8507 tx_req=0 tx_enq=0 tx_done=0 tx_drop=0 event_drop=0 reset_reconfig=1 effective_hz=126.340
BNO_TX kind=2 event=0 req=0 enq=0 drop=0 done=0 bytes=0
BNO_REPORT kind=2 report_id=2 interval_us=10000 requested_hz=100.000 enable_ok=2 enable_fail=0 callback=6738 switch=6735 kind_convert=6735 events=6735 tx_req=0 tx_enq=0 tx_done=0 tx_drop=0 event_drop=0 reset_reconfig=1 effective_hz=100.043
BNO_TX kind=3 event=0 req=0 enq=0 drop=0 done=0 bytes=0
BNO_REPORT kind=3 report_id=8 interval_us=20000 requested_hz=50.000 enable_ok=2 enable_fail=0 callback=3369 switch=3368 kind_convert=3368 events=3368 tx_req=0 tx_enq=0 tx_done=0 tx_drop=0 event_drop=0 reset_reconfig=1 effective_hz=50.021
BNO_TX kind=4 event=0 req=0 enq=0 drop=0 done=0 bytes=0
BNO_REPORT kind=4 report_id=3 interval_us=50000 requested_hz=20.000 enable_ok=2 enable_fail=0 callback=1685 switch=1684 kind_convert=1684 events=1684 tx_req=0 tx_enq=0 tx_done=0 tx_drop=0 event_drop=0 reset_reconfig=1 effective_hz=25.003
BNO_TX kind=5 event=0 req=0 enq=0 drop=0 done=0 bytes=0
BNO_REPORT kind=5 report_id=4 interval_us=20000 requested_hz=50.000 enable_ok=2 enable_fail=0 callback=3368 switch=3367 kind_convert=3367 events=3367 tx_req=0 tx_enq=0 tx_done=0 tx_drop=0 event_drop=0 reset_reconfig=1 effective_hz=50.012
DIAG state=FAULT dry=1 bno_ready=1 addr=0x4A init/reinit/poll=1/0/12020 event A/G/M=8632/6835/1708 age_rx_us=16164/12142/46081
IMU cand/pair/call/ok=6835/6835/6835/6832 reject=3 dup/order/stale/dt/nonfinite/norm/queue=0/0/0/3/0/0/0 last_ok_age_us=12142 dt_us=9404 align_samples=199 align_elapsed_us=2004484
HEALTH state=2 health=1 reason=mount_unvalidated mount=0 imu_age_us=12142 imu_gaps=0 reversals=0 covariance=1 finite=1 gnss_age_us=4294967295 tof_age_us=4294967295 obs=1
BNO_TS ACCEL events=8632 unique=104 exact=1 overflow=0 dup=288 reverse=4278 rollover=0 sensor_dt_us=-8500/0.59/8400 rx_dt_us=8/7915.12/19429 pair_first=4294959496/3860589 pair_last=4294964596/72175989
BNO_TS GYRO events=6835 unique=83 exact=1 overflow=0 dup=454 reverse=2983 rollover=0 sensor_dt_us=-8800/1.61/10000 rx_dt_us=63/9995.26/19608 pair_first=4294953796/3872427 pair_last=4294964796/72180011
BNO_TS MAG events=1708 unique=89 exact=1 overflow=0 dup=82 reverse=799 rollover=0 sensor_dt_us=-7700/4.92/8300 rx_dt_us=28513/39996.26/60389 pair_first=4294953796/3872459 pair_last=4294962196/72146072
BNO_VEC ACCEL_SENSOR_AND_ESKF_INPUT events=8632 nonfinite=0 xyz_mean_sd=[-0.271287,0.008947][-0.848693,0.010292][-9.805278,0.023128] xyz_minmax=[-0.312500,-0.238281][-0.882812,-0.808594][-9.855469,-9.734375] norm_mean_sd_minmax=9.845686/0.023071/9.770806/9.897798
BNO_VEC GYRO_SENSOR_AND_ESKF_INPUT events=6835 nonfinite=0 xyz_mean_sd=[-0.000011,0.000505][0.000008,0.000320][-0.000001,0.000306] xyz_minmax=[-0.005859,0.007812][-0.003906,0.003906][-0.003906,0.003906] norm_mean_sd_minmax=0.000106/0.000664/0.000000/0.008053
BNO_VEC MAG_SENSOR events=1708 nonfinite=0 xyz_mean_sd=[7.076149,0.540398][-22.000695,0.724821][21.926047,0.750825] xyz_minmax=[5.375000,8.625000][-24.000000,-19.625000][19.125000,24.500000] norm_mean_sd_minmax=31.869709/0.746171/29.480263/34.195782
LINK queue/drop/high=1/0/5 tof=2075
TXDIAG frames_s=133 bytes_s=17766 total_frames=9153 total_bytes=1217524 queue=0 high=5 drops=0 bno_drop=0 partial=0 zero=0 write_calls=174370 max_write_us=0 free_heap=166720 min_free_heap=166720 usage_pct=19.28
BNO_TX kind=1 event=0 req=0 enq=0 drop=0 done=0 bytes=0
BNO_REPORT kind=1 report_id=1 interval_us=10000 requested_hz=100.000 enable_ok=2 enable_fail=0 callback=8657 switch=8635 kind_convert=8635 events=8635 tx_req=0 tx_enq=0 tx_done=0 tx_drop=0 event_drop=0 reset_reconfig=1 effective_hz=126.346
BNO_TX kind=2 event=0 req=0 enq=0 drop=0 done=0 bytes=0
BNO_REPORT kind=2 report_id=2 interval_us=10000 requested_hz=100.000 enable_ok=2 enable_fail=0 callback=6840 switch=6836 kind_convert=6836 events=6836 tx_req=0 tx_enq=0 tx_done=0 tx_drop=0 event_drop=0 reset_reconfig=1 effective_hz=100.047
BNO_TX kind=3 event=0 req=0 enq=0 drop=0 done=0 bytes=0
BNO_REPORT kind=3 report_id=8 interval_us=20000 requested_hz=50.000 enable_ok=2 enable_fail=0 callback=3419 switch=3418 kind_convert=3418 events=3418 tx_req=0 tx_enq=0 tx_done=0 tx_drop=0 event_drop=0 reset_reconfig=1 effective_hz=50.019
BNO_TX kind=4 event=0 req=0 enq=0 drop=0 done=0 bytes=0
BNO_REPORT kind=4 report_id=3 interval_us=50000 requested_hz=20.000 enable_ok=2 enable_fail=0 callback=1710 switch=1709 kind_convert=1709 events=1709 tx_req=0 tx_enq=0 tx_done=0 tx_drop=0 event_drop=0 reset_reconfig=1 effective_hz=25.002
BNO_TX kind=5 event=0 req=0 enq=0 drop=0 done=0 bytes=0
BNO_REPORT kind=5 report_id=4 interval_us=20000 requested_hz=50.000 enable_ok=2 enable_fail=0 callback=3419 switch=3418 kind_convert=3418 events=3418 tx_req=0 tx_enq=0 tx_done=0 tx_drop=0 event_drop=0 reset_reconfig=1 effective_hz=50.014
DIAG state=FAULT dry=1 bno_ready=1 addr=0x4A init/reinit/poll=1/0/12201 event A/G/M=8760/6936/1734 age_rx_us=4823/206/4841
IMU cand/pair/call/ok=6935/6935/6935/6932 reject=3 dup/order/stale/dt/nonfinite/norm/queue=0/0/0/3/0/0/0 last_ok_age_us=9574 dt_us=13194 align_samples=199 align_elapsed_us=2004484
HEALTH state=2 health=1 reason=mount_unvalidated mount=0 imu_age_us=206 imu_gaps=0 reversals=0 covariance=1 finite=1 gnss_age_us=4294967295 tof_age_us=4294967295 obs=1
BNO_TS ACCEL events=8760 unique=104 exact=1 overflow=0 dup=294 reverse=4334 rollover=0 sensor_dt_us=-8500/0.64/8400 rx_dt_us=8/7914.94/19429 pair_first=4294959496/3860589 pair_last=4294965096/73187590
BNO_TS GYRO events=6936 unique=83 exact=1 overflow=0 dup=461 reverse=3026 rollover=0 sensor_dt_us=-8800/1.56/10000 rx_dt_us=63/9995.64/19608 pair_first=4294953796/3872427 pair_last=4294964596/73192207
BNO_TS MAG events=1734 unique=89 exact=1 overflow=0 dup=83 reverse=810 rollover=0 sensor_dt_us=-7700/2.83/8300 rx_dt_us=28513/39997.18/60389 pair_first=4294953796/3872459 pair_last=4294958696/73187572
BNO_VEC ACCEL_SENSOR_AND_ESKF_INPUT events=8760 nonfinite=0 xyz_mean_sd=[-0.271286,0.008941][-0.848701,0.010287][-9.805268,0.023085] xyz_minmax=[-0.312500,-0.238281][-0.882812,-0.808594][-9.855469,-9.734375] norm_mean_sd_minmax=9.845677/0.023029/9.770806/9.897798
BNO_VEC GYRO_SENSOR_AND_ESKF_INPUT events=6936 nonfinite=0 xyz_mean_sd=[-0.000011,0.000501][0.000008,0.000318][-0.000001,0.000304] xyz_minmax=[-0.005859,0.007812][-0.003906,0.003906][-0.003906,0.003906] norm_mean_sd_minmax=0.000104/0.000659/0.000000/0.008053
BNO_VEC MAG_SENSOR events=1734 nonfinite=0 xyz_mean_sd=[7.078359,0.541570][-21.998486,0.722684][21.928020,0.749966] xyz_minmax=[5.375000,8.625000][-24.000000,-19.625000][19.125000,24.500000] norm_mean_sd_minmax=31.870018/0.744741/29.480263/34.195782
LINK queue/drop/high=0/0/5 tof=2105
TXDIAG frames_s=135 bytes_s=17868 total_frames=9288 total_bytes=1235392 queue=0 high=5 drops=0 bno_drop=0 partial=0 zero=0 write_calls=176582 max_write_us=0 free_heap=166720 min_free_heap=166720 usage_pct=19.39
BNO_TX kind=1 event=0 req=0 enq=0 drop=0 done=0 bytes=0
BNO_REPORT kind=1 report_id=1 interval_us=10000 requested_hz=100.000 enable_ok=2 enable_fail=0 callback=8783 switch=8760 kind_convert=8760 events=8760 tx_req=0 tx_enq=0 tx_done=0 tx_drop=0 event_drop=0 reset_reconfig=1 effective_hz=126.343
BNO_TX kind=2 event=0 req=0 enq=0 drop=0 done=0 bytes=0
BNO_REPORT kind=2 report_id=2 interval_us=10000 requested_hz=100.000 enable_ok=2 enable_fail=0 callback=6940 switch=6936 kind_convert=6936 events=6936 tx_req=0 tx_enq=0 tx_done=0 tx_drop=0 event_drop=0 reset_reconfig=1 effective_hz=100.044
BNO_TX kind=3 event=0 req=0 enq=0 drop=0 done=0 bytes=0
BNO_REPORT kind=3 report_id=8 interval_us=20000 requested_hz=50.000 enable_ok=2 enable_fail=0 callback=3470 switch=3468 kind_convert=3468 events=3468 tx_req=0 tx_enq=0 tx_done=0 tx_drop=0 event_drop=0 reset_reconfig=1 effective_hz=50.021
BNO_TX kind=4 event=0 req=0 enq=0 drop=0 done=0 bytes=0
BNO_REPORT kind=4 report_id=3 interval_us=50000 requested_hz=20.000 enable_ok=2 enable_fail=0 callback=1735 switch=1734 kind_convert=1734 events=1734 tx_req=0 tx_enq=0 tx_done=0 tx_drop=0 event_drop=0 reset_reconfig=1 effective_hz=25.002
BNO_TX kind=5 event=0 req=0 enq=0 drop=0 done=0 bytes=0
BNO_REPORT kind=5 report_id=4 interval_us=20000 requested_hz=50.000 enable_ok=2 enable_fail=0 callback=3469 switch=3468 kind_convert=3468 events=3468 tx_req=0 tx_enq=0 tx_done=0 tx_drop=0 event_drop=0 reset_reconfig=1 effective_hz=50.011
DIAG state=FAULT dry=1 bno_ready=1 addr=0x4A init/reinit/poll=1/0/12379 event A/G/M=8888/7036/1759 age_rx_us=3351/11294/15164
IMU cand/pair/call/ok=7036/7036/7036/7033 reject=3 dup/order/stale/dt/nonfinite/norm/queue=0/0/0/3/0/0/0 last_ok_age_us=11294 dt_us=3910 align_samples=199 align_elapsed_us=2004484
HEALTH state=2 health=1 reason=mount_unvalidated mount=0 imu_age_us=11294 imu_gaps=0 reversals=0 covariance=1 finite=1 gnss_age_us=4294967295 tof_age_us=4294967295 obs=1
BNO_TS ACCEL events=8888 unique=104 exact=1 overflow=0 dup=296 reverse=4402 rollover=0 sensor_dt_us=-8500/0.64/8400 rx_dt_us=8/7914.63/19429 pair_first=4294959496/3860589 pair_last=4294965196/74197921
BNO_TS GYRO events=7036 unique=83 exact=1 overflow=0 dup=467 reverse=3070 rollover=0 sensor_dt_us=-8800/1.56/10000 rx_dt_us=63/9995.39/19929 pair_first=4294953796/3872427 pair_last=4294964796/74189978
BNO_TS MAG events=1759 unique=89 exact=1 overflow=0 dup=84 reverse=819 rollover=0 sensor_dt_us=-7700/5.06/8300 rx_dt_us=28513/39996.39/60389 pair_first=4294953796/3872459 pair_last=4294962696/74186108
BNO_VEC ACCEL_SENSOR_AND_ESKF_INPUT events=8888 nonfinite=0 xyz_mean_sd=[-0.271298,0.008914][-0.848705,0.010275][-9.805221,0.023101] xyz_minmax=[-0.312500,-0.238281][-0.882812,-0.808594][-9.855469,-9.734375] norm_mean_sd_minmax=9.845630/0.023044/9.770806/9.897798
BNO_VEC GYRO_SENSOR_AND_ESKF_INPUT events=7036 nonfinite=0 xyz_mean_sd=[-0.000011,0.000498][0.000008,0.000316][-0.000001,0.000302] xyz_minmax=[-0.005859,0.007812][-0.003906,0.003906][-0.003906,0.003906] norm_mean_sd_minmax=0.000103/0.000654/0.000000/0.008053
BNO_VEC MAG_SENSOR events=1759 nonfinite=0 xyz_mean_sd=[7.078880,0.541596][-21.989625,0.726026][21.929043,0.749624] xyz_minmax=[5.375000,8.625000][-24.000000,-19.625000][19.125000,24.500000] norm_mean_sd_minmax=31.864770/0.745565/29.480263/34.195782
LINK queue/drop/high=1/0/5 tof=2136
TXDIAG frames_s=133 bytes_s=17857 total_frames=9423 total_bytes=1253428 queue=0 high=5 drops=0 bno_drop=0 partial=0 zero=0 write_calls=179410 max_write_us=0 free_heap=166720 min_free_heap=166720 usage_pct=19.38
BNO_TX kind=1 event=0 req=0 enq=0 drop=0 done=0 bytes=0
BNO_REPORT kind=1 report_id=1 interval_us=10000 requested_hz=100.000 enable_ok=2 enable_fail=0 callback=8911 switch=8888 kind_convert=8888 events=8888 tx_req=0 tx_enq=0 tx_done=0 tx_drop=0 event_drop=0 reset_reconfig=1 effective_hz=126.348
BNO_TX kind=2 event=0 req=0 enq=0 drop=0 done=0 bytes=0
BNO_REPORT kind=2 report_id=2 interval_us=10000 requested_hz=100.000 enable_ok=2 enable_fail=0 callback=7041 switch=7036 kind_convert=7036 events=7036 tx_req=0 tx_enq=0 tx_done=0 tx_drop=0 event_drop=0 reset_reconfig=1 effective_hz=100.046
BNO_TX kind=3 event=0 req=0 enq=0 drop=0 done=0 bytes=0
BNO_REPORT kind=3 report_id=8 interval_us=20000 requested_hz=50.000 enable_ok=2 enable_fail=0 callback=3520 switch=3518 kind_convert=3518 events=3518 tx_req=0 tx_enq=0 tx_done=0 tx_drop=0 event_drop=0 reset_reconfig=1 effective_hz=50.019
BNO_TX kind=4 event=0 req=0 enq=0 drop=0 done=0 bytes=0
BNO_REPORT kind=4 report_id=3 interval_us=50000 requested_hz=20.000 enable_ok=2 enable_fail=0 callback=1760 switch=1759 kind_convert=1759 events=1759 tx_req=0 tx_enq=0 tx_done=0 tx_drop=0 event_drop=0 reset_reconfig=1 effective_hz=25.002
BNO_TX kind=5 event=0 req=0 enq=0 drop=0 done=0 bytes=0
BNO_REPORT kind=5 report_id=4 interval_us=20000 requested_hz=50.000 enable_ok=2 enable_fail=0 callback=3520 switch=3519 kind_convert=3519 events=3519 tx_req=0 tx_enq=0 tx_done=0 tx_drop=0 event_drop=0 reset_reconfig=1 effective_hz=50.015
DIAG state=FAULT dry=1 bno_ready=1 addr=0x4A init/reinit/poll=1/0/12556 event A/G/M=9014/7136/1784 age_rx_us=2945/5468/15275
IMU cand/pair/call/ok=7136/7136/7136/7133 reject=3 dup/order/stale/dt/nonfinite/norm/queue=0/0/0/3/0/0/0 last_ok_age_us=5468 dt_us=15968 align_samples=199 align_elapsed_us=2004484
HEALTH state=2 health=1 reason=mount_unvalidated mount=0 imu_age_us=5468 imu_gaps=0 reversals=0 covariance=1 finite=1 gnss_age_us=4294967295 tof_age_us=4294967295 obs=1
BNO_TS ACCEL events=9014 unique=104 exact=1 overflow=0 dup=302 reverse=4470 rollover=0 sensor_dt_us=-8500/0.26/8400 rx_dt_us=8/7914.99/19429 pair_first=4294959496/3860589 pair_last=4294961796/75198407
BNO_TS GYRO events=7136 unique=83 exact=1 overflow=0 dup=475 reverse=3111 rollover=0 sensor_dt_us=-8800/1.23/10000 rx_dt_us=63/9996.28/19929 pair_first=4294953796/3872427 pair_last=4294962596/75195884
BNO_TS MAG events=1784 unique=89 exact=1 overflow=0 dup=85 reverse=831 rollover=0 sensor_dt_us=-7700/4.21/9100 rx_dt_us=28513/39996.42/60389 pair_first=4294953796/3872459 pair_last=4294961296/75186077
BNO_VEC ACCEL_SENSOR_AND_ESKF_INPUT events=9014 nonfinite=0 xyz_mean_sd=[-0.271312,0.008882][-0.848696,0.010307][-9.805272,0.023087] xyz_minmax=[-0.312500,-0.238281][-0.882812,-0.808594][-9.855469,-9.734375] norm_mean_sd_minmax=9.845681/0.023031/9.770806/9.897798
BNO_VEC GYRO_SENSOR_AND_ESKF_INPUT events=7136 nonfinite=0 xyz_mean_sd=[-0.000011,0.000494][0.000008,0.000314][-0.000001,0.000300] xyz_minmax=[-0.005859,0.007812][-0.003906,0.003906][-0.003906,0.003906] norm_mean_sd_minmax=0.000101/0.000650/0.000000/0.008053
BNO_VEC MAG_SENSOR events=1784 nonfinite=0 xyz_mean_sd=[7.078896,0.543025][-21.985601,0.727122][21.925869,0.752417] xyz_minmax=[5.375000,8.625000][-24.000000,-19.625000][19.125000,24.500000] norm_mean_sd_minmax=31.859842/0.749218/29.480263/34.195782
LINK queue/drop/high=0/0/5 tof=2166
TXDIAG frames_s=133 bytes_s=17708 total_frames=9556 total_bytes=1271136 queue=0 high=5 drops=0 bno_drop=0 partial=0 zero=0 write_calls=182516 max_write_us=0 free_heap=166720 min_free_heap=166720 usage_pct=19.21
BNO_TX kind=1 event=0 req=0 enq=0 drop=0 done=0 bytes=0
BNO_REPORT kind=1 report_id=1 interval_us=10000 requested_hz=100.000 enable_ok=2 enable_fail=0 callback=9037 switch=9014 kind_convert=9014 events=9014 tx_req=0 tx_enq=0 tx_done=0 tx_drop=0 event_drop=0 reset_reconfig=1 effective_hz=126.343
BNO_TX kind=2 event=0 req=0 enq=0 drop=0 done=0 bytes=0
BNO_REPORT kind=2 report_id=2 interval_us=10000 requested_hz=100.000 enable_ok=2 enable_fail=0 callback=7140 switch=7137 kind_convert=7137 events=7137 tx_req=0 tx_enq=0 tx_done=0 tx_drop=0 event_drop=0 reset_reconfig=1 effective_hz=100.040
BNO_TX kind=3 event=0 req=0 enq=0 drop=0 done=0 bytes=0
BNO_REPORT kind=3 report_id=8 interval_us=20000 requested_hz=50.000 enable_ok=2 enable_fail=0 callback=3570 switch=3569 kind_convert=3569 events=3569 tx_req=0 tx_enq=0 tx_done=0 tx_drop=0 event_drop=0 reset_reconfig=1 effective_hz=50.020
BNO_TX kind=4 event=0 req=0 enq=0 drop=0 done=0 bytes=0
BNO_REPORT kind=4 report_id=3 interval_us=50000 requested_hz=20.000 enable_ok=2 enable_fail=0 callback=1785 switch=1784 kind_convert=1784 events=1784 tx_req=0 tx_enq=0 tx_done=0 tx_drop=0 event_drop=0 reset_reconfig=1 effective_hz=25.002
BNO_TX kind=5 event=0 req=0 enq=0 drop=0 done=0 bytes=0
BNO_REPORT kind=5 report_id=4 interval_us=20000 requested_hz=50.000 enable_ok=2 enable_fail=0 callback=3570 switch=3569 kind_convert=3569 events=3569 tx_req=0 tx_enq=0 tx_done=0 tx_drop=0 event_drop=0 reset_reconfig=1 effective_hz=50.013
DIAG state=FAULT dry=1 bno_ready=1 addr=0x4A init/reinit/poll=1/0/12731 event A/G/M=9142/7237/1809 age_rx_us=3273/11257/25297
IMU cand/pair/call/ok=7237/7237/7237/7234 reject=3 dup/order/stale/dt/nonfinite/norm/queue=0/0/0/3/0/0/0 last_ok_age_us=11257 dt_us=8340 align_samples=199 align_elapsed_us=2004484
HEALTH state=2 health=1 reason=mount_unvalidated mount=0 imu_age_us=11257 imu_gaps=0 reversals=0 covariance=1 finite=1 gnss_age_us=4294967295 tof_age_us=4294967295 obs=1
BNO_TS ACCEL events=9142 unique=104 exact=1 overflow=0 dup=306 reverse=4535 rollover=0 sensor_dt_us=-8500/0.58/8400 rx_dt_us=8/7914.60/19429 pair_first=4294959496/3860589 pair_last=4294964796/76207951
BNO_TS GYRO events=7237 unique=83 exact=1 overflow=0 dup=484 reverse=3155 rollover=0 sensor_dt_us=-8800/1.46/10000 rx_dt_us=63/9995.51/19929 pair_first=4294953796/3872427 pair_last=4294964396/76199967
BNO_TS MAG events=1809 unique=89 exact=1 overflow=0 dup=85 reverse=843 rollover=0 sensor_dt_us=-7700/3.32/9100 rx_dt_us=28513/39996.39/60389 pair_first=4294953796/3872459 pair_last=4294959796/76185927
BNO_VEC ACCEL_SENSOR_AND_ESKF_INPUT events=9142 nonfinite=0 xyz_mean_sd=[-0.271322,0.008857][-0.848684,0.010285][-9.805296,0.023092] xyz_minmax=[-0.312500,-0.238281][-0.882812,-0.808594][-9.855469,-9.734375] norm_mean_sd_minmax=9.845704/0.023036/9.770806/9.897798
BNO_VEC GYRO_SENSOR_AND_ESKF_INPUT events=7237 nonfinite=0 xyz_mean_sd=[-0.000011,0.000491][0.000008,0.000311][-0.000001,0.000298] xyz_minmax=[-0.005859,0.007812][-0.003906,0.003906][-0.003906,0.003906] norm_mean_sd_minmax=0.000100/0.000645/0.000000/0.008053
BNO_VEC MAG_SENSOR events=1809 nonfinite=0 xyz_mean_sd=[7.081537,0.544607][-21.986318,0.724968][21.926548,0.751449] xyz_minmax=[5.375000,8.625000][-24.000000,-19.625000][19.125000,24.500000] norm_mean_sd_minmax=31.861388/0.747438/29.480263/34.195782
LINK queue/drop/high=1/0/5 tof=2197
TXDIAG frames_s=130 bytes_s=17530 total_frames=9688 total_bytes=1288824 queue=0 high=5 drops=0 bno_drop=0 partial=0 zero=0 write_calls=185158 max_write_us=0 free_heap=166720 min_free_heap=166720 usage_pct=19.02
BNO_TX kind=1 event=0 req=0 enq=0 drop=0 done=0 bytes=0
BNO_REPORT kind=1 report_id=1 interval_us=10000 requested_hz=100.000 enable_ok=2 enable_fail=0 callback=9165 switch=9143 kind_convert=9143 events=9143 tx_req=0 tx_enq=0 tx_done=0 tx_drop=0 event_drop=0 reset_reconfig=1 effective_hz=126.348
BNO_TX kind=2 event=0 req=0 enq=0 drop=0 done=0 bytes=0
BNO_REPORT kind=2 report_id=2 interval_us=10000 requested_hz=100.000 enable_ok=2 enable_fail=0 callback=7242 switch=7238 kind_convert=7238 events=7238 tx_req=0 tx_enq=0 tx_done=0 tx_drop=0 event_drop=0 reset_reconfig=1 effective_hz=100.041
BNO_TX kind=3 event=0 req=0 enq=0 drop=0 done=0 bytes=0
BNO_REPORT kind=3 report_id=8 interval_us=20000 requested_hz=50.000 enable_ok=2 enable_fail=0 callback=3620 switch=3619 kind_convert=3619 events=3619 tx_req=0 tx_enq=0 tx_done=0 tx_drop=0 event_drop=0 reset_reconfig=1 effective_hz=50.019
BNO_TX kind=4 event=0 req=0 enq=0 drop=0 done=0 bytes=0
BNO_REPORT kind=4 report_id=3 interval_us=50000 requested_hz=20.000 enable_ok=2 enable_fail=0 callback=1810 switch=1809 kind_convert=1809 events=1809 tx_req=0 tx_enq=0 tx_done=0 tx_drop=0 event_drop=0 reset_reconfig=1 effective_hz=25.002
BNO_TX kind=5 event=0 req=0 enq=0 drop=0 done=0 bytes=0
BNO_REPORT kind=5 report_id=4 interval_us=20000 requested_hz=50.000 enable_ok=2 enable_fail=0 callback=3620 switch=3619 kind_convert=3619 events=3619 tx_req=0 tx_enq=0 tx_done=0 tx_drop=0 event_drop=0 reset_reconfig=1 effective_hz=50.013
DIAG state=FAULT dry=1 bno_ready=1 addr=0x4A init/reinit/poll=1/0/12902 event A/G/M=9268/7337/1834 age_rx_us=4784/7368/31851
IMU cand/pair/call/ok=7337/7337/7337/7334 reject=3 dup/order/stale/dt/nonfinite/norm/queue=0/0/0/3/0/0/0 last_ok_age_us=7368 dt_us=15060 align_samples=199 align_elapsed_us=2004484
HEALTH state=2 health=1 reason=mount_unvalidated mount=0 imu_age_us=7368 imu_gaps=0 reversals=0 covariance=1 finite=1 gnss_age_us=4294967295 tof_age_us=4294967295 obs=1
BNO_TS ACCEL events=9268 unique=104 exact=1 overflow=0 dup=308 reverse=4601 rollover=0 sensor_dt_us=-8500/0.33/8400 rx_dt_us=8/7914.75/19429 pair_first=4294959496/3860589 pair_last=4294962596/77206587
BNO_TS GYRO events=7337 unique=83 exact=1 overflow=0 dup=489 reverse=3200 rollover=0 sensor_dt_us=-8800/1.23/10000 rx_dt_us=63/9996.13/19929 pair_first=4294953796/3872427 pair_last=4294962796/77204003
BNO_TS MAG events=1834 unique=89 exact=1 overflow=0 dup=89 reverse=852 rollover=0 sensor_dt_us=-7700/6.22/9100 rx_dt_us=28513/39992.94/60389 pair_first=4294953796/3872459 pair_last=4294965196/77179520
BNO_VEC ACCEL_SENSOR_AND_ESKF_INPUT events=9268 nonfinite=0 xyz_mean_sd=[-0.271340,0.008820][-0.848680,0.010278][-9.805326,0.023096] xyz_minmax=[-0.312500,-0.238281][-0.882812,-0.808594][-9.855469,-9.734375] norm_mean_sd_minmax=9.845734/0.023039/9.770806/9.897798
BNO_VEC GYRO_SENSOR_AND_ESKF_INPUT events=7337 nonfinite=0 xyz_mean_sd=[-0.000010,0.000487][0.000007,0.000309][-0.000001,0.000296] xyz_minmax=[-0.005859,0.007812][-0.003906,0.003906][-0.003906,0.003906] norm_mean_sd_minmax=0.000098/0.000641/0.000000/0.008053
BNO_VEC MAG_SENSOR events=1834 nonfinite=0 xyz_mean_sd=[7.082095,0.543694][-21.985380,0.724103][21.925198,0.748607] xyz_minmax=[5.375000,8.625000][-24.000000,-19.625000][19.125000,24.500000] norm_mean_sd_minmax=31.859865/0.746078/29.480263/34.195782
LINK queue/drop/high=0/0/5 tof=2227
TXDIAG frames_s=134 bytes_s=17848 total_frames=9823 total_bytes=1306708 queue=0 high=5 drops=0 bno_drop=0 partial=0 zero=0 write_calls=187601 max_write_us=0 free_heap=166720 min_free_heap=166720 usage_pct=19.37
BNO_TX kind=1 event=0 req=0 enq=0 drop=0 done=0 bytes=0
BNO_REPORT kind=1 report_id=1 interval_us=10000 requested_hz=100.000 enable_ok=2 enable_fail=0 callback=9291 switch=9269 kind_convert=9269 events=9269 tx_req=0 tx_enq=0 tx_done=0 tx_drop=0 event_drop=0 reset_reconfig=1 effective_hz=126.345
BNO_TX kind=2 event=0 req=0 enq=0 drop=0 done=0 bytes=0
BNO_REPORT kind=2 report_id=2 interval_us=10000 requested_hz=100.000 enable_ok=2 enable_fail=0 callback=7342 switch=7338 kind_convert=7338 events=7338 tx_req=0 tx_enq=0 tx_done=0 tx_drop=0 event_drop=0 reset_reconfig=1 effective_hz=100.044
BNO_TX kind=3 event=0 req=0 enq=0 drop=0 done=0 bytes=0
BNO_REPORT kind=3 report_id=8 interval_us=20000 requested_hz=50.000 enable_ok=2 enable_fail=0 callback=3670 switch=3669 kind_convert=3669 events=3669 tx_req=0 tx_enq=0 tx_done=0 tx_drop=0 event_drop=0 reset_reconfig=1 effective_hz=50.019
BNO_TX kind=4 event=0 req=0 enq=0 drop=0 done=0 bytes=0
BNO_REPORT kind=4 report_id=3 interval_us=50000 requested_hz=20.000 enable_ok=2 enable_fail=0 callback=1835 switch=1834 kind_convert=1834 events=1834 tx_req=0 tx_enq=0 tx_done=0 tx_drop=0 event_drop=0 reset_reconfig=1 effective_hz=25.004
BNO_TX kind=5 event=0 req=0 enq=0 drop=0 done=0 bytes=0
BNO_REPORT kind=5 report_id=4 interval_us=20000 requested_hz=50.000 enable_ok=2 enable_fail=0 callback=3670 switch=3669 kind_convert=3669 events=3669 tx_req=0 tx_enq=0 tx_done=0 tx_drop=0 event_drop=0 reset_reconfig=1 effective_hz=50.012
DIAG state=FAULT dry=1 bno_ready=1 addr=0x4A init/reinit/poll=1/0/13081 event A/G/M=9395/7438/1859 age_rx_us=4275/8905/40296
IMU cand/pair/call/ok=7438/7438/7438/7435 reject=3 dup/order/stale/dt/nonfinite/norm/queue=0/0/0/3/0/0/0 last_ok_age_us=8905 dt_us=9995 align_samples=199 align_elapsed_us=2004484
HEALTH state=2 health=1 reason=mount_unvalidated mount=0 imu_age_us=8905 imu_gaps=0 reversals=0 covariance=1 finite=1 gnss_age_us=4294967295 tof_age_us=4294967295 obs=1
BNO_TS ACCEL events=9395 unique=104 exact=1 overflow=0 dup=311 reverse=4667 rollover=0 sensor_dt_us=-8500/0.07/8400 rx_dt_us=8/7915.19/19429 pair_first=4294959496/3860589 pair_last=4294960196/78215853
BNO_TS GYRO events=7438 unique=83 exact=1 overflow=0 dup=496 reverse=3245 rollover=0 sensor_dt_us=-8800/1.43/10000 rx_dt_us=63/9995.80/19929 pair_first=4294953796/3872427 pair_last=4294964396/78211223
BNO_TS MAG events=1859 unique=89 exact=1 overflow=0 dup=91 reverse=864 rollover=0 sensor_dt_us=-7700/5.44/9100 rx_dt_us=28513/39993.20/60389 pair_first=4294953796/3872459 pair_last=4294963896/78179832
BNO_VEC ACCEL_SENSOR_AND_ESKF_INPUT events=9395 nonfinite=0 xyz_mean_sd=[-0.271346,0.008803][-0.848664,0.010281][-9.805347,0.023108] xyz_minmax=[-0.312500,-0.238281][-0.882812,-0.808594][-9.855469,-9.734375] norm_mean_sd_minmax=9.845753/0.023053/9.770806/9.897798
BNO_VEC GYRO_SENSOR_AND_ESKF_INPUT events=7438 nonfinite=0 xyz_mean_sd=[-0.000010,0.000484][0.000007,0.000307][-0.000001,0.000294] xyz_minmax=[-0.005859,0.007812][-0.003906,0.003906][-0.003906,0.003906] norm_mean_sd_minmax=0.000097/0.000637/0.000000/0.008053
BNO_VEC MAG_SENSOR events=1859 nonfinite=0 xyz_mean_sd=[7.083378,0.542384][-21.982417,0.725210][21.923077,0.747117] xyz_minmax=[5.375000,8.625000][-24.000000,-19.625000][19.125000,24.500000] norm_mean_sd_minmax=31.856555/0.748570/29.480263/34.195782
LINK queue/drop/high=1/0/5 tof=2258
TXDIAG frames_s=132 bytes_s=17797 total_frames=9957 total_bytes=1324648 queue=0 high=5 drops=0 bno_drop=0 partial=0 zero=0 write_calls=189963 max_write_us=0 free_heap=166720 min_free_heap=166720 usage_pct=19.31
BNO_TX kind=1 event=0 req=0 enq=0 drop=0 done=0 bytes=0
BNO_REPORT kind=1 report_id=1 interval_us=10000 requested_hz=100.000 enable_ok=2 enable_fail=0 callback=9419 switch=9395 kind_convert=9395 events=9395 tx_req=0 tx_enq=0 tx_done=0 tx_drop=0 event_drop=0 reset_reconfig=1 effective_hz=126.339
BNO_TX kind=2 event=0 req=0 enq=0 drop=0 done=0 bytes=0
BNO_REPORT kind=2 report_id=2 interval_us=10000 requested_hz=100.000 enable_ok=2 enable_fail=0 callback=7443 switch=7438 kind_convert=7438 events=7438 tx_req=0 tx_enq=0 tx_done=0 tx_drop=0 event_drop=0 reset_reconfig=1 effective_hz=100.042
BNO_TX kind=3 event=0 req=0 enq=0 drop=0 done=0 bytes=0
BNO_REPORT kind=3 report_id=8 interval_us=20000 requested_hz=50.000 enable_ok=2 enable_fail=0 callback=3721 switch=3719 kind_convert=3719 events=3719 tx_req=0 tx_enq=0 tx_done=0 tx_drop=0 event_drop=0 reset_reconfig=1 effective_hz=50.018
BNO_TX kind=4 event=0 req=0 enq=0 drop=0 done=0 bytes=0
BNO_REPORT kind=4 report_id=3 interval_us=50000 requested_hz=20.000 enable_ok=2 enable_fail=0 callback=1861 switch=1859 kind_convert=1859 events=1859 tx_req=0 tx_enq=0 tx_done=0 tx_drop=0 event_drop=0 reset_reconfig=1 effective_hz=25.004
BNO_TX kind=5 event=0 req=0 enq=0 drop=0 done=0 bytes=0
BNO_REPORT kind=5 report_id=4 interval_us=20000 requested_hz=50.000 enable_ok=2 enable_fail=0 callback=3721 switch=3720 kind_convert=3720 events=3720 tx_req=0 tx_enq=0 tx_done=0 tx_drop=0 event_drop=0 reset_reconfig=1 effective_hz=50.013
DIAG state=FAULT dry=1 bno_ready=1 addr=0x4A init/reinit/poll=1/0/13260 event A/G/M=9521/7538/1884 age_rx_us=15782/11695/38957
IMU cand/pair/call/ok=7538/7538/7538/7535 reject=3 dup/order/stale/dt/nonfinite/norm/queue=0/0/0/3/0/0/0 last_ok_age_us=11695 dt_us=8430 align_samples=199 align_elapsed_us=2004484
HEALTH state=2 health=1 reason=mount_unvalidated mount=0 imu_age_us=11695 imu_gaps=0 reversals=0 covariance=1 finite=1 gnss_age_us=4294967295 tof_age_us=4294967295 obs=1
BNO_TS ACCEL events=9521 unique=104 exact=1 overflow=0 dup=317 reverse=4730 rollover=0 sensor_dt_us=-8500/0.75/8400 rx_dt_us=8/7914.38/19429 pair_first=4294959496/3860589 pair_last=4294966596/79205510
BNO_TS GYRO events=7538 unique=83 exact=1 overflow=0 dup=508 reverse=3286 rollover=0 sensor_dt_us=-8800/1.49/10000 rx_dt_us=63/9995.64/19929 pair_first=4294953796/3872427 pair_last=4294964996/79209597
BNO_TS MAG events=1884 unique=89 exact=1 overflow=0 dup=92 reverse=877 rollover=0 sensor_dt_us=-7900/4.57/9100 rx_dt_us=28513/39994.62/60389 pair_first=4294953796/3872459 pair_last=4294962396/79182335
BNO_VEC ACCEL_SENSOR_AND_ESKF_INPUT events=9521 nonfinite=0 xyz_mean_sd=[-0.271351,0.008787][-0.848665,0.010252][-9.805378,0.023112] xyz_minmax=[-0.312500,-0.238281][-0.882812,-0.808594][-9.855469,-9.734375] norm_mean_sd_minmax=9.845785/0.023057/9.770806/9.897798
BNO_VEC GYRO_SENSOR_AND_ESKF_INPUT events=7538 nonfinite=0 xyz_mean_sd=[-0.000010,0.000481][0.000007,0.000305][-0.000001,0.000292] xyz_minmax=[-0.005859,0.007812][-0.003906,0.003906][-0.003906,0.003906] norm_mean_sd_minmax=0.000096/0.000633/0.000000/0.008053
BNO_VEC MAG_SENSOR events=1884 nonfinite=0 xyz_mean_sd=[7.081177,0.541152][-21.979034,0.725522][21.922837,0.747816] xyz_minmax=[5.375000,8.625000][-24.000000,-19.625000][19.125000,24.500000] norm_mean_sd_minmax=31.853578/0.748214/29.480263/34.195782
LINK queue/drop/high=1/0/5 tof=2288
TXDIAG frames_s=133 bytes_s=17778 total_frames=10091 total_bytes=1342444 queue=0 high=5 drops=0 bno_drop=0 partial=0 zero=0 write_calls=192414 max_write_us=0 free_heap=166720 min_free_heap=166720 usage_pct=19.29
BNO_TX kind=1 event=0 req=0 enq=0 drop=0 done=0 bytes=0
BNO_REPORT kind=1 report_id=1 interval_us=10000 requested_hz=100.000 enable_ok=2 enable_fail=0 callback=9545 switch=9521 kind_convert=9521 events=9521 tx_req=0 tx_enq=0 tx_done=0 tx_drop=0 event_drop=0 reset_reconfig=1 effective_hz=126.352
BNO_TX kind=2 event=0 req=0 enq=0 drop=0 done=0 bytes=0
BNO_REPORT kind=2 report_id=2 interval_us=10000 requested_hz=100.000 enable_ok=2 enable_fail=0 callback=7543 switch=7538 kind_convert=7538 events=7538 tx_req=0 tx_enq=0 tx_done=0 tx_drop=0 event_drop=0 reset_reconfig=1 effective_hz=100.044
BNO_TX kind=3 event=0 req=0 enq=0 drop=0 done=0 bytes=0
BNO_REPORT kind=3 report_id=8 interval_us=20000 requested_hz=50.000 enable_ok=2 enable_fail=0 callback=3771 switch=3770 kind_convert=3770 events=3770 tx_req=0 tx_enq=0 tx_done=0 tx_drop=0 event_drop=0 reset_reconfig=1 effective_hz=50.020
BNO_TX kind=4 event=0 req=0 enq=0 drop=0 done=0 bytes=0
BNO_REPORT kind=4 report_id=3 interval_us=50000 requested_hz=20.000 enable_ok=2 enable_fail=0 callback=1886 switch=1885 kind_convert=1885 events=1885 tx_req=0 tx_enq=0 tx_done=0 tx_drop=0 event_drop=0 reset_reconfig=1 effective_hz=25.003
BNO_TX kind=5 event=0 req=0 enq=0 drop=0 done=0 bytes=0
BNO_REPORT kind=5 report_id=4 interval_us=20000 requested_hz=50.000 enable_ok=2 enable_fail=0 callback=3771 switch=3770 kind_convert=3770 events=3770 tx_req=0 tx_enq=0 tx_done=0 tx_drop=0 event_drop=0 reset_reconfig=1 effective_hz=50.013
DIAG state=FAULT dry=1 bno_ready=1 addr=0x4A init/reinit/poll=1/0/13448 event A/G/M=9650/7639/1910 age_rx_us=3208/12211/6083
IMU cand/pair/call/ok=7639/7639/7639/7636 reject=3 dup/order/stale/dt/nonfinite/norm/queue=0/0/0/3/0/0/0 last_ok_age_us=12211 dt_us=9813 align_samples=199 align_elapsed_us=2004484
HEALTH state=2 health=1 reason=mount_unvalidated mount=0 imu_age_us=12211 imu_gaps=0 reversals=0 covariance=1 finite=1 gnss_age_us=4294967295 tof_age_us=4294967295 obs=1
BNO_TS ACCEL events=9650 unique=104 exact=1 overflow=0 dup=321 reverse=4795 rollover=0 sensor_dt_us=-8500/0.51/8400 rx_dt_us=8/7914.43/19429 pair_first=4294959496/3860589 pair_last=4294964396/80226937
BNO_TS GYRO events=7639 unique=83 exact=1 overflow=0 dup=513 reverse=3331 rollover=0 sensor_dt_us=-8800/1.44/10000 rx_dt_us=63/9995.48/19929 pair_first=4294953796/3872427 pair_last=4294964796/80217934
BNO_TS MAG events=1910 unique=89 exact=1 overflow=0 dup=98 reverse=887 rollover=0 sensor_dt_us=-7900/4.40/9100 rx_dt_us=28513/39995.60/60389 pair_first=4294953796/3872459 pair_last=4294962196/80224062
BNO_VEC ACCEL_SENSOR_AND_ESKF_INPUT events=9650 nonfinite=0 xyz_mean_sd=[-0.271361,0.008764][-0.848650,0.010226][-9.805407,0.023099] xyz_minmax=[-0.312500,-0.238281][-0.882812,-0.808594][-9.855469,-9.734375] norm_mean_sd_minmax=9.845813/0.023045/9.770806/9.897798
BNO_VEC GYRO_SENSOR_AND_ESKF_INPUT events=7639 nonfinite=0 xyz_mean_sd=[-0.000010,0.000478][0.000007,0.000303][-0.000001,0.000290] xyz_minmax=[-0.005859,0.007812][-0.003906,0.003906][-0.003906,0.003906] norm_mean_sd_minmax=0.000095/0.000629/0.000000/0.008053
BNO_VEC MAG_SENSOR events=1910 nonfinite=0 xyz_mean_sd=[7.078796,0.541712][-21.976440,0.727404][21.917932,0.747362] xyz_minmax=[5.375000,8.625000][-24.000000,-19.625000][19.125000,24.500000] norm_mean_sd_minmax=31.847875/0.750336/29.480263/34.195782
LINK queue/drop/high=1/0/5 tof=2319
TXDIAG frames_s=133 bytes_s=17869 total_frames=10226 total_bytes=1360456 queue=0 high=5 drops=0 bno_drop=0 partial=0 zero=0 write_calls=194821 max_write_us=0 free_heap=166720 min_free_heap=166720 usage_pct=19.39
BNO_TX kind=1 event=0 req=0 enq=0 drop=0 done=0 bytes=0
BNO_REPORT kind=1 report_id=1 interval_us=10000 requested_hz=100.000 enable_ok=2 enable_fail=0 callback=9673 switch=9651 kind_convert=9651 events=9651 tx_req=0 tx_enq=0 tx_done=0 tx_drop=0 event_drop=0 reset_reconfig=1 effective_hz=126.351
BNO_TX kind=2 event=0 req=0 enq=0 drop=0 done=0 bytes=0
BNO_REPORT kind=2 report_id=2 interval_us=10000 requested_hz=100.000 enable_ok=2 enable_fail=0 callback=7644 switch=7640 kind_convert=7640 events=7640 tx_req=0 tx_enq=0 tx_done=0 tx_drop=0 event_drop=0 reset_reconfig=1 effective_hz=100.040
BNO_TX kind=3 event=0 req=0 enq=0 drop=0 done=0 bytes=0
BNO_REPORT kind=3 report_id=8 interval_us=20000 requested_hz=50.000 enable_ok=2 enable_fail=0 callback=3821 switch=3820 kind_convert=3820 events=3820 tx_req=0 tx_enq=0 tx_done=0 tx_drop=0 event_drop=0 reset_reconfig=1 effective_hz=50.019
BNO_TX kind=4 event=0 req=0 enq=0 drop=0 done=0 bytes=0
BNO_REPORT kind=4 report_id=3 interval_us=50000 requested_hz=20.000 enable_ok=2 enable_fail=0 callback=1911 switch=1910 kind_convert=1910 events=1910 tx_req=0 tx_enq=0 tx_done=0 tx_drop=0 event_drop=0 reset_reconfig=1 effective_hz=25.003
BNO_TX kind=5 event=0 req=0 enq=0 drop=0 done=0 bytes=0
BNO_REPORT kind=5 report_id=4 interval_us=20000 requested_hz=50.000 enable_ok=2 enable_fail=0 callback=3821 switch=3820 kind_convert=3820 events=3820 tx_req=0 tx_enq=0 tx_done=0 tx_drop=0 event_drop=0 reset_reconfig=1 effective_hz=50.013
DIAG state=FAULT dry=1 bno_ready=1 addr=0x4A init/reinit/poll=1/0/13622 event A/G/M=9775/7738/1934 age_rx_us=14341/19055/50373
IMU cand/pair/call/ok=7738/7738/7738/7735 reject=3 dup/order/stale/dt/nonfinite/norm/queue=0/0/0/3/0/0/0 last_ok_age_us=19055 dt_us=11515 align_samples=199 align_elapsed_us=2004484
HEALTH state=2 health=1 reason=mount_unvalidated mount=0 imu_age_us=19055 imu_gaps=0 reversals=0 covariance=1 finite=1 gnss_age_us=4294967295 tof_age_us=4294967295 obs=1
BNO_TS ACCEL events=9775 unique=104 exact=1 overflow=0 dup=326 reverse=4854 rollover=0 sensor_dt_us=-8500/0.67/8400 rx_dt_us=8/7914.40/19429 pair_first=4294959496/3860589 pair_last=4294965996/81215966
BNO_TS GYRO events=7738 unique=83 exact=1 overflow=0 dup=520 reverse=3372 rollover=0 sensor_dt_us=-8800/1.14/10000 rx_dt_us=63/9995.97/19929 pair_first=4294953796/3872427 pair_last=4294962596/81211252
BNO_TS MAG events=1934 unique=90 exact=1 overflow=0 dup=98 reverse=898 rollover=0 sensor_dt_us=-7900/4.91/9100 rx_dt_us=28513/39993.52/60389 pair_first=4294953796/3872459 pair_last=4294963296/81179934
BNO_VEC ACCEL_SENSOR_AND_ESKF_INPUT events=9775 nonfinite=0 xyz_mean_sd=[-0.271359,0.008762][-0.848662,0.010229][-9.805422,0.023084] xyz_minmax=[-0.312500,-0.238281][-0.882812,-0.808594][-9.855469,-9.734375] norm_mean_sd_minmax=9.845828/0.023032/9.770806/9.897798
BNO_VEC GYRO_SENSOR_AND_ESKF_INPUT events=7738 nonfinite=0 xyz_mean_sd=[-0.000010,0.000475][0.000007,0.000301][-0.000001,0.000288] xyz_minmax=[-0.005859,0.007812][-0.003906,0.003906][-0.003906,0.003906] norm_mean_sd_minmax=0.000093/0.000625/0.000000/0.008053
BNO_VEC MAG_SENSOR events=1934 nonfinite=0 xyz_mean_sd=[7.077786,0.541328][-21.972822,0.727520][21.915848,0.745470] xyz_minmax=[5.375000,8.625000][-24.000000,-19.625000][19.125000,24.500000] norm_mean_sd_minmax=31.843682/0.749872/29.480263/34.195782
LINK queue/drop/high=0/0/5 tof=2349
TXDIAG frames_s=135 bytes_s=17868 total_frames=10362 total_bytes=1378360 queue=0 high=5 drops=0 bno_drop=0 partial=0 zero=0 write_calls=197438 max_write_us=0 free_heap=166720 min_free_heap=166720 usage_pct=19.39
BNO_TX kind=1 event=0 req=0 enq=0 drop=0 done=0 bytes=0
BNO_REPORT kind=1 report_id=1 interval_us=10000 requested_hz=100.000 enable_ok=2 enable_fail=0 callback=9799 switch=9777 kind_convert=9777 events=9777 tx_req=0 tx_enq=0 tx_done=0 tx_drop=0 event_drop=0 reset_reconfig=1 effective_hz=126.347
BNO_TX kind=2 event=0 req=0 enq=0 drop=0 done=0 bytes=0
BNO_REPORT kind=2 report_id=2 interval_us=10000 requested_hz=100.000 enable_ok=2 enable_fail=0 callback=7744 switch=7740 kind_convert=7740 events=7740 tx_req=0 tx_enq=0 tx_done=0 tx_drop=0 event_drop=0 reset_reconfig=1 effective_hz=100.042
BNO_TX kind=3 event=0 req=0 enq=0 drop=0 done=0 bytes=0
BNO_REPORT kind=3 report_id=8 interval_us=20000 requested_hz=50.000 enable_ok=2 enable_fail=0 callback=3871 switch=3870 kind_convert=3870 events=3870 tx_req=0 tx_enq=0 tx_done=0 tx_drop=0 event_drop=0 reset_reconfig=1 effective_hz=50.017
BNO_TX kind=4 event=0 req=0 enq=0 drop=0 done=0 bytes=0
BNO_REPORT kind=4 report_id=3 interval_us=50000 requested_hz=20.000 enable_ok=2 enable_fail=0 callback=1936 switch=1935 kind_convert=1935 events=1935 tx_req=0 tx_enq=0 tx_done=0 tx_drop=0 event_drop=0 reset_reconfig=1 effective_hz=25.001
BNO_TX kind=5 event=0 req=0 enq=0 drop=0 done=0 bytes=0
BNO_REPORT kind=5 report_id=4 interval_us=20000 requested_hz=50.000 enable_ok=2 enable_fail=0 callback=3871 switch=3870 kind_convert=3870 events=3870 tx_req=0 tx_enq=0 tx_done=0 tx_drop=0 event_drop=0 reset_reconfig=1 effective_hz=50.012
DIAG state=FAULT dry=1 bno_ready=1 addr=0x4A init/reinit/poll=1/0/13791 event A/G/M=9903/7840/1960 age_rx_us=3310/7928/22241
IMU cand/pair/call/ok=7840/7840/7840/7837 reject=3 dup/order/stale/dt/nonfinite/norm/queue=0/0/0/3/0/0/0 last_ok_age_us=7928 dt_us=7340 align_samples=199 align_elapsed_us=2004484
HEALTH state=2 health=1 reason=mount_unvalidated mount=0 imu_age_us=7928 imu_gaps=0 reversals=0 covariance=1 finite=1 gnss_age_us=4294967295 tof_age_us=4294967295 obs=1
BNO_TS ACCEL events=9903 unique=104 exact=1 overflow=0 dup=327 reverse=4916 rollover=0 sensor_dt_us=-8500/-0.06/8400 rx_dt_us=8/7915.09/19429 pair_first=4294959496/3860589 pair_last=4294958896/82235848
BNO_TS GYRO events=7840 unique=83 exact=1 overflow=0 dup=524 reverse=3417 rollover=0 sensor_dt_us=-8800/1.19/10000 rx_dt_us=63/9996.02/19929 pair_first=4294953796/3872427 pair_last=4294963096/82231230
BNO_TS MAG events=1960 unique=92 exact=1 overflow=0 dup=99 reverse=911 rollover=0 sensor_dt_us=-8500/5.72/9100 rx_dt_us=28513/39992.07/60389 pair_first=4294953796/3872459 pair_last=4294964996/82216917
BNO_VEC ACCEL_SENSOR_AND_ESKF_INPUT events=9903 nonfinite=0 xyz_mean_sd=[-0.271361,0.008752][-0.848659,0.010209][-9.805427,0.023110] xyz_minmax=[-0.312500,-0.238281][-0.882812,-0.808594][-9.855469,-9.734375] norm_mean_sd_minmax=9.845834/0.023058/9.770806/9.897798
BNO_VEC GYRO_SENSOR_AND_ESKF_INPUT events=7840 nonfinite=0 xyz_mean_sd=[-0.000010,0.000471][0.000007,0.000299][-0.000001,0.000286] xyz_minmax=[-0.005859,0.007812][-0.003906,0.003906][-0.003906,0.003906] norm_mean_sd_minmax=0.000092/0.000621/0.000000/0.008053
BNO_VEC MAG_SENSOR events=1960 nonfinite=0 xyz_mean_sd=[7.076626,0.542305][-21.969547,0.730439][21.915593,0.743920] xyz_minmax=[5.375000,8.625000][-24.000000,-19.625000][19.125000,24.500000] norm_mean_sd_minmax=31.841049/0.749341/29.480263/34.195782
LINK queue/drop/high=1/0/5 tof=2380
TXDIAG frames_s=134 bytes_s=17902 total_frames=10497 total_bytes=1396388 queue=0 high=5 drops=0 bno_drop=0 partial=0 zero=0 write_calls=200653 max_write_us=0 free_heap=166720 min_free_heap=166720 usage_pct=19.42
BNO_TX kind=1 event=0 req=0 enq=0 drop=0 done=0 bytes=0
BNO_REPORT kind=1 report_id=1 interval_us=10000 requested_hz=100.000 enable_ok=2 enable_fail=0 callback=9927 switch=9905 kind_convert=9905 events=9905 tx_req=0 tx_enq=0 tx_done=0 tx_drop=0 event_drop=0 reset_reconfig=1 effective_hz=126.353
BNO_TX kind=2 event=0 req=0 enq=0 drop=0 done=0 bytes=0
BNO_REPORT kind=2 report_id=2 interval_us=10000 requested_hz=100.000 enable_ok=2 enable_fail=0 callback=7845 switch=7841 kind_convert=7841 events=7841 tx_req=0 tx_enq=0 tx_done=0 tx_drop=0 event_drop=0 reset_reconfig=1 effective_hz=100.040
BNO_TX kind=3 event=0 req=0 enq=0 drop=0 done=0 bytes=0
BNO_REPORT kind=3 report_id=8 interval_us=20000 requested_hz=50.000 enable_ok=2 enable_fail=0 callback=3922 switch=3921 kind_convert=3921 events=3921 tx_req=0 tx_enq=0 tx_done=0 tx_drop=0 event_drop=0 reset_reconfig=1 effective_hz=50.020
BNO_TX kind=4 event=0 req=0 enq=0 drop=0 done=0 bytes=0
BNO_REPORT kind=4 report_id=3 interval_us=50000 requested_hz=20.000 enable_ok=2 enable_fail=0 callback=1961 switch=1960 kind_convert=1960 events=1960 tx_req=0 tx_enq=0 tx_done=0 tx_drop=0 event_drop=0 reset_reconfig=1 effective_hz=25.005
BNO_TX kind=5 event=0 req=0 enq=0 drop=0 done=0 bytes=0
BNO_REPORT kind=5 report_id=4 interval_us=20000 requested_hz=50.000 enable_ok=2 enable_fail=0 callback=3922 switch=3920 kind_convert=3920 events=3920 tx_req=0 tx_enq=0 tx_done=0 tx_drop=0 event_drop=0 reset_reconfig=1 effective_hz=50.011
DIAG state=FAULT dry=1 bno_ready=1 addr=0x4A init/reinit/poll=1/0/13963 event A/G/M=10029/7940/1985 age_rx_us=12201/7355/12245
IMU cand/pair/call/ok=7940/7940/7940/7937 reject=3 dup/order/stale/dt/nonfinite/norm/queue=0/0/0/3/0/0/0 last_ok_age_us=7355 dt_us=9823 align_samples=199 align_elapsed_us=2004484
HEALTH state=2 health=1 reason=mount_unvalidated mount=0 imu_age_us=7355 imu_gaps=0 reversals=0 covariance=1 finite=1 gnss_age_us=4294967295 tof_age_us=4294967295 obs=1
BNO_TS ACCEL events=10029 unique=104 exact=1 overflow=0 dup=328 reverse=4982 rollover=0 sensor_dt_us=-8500/0.53/8400 rx_dt_us=8/7914.49/19429 pair_first=4294959496/3860589 pair_last=4294964796/83227059
BNO_TS GYRO events=7940 unique=83 exact=1 overflow=0 dup=530 reverse=3462 rollover=0 sensor_dt_us=-8800/1.08/10000 rx_dt_us=63/9996.16/19929 pair_first=4294953796/3872427 pair_last=4294962396/83231905
BNO_TS MAG events=1985 unique=92 exact=1 overflow=0 dup=101 reverse=924 rollover=0 sensor_dt_us=-8500/1.76/9100 rx_dt_us=28513/39997.26/60389 pair_first=4294953796/3872459 pair_last=4294957296/83227015
BNO_VEC ACCEL_SENSOR_AND_ESKF_INPUT events=10029 nonfinite=0 xyz_mean_sd=[-0.271345,0.008775][-0.848652,0.010211][-9.805439,0.023128] xyz_minmax=[-0.312500,-0.238281][-0.882812,-0.808594][-9.855469,-9.734375] norm_mean_sd_minmax=9.845845/0.023074/9.770806/9.897798
BNO_VEC GYRO_SENSOR_AND_ESKF_INPUT events=7940 nonfinite=0 xyz_mean_sd=[-0.000010,0.000468][0.000007,0.000297][-0.000001,0.000284] xyz_minmax=[-0.005859,0.007812][-0.003906,0.003906][-0.003906,0.003906] norm_mean_sd_minmax=0.000091/0.000617/0.000000/0.008053
BNO_VEC MAG_SENSOR events=1985 nonfinite=0 xyz_mean_sd=[7.076763,0.540972][-21.964358,0.729779][21.915806,0.745177] xyz_minmax=[5.375000,8.625000][-24.000000,-19.625000][19.125000,24.500000] norm_mean_sd_minmax=31.837635/0.749455/29.480263/34.195782
LINK queue/drop/high=0/0/5 tof=2410
TXDIAG frames_s=135 bytes_s=17936 total_frames=10633 total_bytes=1414360 queue=0 high=5 drops=0 bno_drop=0 partial=0 zero=0 write_calls=203153 max_write_us=0 free_heap=166720 min_free_heap=166720 usage_pct=19.46
BNO_TX kind=1 event=0 req=0 enq=0 drop=0 done=0 bytes=0
BNO_REPORT kind=1 report_id=1 interval_us=10000 requested_hz=100.000 enable_ok=2 enable_fail=0 callback=10053 switch=10031 kind_convert=10031 events=10031 tx_req=0 tx_enq=0 tx_done=0 tx_drop=0 event_drop=0 reset_reconfig=1 effective_hz=126.351
BNO_TX kind=2 event=0 req=0 enq=0 drop=0 done=0 bytes=0
BNO_REPORT kind=2 report_id=2 interval_us=10000 requested_hz=100.000 enable_ok=2 enable_fail=0 callback=7945 switch=7941 kind_convert=7941 events=7941 tx_req=0 tx_enq=0 tx_done=0 tx_drop=0 event_drop=0 reset_reconfig=1 effective_hz=100.038
BNO_TX kind=3 event=0 req=0 enq=0 drop=0 done=0 bytes=0
BNO_REPORT kind=3 report_id=8 interval_us=20000 requested_hz=50.000 enable_ok=2 enable_fail=0 callback=3972 switch=3971 kind_convert=3971 events=3971 tx_req=0 tx_enq=0 tx_done=0 tx_drop=0 event_drop=0 reset_reconfig=1 effective_hz=50.019
BNO_TX kind=4 event=0 req=0 enq=0 drop=0 done=0 bytes=0
BNO_REPORT kind=4 report_id=3 interval_us=50000 requested_hz=20.000 enable_ok=2 enable_fail=0 callback=1986 switch=1985 kind_convert=1985 events=1985 tx_req=0 tx_enq=0 tx_done=0 tx_drop=0 event_drop=0 reset_reconfig=1 effective_hz=25.002
BNO_TX kind=5 event=0 req=0 enq=0 drop=0 done=0 bytes=0
BNO_REPORT kind=5 report_id=4 interval_us=20000 requested_hz=50.000 enable_ok=2 enable_fail=0 callback=3972 switch=3971 kind_convert=3971 events=3971 tx_req=0 tx_enq=0 tx_done=0 tx_drop=0 event_drop=0 reset_reconfig=1 effective_hz=50.012
DIAG state=FAULT dry=1 bno_ready=1 addr=0x4A init/reinit/poll=1/0/14141 event A/G/M=10158/8042/2010 age_rx_us=1503/1491/26907
IMU cand/pair/call/ok=8042/8042/8042/8039 reject=3 dup/order/stale/dt/nonfinite/norm/queue=0/0/0/3/0/0/0 last_ok_age_us=1491 dt_us=11208 align_samples=199 align_elapsed_us=2004484
HEALTH state=2 health=1 reason=mount_unvalidated mount=0 imu_age_us=1491 imu_gaps=0 reversals=0 covariance=1 finite=1 gnss_age_us=4294967295 tof_age_us=4294967295 obs=1
BNO_TS ACCEL events=10158 unique=104 exact=1 overflow=0 dup=331 reverse=5048 rollover=0 sensor_dt_us=-8500/0.41/8400 rx_dt_us=8/7914.45/19429 pair_first=4294959496/3860589 pair_last=4294963696/84247707
BNO_TS GYRO events=8042 unique=84 exact=1 overflow=0 dup=541 reverse=3504 rollover=0 sensor_dt_us=-8800/1.34/10000 rx_dt_us=63/9995.68/19929 pair_first=4294953796/3872427 pair_last=4294964596/84247719
BNO_TS MAG events=2010 unique=92 exact=1 overflow=0 dup=102 reverse=934 rollover=0 sensor_dt_us=-8500/4.28/9100 rx_dt_us=28513/39994.94/60389 pair_first=4294953796/3872459 pair_last=4294962396/84222303
BNO_VEC ACCEL_SENSOR_AND_ESKF_INPUT events=10158 nonfinite=0 xyz_mean_sd=[-0.271347,0.008765][-0.848658,0.010247][-9.805427,0.023124] xyz_minmax=[-0.312500,-0.238281][-0.882812,-0.808594][-9.855469,-9.734375] norm_mean_sd_minmax=9.845833/0.023069/9.770806/9.897798
BNO_VEC GYRO_SENSOR_AND_ESKF_INPUT events=8042 nonfinite=0 xyz_mean_sd=[-0.000009,0.000465][0.000007,0.000295][-0.000001,0.000282] xyz_minmax=[-0.005859,0.007812][-0.003906,0.003906][-0.003906,0.003906] norm_mean_sd_minmax=0.000090/0.000613/0.000000/0.008053
BNO_VEC MAG_SENSOR events=2010 nonfinite=0 xyz_mean_sd=[7.075777,0.539864][-21.964956,0.729062][21.918843,0.746435] xyz_minmax=[5.375000,8.625000][-24.000000,-19.625000][19.125000,24.500000] norm_mean_sd_minmax=31.839866/0.751490/29.480263/34.195782
LINK queue/drop/high=1/0/5 tof=2441
TXDIAG frames_s=134 bytes_s=17962 total_frames=10769 total_bytes=1432484 queue=0 high=5 drops=0 bno_drop=0 partial=0 zero=0 write_calls=205970 max_write_us=0 free_heap=166720 min_free_heap=166720 usage_pct=19.49
BNO_TX kind=1 event=0 req=0 enq=0 drop=0 done=0 bytes=0
BNO_REPORT kind=1 report_id=1 interval_us=10000 requested_hz=100.000 enable_ok=2 enable_fail=0 callback=10181 switch=10159 kind_convert=10159 events=10159 tx_req=0 tx_enq=0 tx_done=0 tx_drop=0 event_drop=0 reset_reconfig=1 effective_hz=126.353
BNO_TX kind=2 event=0 req=0 enq=0 drop=0 done=0 bytes=0
BNO_REPORT kind=2 report_id=2 interval_us=10000 requested_hz=100.000 enable_ok=2 enable_fail=0 callback=8046 switch=8042 kind_convert=8042 events=8042 tx_req=0 tx_enq=0 tx_done=0 tx_drop=0 event_drop=0 reset_reconfig=1 effective_hz=100.043
BNO_TX kind=3 event=0 req=0 enq=0 drop=0 done=0 bytes=0
BNO_REPORT kind=3 report_id=8 interval_us=20000 requested_hz=50.000 enable_ok=2 enable_fail=0 callback=4022 switch=4021 kind_convert=4021 events=4021 tx_req=0 tx_enq=0 tx_done=0 tx_drop=0 event_drop=0 reset_reconfig=1 effective_hz=50.017
BNO_TX kind=4 event=0 req=0 enq=0 drop=0 done=0 bytes=0
BNO_REPORT kind=4 report_id=3 interval_us=50000 requested_hz=20.000 enable_ok=2 enable_fail=0 callback=2011 switch=2010 kind_convert=2010 events=2010 tx_req=0 tx_enq=0 tx_done=0 tx_drop=0 event_drop=0 reset_reconfig=1 effective_hz=25.003
BNO_TX kind=5 event=0 req=0 enq=0 drop=0 done=0 bytes=0
BNO_REPORT kind=5 report_id=4 interval_us=20000 requested_hz=50.000 enable_ok=2 enable_fail=0 callback=4022 switch=4021 kind_convert=4021 events=4021 tx_req=0 tx_enq=0 tx_done=0 tx_drop=0 event_drop=0 reset_reconfig=1 effective_hz=50.013
DIAG state=FAULT dry=1 bno_ready=1 addr=0x4A init/reinit/poll=1/0/14320 event A/G/M=10283/8141/2035 age_rx_us=15466/10793/25283
IMU cand/pair/call/ok=8141/8141/8141/8138 reject=3 dup/order/stale/dt/nonfinite/norm/queue=0/0/0/3/0/0/0 last_ok_age_us=10793 dt_us=11127 align_samples=199 align_elapsed_us=2004484
HEALTH state=2 health=1 reason=mount_unvalidated mount=0 imu_age_us=10793 imu_gaps=0 reversals=0 covariance=1 finite=1 gnss_age_us=4294967295 tof_age_us=4294967295 obs=1
BNO_TS ACCEL events=10283 unique=104 exact=1 overflow=0 dup=336 reverse=5106 rollover=0 sensor_dt_us=-8500/0.55/8400 rx_dt_us=8/7914.15/19429 pair_first=4294959496/3860589 pair_last=4294965196/85233902
BNO_TS GYRO events=8141 unique=84 exact=1 overflow=0 dup=550 reverse=3550 rollover=0 sensor_dt_us=-8800/1.28/10000 rx_dt_us=63/9995.84/19929 pair_first=4294953796/3872427 pair_last=4294964196/85238575
BNO_TS MAG events=2035 unique=93 exact=1 overflow=0 dup=103 reverse=948 rollover=0 sensor_dt_us=-8500/3.59/9100 rx_dt_us=28513/39995.88/60389 pair_first=4294953796/3872459 pair_last=4294961096/85224085
BNO_VEC ACCEL_SENSOR_AND_ESKF_INPUT events=10283 nonfinite=0 xyz_mean_sd=[-0.271342,0.008769][-0.848662,0.010252][-9.805460,0.023121] xyz_minmax=[-0.312500,-0.238281][-0.882812,-0.808594][-9.855469,-9.734375] norm_mean_sd_minmax=9.845866/0.023064/9.770806/9.897798
BNO_VEC GYRO_SENSOR_AND_ESKF_INPUT events=8141 nonfinite=0 xyz_mean_sd=[-0.000009,0.000463][0.000007,0.000294][-0.000001,0.000281] xyz_minmax=[-0.005859,0.007812][-0.003906,0.003906][-0.003906,0.003906] norm_mean_sd_minmax=0.000089/0.000609/0.000000/0.008053
BNO_VEC MAG_SENSOR events=2035 nonfinite=0 xyz_mean_sd=[7.075952,0.541125][-21.964650,0.731096][21.920946,0.745395] xyz_minmax=[5.375000,8.625000][-24.000000,-19.625000][19.125000,24.500000] norm_mean_sd_minmax=31.841199/0.750869/29.480263/34.195782
LINK queue/drop/high=0/0/5 tof=2471
TXDIAG frames_s=133 bytes_s=17712 total_frames=10902 total_bytes=1450196 queue=0 high=5 drops=0 bno_drop=0 partial=0 zero=0 write_calls=208467 max_write_us=0 free_heap=166720 min_free_heap=166720 usage_pct=19.22
BNO_TX kind=1 event=0 req=0 enq=0 drop=0 done=0 bytes=0
BNO_REPORT kind=1 report_id=1 interval_us=10000 requested_hz=100.000 enable_ok=2 enable_fail=0 callback=10307 switch=10285 kind_convert=10285 events=10285 tx_req=0 tx_enq=0 tx_done=0 tx_drop=0 event_drop=0 reset_reconfig=1 effective_hz=126.352
BNO_TX kind=2 event=0 req=0 enq=0 drop=0 done=0 bytes=0
BNO_REPORT kind=2 report_id=2 interval_us=10000 requested_hz=100.000 enable_ok=2 enable_fail=0 callback=8146 switch=8142 kind_convert=8142 events=8142 tx_req=0 tx_enq=0 tx_done=0 tx_drop=0 event_drop=0 reset_reconfig=1 effective_hz=100.037
BNO_TX kind=3 event=0 req=0 enq=0 drop=0 done=0 bytes=0
BNO_REPORT kind=3 report_id=8 interval_us=20000 requested_hz=50.000 enable_ok=2 enable_fail=0 callback=4072 switch=4071 kind_convert=4071 events=4071 tx_req=0 tx_enq=0 tx_done=0 tx_drop=0 event_drop=0 reset_reconfig=1 effective_hz=50.018
BNO_TX kind=4 event=0 req=0 enq=0 drop=0 done=0 bytes=0
BNO_REPORT kind=4 report_id=3 interval_us=50000 requested_hz=20.000 enable_ok=2 enable_fail=0 callback=2036 switch=2035 kind_convert=2035 events=2035 tx_req=0 tx_enq=0 tx_done=0 tx_drop=0 event_drop=0 reset_reconfig=1 effective_hz=25.003
BNO_TX kind=5 event=0 req=0 enq=0 drop=0 done=0 bytes=0
BNO_REPORT kind=5 report_id=4 interval_us=20000 requested_hz=50.000 enable_ok=2 enable_fail=0 callback=4072 switch=4071 kind_convert=4071 events=4071 tx_req=0 tx_enq=0 tx_done=0 tx_drop=0 event_drop=0 reset_reconfig=1 effective_hz=50.012
DIAG state=FAULT dry=1 bno_ready=1 addr=0x4A init/reinit/poll=1/0/14497 event A/G/M=10412/8242/2060 age_rx_us=2183/10658/37835
IMU cand/pair/call/ok=8242/8242/8242/8239 reject=3 dup/order/stale/dt/nonfinite/norm/queue=0/0/0/3/0/0/0 last_ok_age_us=10658 dt_us=7140 align_samples=199 align_elapsed_us=2004484
HEALTH state=2 health=1 reason=mount_unvalidated mount=0 imu_age_us=10658 imu_gaps=0 reversals=0 covariance=1 finite=1 gnss_age_us=4294967295 tof_age_us=4294967295 obs=1
BNO_TS ACCEL events=10412 unique=104 exact=1 overflow=0 dup=338 reverse=5172 rollover=0 sensor_dt_us=-8500/0.49/8400 rx_dt_us=8/7914.26/19429 pair_first=4294959496/3860589 pair_last=4294964596/86255907
BNO_TS GYRO events=8242 unique=84 exact=1 overflow=0 dup=556 reverse=3596 rollover=0 sensor_dt_us=-8800/1.23/10000 rx_dt_us=63/9995.75/19929 pair_first=4294953796/3872427 pair_last=4294963896/86247432
BNO_TS MAG events=2060 unique=93 exact=1 overflow=0 dup=104 reverse=956 rollover=0 sensor_dt_us=-8500/5.00/9100 rx_dt_us=28513/39994.07/60389 pair_first=4294953796/3872459 pair_last=4294964096/86220255
BNO_VEC ACCEL_SENSOR_AND_ESKF_INPUT events=10412 nonfinite=0 xyz0.023068/9.770806/BNO_VEC MAG_SENSOR events=2060 nonfinite=0 xyz_mean_sd=[7.077822,0.540230][-21.961984,0.730658][21.925061,0.747059] xyz_minmax=[5.375000,8.625000][-24.000000,-19.625000][19.125000,24.500000] norm_mean_sd_minmax=31.842603/0.751680/29.480263/34.195782
LINK queue/drop/high=1/0/5 tof=2502
TXDIAG frames_s=134 bytes_s=17843 total_frames=11037 total_bytes=1468164 queue=0 high=5 drops=0 bno_drop=0 partial=0 zero=0 write_calls=210916 max_write_us=0 free_heap=166720 min_free_heap=166720 usage_pct=19.36
BNO_TX kind=1 event=0 req=0 enq=0 drop=0 done=0 bytes=0
BNO_REPORT kind=1 report_id=1 interval_us=10000 requested_hz=100.000 enable_ok=2 enable_fail=0 callback=10435 switch=10412 kind_convert=10412 events=10412 tx_req=0 tx_enq=0 tx_done=0 tx_drop=0 event_drop=0 reset_reconfig=1 effective_hz=126.354
BNO_TX kind=2 event=0 req=0 enq=0 drop=0 done=0 bytes=0
BNO_REPORT kind=2 report_id=2 interval_us=10000 requested_hz=100.000 enable_ok=2 enable_fail=0 callback=8246 switch=8243 kind_convert=8243 events=8243 tx_req=0 tx_enq=0 tx_done=0 tx_drop=0 event_drop=0 reset_reconfig=1 effective_hz=100.037
BNO_TX kind=3 event=0 req=0 enq=0 drop=0 done=0 bytes=0
BNO_REPORT kind=3 report_id=8 interval_us=20000 requested_hz=50.000 enable_ok=2 enable_fail=0 callback=4123 switch=4122 kind_convert=4122 events=4122 tx_req=0 tx_enq=0 tx_done=0 tx_drop=0 event_drop=0 reset_reconfig=1 effective_hz=50.018
BNO_TX kind=4 event=0 req=0 enq=0 drop=0 done=0 bytes=0
BNO_REPORT kind=4 report_id=3 interval_us=50000 requested_hz=20.000 enable_ok=2 enable_fail=0 callback=2062 switch=2061 kind_convert=2061 events=2061 tx_req=0 tx_enq=0 tx_done=0 tx_drop=0 event_drop=0 reset_reconfig=1 effective_hz=25.003
BNO_TX kind=5 event=0 req=0 enq=0 drop=0 done=0 bytes=0
BNO_REPORT kind=5 report_id=4 interval_us=20000 requested_hz=50.000 enable_ok=2 enable_fail=0 callback=4122 switch=4121 kind_convert=4121 events=4121 tx_req=0 tx_enq=0 tx_done=0 tx_drop=0 event_drop=0 reset_reconfig=1 effective_hz=50.012
DIAG state=FAULT dry=1 bno_ready=1 addr=0x4A init/reinit/poll=1/0/14679 event A/G/M=10537/8342/2085 age_rx_us=13321/7456/33811
IMU cand/pair/call/ok=8342/8342/8342/8339 reject=3 dup/order/stale/dt/nonfinite/norm/queue=0/0/0/3/0/0/0 last_ok_age_us=7456 dt_us=9703 align_samples=199 align_elapsed_us=2004484
HEALTH state=2 health=1 reason=mount_unvalidated mount=0 imu_age_us=7456 imu_gaps=0 reversals=0 covariance=1 finite=1 gnss_age_us=4294967295 tof_age_us=4294967295 obs=1
BNO_TS ACCEL events=10537 unique=104 exact=1 overflow=0 dup=342 reverse=5235 rollover=0 sensor_dt_us=-8500/0.50/8400 rx_dt_us=8/7914.23/19429 pair_first=4294959496/3860589 pair_last=4294964796/87244935
BNO_TS GYRO events=8342 unique=84 exact=1 overflow=0 dup=565 reverse=3642 rollover=0 sensor_dt_us=-8800/1.11/10000 rx_dt_us=63/9996.21/19929 pair_first=4294953796/3872427 pair_last=4294963096/87250800
BNO_TS MAG events=2085 unique=93 exact=1 overflow=0 dup=106 reverse=969 rollover=0 sensor_dt_us=-8500/4.41/9100 rx_dt_us=28513/39996.15/60389 pair_first=4294953796/3872459 pair_last=4294962996/87224445
BNO_VEC ACCEL_SENSOR_AND_ESKF_INPUT events=10537 nonfinite=0 xyz_mean_sd=[-0.271356,0.008734][-0.848667,0.010204][-9.805468,0.023106] xyz_minmax=[-0.312500,-0.238281][-0.882812,-0.808594][-9.855469,-9.734375] norm_mean_sd_minmax=9.845875/0.023048/9.770806/9.897798
BNO_VEC GYRO_SENSOR_AND_ESKF_INPUT events=8342 nonfinite=0 xyz_mean_sd=[-0.000009,0.000457][0.000007,0.000290][-0.000001,0.000277] xyz_minmax=[-0.005859,0.007812][-0.003906,0.003906][-0.003906,0.003906] norm_mean_sd_minmax=0.000087/0.000602/0.000000/0.008053
BNO_VEC MAG_SENSOR events=2085 nonfinite=0 xyz_mean_sd=[7.078207,0.540392][-21.963189,0.732652][21.924970,0.747313] xyz_minmax=[5.375000,8.625000][-24.312500,-19.625000][19.125000,24.500000] norm_mean_sd_minmax=31.843518/0.751425/29.480263/34.195782
LINK queue/drop/high=0/0/5 tof=2532
TXDIAG frames_s=133 bytes_s=17778 total_frames=11171 total_bytes=1485960 queue=0 high=5 drops=0 bno_drop=0 partial=0 zero=0 write_calls=213336 max_write_us=0 free_heap=166720 min_free_heap=166720 usage_pct=19.29
BNO_TX kind=1 event=0 req=0 enq=0 drop=0 done=0 bytes=0
BNO_REPORT kind=1 report_id=1 interval_us=10000 requested_hz=100.000 enable_ok=2 enable_fail=0 callback=10561 switch=10539 kind_convert=10539 events=10539 tx_req=0 tx_enq=0 tx_done=0 tx_drop=0 event_drop=0 reset_reconfig=1 effective_hz=126.351
BNO_TX kind=2 event=0 req=0 enq=0 drop=0 done=0 bytes=0
BNO_REPORT kind=2 report_id=2 interval_us=10000 requested_hz=100.000 enable_ok=2 enable_fail=0 callback=8347 switch=8343 kind_convert=8343 events=8343 tx_req=0 tx_enq=0 tx_done=0 tx_drop=0 event_drop=0 reset_reconfig=1 effective_hz=100.040
BNO_TX kind=3 event=0 req=0 enq=0 drop=0 done=0 bytes=0
BNO_REPORT kind=3 report_id=8 interval_us=20000 requested_hz=50.000 enable_ok=2 enable_fail=0 callback=4173 switch=4172 kind_convert=4172 events=4172 tx_req=0 tx_enq=0 tx_done=0 tx_drop=0 event_drop=0 reset_reconfig=1 effective_hz=50.020
BNO_TX kind=4 event=0 req=0 enq=0 drop=0 done=0 bytes=0
BNO_REPORT kind=4 report_id=3 interval_us=50000 requested_hz=20.000 enable_ok=2 enable_fail=0 callback=2087 switch=2086 kind_convert=2086 events=2086 tx_req=0 tx_enq=0 tx_done=0 tx_drop=0 event_drop=0 reset_reconfig=1 effective_hz=25.004
BNO_TX kind=5 event=0 req=0 enq=0 drop=0 done=0 bytes=0
BNO_REPORT kind=5 report_id=4 interval_us=20000 requested_hz=50.000 enable_ok=2 enable_fail=0 callback=4172 switch=4171 kind_convert=4171 events=4171 tx_req=0 tx_enq=0 tx_done=0 tx_drop=0 event_drop=0 reset_reconfig=1 effective_hz=50.013
DIAG state=FAULT dry=1 bno_ready=1 addr=0x4A init/reinit/poll=1/0/14861 event A/G/M=10666/8444/2111 age_rx_us=737/704/4530
IMU cand/pair/call/ok=8444/8444/8444/8441 reject=3 dup/order/stale/dt/nonfinite/norm/queue=0/0/0/3/0/0/0 last_ok_age_us=704 dt_us=10216 align_samples=199 align_elapsed_us=2004484
HEALTH state=2 health=1 reason=mount_unvalidated mount=0 imu_age_us=704 imu_gaps=0 reversals=0 covariance=1 finite=1 gnss_age_us=4294967295 tof_age_us=4294967295 obs=1
BNO_TS ACCEL events=10666 unique=104 exact=1 overflow=0 dup=347 reverse=5306 rollover=0 sensor_dt_us=-8500/0.38/8400 rx_dt_us=8/7914.32/19429 pair_first=4294959496/3860589 pair_last=4294963496/88266857
BNO_TS GYRO events=8444 unique=84 exact=1 overflow=0 dup=574 reverse=3676 rollover=0 sensor_dt_us=-8800/1.31/10000 rx_dt_us=63/9995.79/19929 pair_first=4294953796/3872427 pair_last=4294964896/88266890
BNO_TS MAG events=2111 unique=93 exact=1 overflow=0 dup=108 reverse=982 rollover=0 sensor_dt_us=-8500/3.74/9100 rx_dt_us=28513/39995.55/60389 pair_first=4294953796/3872459 pair_last=4294961696/88263064
BNO_VEC ACCEL_SENSOR_AND_ESKF_INPUT events=10666 nonfinite=0 xyz_mean_sd=[-0.271338,0.008760][-0.848650,0.010175][-9.805450,0.023125] xyz_minmax=[-0.312500,-0.238281][-0.882812,-0.808594][-9.855469,-9.734375] norm_mean_sd_minmax=9.845855/0.023069/9.770806/9.897798
BNO_VEC GYRO_SENSOR_AND_ESKF_INPUT events=8444 nonfinite=0 xyz_mean_sd=[-0.000009,0.000454][0.000006,0.000288][-0.000001,0.000275] xyz_minmax=[-0.005859,0.007812][-0.003906,0.003906][-0.003906,0.003906] norm_mean_sd_minmax=0.000086/0.000598/0.000000/0.008053
BNO_VEC MAG_SENSOR events=2111 nonfinite=0 xyz_mean_sd=[7.078991,0.540556][-21.960505,0.732436][21.926338,0.747090] xyz_minmax=[5.375000,8.625000][-24.312500,-19.625000][19.125000,24.500000] norm_mean_sd_minmax=31.842778/0.751309/29.480263/34.195782
LINK queue/drop/high=1/0/5 tof=2563
TXDIAG frames_s=132 bytes_s=17754 total_frames=11305 total_bytes=1503892 queue=0 high=5 drops=0 bno_drop=0 partial=0 zero=0 write_calls=215778 max_write_us=0 free_heap=166720 min_free_heap=166720 usage_pct=19.26
BNO_TX kind=1 event=0 req=0 enq=0 drop=0 done=0 bytes=0
BNO_REPORT kind=1 report_id=1 interval_us=10000 requested_hz=100.000 enable_ok=2 enable_fail=0 callback=10689 switch=10667 kind_convert=10667 events=10667 tx_req=0 tx_enq=0 tx_done=0 tx_drop=0 event_drop=0 reset_reconfig=1 effective_hz=126.353
BNO_TX kind=2 event=0 req=0 enq=0 drop=0 done=0 bytes=0
BNO_REPORT kind=2 report_id=2 interval_us=10000 requested_hz=100.000 enable_ok=2 enable_fail=0 callback=8447 switch=8444 kind_convert=8444 events=8444 tx_req=0 tx_enq=0 tx_done=0 tx_drop=0 event_drop=0 reset_reconfig=1 effective_hz=100.042
BNO_TX kind=3 event=0 req=0 enq=0 drop=0 done=0 bytes=0
BNO_REPORT kind=3 report_id=8 interval_us=20000 requested_hz=50.000 enable_ok=2 enable_fail=0 callback=4223 switch=4222 kind_convert=4222 events=4222 tx_req=0 tx_enq=0 tx_done=0 tx_drop=0 event_drop=0 reset_reconfig=1 effective_hz=50.017
BNO_TX kind=4 event=0 req=0 enq=0 drop=0 done=0 bytes=0
BNO_REPORT kind=4 report_id=3 interval_us=50000 requested_hz=20.000 enable_ok=2 enable_fail=0 callback=2112 switch=2111 kind_convert=2111 events=2111 tx_req=0 tx_enq=0 tx_done=0 tx_drop=0 event_drop=0 reset_reconfig=1 effective_hz=25.003
BNO_TX kind=5 event=0 req=0 enq=0 drop=0 done=0 bytes=0
BNO_REPORT kind=5 report_id=4 interval_us=20000 requested_hz=50.000 enable_ok=2 enable_fail=0 callback=4223 switch=4222 kind_convert=4222 events=4222 tx_req=0 tx_enq=0 tx_done=0 tx_drop=0 event_drop=0 reset_reconfig=1 effective_hz=50.012
DIAG state=FAULT dry=1 bno_ready=1 addr=0x4A init/reinit/poll=1/0/15048 event A/G/M=10792/8543/2136 age_rx_us=4130/9717/4142
IMU cand/pair/call/ok=8543/8543/8543/8540 reject=3 dup/order/stale/dt/nonfinite/norm/queue=0/0/0/3/0/0/0 last_ok_age_us=9717 dt_us=7658 align_samples=199 align_elapsed_us=2004484
HEALTH state=2 health=1 reason=mount_unvalidated mount=0 imu_age_us=9717 imu_gaps=0 reversals=0 covariance=1 finite=1 gnss_age_us=4294967295 tof_age_us=4294967295 obs=1
BNO_TS ACCEL events=10792 unique=104 exact=1 overflow=0 dup=350 reverse=5370 rollover=0 sensor_dt_us=-8500/0.66/8400 rx_dt_us=8/7914.25/19429 pair_first=4294959496/3860589 pair_last=4294966596/89263221
BNO_TS GYRO events=8543 unique=84 exact=1 overflow=0 dup=579 reverse=3715 rollover=0 sensor_dt_us=-8800/1.29/10000 rx_dt_us=63/9995.93/19929 pair_first=4294953796/3872427 pair_last=4294964796/89257634
BNO_TS MAG events=2136 unique=93 exact=1 overflow=0 dup=110 reverse=993 rollover=0 sensor_dt_us=-8500/3.61/9100 rx_dt_us=28513/39995.67/60389 pair_first=4294953796/3872459 pair_last=4294961496/89263209
BNO_VEC ACCEL_SENSOR_AND_ESKF_INPUT events=10792 nonfinite=0 xyz_mean_sd=[-0.271349,0.008735][-0.848633,0.010187][-9.805454,0.023116] xyz_minmax=[-0.312500,-0.238281][-0.882812,-0.808594][-9.855469,-9.734375] norm_mean_sd_minmax=9.845858/0.023059/9.770806/9.897798
BNO_VEC GYRO_SENSOR_AND_ESKF_INPUT events=8543 nonfinite=0 xyz_mean_sd=[-0.000009,0.000452][0.000006,0.000287][-0.000001,0.000274] xyz_minmax=[-0.005859,0.007812][-0.003906,0.003906][-0.003906,0.003906] norm_mean_sd_minmax=0.000085/0.000595/0.000000/0.008053
BNO_VEC MAG_SENSOR events=2136 nonfinite=0 xyz_mean_sd=[7.077628,0.541012][-21.960528,0.731573][21.925328,0.747008] xyz_minmax=[5.375000,8.625000][-24.312500,-19.625000][19.125000,24.500000] norm_mean_sd_minmax=31.841787/0.751052/29.480263/34.195782
LINK queue/drop/high=0/0/5 tof=2593
TXDIAG frames_s=125 bytes_s=17045 total_frames=11430 total_bytes=1520920 queue=0 high=5 drops=0 bno_drop=0 partial=0 zero=0 write_calls=218190 max_write_us=0 free_heap=166720 min_free_heap=166720 usage_pct=18.50
BNO_TX kind=1 event=0 req=0 enq=0 drop=0 done=0 bytes=0
BNO_REPORT kind=1 report_id=1 interval_us=10000 requested_hz=100.000 enable_ok=2 enable_fail=0 callback=10815 switch=10793 kind_convert=10793 events=10793 tx_req=0 tx_enq=0 tx_done=0 tx_drop=0 event_drop=0 reset_reconfig=1 effective_hz=126.352
BNO_TX kind=2 event=0 req=0 enq=0 drop=0 done=0 bytes=0
BNO_REPORT kind=2 report_id=2 interval_us=10000 requested_hz=100.000 enable_ok=2 enable_fail=0 callback=8548 switch=8544 kind_convert=8544 events=8544 tx_req=0 tx_enq=0 tx_done=0 tx_drop=0 event_drop=0 reset_reconfig=1 effective_hz=100.041
BNO_TX kind=3 event=0 req=0 enq=0 drop=0 done=0 bytes=0
BNO_REPORT kind=3 report_id=8 interval_us=20000 requested_hz=50.000 enable_ok=2 enable_fail=0 callback=4273 switch=4272 kind_convert=4272 events=4272 tx_req=0 tx_enq=0 tx_done=0 tx_drop=0 event_drop=0 reset_reconfig=1 effective_hz=50.017
BNO_TX kind=4 event=0 req=0 enq=0 drop=0 done=0 bytes=0
BNO_REPORT kind=4 report_id=3 interval_us=50000 requested_hz=20.000 enable_ok=2 enable_fail=0 callback=2137 switch=2136 kind_convert=2136 events=2136 tx_req=0 tx_enq=0 tx_done=0 tx_drop=0 event_drop=0 reset_reconfig=1 effective_hz=25.003
BNO_TX kind=5 event=0 req=0 enq=0 drop=0 done=0 bytes=0
BNO_REPORT kind=5 report_id=4 interval_us=20000 requested_hz=50.000 enable_ok=2 enable_fail=0 callback=4273 switch=4272 kind_convert=4272 events=4272 tx_req=0 tx_enq=0 tx_done=0 tx_drop=0 event_drop=0 reset_reconfig=1 effective_hz=50.012
DIAG state=FAULT dry=1 bno_ready=1 addr=0x4A init/reinit/poll=1/0/15232 event A/G/M=10920/8644/2161 age_rx_us=901/6318/22241
IMU cand/pair/call/ok=8644/8644/8644/8641 reject=3 dup/order/stale/dt/nonfinite/norm/queue=0/0/0/3/0/0/0 last_ok_age_us=6318 dt_us=9416 align_samples=199 align_elapsed_us=2004484
HEALTH state=2 health=1 reason=mount_unvalidated mount=0 imu_age_us=6318 imu_gaps=0 reversals=0 covariance=1 finite=1 gnss_age_us=4294967295 tof_age_us=4294967295 obs=1
BNO_TS ACCEL events=10920 unique=104 exact=1 overflow=0 dup=353 reverse=5430 rollover=0 sensor_dt_us=-8500/0.50/8400 rx_dt_us=8/7914.25/19429 pair_first=4294959496/3860589 pair_last=4294964996/90276250
BNO_TS GYRO events=8644 unique=85 exact=1 overflow=0 dup=585 reverse=3758 rollover=0 sensor_dt_us=-8800/1.02/10000 rx_dt_us=63/9996.34/19929 pair_first=4294953796/3872427 pair_last=4294962596/90270833
BNO_TS MAG events=2161 unique=93 exact=1 overflow=0 dup=111 reverse=1007 rollover=0 sensor_dt_us=-8500/5.19/9100 rx_dt_us=28513/39991.88/60389 pair_first=4294953796/3872459 pair_last=4294964996/90254910
BNO_VEC ACCEL_SENSOR_AND_ESKF_INPUT events=10920 nonfinite=0 xyz_mean_sd=[-0.271361,0.008724][-0.848650,0.010187][-9.805432,0.023107] xyz_minmax=[-0.312500,-0.238281][-0.882812,-0.808594][-9.855469,-9.734375] norm_mean_sd_minmax=9.845838/0.023048/9.770806/9.897798
BNO_VEC GYRO_SENSOR_AND_ESKF_INPUT events=8644 nonfinite=0 xyz_mean_sd=[-0.000009,0.000449][0.000006,0.000285][-0.000001,0.000272] xyz_minmax=[-0.005859,0.007812][-0.003906,0.003906][-0.003906,0.003906] norm_mean_sd_minmax=0.000084/0.000592/0.000000/0.008053
BNO_VEC MAG_SENSOR events=2161 nonfinite=0 xyz_mean_sd=[7.078349,0.541403][-21.958266,0.731794][21.925093,0.747813] xyz_minmax=[5.375000,8.625000][-24.312500,-19.625000][19.125000,24.500000] norm_mean_sd_minmax=31.840251/0.751294/29.480263/34.195782
LINK queue/drop/high=1/0/5 tof=2624
TXDIAG frames_s=127 bytes_s=17295 total_frames=11559 total_bytes=1538388 queue=0 high=5 drops=0 bno_drop=0 partial=0 zero=0 write_calls=220645 max_write_us=0 free_heap=166720 min_free_heap=166720 usage_pct=18.77
BNO_TX kind=1 event=0 req=0 enq=0 drop=0 done=0 bytes=0
BNO_REPORT kind=1 report_id=1 interval_us=10000 requested_hz=100.000 enable_ok=2 enable_fail=0 callback=10943 switch=10920 kind_convert=10920 events=10920 tx_req=0 tx_enq=0 tx_done=0 tx_drop=0 event_drop=0 reset_reconfig=1 effective_hz=126.354
BNO_TX kind=2 event=0 req=0 enq=0 drop=0 done=0 bytes=0
BNO_REPORT kind=2 report_id=2 interval_us=10000 requested_hz=100.000 enable_ok=2 enable_fail=0 callback=8648 switch=8644 kind_convert=8644 events=8644 tx_req=0 tx_enq=0 tx_done=0 tx_drop=0 event_drop=0 reset_reconfig=1 effective_hz=100.037
BNO_TX kind=3 event=0 req=0 enq=0 drop=0 done=0 bytes=0
BNO_REPORT kind=3 report_id=8 interval_us=20000 requested_hz=50.000 enable_ok=2 enable_fail=0 callback=4324 switch=4322 kind_convert=4322 events=4322 tx_req=0 tx_enq=0 tx_done=0 tx_drop=0 event_drop=0 reset_reconfig=1 effective_hz=50.018
BNO_TX kind=4 event=0 req=0 enq=0 drop=0 done=0 bytes=0
BNO_REPORT kind=4 report_id=3 interval_us=50000 requested_hz=20.000 enable_ok=2 enable_fail=0 callback=2162 switch=2161 kind_convert=2161 events=2161 tx_req=0 tx_enq=0 tx_done=0 tx_drop=0 event_drop=0 reset_reconfig=1 effective_hz=25.005
BNO_TX kind=5 event=0 req=0 enq=0 drop=0 done=0 bytes=0
BNO_REPORT kind=5 report_id=4 interval_us=20000 requested_hz=50.000 enable_ok=2 enable_fail=0 callback=4324 switch=4322 kind_convert=4322 events=4322 tx_req=0 tx_enq=0 tx_done=0 tx_drop=0 event_drop=0 reset_reconfig=1 effective_hz=50.013
