1785753669.425617 XIAO UART baud=921600 rx=GPIO8 tx=GPIO9 bytes=409084 frames=2760 bytes_s=15156 frames_s=102 crc/cobs/len=0/0/0 seqgap=0 age_ms=2 type=5 log=0 q=0 rec=0 final=0
1785753669.429847 RXDIAG max_us=4620 budget_hits=0 byte/frame/time=0/0/0 rx_buf_max=300 loop_period_max_us=110813 loop_exec_max_us=9606 free_heap=134328 min_free_heap=133008 reset_reason=0 bno_kind_1to5_s=0/0/0/0/0 queue=0 high=0 drops=0
1785753669.434684 RXDETAIL service_calls=22851 service_bytes_avg=17 service_bytes_max=300 service_frames_avg=0 service_frames_avg_x1000=120 service_frames_max=3 service_bytes_s=15156 service_frames_s=102 rxbuf_full_obs=0 bno_valid=0 bno_invalid=0 unknown=0 uart_overflow=framework_unavailable trial_rx_bytes=409084 trial_frames=2760 trial_bno=0 trial_crc/cobs/len=0/0/0
1785753669.437910 RXTASK mode=dispatch read_calls=22853 zero_reads=19231 read_bytes_max=300 rx_task_max_us=4620 rx_task_continuous_max_us=4620 stack_hwm_min_bytes=4808 cobs_delimiters=2760 rx_current=0 rx_max=300 rx_full=0 overflow=framework_unavailable
1785753669.439526 SDTASK max_process_us=0
1785753670.436784 XIAO UART baud=921600 rx=GPIO8 tx=GPIO9 bytes=423920 frames=2860 bytes_s=14836 frames_s=100 crc/cobs/len=0/0/0 seqgap=0 age_ms=17 type=24 log=0 q=0 rec=0 final=0
1785753670.441359 RXDIAG max_us=4620 budget_hits=0 byte/frame/time=0/0/0 rx_buf_max=300 loop_period_max_us=110813 loop_exec_max_us=9606 free_heap=134328 min_free_heap=133008 reset_reason=0 bno_kind_1to5_s=0/0/0/0/0 queue=0 high=0 drops=0
1785753670.449062 RXDETAIL service_calls=23702 service_bytes_avg=17 service_bytes_max=300 service_frames_avg=0 service_frames_avg_x1000=120 service_frames_max=3 service_bytes_s=14836 service_frames_s=100 rxbuf_full_obs=0 bno_valid=0 bno_invalid=0 unknown=0 uart_overflow=framework_unavailable trial_rx_bytes=423920 trial_frames=2860 trial_bno=0 trial_crc/cobs/len=0/0/0
1785753670.453650 RXTASK mode=dispatch read_calls=23703 zero_reads=19958 read_bytes_max=300 rx_task_max_us=4620 rx_task_continuous_max_us=4620 stack_hwm_min_bytes=4808 cobs_delimiters=2860 rx_current=0 rx_max=300 rx_full=0 overflow=framework_unavailable
1785753670.453650 SDTASK max_process_us=0
1785753671.447602 XIAO UART baud=921600 rx=GPIO8 tx=GPIO9 bytes=439076 frames=2962 bytes_s=15156 frames_s=102 crc/cobs/len=0/0/0 seqgap=0 age_ms=9 type=22 log=0 q=0 rec=0 final=0
1785753671.452515 RXDIAG max_us=4620 budget_hits=0 byte/frame/time=0/0/0 rx_buf_max=300 loop_period_max_us=110813 loop_exec_max_us=9606 free_heap=134328 min_free_heap=133008 reset_reason=0 bno_kind_1to5_s=0/0/0/0/0 queue=0 high=0 drops=0
1785753671.457371 RXDETAIL service_calls=24546 service_bytes_avg=17 service_bytes_max=300 service_frames_avg=0 service_frames_avg_x1000=120 service_frames_max=3 service_bytes_s=15156 service_frames_s=102 rxbuf_full_obs=0 bno_valid=0 bno_invalid=0 unknown=0 uart_overflow=framework_unavailable trial_rx_bytes=439076 trial_frames=2962 trial_bno=0 trial_crc/cobs/len=0/0/0
1785753671.460588 RXTASK mode=dispatch read_calls=24547 zero_reads=20678 read_bytes_max=300 rx_task_max_us=4620 rx_task_continuous_max_us=4620 stack_hwm_min_bytes=4808 cobs_delimiters=2962 rx_current=0 rx_max=300 rx_full=0 overflow=framework_unavailable
1785753671.460588 SDTASK max_process_us=0
1785753672.453559 XIAO UART baud=921600 rx=GPIO8 tx=GPIO9 bytes=454084 frames=3063 bytes_s=15008 frames_s=101 crc/cobs/len=0/0/0 seqgap=0 age_ms=0 type=5 log=0 q=0 rec=0 final=0
1785753672.458431 RXDIAG max_us=4620 budget_hits=0 byte/frame/time=0/0/0 rx_buf_max=300 loop_period_max_us=110813 loop_exec_max_us=9606 free_heap=134328 min_free_heap=133008 reset_reason=0 bno_kind_1to5_s=0/0/0/0/0 queue=0 high=0 drops=0
1785753672.462860 RXDETAIL service_calls=25395 service_bytes_avg=17 service_bytes_max=300 service_frames_avg=0 service_frames_avg_x1000=120 service_frames_max=3 service_bytes_s=15156 service_frames_s=102 rxbuf_full_obs=0 bno_valid=0 bno_invalid=0 unknown=0 uart_overflow=framework_unavailable trial_rx_bytes=454232 trial_frames=3064 trial_bno=0 trial_crc/cobs/len=0/0/0
1785753672.466087 RXTASK mode=dispatch read_calls=25396 zero_reads=21405 read_bytes_max=300 rx_task_max_us=4620 rx_task_continuous_max_us=4620 stack_hwm_min_bytes=4808 cobs_delimiters=3066 rx_current=0 rx_max=300 rx_full=0 overflow=framework_unavailable
1785753672.466087 SDTASK max_process_us=0
1785753674.506124 TRIAL_START mode=dispatch rx_bytes=0 service_bytes=0 frames=0 bno_valid=0 seq_gap=0 crc/cobs/len=0/0/0 unknown=0 bno_invalid=0 rxbuf_full=0 service_calls=0 read_calls=0 zero_reads=0 delimiters=0 bno_kind=0/0/0/0/0 bno_log_enqueue=1
1785753674.509182 TRIAL_SEQUENCE first=0 last=0 valid=0
1785753674.515298 TRIAL_BOUNDARY start_ack=0 expected_first=0 stop_ack=0 expected_last=0 stop_ack_received=0
1785753674.516903 BNO_CORE_TS kind=1 count=0 first_rx_us=0 last_rx_us=0 delta_us=0/0.00/0
1785753674.518517 BNO_CORE_TS kind=2 count=0 first_rx_us=0 last_rx_us=0 delta_us=0/0.00/0
1785753674.518517 BNO_CORE_TS kind=3 count=0 first_rx_us=0 last_rx_us=0 delta_us=0/0.00/0
1785753674.520172 BNO_CORE_TS kind=4 count=0 first_rx_us=0 last_rx_us=0 delta_us=0/0.00/0
1785753674.520172 BNO_CORE_TS kind=5 count=0 first_rx_us=0 last_rx_us=0 delta_us=0/0.00/0
1785753674.521793 SEQUENCE_STATE gaps=0 duplicates=0 out_of_order=0 wraps=0
1785753674.521793 TRIAL_CAPTURE_WAIT_START_ACK
1785753674.531518 TYPE23_IDENTIFIED rx_us=34012677 uart_sequence=23757 type=23 payload_length=16 payload_hex=DA 01 00 00 01 01 00 00 CE 5C 00 00 00 00 00 00  encoded_bytes=44 crc=ok cobs=ok length=ok previous_type=5 boundary_ack=1
1785753674.534756 TRIAL_START_ACK ack_sequence=23757 first_sequence=23758 capture_id=474
1785753674.542850 BNO_CORE_EVENT kind=4 report_seq=15 uart_sequence=23758 sensor_raw=4294959996 sensor_converted=4294959996 xiao_rx=239865554 queue_push=239865565 core_rx=34017189
1785753674.554025 XIAO UART baud=921600 rx=GPIO8 tx=GPIO9 bytes=484052 frames=2 bytes_s=29968 frames_s=2 crc/cobs/len=0/0/0 seqgap=0 age_ms=1 type=20 log=1 q=1 rec=4 final=0
1785753674.567739 RXDIAG max_us=4620 budget_hits=0 byte/frame/time=0/0/0 rx_buf_max=300 loop_period_max_us=110813 loop_exec_max_us=1172582 free_heap=133248 min_free_heap=133008 reset_reason=0 bno_kind_1to5_s=0/0/0/1/0 queue=0 high=2 drops=0
1785753674.585389 RXDETAIL service_calls=27124 service_bytes_avg=17 service_bytes_max=300 service_frames_avg=0 service_frames_avg_x1000=120 service_frames_max=3 service_bytes_s=29820 service_frames_s=199 rxbuf_full_obs=0 bno_valid=1 bno_invalid=0 unknown=0 uart_overflow=framework_unavailable trial_rx_bytes=120 trial_frames=1 trial_bno=1 trial_crc/cobs/len=0/0/0
1785753674.591843 BNO_CORE_EVENT kind=1 report_seq=142 uart_sequence=23759 sensor_raw=4294963796 sensor_converted=4294963796 xiao_rx=239865593 queue_push=239865595 core_rx=34019730
1785753674.599305 BNO_CORE_EVENT kind=2 report_seq=60 uart_sequence=23760 sensor_raw=4294964396 sensor_converted=4294964396 xiao_rx=239868035 queue_push=239868038 core_rx=34022366
1785753674.612067 RXTASK mode=dispatch read_calls=27125 zero_reads=22890 read_bytes_max=300 rx_task_max_us=4620 rx_task_continuous_max_us=4620 stack_hwm_min_bytes=4636 cobs_delimiters=3264 rx_current=0 rx_max=300 rx_full=0 overflow=framework_unavailable
1785753674.613636 SDTASK max_process_us=113
1785753674.621697 BNO_CORE_EVENT kind=5 report_seq=29 uart_sequence=23766 sensor_raw=4294961896 sensor_converted=4294961896 xiao_rx=239876858 queue_push=239876865 core_rx=34085899
1785753674.629321 BNO_CORE_EVENT kind=1 report_seq=143 uart_sequence=23767 sensor_raw=4294963996 sensor_converted=4294963996 xiao_rx=239876887 queue_push=239876888 core_rx=34087522
1785753674.635785 BNO_CORE_EVENT kind=2 report_seq=61 uart_sequence=23768 sensor_raw=4294960396 sensor_converted=4294960396 xiao_rx=239887874 queue_push=239887882 core_rx=34089606
1785753674.642203 BNO_CORE_EVENT kind=3 report_seq=30 uart_sequence=23769 sensor_raw=4294960396 sensor_converted=4294960396 xiao_rx=239887912 queue_push=239887913 core_rx=34090784
1785753674.650771 BNO_CORE_EVENT kind=1 report_seq=144 uart_sequence=23770 sensor_raw=4294960396 sensor_converted=4294960396 xiao_rx=239887925 queue_push=239887927 core_rx=34091877
1785753674.657201 BNO_CORE_EVENT kind=1 report_seq=145 uart_sequence=23771 sensor_raw=4294957096 sensor_converted=4294957096 xiao_rx=239898960 queue_push=239898968 core_rx=34094766
1785753674.666221 BNO_CORE_EVENT kind=2 report_seq=62 uart_sequence=23772 sensor_raw=4294958496 sensor_converted=4294958496 xiao_rx=239898996 queue_push=239898999 core_rx=34096065
1785753674.672655 BNO_CORE_EVENT kind=5 report_seq=30 uart_sequence=23773 sensor_raw=4294958496 sensor_converted=4294958496 xiao_rx=239899009 queue_push=239899011 core_rx=34097171
1785753674.680305 BNO_CORE_EVENT kind=1 report_seq=146 uart_sequence=23774 sensor_raw=4294964696 sensor_converted=4294964696 xiao_rx=239899018 queue_push=239899020 core_rx=34098262
1785753674.688718 BNO_CORE_EVENT kind=2 report_seq=63 uart_sequence=23775 sensor_raw=4294957296 sensor_converted=4294957296 xiao_rx=239909887 queue_push=239909892 core_rx=34099365
1785753674.699182 BNO_CORE_EVENT kind=3 report_seq=31 uart_sequence=23777 sensor_raw=4294957296 sensor_converted=4294957296 xiao_rx=239909915 queue_push=239909917 core_rx=34102543
1785753674.708847 BNO_CORE_EVENT kind=4 report_seq=16 uart_sequence=23778 sensor_raw=4294957296 sensor_converted=4294957296 xiao_rx=239909926 queue_push=239909929 core_rx=34103731
1785753674.717828 BNO_CORE_EVENT kind=1 report_seq=147 uart_sequence=23779 sensor_raw=4294960696 sensor_converted=4294960696 xiao_rx=239909936 queue_push=239909938 core_rx=34104826
1785753674.725872 BNO_CORE_EVENT kind=2 report_seq=64 uart_sequence=23780 sensor_raw=4294955396 sensor_converted=4294955396 xiao_rx=239921663 queue_push=239921671 core_rx=34105916
1785753674.733506 BNO_CORE_EVENT kind=5 report_seq=31 uart_sequence=23781 sensor_raw=4294955396 sensor_converted=4294955396 xiao_rx=239921720 queue_push=239921722 core_rx=34107020
1785753674.739959 BNO_CORE_EVENT kind=1 report_seq=148 uart_sequence=23782 sensor_raw=4294957196 sensor_converted=4294957196 xiao_rx=239921730 queue_push=239921732 core_rx=34108112
1785753674.749236 BNO_CORE_EVENT kind=1 report_seq=149 uart_sequence=23783 sensor_raw=4294965196 sensor_converted=4294965196 xiao_rx=239921739 queue_push=239921741 core_rx=34109179
1785753674.757238 BNO_CORE_EVENT kind=2 report_seq=65 uart_sequence=23785 sensor_raw=4294954896 sensor_converted=4294954896 xiao_rx=239933385 queue_push=239933393 core_rx=34113391
1785753674.764687 BNO_CORE_EVENT kind=3 report_seq=32 uart_sequence=23786 sensor_raw=4294954896 sensor_converted=4294954896 xiao_rx=239933432 queue_push=239933434 core_rx=34114623
1785753674.766294 BNO_CORE_EVENT kind=1 report_seq=150 uart_sequence=23787 sensor_raw=4294962396 sensor_converted=4294962396 xiao_rx=239933444 queue_push=239933446 core_rx=34115678
1785753674.767905 BNO_CORE_EVENT kind=2 report_seq=66 uart_sequence=23788 sensor_raw=4294964896 sensor_converted=4294964896 xiao_rx=239933455 queue_push=239933456 core_rx=34117501
1785753674.771137 BNO_CORE_EVENT kind=5 report_seq=32 uart_sequence=23789 sensor_raw=4294956496 sensor_converted=4294956496 xiao_rx=239936950 queue_push=239936951 core_rx=34118684
1785753674.772748 BNO_CORE_EVENT kind=1 report_seq=151 uart_sequence=23790 sensor_raw=4294962496 sensor_converted=4294962496 xiao_rx=239936971 queue_push=239936973 core_rx=34119765
1785753674.774352 BNO_CORE_EVENT kind=4 report_seq=17 uart_sequence=23795 sensor_raw=4294962796 sensor_converted=4294962796 xiao_rx=239968234 queue_push=239968243 core_rx=34142315
1785753674.777323 BNO_CORE_EVENT kind=2 report_seq=67 uart_sequence=23796 sensor_raw=4294962796 sensor_converted=4294962796 xiao_rx=239968262 queue_push=239968264 core_rx=34145033
1785753674.780221 BNO_CORE_EVENT kind=3 report_seq=33 uart_sequence=23797 sensor_raw=4294962796 sensor_converted=4294962796 xiao_rx=239968278 queue_push=239968280 core_rx=34146282
1785753674.781739 BNO_CORE_EVENT kind=1 report_seq=152 uart_sequence=23798 sensor_raw=4294934996 sensor_converted=4294934996 xiao_rx=239981382 queue_push=239981388 core_rx=34147395
1785753674.784978 BNO_CORE_EVENT kind=2 report_seq=68 uart_sequence=23799 sensor_raw=4294941896 sensor_converted=4294941896 xiao_rx=239981413 queue_push=239981415 core_rx=34150084
1785753674.786607 BNO_CORE_EVENT kind=5 report_seq=33 uart_sequence=23800 sensor_raw=4294941896 sensor_converted=4294941896 xiao_rx=239981424 queue_push=239981426 core_rx=34151255
1785753674.788237 BNO_CORE_EVENT kind=1 report_seq=153 uart_sequence=23801 sensor_raw=4294942796 sensor_converted=4294942796 xiao_rx=239981434 queue_push=239981436 core_rx=34152364
1785753674.791508 BNO_CORE_EVENT kind=1 report_seq=154 uart_sequence=23802 sensor_raw=4294951196 sensor_converted=4294951196 xiao_rx=239981443 queue_push=239981445 core_rx=34153445
1785753674.793123 BNO_CORE_EVENT kind=2 report_seq=69 uart_sequence=23803 sensor_raw=4294951596 sensor_converted=4294951596 xiao_rx=239981452 queue_push=239981454 core_rx=34154543
1785753674.796510 BNO_CORE_EVENT kind=3 report_seq=34 uart_sequence=23804 sensor_raw=4294951596 sensor_converted=4294951596 xiao_rx=239981463 queue_push=239981464 core_rx=34155638
1785753674.798052 BNO_CORE_EVENT kind=1 report_seq=155 uart_sequence=23805 sensor_raw=4294959196 sensor_converted=4294959196 xiao_rx=239981472 queue_push=239981474 core_rx=34158367
1785753674.801089 BNO_CORE_EVENT kind=2 report_seq=70 uart_sequence=23806 sensor_raw=4294961996 sensor_converted=4294961996 xiao_rx=239981482 queue_push=239981483 core_rx=34159671
1785753674.802605 BNO_CORE_EVENT kind=5 report_seq=34 uart_sequence=23807 sensor_raw=4294961996 sensor_converted=4294961996 xiao_rx=239981491 queue_push=239981493 core_rx=34160772
1785753674.804121 BNO_CORE_EVENT kind=1 report_seq=156 uart_sequence=23808 sensor_raw=4294966596 sensor_converted=4294966596 xiao_rx=239981501 queue_push=239981502 core_rx=34161864
1785753674.807153 BNO_CORE_EVENT kind=2 report_seq=71 uart_sequence=23809 sensor_raw=4294958396 sensor_converted=4294958396 xiao_rx=239987468 queue_push=239987474 core_rx=34162966
1785753674.808668 BNO_CORE_EVENT kind=3 report_seq=35 uart_sequence=23810 sensor_raw=4294958396 sensor_converted=4294958396 xiao_rx=239987500 queue_push=239987501 core_rx=34164063
1785753674.811655 BNO_CORE_EVENT kind=4 report_seq=18 uart_sequence=23811 sensor_raw=4294958696 sensor_converted=4294958696 xiao_rx=239987510 queue_push=239987512 core_rx=34166207
1785753674.814716 BNO_CORE_EVENT kind=1 report_seq=157 uart_sequence=23812 sensor_raw=4294961296 sensor_converted=4294961296 xiao_rx=239987518 queue_push=239987520 core_rx=34167346
1785753674.816236 BNO_CORE_EVENT kind=2 report_seq=72 uart_sequence=23813 sensor_raw=4294962396 sensor_converted=4294962396 xiao_rx=239993118 queue_push=239993120 core_rx=34168410
1785753674.817753 BNO_CORE_EVENT kind=5 report_seq=35 uart_sequence=23814 sensor_raw=4294962396 sensor_converted=4294962396 xiao_rx=239993132 queue_push=239993134 core_rx=34169487
1785753674.820783 BNO_CORE_EVENT kind=1 report_seq=158 uart_sequence=23815 sensor_raw=4294963096 sensor_converted=4294963096 xiao_rx=239993142 queue_push=239993144 core_rx=34170605
1785753674.822298 BNO_CORE_EVENT kind=1 report_seq=159 uart_sequence=23820 sensor_raw=4294965496 sensor_converted=4294965496 xiao_rx=240021993 queue_push=240022000 core_rx=34180505
1785753674.825328 BNO_CORE_EVENT kind=2 report_seq=73 uart_sequence=23822 sensor_raw=4294937796 sensor_converted=4294937796 xiao_rx=240034813 queue_push=240034820 core_rx=34188311
1785753674.826844 BNO_CORE_EVENT kind=3 report_seq=36 uart_sequence=23823 sensor_raw=4294937796 sensor_converted=4294937796 xiao_rx=240034845 queue_push=240034847 core_rx=34191305
1785753674.829653 BNO_CORE_EVENT kind=1 report_seq=160 uart_sequence=23824 sensor_raw=4294944896 sensor_converted=4294944896 xiao_rx=240034857 queue_push=240034859 core_rx=34192479
1785753674.831177 BNO_CORE_EVENT kind=2 report_seq=74 uart_sequence=23825 sensor_raw=4294948196 sensor_converted=4294948196 xiao_rx=240034866 queue_push=240034868 core_rx=34194166
1785753674.834208 BNO_CORE_EVENT kind=5 report_seq=36 uart_sequence=23826 sensor_raw=4294948196 sensor_converted=4294948196 xiao_rx=240034876 queue_push=240034878 core_rx=34195407
1785753674.835724 BNO_CORE_EVENT kind=1 report_seq=161 uart_sequence=23827 sensor_raw=4294952796 sensor_converted=4294952796 xiao_rx=240034885 queue_push=240034887 core_rx=34196521
1785753674.838758 BNO_CORE_EVENT kind=2 report_seq=75 uart_sequence=23828 sensor_raw=4294958296 sensor_converted=4294958296 xiao_rx=240034895 queue_push=240034897 core_rx=34197590
1785753674.840273 BNO_CORE_EVENT kind=3 report_seq=37 uart_sequence=23829 sensor_raw=4294958296 sensor_converted=4294958296 xiao_rx=240034904 queue_push=240034906 core_rx=34198693
1785753674.843305 BNO_CORE_EVENT kind=4 report_seq=19 uart_sequence=23830 sensor_raw=4294958296 sensor_converted=4294958296 xiao_rx=240034915 queue_push=240034917 core_rx=34201205
1785753674.845939 BNO_CORE_EVENT kind=1 report_seq=162 uart_sequence=23831 sensor_raw=4294960296 sensor_converted=4294960296 xiao_rx=240034925 queue_push=240034926 core_rx=34202486
1785753674.847464 BNO_CORE_EVENT kind=2 report_seq=76 uart_sequence=23833 sensor_raw=4294955396 sensor_converted=4294955396 xiao_rx=240040054 queue_push=240040056 core_rx=34205744
1785753674.850499 BNO_CORE_EVENT kind=5 report_seq=37 uart_sequence=23834 sensor_raw=4294955396 sensor_converted=4294955396 xiao_rx=240040064 queue_push=240040066 core_rx=34207874
1785753674.852015 BNO_CORE_EVENT kind=1 report_seq=163 uart_sequence=23836 sensor_raw=4294955396 sensor_converted=4294955396 xiao_rx=240040073 queue_push=240040075 core_rx=34209496
1785753674.855045 BNO_CORE_EVENT kind=1 report_seq=164 uart_sequence=23837 sensor_raw=4294963396 sensor_converted=4294963396 xiao_rx=240040083 queue_push=240040084 core_rx=34210565
1785753674.856560 BNO_CORE_EVENT kind=2 report_seq=77 uart_sequence=23839 sensor_raw=4294959796 sensor_converted=4294959796 xiao_rx=240059632 queue_push=240059640 core_rx=34227442
1785753674.858076 BNO_CORE_EVENT kind=3 report_seq=38 uart_sequence=23840 sensor_raw=4294959796 sensor_converted=4294959796 xiao_rx=240059665 queue_push=240059667 core_rx=34229824
1785753674.861159 BNO_CORE_EVENT kind=1 report_seq=165 uart_sequence=23841 sensor_raw=4294965996 sensor_converted=4294965996 xiao_rx=240059678 queue_push=240059680 core_rx=34231062
1785753674.862855 BNO_CORE_EVENT kind=2 report_seq=78 uart_sequence=23842 sensor_raw=4294950696 sensor_converted=4294950696 xiao_rx=240069025 queue_push=240069027 core_rx=34232169
1785753674.866074 BNO_CORE_EVENT kind=5 report_seq=38 uart_sequence=23843 sensor_raw=4294950696 sensor_converted=4294950696 xiao_rx=240069039 queue_push=240069040 core_rx=34233274
1785753674.867696 BNO_CORE_EVENT kind=1 report_seq=166 uart_sequence=23844 sensor_raw=4294954896 sensor_converted=4294954896 xiao_rx=240069048 queue_push=240069050 core_rx=34235642
1785753674.870934 BNO_CORE_EVENT kind=2 report_seq=79 uart_sequence=23845 sensor_raw=4294960696 sensor_converted=4294960696 xiao_rx=240069058 queue_push=240069059 core_rx=34236778
1785753674.872546 BNO_CORE_EVENT kind=3 report_seq=39 uart_sequence=23846 sensor_raw=4294960696 sensor_converted=4294960696 xiao_rx=240069067 queue_push=240069069 core_rx=34239381
1785753674.874159 BNO_CORE_EVENT kind=4 report_seq=20 uart_sequence=23847 sensor_raw=4294960696 sensor_converted=4294960696 xiao_rx=240069077 queue_push=240069078 core_rx=34240574
1785753674.875775 BNO_CORE_EVENT kind=1 report_seq=167 uart_sequence=23848 sensor_raw=4294962296 sensor_converted=4294962296 xiao_rx=240069086 queue_push=240069088 core_rx=34241645
1785753674.880804 BNO_CORE_EVENT kind=1 report_seq=168 uart_sequence=23849 sensor_raw=4294960796 sensor_converted=4294960796 xiao_rx=240074670 queue_push=240074673 core_rx=34242739
1785753674.882328 BNO_CORE_EVENT kind=2 report_seq=80 uart_sequence=23850 sensor_raw=4294960796 sensor_converted=4294960796 xiao_rx=240074681 queue_push=240074682 core_rx=34244830
1785753674.883845 BNO_CORE_EVENT kind=5 report_seq=39 uart_sequence=23851 sensor_raw=4294960796 sensor_converted=4294960796 xiao_rx=240074690 queue_push=240074692 core_rx=34246034
1785753674.886878 BNO_CORE_EVENT kind=1 report_seq=169 uart_sequence=23854 sensor_raw=4294963696 sensor_converted=4294963696 xiao_rx=240094553 queue_push=240094560 core_rx=34249816
1785753674.888396 BNO_CORE_EVENT kind=2 report_seq=81 uart_sequence=23855 sensor_raw=4294945296 sensor_converted=4294945296 xiao_rx=240102965 queue_push=240102971 core_rx=34252353
1785753674.891433 BNO_CORE_EVENT kind=3 report_seq=40 uart_sequence=23856 sensor_raw=4294945296 sensor_converted=4294945296 xiao_rx=240102990 queue_push=240102992 core_rx=34255036
1785753674.893103 BNO_CORE_EVENT kind=1 report_seq=170 uart_sequence=23857 sensor_raw=4294951496 sensor_converted=4294951496 xiao_rx=240102998 queue_push=240103000 core_rx=34256277
1785753674.897366 BNO_CORE_EVENT kind=2 report_seq=82 uart_sequence=23858 sensor_raw=4294955696 sensor_converted=4294955696 xiao_rx=240103007 queue_push=240103009 core_rx=34258343
1785753674.898974 BNO_CORE_EVENT kind=5 report_seq=40 uart_sequence=23859 sensor_raw=4294955696 sensor_converted=4294955696 xiao_rx=240103017 queue_push=240103018 core_rx=34259511
1785753674.900590 BNO_CORE_EVENT kind=1 report_seq=171 uart_sequence=23860 sensor_raw=4294958996 sensor_converted=4294958996 xiao_rx=240103025 queue_push=240103026 core_rx=34261758
1785753674.903827 BNO_CORE_EVENT kind=2 report_seq=83 uart_sequence=23863 sensor_raw=4294957096 sensor_converted=4294957096 xiao_rx=240116683 queue_push=240116691 core_rx=34273356
1785753674.905457 BNO_CORE_EVENT kind=3 report_seq=41 uart_sequence=23864 sensor_raw=4294957096 sensor_converted=4294957096 xiao_rx=240116742 queue_push=240116744 core_rx=34275622
1785753674.907103 BNO_CORE_EVENT kind=4 report_seq=21 uart_sequence=23865 sensor_raw=4294957096 sensor_converted=4294957096 xiao_rx=240116751 queue_push=240116753 core_rx=34276894
1785753674.910324 BNO_CORE_EVENT kind=1 report_seq=172 uart_sequence=23866 sensor_raw=4294958496 sensor_converted=4294958496 xiao_rx=240116764 queue_push=240116766 core_rx=34277966
1785753674.913321 BNO_CORE_EVENT kind=1 report_seq=173 uart_sequence=23867 sensor_raw=4294966396 sensor_converted=4294966396 xiao_rx=240116772 queue_push=240116774 core_rx=34279602
1785753674.916547 BNO_CORE_EVENT kind=2 report_seq=84 uart_sequence=23868 sensor_raw=4294953096 sensor_converted=4294953096 xiao_rx=240123747 queue_push=240123749 core_rx=34280760
1785753674.918157 BNO_CORE_EVENT kind=5 report_seq=41 uart_sequence=23869 sensor_raw=4294953096 sensor_converted=4294953096 xiao_rx=240123762 queue_push=240123764 core_rx=34281849
1785753674.921398 BNO_CORE_EVENT kind=1 report_seq=174 uart_sequence=23870 sensor_raw=4294961096 sensor_converted=4294961096 xiao_rx=240123772 queue_push=240123774 core_rx=34282873
1785753674.923012 BNO_CORE_EVENT kind=2 report_seq=85 uart_sequence=23871 sensor_raw=4294963096 sensor_converted=4294963096 xiao_rx=240123782 queue_push=240123783 core_rx=34286853
1785753674.924628 BNO_CORE_EVENT kind=3 report_seq=42 uart_sequence=23872 sensor_raw=4294963096 sensor_converted=4294963096 xiao_rx=240123792 queue_push=240123793 core_rx=34288098
1785753674.927840 BNO_CORE_EVENT kind=1 report_seq=175 uart_sequence=23874 sensor_raw=4294961296 sensor_converted=4294961296 xiao_rx=240137182 queue_push=240137188 core_rx=34290683
1785753674.929429 BNO_CORE_EVENT kind=2 report_seq=86 uart_sequence=23876 sensor_raw=4294952696 sensor_converted=4294952696 xiao_rx=240144777 queue_push=240144784 core_rx=34297263
1785753674.932876 BNO_CORE_EVENT kind=5 report_seq=42 uart_sequence=23877 sensor_raw=4294952696 sensor_converted=4294952696 xiao_rx=240144809 queue_push=240144811 core_rx=34299068
1785753674.934484 BNO_CORE_EVENT kind=1 report_seq=176 uart_sequence=23878 sensor_raw=4294955896 sensor_converted=4294955896 xiao_rx=240144818 queue_push=240144820 core_rx=34301991
1785753674.936099 BNO_CORE_EVENT kind=2 report_seq=87 uart_sequence=23879 sensor_raw=4294962896 sensor_converted=4294962896 xiao_rx=240144827 queue_push=240144828 core_rx=34303285
1785753674.939330 BNO_CORE_EVENT kind=3 report_seq=43 uart_sequence=23880 sensor_raw=4294962896 sensor_converted=4294962896 xiao_rx=240144839 queue_push=240144841 core_rx=34304391
1785753674.940946 BNO_CORE_EVENT kind=4 report_seq=22 uart_sequence=23881 sensor_raw=4294955296 sensor_converted=4294955296 xiao_rx=240149097 queue_push=240149102 core_rx=34305494
1785753674.944211 BNO_CORE_EVENT kind=1 report_seq=177 uart_sequence=23882 sensor_raw=4294956196 sensor_converted=4294956196 xiao_rx=240149111 queue_push=240149112 core_rx=34307734
1785753674.947095 BNO_CORE_EVENT kind=1 report_seq=178 uart_sequence=23883 sensor_raw=4294963996 sensor_converted=4294963996 xiao_rx=240149119 queue_push=240149121 core_rx=34308880
1785753674.949816 BNO_CORE_EVENT kind=2 report_seq=88 uart_sequence=23887 sensor_raw=4294960596 sensor_converted=4294960596 xiao_rx=240163750 queue_push=240163759 core_rx=34313963
1785753674.951457 BNO_CORE_EVENT kind=5 report_seq=43 uart_sequence=23888 sensor_raw=4294960596 sensor_converted=4294960596 xiao_rx=240163792 queue_push=240163794 core_rx=34315263
1785753674.953068 BNO_CORE_EVENT kind=1 report_seq=179 uart_sequence=23890 sensor_raw=4294953296 sensor_converted=4294953296 xiao_rx=240170604 queue_push=240170608 core_rx=34328810
1785753674.956303 BNO_CORE_EVENT kind=2 report_seq=89 uart_sequence=23891 sensor_raw=4294956096 sensor_converted=4294956096 xiao_rx=240170631 queue_push=240170634 core_rx=34330649
1785753674.957915 BNO_CORE_EVENT kind=3 report_seq=44 uart_sequence=23892 sensor_raw=4294956096 sensor_converted=4294956096 xiao_rx=240170645 queue_push=240170646 core_rx=34332159
1785753674.959536 BNO_CORE_EVENT kind=1 report_seq=180 uart_sequence=23893 sensor_raw=4294961196 sensor_converted=4294961196 xiao_rx=240170653 queue_push=240170654 core_rx=34333318
1785753674.962941 BNO_CORE_EVENT kind=2 report_seq=90 uart_sequence=23894 sensor_raw=4294959096 sensor_converted=4294959096 xiao_rx=240176307 queue_push=240176312 core_rx=34334475
1785753674.965576 BNO_CORE_EVENT kind=5 report_seq=44 uart_sequence=23895 sensor_raw=4294959096 sensor_converted=4294959096 xiao_rx=240176335 queue_push=240176337 core_rx=34336722
1785753674.967183 BNO_CORE_EVENT kind=1 report_seq=181 uart_sequence=23896 sensor_raw=4294961996 sensor_converted=4294961996 xiao_rx=240176343 queue_push=240176345 core_rx=34337860
1785753674.970401 BNO_CORE_EVENT kind=2 report_seq=91 uart_sequence=23897 sensor_raw=4294963696 sensor_converted=4294963696 xiao_rx=240179870 queue_push=240179874 core_rx=34338927
1785753674.972023 BNO_CORE_EVENT kind=3 report_seq=45 uart_sequence=23898 sensor_raw=4294963696 sensor_converted=4294963696 xiao_rx=240179889 queue_push=240179890 core_rx=34339989
1785753674.973639 BNO_CORE_EVENT kind=4 report_seq=23 uart_sequence=23899 sensor_raw=4294959996 sensor_converted=4294959996 xiao_rx=240192175 queue_push=240192184 core_rx=34346932
1785753674.976866 BNO_CORE_EVENT kind=1 report_seq=182 uart_sequence=23900 sensor_raw=4294960496 sensor_converted=4294960496 xiao_rx=240192211 queue_push=240192212 core_rx=34348486
1785753674.979491 BNO_CORE_EVENT kind=1 report_seq=183 uart_sequence=23901 sensor_raw=4294956796 sensor_converted=4294956796 xiao_rx=240198044 queue_push=240198046 core_rx=34350607
1785753674.982763 BNO_CORE_EVENT kind=2 report_seq=92 uart_sequence=23902 sensor_raw=4294958196 sensor_converted=4294958196 xiao_rx=240198057 queue_push=240198060 core_rx=34351790
1785753674.984284 BNO_CORE_EVENT kind=5 report_seq=45 uart_sequence=23903 sensor_raw=4294958196 sensor_converted=4294958196 xiao_rx=240198068 queue_push=240198070 core_rx=34352872
1785753674.987315 BNO_CORE_EVENT kind=1 report_seq=184 uart_sequence=23904 sensor_raw=4294964596 sensor_converted=4294964596 xiao_rx=240198076 queue_push=240198078 core_rx=34354228
1785753674.988830 BNO_CORE_EVENT kind=2 report_seq=93 uart_sequence=23907 sensor_raw=4294962396 sensor_converted=4294962396 xiao_rx=240208866 queue_push=240208874 core_rx=34365332
1785753674.990345 BNO_CORE_EVENT kind=3 report_seq=46 uart_sequence=23908 sensor_raw=4294962396 sensor_converted=4294962396 xiao_rx=240208903 queue_push=240208904 core_rx=34367970
1785753674.993376 BNO_CORE_EVENT kind=1 report_seq=185 uart_sequence=23909 sensor_raw=4294955896 sensor_converted=4294955896 xiao_rx=240215134 queue_push=240215135 core_rx=34370417
1785753674.996606 BNO_CORE_EVENT kind=2 report_seq=94 uart_sequence=23910 sensor_raw=4294961596 sensor_converted=4294961596 xiao_rx=240215146 queue_push=240215148 core_rx=34371675
1785753674.998544 BNO_CORE_EVENT kind=5 report_seq=46 uart_sequence=23911 sensor_raw=4294961596 sensor_converted=4294961596 xiao_rx=240215156 queue_push=240215158 core_rx=34372787
1785753675.001079 BNO_CORE_EVENT kind=1 report_seq=186 uart_sequence=23912 sensor_raw=4294963596 sensor_converted=4294963596 xiao_rx=240215165 queue_push=240215166 core_rx=34374753
1785753675.002602 BNO_CORE_EVENT kind=2 report_seq=95 uart_sequence=23916 sensor_raw=4294964796 sensor_converted=4294964796 xiao_rx=240225245 queue_push=240225253 core_rx=34386342
1785753675.005634 BNO_CORE_EVENT kind=3 report_seq=47 uart_sequence=23917 sensor_raw=4294954896 sensor_converted=4294954896 xiao_rx=240230726 queue_push=240230730 core_rx=34388979
1785753675.007150 BNO_CORE_EVENT kind=4 report_seq=24 uart_sequence=23918 sensor_raw=4294954896 sensor_converted=4294954896 xiao_rx=240230751 queue_push=240230752 core_rx=34391367
1785753675.010180 BNO_CORE_EVENT kind=1 report_seq=187 uart_sequence=23919 sensor_raw=4294954896 sensor_converted=4294954896 xiao_rx=240230763 queue_push=240230765 core_rx=34392523
1785753675.011764 BNO_CORE_EVENT kind=1 report_seq=188 uart_sequence=23920 sensor_raw=4294963196 sensor_converted=4294963196 xiao_rx=240230771 queue_push=240230773 core_rx=34393592
1785753675.014339 BNO_CORE_EVENT kind=2 report_seq=96 uart_sequence=23922 sensor_raw=4294959496 sensor_converted=4294959496 xiao_rx=240236375 queue_push=240236377 core_rx=34397989
1785753675.017385 BNO_CORE_EVENT kind=5 report_seq=47 uart_sequence=23923 sensor_raw=4294959496 sensor_converted=4294959496 xiao_rx=240236384 queue_push=240236386 core_rx=34399168
1785753675.018902 BNO_CORE_EVENT kind=1 report_seq=189 uart_sequence=23924 sensor_raw=4294965296 sensor_converted=4294965296 xiao_rx=240236392 queue_push=240236394 core_rx=34400235
1785753675.021934 BNO_CORE_EVENT kind=2 report_seq=97 uart_sequence=23926 sensor_raw=4294963696 sensor_converted=4294963696 xiao_rx=240252641 queue_push=240252649 core_rx=34403906
1785753675.023449 BNO_CORE_EVENT kind=3 report_seq=48 uart_sequence=23927 sensor_raw=4294963696 sensor_converted=4294963696 xiao_rx=240252675 queue_push=240252677 core_rx=34405062
1785753675.026481 BNO_CORE_EVENT kind=1 report_seq=190 uart_sequence=23930 sensor_raw=4294951096 sensor_converted=4294951096 xiao_rx=240261440 queue_push=240261447 core_rx=34417396
1785753675.029855 BNO_CORE_EVENT kind=2 report_seq=98 uart_sequence=23931 sensor_raw=4294957396 sensor_converted=4294957396 xiao_rx=240261472 queue_push=240261474 core_rx=34420013
1785753675.032545 BNO_CORE_EVENT kind=5 report_seq=48 uart_sequence=23932 sensor_raw=4294957396 sensor_converted=4294957396 xiao_rx=240261481 queue_push=240261483 core_rx=34421316
1785753675.034163 BNO_CORE_EVENT kind=1 report_seq=191 uart_sequence=23933 sensor_raw=4294959096 sensor_converted=4294959096 xiao_rx=240261490 queue_push=240261491 core_rx=34422486
1785753675.035770 BNO_CORE_EVENT kind=2 report_seq=99 uart_sequence=23934 sensor_raw=4294958396 sensor_converted=4294958396 xiao_rx=240268349 queue_push=240268351 core_rx=34425127
1785753675.039012 BNO_CORE_EVENT kind=3 report_seq=49 uart_sequence=23935 sensor_raw=4294958396 sensor_converted=4294958396 xiao_rx=240268361 queue_push=240268363 core_rx=34426390
1785753675.040620 BNO_CORE_EVENT kind=1 report_seq=192 uart_sequence=23936 sensor_raw=4294958396 sensor_converted=4294958396 xiao_rx=240268369 queue_push=240268371 core_rx=34427478
1785753675.042237 BNO_CORE_EVENT kind=4 report_seq=25 uart_sequence=23937 sensor_raw=4294958496 sensor_converted=4294958496 xiao_rx=240268379 queue_push=240268381 core_rx=34428544
1785753675.045363 BNO_CORE_EVENT kind=1 report_seq=193 uart_sequence=23938 sensor_raw=4294966196 sensor_converted=4294966196 xiao_rx=240268388 queue_push=240268389 core_rx=34429607
1785753675.047710 BNO_CORE_EVENT kind=2 report_seq=100 uart_sequence=23941 sensor_raw=4294961496 sensor_converted=4294961496 xiao_rx=240283771 queue_push=240283779 core_rx=34436320
1785753675.049312 BNO_CORE_EVENT kind=5 report_seq=49 uart_sequence=23942 sensor_raw=4294961496 sensor_converted=4294961496 xiao_rx=240283805 queue_push=240283806 core_rx=34437593
1785753675.052567 BNO_CORE_EVENT kind=1 report_seq=194 uart_sequence=23943 sensor_raw=4294951596 sensor_converted=4294951596 xiao_rx=240290650 queue_push=240290657 core_rx=34445332
1785753675.054213 BNO_CORE_EVENT kind=2 report_seq=101 uart_sequence=23944 sensor_raw=4294956096 sensor_converted=4294956096 xiao_rx=240290683 queue_push=240290686 core_rx=34447535
1785753675.055831 BNO_CORE_EVENT kind=3 report_seq=50 uart_sequence=23945 sensor_raw=4294956096 sensor_converted=4294956096 xiao_rx=240290721 queue_push=240290723 core_rx=34448867
1785753675.059073 BNO_CORE_EVENT kind=1 report_seq=195 uart_sequence=23946 sensor_raw=4294959596 sensor_converted=4294959596 xiao_rx=240290729 queue_push=240290731 core_rx=34449943
1785753675.060916 BNO_CORE_EVENT kind=2 report_seq=102 uart_sequence=23947 sensor_raw=4294959096 sensor_converted=4294959096 xiao_rx=240296295 queue_push=240296297 core_rx=34452056
1785753675.064081 BNO_CORE_EVENT kind=5 report_seq=50 uart_sequence=23948 sensor_raw=4294959096 sensor_converted=4294959096 xiao_rx=240296308 queue_push=240296310 core_rx=34453183
1785753675.065913 BNO_CORE_EVENT kind=1 report_seq=196 uart_sequence=23949 sensor_raw=4294960696 sensor_converted=4294960696 xiao_rx=240296316 queue_push=240296318 core_rx=34454290
1785753675.067525 BNO_CORE_EVENT kind=1 report_seq=197 uart_sequence=23951 sensor_raw=4294963696 sensor_converted=4294963696 xiao_rx=240307867 queue_push=240307874 core_rx=34462314
1785753675.070766 BNO_CORE_EVENT kind=2 report_seq=103 uart_sequence=23952 sensor_raw=4294963696 sensor_converted=4294963696 xiao_rx=240307900 queue_push=240307903 core_rx=34465453
1785753675.072386 BNO_CORE_EVENT kind=3 report_seq=51 uart_sequence=23953 sensor_raw=4294963696 sensor_converted=4294963696 xiao_rx=240307914 queue_push=240307915 core_rx=34466655
1785753675.074022 BNO_CORE_EVENT kind=4 report_seq=26 uart_sequence=23954 sensor_raw=4294953096 sensor_converted=4294953096 xiao_rx=240313252 queue_push=240313255 core_rx=34467754
1785753675.077272 BNO_CORE_EVENT kind=1 report_seq=198 uart_sequence=23955 sensor_raw=4294960696 sensor_converted=4294960696 xiao_rx=240313264 queue_push=240313265 core_rx=34468843
1785753675.079940 BNO_CORE_EVENT kind=2 report_seq=104 uart_sequence=23956 sensor_raw=4294962896 sensor_converted=4294962896 xiao_rx=240313273 queue_push=240313275 core_rx=34471062
1785753675.081544 BNO_CORE_EVENT kind=5 report_seq=51 uart_sequence=23957 sensor_raw=4294962896 sensor_converted=4294962896 xiao_rx=240313282 queue_push=240313284 core_rx=34472201
1785753675.083152 BNO_CORE_EVENT kind=1 report_seq=199 uart_sequence=23960 sensor_raw=4294961496 sensor_converted=4294961496 xiao_rx=240324658 queue_push=240324665 core_rx=34478320
1785753675.086385 BNO_CORE_EVENT kind=2 report_seq=105 uart_sequence=23961 sensor_raw=4294955096 sensor_converted=4294955096 xiao_rx=240329167 queue_push=240329170 core_rx=34481284
1785753675.087995 BNO_CORE_EVENT kind=3 report_seq=52 uart_sequence=23962 sensor_raw=4294955096 sensor_converted=4294955096 xiao_rx=240329182 queue_push=240329184 core_rx=34482410
1785753675.089609 BNO_CORE_EVENT kind=1 report_seq=200 uart_sequence=23963 sensor_raw=4294958296 sensor_converted=4294958296 xiao_rx=240329190 queue_push=240329192 core_rx=34483484
1785753675.094092 BNO_CORE_EVENT kind=2 report_seq=106 uart_sequence=23966 sensor_raw=4294960896 sensor_converted=4294960896 xiao_rx=240337661 queue_push=240337669 core_rx=34496323
1785753675.097763 BNO_CORE_EVENT kind=5 report_seq=52 uart_sequence=23967 sensor_raw=4294960896 sensor_converted=4294960896 xiao_rx=240337690 queue_push=240337692 core_rx=34498979
1785753675.099367 BNO_CORE_EVENT kind=1 report_seq=201 uart_sequence=23968 sensor_raw=4294961796 sensor_converted=4294961796 xiao_rx=240337720 queue_push=240337721 core_rx=34500146
1785753675.100978 BNO_CORE_EVENT kind=1 report_seq=202 uart_sequence=23969 sensor_raw=4294961696 sensor_converted=4294961696 xiao_rx=240344433 queue_push=240344436 core_rx=34501242
1785753675.104224 BNO_CORE_EVENT kind=2 report_seq=107 uart_sequence=23970 sensor_raw=4294962196 sensor_converted=4294962196 xiao_rx=240344459 queue_push=240344463 core_rx=34502339
1785753675.105858 BNO_CORE_EVENT kind=3 report_seq=53 uart_sequence=23971 sensor_raw=4294962196 sensor_converted=4294962196 xiao_rx=240344475 queue_push=240344477 core_rx=34504281
1785753675.107476 BNO_CORE_EVENT kind=4 report_seq=27 uart_sequence=23972 sensor_raw=4294962596 sensor_converted=4294962596 xiao_rx=240344484 queue_push=240344486 core_rx=34505557
1785753675.110849 BNO_CORE_EVENT kind=1 report_seq=203 uart_sequence=23973 sensor_raw=4294962596 sensor_converted=4294962596 xiao_rx=240346924 queue_push=240346928 core_rx=34506630
1785753675.113611 BNO_CORE_EVENT kind=2 report_seq=108 uart_sequence=23976 sensor_raw=4294962796 sensor_converted=4294962796 xiao_rx=240358727 queue_push=240358735 core_rx=34515332
1785753675.115161 BNO_CORE_EVENT kind=5 report_seq=53 uart_sequence=23977 sensor_raw=4294962796 sensor_converted=4294962796 xiao_rx=240358763 queue_push=240358764 core_rx=34517970
1785753675.118200 BNO_CORE_EVENT kind=1 report_seq=204 uart_sequence=23978 sensor_raw=4294956496 sensor_converted=4294956496 xiao_rx=240365403 queue_push=240365405 core_rx=34519138
1785753675.119716 BNO_CORE_EVENT kind=2 report_seq=109 uart_sequence=23979 sensor_raw=4294961396 sensor_converted=4294961396 xiao_rx=240365411 queue_push=240365413 core_rx=34520241
1785753675.122746 BNO_CORE_EVENT kind=3 report_seq=54 uart_sequence=23980 sensor_raw=4294961396 sensor_converted=4294961396 xiao_rx=240365424 queue_push=240365425 core_rx=34521510
1785753675.124263 BNO_CORE_EVENT kind=1 report_seq=205 uart_sequence=23981 sensor_raw=4294963996 sensor_converted=4294963996 xiao_rx=240365432 queue_push=240365433 core_rx=34523347
1785753675.125779 BNO_CORE_EVENT kind=2 report_seq=110 uart_sequence=23984 sensor_raw=4294964396 sensor_converted=4294964396 xiao_rx=240377781 queue_push=240377789 core_rx=34530298
1785753675.129727 BNO_CORE_EVENT kind=5 report_seq=54 uart_sequence=23985 sensor_raw=4294952096 sensor_converted=4294952096 xiao_rx=240386432 queue_push=240386439 core_rx=34540325
1785753675.132410 BNO_CORE_EVENT kind=1 report_seq=206 uart_sequence=23986 sensor_raw=4294952796 sensor_converted=4294952796 xiao_rx=240386464 queue_push=240386465 core_rx=34542985
1785753675.134016 BNO_CORE_EVENT kind=1 report_seq=207 uart_sequence=23987 sensor_raw=4294961096 sensor_converted=4294961096 xiao_rx=240386472 queue_push=240386474 core_rx=34544255
1785753675.135629 BNO_CORE_EVENT kind=2 report_seq=111 uart_sequence=23988 sensor_raw=4294962496 sensor_converted=4294962496 xiao_rx=240386484 queue_push=240386487 core_rx=34545357
1785753675.138854 BNO_CORE_EVENT kind=3 report_seq=55 uart_sequence=23989 sensor_raw=4294962496 sensor_converted=4294962496 xiao_rx=240386498 queue_push=240386500 core_rx=34546472
1785753675.140474 BNO_CORE_EVENT kind=4 report_seq=28 uart_sequence=23990 sensor_raw=4294962496 sensor_converted=4294962496 xiao_rx=240386509 queue_push=240386510 core_rx=34548747
1785753675.142088 BNO_CORE_EVENT kind=1 report_seq=208 uart_sequence=23991 sensor_raw=4294960196 sensor_converted=4294960196 xiao_rx=240391410 queue_push=240391412 core_rx=34549958
1785753675.145090 BNO_CORE_EVENT kind=2 report_seq=112 uart_sequence=23992 sensor_raw=4294963296 sensor_converted=4294963296 xiao_rx=240391424 queue_push=240391425 core_rx=34551081
1785753675.147656 BNO_CORE_EVENT kind=5 report_seq=55 uart_sequence=23993 sensor_raw=4294963296 sensor_converted=4294963296 xiao_rx=240391433 queue_push=240391435 core_rx=34552162
1785753675.149250 BNO_CORE_EVENT kind=1 report_seq=209 uart_sequence=23995 sensor_raw=4294963096 sensor_converted=4294963096 xiao_rx=240403149 queue_push=240403154 core_rx=34555310
1785753675.152463 BNO_CORE_EVENT kind=2 report_seq=113 uart_sequence=23997 sensor_raw=4294956996 sensor_converted=4294956996 xiao_rx=240408286 queue_push=240408293 core_rx=34563347
1785753675.154073 BNO_CORE_EVENT kind=3 report_seq=56 uart_sequence=23998 sensor_raw=4294956996 sensor_converted=4294956996 xiao_rx=240408319 queue_push=240408320 core_rx=34566025
1785753675.155685 BNO_CORE_EVENT kind=1 report_seq=210 uart_sequence=23999 sensor_raw=4294958996 sensor_converted=4294958996 xiao_rx=240408330 queue_push=240408332 core_rx=34567311
1785753675.158909 BNO_CORE_EVENT kind=2 report_seq=114 uart_sequence=24000 sensor_raw=4294961496 sensor_converted=4294961496 xiao_rx=240413901 queue_push=240413903 core_rx=34568372
1785753675.161587 BNO_CORE_EVENT kind=5 report_seq=56 uart_sequence=24001 sensor_raw=4294961496 sensor_converted=4294961496 xiao_rx=240413914 queue_push=240413915 core_rx=34569454
1785753675.163344 BNO_CORE_EVENT kind=1 report_seq=211 uart_sequence=24002 sensor_raw=4294961796 sensor_converted=4294961796 xiao_rx=240413923 queue_push=240413924 core_rx=34571793
1785753675.166522 BNO_CORE_EVENT kind=1 report_seq=212 uart_sequence=24004 sensor_raw=4294964096 sensor_converted=4294964096 xiao_rx=240423437 queue_push=240423444 core_rx=34573730
1785753675.168129 BNO_CORE_EVENT kind=4 report_seq=29 uart_sequence=24006 sensor_raw=4294955896 sensor_converted=4294955896 xiao_rx=240430688 queue_push=240430717 core_rx=34585339
1785753675.169742 BNO_CORE_EVENT kind=2 report_seq=115 uart_sequence=24007 sensor_raw=4294955896 sensor_converted=4294955896 xiao_rx=240430736 queue_push=240430738 core_rx=34588013
1785753675.172957 BNO_CORE_EVENT kind=3 report_seq=57 uart_sequence=24009 sensor_raw=4294955896 sensor_converted=4294955896 xiao_rx=240430750 queue_push=240430751 core_rx=34592773
1785753675.174582 BNO_CORE_EVENT kind=1 report_seq=213 uart_sequence=24010 sensor_raw=4294962396 sensor_converted=4294962396 xiao_rx=240430758 queue_push=240430759 core_rx=34594024
1785753675.176198 BNO_CORE_EVENT kind=2 report_seq=116 uart_sequence=24011 sensor_raw=4294959096 sensor_converted=4294959096 xiao_rx=240436352 queue_push=240436354 core_rx=34595157
1785753675.179269 BNO_CORE_EVENT kind=5 report_seq=57 uart_sequence=24012 sensor_raw=4294959096 sensor_converted=4294959096 xiao_rx=240436361 queue_push=240436363 core_rx=34596228
1785753675.182151 BNO_CORE_EVENT kind=1 report_seq=214 uart_sequence=24013 sensor_raw=4294963096 sensor_converted=4294963096 xiao_rx=240436370 queue_push=240436372 core_rx=34597299
1785753675.183669 BNO_CORE_EVENT kind=2 report_seq=117 uart_sequence=24015 sensor_raw=4294963696 sensor_converted=4294963696 xiao_rx=240448393 queue_push=240448401 core_rx=34603301
1785753675.185194 BNO_CORE_EVENT kind=3 report_seq=58 uart_sequence=24016 sensor_raw=4294963696 sensor_converted=4294963696 xiao_rx=240448430 queue_push=240448432 core_rx=34606339
1785753675.188412 BNO_CORE_EVENT kind=1 report_seq=215 uart_sequence=24017 sensor_raw=4294953296 sensor_converted=4294953296 xiao_rx=240454944 queue_push=240454945 core_rx=34607569
1785753675.190022 BNO_CORE_EVENT kind=1 report_seq=216 uart_sequence=24018 sensor_raw=4294961596 sensor_converted=4294961596 xiao_rx=240454954 queue_push=240454956 core_rx=34609637
1785753675.191631 BNO_CORE_EVENT kind=2 report_seq=118 uart_sequence=24019 sensor_raw=4294961596 sensor_converted=4294961596 xiao_rx=240454964 queue_push=240454966 core_rx=34610858
1785753675.194674 BNO_CORE_EVENT kind=5 report_seq=58 uart_sequence=24020 sensor_raw=4294961596 sensor_converted=4294961596 xiao_rx=240454974 queue_push=240454976 core_rx=34611935
1785753675.197809 BNO_CORE_EVENT kind=1 report_seq=217 uart_sequence=24025 sensor_raw=4294962796 sensor_converted=4294962796 xiao_rx=240466411 queue_push=240466421 core_rx=34625346
1785753675.199437 BNO_CORE_EVENT kind=2 report_seq=119 uart_sequence=24026 sensor_raw=4294964796 sensor_converted=4294964796 xiao_rx=240466454 queue_push=240466457 core_rx=34627962
1785753675.202652 BNO_CORE_EVENT kind=3 report_seq=59 uart_sequence=24027 sensor_raw=4294953296 sensor_converted=4294953296 xiao_rx=240471849 queue_push=240471856 core_rx=34629162
1785753675.204280 BNO_CORE_EVENT kind=4 report_seq=30 uart_sequence=24028 sensor_raw=4294953596 sensor_converted=4294953596 xiao_rx=240471873 queue_push=240471875 core_rx=34630259
1785753675.206103 BNO_CORE_EVENT kind=1 report_seq=218 uart_sequence=24029 sensor_raw=4294959396 sensor_converted=4294959396 xiao_rx=240471881 queue_push=240471883 core_rx=34631362
1785753675.209340 BNO_CORE_EVENT kind=2 report_seq=120 uart_sequence=24030 sensor_raw=4294963696 sensor_converted=4294963696 xiao_rx=240471890 queue_push=240471892 core_rx=34633350
1785753675.211732 BNO_CORE_EVENT kind=5 report_seq=59 uart_sequence=24031 sensor_raw=4294958396 sensor_converted=4294958396 xiao_rx=240475834 queue_push=240475838 core_rx=34634617
1785753675.213736 BNO_CORE_EVENT kind=1 report_seq=219 uart_sequence=24032 sensor_raw=4294961596 sensor_converted=4294961596 xiao_rx=240475848 queue_push=240475849 core_rx=34635683
1785753675.215340 BNO_CORE_EVENT kind=2 report_seq=121 uart_sequence=24034 sensor_raw=4294964196 sensor_converted=4294964196 xiao_rx=240488291 queue_push=240488300 core_rx=34644332
1785753675.218560 BNO_CORE_EVENT kind=3 report_seq=60 uart_sequence=24035 sensor_raw=4294964196 sensor_converted=4294964196 xiao_rx=240488328 queue_push=240488330 core_rx=34646979
1785753675.220172 BNO_CORE_EVENT kind=1 report_seq=220 uart_sequence=24036 sensor_raw=4294952996 sensor_converted=4294952996 xiao_rx=240494843 queue_push=240494844 core_rx=34648125
1785753675.221783 BNO_CORE_EVENT kind=1 report_seq=221 uart_sequence=24037 sensor_raw=4294961196 sensor_converted=4294961196 xiao_rx=240494853 queue_push=240494855 core_rx=34649189
1785753675.225026 BNO_CORE_EVENT kind=2 report_seq=122 uart_sequence=24038 sensor_raw=4294961396 sensor_converted=4294961396 xiao_rx=240494862 queue_push=240494864 core_rx=34650263
1785753675.226648 BNO_CORE_EVENT kind=5 report_seq=60 uart_sequence=24039 sensor_raw=4294961396 sensor_converted=4294961396 xiao_rx=240494871 queue_push=240494873 core_rx=34652763
1785753675.229392 BNO_CORE_EVENT kind=1 report_seq=222 uart_sequence=24041 sensor_raw=4294962796 sensor_converted=4294962796 xiao_rx=240505222 queue_push=240505232 core_rx=34659339
1785753675.231007 BNO_CORE_EVENT kind=4 report_seq=31 uart_sequence=24042 sensor_raw=4294964796 sensor_converted=4294964796 xiao_rx=240505269 queue_push=240505272 core_rx=34661980
1785753675.234257 BNO_CORE_EVENT kind=2 report_seq=123 uart_sequence=24043 sensor_raw=4294954696 sensor_converted=4294954696 xiao_rx=240509694 queue_push=240509717 core_rx=34663113
1785753675.235870 BNO_CORE_EVENT kind=3 report_seq=61 uart_sequence=24044 sensor_raw=4294954696 sensor_converted=4294954696 xiao_rx=240509731 queue_push=240509733 core_rx=34664185
1785753675.237480 BNO_CORE_EVENT kind=1 report_seq=223 uart_sequence=24045 sensor_raw=4294960296 sensor_converted=4294960296 xiao_rx=240509739 queue_push=240509741 core_rx=34665250
1785753675.240711 BNO_CORE_EVENT kind=2 report_seq=124 uart_sequence=24047 sensor_raw=4294959996 sensor_converted=4294959996 xiao_rx=240519283 queue_push=240519291 core_rx=34674325
1785753675.242322 BNO_CORE_EVENT kind=5 report_seq=61 uart_sequence=24048 sensor_raw=4294959996 sensor_converted=4294959996 xiao_rx=240519316 queue_push=240519317 core_rx=34677475
1785753675.243937 BNO_CORE_EVENT kind=1 report_seq=224 uart_sequence=24049 sensor_raw=4294963096 sensor_converted=4294963096 xiao_rx=240519324 queue_push=240519325 core_rx=34678633
1785753675.246753 BNO_CORE_EVENT kind=2 report_seq=125 uart_sequence=24050 sensor_raw=4294960896 sensor_converted=4294960896 xiao_rx=240525074 queue_push=240525078 core_rx=34679749
1785753675.248390 BNO_CORE_EVENT kind=3 report_seq=62 uart_sequence=24051 sensor_raw=4294960896 sensor_converted=4294960896 xiao_rx=240525092 queue_push=240525094 core_rx=34680826
1785753675.251606 BNO_CORE_EVENT kind=1 report_seq=225 uart_sequence=24052 sensor_raw=4294961596 sensor_converted=4294961596 xiao_rx=240525101 queue_push=240525103 core_rx=34683057
1785753675.253241 BNO_CORE_EVENT kind=1 report_seq=226 uart_sequence=24054 sensor_raw=4294963696 sensor_converted=4294963696 xiao_rx=240535769 queue_push=240535774 core_rx=34686996
1785753675.254863 BNO_CORE_EVENT kind=2 report_seq=126 uart_sequence=24056 sensor_raw=4294964596 sensor_converted=4294964596 xiao_rx=240535794 queue_push=240535798 core_rx=34692020
1785753675.258119 BNO_CORE_EVENT kind=5 report_seq=62 uart_sequence=24058 sensor_raw=4294953996 sensor_converted=4294953996 xiao_rx=240546253 queue_push=240546260 core_rx=34701331
1785753675.259721 BNO_CORE_EVENT kind=1 report_seq=227 uart_sequence=24059 sensor_raw=4294961396 sensor_converted=4294961396 xiao_rx=240546286 queue_push=240546288 core_rx=34703533
1785753675.263302 BNO_CORE_EVENT kind=2 report_seq=127 uart_sequence=24060 sensor_raw=4294964196 sensor_converted=4294964196 xiao_rx=240546298 queue_push=240546301 core_rx=34704854
1785753675.265475 BNO_CORE_EVENT kind=3 report_seq=63 uart_sequence=24061 sensor_raw=4294964196 sensor_converted=4294964196 xiao_rx=240546312 queue_push=240546314 core_rx=34705951
1785753675.267107 BNO_CORE_EVENT kind=4 report_seq=32 uart_sequence=24062 sensor_raw=4294953596 sensor_converted=4294953596 xiao_rx=240552168 queue_push=240552171 core_rx=34708101
1785753675.268721 BNO_CORE_EVENT kind=1 report_seq=228 uart_sequence=24063 sensor_raw=4294958896 sensor_converted=4294958896 xiao_rx=240552180 queue_push=240552182 core_rx=34709243
1785753675.271955 BNO_CORE_EVENT kind=2 report_seq=128 uart_sequence=24064 sensor_raw=4294963396 sensor_converted=4294963396 xiao_rx=240552190 queue_push=240552191 core_rx=34710309
1785753675.273571 BNO_CORE_EVENT kind=5 report_seq=63 uart_sequence=24065 sensor_raw=4294963396 sensor_converted=4294963396 xiao_rx=240552198 queue_push=240552200 core_rx=34711381
1785753675.275189 BNO_CORE_EVENT kind=1 report_seq=229 uart_sequence=24068 sensor_raw=4294960396 sensor_converted=4294960396 xiao_rx=240563764 queue_push=240563769 core_rx=34715768
1785753675.278709 BNO_CORE_EVENT kind=2 report_seq=129 uart_sequence=24071 sensor_raw=4294955796 sensor_converted=4294955796 xiao_rx=240570848 queue_push=240570854 core_rx=34726341
1785753675.281319 BNO_CORE_EVENT kind=3 report_seq=64 uart_sequence=24072 sensor_raw=4294955796 sensor_converted=4294955796 xiao_rx=240570882 queue_push=240570884 core_rx=34729005
1785753675.282930 BNO_CORE_EVENT kind=1 report_seq=230 uart_sequence=24073 sensor_raw=4294956496 sensor_converted=4294956496 xiao_rx=240570893 queue_push=240570895 core_rx=34730274
1785753675.286156 BNO_CORE_EVENT kind=1 report_seq=231 uart_sequence=24074 sensor_raw=4294964796 sensor_converted=4294964796 xiao_rx=240570901 queue_push=240570903 core_rx=34731376
1785753675.287768 BNO_CORE_EVENT kind=2 report_seq=130 uart_sequence=24075 sensor_raw=4294959096 sensor_converted=4294959096 xiao_rx=240576310 queue_push=240576313 core_rx=34732466
1785753675.289385 BNO_CORE_EVENT kind=5 report_seq=64 uart_sequence=24076 sensor_raw=4294959096 sensor_converted=4294959096 xiao_rx=240576325 queue_push=240576327 core_rx=34734760
1785753675.292614 BNO_CORE_EVENT kind=1 report_seq=232 uart_sequence=24077 sensor_raw=4294965496 sensor_converted=4294965496 xiao_rx=240576333 queue_push=240576335 core_rx=34736007
1785753675.295057 BNO_CORE_EVENT kind=2 report_seq=131 uart_sequence=24079 sensor_raw=4294963696 sensor_converted=4294963696 xiao_rx=240588344 queue_push=240588352 core_rx=34745336
1785753675.297041 BNO_CORE_EVENT kind=3 report_seq=65 uart_sequence=24080 sensor_raw=4294963696 sensor_converted=4294963696 xiao_rx=240588381 queue_push=240588383 core_rx=34748037
1785753675.298667 BNO_CORE_EVENT kind=4 report_seq=33 uart_sequence=24081 sensor_raw=4294951596 sensor_converted=4294951596 xiao_rx=240595763 queue_push=240595764 core_rx=34749320
1785753675.301885 BNO_CORE_EVENT kind=1 report_seq=233 uart_sequence=24082 sensor_raw=4294955596 sensor_converted=4294955596 xiao_rx=240595776 queue_push=240595778 core_rx=34750418
1785753675.303497 BNO_CORE_EVENT kind=2 report_seq=132 uart_sequence=24083 sensor_raw=4294961596 sensor_converted=4294961596 xiao_rx=240595785 queue_push=240595787 core_rx=34751521
1785753675.305119 BNO_CORE_EVENT kind=5 report_seq=65 uart_sequence=24084 sensor_raw=4294961596 sensor_converted=4294961596 xiao_rx=240595794 queue_push=240595796 core_rx=34753741
1785753675.308360 BNO_CORE_EVENT kind=1 report_seq=234 uart_sequence=24085 sensor_raw=4294963596 sensor_converted=4294963596 xiao_rx=240595803 queue_push=240595804 core_rx=34754923
1785753675.309977 BNO_CORE_EVENT kind=2 report_seq=133 uart_sequence=24087 sensor_raw=4294964196 sensor_converted=4294964196 xiao_rx=240607271 queue_push=240607279 core_rx=34763360
1785753675.314055 BNO_CORE_EVENT kind=3 report_seq=66 uart_sequence=24088 sensor_raw=4294964196 sensor_converted=4294964196 xiao_rx=240607309 queue_push=240607310 core_rx=34765948
1785753675.316087 BNO_CORE_EVENT kind=1 report_seq=235 uart_sequence=24089 sensor_raw=4294952696 sensor_converted=4294952696 xiao_rx=240613095 queue_push=240613096 core_rx=34767115
1785753675.319143 BNO_CORE_EVENT kind=1 report_seq=236 uart_sequence=24090 sensor_raw=4294960996 sensor_converted=4294960996 xiao_rx=240613104 queue_push=240613106 core_rx=34768195
1785753675.320659 BNO_CORE_EVENT kind=2 report_seq=134 uart_sequence=24091 sensor_raw=4294962296 sensor_converted=4294962296 xiao_rx=240613113 queue_push=240613116 core_rx=34769269
1785753675.323690 BNO_CORE_EVENT kind=5 report_seq=66 uart_sequence=24092 sensor_raw=4294962296 sensor_converted=4294962296 xiao_rx=240613124 queue_push=240613125 core_rx=34771757
1785753675.325205 BNO_CORE_EVENT kind=1 report_seq=237 uart_sequence=24094 sensor_raw=4294962796 sensor_converted=4294962796 xiao_rx=240623443 queue_push=240623450 core_rx=34773890
1785753675.328241 BNO_CORE_EVENT kind=4 report_seq=34 uart_sequence=24098 sensor_raw=4294955696 sensor_converted=4294955696 xiao_rx=240630087 queue_push=240630093 core_rx=34794323
1785753675.331241 BNO_CORE_EVENT kind=2 report_seq=135 uart_sequence=24099 sensor_raw=4294955796 sensor_converted=4294955796 xiao_rx=240630111 queue_push=240630113 core_rx=34796970
1785753675.332850 BNO_CORE_EVENT kind=3 report_seq=67 uart_sequence=24100 sensor_raw=4294955796 sensor_converted=4294955796 xiao_rx=240630125 queue_push=240630127 core_rx=34798141
1785753675.334462 BNO_CORE_EVENT kind=1 report_seq=238 uart_sequence=24101 sensor_raw=4294959896 sensor_converted=4294959896 xiao_rx=240630135 queue_push=240630136 core_rx=34799236
1785753675.337685 BNO_CORE_EVENT kind=2 report_seq=136 uart_sequence=24102 sensor_raw=4294959696 sensor_converted=4294959696 xiao_rx=240636832 queue_push=240636836 core_rx=34800634
1785753675.339295 BNO_CORE_EVENT kind=5 report_seq=67 uart_sequence=24103 sensor_raw=4294959696 sensor_converted=4294959696 xiao_rx=240636852 queue_push=240636854 core_rx=34801806
1785753675.340915 BNO_CORE_EVENT kind=1 report_seq=239 uart_sequence=24104 sensor_raw=4294961496 sensor_converted=4294961496 xiao_rx=240636860 queue_push=240636862 core_rx=34802875
1785753675.344151 BNO_CORE_EVENT kind=1 report_seq=240 uart_sequence=24105 sensor_raw=4294963896 sensor_converted=4294963896 xiao_rx=240642077 queue_push=240642084 core_rx=34803982
1785753675.347045 BNO_CORE_EVENT kind=2 report_seq=137 uart_sequence=24106 sensor_raw=4294963996 sensor_converted=4294963996 xiao_rx=240642110 queue_push=240642113 core_rx=34805367
1785753675.348665 BNO_CORE_EVENT kind=3 report_seq=68 uart_sequence=24107 sensor_raw=4294963996 sensor_converted=4294963996 xiao_rx=240642120 queue_push=240642122 core_rx=34806526
1785753675.350271 BNO_CORE_EVENT kind=1 report_seq=241 uart_sequence=24108 sensor_raw=4294965296 sensor_converted=4294965296 xiao_rx=240645225 queue_push=240645228 core_rx=34807641
1785753675.353493 BNO_CORE_EVENT kind=2 report_seq=138 uart_sequence=24111 sensor_raw=4294964796 sensor_converted=4294964796 xiao_rx=240659011 queue_push=240659019 core_rx=34812329
1785753675.355117 BNO_CORE_EVENT kind=5 report_seq=68 uart_sequence=24114 sensor_raw=4294951196 sensor_converted=4294951196 xiao_rx=240669889 queue_push=240669896 core_rx=34824318
1785753675.358339 BNO_CORE_EVENT kind=1 report_seq=242 uart_sequence=24115 sensor_raw=4294956796 sensor_converted=4294956796 xiao_rx=240669917 queue_push=240669919 core_rx=34827042
1785753675.359956 BNO_CORE_EVENT kind=2 report_seq=139 uart_sequence=24116 sensor_raw=4294961096 sensor_converted=4294961096 xiao_rx=240669929 queue_push=240669932 core_rx=34828306
1785753675.362632 BNO_CORE_EVENT kind=3 report_seq=69 uart_sequence=24117 sensor_raw=4294961096 sensor_converted=4294961096 xiao_rx=240669943 queue_push=240669945 core_rx=34830368
1785753675.364231 BNO_CORE_EVENT kind=4 report_seq=35 uart_sequence=24118 sensor_raw=4294961096 sensor_converted=4294961096 xiao_rx=240669953 queue_push=240669955 core_rx=34831590
1785753675.367437 BNO_CORE_EVENT kind=1 report_seq=243 uart_sequence=24119 sensor_raw=4294964196 sensor_converted=4294964196 xiao_rx=240669961 queue_push=240669963 core_rx=34833274
1785753675.369067 BNO_CORE_EVENT kind=2 report_seq=140 uart_sequence=24120 sensor_raw=4294960796 sensor_converted=4294960796 xiao_rx=240675317 queue_push=240675319 core_rx=34834529
1785753675.370681 BNO_CORE_EVENT kind=5 report_seq=69 uart_sequence=24121 sensor_raw=4294960796 sensor_converted=4294960796 xiao_rx=240675331 queue_push=240675333 core_rx=34835602
1785753675.373908 BNO_CORE_EVENT kind=1 report_seq=244 uart_sequence=24122 sensor_raw=4294961796 sensor_converted=4294961796 xiao_rx=240675342 queue_push=240675343 core_rx=34836665
1785753675.375528 BNO_CORE_EVENT kind=1 report_seq=245 uart_sequence=24124 sensor_raw=4294963696 sensor_converted=4294963696 xiao_rx=240688075 queue_push=240688082 core_rx=34841294
1785753675.378628 BNO_CORE_EVENT kind=2 report_seq=141 uart_sequence=24125 sensor_raw=4294964396 sensor_converted=4294964396 xiao_rx=240688107 queue_push=240688110 core_rx=34844353
1785753675.380396 BNO_CORE_EVENT kind=3 report_seq=70 uart_sequence=24126 sensor_raw=4294964396 sensor_converted=4294964396 xiao_rx=240688121 queue_push=240688122 core_rx=34845600
1785753675.383611 BNO_CORE_EVENT kind=1 report_seq=246 uart_sequence=24127 sensor_raw=4294959396 sensor_converted=4294959396 xiao_rx=240693064 queue_push=240693066 core_rx=34847111
1785753675.385240 BNO_CORE_EVENT kind=2 report_seq=142 uart_sequence=24128 sensor_raw=4294961996 sensor_converted=4294961996 xiao_rx=240693073 queue_push=240693074 core_rx=34848237
1785753675.388456 BNO_CORE_EVENT kind=5 report_seq=70 uart_sequence=24129 sensor_raw=4294961996 sensor_converted=4294961996 xiao_rx=240693083 queue_push=240693084 core_rx=34849340
1785753675.390072 BNO_CORE_EVENT kind=1 report_seq=247 uart_sequence=24131 sensor_raw=4294961896 sensor_converted=4294961896 xiao_rx=240701515 queue_push=240701522 core_rx=34853630
1785753675.391683 BNO_CORE_EVENT kind=2 report_seq=143 uart_sequence=24133 sensor_raw=4294958196 sensor_converted=4294958196 xiao_rx=240711129 queue_push=240711136 core_rx=34864311
1785753675.394672 BNO_CORE_EVENT kind=3 report_seq=71 uart_sequence=24134 sensor_raw=4294958196 sensor_converted=4294958196 xiao_rx=240711155 queue_push=240711157 core_rx=34867335
1785753675.397822 BNO_CORE_EVENT kind=4 report_seq=36 uart_sequence=24135 sensor_raw=4294958296 sensor_converted=4294958296 xiao_rx=240711164 queue_push=240711166 core_rx=34868594
1785753675.399436 BNO_CORE_EVENT kind=1 report_seq=248 uart_sequence=24136 sensor_raw=4294961296 sensor_converted=4294961296 xiao_rx=240711176 queue_push=240711178 core_rx=34870610
1785753675.401043 BNO_CORE_EVENT kind=2 report_seq=144 uart_sequence=24137 sensor_raw=4294959096 sensor_converted=4294959096 xiao_rx=240716076 queue_push=240716078 core_rx=34871754
1785753675.404274 BNO_CORE_EVENT kind=5 report_seq=71 uart_sequence=24138 sensor_raw=4294959096 sensor_converted=4294959096 xiao_rx=240716091 queue_push=240716093 core_rx=34872816
1785753675.405899 BNO_CORE_EVENT kind=1 report_seq=249 uart_sequence=24139 sensor_raw=4294959596 sensor_converted=4294959596 xiao_rx=240716099 queue_push=240716101 core_rx=34873883
1785753675.407516 BNO_CORE_EVENT kind=1 report_seq=250 uart_sequence=24140 sensor_raw=4294963096 sensor_converted=4294963096 xiao_rx=240726759 queue_push=240726766 core_rx=34881325
1785753675.411008 BNO_CORE_EVENT kind=2 report_seq=145 uart_sequence=24141 sensor_raw=4294963396 sensor_converted=4294963396 xiao_rx=240726787 queue_push=240726789 core_rx=34883972
1785753675.413905 BNO_CORE_EVENT kind=3 report_seq=72 uart_sequence=24142 sensor_raw=4294963396 sensor_converted=4294963396 xiao_rx=240726800 queue_push=240726802 core_rx=34885126
1785753675.415541 BNO_CORE_EVENT kind=1 report_seq=251 uart_sequence=24143 sensor_raw=4294960196 sensor_converted=4294960196 xiao_rx=240731676 queue_push=240731677 core_rx=34886234
1785753675.417151 BNO_CORE_EVENT kind=2 report_seq=146 uart_sequence=24145 sensor_raw=4294962896 sensor_converted=4294962896 xiao_rx=240731684 queue_push=240731685 core_rx=34890337
1785753675.420372 BNO_CORE_EVENT kind=5 report_seq=72 uart_sequence=24146 sensor_raw=4294962896 sensor_converted=4294962896 xiao_rx=240731693 queue_push=240731715 core_rx=34891529
1785753675.421986 BNO_CORE_EVENT kind=1 report_seq=252 uart_sequence=24149 sensor_raw=4294963096 sensor_converted=4294963096 xiao_rx=240744394 queue_push=240744401 core_rx=34899328
1785753675.423608 BNO_CORE_EVENT kind=2 report_seq=147 uart_sequence=24150 sensor_raw=4294955796 sensor_converted=4294955796 xiao_rx=240749769 queue_push=240749772 core_rx=34901983
1785753675.426990 BNO_CORE_EVENT kind=3 report_seq=73 uart_sequence=24151 sensor_raw=4294955796 sensor_converted=4294955796 xiao_rx=240749785 queue_push=240749787 core_rx=34903204
1785753675.429812 BNO_CORE_EVENT kind=4 report_seq=37 uart_sequence=24152 sensor_raw=4294955796 sensor_converted=4294955796 xiao_rx=240749794 queue_push=240749796 core_rx=34904293
1785753675.431442 BNO_CORE_EVENT kind=1 report_seq=253 uart_sequence=24153 sensor_raw=4294957896 sensor_converted=4294957896 xiao_rx=240749802 queue_push=240749804 core_rx=34905368
1785753675.433046 BNO_CORE_EVENT kind=2 report_seq=148 uart_sequence=24155 sensor_raw=4294959996 sensor_converted=4294959996 xiao_rx=240758286 queue_push=240758294 core_rx=34913357
1785753675.436269 BNO_CORE_EVENT kind=5 report_seq=73 uart_sequence=24156 sensor_raw=4294959996 sensor_converted=4294959996 xiao_rx=240758321 queue_push=240758323 core_rx=34915959
1785753675.437888 BNO_CORE_EVENT kind=1 report_seq=254 uart_sequence=24157 sensor_raw=4294960496 sensor_converted=4294960496 xiao_rx=240758331 queue_push=240758332 core_rx=34917133
1785753675.439504 BNO_CORE_EVENT kind=1 report_seq=255 uart_sequence=24158 sensor_raw=4294960396 sensor_converted=4294960396 xiao_rx=240763399 queue_push=240763401 core_rx=34918243
1785753675.442794 BNO_CORE_EVENT kind=2 report_seq=149 uart_sequence=24159 sensor_raw=4294961596 sensor_converted=4294961596 xiao_rx=240763407 queue_push=240763409 core_rx=34919341
1785753675.445593 BNO_CORE_EVENT kind=3 report_seq=74 uart_sequence=24161 sensor_raw=4294961596 sensor_converted=4294961596 xiao_rx=240763420 queue_push=240763422 core_rx=34924041
1785753675.446629 BNO_CORE_EVENT kind=1 report_seq=0 uart_sequence=24164 sensor_raw=4294962596 sensor_converted=4294962596 xiao_rx=240778219 queue_push=240778227 core_rx=34929382
1785753675.449846 BNO_CORE_EVENT kind=2 report_seq=150 uart_sequence=24165 sensor_raw=4294951496 sensor_converted=4294951496 xiao_rx=240787972 queue_push=240787979 core_rx=34943352
1785753675.451462 BNO_CORE_EVENT kind=5 report_seq=74 uart_sequence=24166 sensor_raw=4294951496 sensor_converted=4294951496 xiao_rx=240788003 queue_push=240788004 core_rx=34945990
1785753675.453088 BNO_CORE_EVENT kind=1 report_seq=1 uart_sequence=24167 sensor_raw=4294956296 sensor_converted=4294956296 xiao_rx=240788011 queue_push=240788012 core_rx=34947216
1785753675.456301 BNO_CORE_EVENT kind=2 report_seq=151 uart_sequence=24168 sensor_raw=4294961796 sensor_converted=4294961796 xiao_rx=240788019 queue_push=240788021 core_rx=34948308
1785753675.457911 BNO_CORE_EVENT kind=3 report_seq=75 uart_sequence=24169 sensor_raw=4294961796 sensor_converted=4294961796 xiao_rx=240788032 queue_push=240788033 core_rx=34951088
1785753675.459527 BNO_CORE_EVENT kind=4 report_seq=38 uart_sequence=24170 sensor_raw=4294961796 sensor_converted=4294961796 xiao_rx=240788041 queue_push=240788043 core_rx=34952296
1785753675.462459 BNO_CORE_EVENT kind=1 report_seq=2 uart_sequence=24171 sensor_raw=4294963796 sensor_converted=4294963796 xiao_rx=240788049 queue_push=240788051 core_rx=34953392
1785753675.465507 BNO_CORE_EVENT kind=2 report_seq=152 uart_sequence=24172 sensor_raw=4294961696 sensor_converted=4294961696 xiao_rx=240793580 queue_push=240793582 core_rx=34954475
1785753675.467023 BNO_CORE_EVENT kind=5 report_seq=75 uart_sequence=24173 sensor_raw=4294961696 sensor_converted=4294961696 xiao_rx=240793588 queue_push=240793590 core_rx=34955538
1785753675.470053 BNO_CORE_EVENT kind=1 report_seq=3 uart_sequence=24174 sensor_raw=4294961796 sensor_converted=4294961796 xiao_rx=240793597 queue_push=240793598 core_rx=34956609
1785753675.471570 BNO_CORE_EVENT kind=1 report_seq=4 uart_sequence=24177 sensor_raw=4294963896 sensor_converted=4294963896 xiao_rx=240809202 queue_push=240809210 core_rx=34972302
1785753675.473086 BNO_CORE_EVENT kind=2 report_seq=153 uart_sequence=24178 sensor_raw=4294950496 sensor_converted=4294950496 xiao_rx=240817746 queue_push=240817748 core_rx=34973853
1785753675.476120 BNO_CORE_EVENT kind=3 report_seq=76 uart_sequence=24179 sensor_raw=4294950496 sensor_converted=4294950496 xiao_rx=240817761 queue_push=240817762 core_rx=34975937
1785753675.479197 BNO_CORE_EVENT kind=1 report_seq=5 uart_sequence=24180 sensor_raw=4294956996 sensor_converted=4294956996 xiao_rx=240817769 queue_push=240817770 core_rx=34977099
1785753675.480722 BNO_CORE_EVENT kind=2 report_seq=154 uart_sequence=24181 sensor_raw=4294960896 sensor_converted=4294960896 xiao_rx=240817777 queue_push=240817779 core_rx=34978199
1785753675.482247 BNO_CORE_EVENT kind=5 report_seq=76 uart_sequence=24182 sensor_raw=4294960896 sensor_converted=4294960896 xiao_rx=240817786 queue_push=240817787 core_rx=34979746
1785753675.485285 BNO_CORE_EVENT kind=1 report_seq=6 uart_sequence=24183 sensor_raw=4294964896 sensor_converted=4294964896 xiao_rx=240817794 queue_push=240817795 core_rx=34980978
1785753675.486800 BNO_CORE_EVENT kind=2 report_seq=155 uart_sequence=24184 sensor_raw=4294961996 sensor_converted=4294961996 xiao_rx=240824444 queue_push=240824448 core_rx=34982086
1785753675.489830 BNO_CORE_EVENT kind=3 report_seq=77 uart_sequence=24185 sensor_raw=4294961996 sensor_converted=4294961996 xiao_rx=240824459 queue_push=240824461 core_rx=34983182
1785753675.491345 BNO_CORE_EVENT kind=4 report_seq=39 uart_sequence=24186 sensor_raw=4294961996 sensor_converted=4294961996 xiao_rx=240824469 queue_push=240824470 core_rx=34985896
1785753675.494376 BNO_CORE_EVENT kind=1 report_seq=7 uart_sequence=24187 sensor_raw=4294963596 sensor_converted=4294963596 xiao_rx=240824477 queue_push=240824478 core_rx=34987147
1785753675.495884 BNO_CORE_EVENT kind=1 report_seq=8 uart_sequence=24191 sensor_raw=4294964796 sensor_converted=4294964796 xiao_rx=240841899 queue_push=240841906 core_rx=34994799
1785753675.508982 BNO_CORE_EVENT kind=2 report_seq=156 uart_sequence=24194 sensor_raw=4294947796 sensor_converted=4294947796 xiao_rx=240850000 queue_push=240850007 core_rx=35009325
1785753675.510591 BNO_CORE_EVENT kind=5 report_seq=77 uart_sequence=24195 sensor_raw=4294947796 sensor_converted=4294947796 xiao_rx=240850031 queue_push=240850033 core_rx=35011950
1785753675.513681 BNO_CORE_EVENT kind=1 report_seq=9 uart_sequence=24196 sensor_raw=4294955696 sensor_converted=4294955696 xiao_rx=240850039 queue_push=240850041 core_rx=35013119
1785753675.515296 BNO_CORE_EVENT kind=2 report_seq=157 uart_sequence=24197 sensor_raw=4294957896 sensor_converted=4294957896 xiao_rx=240850048 queue_push=240850049 core_rx=35014213
1785753675.516904 BNO_CORE_EVENT kind=3 report_seq=78 uart_sequence=24198 sensor_raw=4294957896 sensor_converted=4294957896 xiao_rx=240850061 queue_push=240850062 core_rx=35015292
1785753675.520133 BNO_CORE_EVENT kind=1 report_seq=10 uart_sequence=24199 sensor_raw=4294963796 sensor_converted=4294963796 xiao_rx=240850069 queue_push=240850071 core_rx=35017294
1785753675.521743 BNO_CORE_EVENT kind=2 report_seq=158 uart_sequence=24200 sensor_raw=4294960196 sensor_converted=4294960196 xiao_rx=240855632 queue_push=240855637 core_rx=35018610
1785753675.523364 BNO_CORE_EVENT kind=5 report_seq=78 uart_sequence=24201 sensor_raw=4294960196 sensor_converted=4294960196 xiao_rx=240855659 queue_push=240855661 core_rx=35019725
1785753675.526597 BNO_CORE_EVENT kind=1 report_seq=11 uart_sequence=24202 sensor_raw=4294963296 sensor_converted=4294963296 xiao_rx=240855667 queue_push=240855669 core_rx=35020801
1785753675.529627 BNO_CORE_EVENT kind=2 report_seq=159 uart_sequence=24203 sensor_raw=4294964396 sensor_converted=4294964396 xiao_rx=240859210 queue_push=240859213 core_rx=35021868
1785753675.531264 BNO_CORE_EVENT kind=3 report_seq=79 uart_sequence=24204 sensor_raw=4294964396 sensor_converted=4294964396 xiao_rx=240859228 queue_push=240859230 core_rx=35022930
1785753675.532872 XIAO UART baud=921600 rx=GPIO8 tx=GPIO9 bytes=527604 frames=448 bytes_s=43552 frames_s=446 crc/cobs/len=0/0/0 seqgap=0 age_ms=1 type=4 log=1 q=1 rec=461 final=0
1785753675.536095 RXDIAG max_us=8067 budget_hits=7 byte/frame/time=7/0/0 rx_buf_max=1040 loop_period_max_us=1179530 loop_exec_max_us=1172582 free_heap=133264 min_free_heap=133008 reset_reason=0 bno_kind_1to5_s=126/100/50/24/50 queue=1 high=37 drops=0
1785753675.540936 RXDETAIL service_calls=27554 service_bytes_avg=19 service_bytes_max=512 service_frames_avg=0 service_frames_avg_x1000=134 service_frames_max=7 service_bytes_s=43832 service_frames_s=448 rxbuf_full_obs=0 bno_valid=351 bno_invalid=0 unknown=0 uart_overflow=framework_unavailable trial_rx_bytes=43952 trial_frames=449 trial_bno=351 trial_crc/cobs/len=0/0/0
1785753675.545728 RXTASK mode=dispatch read_calls=27555 zero_reads=23137 read_bytes_max=512 rx_task_max_us=8067 rx_task_continuous_max_us=8067 stack_hwm_min_bytes=3964 cobs_delimiters=3712 rx_current=0 rx_max=1040 rx_full=0 overflow=framework_unavailable
1785753675.545728 SDTASK max_process_us=69563
1785753675.547772 BNO_CORE_EVENT kind=4 report_seq=40 uart_sequence=24208 sensor_raw=4294960796 sensor_converted=4294960796 xiao_rx=240876803 queue_push=240876812 core_rx=35037349
1785753675.549520 BNO_CORE_EVENT kind=1 report_seq=12 uart_sequence=24209 sensor_raw=4294961796 sensor_converted=4294961796 xiao_rx=240876837 queue_push=240876838 core_rx=35039579
1785753675.552742 BNO_CORE_EVENT kind=1 report_seq=13 uart_sequence=24210 sensor_raw=4294952596 sensor_converted=4294952596 xiao_rx=240884737 queue_push=240884743 core_rx=35040878
1785753675.554365 BNO_CORE_EVENT kind=2 report_seq=160 uart_sequence=24211 sensor_raw=4294952696 sensor_converted=4294952696 xiao_rx=240884765 queue_push=240884768 core_rx=35041981
1785753675.555981 BNO_CORE_EVENT kind=5 report_seq=79 uart_sequence=24212 sensor_raw=4294952696 sensor_converted=4294952696 xiao_rx=240884777 queue_push=240884778 core_rx=35044122
1785753675.559216 BNO_CORE_EVENT kind=1 report_seq=14 uart_sequence=24213 sensor_raw=4294960396 sensor_converted=4294960396 xiao_rx=240884785 queue_push=240884786 core_rx=35045368
1785753675.560822 BNO_CORE_EVENT kind=2 report_seq=161 uart_sequence=24214 sensor_raw=4294962896 sensor_converted=4294962896 xiao_rx=240884793 queue_push=240884795 core_rx=35046471
1785753675.563977 BNO_CORE_EVENT kind=3 report_seq=80 uart_sequence=24215 sensor_raw=4294962896 sensor_converted=4294962896 xiao_rx=240884806 queue_push=240884808 core_rx=35047560
1785753675.565768 BNO_CORE_EVENT kind=1 report_seq=15 uart_sequence=24216 sensor_raw=4294960796 sensor_converted=4294960796 xiao_rx=240888164 queue_push=240888168 core_rx=35049390
1785753675.567387 BNO_CORE_EVENT kind=2 report_seq=162 uart_sequence=24217 sensor_raw=4294964996 sensor_converted=4294964996 xiao_rx=240888184 queue_push=240888186 core_rx=35050643
1785753675.570609 BNO_CORE_EVENT kind=5 report_seq=80 uart_sequence=24221 sensor_raw=4294961496 sensor_converted=4294961496 xiao_rx=240906510 queue_push=240906517 core_rx=35059031
1785753675.572228 BNO_CORE_EVENT kind=1 report_seq=16 uart_sequence=24222 sensor_raw=4294964396 sensor_converted=4294964396 xiao_rx=240906538 queue_push=240906540 core_rx=35060256
1785753675.573851 BNO_CORE_EVENT kind=2 report_seq=163 uart_sequence=24223 sensor_raw=4294953596 sensor_converted=4294953596 xiao_rx=240916996 queue_push=240917003 core_rx=35071359
1785753675.582910 BNO_CORE_EVENT kind=3 report_seq=81 uart_sequence=24224 sensor_raw=4294953596 sensor_converted=4294953596 xiao_rx=240917029 queue_push=240917030 core_rx=35074032
1785753675.592309 BNO_CORE_EVENT kind=4 report_seq=41 uart_sequence=24225 sensor_raw=4294953596 sensor_converted=4294953596 xiao_rx=240917038 queue_push=240917039 core_rx=35075319
1785753675.601252 BNO_CORE_EVENT kind=1 report_seq=17 uart_sequence=24226 sensor_raw=4294954096 sensor_converted=4294954096 xiao_rx=240917048 queue_push=240917050 core_rx=35076410
1785753675.609350 BNO_CORE_EVENT kind=1 report_seq=18 uart_sequence=24227 sensor_raw=4294962596 sensor_converted=4294962596 xiao_rx=240917056 queue_push=240917058 core_rx=35077521
1785753675.617423 BNO_CORE_EVENT kind=2 report_seq=164 uart_sequence=24228 sensor_raw=4294963096 sensor_converted=4294963096 xiao_rx=240917064 queue_push=240917066 core_rx=35079723
1785753675.627038 BNO_CORE_EVENT kind=5 report_seq=81 uart_sequence=24229 sensor_raw=4294963096 sensor_converted=4294963096 xiao_rx=240917073 queue_push=240917075 core_rx=35080907
1785753675.636147 BNO_CORE_EVENT kind=1 report_seq=19 uart_sequence=24230 sensor_raw=4294959796 sensor_converted=4294959796 xiao_rx=240921480 queue_push=240921482 core_rx=35081976
1785753675.645276 BNO_CORE_EVENT kind=2 report_seq=165 uart_sequence=24231 sensor_raw=4294962496 sensor_converted=4294962496 xiao_rx=240921493 queue_push=240921495 core_rx=35083051
1785753675.654973 BNO_CORE_EVENT kind=3 report_seq=82 uart_sequence=24232 sensor_raw=4294962496 sensor_converted=4294962496 xiao_rx=240921502 queue_push=240921504 core_rx=35084114
1785753675.665687 BNO_CORE_EVENT kind=1 report_seq=20 uart_sequence=24236 sensor_raw=4294962996 sensor_converted=4294962996 xiao_rx=240934523 queue_push=240934531 core_rx=35104233
1785753675.674413 BNO_CORE_EVENT kind=2 report_seq=166 uart_sequence=24237 sensor_raw=4294955596 sensor_converted=4294955596 xiao_rx=240939016 queue_push=240939028 core_rx=35107034
1785753675.683994 BNO_CORE_EVENT kind=5 report_seq=82 uart_sequence=24238 sensor_raw=4294955596 sensor_converted=4294955596 xiao_rx=240939069 queue_push=240939071 core_rx=35108321
1785753675.695404 BNO_CORE_EVENT kind=1 report_seq=21 uart_sequence=24239 sensor_raw=4294957696 sensor_converted=4294957696 xiao_rx=240939078 queue_push=240939080 core_rx=35109428
1785753675.702886 BNO_CORE_EVENT kind=2 report_seq=167 uart_sequence=24240 sensor_raw=4294960796 sensor_converted=4294960796 xiao_rx=240945761 queue_push=240945766 core_rx=35112091
1785753675.709338 BNO_CORE_EVENT kind=3 report_seq=83 uart_sequence=24241 sensor_raw=4294960796 sensor_converted=4294960796 xiao_rx=240945792 queue_push=240945793 core_rx=35113277
1785753675.716754 BNO_CORE_EVENT kind=4 report_seq=42 uart_sequence=24242 sensor_raw=4294960796 sensor_converted=4294960796 xiao_rx=240945802 queue_push=240945803 core_rx=35114347
1785753675.724827 BNO_CORE_EVENT kind=1 report_seq=22 uart_sequence=24243 sensor_raw=4294961096 sensor_converted=4294961096 xiao_rx=240945813 queue_push=240945814 core_rx=35115443
1785753675.733830 BNO_CORE_EVENT kind=1 report_seq=23 uart_sequence=24244 sensor_raw=4294962596 sensor_converted=4294962596 xiao_rx=240951524 queue_push=240951536 core_rx=35116540
1785753675.741453 BNO_CORE_EVENT kind=2 report_seq=168 uart_sequence=24246 sensor_raw=4294963796 sensor_converted=4294963796 xiao_rx=240951577 queue_push=240951579 core_rx=35118381
1785753675.749837 BNO_CORE_EVENT kind=5 report_seq=83 uart_sequence=24247 sensor_raw=4294963796 sensor_converted=4294963796 xiao_rx=240951591 queue_push=240951594 core_rx=35119511
1785753675.757497 BNO_CORE_EVENT kind=1 report_seq=24 uart_sequence=24248 sensor_raw=4294964596 sensor_converted=4294964596 xiao_rx=240954752 queue_push=240954756 core_rx=35120581
1785753675.764649 BNO_CORE_EVENT kind=2 report_seq=169 uart_sequence=24251 sensor_raw=4294964796 sensor_converted=4294964796 xiao_rx=240973962 queue_push=240973970 core_rx=35127441
1785753675.766179 BNO_CORE_EVENT kind=3 report_seq=84 uart_sequence=24252 sensor_raw=4294945696 sensor_converted=4294945696 xiao_rx=240981990 queue_push=240981999 core_rx=35138341
1785753675.769324 BNO_CORE_EVENT kind=1 report_seq=25 uart_sequence=24253 sensor_raw=4294949896 sensor_converted=4294949896 xiao_rx=240982021 queue_push=240982024 core_rx=35140604
1785753675.770928 BNO_CORE_EVENT kind=2 report_seq=170 uart_sequence=24254 sensor_raw=4294955996 sensor_converted=4294955996 xiao_rx=240982034 queue_push=240982036 core_rx=35141896
1785753675.772535 BNO_CORE_EVENT kind=5 report_seq=84 uart_sequence=24255 sensor_raw=4294955996 sensor_converted=4294955996 xiao_rx=240982044 queue_push=240982046 core_rx=35142981
1785753675.775762 BNO_CORE_EVENT kind=1 report_seq=26 uart_sequence=24256 sensor_raw=4294957796 sensor_converted=4294957796 xiao_rx=240982052 queue_push=240982054 core_rx=35145067
1785753675.777413 BNO_CORE_EVENT kind=2 report_seq=171 uart_sequence=24257 sensor_raw=4294957596 sensor_converted=4294957596 xiao_rx=240988923 queue_push=240988927 core_rx=35146237
1785753675.781164 BNO_CORE_EVENT kind=3 report_seq=85 uart_sequence=24258 sensor_raw=4294957596 sensor_converted=4294957596 xiao_rx=240988939 queue_push=240988941 core_rx=35147339
1785753675.782766 BNO_CORE_EVENT kind=1 report_seq=27 uart_sequence=24259 sensor_raw=4294957596 sensor_converted=4294957596 xiao_rx=240988947 queue_push=240988949 core_rx=35148444
1785753675.784405 BNO_CORE_EVENT kind=4 report_seq=43 uart_sequence=24260 sensor_raw=4294957696 sensor_converted=4294957696 xiao_rx=240988958 queue_push=240988959 core_rx=35149511
1785753675.787626 BNO_CORE_EVENT kind=1 report_seq=28 uart_sequence=24261 sensor_raw=4294965396 sensor_converted=4294965396 xiao_rx=240988966 queue_push=240988968 core_rx=35150580
1785753675.789241 BNO_CORE_EVENT kind=2 report_seq=172 uart_sequence=24264 sensor_raw=4294961096 sensor_converted=4294961096 xiao_rx=241006341 queue_push=241006350 core_rx=35161326
1785753675.790879 BNO_CORE_EVENT kind=5 report_seq=85 uart_sequence=24265 sensor_raw=4294961096 sensor_converted=4294961096 xiao_rx=241006378 queue_push=241006380 core_rx=35164034
1785753675.794132 BNO_CORE_EVENT kind=1 report_seq=29 uart_sequence=24266 sensor_raw=4294966496 sensor_converted=4294966496 xiao_rx=241006388 queue_push=241006390 core_rx=35165322
1785753675.795771 BNO_CORE_EVENT kind=2 report_seq=173 uart_sequence=24267 sensor_raw=4294953796 sensor_converted=4294953796 xiao_rx=241011724 queue_push=241011728 core_rx=35166407
1785753675.799003 BNO_CORE_EVENT kind=3 report_seq=86 uart_sequence=24268 sensor_raw=4294953796 sensor_converted=4294953796 xiao_rx=241011741 queue_push=241011743 core_rx=35167511
1785753675.800631 BNO_CORE_EVENT kind=1 report_seq=30 uart_sequence=24269 sensor_raw=4294957196 sensor_converted=4294957196 xiao_rx=241011749 queue_push=241011751 core_rx=35169726
1785753675.802245 BNO_CORE_EVENT kind=2 report_seq=174 uart_sequence=24270 sensor_raw=4294963596 sensor_converted=4294963596 xiao_rx=241011757 queue_push=241011759 core_rx=35170856
1785753675.805494 BNO_CORE_EVENT kind=5 report_seq=86 uart_sequence=24274 sensor_raw=4294958196 sensor_converted=4294958196 xiao_rx=241025176 queue_push=241025183 core_rx=35184283
1785753675.807109 BNO_CORE_EVENT kind=1 report_seq=31 uart_sequence=24275 sensor_raw=4294959596 sensor_converted=4294959596 xiao_rx=241025204 queue_push=241025205 core_rx=35185869
1785753675.810321 BNO_CORE_EVENT kind=1 report_seq=32 uart_sequence=24276 sensor_raw=4294954696 sensor_converted=4294954696 xiao_rx=241032844 queue_push=241032847 core_rx=35187937
1785753675.812069 BNO_CORE_EVENT kind=2 report_seq=175 uart_sequence=24277 sensor_raw=4294954696 sensor_converted=4294954696 xiao_rx=241032861 queue_push=241032863 core_rx=35189108
1785753675.814680 BNO_CORE_EVENT kind=3 report_seq=87 uart_sequence=24278 sensor_raw=4294954696 sensor_converted=4294954696 xiao_rx=241032874 queue_push=241032876 core_rx=35190217
1785753675.816300 BNO_CORE_EVENT kind=4 report_seq=44 uart_sequence=24279 sensor_raw=4294954796 sensor_converted=4294954796 xiao_rx=241032884 queue_push=241032886 core_rx=35191618
1785753675.819526 BNO_CORE_EVENT kind=1 report_seq=33 uart_sequence=24280 sensor_raw=4294962496 sensor_converted=4294962496 xiao_rx=241032892 queue_push=241032894 core_rx=35192782
1785753675.821145 BNO_CORE_EVENT kind=2 report_seq=176 uart_sequence=24281 sensor_raw=4294964296 sensor_converted=4294964296 xiao_rx=241032900 queue_push=241032902 core_rx=35193876
1785753675.822755 BNO_CORE_EVENT kind=5 report_seq=87 uart_sequence=24282 sensor_raw=4294957096 sensor_converted=4294957096 xiao_rx=241036531 queue_push=241036534 core_rx=35195799
1785753675.825963 BNO_CORE_EVENT kind=1 report_seq=34 uart_sequence=24283 sensor_raw=4294962696 sensor_converted=4294962696 xiao_rx=241036551 queue_push=241036552 core_rx=35197062
1785753675.828412 BNO_CORE_EVENT kind=2 report_seq=177 uart_sequence=24286 sensor_raw=4294963096 sensor_converted=4294963096 xiao_rx=241050672 queue_push=241050680 core_rx=35206337
1785753675.829188 BNO_CORE_EVENT kind=3 report_seq=88 uart_sequence=24287 sensor_raw=4294963096 sensor_converted=4294963096 xiao_rx=241050732 queue_push=241050734 core_rx=35208557
1785753675.832393 BNO_CORE_EVENT kind=1 report_seq=35 uart_sequence=24288 sensor_raw=4294952396 sensor_converted=4294952396 xiao_rx=241056517 queue_push=241056519 core_rx=35209852
1785753675.834006 BNO_CORE_EVENT kind=2 report_seq=178 uart_sequence=24289 sensor_raw=4294959196 sensor_converted=4294959196 xiao_rx=241056526 queue_push=241056527 core_rx=35210949
1785753675.837236 BNO_CORE_EVENT kind=5 report_seq=88 uart_sequence=24290 sensor_raw=4294959196 sensor_converted=4294959196 xiao_rx=241056535 queue_push=241056537 core_rx=35213063
1785753675.838850 BNO_CORE_EVENT kind=1 report_seq=36 uart_sequence=24291 sensor_raw=4294960196 sensor_converted=4294960196 xiao_rx=241056543 queue_push=241056545 core_rx=35214201
1785753675.840455 BNO_CORE_EVENT kind=1 report_seq=37 uart_sequence=24295 sensor_raw=4294962396 sensor_converted=4294962396 xiao_rx=241067106 queue_push=241067117 core_rx=35221263
1785753675.843687 BNO_CORE_EVENT kind=2 report_seq=179 uart_sequence=24296 sensor_raw=4294963096 sensor_converted=4294963096 xiao_rx=241067148 queue_push=241067151 core_rx=35223346
1785753675.845385 BNO_CORE_EVENT kind=3 report_seq=89 uart_sequence=24297 sensor_raw=4294963096 sensor_converted=4294963096 xiao_rx=241067170 queue_push=241067171 core_rx=35225967
1785753675.846952 BNO_CORE_EVENT kind=4 report_seq=45 uart_sequence=24298 sensor_raw=4294952696 sensor_converted=4294952696 xiao_rx=241072969 queue_push=241072974 core_rx=35227227
1785753675.850234 BNO_CORE_EVENT kind=1 report_seq=38 uart_sequence=24299 sensor_raw=4294960096 sensor_converted=4294960096 xiao_rx=241072993 queue_push=241072994 core_rx=35228328
1785753675.851846 BNO_CORE_EVENT kind=2 report_seq=180 uart_sequence=24300 sensor_raw=4294962896 sensor_converted=4294962896 xiao_rx=241073002 queue_push=241073004 core_rx=35229392
1785753675.853462 BNO_CORE_EVENT kind=5 report_seq=89 uart_sequence=24301 sensor_raw=4294962896 sensor_converted=4294962896 xiao_rx=241073012 queue_push=241073014 core_rx=35231753
1785753675.856704 BNO_CORE_EVENT kind=1 report_seq=39 uart_sequence=24303 sensor_raw=4294962196 sensor_converted=4294962196 xiao_rx=241084480 queue_push=241084487 core_rx=35234745
1785753675.858316 BNO_CORE_EVENT kind=2 report_seq=181 uart_sequence=24304 sensor_raw=4294955096 sensor_converted=4294955096 xiao_rx=241090156 queue_push=241090162 core_rx=35238331
1785753675.859931 BNO_CORE_EVENT kind=3 report_seq=90 uart_sequence=24305 sensor_raw=4294955096 sensor_converted=4294955096 xiao_rx=241090188 queue_push=241090190 core_rx=35241306
1785753675.863123 BNO_CORE_EVENT kind=1 report_seq=40 uart_sequence=24306 sensor_raw=4294958196 sensor_converted=4294958196 xiao_rx=241090198 queue_push=241090199 core_rx=35242498
1785753675.866335 BNO_CORE_EVENT kind=2 report_seq=182 uart_sequence=24308 sensor_raw=4294959796 sensor_converted=4294959796 xiao_rx=241097857 queue_push=241097865 core_rx=35253346
1785753675.867947 BNO_CORE_EVENT kind=5 report_seq=90 uart_sequence=24309 sensor_raw=4294959796 sensor_converted=4294959796 xiao_rx=241097894 queue_push=241097896 core_rx=35256023
1785753675.869552 BNO_CORE_EVENT kind=1 report_seq=41 uart_sequence=24310 sensor_raw=4294960296 sensor_converted=4294960296 xiao_rx=241097903 queue_push=241097905 core_rx=35257238
1785753675.872775 BNO_CORE_EVENT kind=1 report_seq=42 uart_sequence=24311 sensor_raw=4294961896 sensor_converted=4294961896 xiao_rx=241103469 queue_push=241103472 core_rx=35258298
1785753675.874393 BNO_CORE_EVENT kind=2 report_seq=183 uart_sequence=24312 sensor_raw=4294963096 sensor_converted=4294963096 xiao_rx=241103483 queue_push=241103485 core_rx=35261099
1785753675.876030 BNO_CORE_EVENT kind=3 report_seq=91 uart_sequence=24313 sensor_raw=4294963096 sensor_converted=4294963096 xiao_rx=241103498 queue_push=241103500 core_rx=35262345
1785753675.879801 BNO_CORE_EVENT kind=4 report_seq=46 uart_sequence=24315 sensor_raw=4294956496 sensor_converted=4294956496 xiao_rx=241114468 queue_push=241114477 core_rx=35268369
1785753675.881797 BNO_CORE_EVENT kind=1 report_seq=43 uart_sequence=24316 sensor_raw=4294963296 sensor_converted=4294963296 xiao_rx=241114503 queue_push=241114504 core_rx=35270978
1785753675.883413 BNO_CORE_EVENT kind=2 report_seq=184 uart_sequence=24317 sensor_raw=4294955196 sensor_converted=4294955196 xiao_rx=241118740 queue_push=241118743 core_rx=35272146
1785753675.886686 BNO_CORE_EVENT kind=5 report_seq=91 uart_sequence=24318 sensor_raw=4294955196 sensor_converted=4294955196 xiao_rx=241118752 queue_push=241118754 core_rx=35273217
1785753675.888310 BNO_CORE_EVENT kind=1 report_seq=44 uart_sequence=24319 sensor_raw=4294960296 sensor_converted=4294960296 xiao_rx=241118761 queue_push=241118763 core_rx=35274284
1785753675.889934 BNO_CORE_EVENT kind=2 report_seq=185 uart_sequence=24322 sensor_raw=4294960796 sensor_converted=4294960796 xiao_rx=241129187 queue_push=241129196 core_rx=35284307
1785753675.893186 BNO_CORE_EVENT kind=3 report_seq=92 uart_sequence=24323 sensor_raw=4294960796 sensor_converted=4294960796 xiao_rx=241129227 queue_push=241129229 core_rx=35286993
1785753675.896405 BNO_CORE_EVENT kind=1 report_seq=45 uart_sequence=24324 sensor_raw=4294963296 sensor_converted=4294963296 xiao_rx=241129240 queue_push=241129242 core_rx=35288226
1785753675.898027 BNO_CORE_EVENT kind=2 report_seq=186 uart_sequence=24325 sensor_raw=4294960896 sensor_converted=4294960896 xiao_rx=241134825 queue_push=241134829 core_rx=35289320
1785753675.899634 BNO_CORE_EVENT kind=5 report_seq=92 uart_sequence=24326 sensor_raw=4294960896 sensor_converted=4294960896 xiao_rx=241134847 queue_push=241134848 core_rx=35290397
1785753675.902859 BNO_CORE_EVENT kind=1 report_seq=46 uart_sequence=24327 sensor_raw=4294960896 sensor_converted=4294960896 xiao_rx=241134855 queue_push=241134857 core_rx=35292726
1785753675.904476 BNO_CORE_EVENT kind=1 report_seq=47 uart_sequence=24329 sensor_raw=4294963696 sensor_converted=4294963696 xiao_rx=241145725 queue_push=241145732 core_rx=35301352
1785753675.906114 BNO_CORE_EVENT kind=2 report_seq=187 uart_sequence=24330 sensor_raw=4294964696 sensor_converted=4294964696 xiao_rx=241145758 queue_push=241145761 core_rx=35304505
1785753675.909353 BNO_CORE_EVENT kind=3 report_seq=93 uart_sequence=24331 sensor_raw=4294953896 sensor_converted=4294953896 xiao_rx=241151809 queue_push=241151811 core_rx=35305693
1785753675.912075 BNO_CORE_EVENT kind=4 report_seq=47 uart_sequence=24332 sensor_raw=4294954196 sensor_converted=4294954196 xiao_rx=241151823 queue_push=241151825 core_rx=35308376
1785753675.913425 BNO_CORE_EVENT kind=1 report_seq=48 uart_sequence=24333 sensor_raw=4294960596 sensor_converted=4294960596 xiao_rx=241151832 queue_push=241151833 core_rx=35309603
1785753675.915043 BNO_CORE_EVENT kind=2 report_seq=188 uart_sequence=24334 sensor_raw=4294963996 sensor_converted=4294963996 xiao_rx=241151840 queue_push=241151842 core_rx=35310696
1785753675.918268 BNO_CORE_EVENT kind=5 report_seq=93 uart_sequence=24336 sensor_raw=4294957996 sensor_converted=4294957996 xiao_rx=241160285 queue_push=241160292 core_rx=35313771
1785753675.919880 BNO_CORE_EVENT kind=1 report_seq=49 uart_sequence=24337 sensor_raw=4294962696 sensor_converted=4294962696 xiao_rx=241160312 queue_push=241160313 core_rx=35314995
1785753675.923113 BNO_CORE_EVENT kind=2 report_seq=189 uart_sequence=24341 sensor_raw=4294959696 sensor_converted=4294959696 xiao_rx=241168627 queue_push=241168634 core_rx=35324326
1785753675.924737 BNO_CORE_EVENT kind=3 report_seq=94 uart_sequence=24342 sensor_raw=4294959696 sensor_converted=4294959696 xiao_rx=241168661 queue_push=241168663 core_rx=35326957
1785753675.926347 BNO_CORE_EVENT kind=1 report_seq=50 uart_sequence=24343 sensor_raw=4294961296 sensor_converted=4294961296 xiao_rx=241168674 queue_push=241168676 core_rx=35328096
1785753675.929426 BNO_CORE_EVENT kind=1 report_seq=51 uart_sequence=24344 sensor_raw=4294961496 sensor_converted=4294961496 xiao_rx=241174273 queue_push=241174274 core_rx=35329167
1785753675.932667 BNO_CORE_EVENT kind=2 report_seq=190 uart_sequence=24345 sensor_raw=4294961496 sensor_converted=4294961496 xiao_rx=241174285 queue_push=241174287 core_rx=35330260
1785753675.934290 BNO_CORE_EVENT kind=5 report_seq=94 uart_sequence=24346 sensor_raw=4294961496 sensor_converted=4294961496 xiao_rx=241174295 queue_push=241174297 core_rx=35332760
1785753675.935901 BNO_CORE_EVENT kind=1 report_seq=52 uart_sequence=24347 sensor_raw=4294963696 sensor_converted=4294963696 xiao_rx=241183465 queue_push=241183472 core_rx=35334003
1785753675.939132 BNO_CORE_EVENT kind=2 report_seq=191 uart_sequence=24348 sensor_raw=4294955896 sensor_converted=4294955896 xiao_rx=241189154 queue_push=241189159 core_rx=35338337
1785753675.940741 BNO_CORE_EVENT kind=3 report_seq=95 uart_sequence=24349 sensor_raw=4294955896 sensor_converted=4294955896 xiao_rx=241189178 queue_push=241189180 core_rx=35341363
1785753675.942349 BNO_CORE_EVENT kind=4 report_seq=48 uart_sequence=24350 sensor_raw=4294956196 sensor_converted=4294956196 xiao_rx=241189188 queue_push=241189190 core_rx=35342703
1785753675.945730 BNO_CORE_EVENT kind=1 report_seq=53 uart_sequence=24351 sensor_raw=4294962096 sensor_converted=4294962096 xiao_rx=241189197 queue_push=241189199 core_rx=35343842
1785753675.948879 BNO_CORE_EVENT kind=2 report_seq=192 uart_sequence=24354 sensor_raw=4294960396 sensor_converted=4294960396 xiao_rx=241198407 queue_push=241198415 core_rx=35354318
1785753675.950501 BNO_CORE_EVENT kind=5 report_seq=95 uart_sequence=24355 sensor_raw=4294960396 sensor_converted=4294960396 xiao_rx=241198444 queue_push=241198445 core_rx=35357020
1785753675.952103 BNO_CORE_EVENT kind=1 report_seq=54 uart_sequence=24356 sensor_raw=4294964196 sensor_converted=4294964196 xiao_rx=241198452 queue_push=241198454 core_rx=35358284
1785753675.955443 BNO_CORE_EVENT kind=2 report_seq=193 uart_sequence=24357 sensor_raw=4294961496 sensor_converted=4294961496 xiao_rx=241204197 queue_push=241204201 core_rx=35359346
1785753675.957060 BNO_CORE_EVENT kind=3 report_seq=96 uart_sequence=24358 sensor_raw=4294961496 sensor_converted=4294961496 xiao_rx=241204217 queue_push=241204219 core_rx=35360409
1785753675.958683 BNO_CORE_EVENT kind=1 report_seq=55 uart_sequence=24359 sensor_raw=4294962896 sensor_converted=4294962896 xiao_rx=241204225 queue_push=241204227 core_rx=35362715
1785753675.961933 BNO_CORE_EVENT kind=1 report_seq=56 uart_sequence=24360 sensor_raw=4294964996 sensor_converted=4294964996 xiao_rx=241212554 queue_push=241212561 core_rx=35363847
1785753675.965141 BNO_CORE_EVENT kind=2 report_seq=194 uart_sequence=24362 sensor_raw=4294956896 sensor_converted=4294956896 xiao_rx=241218563 queue_push=241218569 core_rx=35368340
1785753675.966752 BNO_CORE_EVENT kind=5 report_seq=96 uart_sequence=24363 sensor_raw=4294956896 sensor_converted=4294956896 xiao_rx=241218590 queue_push=241218591 core_rx=35370943
1785753675.968390 BNO_CORE_EVENT kind=1 report_seq=57 uart_sequence=24364 sensor_raw=4294964796 sensor_converted=4294964796 xiao_rx=241218598 queue_push=241218600 core_rx=35372089
1785753675.971687 BNO_CORE_EVENT kind=4 report_seq=49 uart_sequence=24367 sensor_raw=4294960896 sensor_converted=4294960896 xiao_rx=241228129 queue_push=241228143 core_rx=35383313
1785753675.973295 BNO_CORE_EVENT kind=2 report_seq=195 uart_sequence=24368 sensor_raw=4294960896 sensor_converted=4294960896 xiao_rx=241228176 queue_push=241228181 core_rx=35386282
1785753675.974905 BNO_CORE_EVENT kind=3 report_seq=97 uart_sequence=24369 sensor_raw=4294960896 sensor_converted=4294960896 xiao_rx=241228200 queue_push=241228202 core_rx=35387471
1785753675.978120 BNO_CORE_EVENT kind=1 report_seq=58 uart_sequence=24370 sensor_raw=4294966296 sensor_converted=4294966296 xiao_rx=241228217 queue_push=241228219 core_rx=35388547
1785753675.980849 BNO_CORE_EVENT kind=2 report_seq=196 uart_sequence=24371 sensor_raw=4294961896 sensor_converted=4294961896 xiao_rx=241233949 queue_push=241233953 core_rx=35389609
1785753675.982454 BNO_CORE_EVENT kind=5 report_seq=97 uart_sequence=24372 sensor_raw=4294961896 sensor_converted=4294961896 xiao_rx=241233974 queue_push=241233975 core_rx=35392152
1785753675.984067 BNO_CORE_EVENT kind=1 report_seq=59 uart_sequence=24373 sensor_raw=4294964796 sensor_converted=4294964796 xiao_rx=241233982 queue_push=241233984 core_rx=35393456
1785753675.987294 BNO_CORE_EVENT kind=2 report_seq=197 uart_sequence=24374 sensor_raw=4294964796 sensor_converted=4294964796 xiao_rx=241243456 queue_push=241243467 core_rx=35394785
1785753675.988910 BNO_CORE_EVENT kind=3 report_seq=98 uart_sequence=24377 sensor_raw=4294956196 sensor_converted=4294956196 xiao_rx=241252652 queue_push=241252661 core_rx=35402375
1785753675.992141 BNO_CORE_EVENT kind=1 report_seq=60 uart_sequence=24378 sensor_raw=4294957196 sensor_converted=4294957196 xiao_rx=241252683 queue_push=241252686 core_rx=35404959
1785753675.993850 BNO_CORE_EVENT kind=1 report_seq=61 uart_sequence=24379 sensor_raw=4294965296 sensor_converted=4294965296 xiao_rx=241252693 queue_push=241252715 core_rx=35406181
1785753675.996760 BNO_CORE_EVENT kind=2 report_seq=198 uart_sequence=24381 sensor_raw=4294956796 sensor_converted=4294956796 xiao_rx=241259392 queue_push=241259397 core_rx=35410342
1785753676.000024 BNO_CORE_EVENT kind=5 report_seq=98 uart_sequence=24382 sensor_raw=4294956796 sensor_converted=4294956796 xiao_rx=241259420 queue_push=241259421 core_rx=35411649
1785753676.001639 BNO_CORE_EVENT kind=1 report_seq=62 uart_sequence=24383 sensor_raw=4294963796 sensor_converted=4294963796 xiao_rx=241259428 queue_push=241259430 core_rx=35413628
1785753676.003255 BNO_CORE_EVENT kind=4 report_seq=50 uart_sequence=24385 sensor_raw=4294959996 sensor_converted=4294959996 xiao_rx=241269923 queue_push=241269932 core_rx=35425344
1785753676.006495 BNO_CORE_EVENT kind=2 report_seq=199 uart_sequence=24386 sensor_raw=4294959996 sensor_converted=4294959996 xiao_rx=241269954 queue_push=241269957 core_rx=35428025
1785753676.008123 BNO_CORE_EVENT kind=3 report_seq=99 uart_sequence=24387 sensor_raw=4294959996 sensor_converted=4294959996 xiao_rx=241269969 queue_push=241269971 core_rx=35429296
1785753676.009752 BNO_CORE_EVENT kind=1 report_seq=63 uart_sequence=24388 sensor_raw=4294965096 sensor_converted=4294965096 xiao_rx=241269981 queue_push=241269983 core_rx=35430385
1785753676.013350 BNO_CORE_EVENT kind=2 report_seq=200 uart_sequence=24390 sensor_raw=4294959996 sensor_converted=4294959996 xiao_rx=241275536 queue_push=241275538 core_rx=35434093
1785753676.015473 BNO_CORE_EVENT kind=5 report_seq=99 uart_sequence=24391 sensor_raw=4294959996 sensor_converted=4294959996 xiao_rx=241275547 queue_push=241275549 core_rx=35435252
1785753676.017077 BNO_CORE_EVENT kind=1 report_seq=64 uart_sequence=24392 sensor_raw=4294962496 sensor_converted=4294962496 xiao_rx=241275557 queue_push=241275558 core_rx=35436316
1785753676.018690 BNO_CORE_EVENT kind=2 report_seq=201 uart_sequence=24394 sensor_raw=4294964196 sensor_converted=4294964196 xiao_rx=241287650 queue_push=241287659 core_rx=35443362
1785753676.021923 BNO_CORE_EVENT kind=3 report_seq=100 uart_sequence=24395 sensor_raw=4294964196 sensor_converted=4294964196 xiao_rx=241287687 queue_push=241287689 core_rx=35445962
1785753676.023528 BNO_CORE_EVENT kind=1 report_seq=65 uart_sequence=24396 sensor_raw=4294952696 sensor_converted=4294952696 xiao_rx=241293500 queue_push=241293502 core_rx=35447179
1785753676.025135 BNO_CORE_EVENT kind=1 report_seq=66 uart_sequence=24397 sensor_raw=4294961096 sensor_converted=4294961096 xiao_rx=241293509 queue_push=241293511 core_rx=35448267
1785753676.028989 BNO_CORE_EVENT kind=2 report_seq=202 uart_sequence=24398 sensor_raw=4294962396 sensor_converted=4294962396 xiao_rx=241293517 queue_push=241293519 core_rx=35451100
1785753676.030964 BNO_CORE_EVENT kind=5 report_seq=100 uart_sequence=24399 sensor_raw=4294962396 sensor_converted=4294962396 xiao_rx=241293526 queue_push=241293527 core_rx=35452352
1785753676.032585 BNO_CORE_EVENT kind=1 report_seq=67 uart_sequence=24402 sensor_raw=4294962396 sensor_converted=4294962396 xiao_rx=241305935 queue_push=241305942 core_rx=35458800
1785753676.034193 BNO_CORE_EVENT kind=2 report_seq=203 uart_sequence=24403 sensor_raw=4294953696 sensor_converted=4294953696 xiao_rx=241313767 queue_push=241313774 core_rx=35463333
1785753676.037440 BNO_CORE_EVENT kind=3 report_seq=101 uart_sequence=24404 sensor_raw=4294953696 sensor_converted=4294953696 xiao_rx=241313798 queue_push=241313799 core_rx=35465538
1785753676.039045 BNO_CORE_EVENT kind=4 report_seq=51 uart_sequence=24405 sensor_raw=4294953996 sensor_converted=4294953996 xiao_rx=241313807 queue_push=241313809 core_rx=35466788
1785753676.040659 BNO_CORE_EVENT kind=1 report_seq=68 uart_sequence=24406 sensor_raw=4294958796 sensor_converted=4294958796 xiao_rx=241313818 queue_push=241313819 core_rx=35467858
1785753676.043968 BNO_CORE_EVENT kind=2 report_seq=204 uart_sequence=24407 sensor_raw=4294963996 sensor_converted=4294963996 xiao_rx=241313826 queue_push=241313827 core_rx=35468921
1785753676.046857 BNO_CORE_EVENT kind=5 report_seq=101 uart_sequence=24408 sensor_raw=4294955996 sensor_converted=4294955996 xiao_rx=241322437 queue_push=241322444 core_rx=35471309
1785753676.048054 BNO_CORE_EVENT kind=1 report_seq=69 uart_sequence=24409 sensor_raw=4294958096 sensor_converted=4294958096 xiao_rx=241322464 queue_push=241322465 core_rx=35473985
1785753676.051297 BNO_CORE_EVENT kind=2 report_seq=205 uart_sequence=24412 sensor_raw=4294957296 sensor_converted=4294957296 xiao_rx=241330203 queue_push=241330212 core_rx=35485327
1785753676.052912 BNO_CORE_EVENT kind=3 report_seq=102 uart_sequence=24413 sensor_raw=4294957296 sensor_converted=4294957296 xiao_rx=241330249 queue_push=241330251 core_rx=35487993
1785753676.054544 BNO_CORE_EVENT kind=1 report_seq=70 uart_sequence=24414 sensor_raw=4294957396 sensor_converted=4294957396 xiao_rx=241330262 queue_push=241330264 core_rx=35489289
1785753676.057810 BNO_CORE_EVENT kind=1 report_seq=71 uart_sequence=24415 sensor_raw=4294965296 sensor_converted=4294965296 xiao_rx=241330270 queue_push=241330272 core_rx=35490374
1785753676.059690 BNO_CORE_EVENT kind=2 report_seq=206 uart_sequence=24416 sensor_raw=4294959296 sensor_converted=4294959296 xiao_rx=241335839 queue_push=241335842 core_rx=35491447
1785753676.062824 BNO_CORE_EVENT kind=5 report_seq=102 uart_sequence=24417 sensor_raw=4294959296 sensor_converted=4294959296 xiao_rx=241335852 queue_push=241335854 core_rx=35493720
1785753676.064640 BNO_CORE_EVENT kind=1 report_seq=72 uart_sequence=24418 sensor_raw=4294965696 sensor_converted=4294965696 xiao_rx=241335860 queue_push=241335862 core_rx=35494859
1785753676.067866 BNO_CORE_EVENT kind=2 report_seq=207 uart_sequence=24420 sensor_raw=4294963696 sensor_converted=4294963696 xiao_rx=241346354 queue_push=241346363 core_rx=35500335
1785753676.069481 BNO_CORE_EVENT kind=3 report_seq=103 uart_sequence=24421 sensor_raw=4294963696 sensor_converted=4294963696 xiao_rx=241346389 queue_push=241346391 core_rx=35502966
1785753676.071102 BNO_CORE_EVENT kind=4 report_seq=52 uart_sequence=24422 sensor_raw=4294953096 sensor_converted=4294953096 xiao_rx=241350620 queue_push=241350622 core_rx=35504155
1785753676.074328 BNO_CORE_EVENT kind=1 report_seq=73 uart_sequence=24423 sensor_raw=4294957296 sensor_converted=4294957296 xiao_rx=241350634 queue_push=241350636 core_rx=35505222
1785753676.075990 BNO_CORE_EVENT kind=2 report_seq=208 uart_sequence=24424 sensor_raw=4294963396 sensor_converted=4294963396 xiao_rx=241350642 queue_push=241350644 core_rx=35506586
1785753676.077604 BNO_CORE_EVENT kind=5 report_seq=103 uart_sequence=24428 sensor_raw=4294959296 sensor_converted=4294959296 xiao_rx=241361877 queue_push=241361884 core_rx=35517320
1785753676.080824 BNO_CORE_EVENT kind=1 report_seq=74 uart_sequence=24429 sensor_raw=4294960896 sensor_converted=4294960896 xiao_rx=241361908 queue_push=241361910 core_rx=35520448
1785753676.082458 BNO_CORE_EVENT kind=1 report_seq=75 uart_sequence=24430 sensor_raw=4294958196 sensor_converted=4294958196 xiao_rx=241367743 queue_push=241367745 core_rx=35521589
1785753676.085687 BNO_CORE_EVENT kind=2 report_seq=209 uart_sequence=24431 sensor_raw=4294958196 sensor_converted=4294958196 xiao_rx=241367756 queue_push=241367759 core_rx=35522658
1785753676.087296 BNO_CORE_EVENT kind=3 report_seq=104 uart_sequence=24432 sensor_raw=4294958196 sensor_converted=4294958196 xiao_rx=241367770 queue_push=241367771 core_rx=35523728
1785753676.088901 BNO_CORE_EVENT kind=1 report_seq=76 uart_sequence=24433 sensor_raw=4294965696 sensor_converted=4294965696 xiao_rx=241367778 queue_push=241367779 core_rx=35524825
1785753676.092119 BNO_CORE_EVENT kind=2 report_seq=210 uart_sequence=24435 sensor_raw=4294961996 sensor_converted=4294961996 xiao_rx=241376867 queue_push=241376878 core_rx=35535327
1785753676.093641 BNO_CORE_EVENT kind=5 report_seq=104 uart_sequence=24436 sensor_raw=4294961996 sensor_converted=4294961996 xiao_rx=241376903 queue_push=241376905 core_rx=35537991
1785753676.097288 BNO_CORE_EVENT kind=1 report_seq=77 uart_sequence=24437 sensor_raw=4294958996 sensor_converted=4294958996 xiao_rx=241382984 queue_push=241382988 core_rx=35539290
1785753676.098944 BNO_CORE_EVENT kind=2 report_seq=211 uart_sequence=24438 sensor_raw=4294963096 sensor_converted=4294963096 xiao_rx=241383012 queue_push=241383015 core_rx=35540351
1785753676.102179 BNO_CORE_EVENT kind=3 report_seq=105 uart_sequence=24439 sensor_raw=4294963096 sensor_converted=4294963096 xiao_rx=241383026 queue_push=241383028 core_rx=35541451
1785753676.103802 BNO_CORE_EVENT kind=4 report_seq=53 uart_sequence=24440 sensor_raw=4294963096 sensor_converted=4294963096 xiao_rx=241383035 queue_push=241383039 core_rx=35543718
1785753676.105428 BNO_CORE_EVENT kind=1 report_seq=78 uart_sequence=24441 sensor_raw=4294960196 sensor_converted=4294960196 xiao_rx=241385563 queue_push=241385565 core_rx=35544903
1785753676.108677 BNO_CORE_EVENT kind=2 report_seq=212 uart_sequence=24443 sensor_raw=4294963896 sensor_converted=4294963896 xiao_rx=241394857 queue_push=241394865 core_rx=35549015
1785753676.110319 BNO_CORE_EVENT kind=5 report_seq=105 uart_sequence=24444 sensor_raw=4294954996 sensor_converted=4294954996 xiao_rx=241399129 queue_push=241399131 core_rx=35551973
1785753676.113761 BNO_CORE_EVENT kind=1 report_seq=79 uart_sequence=24445 sensor_raw=4294956596 sensor_converted=4294956596 xiao_rx=241399138 queue_push=241399140 core_rx=35553186
1785753676.115934 BNO_CORE_EVENT kind=1 report_seq=80 uart_sequence=24446 sensor_raw=4294964896 sensor_converted=4294964896 xiao_rx=241399147 queue_push=241399148 core_rx=35554250
1785753676.117548 BNO_CORE_EVENT kind=2 report_seq=213 uart_sequence=24448 sensor_raw=4294960396 sensor_converted=4294960396 xiao_rx=241407611 queue_push=241407619 core_rx=35557313
1785753676.119172 BNO_CORE_EVENT kind=3 report_seq=106 uart_sequence=24449 sensor_raw=4294960396 sensor_converted=4294960396 xiao_rx=241407649 queue_push=241407650 core_rx=35559984
1785753676.122427 BNO_CORE_EVENT kind=1 report_seq=81 uart_sequence=24451 sensor_raw=4294959696 sensor_converted=4294959696 xiao_rx=241415958 queue_push=241415965 core_rx=35568312
1785753676.124053 BNO_CORE_EVENT kind=2 report_seq=214 uart_sequence=24452 sensor_raw=4294962196 sensor_converted=4294962196 xiao_rx=241415992 queue_push=241415994 core_rx=35571330
1785753676.125676 BNO_CORE_EVENT kind=5 report_seq=106 uart_sequence=24453 sensor_raw=4294962196 sensor_converted=4294962196 xiao_rx=241416002 queue_push=241416004 core_rx=35572562
1785753676.129236 BNO_CORE_EVENT kind=1 report_seq=82 uart_sequence=24454 sensor_raw=4294958896 sensor_converted=4294958896 xiao_rx=241420424 queue_push=241420426 core_rx=35574633
1785753676.131612 BNO_CORE_EVENT kind=2 report_seq=215 uart_sequence=24455 sensor_raw=4294963496 sensor_converted=4294963496 xiao_rx=241420432 queue_push=241420434 core_rx=35575878
1785753676.133243 BNO_CORE_EVENT kind=3 report_seq=107 uart_sequence=24456 sensor_raw=4294963496 sensor_converted=4294963496 xiao_rx=241420444 queue_push=241420446 core_rx=35576953
1785753676.134879 BNO_CORE_EVENT kind=4 report_seq=54 uart_sequence=24459 sensor_raw=4294959296 sensor_converted=4294959296 xiao_rx=241433559 queue_push=241433568 core_rx=35584280
1785753676.138141 BNO_CORE_EVENT kind=1 report_seq=83 uart_sequence=24460 sensor_raw=4294962196 sensor_converted=4294962196 xiao_rx=241433593 queue_push=241433595 core_rx=35585521
1785753676.139770 BNO_CORE_EVENT kind=2 report_seq=216 uart_sequence=24461 sensor_raw=4294955996 sensor_converted=4294955996 xiao_rx=241440417 queue_push=241440424 core_rx=35590344
1785753676.141388 BNO_CORE_EVENT kind=5 report_seq=107 uart_sequence=24462 sensor_raw=4294955996 sensor_converted=4294955996 xiao_rx=241440449 queue_push=241440450 core_rx=35592982
1785753676.144632 BNO_CORE_EVENT kind=1 report_seq=84 uart_sequence=24463 sensor_raw=4294956696 sensor_converted=4294956696 xiao_rx=241440457 queue_push=241440459 core_rx=35594223
1785753676.147707 BNO_CORE_EVENT kind=1 report_seq=85 uart_sequence=24464 sensor_raw=4294964696 sensor_converted=4294964696 xiao_rx=241440466 queue_push=241440467 core_rx=35595341
1785753676.150414 BNO_CORE_EVENT kind=2 report_seq=217 uart_sequence=24465 sensor_raw=4294959096 sensor_converted=4294959096 xiao_rx=241448493 queue_push=241448501 core_rx=35604336
1785753676.152037 BNO_CORE_EVENT kind=3 report_seq=108 uart_sequence=24466 sensor_raw=4294959096 sensor_converted=4294959096 xiao_rx=241448530 queue_push=241448531 core_rx=35606978
1785753676.153666 BNO_CORE_EVENT kind=1 report_seq=86 uart_sequence=24467 sensor_raw=4294965996 sensor_converted=4294965996 xiao_rx=241448541 queue_push=241448543 core_rx=35608202
1785753676.156902 BNO_CORE_EVENT kind=2 report_seq=218 uart_sequence=24468 sensor_raw=4294961496 sensor_converted=4294961496 xiao_rx=241454124 queue_push=241454126 core_rx=35609296
1785753676.158546 BNO_CORE_EVENT kind=5 report_seq=108 uart_sequence=24469 sensor_raw=4294961496 sensor_converted=4294961496 xiao_rx=241454133 queue_push=241454135 core_rx=35610390
1785753676.160173 BNO_CORE_EVENT kind=1 report_seq=87 uart_sequence=24470 sensor_raw=4294965796 sensor_converted=4294965796 xiao_rx=241454141 queue_push=241454143 core_rx=35612751
1785753676.163019 BNO_CORE_EVENT kind=2 report_seq=219 uart_sequence=24475 sensor_raw=4294964796 sensor_converted=4294964796 xiao_rx=241467276 queue_push=241467283 core_rx=35619306
1785753676.166255 BNO_CORE_EVENT kind=3 report_seq=109 uart_sequence=24477 sensor_raw=4294952196 sensor_converted=4294952196 xiao_rx=241477911 queue_push=241477920 core_rx=35632331
1785753676.167866 BNO_CORE_EVENT kind=4 report_seq=55 uart_sequence=24478 sensor_raw=4294952296 sensor_converted=4294952296 xiao_rx=241477949 queue_push=241477952 core_rx=35635036
1785753676.169475 BNO_CORE_EVENT kind=1 report_seq=88 uart_sequence=24479 sensor_raw=4294955096 sensor_converted=4294955096 xiao_rx=241477961 queue_push=241477963 core_rx=35636311
1785753676.172722 BNO_CORE_EVENT kind=2 report_seq=220 uart_sequence=24480 sensor_raw=4294962496 sensor_converted=4294962496 xiao_rx=241477971 queue_push=241477973 core_rx=35637409
1785753676.174606 BNO_CORE_EVENT kind=5 report_seq=109 uart_sequence=24481 sensor_raw=4294962496 sensor_converted=4294962496 xiao_rx=241477980 queue_push=241477982 core_rx=35640101
1785753676.176235 BNO_CORE_EVENT kind=1 report_seq=89 uart_sequence=24482 sensor_raw=4294962896 sensor_converted=4294962896 xiao_rx=241477988 queue_push=241477990 core_rx=35641246
1785753676.179457 BNO_CORE_EVENT kind=1 report_seq=90 uart_sequence=24483 sensor_raw=4294960396 sensor_converted=4294960396 xiao_rx=241483067 queue_push=241483069 core_rx=35642310
1785753676.181077 BNO_CORE_EVENT kind=2 report_seq=221 uart_sequence=24484 sensor_raw=4294961596 sensor_converted=4294961596 xiao_rx=241483076 queue_push=241483077 core_rx=35643436
1785753676.184297 BNO_CORE_EVENT kind=3 report_seq=110 uart_sequence=24485 sensor_raw=4294961596 sensor_converted=4294961596 xiao_rx=241483084 queue_push=241483086 core_rx=35644507
1785753676.185906 BNO_CORE_EVENT kind=1 report_seq=91 uart_sequence=24487 sensor_raw=4294962396 sensor_converted=4294962396 xiao_rx=241495223 queue_push=241495232 core_rx=35648329
1785753676.187523 BNO_CORE_EVENT kind=2 report_seq=222 uart_sequence=24489 sensor_raw=4294954096 sensor_converted=4294954096 xiao_rx=241501731 queue_push=241501737 core_rx=35656330
1785753676.190955 BNO_CORE_EVENT kind=5 report_seq=110 uart_sequence=24490 sensor_raw=4294954096 sensor_converted=4294954096 xiao_rx=241501763 queue_push=241501765 core_rx=35659026
1785753676.192571 BNO_CORE_EVENT kind=1 report_seq=92 uart_sequence=24491 sensor_raw=4294958996 sensor_converted=4294958996 xiao_rx=241501772 queue_push=241501774 core_rx=35660289
1785753676.195909 BNO_CORE_EVENT kind=2 report_seq=223 uart_sequence=24492 sensor_raw=4294964496 sensor_converted=4294964496 xiao_rx=241501781 queue_push=241501782 core_rx=35661383
1785753676.197537 BNO_CORE_EVENT kind=3 report_seq=111 uart_sequence=24493 sensor_raw=4294958196 sensor_converted=4294958196 xiao_rx=241506871 queue_push=241506874 core_rx=35662466
1785753676.200761 BNO_CORE_EVENT kind=4 report_seq=56 uart_sequence=24494 sensor_raw=4294958196 sensor_converted=4294958196 xiao_rx=241506886 queue_push=241506889 core_rx=35664709
1785753676.202371 BNO_CORE_EVENT kind=1 report_seq=93 uart_sequence=24495 sensor_raw=4294960196 sensor_converted=4294960196 xiao_rx=241506896 queue_push=241506898 core_rx=35665871
1785753676.203986 BNO_CORE_EVENT kind=1 report_seq=94 uart_sequence=24497 sensor_raw=4294963096 sensor_converted=4294963096 xiao_rx=241518098 queue_push=241518105 core_rx=35669356
1785753676.207229 BNO_CORE_EVENT kind=2 report_seq=224 uart_sequence=24498 sensor_raw=4294963096 sensor_converted=4294963096 xiao_rx=241518126 queue_push=241518128 core_rx=35670638
1785753676.208836 BNO_CORE_EVENT kind=5 report_seq=111 uart_sequence=24499 sensor_raw=4294963096 sensor_converted=4294963096 xiao_rx=241518136 queue_push=241518137 core_rx=35671734
1785753676.212090 BNO_CORE_EVENT kind=1 report_seq=95 uart_sequence=24502 sensor_raw=4294959896 sensor_converted=4294959896 xiao_rx=241526914 queue_push=241526920 core_rx=35683325
1785753676.213098 BNO_CORE_EVENT kind=2 report_seq=225 uart_sequence=24503 sensor_raw=4294961596 sensor_converted=4294961596 xiao_rx=241526941 queue_push=241526944 core_rx=35686048
1785753676.216306 BNO_CORE_EVENT kind=3 report_seq=112 uart_sequence=24504 sensor_raw=4294961596 sensor_converted=4294961596 xiao_rx=241526955 queue_push=241526956 core_rx=35687357
1785753676.217913 BNO_CORE_EVENT kind=1 report_seq=96 uart_sequence=24505 sensor_raw=4294959396 sensor_converted=4294959396 xiao_rx=241533519 queue_push=241533522 core_rx=35688460
1785753676.219546 BNO_CORE_EVENT kind=2 report_seq=226 uart_sequence=24506 sensor_raw=4294962996 sensor_converted=4294962996 xiao_rx=241533534 queue_push=241533536 core_rx=35691057
1785753676.222796 BNO_CORE_EVENT kind=5 report_seq=112 uart_sequence=24507 sensor_raw=4294962996 sensor_converted=4294962996 xiao_rx=241533544 queue_push=241533546 core_rx=35692220
1785753676.224412 BNO_CORE_EVENT kind=1 report_seq=97 uart_sequence=24508 sensor_raw=4294966596 sensor_converted=4294966596 xiao_rx=241533552 queue_push=241533554 core_rx=35693308
1785753676.226040 BNO_CORE_EVENT kind=2 report_seq=227 uart_sequence=24510 sensor_raw=4294964796 sensor_converted=4294964796 xiao_rx=241544550 queue_push=241544558 core_rx=35697320
1785753676.229228 BNO_CORE_EVENT kind=3 report_seq=113 uart_sequence=24511 sensor_raw=4294955096 sensor_converted=4294955096 xiao_rx=241551888 queue_push=241551897 core_rx=35705853
1785753676.230830 BNO_CORE_EVENT kind=4 report_seq=57 uart_sequence=24513 sensor_raw=4294955096 sensor_converted=4294955096 xiao_rx=241551919 queue_push=241551920 core_rx=35711024
1785753676.234044 BNO_CORE_EVENT kind=1 report_seq=98 uart_sequence=24514 sensor_raw=4294956696 sensor_converted=4294956696 xiao_rx=241551931 queue_push=241551932 core_rx=35712178
1785753676.235653 BNO_CORE_EVENT kind=1 report_seq=99 uart_sequence=24515 sensor_raw=4294964896 sensor_converted=4294964896 xiao_rx=241551939 queue_push=241551941 core_rx=35713835
1785753676.237279 BNO_CORE_EVENT kind=2 report_seq=228 uart_sequence=24516 sensor_raw=4294957596 sensor_converted=4294957596 xiao_rx=241556833 queue_push=241556834 core_rx=35715069
1785753676.240527 BNO_CORE_EVENT kind=5 report_seq=113 uart_sequence=24517 sensor_raw=4294957596 sensor_converted=4294957596 xiao_rx=241556844 queue_push=241556845 core_rx=35716144
1785753676.242146 BNO_CORE_EVENT kind=1 report_seq=100 uart_sequence=24518 sensor_raw=4294965196 sensor_converted=4294965196 xiao_rx=241556853 queue_push=241556855 core_rx=35717210
1785753676.244987 BNO_CORE_EVENT kind=2 report_seq=229 uart_sequence=24521 sensor_raw=4294963096 sensor_converted=4294963096 xiao_rx=241571400 queue_push=241571408 core_rx=35721322
1785753676.246344 BNO_CORE_EVENT kind=3 report_seq=114 uart_sequence=24522 sensor_raw=4294963096 sensor_converted=4294963096 xiao_rx=241571437 queue_push=241571438 core_rx=35723946
1785753676.247968 BNO_CORE_EVENT kind=1 report_seq=101 uart_sequence=24524 sensor_raw=4294954296 sensor_converted=4294954296 xiao_rx=241580405 queue_push=241580411 core_rx=35734304
1785753676.251208 BNO_CORE_EVENT kind=2 report_seq=230 uart_sequence=24525 sensor_raw=4294958496 sensor_converted=4294958496 xiao_rx=241580436 queue_push=241580439 core_rx=35737352
1785753676.252834 BNO_CORE_EVENT kind=5 report_seq=114 uart_sequence=24526 sensor_raw=4294958496 sensor_converted=4294958496 xiao_rx=241580447 queue_push=241580448 core_rx=35738639
1785753676.254436 BNO_CORE_EVENT kind=1 report_seq=102 uart_sequence=24527 sensor_raw=4294961596 sensor_converted=4294961596 xiao_rx=241580455 queue_push=241580457 core_rx=35740638
1785753676.257662 BNO_CORE_EVENT kind=2 report_seq=231 uart_sequence=24528 sensor_raw=4294959496 sensor_converted=4294959496 xiao_rx=241586447 queue_push=241586448 core_rx=35741880
1785753676.259264 BNO_CORE_EVENT kind=3 report_seq=115 uart_sequence=24529 sensor_raw=4294959496 sensor_converted=4294959496 xiao_rx=241586459 queue_push=241586460 core_rx=35742992
1785753676.263236 BNO_CORE_EVENT kind=4 report_seq=58 uart_sequence=24530 sensor_raw=4294959496 sensor_converted=4294959496 xiao_rx=241586468 queue_push=241586470 core_rx=35744061
1785753676.265507 BNO_CORE_EVENT kind=1 report_seq=103 uart_sequence=24531 sensor_raw=4294960496 sensor_converted=4294960496 xiao_rx=241586477 queue_push=241586478 core_rx=35745155
1785753676.267824 BNO_CORE_EVENT kind=1 report_seq=104 uart_sequence=24534 sensor_raw=4294962396 sensor_converted=4294962396 xiao_rx=241599544 queue_push=241599551 core_rx=35755346
1785753676.270117 BNO_CORE_EVENT kind=2 report_seq=232 uart_sequence=24535 sensor_raw=4294962896 sensor_converted=4294962896 xiao_rx=241599579 queue_push=241599582 core_rx=35758048
1785753676.272371 BNO_CORE_EVENT kind=5 report_seq=115 uart_sequence=24536 sensor_raw=4294962896 sensor_converted=4294962896 xiao_rx=241599589 queue_push=241599591 core_rx=35759332
1785753676.274619 BNO_CORE_EVENT kind=1 report_seq=105 uart_sequence=24537 sensor_raw=4294957796 sensor_converted=4294957796 xiao_rx=241606255 queue_push=241606259 core_rx=35760395
1785753676.276135 BNO_CORE_EVENT kind=2 report_seq=233 uart_sequence=24538 sensor_raw=4294960296 sensor_converted=4294960296 xiao_rx=241606272 queue_push=241606273 core_rx=35763091
1785753676.279207 BNO_CORE_EVENT kind=3 report_seq=116 uart_sequence=24539 sensor_raw=4294960296 sensor_converted=4294960296 xiao_rx=241606285 queue_push=241606286 core_rx=35764298
1785753676.280736 BNO_CORE_EVENT kind=1 report_seq=106 uart_sequence=24540 sensor_raw=4294965296 sensor_converted=4294965296 xiao_rx=241606293 queue_push=241606295 core_rx=35765373
1785753676.283774 BNO_CORE_EVENT kind=2 report_seq=234 uart_sequence=24541 sensor_raw=4294963096 sensor_converted=4294963096 xiao_rx=241616829 queue_push=241616838 core_rx=35770338
1785753676.285289 BNO_CORE_EVENT kind=5 report_seq=116 uart_sequence=24542 sensor_raw=4294963096 sensor_converted=4294963096 xiao_rx=241616864 queue_push=241616866 core_rx=35772949
1785753676.288322 BNO_CORE_EVENT kind=2 report_seq=235 uart_sequence=24543 sensor_raw=4294962996 sensor_converted=4294962996 xiao_rx=241620362 queue_push=241620364 core_rx=35774111
1785753676.289838 BNO_CORE_EVENT kind=3 report_seq=117 uart_sequence=24544 sensor_raw=4294962996 sensor_converted=4294962996 xiao_rx=241620375 queue_push=241620377 core_rx=35775223
1785753676.292870 BNO_CORE_EVENT kind=4 report_seq=59 uart_sequence=24547 sensor_raw=4294959496 sensor_converted=4294959496 xiao_rx=241629130 queue_push=241629139 core_rx=35780639
1785753676.295730 BNO_CORE_EVENT kind=1 report_seq=107 uart_sequence=24548 sensor_raw=4294960196 sensor_converted=4294960196 xiao_rx=241629164 queue_push=241629166 core_rx=35782938
1785753676.297351 BNO_CORE_EVENT kind=1 report_seq=108 uart_sequence=24550 sensor_raw=4294959796 sensor_converted=4294959796 xiao_rx=241636542 queue_push=241636548 core_rx=35790361
1785753676.298956 BNO_CORE_EVENT kind=2 report_seq=236 uart_sequence=24551 sensor_raw=4294960296 sensor_converted=4294960296 xiao_rx=241636573 queue_push=241636576 core_rx=35792950
1785753676.302222 BNO_CORE_EVENT kind=5 report_seq=117 uart_sequence=24552 sensor_raw=4294960296 sensor_converted=4294960296 xiao_rx=241636583 queue_push=241636584 core_rx=35794120
1785753676.303846 BNO_CORE_EVENT kind=1 report_seq=109 uart_sequence=24553 sensor_raw=4294959896 sensor_converted=4294959896 xiao_rx=241640995 queue_push=241640999 core_rx=35795213
1785753676.305459 BNO_CORE_EVENT kind=2 report_seq=237 uart_sequence=24554 sensor_raw=4294963096 sensor_converted=4294963096 xiao_rx=241641012 queue_push=241641014 core_rx=35796291
1785753676.308701 BNO_CORE_EVENT kind=3 report_seq=118 uart_sequence=24555 sensor_raw=4294963096 sensor_converted=4294963096 xiao_rx=241641025 queue_push=241641026 core_rx=35798769
1785753676.310318 BNO_CORE_EVENT kind=1 report_seq=110 uart_sequence=24557 sensor_raw=4294963296 sensor_converted=4294963296 xiao_rx=241651040 queue_push=241651045 core_rx=35801489
1785753676.313031 BNO_CORE_EVENT kind=2 report_seq=238 uart_sequence=24559 sensor_raw=4294958696 sensor_converted=4294958696 xiao_rx=241656526 queue_push=241656532 core_rx=35811327
1785753676.316243 BNO_CORE_EVENT kind=5 report_seq=118 uart_sequence=24560 sensor_raw=4294958696 sensor_converted=4294958696 xiao_rx=241656552 queue_push=241656554 core_rx=35813613
1785753676.317850 BNO_CORE_EVENT kind=1 report_seq=111 uart_sequence=24561 sensor_raw=4294960996 sensor_converted=4294960996 xiao_rx=241656562 queue_push=241656563 core_rx=35814861
1785753676.319458 BNO_CORE_EVENT kind=2 report_seq=239 uart_sequence=24562 sensor_raw=4294963096 sensor_converted=4294963096 xiao_rx=241661218 queue_push=241661223 core_rx=35815933
1785753676.322703 BNO_CORE_EVENT kind=3 report_seq=119 uart_sequence=24563 sensor_raw=4294963096 sensor_converted=4294963096 xiao_rx=241661248 queue_push=241661250 core_rx=35818063
1785753676.324311 BNO_CORE_EVENT kind=4 report_seq=60 uart_sequence=24566 sensor_raw=4294958596 sensor_converted=4294958596 xiao_rx=241671217 queue_push=241671230 core_rx=35825865
1785753676.328263 BNO_CORE_EVENT kind=1 report_seq=112 uart_sequence=24567 sensor_raw=4294958896 sensor_converted=4294958896 xiao_rx=241671257 queue_push=241671258 core_rx=35827506
1785753676.330212 BNO_CORE_EVENT kind=1 report_seq=113 uart_sequence=24568 sensor_raw=4294956996 sensor_converted=4294956996 xiao_rx=241677072 queue_push=241677073 core_rx=35829189
1785753676.333261 BNO_CORE_EVENT kind=2 report_seq=240 uart_sequence=24569 sensor_raw=4294958696 sensor_converted=4294958696 xiao_rx=241677086 queue_push=241677090 core_rx=35830372
1785753676.334777 BNO_CORE_EVENT kind=5 report_seq=119 uart_sequence=24570 sensor_raw=4294958696 sensor_converted=4294958696 xiao_rx=241677098 queue_push=241677099 core_rx=35831484
1785753676.337808 BNO_CORE_EVENT kind=1 report_seq=114 uart_sequence=24571 sensor_raw=4294964796 sensor_converted=4294964796 xiao_rx=241677106 queue_push=241677108 core_rx=35833278
1785753676.348816 BNO_CORE_EVENT kind=2 report_seq=241 uart_sequence=24576 sensor_raw=4294962396 sensor_converted=4294962396 xiao_rx=241689388 queue_push=241689398 core_rx=35849325
1785753676.350417 BNO_CORE_EVENT kind=3 report_seq=120 uart_sequence=24577 sensor_raw=4294962396 sensor_converted=4294962396 xiao_rx=241689422 queue_push=241689424 core_rx=35852005
1785753676.353643 BNO_CORE_EVENT kind=1 report_seq=115 uart_sequence=24578 sensor_raw=4294954396 sensor_converted=4294954396 xiao_rx=241695936 queue_push=241695941 core_rx=35853274
1785753676.355249 BNO_CORE_EVENT kind=2 report_seq=242 uart_sequence=24579 sensor_raw=4294960296 sensor_converted=4294960296 xiao_rx=241695964 queue_push=241695966 core_rx=35854384
1785753676.356863 BNO_CORE_EVENT kind=5 report_seq=120 uart_sequence=24580 sensor_raw=4294960296 sensor_converted=4294960296 xiao_rx=241695975 queue_push=241695976 core_rx=35857105
1785753676.360098 BNO_CORE_EVENT kind=1 report_seq=116 uart_sequence=24581 sensor_raw=4294962296 sensor_converted=4294962296 xiao_rx=241695983 queue_push=241695985 core_rx=35858371
1785753676.362158 BNO_CORE_EVENT kind=2 report_seq=243 uart_sequence=24582 sensor_raw=4294963896 sensor_converted=4294963896 xiao_rx=241699511 queue_push=241699515 core_rx=35859514
1785753676.364794 BNO_CORE_EVENT kind=3 report_seq=121 uart_sequence=24583 sensor_raw=4294963896 sensor_converted=4294963896 xiao_rx=241699527 queue_push=241699529 core_rx=35860583
1785753676.366396 BNO_CORE_EVENT kind=4 report_seq=61 uart_sequence=24584 sensor_raw=4294960196 sensor_converted=4294960196 xiao_rx=241711303 queue_push=241711312 core_rx=35863274
1785753676.368006 BNO_CORE_EVENT kind=1 report_seq=117 uart_sequence=24585 sensor_raw=4294960196 sensor_converted=4294960196 xiao_rx=241711336 queue_push=241711338 core_rx=35864417
1785753676.372812 BNO_CORE_EVENT kind=1 report_seq=118 uart_sequence=24587 sensor_raw=4294956696 sensor_converted=4294956696 xiao_rx=241717561 queue_push=241717567 core_rx=35874409
1785753676.376037 BNO_CORE_EVENT kind=2 report_seq=244 uart_sequence=24588 sensor_raw=4294958496 sensor_converted=4294958496 xiao_rx=241717589 queue_push=241717592 core_rx=35876391
1785753676.378966 BNO_CORE_EVENT kind=5 report_seq=121 uart_sequence=24589 sensor_raw=4294958496 sensor_converted=4294958496 xiao_rx=241717599 queue_push=241717601 core_rx=35877637
1785753676.380490 BNO_CORE_EVENT kind=1 report_seq=119 uart_sequence=24590 sensor_raw=4294964596 sensor_converted=4294964596 xiao_rx=241717608 queue_push=241717610 core_rx=35878721
1785753676.383622 BNO_CORE_EVENT kind=2 report_seq=245 uart_sequence=24591 sensor_raw=4294962396 sensor_converted=4294962396 xiao_rx=241723847 queue_push=241723852 core_rx=35879786
1785753676.385228 BNO_CORE_EVENT kind=3 report_seq=122 uart_sequence=24592 sensor_raw=4294962396 sensor_converted=4294962396 xiao_rx=241723875 queue_push=241723877 core_rx=35882602
1785753676.386840 BNO_CORE_EVENT kind=1 report_seq=120 uart_sequence=24593 sensor_raw=4294965796 sensor_converted=4294965796 xiao_rx=241723887 queue_push=241723889 core_rx=35883853
1785753676.390072 BNO_CORE_EVENT kind=2 report_seq=246 uart_sequence=24594 sensor_raw=4294964796 sensor_converted=4294964796 xiao_rx=241733795 queue_push=241733803 core_rx=35884955
1785753676.391690 BNO_CORE_EVENT kind=5 report_seq=122 uart_sequence=24597 sensor_raw=4294955596 sensor_converted=4294955596 xiao_rx=241742685 queue_push=241742692 core_rx=35892330
1785753676.393427 BNO_CORE_EVENT kind=1 report_seq=121 uart_sequence=24598 sensor_raw=4294957596 sensor_converted=4294957596 xiao_rx=241742736 queue_push=241742738 core_rx=35894987
1785753676.396304 BNO_CORE_EVENT kind=1 report_seq=122 uart_sequence=24599 sensor_raw=4294965496 sensor_converted=4294965496 xiao_rx=241742744 queue_push=241742746 core_rx=35896244
1785753676.399499 BNO_CORE_EVENT kind=2 report_seq=247 uart_sequence=24600 sensor_raw=4294956796 sensor_converted=4294956796 xiao_rx=241751143 queue_push=241751149 core_rx=35900341
1785753676.402630 BNO_CORE_EVENT kind=3 report_seq=123 uart_sequence=24601 sensor_raw=4294956796 sensor_converted=4294956796 xiao_rx=241751177 queue_push=241751179 core_rx=35903282
1785753676.404243 BNO_CORE_EVENT kind=4 report_seq=62 uart_sequence=24602 sensor_raw=4294956796 sensor_converted=4294956796 xiao_rx=241751186 queue_push=241751188 core_rx=35904466
1785753676.405852 BNO_CORE_EVENT kind=1 report_seq=123 uart_sequence=24603 sensor_raw=4294964396 sensor_converted=4294964396 xiao_rx=241751195 queue_push=241751197 core_rx=35905568
1785753676.412012 BNO_CORE_EVENT kind=2 report_seq=248 uart_sequence=24606 sensor_raw=4294958196 sensor_converted=4294958196 xiao_rx=241763556 queue_push=241763564 core_rx=35913345
1785753676.415364 BNO_CORE_EVENT kind=5 report_seq=123 uart_sequence=24607 sensor_raw=4294958196 sensor_converted=4294958196 xiao_rx=241763592 queue_push=241763593 core_rx=35915987
1785753676.416973 BNO_CORE_EVENT kind=1 report_seq=124 uart_sequence=24608 sensor_raw=4294963796 sensor_converted=4294963796 xiao_rx=241763601 queue_push=241763602 core_rx=35917232
1785753676.425224 BNO_CORE_EVENT kind=2 report_seq=249 uart_sequence=24610 sensor_raw=4294956196 sensor_converted=4294956196 xiao_rx=241772003 queue_push=241772011 core_rx=35926349
1785753676.428404 BNO_CORE_EVENT kind=3 report_seq=124 uart_sequence=24611 sensor_raw=4294956196 sensor_converted=4294956196 xiao_rx=241772039 queue_push=241772041 core_rx=35928962
1785753676.429791 BNO_CORE_EVENT kind=1 report_seq=125 uart_sequence=24612 sensor_raw=4294959396 sensor_converted=4294959396 xiao_rx=241772052 queue_push=241772054 core_rx=35930127
1785753676.432998 BNO_CORE_EVENT kind=2 report_seq=250 uart_sequence=24613 sensor_raw=4294957496 sensor_converted=4294957496 xiao_rx=241776308 queue_push=241776311 core_rx=35931195
1785753676.434608 BNO_CORE_EVENT kind=5 report_seq=124 uart_sequence=24614 sensor_raw=4294957496 sensor_converted=4294957496 xiao_rx=241776321 queue_push=241776323 core_rx=35932269
1785753676.436217 BNO_CORE_EVENT kind=1 report_seq=126 uart_sequence=24615 sensor_raw=4294958896 sensor_converted=4294958896 xiao_rx=241776329 queue_push=241776331 core_rx=35934746
1785753676.444895 BNO_CORE_EVENT kind=1 report_seq=127 uart_sequence=24617 sensor_raw=4294962596 sensor_converted=4294962596 xiao_rx=241786773 queue_push=241786782 core_rx=35942326
1785753676.445775 BNO_CORE_EVENT kind=2 report_seq=251 uart_sequence=24618 sensor_raw=4294963096 sensor_converted=4294963096 xiao_rx=241786802 queue_push=241786806 core_rx=35944970
1785753676.448485 BNO_CORE_EVENT kind=3 report_seq=125 uart_sequence=24619 sensor_raw=4294963096 sensor_converted=4294963096 xiao_rx=241786819 queue_push=241786820 core_rx=35947398
1785753676.450096 BNO_CORE_EVENT kind=4 report_seq=63 uart_sequence=24620 sensor_raw=4294952596 sensor_converted=4294952596 xiao_rx=241792685 queue_push=241792691 core_rx=35948634
1785753676.453312 BNO_CORE_EVENT kind=1 report_seq=128 uart_sequence=24621 sensor_raw=4294960296 sensor_converted=4294960296 xiao_rx=241792732 queue_push=241792734 core_rx=35949703
1785753676.454928 BNO_CORE_EVENT kind=2 report_seq=252 uart_sequence=24622 sensor_raw=4294962896 sensor_converted=4294962896 xiao_rx=241792741 queue_push=241792744 core_rx=35951753
1785753676.456538 BNO_CORE_EVENT kind=5 report_seq=125 uart_sequence=24623 sensor_raw=4294962896 sensor_converted=4294962896 xiao_rx=241792751 queue_push=241792753 core_rx=35952927
1785753676.459776 BNO_CORE_EVENT kind=1 report_seq=129 uart_sequence=24626 sensor_raw=4294961996 sensor_converted=4294961996 xiao_rx=241804674 queue_push=241804681 core_rx=35958362
1785753676.462995 BNO_CORE_EVENT kind=2 report_seq=253 uart_sequence=24627 sensor_raw=4294954796 sensor_converted=4294954796 xiao_rx=241809138 queue_push=241809141 core_rx=35961311
1785753676.464601 BNO_CORE_EVENT kind=3 report_seq=126 uart_sequence=24628 sensor_raw=4294954796 sensor_converted=4294954796 xiao_rx=241809155 queue_push=241809156 core_rx=35962523
1785753676.466204 BNO_CORE_EVENT kind=1 report_seq=130 uart_sequence=24629 sensor_raw=4294957896 sensor_converted=4294957896 xiao_rx=241809163 queue_push=241809165 core_rx=35963588
1785753676.472595 BNO_CORE_EVENT kind=2 report_seq=254 uart_sequence=24631 sensor_raw=4294960396 sensor_converted=4294960396 xiao_rx=241816448 queue_push=241816456 core_rx=35973439
1785753676.474201 BNO_CORE_EVENT kind=5 report_seq=126 uart_sequence=24632 sensor_raw=4294960396 sensor_converted=4294960396 xiao_rx=241816474 queue_push=241816476 core_rx=35975795
1785753676.477411 BNO_CORE_EVENT kind=1 report_seq=131 uart_sequence=24633 sensor_raw=4294961296 sensor_converted=4294961296 xiao_rx=241816483 queue_push=241816485 core_rx=35976955
1785753676.480352 BNO_CORE_EVENT kind=1 report_seq=132 uart_sequence=24634 sensor_raw=4294962396 sensor_converted=4294962396 xiao_rx=241821606 queue_push=241821609 core_rx=35978050
1785753676.481970 BNO_CORE_EVENT kind=2 report_seq=255 uart_sequence=24635 sensor_raw=4294963096 sensor_converted=4294963096 xiao_rx=241821627 queue_push=241821629 core_rx=35979116
1785753676.483592 BNO_CORE_EVENT kind=3 report_seq=127 uart_sequence=24636 sensor_raw=4294963096 sensor_converted=4294963096 xiao_rx=241821639 queue_push=241821641 core_rx=35980179
1785753676.486816 BNO_CORE_EVENT kind=4 report_seq=64 uart_sequence=24638 sensor_raw=4294957996 sensor_converted=4294957996 xiao_rx=241832887 queue_push=241832896 core_rx=35982841
1785753676.488427 BNO_CORE_EVENT kind=1 report_seq=133 uart_sequence=24639 sensor_raw=4294964496 sensor_converted=4294964496 xiao_rx=241832921 queue_push=241832923 core_rx=35984658
1785753676.493264 BNO_CORE_EVENT kind=2 report_seq=0 uart_sequence=24640 sensor_raw=4294956896 sensor_converted=4294956896 xiao_rx=241838538 queue_push=241838545 core_rx=35994325
1785753676.497633 BNO_CORE_EVENT kind=5 report_seq=127 uart_sequence=24641 sensor_raw=4294956896 sensor_converted=4294956896 xiao_rx=241838569 queue_push=241838570 core_rx=35996995
1785753676.499247 BNO_CORE_EVENT kind=1 report_seq=134 uart_sequence=24642 sensor_raw=4294961796 sensor_converted=4294961796 xiao_rx=241838577 queue_push=241838579 core_rx=35998232
1785753676.500870 BNO_CORE_EVENT kind=2 report_seq=1 uart_sequence=24643 sensor_raw=4294960896 sensor_converted=4294960896 xiao_rx=241844336 queue_push=241844340 core_rx=35999307
1785753676.504130 BNO_CORE_EVENT kind=3 report_seq=128 uart_sequence=24644 sensor_raw=4294960896 sensor_converted=4294960896 xiao_rx=241844354 queue_push=241844356 core_rx=36000362
1785753676.505670 BNO_CORE_EVENT kind=1 report_seq=135 uart_sequence=24645 sensor_raw=4294963596 sensor_converted=4294963596 xiao_rx=241844363 queue_push=241844364 core_rx=36002720
1785753676.507291 BNO_CORE_EVENT kind=2 report_seq=2 uart_sequence=24646 sensor_raw=4294964796 sensor_converted=4294964796 xiao_rx=241853384 queue_push=241853391 core_rx=36003885
1785753676.523809 BNO_CORE_EVENT kind=5 report_seq=128 uart_sequence=24652 sensor_raw=4294955796 sensor_converted=4294955796 xiao_rx=241866008 queue_push=241866015 core_rx=36025318
1785753676.526989 XIAO UART baud=921600 rx=GPIO8 tx=GPIO9 bytes=571752 frames=896 bytes_s=44148 frames_s=448 crc/cobs/len=0/0/0 seqgap=0 age_ms=1 type=4 log=1 q=1 rec=920 final=0
1785753676.531029 RXDIAG max_us=8067 budget_hits=11 byte/frame/time=11/0/0 rx_buf_max=1040 loop_period_max_us=1179530 loop_exec_max_us=1172582 free_heap=133264 min_free_heap=132912 reset_reason=0 bno_kind_1to5_s=124/99/49/25/50 queue=1 high=44 drops=0
1785753676.535860 BNO_CORE_EVENT kind=1 report_seq=136 uart_sequence=24653 sensor_raw=4294956496 sensor_converted=4294956496 xiao_rx=241866038 queue_push=241866040 core_rx=36027681
1785753676.539099 BNO_CORE_EVENT kind=1 report_seq=137 uart_sequence=24654 sensor_raw=4294964796 sensor_converted=4294964796 xiao_rx=241866046 queue_push=241866048 core_rx=36028962
1785753676.542328 BNO_CORE_EVENT kind=4 report_seq=65 uart_sequence=24655 sensor_raw=4294953396 sensor_converted=4294953396 xiao_rx=241873880 queue_push=241873885 core_rx=36030085
1785753676.547237 RXDETAIL service_calls=27965 service_bytes_avg=20 service_bytes_max=512 service_frames_avg=0 service_frames_avg_x1000=148 service_frames_max=7 service_bytes_s=44108 service_frames_s=449 rxbuf_full_obs=0 bno_valid=701 bno_invalid=0 unknown=0 uart_overflow=framework_unavailable trial_rx_bytes=88060 trial_frames=898 trial_bno=701 trial_crc/cobs/len=0/0/0
1785753676.549293 BNO_CORE_EVENT kind=2 report_seq=3 uart_sequence=24656 sensor_raw=4294953396 sensor_converted=4294953396 xiao_rx=241873897 queue_push=241873900 core_rx=36031759
1785753676.552338 BNO_CORE_EVENT kind=3 report_seq=129 uart_sequence=24657 sensor_raw=4294953396 sensor_converted=4294953396 xiao_rx=241873910 queue_push=241873912 core_rx=36034300
1785753676.553859 BNO_CORE_EVENT kind=1 report_seq=138 uart_sequence=24658 sensor_raw=4294960196 sensor_converted=4294960196 xiao_rx=241873919 queue_push=241873921 core_rx=36035452
1785753676.556902 BNO_CORE_EVENT kind=2 report_seq=4 uart_sequence=24659 sensor_raw=4294963296 sensor_converted=4294963296 xiao_rx=241873928 queue_push=241873929 core_rx=36036575
1785753676.559932 RXTASK mode=dispatch read_calls=27966 zero_reads=23344 read_bytes_max=512 rx_task_max_us=8067 rx_task_continuous_max_us=8067 stack_hwm_min_bytes=3964 cobs_delimiters=4161 rx_current=192 rx_max=1040 rx_full=0 overflow=framework_unavailable
1785753676.559932 SDTASK max_process_us=96927
1785753676.563181 BNO_CORE_EVENT kind=5 report_seq=129 uart_sequence=24660 sensor_raw=4294963296 sensor_converted=4294963296 xiao_rx=241873936 queue_push=241873938 core_rx=36038837
1785753676.566521 BNO_CORE_EVENT kind=1 report_seq=139 uart_sequence=24661 sensor_raw=4294960196 sensor_converted=4294960196 xiao_rx=241876366 queue_push=241876367 core_rx=36039979
1785753676.569736 BNO_CORE_EVENT kind=2 report_seq=5 uart_sequence=24665 sensor_raw=4294962996 sensor_converted=4294962996 xiao_rx=241888896 queue_push=241888905 core_rx=36049331
1785753676.572974 BNO_CORE_EVENT kind=3 report_seq=130 uart_sequence=24666 sensor_raw=4294962996 sensor_converted=4294962996 xiao_rx=241888933 queue_push=241888934 core_rx=36051993
1785753676.584998 BNO_CORE_EVENT kind=1 report_seq=140 uart_sequence=24667 sensor_raw=4294952696 sensor_converted=4294952696 xiao_rx=241895430 queue_push=241895434 core_rx=36054369
1785753676.593794 BNO_CORE_EVENT kind=1 report_seq=141 uart_sequence=24668 sensor_raw=4294960896 sensor_converted=4294960896 xiao_rx=241895449 queue_push=241895451 core_rx=36055507
1785753676.602925 BNO_CORE_EVENT kind=2 report_seq=6 uart_sequence=24669 sensor_raw=4294960896 sensor_converted=4294960896 xiao_rx=241895462 queue_push=241895463 core_rx=36056658
1785753676.612154 BNO_CORE_EVENT kind=5 report_seq=130 uart_sequence=24670 sensor_raw=4294960896 sensor_converted=4294960896 xiao_rx=241895472 queue_push=241895474 core_rx=36058525
1785753676.619807 BNO_CORE_EVENT kind=1 report_seq=142 uart_sequence=24671 sensor_raw=4294962996 sensor_converted=4294962996 xiao_rx=241899905 queue_push=241899909 core_rx=36059802
1785753676.627567 BNO_CORE_EVENT kind=2 report_seq=7 uart_sequence=24672 sensor_raw=4294963996 sensor_converted=4294963996 xiao_rx=241899921 queue_push=241899923 core_rx=36060874
1785753676.634705 BNO_CORE_EVENT kind=3 report_seq=131 uart_sequence=24673 sensor_raw=4294963996 sensor_converted=4294963996 xiao_rx=241899930 queue_push=241899932 core_rx=36061938
1785753676.640837 BNO_CORE_EVENT kind=4 report_seq=66 uart_sequence=24676 sensor_raw=4294959796 sensor_converted=4294959796 xiao_rx=241915083 queue_push=241915092 core_rx=36069043
1785753676.649126 BNO_CORE_EVENT kind=1 report_seq=143 uart_sequence=24677 sensor_raw=4294965396 sensor_converted=4294965396 xiao_rx=241915117 queue_push=241915119 core_rx=36070318
1785753676.658218 BNO_CORE_EVENT kind=2 report_seq=8 uart_sequence=24679 sensor_raw=4294954796 sensor_converted=4294954796 xiao_rx=241919351 queue_push=241919354 core_rx=36074816
1785753676.666620 BNO_CORE_EVENT kind=5 report_seq=131 uart_sequence=24680 sensor_raw=4294954796 sensor_converted=4294954796 xiao_rx=241919362 queue_push=241919363 core_rx=36075952
1785753676.672856 BNO_CORE_EVENT kind=1 report_seq=144 uart_sequence=24681 sensor_raw=4294958796 sensor_converted=4294958796 xiao_rx=241919370 queue_push=241919372 core_rx=36077020
1785753676.681688 BNO_CORE_EVENT kind=2 report_seq=9 uart_sequence=24683 sensor_raw=4294960196 sensor_converted=4294960196 xiao_rx=241930646 queue_push=241930654 core_rx=36094322
1785753676.689036 BNO_CORE_EVENT kind=3 report_seq=132 uart_sequence=24684 sensor_raw=4294960196 sensor_converted=4294960196 xiao_rx=241930684 queue_push=241930686 core_rx=36097345
1785753676.697088 BNO_CORE_EVENT kind=1 report_seq=145 uart_sequence=24685 sensor_raw=4294961796 sensor_converted=4294961796 xiao_rx=241930718 queue_push=241930719 core_rx=36098624
1785753676.703730 BNO_CORE_EVENT kind=1 report_seq=146 uart_sequence=24686 sensor_raw=4294958896 sensor_converted=4294958896 xiao_rx=241937241 queue_push=241937246 core_rx=36100633
1785753676.709925 BNO_CORE_EVENT kind=2 report_seq=10 uart_sequence=24687 sensor_raw=4294958896 sensor_converted=4294958896 xiao_rx=241937278 queue_push=241937281 core_rx=36101859
1785753676.717669 BNO_CORE_EVENT kind=5 report_seq=132 uart_sequence=24688 sensor_raw=4294958896 sensor_converted=4294958896 xiao_rx=241937291 queue_push=241937293 core_rx=36102973
1785753676.724193 BNO_CORE_EVENT kind=1 report_seq=147 uart_sequence=24689 sensor_raw=4294966396 sensor_converted=4294966396 xiao_rx=241937303 queue_push=241937305 core_rx=36104057
1785753676.731849 BNO_CORE_EVENT kind=2 report_seq=11 uart_sequence=24690 sensor_raw=4294962996 sensor_converted=4294962996 xiao_rx=241941778 queue_push=241941786 core_rx=36105122
1785753676.738336 BNO_CORE_EVENT kind=3 report_seq=133 uart_sequence=24691 sensor_raw=4294962996 sensor_converted=4294962996 xiao_rx=241941816 queue_push=241941818 core_rx=36107214
1785753676.745845 BNO_CORE_EVENT kind=4 report_seq=67 uart_sequence=24692 sensor_raw=4294958396 sensor_converted=4294958396 xiao_rx=241945840 queue_push=241945843 core_rx=36108419
1785753676.753932 BNO_CORE_EVENT kind=1 report_seq=148 uart_sequence=24693 sensor_raw=4294963796 sensor_converted=4294963796 xiao_rx=241945861 queue_push=241945862 core_rx=36109526
1785753676.760285 BNO_CORE_EVENT kind=2 report_seq=12 uart_sequence=24694 sensor_raw=4294964096 sensor_converted=4294964096 xiao_rx=241957978 queue_push=241957985 core_rx=36110606
1785753676.767921 BNO_CORE_EVENT kind=5 report_seq=133 uart_sequence=24700 sensor_raw=4294951896 sensor_converted=4294951896 xiao_rx=241973053 queue_push=241973059 core_rx=36122325
1785753676.775928 BNO_CORE_EVENT kind=1 report_seq=149 uart_sequence=24701 sensor_raw=4294954796 sensor_converted=4294954796 xiao_rx=241973081 queue_push=241973083 core_rx=36124995
1785753676.783400 BNO_CORE_EVENT kind=2 report_seq=13 uart_sequence=24702 sensor_raw=4294961796 sensor_converted=4294961796 xiao_rx=241973094 queue_push=241973096 core_rx=36126245
1785753676.789816 BNO_CORE_EVENT kind=3 report_seq=134 uart_sequence=24703 sensor_raw=4294961796 sensor_converted=4294961796 xiao_rx=241973108 queue_push=241973110 core_rx=36127299
1785753676.793038 BNO_CORE_EVENT kind=1 report_seq=150 uart_sequence=24704 sensor_raw=4294962696 sensor_converted=4294962696 xiao_rx=241973116 queue_push=241973118 core_rx=36128364
1785753676.795423 BNO_CORE_EVENT kind=1 report_seq=151 uart_sequence=24706 sensor_raw=4294955596 sensor_converted=4294955596 xiao_rx=241982902 queue_push=241982909 core_rx=36143326
1785753676.797459 BNO_CORE_EVENT kind=2 report_seq=14 uart_sequence=24707 sensor_raw=4294955696 sensor_converted=4294955696 xiao_rx=241982927 queue_push=241982930 core_rx=36146283
1785753676.798982 BNO_CORE_EVENT kind=5 report_seq=134 uart_sequence=24708 sensor_raw=4294955696 sensor_converted=4294955696 xiao_rx=241982937 queue_push=241982939 core_rx=36147446
1785753676.802013 BNO_CORE_EVENT kind=1 report_seq=152 uart_sequence=24709 sensor_raw=4294963096 sensor_converted=4294963096 xiao_rx=241982945 queue_push=241982947 core_rx=36148554
1785753676.803528 BNO_CORE_EVENT kind=4 report_seq=68 uart_sequence=24710 sensor_raw=4294956396 sensor_converted=4294956396 xiao_rx=241988374 queue_push=241988379 core_rx=36149645
1785753676.806558 BNO_CORE_EVENT kind=2 report_seq=15 uart_sequence=24711 sensor_raw=4294956496 sensor_converted=4294956496 xiao_rx=241988399 queue_push=241988401 core_rx=36152098
1785753676.808074 BNO_CORE_EVENT kind=3 report_seq=135 uart_sequence=24712 sensor_raw=4294956496 sensor_converted=4294956496 xiao_rx=241988412 queue_push=241988414 core_rx=36153346
1785753676.809588 BNO_CORE_EVENT kind=1 report_seq=153 uart_sequence=24713 sensor_raw=4294961996 sensor_converted=4294961996 xiao_rx=241988422 queue_push=241988424 core_rx=36154471
1785753676.812599 BNO_CORE_EVENT kind=2 report_seq=16 uart_sequence=24714 sensor_raw=4294960896 sensor_converted=4294960896 xiao_rx=241993975 queue_push=241993979 core_rx=36155543
1785753676.814209 BNO_CORE_EVENT kind=5 report_seq=135 uart_sequence=24715 sensor_raw=4294960896 sensor_converted=4294960896 xiao_rx=241993990 queue_push=241993991 core_rx=36156607
1785753676.817432 BNO_CORE_EVENT kind=1 report_seq=154 uart_sequence=24716 sensor_raw=4294963996 sensor_converted=4294963996 xiao_rx=241993999 queue_push=241994000 core_rx=36157671
1785753676.819037 BNO_CORE_EVENT kind=2 report_seq=17 uart_sequence=24717 sensor_raw=4294964596 sensor_converted=4294964596 xiao_rx=242006209 queue_push=242006217 core_rx=36160309
1785753676.820649 BNO_CORE_EVENT kind=3 report_seq=136 uart_sequence=24719 sensor_raw=4294953196 sensor_converted=4294953196 xiao_rx=242015206 queue_push=242015215 core_rx=36172296
1785753676.823883 BNO_CORE_EVENT kind=1 report_seq=155 uart_sequence=24720 sensor_raw=4294954096 sensor_converted=4294954096 xiao_rx=242015237 queue_push=242015240 core_rx=36173909
1785753676.825490 BNO_CORE_EVENT kind=1 report_seq=156 uart_sequence=24721 sensor_raw=4294962496 sensor_converted=4294962496 xiao_rx=242015246 queue_push=242015248 core_rx=36175941
1785753676.828808 BNO_CORE_EVENT kind=2 report_seq=18 uart_sequence=24722 sensor_raw=4294963096 sensor_converted=4294963096 xiao_rx=242015258 queue_push=242015260 core_rx=36177104
1785753676.830406 BNO_CORE_EVENT kind=5 report_seq=136 uart_sequence=24723 sensor_raw=4294963096 sensor_converted=4294963096 xiao_rx=242015267 queue_push=242015269 core_rx=36178215
1785753676.832014 BNO_CORE_EVENT kind=1 report_seq=157 uart_sequence=24724 sensor_raw=4294961696 sensor_converted=4294961696 xiao_rx=242020858 queue_push=242020862 core_rx=36179611
1785753676.835241 BNO_CORE_EVENT kind=4 report_seq=69 uart_sequence=24725 sensor_raw=4294963796 sensor_converted=4294963796 xiao_rx=242020884 queue_push=242020887 core_rx=36180775
1785753676.836855 BNO_CORE_EVENT kind=2 report_seq=19 uart_sequence=24726 sensor_raw=4294963996 sensor_converted=4294963996 xiao_rx=242020894 queue_push=242020896 core_rx=36181877
1785753676.838491 BNO_CORE_EVENT kind=3 report_seq=137 uart_sequence=24727 sensor_raw=4294963996 sensor_converted=4294963996 xiao_rx=242020903 queue_push=242020905 core_rx=36183881
1785753676.841731 BNO_CORE_EVENT kind=1 report_seq=158 uart_sequence=24728 sensor_raw=4294963496 sensor_converted=4294963496 xiao_rx=242024470 queue_push=242024473 core_rx=36185137
1785753676.843338 BNO_CORE_EVENT kind=2 report_seq=20 uart_sequence=24732 sensor_raw=4294963696 sensor_converted=4294963696 xiao_rx=242039968 queue_push=242039976 core_rx=36195873
1785753676.845954 BNO_CORE_EVENT kind=5 report_seq=137 uart_sequence=24733 sensor_raw=4294949996 sensor_converted=4294949996 xiao_rx=242046906 queue_push=242046908 core_rx=36197540
1785753676.847555 BNO_CORE_EVENT kind=1 report_seq=159 uart_sequence=24734 sensor_raw=4294951996 sensor_converted=4294951996 xiao_rx=242046914 queue_push=242046916 core_rx=36199220
1785753676.849181 BNO_CORE_EVENT kind=2 report_seq=21 uart_sequence=24735 sensor_raw=4294959896 sensor_converted=4294959896 xiao_rx=242046922 queue_push=242046924 core_rx=36200488
1785753676.852436 BNO_CORE_EVENT kind=3 report_seq=138 uart_sequence=24736 sensor_raw=4294959896 sensor_converted=4294959896 xiao_rx=242046935 queue_push=242046937 core_rx=36201608
1785753676.854056 BNO_CORE_EVENT kind=1 report_seq=160 uart_sequence=24737 sensor_raw=4294959896 sensor_converted=4294959896 xiao_rx=242046943 queue_push=242046945 core_rx=36203352
1785753676.855684 BNO_CORE_EVENT kind=1 report_seq=161 uart_sequence=24739 sensor_raw=4294961296 sensor_converted=4294961296 xiao_rx=242058115 queue_push=242058122 core_rx=36215327
1785753676.858926 BNO_CORE_EVENT kind=2 report_seq=22 uart_sequence=24740 sensor_raw=4294962496 sensor_converted=4294962496 xiao_rx=242058147 queue_push=242058150 core_rx=36217994
1785753676.860547 BNO_CORE_EVENT kind=5 report_seq=138 uart_sequence=24741 sensor_raw=4294962496 sensor_converted=4294962496 xiao_rx=242058157 queue_push=242058158 core_rx=36219271
1785753676.863508 BNO_CORE_EVENT kind=1 report_seq=162 uart_sequence=24742 sensor_raw=4294957996 sensor_converted=4294957996 xiao_rx=242065731 queue_push=242065735 core_rx=36220364
1785753676.866552 BNO_CORE_EVENT kind=2 report_seq=23 uart_sequence=24743 sensor_raw=4294961396 sensor_converted=4294961396 xiao_rx=242065746 queue_push=242065748 core_rx=36221471
1785753676.868068 BNO_CORE_EVENT kind=3 report_seq=139 uart_sequence=24744 sensor_raw=4294961396 sensor_converted=4294961396 xiao_rx=242065760 queue_push=242065761 core_rx=36223718
1785753676.871098 BNO_CORE_EVENT kind=4 report_seq=70 uart_sequence=24746 sensor_raw=4294961396 sensor_converted=4294961396 xiao_rx=242065769 queue_push=242065771 core_rx=36225252
1785753676.872613 BNO_CORE_EVENT kind=1 report_seq=163 uart_sequence=24747 sensor_raw=4294965496 sensor_converted=4294965496 xiao_rx=242065779 queue_push=242065780 core_rx=36226327
1785753676.874129 BNO_CORE_EVENT kind=2 report_seq=24 uart_sequence=24749 sensor_raw=4294963496 sensor_converted=4294963496 xiao_rx=242078139 queue_push=242078146 core_rx=36230321
1785753676.877161 BNO_CORE_EVENT kind=5 report_seq=139 uart_sequence=24750 sensor_raw=4294963496 sensor_converted=4294963496 xiao_rx=242078172 queue_push=242078175 core_rx=36231592
1785753676.879767 BNO_CORE_EVENT kind=1 report_seq=164 uart_sequence=24752 sensor_raw=4294953396 sensor_converted=4294953396 xiao_rx=242086866 queue_push=242086873 core_rx=36241315
1785753676.881329 BNO_CORE_EVENT kind=1 report_seq=165 uart_sequence=24753 sensor_raw=4294961496 sensor_converted=4294961496 xiao_rx=242086894 queue_push=242086896 core_rx=36243949
1785753676.884579 BNO_CORE_EVENT kind=2 report_seq=25 uart_sequence=24754 sensor_raw=4294961496 sensor_converted=4294961496 xiao_rx=242086906 queue_push=242086909 core_rx=36245124
1785753676.886194 BNO_CORE_EVENT kind=3 report_seq=140 uart_sequence=24755 sensor_raw=4294961496 sensor_converted=4294961496 xiao_rx=242086920 queue_push=242086922 core_rx=36246224
1785753676.887832 BNO_CORE_EVENT kind=1 report_seq=166 uart_sequence=24756 sensor_raw=4294962196 sensor_converted=4294962196 xiao_rx=242092292 queue_push=242092294 core_rx=36247326
1785753676.891073 BNO_CORE_EVENT kind=2 report_seq=26 uart_sequence=24757 sensor_raw=4294963596 sensor_converted=4294963596 xiao_rx=242092307 queue_push=242092309 core_rx=36249753
1785753676.892709 BNO_CORE_EVENT kind=5 report_seq=140 uart_sequence=24758 sensor_raw=4294963596 sensor_converted=4294963596 xiao_rx=242092317 queue_push=242092319 core_rx=36251018
1785753676.896355 BNO_CORE_EVENT kind=1 report_seq=167 uart_sequence=24762 sensor_raw=4294963696 sensor_converted=4294963696 xiao_rx=242104430 queue_push=242104437 core_rx=36256312
1785753676.898954 BNO_CORE_EVENT kind=4 report_seq=71 uart_sequence=24763 sensor_raw=4294954696 sensor_converted=4294954696 xiao_rx=242111059 queue_push=242111067 core_rx=36260336
1785753676.900586 BNO_CORE_EVENT kind=2 report_seq=27 uart_sequence=24764 sensor_raw=4294954796 sensor_converted=4294954796 xiao_rx=242111088 queue_push=242111090 core_rx=36262998
1785753676.902209 BNO_CORE_EVENT kind=3 report_seq=141 uart_sequence=24765 sensor_raw=4294954796 sensor_converted=4294954796 xiao_rx=242111107 queue_push=242111109 core_rx=36265400
1785753676.905439 BNO_CORE_EVENT kind=1 report_seq=168 uart_sequence=24766 sensor_raw=4294958696 sensor_converted=4294958696 xiao_rx=242111117 queue_push=242111119 core_rx=36266672
1785753676.907074 BNO_CORE_EVENT kind=2 report_seq=28 uart_sequence=24768 sensor_raw=4294958396 sensor_converted=4294958396 xiao_rx=242118451 queue_push=242118459 core_rx=36274308
1785753676.908688 BNO_CORE_EVENT kind=5 report_seq=141 uart_sequence=24769 sensor_raw=4294958396 sensor_converted=4294958396 xiao_rx=242118487 queue_push=242118488 core_rx=36277004
1785753676.911907 BNO_CORE_EVENT kind=1 report_seq=169 uart_sequence=24770 sensor_raw=4294960196 sensor_converted=4294960196 xiao_rx=242118495 queue_push=242118497 core_rx=36278182
1785753676.914976 BNO_CORE_EVENT kind=1 report_seq=170 uart_sequence=24771 sensor_raw=4294961096 sensor_converted=4294961096 xiao_rx=242124179 queue_push=242124181 core_rx=36280384
1785753676.916594 BNO_CORE_EVENT kind=2 report_seq=29 uart_sequence=24772 sensor_raw=4294961096 sensor_converted=4294961096 xiao_rx=242124194 queue_push=242124197 core_rx=36281554
1785753676.918201 BNO_CORE_EVENT kind=3 report_seq=142 uart_sequence=24773 sensor_raw=4294961096 sensor_converted=4294961096 xiao_rx=242124209 queue_push=242124212 core_rx=36283756
1785753676.921419 BNO_CORE_EVENT kind=1 report_seq=171 uart_sequence=24774 sensor_raw=4294963496 sensor_converted=4294963496 xiao_rx=242133480 queue_push=242133487 core_rx=36284974
1785753676.923042 BNO_CORE_EVENT kind=2 report_seq=30 uart_sequence=24775 sensor_raw=4294955796 sensor_converted=4294955796 xiao_rx=242138988 queue_push=242138995 core_rx=36295347
1785753676.926267 BNO_CORE_EVENT kind=5 report_seq=142 uart_sequence=24776 sensor_raw=4294955796 sensor_converted=4294955796 xiao_rx=242139019 queue_push=242139021 core_rx=36297979
1785753676.928228 BNO_CORE_EVENT kind=1 report_seq=172 uart_sequence=24777 sensor_raw=4294961696 sensor_converted=4294961696 xiao_rx=242139028 queue_push=242139030 core_rx=36299173
1785753676.930751 BNO_CORE_EVENT kind=4 report_seq=72 uart_sequence=24778 sensor_raw=4294960196 sensor_converted=4294960196 xiao_rx=242145738 queue_push=242145741 core_rx=36300267
1785753676.932263 BNO_CORE_EVENT kind=2 report_seq=31 uart_sequence=24779 sensor_raw=4294960296 sensor_converted=4294960296 xiao_rx=242145747 queue_push=242145749 core_rx=36301583
1785753676.935279 BNO_CORE_EVENT kind=3 report_seq=143 uart_sequence=24780 sensor_raw=4294960296 sensor_converted=4294960296 xiao_rx=242145760 queue_push=242145762 core_rx=36302691
1785753676.936788 BNO_CORE_EVENT kind=1 report_seq=173 uart_sequence=24781 sensor_raw=4294963796 sensor_converted=4294963796 xiao_rx=242145769 queue_push=242145770 core_rx=36303787
1785753676.940039 BNO_CORE_EVENT kind=2 report_seq=32 uart_sequence=24786 sensor_raw=4294963496 sensor_converted=4294963496 xiao_rx=242161952 queue_push=242161960 core_rx=36318329
1785753676.941653 BNO_CORE_EVENT kind=5 report_seq=143 uart_sequence=24787 sensor_raw=4294963496 sensor_converted=4294963496 xiao_rx=242161988 queue_push=242161990 core_rx=36321013
1785753676.944830 BNO_CORE_EVENT kind=1 report_seq=174 uart_sequence=24788 sensor_raw=4294948696 sensor_converted=4294948696 xiao_rx=242168244 queue_push=242168246 core_rx=36322312
1785753676.947486 BNO_CORE_EVENT kind=1 report_seq=175 uart_sequence=24789 sensor_raw=4294956996 sensor_converted=4294956996 xiao_rx=242168255 queue_push=242168257 core_rx=36323397
1785753676.949393 BNO_CORE_EVENT kind=2 report_seq=33 uart_sequence=24790 sensor_raw=4294957296 sensor_converted=4294957296 xiao_rx=242168265 queue_push=242168268 core_rx=36324498
1785753676.951611 BNO_CORE_EVENT kind=3 report_seq=144 uart_sequence=24792 sensor_raw=4294957296 sensor_converted=4294957296 xiao_rx=242168280 queue_push=242168281 core_rx=36327080
1785753676.953214 BNO_CORE_EVENT kind=1 report_seq=176 uart_sequence=24793 sensor_raw=4294964396 sensor_converted=4294964396 xiao_rx=242168288 queue_push=242168290 core_rx=36328219
1785753676.954828 BNO_CORE_EVENT kind=2 report_seq=34 uart_sequence=24796 sensor_raw=4294961096 sensor_converted=4294961096 xiao_rx=242183088 queue_push=242183094 core_rx=36335402
1785753676.958055 BNO_CORE_EVENT kind=5 report_seq=144 uart_sequence=24797 sensor_raw=4294961096 sensor_converted=4294961096 xiao_rx=242183127 queue_push=242183130 core_rx=36337485
1785753676.959671 BNO_CORE_EVENT kind=1 report_seq=177 uart_sequence=24798 sensor_raw=4294966196 sensor_converted=4294966196 xiao_rx=242183138 queue_push=242183139 core_rx=36338733
1785753676.962681 BNO_CORE_EVENT kind=2 report_seq=35 uart_sequence=24799 sensor_raw=4294956096 sensor_converted=4294956096 xiao_rx=242194021 queue_push=242194029 core_rx=36349325
1785753676.964289 BNO_CORE_EVENT kind=3 report_seq=145 uart_sequence=24800 sensor_raw=4294956096 sensor_converted=4294956096 xiao_rx=242194055 queue_push=242194057 core_rx=36351946
1785753676.967501 BNO_CORE_EVENT kind=4 report_seq=73 uart_sequence=24801 sensor_raw=4294956096 sensor_converted=4294956096 xiao_rx=242194066 queue_push=242194068 core_rx=36353126
1785753676.969111 BNO_CORE_EVENT kind=1 report_seq=178 uart_sequence=24802 sensor_raw=4294958596 sensor_converted=4294958596 xiao_rx=242194077 queue_push=242194079 core_rx=36354232
1785753676.970732 BNO_CORE_EVENT kind=2 report_seq=36 uart_sequence=24803 sensor_raw=4294955296 sensor_converted=4294955296 xiao_rx=242199224 queue_push=242199226 core_rx=36355332
1785753676.973957 BNO_CORE_EVENT kind=5 report_seq=145 uart_sequence=24804 sensor_raw=4294955296 sensor_converted=4294955296 xiao_rx=242199236 queue_push=242199238 core_rx=36357308
1785753676.975586 BNO_CORE_EVENT kind=1 report_seq=179 uart_sequence=24805 sensor_raw=4294956196 sensor_converted=4294956196 xiao_rx=242199245 queue_push=242199246 core_rx=36358584
1785753676.978590 BNO_CORE_EVENT kind=1 report_seq=180 uart_sequence=24806 sensor_raw=4294964196 sensor_converted=4294964196 xiao_rx=242199253 queue_push=242199255 core_rx=36359663
1785753676.981214 BNO_CORE_EVENT kind=2 report_seq=37 uart_sequence=24810 sensor_raw=4294959996 sensor_converted=4294959996 xiao_rx=242214364 queue_push=242214372 core_rx=36375877
1785753676.982818 BNO_CORE_EVENT kind=3 report_seq=146 uart_sequence=24811 sensor_raw=4294959996 sensor_converted=4294959996 xiao_rx=242214402 queue_push=242214404 core_rx=36377496
1785753676.984426 BNO_CORE_EVENT kind=1 report_seq=181 uart_sequence=24812 sensor_raw=4294951696 sensor_converted=4294951696 xiao_rx=242219564 queue_push=242219567 core_rx=36379608
1785753676.987658 BNO_CORE_EVENT kind=2 report_seq=38 uart_sequence=24813 sensor_raw=4294955296 sensor_converted=4294955296 xiao_rx=242219587 queue_push=242219589 core_rx=36380774
1785753676.989272 BNO_CORE_EVENT kind=5 report_seq=146 uart_sequence=24814 sensor_raw=4294955296 sensor_converted=4294955296 xiao_rx=242219596 queue_push=242219598 core_rx=36381869
1785753676.990890 BNO_CORE_EVENT kind=1 report_seq=182 uart_sequence=24815 sensor_raw=4294959896 sensor_converted=4294959896 xiao_rx=242219605 queue_push=242219607 core_rx=36383414
1785753676.993945 BNO_CORE_EVENT kind=2 report_seq=39 uart_sequence=24816 sensor_raw=4294959796 sensor_converted=4294959796 xiao_rx=242226297 queue_push=242226301 core_rx=36384622
1785753676.996865 BNO_CORE_EVENT kind=3 report_seq=147 uart_sequence=24817 sensor_raw=4294959796 sensor_converted=4294959796 xiao_rx=242226313 queue_push=242226315 core_rx=36385700
1785753676.999912 BNO_CORE_EVENT kind=4 report_seq=74 uart_sequence=24818 sensor_raw=4294959896 sensor_converted=4294959896 xiao_rx=242226323 queue_push=242226325 core_rx=36386775
1785753677.001429 BNO_CORE_EVENT kind=1 report_seq=183 uart_sequence=24819 sensor_raw=4294962296 sensor_converted=4294962296 xiao_rx=242226332 queue_push=242226333 core_rx=36387879
1785753677.002945 BNO_CORE_EVENT kind=2 report_seq=40 uart_sequence=24820 sensor_raw=4294962996 sensor_converted=4294962996 xiao_rx=242239835 queue_push=242239843 core_rx=36390301
1785753677.005977 BNO_CORE_EVENT kind=5 report_seq=147 uart_sequence=24821 sensor_raw=4294962996 sensor_converted=4294962996 xiao_rx=242239870 queue_push=242239872 core_rx=36391528
1785753677.007495 BNO_CORE_EVENT kind=1 report_seq=184 uart_sequence=24822 sensor_raw=4294963496 sensor_converted=4294963496 xiao_rx=242239878 queue_push=242239880 core_rx=36392593
1785753677.010529 BNO_CORE_EVENT kind=1 report_seq=185 uart_sequence=24825 sensor_raw=4294958496 sensor_converted=4294958496 xiao_rx=242248601 queue_push=242248606 core_rx=36408319
1785753677.013251 BNO_CORE_EVENT kind=2 report_seq=41 uart_sequence=24826 sensor_raw=4294959996 sensor_converted=4294959996 xiao_rx=242248633 queue_push=242248636 core_rx=36410943
1785753677.014853 BNO_CORE_EVENT kind=3 report_seq=148 uart_sequence=24827 sensor_raw=4294959996 sensor_converted=4294959996 xiao_rx=242248648 queue_push=242248650 core_rx=36412110
1785753677.018083 BNO_CORE_EVENT kind=1 report_seq=186 uart_sequence=24828 sensor_raw=4294965896 sensor_converted=4294965896 xiao_rx=242248657 queue_push=242248659 core_rx=36413222
1785753677.019691 BNO_CORE_EVENT kind=2 report_seq=42 uart_sequence=24829 sensor_raw=4294961096 sensor_converted=4294961096 xiao_rx=242255000 queue_push=242255008 core_rx=36414327
1785753677.021301 BNO_CORE_EVENT kind=5 report_seq=148 uart_sequence=24830 sensor_raw=4294961096 sensor_converted=4294961096 xiao_rx=242255031 queue_push=242255033 core_rx=36416765
1785753677.024527 BNO_CORE_EVENT kind=1 report_seq=187 uart_sequence=24831 sensor_raw=4294964896 sensor_converted=4294964896 xiao_rx=242255039 queue_push=242255041 core_rx=36418064
1785753677.026142 BNO_CORE_EVENT kind=2 report_seq=43 uart_sequence=24832 sensor_raw=4294964396 sensor_converted=4294964396 xiao_rx=242258573 queue_push=242258577 core_rx=36419134
1785753677.029518 BNO_CORE_EVENT kind=3 report_seq=149 uart_sequence=24833 sensor_raw=4294964396 sensor_converted=4294964396 xiao_rx=242258589 queue_push=242258591 core_rx=36420206
1785753677.031046 BNO_CORE_EVENT kind=4 report_seq=75 uart_sequence=24837 sensor_raw=4294961096 sensor_converted=4294961096 xiao_rx=242273399 queue_push=242273409 core_rx=36425483
1785753677.034386 BNO_CORE_EVENT kind=1 report_seq=188 uart_sequence=24838 sensor_raw=4294962896 sensor_converted=4294962896 xiao_rx=242273436 queue_push=242273437 core_rx=36426656
1785753677.036006 BNO_CORE_EVENT kind=1 report_seq=189 uart_sequence=24841 sensor_raw=4294956096 sensor_converted=4294956096 xiao_rx=242280987 queue_push=242280993 core_rx=36438335
1785753677.037631 BNO_CORE_EVENT kind=2 report_seq=44 uart_sequence=24842 sensor_raw=4294956096 sensor_converted=4294956096 xiao_rx=242281015 queue_push=242281017 core_rx=36440974
1785753677.040877 BNO_CORE_EVENT kind=5 report_seq=149 uart_sequence=24843 sensor_raw=4294956096 sensor_converted=4294956096 xiao_rx=242281024 queue_push=242281026 core_rx=36442227
1785753677.042510 BNO_CORE_EVENT kind=1 report_seq=190 uart_sequence=24844 sensor_raw=4294963796 sensor_converted=4294963796 xiao_rx=242281033 queue_push=242281035 core_rx=36443318
1785753677.045657 BNO_CORE_EVENT kind=2 report_seq=45 uart_sequence=24845 sensor_raw=4294958196 sensor_converted=4294958196 xiao_rx=242286201 queue_push=242286207 core_rx=36444394
1785753677.048710 BNO_CORE_EVENT kind=3 report_seq=150 uart_sequence=24846 sensor_raw=4294958196 sensor_converted=4294958196 xiao_rx=242286233 queue_push=242286235 core_rx=36446744
1785753677.051442 BNO_CORE_EVENT kind=1 report_seq=191 uart_sequence=24847 sensor_raw=4294964196 sensor_converted=4294964196 xiao_rx=242286244 queue_push=242286246 core_rx=36447937
1785753677.052959 BNO_CORE_EVENT kind=2 report_seq=46 uart_sequence=24848 sensor_raw=4294963096 sensor_converted=4294963096 xiao_rx=242288684 queue_push=242288687 core_rx=36449009
1785753677.054478 BNO_CORE_EVENT kind=5 report_seq=150 uart_sequence=24849 sensor_raw=4294960596 sensor_converted=4294960596 xiao_rx=242299225 queue_push=242299232 core_rx=36455330
1785753677.057513 BNO_CORE_EVENT kind=1 report_seq=192 uart_sequence=24850 sensor_raw=4294964396 sensor_converted=4294964396 xiao_rx=242299254 queue_push=242299256 core_rx=36457973
1785753677.059034 BNO_CORE_EVENT kind=2 report_seq=47 uart_sequence=24851 sensor_raw=4294960396 sensor_converted=4294960396 xiao_rx=242305930 queue_push=242305933 core_rx=36459173
1785753677.062150 BNO_CORE_EVENT kind=3 report_seq=151 uart_sequence=24852 sensor_raw=4294960396 sensor_converted=4294960396 xiao_rx=242305946 queue_push=242305948 core_rx=36461299
1785753677.063677 BNO_CORE_EVENT kind=4 report_seq=76 uart_sequence=24853 sensor_raw=4294960396 sensor_converted=4294960396 xiao_rx=242305955 queue_push=242305957 core_rx=36462457
1785753677.067001 BNO_CORE_EVENT kind=1 report_seq=193 uart_sequence=24854 sensor_raw=4294961796 sensor_converted=4294961796 xiao_rx=242305963 queue_push=242305965 core_rx=36464761
1785753677.068640 BNO_CORE_EVENT kind=1 report_seq=194 uart_sequence=24857 sensor_raw=4294962996 sensor_converted=4294962996 xiao_rx=242316858 queue_push=242316865 core_rx=36470317
1785753677.070257 BNO_CORE_EVENT kind=2 report_seq=48 uart_sequence=24858 sensor_raw=4294963296 sensor_converted=4294963296 xiao_rx=242316889 queue_push=242316892 core_rx=36473335
1785753677.073473 BNO_CORE_EVENT kind=5 report_seq=151 uart_sequence=24859 sensor_raw=4294963296 sensor_converted=4294963296 xiao_rx=242316899 queue_push=242316901 core_rx=36474569
1785753677.075091 BNO_CORE_EVENT kind=1 report_seq=195 uart_sequence=24860 sensor_raw=4294961096 sensor_converted=4294961096 xiao_rx=242321887 queue_push=242321891 core_rx=36476173
1785753677.078323 BNO_CORE_EVENT kind=2 report_seq=49 uart_sequence=24861 sensor_raw=4294963296 sensor_converted=4294963296 xiao_rx=242321900 queue_push=242321902 core_rx=36477375
1785753677.080678 BNO_CORE_EVENT kind=3 report_seq=152 uart_sequence=24862 sensor_raw=4294963296 sensor_converted=4294963296 xiao_rx=242321913 queue_push=242321915 core_rx=36478474
1785753677.082843 BNO_CORE_EVENT kind=1 report_seq=196 uart_sequence=24865 sensor_raw=4294962996 sensor_converted=4294962996 xiao_rx=242333564 queue_push=242333571 core_rx=36483797
1785753677.084460 BNO_CORE_EVENT kind=2 report_seq=50 uart_sequence=24866 sensor_raw=4294955796 sensor_converted=4294955796 xiao_rx=242339060 queue_push=242339067 core_rx=36488351
1785753677.086068 BNO_CORE_EVENT kind=5 report_seq=152 uart_sequence=24867 sensor_raw=4294955796 sensor_converted=4294955796 xiao_rx=242339090 queue_push=242339091 core_rx=36490967
1785753677.089319 BNO_CORE_EVENT kind=1 report_seq=197 uart_sequence=24868 sensor_raw=4294959796 sensor_converted=4294959796 xiao_rx=242339098 queue_push=242339100 core_rx=36492168
1785753677.091770 BNO_CORE_EVENT kind=2 report_seq=51 uart_sequence=24871 sensor_raw=4294960196 sensor_converted=4294960196 xiao_rx=242346861 queue_push=242346868 core_rx=36503075
1785753677.095381 BNO_CORE_EVENT kind=3 report_seq=153 uart_sequence=24872 sensor_raw=4294960196 sensor_converted=4294960196 xiao_rx=242346888 queue_push=242346891 core_rx=36504304
1785753677.097725 BNO_CORE_EVENT kind=4 report_seq=77 uart_sequence=24873 sensor_raw=4294960196 sensor_converted=4294960196 xiao_rx=242346898 queue_push=242346900 core_rx=36506320
1785753677.099330 BNO_CORE_EVENT kind=1 report_seq=198 uart_sequence=24874 sensor_raw=4294961596 sensor_converted=4294961596 xiao_rx=242346910 queue_push=242346911 core_rx=36507729
1785753677.102577 BNO_CORE_EVENT kind=1 report_seq=199 uart_sequence=24875 sensor_raw=4294961996 sensor_converted=4294961996 xiao_rx=242352533 queue_push=242352538 core_rx=36508848
1785753677.104207 BNO_CORE_EVENT kind=2 report_seq=52 uart_sequence=24876 sensor_raw=4294962296 sensor_converted=4294962296 xiao_rx=242352563 queue_push=242352564 core_rx=36509944
1785753677.105837 BNO_CORE_EVENT kind=5 report_seq=153 uart_sequence=24877 sensor_raw=4294962296 sensor_converted=4294962296 xiao_rx=242352572 queue_push=242352573 core_rx=36511027
1785753677.108889 BNO_CORE_EVENT kind=1 report_seq=200 uart_sequence=24878 sensor_raw=4294963896 sensor_converted=4294963896 xiao_rx=242362522 queue_push=242362529 core_rx=36512965
1785753677.113234 BNO_CORE_EVENT kind=2 report_seq=53 uart_sequence=24879 sensor_raw=4294956696 sensor_converted=4294956696 xiao_rx=242368172 queue_push=242368179 core_rx=36517859
1785753677.114469 BNO_CORE_EVENT kind=3 report_seq=154 uart_sequence=24880 sensor_raw=4294956696 sensor_converted=4294956696 xiao_rx=242368203 queue_push=242368204 core_rx=36519639
1785753677.117612 BNO_CORE_EVENT kind=1 report_seq=201 uart_sequence=24881 sensor_raw=4294962096 sensor_converted=4294962096 xiao_rx=242368212 queue_push=242368214 core_rx=36520849
1785753677.119125 BNO_CORE_EVENT kind=2 report_seq=54 uart_sequence=24883 sensor_raw=4294961096 sensor_converted=4294961096 xiao_rx=242376313 queue_push=242376321 core_rx=36528892
1785753677.120634 BNO_CORE_EVENT kind=5 report_seq=154 uart_sequence=24884 sensor_raw=4294961096 sensor_converted=4294961096 xiao_rx=242376350 queue_push=242376351 core_rx=36530501
1785753677.123869 BNO_CORE_EVENT kind=1 report_seq=202 uart_sequence=24885 sensor_raw=4294963996 sensor_converted=4294963996 xiao_rx=242376358 queue_push=242376360 core_rx=36533652
1785753677.125473 BNO_CORE_EVENT kind=2 report_seq=55 uart_sequence=24887 sensor_raw=4294963096 sensor_converted=4294963096 xiao_rx=242379861 queue_push=242379863 core_rx=36537185
1785753677.128635 BNO_CORE_EVENT kind=3 report_seq=155 uart_sequence=24888 sensor_raw=4294963096 sensor_converted=4294963096 xiao_rx=242379873 queue_push=242379874 core_rx=36539906
1785753677.131632 BNO_CORE_EVENT kind=4 report_seq=78 uart_sequence=24892 sensor_raw=4294959496 sensor_converted=4294959496 xiao_rx=242394821 queue_push=242394830 core_rx=36552311
1785753677.133153 BNO_CORE_EVENT kind=1 report_seq=203 uart_sequence=24893 sensor_raw=4294960196 sensor_converted=4294960196 xiao_rx=242394854 queue_push=242394856 core_rx=36555346
1785753677.136185 BNO_CORE_EVENT kind=1 report_seq=204 uart_sequence=24894 sensor_raw=4294953596 sensor_converted=4294953596 xiao_rx=242402010 queue_push=242402012 core_rx=36556623
1785753677.137700 BNO_CORE_EVENT kind=2 report_seq=56 uart_sequence=24895 sensor_raw=4294954996 sensor_converted=4294954996 xiao_rx=242402023 queue_push=242402027 core_rx=36558633
1785753677.140733 BNO_CORE_EVENT kind=5 report_seq=155 uart_sequence=24896 sensor_raw=4294954996 sensor_converted=4294954996 xiao_rx=242402034 queue_push=242402035 core_rx=36559770
1785753677.142248 BNO_CORE_EVENT kind=1 report_seq=205 uart_sequence=24897 sensor_raw=4294961496 sensor_converted=4294961496 xiao_rx=242402042 queue_push=242402044 core_rx=36560841
1785753677.145453 BNO_CORE_EVENT kind=2 report_seq=57 uart_sequence=24898 sensor_raw=4294964396 sensor_converted=4294964396 xiao_rx=242402050 queue_push=242402052 core_rx=36561936
1785753677.148502 BNO_CORE_EVENT kind=3 report_seq=156 uart_sequence=24899 sensor_raw=4294964396 sensor_converted=4294964396 xiao_rx=242402063 queue_push=242402064 core_rx=36563048
1785753677.151556 BNO_CORE_EVENT kind=1 report_seq=206 uart_sequence=24900 sensor_raw=4294961896 sensor_converted=4294961896 xiao_rx=242404493 queue_push=242404495 core_rx=36564717
1785753677.154610 BNO_CORE_EVENT kind=2 report_seq=58 uart_sequence=24902 sensor_raw=4294964796 sensor_converted=4294964796 xiao_rx=242414652 queue_push=242414660 core_rx=36569432
1785753677.156131 BNO_CORE_EVENT kind=5 report_seq=156 uart_sequence=24903 sensor_raw=4294954496 sensor_converted=4294954496 xiao_rx=242419136 queue_push=242419138 core_rx=36571952
1785753677.159283 BNO_CORE_EVENT kind=1 report_seq=207 uart_sequence=24904 sensor_raw=4294956996 sensor_converted=4294956996 xiao_rx=242419150 queue_push=242419152 core_rx=36573124
1785753677.161584 BNO_CORE_EVENT kind=2 report_seq=59 uart_sequence=24905 sensor_raw=4294960596 sensor_converted=4294960596 xiao_rx=242427577 queue_push=242427585 core_rx=36582336
1785753677.163629 BNO_CORE_EVENT kind=3 report_seq=157 uart_sequence=24906 sensor_raw=4294960596 sensor_converted=4294960596 xiao_rx=242427613 queue_push=242427615 core_rx=36584939
1785753677.165235 BNO_CORE_EVENT kind=4 report_seq=79 uart_sequence=24907 sensor_raw=4294960596 sensor_converted=4294960596 xiao_rx=242427622 queue_push=242427624 core_rx=36586109
1785753677.168477 BNO_CORE_EVENT kind=1 report_seq=208 uart_sequence=24908 sensor_raw=4294960596 sensor_converted=4294960596 xiao_rx=242427635 queue_push=242427637 core_rx=36587208
1785753677.170107 BNO_CORE_EVENT kind=1 report_seq=209 uart_sequence=24909 sensor_raw=4294960496 sensor_converted=4294960496 xiao_rx=242432554 queue_push=242432556 core_rx=36588287
1785753677.171720 BNO_CORE_EVENT kind=2 report_seq=60 uart_sequence=24910 sensor_raw=4294961996 sensor_converted=4294961996 xiao_rx=242432565 queue_push=242432567 core_rx=36590769
1785753677.174936 BNO_CORE_EVENT kind=5 report_seq=157 uart_sequence=24911 sensor_raw=4294961996 sensor_converted=4294961996 xiao_rx=242432574 queue_push=242432576 core_rx=36592054
1785753677.176571 BNO_CORE_EVENT kind=1 report_seq=210 uart_sequence=24915 sensor_raw=4294962996 sensor_converted=4294962996 xiao_rx=242444671 queue_push=242444677 core_rx=36601146
1785753677.179327 BNO_CORE_EVENT kind=2 report_seq=61 uart_sequence=24916 sensor_raw=4294954696 sensor_converted=4294954696 xiao_rx=242449161 queue_push=242449166 core_rx=36602454
1785753677.180938 BNO_CORE_EVENT kind=3 report_seq=158 uart_sequence=24917 sensor_raw=4294954696 sensor_converted=4294954696 xiao_rx=242449187 queue_push=242449189 core_rx=36603514
1785753677.184180 BNO_CORE_EVENT kind=1 report_seq=211 uart_sequence=24918 sensor_raw=4294958896 sensor_converted=4294958896 xiao_rx=242449195 queue_push=242449197 core_rx=36604579
1785753677.185789 BNO_CORE_EVENT kind=2 report_seq=62 uart_sequence=24920 sensor_raw=4294960396 sensor_converted=4294960396 xiao_rx=242456783 queue_push=242456791 core_rx=36611316
1785753677.189004 BNO_CORE_EVENT kind=5 report_seq=158 uart_sequence=24921 sensor_raw=4294960396 sensor_converted=4294960396 xiao_rx=242456820 queue_push=242456821 core_rx=36614004
1785753677.190614 BNO_CORE_EVENT kind=1 report_seq=212 uart_sequence=24922 sensor_raw=4294962196 sensor_converted=4294962196 xiao_rx=242456828 queue_push=242456830 core_rx=36616400
1785753677.192220 BNO_CORE_EVENT kind=1 report_seq=213 uart_sequence=24923 sensor_raw=4294962996 sensor_converted=4294962996 xiao_rx=242461261 queue_push=242461264 core_rx=36617592
1785753677.195365 BNO_CORE_EVENT kind=2 report_seq=63 uart_sequence=24924 sensor_raw=4294962996 sensor_converted=4294962996 xiao_rx=242461276 queue_push=242461278 core_rx=36618664
1785753677.197980 BNO_CORE_EVENT kind=3 report_seq=159 uart_sequence=24925 sensor_raw=4294962996 sensor_converted=4294962996 xiao_rx=242461290 queue_push=242461292 core_rx=36620750
1785753677.199612 BNO_CORE_EVENT kind=4 report_seq=80 uart_sequence=24927 sensor_raw=4294958396 sensor_converted=4294958396 xiao_rx=242470662 queue_push=242470671 core_rx=36625340
1785753677.201227 BNO_CORE_EVENT kind=1 report_seq=214 uart_sequence=24928 sensor_raw=4294965896 sensor_converted=4294965896 xiao_rx=242470719 queue_push=242470720 core_rx=36627947
1785753677.204438 BNO_CORE_EVENT kind=2 report_seq=64 uart_sequence=24929 sensor_raw=4294958996 sensor_converted=4294958996 xiao_rx=242475582 queue_push=242475585 core_rx=36629118
1785753677.206052 BNO_CORE_EVENT kind=5 report_seq=159 uart_sequence=24930 sensor_raw=4294958996 sensor_converted=4294958996 xiao_rx=242475593 queue_push=242475595 core_rx=36630214
1785753677.207623 BNO_CORE_EVENT kind=1 report_seq=215 uart_sequence=24931 sensor_raw=4294964496 sensor_converted=4294964496 xiao_rx=242475601 queue_push=242475603 core_rx=36631278
1785753677.210890 BNO_CORE_EVENT kind=2 report_seq=65 uart_sequence=24933 sensor_raw=4294963696 sensor_converted=4294963696 xiao_rx=242485426 queue_push=242485434 core_rx=36638341
1785753677.212385 BNO_CORE_EVENT kind=3 report_seq=160 uart_sequence=24934 sensor_raw=4294963696 sensor_converted=4294963696 xiao_rx=242485465 queue_push=242485467 core_rx=36640948
1785753677.215646 BNO_CORE_EVENT kind=1 report_seq=216 uart_sequence=24935 sensor_raw=4294957596 sensor_converted=4294957596 xiao_rx=242488807 queue_push=242488808 core_rx=36642125
1785753677.217272 BNO_CORE_EVENT kind=2 report_seq=66 uart_sequence=24936 sensor_raw=4294964096 sensor_converted=4294964096 xiao_rx=242488818 queue_push=242488820 core_rx=36643230
1785753677.220492 BNO_CORE_EVENT kind=5 report_seq=160 uart_sequence=24940 sensor_raw=4294960796 sensor_converted=4294960796 xiao_rx=242501223 queue_push=242501230 core_rx=36657348
1785753677.222119 BNO_CORE_EVENT kind=1 report_seq=217 uart_sequence=24941 sensor_raw=4294961996 sensor_converted=4294961996 xiao_rx=242501252 queue_push=242501254 core_rx=36659997
1785753677.223728 BNO_CORE_EVENT kind=1 report_seq=218 uart_sequence=24942 sensor_raw=4294957996 sensor_converted=4294957996 xiao_rx=242508142 queue_push=242508143 core_rx=36661237
1785753677.226941 BNO_CORE_EVENT kind=2 report_seq=67 uart_sequence=24943 sensor_raw=4294957996 sensor_converted=4294957996 xiao_rx=242508154 queue_push=242508156 core_rx=36662330
1785753677.228489 BNO_CORE_EVENT kind=3 report_seq=161 uart_sequence=24944 sensor_raw=4294957996 sensor_converted=4294957996 xiao_rx=242508167 queue_push=242508169 core_rx=36665075
1785753677.231639 BNO_CORE_EVENT kind=4 report_seq=81 uart_sequence=24945 sensor_raw=4294958296 sensor_converted=4294958296 xiao_rx=242508177 queue_push=242508179 core_rx=36666291
1785753677.233247 BNO_CORE_EVENT kind=1 report_seq=219 uart_sequence=24946 sensor_raw=4294965496 sensor_converted=4294965496 xiao_rx=242508185 queue_push=242508187 core_rx=36667355
1785753677.234856 BNO_CORE_EVENT kind=2 report_seq=68 uart_sequence=24949 sensor_raw=4294961096 sensor_converted=4294961096 xiao_rx=242521837 queue_push=242521845 core_rx=36675321
1785753677.238101 BNO_CORE_EVENT kind=5 report_seq=161 uart_sequence=24950 sensor_raw=4294961096 sensor_converted=4294961096 xiao_rx=242521870 queue_push=242521872 core_rx=36678374
1785753677.239709 BNO_CORE_EVENT kind=1 report_seq=220 uart_sequence=24951 sensor_raw=4294966396 sensor_converted=4294966396 xiao_rx=242521878 queue_push=242521880 core_rx=36679661
1785753677.241321 BNO_CORE_EVENT kind=2 report_seq=69 uart_sequence=24952 sensor_raw=4294957996 sensor_converted=4294957996 xiao_rx=242526968 queue_push=242526971 core_rx=36681612
1785753677.245143 BNO_CORE_EVENT kind=3 report_seq=162 uart_sequence=24953 sensor_raw=4294957996 sensor_converted=4294957996 xiao_rx=242526986 queue_push=242526988 core_rx=36682742
1785753677.247406 BNO_CORE_EVENT kind=1 report_seq=221 uart_sequence=24954 sensor_raw=4294960896 sensor_converted=4294960896 xiao_rx=242526995 queue_push=242526997 core_rx=36683816
1785753677.249027 BNO_CORE_EVENT kind=2 report_seq=70 uart_sequence=24955 sensor_raw=4294962996 sensor_converted=4294962996 xiao_rx=242537167 queue_push=242537175 core_rx=36693332
1785753677.251754 BNO_CORE_EVENT kind=5 report_seq=162 uart_sequence=24956 sensor_raw=4294962996 sensor_converted=4294962996 xiao_rx=242537196 queue_push=242537198 core_rx=36695569
1785753677.253362 BNO_CORE_EVENT kind=1 report_seq=222 uart_sequence=24957 sensor_raw=4294963496 sensor_converted=4294963496 xiao_rx=242537205 queue_push=242537207 core_rx=36696866
1785753677.254980 BNO_CORE_EVENT kind=1 report_seq=223 uart_sequence=24959 sensor_raw=4294961696 sensor_converted=4294961696 xiao_rx=242543903 queue_push=242543905 core_rx=36701502
1785753677.258227 BNO_CORE_EVENT kind=2 report_seq=71 uart_sequence=24960 sensor_raw=4294961996 sensor_converted=4294961996 xiao_rx=242543913 queue_push=242543915 core_rx=36702729
1785753677.259838 BNO_CORE_EVENT kind=3 report_seq=163 uart_sequence=24961 sensor_raw=4294961996 sensor_converted=4294961996 xiao_rx=242543927 queue_push=242543928 core_rx=36703873
1785753677.262682 BNO_CORE_EVENT kind=4 report_seq=82 uart_sequence=24962 sensor_raw=4294962896 sensor_converted=4294962896 xiao_rx=242543936 queue_push=242543938 core_rx=36704991
1785753677.265922 BNO_CORE_EVENT kind=1 report_seq=224 uart_sequence=24967 sensor_raw=4294962596 sensor_converted=4294962596 xiao_rx=242557839 queue_push=242557846 core_rx=36721317
1785753677.267537 BNO_CORE_EVENT kind=2 report_seq=72 uart_sequence=24968 sensor_raw=4294951396 sensor_converted=4294951396 xiao_rx=242566320 queue_push=242566325 core_rx=36723943
1785753677.269150 BNO_CORE_EVENT kind=5 report_seq=163 uart_sequence=24969 sensor_raw=4294951396 sensor_converted=4294951396 xiao_rx=242566339 queue_push=242566341 core_rx=36725104
1785753677.272357 BNO_CORE_EVENT kind=1 report_seq=225 uart_sequence=24970 sensor_raw=4294956796 sensor_converted=4294956796 xiao_rx=242566348 queue_push=242566350 core_rx=36726225
1785753677.273960 BNO_CORE_EVENT kind=2 report_seq=73 uart_sequence=24971 sensor_raw=4294961596 sensor_converted=4294961596 xiao_rx=242566357 queue_push=242566359 core_rx=36727332
1785753677.275569 BNO_CORE_EVENT kind=3 report_seq=164 uart_sequence=24972 sensor_raw=4294961596 sensor_converted=4294961596 xiao_rx=242566371 queue_push=242566374 core_rx=36729293
1785753677.279530 BNO_CORE_EVENT kind=1 report_seq=226 uart_sequence=24973 sensor_raw=4294964196 sensor_converted=4294964196 xiao_rx=242566381 queue_push=242566382 core_rx=36730595
1785753677.282089 BNO_CORE_EVENT kind=2 report_seq=74 uart_sequence=24974 sensor_raw=4294962996 sensor_converted=4294962996 xiao_rx=242571969 queue_push=242571972 core_rx=36731673
1785753677.285163 BNO_CORE_EVENT kind=5 report_seq=164 uart_sequence=24975 sensor_raw=4294962996 sensor_converted=4294962996 xiao_rx=242571997 queue_push=242571999 core_rx=36732739
1785753677.286706 BNO_CORE_EVENT kind=1 report_seq=227 uart_sequence=24976 sensor_raw=4294963896 sensor_converted=4294963896 xiao_rx=242572006 queue_push=242572008 core_rx=36733825
1785753677.288245 BNO_CORE_EVENT kind=1 report_seq=228 uart_sequence=24978 sensor_raw=4294965896 sensor_converted=4294965896 xiao_rx=242585631 queue_push=242585638 core_rx=36738351
1785753677.291132 BNO_CORE_EVENT kind=4 report_seq=83 uart_sequence=24979 sensor_raw=4294953396 sensor_converted=4294953396 xiao_rx=242593096 queue_push=242593104 core_rx=36741314
1785753677.293838 BNO_CORE_EVENT kind=2 report_seq=75 uart_sequence=24980 sensor_raw=4294953496 sensor_converted=4294953496 xiao_rx=242593121 queue_push=242593124 core_rx=36744311
1785753677.295774 BNO_CORE_EVENT kind=3 report_seq=165 uart_sequence=24981 sensor_raw=4294953496 sensor_converted=4294953496 xiao_rx=242593136 queue_push=242593138 core_rx=36745500
1785753677.298826 BNO_CORE_EVENT kind=1 report_seq=229 uart_sequence=24982 sensor_raw=4294960596 sensor_converted=4294960596 xiao_rx=242593145 queue_push=242593147 core_rx=36747161
1785753677.300343 BNO_CORE_EVENT kind=2 report_seq=76 uart_sequence=24983 sensor_raw=4294963996 sensor_converted=4294963996 xiao_rx=242593153 queue_push=242593155 core_rx=36748400
1785753677.303378 BNO_CORE_EVENT kind=5 report_seq=165 uart_sequence=24985 sensor_raw=4294956196 sensor_converted=4294956196 xiao_rx=242603168 queue_push=242603175 core_rx=36752328
1785753677.304895 BNO_CORE_EVENT kind=1 report_seq=230 uart_sequence=24986 sensor_raw=4294960696 sensor_converted=4294960696 xiao_rx=242603195 queue_push=242603197 core_rx=36754950
1785753677.307935 BNO_CORE_EVENT kind=2 report_seq=77 uart_sequence=24989 sensor_raw=4294955796 sensor_converted=4294955796 xiao_rx=242611743 queue_push=242611750 core_rx=36773363
1785753677.309453 BNO_CORE_EVENT kind=3 report_seq=166 uart_sequence=24990 sensor_raw=4294955796 sensor_converted=4294955796 xiao_rx=242611776 queue_push=242611778 core_rx=36776020
1785753677.312499 BNO_CORE_EVENT kind=1 report_seq=231 uart_sequence=24991 sensor_raw=4294958296 sensor_converted=4294958296 xiao_rx=242611786 queue_push=242611788 core_rx=36777283
1785753677.314024 BNO_CORE_EVENT kind=2 report_seq=78 uart_sequence=24992 sensor_raw=4294957496 sensor_converted=4294957496 xiao_rx=242618438 queue_push=242618443 core_rx=36778392
1785753677.317066 BNO_CORE_EVENT kind=5 report_seq=166 uart_sequence=24993 sensor_raw=4294957496 sensor_converted=4294957496 xiao_rx=242618467 queue_push=242618469 core_rx=36781118
1785753677.318582 BNO_CORE_EVENT kind=1 report_seq=232 uart_sequence=24994 sensor_raw=4294957996 sensor_converted=4294957996 xiao_rx=242618475 queue_push=242618477 core_rx=36782273
1785753677.321616 BNO_CORE_EVENT kind=1 report_seq=233 uart_sequence=24995 sensor_raw=4294965896 sensor_converted=4294965896 xiao_rx=242618484 queue_push=242618485 core_rx=36784332
1785753677.323132 BNO_CORE_EVENT kind=2 report_seq=79 uart_sequence=24996 sensor_raw=4294961296 sensor_converted=4294961296 xiao_rx=242623608 queue_push=242623612 core_rx=36785505
1785753677.326167 BNO_CORE_EVENT kind=3 report_seq=167 uart_sequence=24997 sensor_raw=4294961296 sensor_converted=4294961296 xiao_rx=242623624 queue_push=242623625 core_rx=36786574
1785753677.328911 BNO_CORE_EVENT kind=4 report_seq=84 uart_sequence=24998 sensor_raw=4294961296 sensor_converted=4294961296 xiao_rx=242623633 queue_push=242623634 core_rx=36787637
1785753677.330454 BNO_CORE_EVENT kind=1 report_seq=234 uart_sequence=25000 sensor_raw=4294961896 sensor_converted=4294961896 xiao_rx=242636249 queue_push=242636258 core_rx=36791317
1785753677.333523 BNO_CORE_EVENT kind=2 report_seq=80 uart_sequence=25001 sensor_raw=4294952996 sensor_converted=4294952996 xiao_rx=242642491 queue_push=242642494 core_rx=36792810
1785753677.335052 BNO_CORE_EVENT kind=5 report_seq=167 uart_sequence=25002 sensor_raw=4294952996 sensor_converted=4294952996 xiao_rx=242642501 queue_push=242642503 core_rx=36793945
1785753677.338119 BNO_CORE_EVENT kind=1 report_seq=235 uart_sequence=25003 sensor_raw=4294957496 sensor_converted=4294957496 xiao_rx=242642509 queue_push=242642511 core_rx=36796651
1785753677.339641 BNO_CORE_EVENT kind=2 report_seq=81 uart_sequence=25004 sensor_raw=4294963196 sensor_converted=4294963196 xiao_rx=242642518 queue_push=242642519 core_rx=36797854
1785753677.341176 BNO_CORE_EVENT kind=3 report_seq=168 uart_sequence=25005 sensor_raw=4294963196 sensor_converted=4294963196 xiao_rx=242642530 queue_push=242642532 core_rx=36798918
1785753677.344237 BNO_CORE_EVENT kind=1 report_seq=236 uart_sequence=25007 sensor_raw=4294958696 sensor_converted=4294958696 xiao_rx=242652557 queue_push=242652564 core_rx=36803306
1785753677.346899 BNO_CORE_EVENT kind=1 report_seq=237 uart_sequence=25010 sensor_raw=4294956496 sensor_converted=4294956496 xiao_rx=242658994 queue_push=242658999 core_rx=36819288
1785753677.348436 BNO_CORE_EVENT kind=2 report_seq=82 uart_sequence=25011 sensor_raw=4294956596 sensor_converted=4294956596 xiao_rx=242659023 queue_push=242659026 core_rx=36821985
1785753677.351028 BNO_CORE_EVENT kind=5 report_seq=168 uart_sequence=25012 sensor_raw=4294956596 sensor_converted=4294956596 xiao_rx=242659033 queue_push=242659034 core_rx=36823271
1785753677.354087 BNO_CORE_EVENT kind=1 report_seq=238 uart_sequence=25013 sensor_raw=4294964896 sensor_converted=4294964896 xiao_rx=242659041 queue_push=242659043 core_rx=36824375
1785753677.355615 BNO_CORE_EVENT kind=4 report_seq=85 uart_sequence=25014 sensor_raw=4294960196 sensor_converted=4294960196 xiao_rx=242665880 queue_push=242665886 core_rx=36825485
1785753677.357147 BNO_CORE_EVENT kind=2 report_seq=83 uart_sequence=25015 sensor_raw=4294960196 sensor_converted=4294960196 xiao_rx=242665904 queue_push=242665906 core_rx=36827724
1785753677.360205 BNO_CORE_EVENT kind=3 report_seq=169 uart_sequence=25016 sensor_raw=4294960196 sensor_converted=4294960196 xiao_rx=242665919 queue_push=242665921 core_rx=36828895
1785753677.363534 BNO_CORE_EVENT kind=1 report_seq=239 uart_sequence=25017 sensor_raw=4294965996 sensor_converted=4294965996 xiao_rx=242665929 queue_push=242665930 core_rx=36829993
1785753677.365142 BNO_CORE_EVENT kind=2 report_seq=84 uart_sequence=25018 sensor_raw=4294963696 sensor_converted=4294963696 xiao_rx=242670003 queue_push=242670008 core_rx=36831098
1785753677.366754 BNO_CORE_EVENT kind=5 report_seq=169 uart_sequence=25019 sensor_raw=4294963696 sensor_converted=4294963696 xiao_rx=242670029 queue_push=242670030 core_rx=36832186
1785753677.369975 BNO_CORE_EVENT kind=1 report_seq=240 uart_sequence=25022 sensor_raw=4294962996 sensor_converted=4294962996 xiao_rx=242683453 queue_push=242683460 core_rx=36837835
1785753677.371586 BNO_CORE_EVENT kind=2 report_seq=85 uart_sequence=25024 sensor_raw=4294956196 sensor_converted=4294956196 xiao_rx=242690229 queue_push=242690236 core_rx=36845332
1785753677.373196 BNO_CORE_EVENT kind=3 report_seq=170 uart_sequence=25025 sensor_raw=4294956196 sensor_converted=4294956196 xiao_rx=242690264 queue_push=242690266 core_rx=36847990
1785753677.376431 BNO_CORE_EVENT kind=1 report_seq=241 uart_sequence=25026 sensor_raw=4294957396 sensor_converted=4294957396 xiao_rx=242690274 queue_push=242690275 core_rx=36849281
1785753677.379684 BNO_CORE_EVENT kind=1 report_seq=242 uart_sequence=25027 sensor_raw=4294965296 sensor_converted=4294965296 xiao_rx=242690282 queue_push=242690283 core_rx=36850382
1785753677.381212 BNO_CORE_EVENT kind=2 report_seq=86 uart_sequence=25028 sensor_raw=4294959096 sensor_converted=4294959096 xiao_rx=242695868 queue_push=242695870 core_rx=36851456
1785753677.384252 BNO_CORE_EVENT kind=5 report_seq=170 uart_sequence=25029 sensor_raw=4294959096 sensor_converted=4294959096 xiao_rx=242695881 queue_push=242695882 core_rx=36853720
1785753677.385770 BNO_CORE_EVENT kind=1 report_seq=243 uart_sequence=25030 sensor_raw=4294966396 sensor_converted=4294966396 xiao_rx=242695889 queue_push=242695890 core_rx=36854898
1785753677.388805 BNO_CORE_EVENT kind=2 report_seq=87 uart_sequence=25032 sensor_raw=4294963696 sensor_converted=4294963696 xiao_rx=242706941 queue_push=242706947 core_rx=36857977
1785753677.390327 BNO_CORE_EVENT kind=3 report_seq=171 uart_sequence=25033 sensor_raw=4294963696 sensor_converted=4294963696 xiao_rx=242706974 queue_push=242706977 core_rx=36859243
1785753677.393361 BNO_CORE_EVENT kind=4 report_seq=86 uart_sequence=25035 sensor_raw=4294952596 sensor_converted=4294952596 xiao_rx=242715960 queue_push=242715970 core_rx=36869317
1785753677.395430 BNO_CORE_EVENT kind=1 report_seq=244 uart_sequence=25036 sensor_raw=4294958096 sensor_converted=4294958096 xiao_rx=242715991 queue_push=242715993 core_rx=36872029
1785753677.397979 BNO_CORE_EVENT kind=2 report_seq=88 uart_sequence=25037 sensor_raw=4294962696 sensor_converted=4294962696 xiao_rx=242716000 queue_push=242716003 core_rx=36873303
1785753677.399514 BNO_CORE_EVENT kind=5 report_seq=171 uart_sequence=25038 sensor_raw=4294962696 sensor_converted=4294962696 xiao_rx=242716010 queue_push=242716012 core_rx=36874398
1785753677.402600 BNO_CORE_EVENT kind=1 report_seq=245 uart_sequence=25039 sensor_raw=4294965496 sensor_converted=4294965496 xiao_rx=242716019 queue_push=242716021 core_rx=36877084
1785753677.404133 BNO_CORE_EVENT kind=2 report_seq=89 uart_sequence=25040 sensor_raw=4294963496 sensor_converted=4294963496 xiao_rx=242719549 queue_push=242719553 core_rx=36878389
1785753677.407199 BNO_CORE_EVENT kind=3 report_seq=172 uart_sequence=25041 sensor_raw=4294963496 sensor_converted=4294963496 xiao_rx=242719568 queue_push=242719570 core_rx=36879499
1785753677.408721 BNO_CORE_EVENT kind=1 report_seq=246 uart_sequence=25043 sensor_raw=4294960796 sensor_converted=4294960796 xiao_rx=242730386 queue_push=242730393 core_rx=36886339
1785753677.412067 BNO_CORE_EVENT kind=1 report_seq=247 uart_sequence=25044 sensor_raw=4294958396 sensor_converted=4294958396 xiao_rx=242736917 queue_push=242736918 core_rx=36888995
1785753677.414122 BNO_CORE_EVENT kind=2 report_seq=90 uart_sequence=25045 sensor_raw=4294958696 sensor_converted=4294958696 xiao_rx=242736929 queue_push=242736931 core_rx=36890283
1785753677.415659 BNO_CORE_EVENT kind=5 report_seq=172 uart_sequence=25046 sensor_raw=4294958696 sensor_converted=4294958696 xiao_rx=242736938 queue_push=242736940 core_rx=36891385
1785753677.418723 BNO_CORE_EVENT kind=1 report_seq=248 uart_sequence=25047 sensor_raw=4294965896 sensor_converted=4294965896 xiao_rx=242736947 queue_push=242736948 core_rx=36892493
1785753677.420257 BNO_CORE_EVENT kind=2 report_seq=91 uart_sequence=25051 sensor_raw=4294962796 sensor_converted=4294962796 xiao_rx=242752045 queue_push=242752054 core_rx=36902337
1785753677.423330 BNO_CORE_EVENT kind=3 report_seq=173 uart_sequence=25052 sensor_raw=4294962796 sensor_converted=4294962796 xiao_rx=242752082 queue_push=242752083 core_rx=36904995
1785753677.424862 BNO_CORE_EVENT kind=4 report_seq=87 uart_sequence=25053 sensor_raw=4294962796 sensor_converted=4294962796 xiao_rx=242752091 queue_push=242752093 core_rx=36906253
1785753677.426401 BNO_CORE_EVENT kind=1 report_seq=249 uart_sequence=25055 sensor_raw=4294951996 sensor_converted=4294951996 xiao_rx=242760357 queue_push=242760364 core_rx=36914823
1785753677.430626 BNO_CORE_EVENT kind=2 report_seq=92 uart_sequence=25056 sensor_raw=4294957396 sensor_converted=4294957396 xiao_rx=242760390 queue_push=242760393 core_rx=36916684
1785753677.432161 BNO_CORE_EVENT kind=5 report_seq=173 uart_sequence=25057 sensor_raw=4294957396 sensor_converted=4294957396 xiao_rx=242760400 queue_push=242760401 core_rx=36920212
1785753677.433702 BNO_CORE_EVENT kind=1 report_seq=250 uart_sequence=25058 sensor_raw=4294959796 sensor_converted=4294959796 xiao_rx=242760408 queue_push=242760410 core_rx=36921428
1785753677.436769 BNO_CORE_EVENT kind=2 report_seq=93 uart_sequence=25059 sensor_raw=4294958896 sensor_converted=4294958896 xiao_rx=242765503 queue_push=242765508 core_rx=36923304
1785753677.438304 BNO_CORE_EVENT kind=3 report_seq=174 uart_sequence=25060 sensor_raw=4294958896 sensor_converted=4294958896 xiao_rx=242765526 queue_push=242765528 core_rx=36924419
1785753677.441365 BNO_CORE_EVENT kind=1 report_seq=251 uart_sequence=25061 sensor_raw=4294959396 sensor_converted=4294959396 xiao_rx=242765536 queue_push=242765537 core_rx=36925502
1785753677.442909 BNO_CORE_EVENT kind=1 report_seq=252 uart_sequence=25064 sensor_raw=4294962996 sensor_converted=4294962996 xiao_rx=242776721 queue_push=242776726 core_rx=36934182
1785753677.445748 BNO_CORE_EVENT kind=2 report_seq=94 uart_sequence=25065 sensor_raw=4294963696 sensor_converted=4294963696 xiao_rx=242776748 queue_push=242776751 core_rx=36935474
1785753677.447352 BNO_CORE_EVENT kind=5 report_seq=174 uart_sequence=25066 sensor_raw=4294963696 sensor_converted=4294963696 xiao_rx=242776758 queue_push=242776760 core_rx=36936548
1785753677.450570 BNO_CORE_EVENT kind=1 report_seq=253 uart_sequence=25067 sensor_raw=4294959596 sensor_converted=4294959596 xiao_rx=242781186 queue_push=242781190 core_rx=36939269
1785753677.452100 BNO_CORE_EVENT kind=2 report_seq=95 uart_sequence=25068 sensor_raw=4294962896 sensor_converted=4294962896 xiao_rx=242781202 queue_push=242781204 core_rx=36940521
1785753677.455162 BNO_CORE_EVENT kind=3 report_seq=175 uart_sequence=25069 sensor_raw=4294962896 sensor_converted=4294962896 xiao_rx=242781215 queue_push=242781218 core_rx=36941611
1785753677.456690 BNO_CORE_EVENT kind=4 report_seq=88 uart_sequence=25070 sensor_raw=4294958396 sensor_converted=4294958396 xiao_rx=242792899 queue_push=242792908 core_rx=36944346
1785753677.459729 BNO_CORE_EVENT kind=1 report_seq=254 uart_sequence=25071 sensor_raw=4294962596 sensor_converted=4294962596 xiao_rx=242792930 queue_push=242792932 core_rx=36945592
1785753677.462579 BNO_CORE_EVENT kind=2 report_seq=96 uart_sequence=25074 sensor_raw=4294956096 sensor_converted=4294956096 xiao_rx=242802154 queue_push=242802161 core_rx=36951336
1785753677.464105 BNO_CORE_EVENT kind=5 report_seq=175 uart_sequence=25075 sensor_raw=4294956096 sensor_converted=4294956096 xiao_rx=242802186 queue_push=242802187 core_rx=36952632
1785753677.467134 BNO_CORE_EVENT kind=1 report_seq=255 uart_sequence=25076 sensor_raw=4294958096 sensor_converted=4294958096 xiao_rx=242802194 queue_push=242802195 core_rx=36954971
1785753677.468650 BNO_CORE_EVENT kind=2 report_seq=97 uart_sequence=25079 sensor_raw=4294957096 sensor_converted=4294957096 xiao_rx=242812256 queue_push=242812264 core_rx=36963310
1785753677.471966 BNO_CORE_EVENT kind=3 report_seq=176 uart_sequence=25080 sensor_raw=4294957096 sensor_converted=4294957096 xiao_rx=242812293 queue_push=242812295 core_rx=36964558
1785753677.473577 BNO_CORE_EVENT kind=1 report_seq=0 uart_sequence=25081 sensor_raw=4294957196 sensor_converted=4294957196 xiao_rx=242812304 queue_push=242812306 core_rx=36966636
1785753677.476849 BNO_CORE_EVENT kind=1 report_seq=1 uart_sequence=25082 sensor_raw=4294965096 sensor_converted=4294965096 xiao_rx=242812313 queue_push=242812314 core_rx=36967820
1785753677.478377 BNO_CORE_EVENT kind=2 report_seq=98 uart_sequence=25083 sensor_raw=4294956996 sensor_converted=4294956996 xiao_rx=242820343 queue_push=242820350 core_rx=36975313
1785753677.481533 BNO_CORE_EVENT kind=5 report_seq=176 uart_sequence=25084 sensor_raw=4294956996 sensor_converted=4294956996 xiao_rx=242820378 queue_push=242820380 core_rx=36978446
1785753677.483150 BNO_CORE_EVENT kind=1 report_seq=2 uart_sequence=25085 sensor_raw=4294963096 sensor_converted=4294963096 xiao_rx=242820387 queue_push=242820389 core_rx=36979803
1785753677.486356 BNO_CORE_EVENT kind=4 report_seq=89 uart_sequence=25086 sensor_raw=4294958696 sensor_converted=4294958696 xiao_rx=242827074 queue_push=242827079 core_rx=36982643
1785753677.488028 BNO_CORE_EVENT kind=2 report_seq=99 uart_sequence=25087 sensor_raw=4294958796 sensor_converted=4294958796 xiao_rx=242827089 queue_push=242827091 core_rx=36983882
1785753677.489649 BNO_CORE_EVENT kind=3 report_seq=177 uart_sequence=25088 sensor_raw=4294958796 sensor_converted=4294958796 xiao_rx=242827102 queue_push=242827103 core_rx=36984951
1785753677.492858 BNO_CORE_EVENT kind=1 report_seq=3 uart_sequence=25089 sensor_raw=4294962896 sensor_converted=4294962896 xiao_rx=242827110 queue_push=242827111 core_rx=36986069
1785753677.495826 BNO_CORE_EVENT kind=2 report_seq=100 uart_sequence=25090 sensor_raw=4294962596 sensor_converted=4294962596 xiao_rx=242837450 queue_push=242837458 core_rx=36988301
1785753677.497356 BNO_CORE_EVENT kind=5 report_seq=177 uart_sequence=25091 sensor_raw=4294962596 sensor_converted=4294962596 xiao_rx=242837480 queue_push=242837482 core_rx=36989547
1785753677.500395 BNO_CORE_EVENT kind=1 report_seq=4 uart_sequence=25092 sensor_raw=4294963996 sensor_converted=4294963996 xiao_rx=242837489 queue_push=242837491 core_rx=36990645
1785753677.501911 BNO_CORE_EVENT kind=1 report_seq=5 uart_sequence=25094 sensor_raw=4294961996 sensor_converted=4294961996 xiao_rx=242844645 queue_push=242844652 core_rx=36997321
1785753677.504941 BNO_CORE_EVENT kind=2 report_seq=101 uart_sequence=25095 sensor_raw=4294961996 sensor_converted=4294961996 xiao_rx=242844677 queue_push=242844679 core_rx=37000327
1785753677.506457 BNO_CORE_EVENT kind=3 report_seq=178 uart_sequence=25096 sensor_raw=4294961996 sensor_converted=4294961996 xiao_rx=242844690 queue_push=242844692 core_rx=37001596
1785753677.507972 BNO_CORE_EVENT kind=1 report_seq=6 uart_sequence=25097 sensor_raw=4294962796 sensor_converted=4294962796 xiao_rx=242848056 queue_push=242848059 core_rx=37002713
1785753677.512020 BNO_CORE_EVENT kind=2 report_seq=102 uart_sequence=25098 sensor_raw=4294964396 sensor_converted=4294964396 xiao_rx=242848068 queue_push=242848070 core_rx=37003785
1785753677.514129 BNO_CORE_EVENT kind=5 report_seq=178 uart_sequence=25101 sensor_raw=4294960896 sensor_converted=4294960896 xiao_rx=242857578 queue_push=242857585 core_rx=37008344
1785753677.520702 BNO_CORE_EVENT kind=1 report_seq=7 uart_sequence=25103 sensor_raw=4294957496 sensor_converted=4294957496 xiao_rx=242866080 queue_push=242866084 core_rx=37021315
1785753677.522320 BNO_CORE_EVENT kind=2 report_seq=103 uart_sequence=25104 sensor_raw=4294961996 sensor_converted=4294961996 xiao_rx=242866106 queue_push=242866109 core_rx=37023947
1785753677.525537 BNO_CORE_EVENT kind=3 report_seq=179 uart_sequence=25105 sensor_raw=4294961996 sensor_converted=4294961996 xiao_rx=242866120 queue_push=242866122 core_rx=37025122
1785753677.527156 BNO_CORE_EVENT kind=1 report_seq=8 uart_sequence=25106 sensor_raw=4294965296 sensor_converted=4294965296 xiao_rx=242866128 queue_push=242866130 core_rx=37026224
1785753677.529795 BNO_CORE_EVENT kind=4 report_seq=90 uart_sequence=25108 sensor_raw=4294965296 sensor_converted=4294965296 xiao_rx=242866138 queue_push=242866139 core_rx=37031263
1785753677.533013 BNO_CORE_EVENT kind=2 report_seq=104 uart_sequence=25109 sensor_raw=4294962996 sensor_converted=4294962996 xiao_rx=242871786 queue_push=242871789 core_rx=37032476
1785753677.534618 BNO_CORE_EVENT kind=5 report_seq=179 uart_sequence=25110 sensor_raw=4294962996 sensor_converted=4294962996 xiao_rx=242871802 queue_push=242871804 core_rx=37033542
1785753677.536238 BNO_CORE_EVENT kind=1 report_seq=9 uart_sequence=25111 sensor_raw=4294964596 sensor_converted=4294964596 xiao_rx=242871811 queue_push=242871812 core_rx=37034606
1785753677.539453 XIAO UART baud=921600 rx=GPIO8 tx=GPIO9 bytes=616604 frames=1355 bytes_s=44852 frames_s=459 crc/cobs/len=0/0/0 seqgap=0 age_ms=0 type=2 log=1 q=1 rec=1391 final=0
1785753677.542673 RXDIAG max_us=8067 budget_hits=14 byte/frame/time=14/0/0 rx_buf_max=1040 loop_period_max_us=1179530 loop_exec_max_us=1172582 free_heap=133264 min_free_heap=132912 reset_reason=0 bno_kind_1to5_s=130/102/51/26/51 queue=1 high=44 drops=0
1785753677.549711 RXDETAIL service_calls=28369 service_bytes_avg=21 service_bytes_max=512 service_frames_avg=0 service_frames_avg_x1000=162 service_frames_max=7 service_bytes_s=44612 service_frames_s=456 rxbuf_full_obs=0 bno_valid=1058 bno_invalid=0 unknown=0 uart_overflow=framework_unavailable trial_rx_bytes=132672 trial_frames=1354 trial_bno=1058 trial_crc/cobs/len=0/0/0
1785753677.552426 RXTASK mode=dispatch read_calls=28370 zero_reads=23547 read_bytes_max=512 rx_task_max_us=8067 rx_task_continuous_max_us=8067 stack_hwm_min_bytes=3964 cobs_delimiters=4617 rx_current=120 rx_max=1040 rx_full=0 overflow=framework_unavailable
1785753677.554054 BNO_CORE_EVENT kind=1 report_seq=10 uart_sequence=25113 sensor_raw=4294966096 sensor_converted=4294966096 xiao_rx=242884123 queue_push=242884130 core_rx=37039323
1785753677.557298 BNO_CORE_EVENT kind=2 report_seq=105 uart_sequence=25114 sensor_raw=4294955196 sensor_converted=4294955196 xiao_rx=242888611 queue_push=242888614 core_rx=37040512
1785753677.557298 SDTASK max_process_us=96927
1785753677.558913 BNO_CORE_EVENT kind=3 report_seq=180 uart_sequence=25115 sensor_raw=4294955196 sensor_converted=4294955196 xiao_rx=242888626 queue_push=242888628 core_rx=37042607
1785753677.561870 BNO_CORE_EVENT kind=1 report_seq=11 uart_sequence=25116 sensor_raw=4294962996 sensor_converted=4294962996 xiao_rx=242888635 queue_push=242888636 core_rx=37043720
1785753677.565059 BNO_CORE_EVENT kind=2 report_seq=106 uart_sequence=25118 sensor_raw=4294960596 sensor_converted=4294960596 xiao_rx=242896389 queue_push=242896398 core_rx=37049332
1785753677.566670 BNO_CORE_EVENT kind=5 report_seq=180 uart_sequence=25119 sensor_raw=4294960596 sensor_converted=4294960596 xiao_rx=242896427 queue_push=242896429 core_rx=37051945
1785753677.568286 BNO_CORE_EVENT kind=1 report_seq=12 uart_sequence=25120 sensor_raw=4294965896 sensor_converted=4294965896 xiao_rx=242896435 queue_push=242896437 core_rx=37053121
1785753677.571509 BNO_CORE_EVENT kind=2 report_seq=107 uart_sequence=25121 sensor_raw=4294963096 sensor_converted=4294963096 xiao_rx=242899959 queue_push=242899960 core_rx=37054199
1785753677.573150 BNO_CORE_EVENT kind=3 report_seq=181 uart_sequence=25122 sensor_raw=4294963096 sensor_converted=4294963096 xiao_rx=242899972 queue_push=242899974 core_rx=37055262
1785753677.574764 BNO_CORE_EVENT kind=4 report_seq=91 uart_sequence=25125 sensor_raw=4294959496 sensor_converted=4294959496 xiao_rx=242910025 queue_push=242910034 core_rx=37063873
1785753677.578003 BNO_CORE_EVENT kind=1 report_seq=13 uart_sequence=25126 sensor_raw=4294962396 sensor_converted=4294962396 xiao_rx=242910060 queue_push=242910062 core_rx=37065676
1785753677.580811 BNO_CORE_EVENT kind=2 report_seq=108 uart_sequence=25127 sensor_raw=4294959696 sensor_converted=4294959696 xiao_rx=242914934 queue_push=242914937 core_rx=37066912
1785753677.582416 BNO_CORE_EVENT kind=5 report_seq=181 uart_sequence=25128 sensor_raw=4294959696 sensor_converted=4294959696 xiao_rx=242914947 queue_push=242914948 core_rx=37068037
1785753677.590393 BNO_CORE_EVENT kind=1 report_seq=14 uart_sequence=25129 sensor_raw=4294960396 sensor_converted=4294960396 xiao_rx=242914956 queue_push=242914958 core_rx=37070058
1785753677.599383 BNO_CORE_EVENT kind=1 report_seq=15 uart_sequence=25132 sensor_raw=4294963296 sensor_converted=4294963296 xiao_rx=242926568 queue_push=242926575 core_rx=37081354
1785753677.609066 BNO_CORE_EVENT kind=2 report_seq=109 uart_sequence=25133 sensor_raw=4294964196 sensor_converted=4294964196 xiao_rx=242926600 queue_push=242926602 core_rx=37083983
1785753677.618398 BNO_CORE_EVENT kind=3 report_seq=182 uart_sequence=25134 sensor_raw=4294964196 sensor_converted=4294964196 xiao_rx=242926614 queue_push=242926616 core_rx=37085181
1785753677.626493 BNO_CORE_EVENT kind=1 report_seq=16 uart_sequence=25135 sensor_raw=4294959896 sensor_converted=4294959896 xiao_rx=242931534 queue_push=242931536 core_rx=37086255
1785753677.636096 BNO_CORE_EVENT kind=2 report_seq=110 uart_sequence=25136 sensor_raw=4294962896 sensor_converted=4294962896 xiao_rx=242931548 queue_push=242931550 core_rx=37087806
1785753677.645195 BNO_CORE_EVENT kind=5 report_seq=182 uart_sequence=25137 sensor_raw=4294962896 sensor_converted=4294962896 xiao_rx=242931557 queue_push=242931558 core_rx=37089073
1785753677.653387 BNO_CORE_EVENT kind=1 report_seq=17 uart_sequence=25140 sensor_raw=4294963096 sensor_converted=4294963096 xiao_rx=242941397 queue_push=242941404 core_rx=37101292
1785753677.662694 BNO_CORE_EVENT kind=2 report_seq=111 uart_sequence=25141 sensor_raw=4294958296 sensor_converted=4294958296 xiao_rx=242947788 queue_push=242947797 core_rx=37104351
1785753677.671022 BNO_CORE_EVENT kind=3 report_seq=183 uart_sequence=25142 sensor_raw=4294958296 sensor_converted=4294958296 xiao_rx=242947837 queue_push=242947838 core_rx=37105631
1785753677.676467 BNO_CORE_EVENT kind=4 report_seq=92 uart_sequence=25143 sensor_raw=4294958296 sensor_converted=4294958296 xiao_rx=242947850 queue_push=242947852 core_rx=37107637
1785753677.684331 BNO_CORE_EVENT kind=1 report_seq=18 uart_sequence=25144 sensor_raw=4294960396 sensor_converted=4294960396 xiao_rx=242947863 queue_push=242947865 core_rx=37108912
1785753677.690906 BNO_CORE_EVENT kind=2 report_seq=112 uart_sequence=25145 sensor_raw=4294961896 sensor_converted=4294961896 xiao_rx=242953365 queue_push=242953372 core_rx=37110008
1785753677.698974 BNO_CORE_EVENT kind=5 report_seq=183 uart_sequence=25146 sensor_raw=4294961896 sensor_converted=4294961896 xiao_rx=242953395 queue_push=242953397 core_rx=37111079
1785753677.705295 BNO_CORE_EVENT kind=1 report_seq=19 uart_sequence=25147 sensor_raw=4294962196 sensor_converted=4294962196 xiao_rx=242953404 queue_push=242953406 core_rx=37112152
1785753677.712937 BNO_CORE_EVENT kind=1 report_seq=20 uart_sequence=25149 sensor_raw=4294964196 sensor_converted=4294964196 xiao_rx=242964579 queue_push=242964589 core_rx=37118312
1785753677.719358 BNO_CORE_EVENT kind=2 report_seq=113 uart_sequence=25150 sensor_raw=4294954596 sensor_converted=4294954596 xiao_rx=242969022 queue_push=242969024 core_rx=37121002
1785753677.728102 BNO_CORE_EVENT kind=3 report_seq=184 uart_sequence=25152 sensor_raw=4294954596 sensor_converted=4294954596 xiao_rx=242969036 queue_push=242969038 core_rx=37122683
1785753677.734943 BNO_CORE_EVENT kind=1 report_seq=21 uart_sequence=25153 sensor_raw=4294961496 sensor_converted=4294961496 xiao_rx=242969044 queue_push=242969046 core_rx=37123792
1785753677.743039 BNO_CORE_EVENT kind=2 report_seq=114 uart_sequence=25157 sensor_raw=4294960596 sensor_converted=4294960596 xiao_rx=242977884 queue_push=242977891 core_rx=37137346
1785753677.751203 BNO_CORE_EVENT kind=5 report_seq=184 uart_sequence=25158 sensor_raw=4294960596 sensor_converted=4294960596 xiao_rx=242977916 queue_push=242977918 core_rx=37139974
1785753677.758254 BNO_CORE_EVENT kind=1 report_seq=22 uart_sequence=25159 sensor_raw=4294964596 sensor_converted=4294964596 xiao_rx=242977925 queue_push=242977926 core_rx=37141219
1785753677.765745 BNO_CORE_EVENT kind=2 report_seq=115 uart_sequence=25160 sensor_raw=4294961696 sensor_converted=4294961696 xiao_rx=242984612 queue_push=242984618 core_rx=37142317
1785753677.773797 BNO_CORE_EVENT kind=3 report_seq=185 uart_sequence=25161 sensor_raw=4294961696 sensor_converted=4294961696 xiao_rx=242984643 queue_push=242984645 core_rx=37143376
1785753677.781044 BNO_CORE_EVENT kind=4 report_seq=93 uart_sequence=25162 sensor_raw=4294961696 sensor_converted=4294961696 xiao_rx=242984653 queue_push=242984655 core_rx=37145783
1785753677.782575 BNO_CORE_EVENT kind=1 report_seq=23 uart_sequence=25163 sensor_raw=4294963496 sensor_converted=4294963496 xiao_rx=242984662 queue_push=242984664 core_rx=37147008
1785753677.785623 BNO_CORE_EVENT kind=2 report_seq=116 uart_sequence=25164 sensor_raw=4294964596 sensor_converted=4294964596 xiao_rx=242987129 queue_push=242987131 core_rx=37148079
1785753677.787151 BNO_CORE_EVENT kind=5 report_seq=185 uart_sequence=25165 sensor_raw=4294961996 sensor_converted=4294961996 xiao_rx=242998097 queue_push=242998104 core_rx=37149143
1785753677.790384 BNO_CORE_EVENT kind=1 report_seq=24 uart_sequence=25166 sensor_raw=4294962096 sensor_converted=4294962096 xiao_rx=242998126 queue_push=242998128 core_rx=37150679
1785753677.792010 BNO_CORE_EVENT kind=1 report_seq=25 uart_sequence=25168 sensor_raw=4294959696 sensor_converted=4294959696 xiao_rx=243004758 queue_push=243004763 core_rx=37158447
1785753677.795520 BNO_CORE_EVENT kind=2 report_seq=117 uart_sequence=25169 sensor_raw=4294961496 sensor_converted=4294961496 xiao_rx=243004787 queue_push=243004790 core_rx=37160809
1785753677.797632 BNO_CORE_EVENT kind=3 report_seq=186 uart_sequence=25170 sensor_raw=4294961496 sensor_converted=4294961496 xiao_rx=243004801 queue_push=243004803 core_rx=37161975
1785753677.799236 BNO_CORE_EVENT kind=1 report_seq=26 uart_sequence=25171 sensor_raw=4294960396 sensor_converted=4294960396 xiao_rx=243008136 queue_push=243008140 core_rx=37163048
1785753677.802460 BNO_CORE_EVENT kind=2 report_seq=118 uart_sequence=25172 sensor_raw=4294964196 sensor_converted=4294964196 xiao_rx=243008150 queue_push=243008152 core_rx=37164122
1785753677.804074 BNO_CORE_EVENT kind=5 report_seq=186 uart_sequence=25174 sensor_raw=4294960896 sensor_converted=4294960896 xiao_rx=243018114 queue_push=243018121 core_rx=37174353
1785753677.807315 BNO_CORE_EVENT kind=1 report_seq=27 uart_sequence=25175 sensor_raw=4294964896 sensor_converted=4294964896 xiao_rx=243018142 queue_push=243018144 core_rx=37176935
1785753677.808932 BNO_CORE_EVENT kind=2 report_seq=119 uart_sequence=25176 sensor_raw=4294961296 sensor_converted=4294961296 xiao_rx=243024815 queue_push=243024818 core_rx=37178109
1785753677.811914 BNO_CORE_EVENT kind=3 report_seq=187 uart_sequence=25177 sensor_raw=4294961296 sensor_converted=4294961296 xiao_rx=243024832 queue_push=243024834 core_rx=37179222
1785753677.814565 BNO_CORE_EVENT kind=4 report_seq=94 uart_sequence=25178 sensor_raw=4294961296 sensor_converted=4294961296 xiao_rx=243024843 queue_push=243024844 core_rx=37180305
1785753677.816193 BNO_CORE_EVENT kind=1 report_seq=28 uart_sequence=25179 sensor_raw=4294962896 sensor_converted=4294962896 xiao_rx=243024852 queue_push=243024853 core_rx=37182768
1785753677.817801 BNO_CORE_EVENT kind=1 report_seq=29 uart_sequence=25183 sensor_raw=4294964196 sensor_converted=4294964196 xiao_rx=243036396 queue_push=243036403 core_rx=37192327
1785753677.821059 BNO_CORE_EVENT kind=2 report_seq=120 uart_sequence=25184 sensor_raw=4294964296 sensor_converted=4294964296 xiao_rx=243036429 queue_push=243036432 core_rx=37194989
1785753677.822680 BNO_CORE_EVENT kind=5 report_seq=187 uart_sequence=25185 sensor_raw=4294952796 sensor_converted=4294952796 xiao_rx=243042512 queue_push=243042516 core_rx=37196144
1785753677.824292 BNO_CORE_EVENT kind=1 report_seq=30 uart_sequence=25186 sensor_raw=4294960896 sensor_converted=4294960896 xiao_rx=243042537 queue_push=243042538 core_rx=37197213
1785753677.828111 BNO_CORE_EVENT kind=2 report_seq=121 uart_sequence=25187 sensor_raw=4294963096 sensor_converted=4294963096 xiao_rx=243042549 queue_push=243042552 core_rx=37198580
1785753677.830588 BNO_CORE_EVENT kind=3 report_seq=188 uart_sequence=25188 sensor_raw=4294963096 sensor_converted=4294963096 xiao_rx=243042563 queue_push=243042565 core_rx=37199723
1785753677.832215 BNO_CORE_EVENT kind=1 report_seq=31 uart_sequence=25189 sensor_raw=4294962596 sensor_converted=4294962596 xiao_rx=243051612 queue_push=243051619 core_rx=37202321
1785753677.835438 BNO_CORE_EVENT kind=2 report_seq=122 uart_sequence=25190 sensor_raw=4294957596 sensor_converted=4294957596 xiao_rx=243057072 queue_push=243057078 core_rx=37205282
1785753677.837062 BNO_CORE_EVENT kind=5 report_seq=188 uart_sequence=25191 sensor_raw=4294957596 sensor_converted=4294957596 xiao_rx=243057103 queue_push=243057105 core_rx=37206977
1785753677.838692 BNO_CORE_EVENT kind=1 report_seq=32 uart_sequence=25192 sensor_raw=4294960996 sensor_converted=4294960996 xiao_rx=243057112 queue_push=243057113 core_rx=37208204
1785753677.841928 BNO_CORE_EVENT kind=2 report_seq=123 uart_sequence=25194 sensor_raw=4294961996 sensor_converted=4294961996 xiao_rx=243065672 queue_push=243065680 core_rx=37221312
1785753677.843551 BNO_CORE_EVENT kind=3 report_seq=189 uart_sequence=25195 sensor_raw=4294961996 sensor_converted=4294961996 xiao_rx=243065731 queue_push=243065732 core_rx=37223952
1785753677.846139 BNO_CORE_EVENT kind=4 report_seq=95 uart_sequence=25196 sensor_raw=4294961996 sensor_converted=4294961996 xiao_rx=243065740 queue_push=243065742 core_rx=37225119
1785753677.847743 BNO_CORE_EVENT kind=1 report_seq=33 uart_sequence=25197 sensor_raw=4294963396 sensor_converted=4294963396 xiao_rx=243065752 queue_push=243065754 core_rx=37226231
1785753677.850970 BNO_CORE_EVENT kind=1 report_seq=34 uart_sequence=25198 sensor_raw=4294962796 sensor_converted=4294962796 xiao_rx=243071298 queue_push=243071301 core_rx=37227327
1785753677.852192 BNO_CORE_EVENT kind=2 report_seq=124 uart_sequence=25199 sensor_raw=4294963296 sensor_converted=4294963296 xiao_rx=243071310 queue_push=243071312 core_rx=37229285
1785753677.855448 BNO_CORE_EVENT kind=5 report_seq=189 uart_sequence=25201 sensor_raw=4294963296 sensor_converted=4294963296 xiao_rx=243071319 queue_push=243071321 core_rx=37232820
1785753677.857065 BNO_CORE_EVENT kind=1 report_seq=35 uart_sequence=25205 sensor_raw=4294964996 sensor_converted=4294964996 xiao_rx=243085871 queue_push=243085878 core_rx=37244333
1785753677.858689 BNO_CORE_EVENT kind=2 report_seq=125 uart_sequence=25206 sensor_raw=4294953796 sensor_converted=4294953796 xiao_rx=243091295 queue_push=243091300 core_rx=37246979
1785753677.861855 BNO_CORE_EVENT kind=3 report_seq=190 uart_sequence=25207 sensor_raw=4294953796 sensor_converted=4294953796 xiao_rx=243091315 queue_push=243091317 core_rx=37248155
1785753677.864534 BNO_CORE_EVENT kind=1 report_seq=36 uart_sequence=25208 sensor_raw=4294959096 sensor_converted=4294959096 xiao_rx=243091324 queue_push=243091326 core_rx=37249233
1785753677.866137 BNO_CORE_EVENT kind=2 report_seq=126 uart_sequence=25209 sensor_raw=4294963896 sensor_converted=4294963896 xiao_rx=243091332 queue_push=243091334 core_rx=37250595
1785753677.869365 BNO_CORE_EVENT kind=5 report_seq=190 uart_sequence=25210 sensor_raw=4294958396 sensor_converted=4294958396 xiao_rx=243095345 queue_push=243095346 core_rx=37251715
1785753677.870985 BNO_CORE_EVENT kind=1 report_seq=37 uart_sequence=25211 sensor_raw=4294961096 sensor_converted=4294961096 xiao_rx=243095356 queue_push=243095358 core_rx=37252787
1785753677.872596 BNO_CORE_EVENT kind=2 report_seq=127 uart_sequence=25213 sensor_raw=4294964096 sensor_converted=4294964096 xiao_rx=243105268 queue_push=243105275 core_rx=37262325
1785753677.875819 BNO_CORE_EVENT kind=3 report_seq=191 uart_sequence=25214 sensor_raw=4294964096 sensor_converted=4294964096 xiao_rx=243105299 queue_push=243105302 core_rx=37264943
1785753677.878662 BNO_CORE_EVENT kind=4 report_seq=96 uart_sequence=25215 sensor_raw=4294954296 sensor_converted=4294954296 xiao_rx=243112067 queue_push=243112073 core_rx=37266109
1785753677.880988 BNO_CORE_EVENT kind=1 report_seq=38 uart_sequence=25216 sensor_raw=4294954996 sensor_converted=4294954996 xiao_rx=243112098 queue_push=243112099 core_rx=37267190
1785753677.882525 BNO_CORE_EVENT kind=1 report_seq=39 uart_sequence=25217 sensor_raw=4294963296 sensor_converted=4294963296 xiao_rx=243112106 queue_push=243112107 core_rx=37268253
1785753677.885562 BNO_CORE_EVENT kind=2 report_seq=128 uart_sequence=25218 sensor_raw=4294963796 sensor_converted=4294963796 xiao_rx=243112116 queue_push=243112118 core_rx=37270760
1785753677.887077 BNO_CORE_EVENT kind=5 report_seq=191 uart_sequence=25219 sensor_raw=4294963796 sensor_converted=4294963796 xiao_rx=243112126 queue_push=243112128 core_rx=37272022
1785753677.890109 BNO_CORE_EVENT kind=1 report_seq=40 uart_sequence=25220 sensor_raw=4294963696 sensor_converted=4294963696 xiao_rx=243122358 queue_push=243122363 core_rx=37273097
1785753677.891625 BNO_CORE_EVENT kind=2 report_seq=129 uart_sequence=25221 sensor_raw=4294956696 sensor_converted=4294956696 xiao_rx=243127288 queue_push=243127294 core_rx=37282349
1785753677.893141 BNO_CORE_EVENT kind=3 report_seq=192 uart_sequence=25222 sensor_raw=4294956696 sensor_converted=4294956696 xiao_rx=243127320 queue_push=243127321 core_rx=37285050
1785753677.895993 BNO_CORE_EVENT kind=1 report_seq=41 uart_sequence=25223 sensor_raw=4294961896 sensor_converted=4294961896 xiao_rx=243127328 queue_push=243127330 core_rx=37286391
1785753677.899026 BNO_CORE_EVENT kind=2 report_seq=130 uart_sequence=25224 sensor_raw=4294961896 sensor_converted=4294961896 xiao_rx=243132923 queue_push=243132925 core_rx=37287511
1785753677.900535 BNO_CORE_EVENT kind=5 report_seq=192 uart_sequence=25225 sensor_raw=4294961896 sensor_converted=4294961896 xiao_rx=243132932 queue_push=243132934 core_rx=37288666
1785753677.903551 BNO_CORE_EVENT kind=1 report_seq=42 uart_sequence=25226 sensor_raw=4294964396 sensor_converted=4294964396 xiao_rx=243132940 queue_push=243132942 core_rx=37290771
1785753677.905060 BNO_CORE_EVENT kind=2 report_seq=131 uart_sequence=25232 sensor_raw=4294964796 sensor_converted=4294964796 xiao_rx=243149335 queue_push=243149343 core_rx=37300883
1785753677.908079 BNO_CORE_EVENT kind=3 report_seq=193 uart_sequence=25233 sensor_raw=4294949796 sensor_converted=4294949796 xiao_rx=243159271 queue_push=243159280 core_rx=37314335
1785753677.909892 BNO_CORE_EVENT kind=4 report_seq=97 uart_sequence=25234 sensor_raw=4294949796 sensor_converted=4294949796 xiao_rx=243159308 queue_push=243159311 core_rx=37317011
1785753677.913013 BNO_CORE_EVENT kind=1 report_seq=43 uart_sequence=25235 sensor_raw=4294950496 sensor_converted=4294950496 xiao_rx=243159321 queue_push=243159322 core_rx=37318238
1785753677.914627 BNO_CORE_EVENT kind=1 report_seq=44 uart_sequence=25236 sensor_raw=4294958696 sensor_converted=4294958696 xiao_rx=243159329 queue_push=243159331 core_rx=37319324
1785753677.917848 BNO_CORE_EVENT kind=2 report_seq=132 uart_sequence=25237 sensor_raw=4294960196 sensor_converted=4294960196 xiao_rx=243159339 queue_push=243159340 core_rx=37322137
1785753677.919457 BNO_CORE_EVENT kind=5 report_seq=193 uart_sequence=25238 sensor_raw=4294960196 sensor_converted=4294960196 xiao_rx=243159349 queue_push=243159351 core_rx=37323428
1785753677.921075 BNO_CORE_EVENT kind=1 report_seq=45 uart_sequence=25239 sensor_raw=4294966196 sensor_converted=4294966196 xiao_rx=243159358 queue_push=243159359 core_rx=37324507
1785753677.924506 BNO_CORE_EVENT kind=2 report_seq=133 uart_sequence=25240 sensor_raw=4294959796 sensor_converted=4294959796 xiao_rx=243165082 queue_push=243165084 core_rx=37325569
1785753677.926115 BNO_CORE_EVENT kind=3 report_seq=194 uart_sequence=25241 sensor_raw=4294959796 sensor_converted=4294959796 xiao_rx=243165091 queue_push=243165093 core_rx=37326633
1785753677.929171 BNO_CORE_EVENT kind=1 report_seq=46 uart_sequence=25242 sensor_raw=4294964096 sensor_converted=4294964096 xiao_rx=243165099 queue_push=243165101 core_rx=37327705
1785753677.930790 BNO_CORE_EVENT kind=2 report_seq=134 uart_sequence=25246 sensor_raw=4294964096 sensor_converted=4294964096 xiao_rx=243180277 queue_push=243180285 core_rx=37343330
1785753677.934036 BNO_CORE_EVENT kind=5 report_seq=194 uart_sequence=25247 sensor_raw=4294948996 sensor_converted=4294948996 xiao_rx=243188185 queue_push=243188189 core_rx=37345993
1785753677.935662 BNO_CORE_EVENT kind=1 report_seq=47 uart_sequence=25248 sensor_raw=4294951096 sensor_converted=4294951096 xiao_rx=243188206 queue_push=243188208 core_rx=37347273
1785753677.937278 BNO_CORE_EVENT kind=1 report_seq=48 uart_sequence=25249 sensor_raw=4294959296 sensor_converted=4294959296 xiao_rx=243188214 queue_push=243188216 core_rx=37348387
1785753677.940501 BNO_CORE_EVENT kind=2 report_seq=135 uart_sequence=25250 sensor_raw=4294959296 sensor_converted=4294959296 xiao_rx=243188226 queue_push=243188228 core_rx=37349490
1785753677.942112 BNO_CORE_EVENT kind=3 report_seq=195 uart_sequence=25251 sensor_raw=4294959296 sensor_converted=4294959296 xiao_rx=243188240 queue_push=243188242 core_rx=37351718
1785753677.945205 BNO_CORE_EVENT kind=4 report_seq=98 uart_sequence=25252 sensor_raw=4294959296 sensor_converted=4294959296 xiao_rx=243188249 queue_push=243188251 core_rx=37352885
1785753677.947906 BNO_CORE_EVENT kind=1 report_seq=49 uart_sequence=25253 sensor_raw=4294958896 sensor_converted=4294958896 xiao_rx=243193252 queue_push=243193258 core_rx=37353976
1785753677.949545 BNO_CORE_EVENT kind=2 report_seq=136 uart_sequence=25254 sensor_raw=4294960896 sensor_converted=4294960896 xiao_rx=243193276 queue_push=243193278 core_rx=37355080
1785753677.952380 BNO_CORE_EVENT kind=5 report_seq=195 uart_sequence=25255 sensor_raw=4294960896 sensor_converted=4294960896 xiao_rx=243193286 queue_push=243193287 core_rx=37356149
1785753677.953988 BNO_CORE_EVENT kind=1 report_seq=50 uart_sequence=25259 sensor_raw=4294961996 sensor_converted=4294961996 xiao_rx=243212302 queue_push=243212309 core_rx=37364284
1785753677.955605 BNO_CORE_EVENT kind=2 report_seq=137 uart_sequence=25260 sensor_raw=4294946596 sensor_converted=4294946596 xiao_rx=243220017 queue_push=243220023 core_rx=37374305
1785753677.958849 BNO_CORE_EVENT kind=3 report_seq=196 uart_sequence=25261 sensor_raw=4294946596 sensor_converted=4294946596 xiao_rx=243220048 queue_push=243220049 core_rx=37377344
1785753677.960473 BNO_CORE_EVENT kind=1 report_seq=51 uart_sequence=25262 sensor_raw=4294950596 sensor_converted=4294950596 xiao_rx=243220058 queue_push=243220059 core_rx=37378638
1785753677.963497 BNO_CORE_EVENT kind=2 report_seq=138 uart_sequence=25263 sensor_raw=4294956996 sensor_converted=4294956996 xiao_rx=243220066 queue_push=243220067 core_rx=37380611
1785753677.966556 BNO_CORE_EVENT kind=5 report_seq=196 uart_sequence=25264 sensor_raw=4294956996 sensor_converted=4294956996 xiao_rx=243220074 queue_push=243220076 core_rx=37381786
1785753677.969601 BNO_CORE_EVENT kind=1 report_seq=52 uart_sequence=25265 sensor_raw=4294958396 sensor_converted=4294958396 xiao_rx=243220083 queue_push=243220084 core_rx=37382879
1785753677.971117 BNO_CORE_EVENT kind=2 report_seq=139 uart_sequence=25266 sensor_raw=4294959096 sensor_converted=4294959096 xiao_rx=243226111 queue_push=243226115 core_rx=37383941
1785753677.974149 BNO_CORE_EVENT kind=3 report_seq=197 uart_sequence=25267 sensor_raw=4294959096 sensor_converted=4294959096 xiao_rx=243226128 queue_push=243226129 core_rx=37385012
1785753677.975664 BNO_CORE_EVENT kind=1 report_seq=53 uart_sequence=25268 sensor_raw=4294959096 sensor_converted=4294959096 xiao_rx=243226137 queue_push=243226138 core_rx=37386762
1785753677.978244 BNO_CORE_EVENT kind=4 report_seq=99 uart_sequence=25269 sensor_raw=4294959396 sensor_converted=4294959396 xiao_rx=243226146 queue_push=243226148 core_rx=37388063
1785753677.981348 BNO_CORE_EVENT kind=1 report_seq=54 uart_sequence=25271 sensor_raw=4294960596 sensor_converted=4294960596 xiao_rx=243239881 queue_push=243239888 core_rx=37395327
1785753677.982961 BNO_CORE_EVENT kind=2 report_seq=140 uart_sequence=25272 sensor_raw=4294962896 sensor_converted=4294962896 xiao_rx=243239915 queue_push=243239918 core_rx=37398291
1785753677.984570 BNO_CORE_EVENT kind=5 report_seq=197 uart_sequence=25273 sensor_raw=4294962896 sensor_converted=4294962896 xiao_rx=243239926 queue_push=243239927 core_rx=37399462
1785753677.987840 BNO_CORE_EVENT kind=1 report_seq=55 uart_sequence=25274 sensor_raw=4294956296 sensor_converted=4294956296 xiao_rx=243246371 queue_push=243246375 core_rx=37400571
1785753677.989444 BNO_CORE_EVENT kind=2 report_seq=141 uart_sequence=25275 sensor_raw=4294960496 sensor_converted=4294960496 xiao_rx=243246386 queue_push=243246388 core_rx=37401668
1785753677.992666 BNO_CORE_EVENT kind=3 report_seq=198 uart_sequence=25276 sensor_raw=4294960496 sensor_converted=4294960496 xiao_rx=243246399 queue_push=243246400 core_rx=37404098
1785753677.994285 BNO_CORE_EVENT kind=1 report_seq=56 uart_sequence=25277 sensor_raw=4294963596 sensor_converted=4294963596 xiao_rx=243246407 queue_push=243246408 core_rx=37405358
1785753677.996960 BNO_CORE_EVENT kind=2 report_seq=142 uart_sequence=25281 sensor_raw=4294962596 sensor_converted=4294962596 xiao_rx=243261996 queue_push=243262004 core_rx=37411874
1785753678.000190 BNO_CORE_EVENT kind=5 report_seq=198 uart_sequence=25282 sensor_raw=4294962596 sensor_converted=4294962596 xiao_rx=243262034 queue_push=243262035 core_rx=37413012
1785753678.001793 BNO_CORE_EVENT kind=1 report_seq=57 uart_sequence=25283 sensor_raw=4294963996 sensor_converted=4294963996 xiao_rx=243262042 queue_push=243262044 core_rx=37414544
1785753678.003400 BNO_CORE_EVENT kind=1 report_seq=58 uart_sequence=25286 sensor_raw=4294956696 sensor_converted=4294956696 xiao_rx=243270459 queue_push=243270466 core_rx=37424939
1785753678.006614 BNO_CORE_EVENT kind=2 report_seq=143 uart_sequence=25287 sensor_raw=4294956796 sensor_converted=4294956796 xiao_rx=243270492 queue_push=243270494 core_rx=37426551
1785753678.008256 BNO_CORE_EVENT kind=3 report_seq=199 uart_sequence=25288 sensor_raw=4294956796 sensor_converted=4294956796 xiao_rx=243270505 queue_push=243270507 core_rx=37428608
1785753678.009866 BNO_CORE_EVENT kind=4 report_seq=100 uart_sequence=25289 sensor_raw=4294956796 sensor_converted=4294956796 xiao_rx=243270515 queue_push=243270517 core_rx=37429787
1785753678.013278 BNO_CORE_EVENT kind=1 report_seq=59 uart_sequence=25290 sensor_raw=4294964196 sensor_converted=4294964196 xiao_rx=243270523 queue_push=243270525 core_rx=37430873
1785753678.015011 BNO_CORE_EVENT kind=2 report_seq=144 uart_sequence=25291 sensor_raw=4294958696 sensor_converted=4294958696 xiao_rx=243275545 queue_push=243275549 core_rx=37432222
1785753678.018239 BNO_CORE_EVENT kind=5 report_seq=199 uart_sequence=25292 sensor_raw=4294958696 sensor_converted=4294958696 xiao_rx=243275567 queue_push=243275568 core_rx=37433337
1785753678.019841 BNO_CORE_EVENT kind=1 report_seq=60 uart_sequence=25293 sensor_raw=4294963796 sensor_converted=4294963796 xiao_rx=243275576 queue_push=243275578 core_rx=37434413
1785753678.021444 BNO_CORE_EVENT kind=2 report_seq=145 uart_sequence=25294 sensor_raw=4294963696 sensor_converted=4294963696 xiao_rx=243287298 queue_push=243287306 core_rx=37443330
1785753678.024657 BNO_CORE_EVENT kind=3 report_seq=200 uart_sequence=25295 sensor_raw=4294963696 sensor_converted=4294963696 xiao_rx=243287334 queue_push=243287335 core_rx=37445565
1785753678.026266 BNO_CORE_EVENT kind=1 report_seq=61 uart_sequence=25296 sensor_raw=4294954896 sensor_converted=4294954896 xiao_rx=243293818 queue_push=243293820 core_rx=37446840
1785753678.029672 BNO_CORE_EVENT kind=2 report_seq=146 uart_sequence=25297 sensor_raw=4294962196 sensor_converted=4294962196 xiao_rx=243293829 queue_push=243293831 core_rx=37447906
1785753678.030790 BNO_CORE_EVENT kind=5 report_seq=200 uart_sequence=25298 sensor_raw=4294962196 sensor_converted=4294962196 xiao_rx=243293839 queue_push=243293841 core_rx=37450092
1785753678.034032 BNO_CORE_EVENT kind=1 report_seq=62 uart_sequence=25299 sensor_raw=4294962796 sensor_converted=4294962796 xiao_rx=243293847 queue_push=243293849 core_rx=37451299
1785753678.035647 BNO_CORE_EVENT kind=1 report_seq=63 uart_sequence=25300 sensor_raw=4294964196 sensor_converted=4294964196 xiao_rx=243301360 queue_push=243301365 core_rx=37452413
1785753678.037267 BNO_CORE_EVENT kind=2 report_seq=147 uart_sequence=25303 sensor_raw=4294957696 sensor_converted=4294957696 xiao_rx=243307441 queue_push=243307447 core_rx=37463331
1785753678.040504 BNO_CORE_EVENT kind=3 report_seq=201 uart_sequence=25304 sensor_raw=4294957696 sensor_converted=4294957696 xiao_rx=243307471 queue_push=243307473 core_rx=37465971
1785753678.042139 BNO_CORE_EVENT kind=4 report_seq=101 uart_sequence=25305 sensor_raw=4294957796 sensor_converted=4294957796 xiao_rx=243307481 queue_push=243307482 core_rx=37467217
1785753678.044908 BNO_CORE_EVENT kind=1 report_seq=64 uart_sequence=25306 sensor_raw=4294964896 sensor_converted=4294964896 xiao_rx=243307489 queue_push=243307490 core_rx=37468328
1785753678.048124 BNO_CORE_EVENT kind=2 report_seq=148 uart_sequence=25307 sensor_raw=4294961996 sensor_converted=4294961996 xiao_rx=243313091 queue_push=243313097 core_rx=37469435
1785753678.049646 BNO_CORE_EVENT kind=5 report_seq=201 uart_sequence=25308 sensor_raw=4294961996 sensor_converted=4294961996 xiao_rx=243313122 queue_push=243313123 core_rx=37471767
1785753678.052198 BNO_CORE_EVENT kind=1 report_seq=65 uart_sequence=25309 sensor_raw=4294966296 sensor_converted=4294966296 xiao_rx=243313130 queue_push=243313132 core_rx=37473009
1785753678.053713 BNO_CORE_EVENT kind=2 report_seq=149 uart_sequence=25312 sensor_raw=4294964796 sensor_converted=4294964796 xiao_rx=243325595 queue_push=243325604 core_rx=37478304
1785753678.056745 BNO_CORE_EVENT kind=3 report_seq=202 uart_sequence=25313 sensor_raw=4294953296 sensor_converted=4294953296 xiao_rx=243332429 queue_push=243332438 core_rx=37480299
1785753678.058261 BNO_CORE_EVENT kind=1 report_seq=66 uart_sequence=25314 sensor_raw=4294955996 sensor_converted=4294955996 xiao_rx=243332459 queue_push=243332460 core_rx=37483325
1785753678.061350 BNO_CORE_EVENT kind=2 report_seq=150 uart_sequence=25315 sensor_raw=4294963796 sensor_converted=4294963796 xiao_rx=243332471 queue_push=243332473 core_rx=37484631
1785753678.064029 BNO_CORE_EVENT kind=5 report_seq=202 uart_sequence=25317 sensor_raw=4294957096 sensor_converted=4294957096 xiao_rx=243338873 queue_push=243338880 core_rx=37494346
1785753678.065552 BNO_CORE_EVENT kind=1 report_seq=67 uart_sequence=25318 sensor_raw=4294957196 sensor_converted=4294957196 xiao_rx=243338903 queue_push=243338905 core_rx=37496990
1785753678.067068 BNO_CORE_EVENT kind=1 report_seq=68 uart_sequence=25319 sensor_raw=4294965096 sensor_converted=4294965096 xiao_rx=243338911 queue_push=243338913 core_rx=37498265
1785753678.070099 BNO_CORE_EVENT kind=2 report_seq=151 uart_sequence=25320 sensor_raw=4294960596 sensor_converted=4294960596 xiao_rx=243344752 queue_push=243344755 core_rx=37499336
1785753678.071615 BNO_CORE_EVENT kind=3 report_seq=203 uart_sequence=25321 sensor_raw=4294960596 sensor_converted=4294960596 xiao_rx=243344766 queue_push=243344767 core_rx=37500400
1785753678.074645 BNO_CORE_EVENT kind=4 report_seq=102 uart_sequence=25322 sensor_raw=4294960896 sensor_converted=4294960896 xiao_rx=243344775 queue_push=243344777 core_rx=37502730
1785753678.076160 BNO_CORE_EVENT kind=1 report_seq=69 uart_sequence=25324 sensor_raw=4294960796 sensor_converted=4294960796 xiao_rx=243354465 queue_push=243354474 core_rx=37507335
1785753678.079615 BNO_CORE_EVENT kind=2 report_seq=152 uart_sequence=25325 sensor_raw=4294964396 sensor_converted=4294964396 xiao_rx=243354500 queue_push=243354503 core_rx=37510011
1785753678.081036 BNO_CORE_EVENT kind=5 report_seq=203 uart_sequence=25326 sensor_raw=4294954696 sensor_converted=4294954696 xiao_rx=243357825 queue_push=243357827 core_rx=37511272
1785753678.084257 BNO_CORE_EVENT kind=1 report_seq=70 uart_sequence=25327 sensor_raw=4294959296 sensor_converted=4294959296 xiao_rx=243357835 queue_push=243357836 core_rx=37512347
1785753678.085869 BNO_CORE_EVENT kind=2 report_seq=153 uart_sequence=25331 sensor_raw=4294961296 sensor_converted=4294961296 xiao_rx=243367573 queue_push=243367580 core_rx=37523345
1785753678.087488 BNO_CORE_EVENT kind=3 report_seq=204 uart_sequence=25332 sensor_raw=4294961296 sensor_converted=4294961296 xiao_rx=243367606 queue_push=243367609 core_rx=37525942
1785753678.090724 BNO_CORE_EVENT kind=1 report_seq=71 uart_sequence=25333 sensor_raw=4294963396 sensor_converted=4294963396 xiao_rx=243367620 queue_push=243367621 core_rx=37527107
1785753678.092286 BNO_CORE_EVENT kind=1 report_seq=72 uart_sequence=25334 sensor_raw=4294961896 sensor_converted=4294961896 xiao_rx=243373233 queue_push=243373238 core_rx=37528218
1785753678.095208 BNO_CORE_EVENT kind=2 report_seq=154 uart_sequence=25335 sensor_raw=4294961896 sensor_converted=4294961896 xiao_rx=243373261 queue_push=243373263 core_rx=37529310
1785753678.098318 BNO_CORE_EVENT kind=5 report_seq=204 uart_sequence=25336 sensor_raw=4294961896 sensor_converted=4294961896 xiao_rx=243373271 queue_push=243373272 core_rx=37531772
1785753678.099924 BNO_CORE_EVENT kind=1 report_seq=73 uart_sequence=25339 sensor_raw=4294963696 sensor_converted=4294963696 xiao_rx=243384478 queue_push=243384485 core_rx=37535739
1785753678.103160 BNO_CORE_EVENT kind=2 report_seq=155 uart_sequence=25340 sensor_raw=4294954596 sensor_converted=4294954596 xiao_rx=243391071 queue_push=243391077 core_rx=37545348
1785753678.104773 BNO_CORE_EVENT kind=3 report_seq=205 uart_sequence=25341 sensor_raw=4294954596 sensor_converted=4294954596 xiao_rx=243391099 queue_push=243391101 core_rx=37547987
1785753678.106382 BNO_CORE_EVENT kind=4 report_seq=103 uart_sequence=25342 sensor_raw=4294954896 sensor_converted=4294954896 xiao_rx=243391108 queue_push=243391110 core_rx=37549284
1785753678.109616 BNO_CORE_EVENT kind=1 report_seq=74 uart_sequence=25343 sensor_raw=4294960896 sensor_converted=4294960896 xiao_rx=243391119 queue_push=243391120 core_rx=37550385
1785753678.112906 BNO_CORE_EVENT kind=2 report_seq=156 uart_sequence=25344 sensor_raw=4294958396 sensor_converted=4294958396 xiao_rx=243395999 queue_push=243396001 core_rx=37551479
1785753678.114533 BNO_CORE_EVENT kind=5 report_seq=205 uart_sequence=25345 sensor_raw=4294958396 sensor_converted=4294958396 xiao_rx=243396010 queue_push=243396011 core_rx=37553717
1785753678.116141 BNO_CORE_EVENT kind=1 report_seq=75 uart_sequence=25346 sensor_raw=4294961796 sensor_converted=4294961796 xiao_rx=243396019 queue_push=243396021 core_rx=37554854
1785753678.119365 BNO_CORE_EVENT kind=2 report_seq=157 uart_sequence=25349 sensor_raw=4294963296 sensor_converted=4294963296 xiao_rx=243405466 queue_push=243405474 core_rx=37564335
1785753678.120987 BNO_CORE_EVENT kind=3 report_seq=206 uart_sequence=25350 sensor_raw=4294963296 sensor_converted=4294963296 xiao_rx=243405503 queue_push=243405505 core_rx=37567038
1785753678.124215 BNO_CORE_EVENT kind=1 report_seq=76 uart_sequence=25351 sensor_raw=4294955396 sensor_converted=4294955396 xiao_rx=243410503 queue_push=243410508 core_rx=37568328
1785753678.125828 BNO_CORE_EVENT kind=1 report_seq=77 uart_sequence=25352 sensor_raw=4294963696 sensor_converted=4294963696 xiao_rx=243410528 queue_push=243410530 core_rx=37569387
1785753678.127666 BNO_CORE_EVENT kind=2 report_seq=158 uart_sequence=25353 sensor_raw=4294963696 sensor_converted=4294963696 xiao_rx=243410540 queue_push=243410542 core_rx=37572053
1785753678.130739 BNO_CORE_EVENT kind=5 report_seq=206 uart_sequence=25354 sensor_raw=4294958696 sensor_converted=4294958696 xiao_rx=243414526 queue_push=243414528 core_rx=37573181
1785753678.132350 BNO_CORE_EVENT kind=1 report_seq=78 uart_sequence=25355 sensor_raw=4294966196 sensor_converted=4294966196 xiao_rx=243414537 queue_push=243414539 core_rx=37574245
1785753678.133976 BNO_CORE_EVENT kind=2 report_seq=159 uart_sequence=25356 sensor_raw=4294964396 sensor_converted=4294964396 xiao_rx=243424922 queue_push=243424930 core_rx=37579333
1785753678.137252 BNO_CORE_EVENT kind=3 report_seq=207 uart_sequence=25357 sensor_raw=4294964396 sensor_converted=4294964396 xiao_rx=243424959 queue_push=243424961 core_rx=37581944
1785753678.138881 BNO_CORE_EVENT kind=4 report_seq=104 uart_sequence=25358 sensor_raw=4294954396 sensor_converted=4294954396 xiao_rx=243429195 queue_push=243429197 core_rx=37583127
1785753678.142126 BNO_CORE_EVENT kind=1 report_seq=79 uart_sequence=25359 sensor_raw=4294960196 sensor_converted=4294960196 xiao_rx=243429207 queue_push=243429209 core_rx=37584226
1785753678.143643 BNO_CORE_EVENT kind=2 report_seq=160 uart_sequence=25360 sensor_raw=4294964196 sensor_converted=4294964196 xiao_rx=243429215 queue_push=243429217 core_rx=37585332
1785753678.146909 BNO_CORE_EVENT kind=5 report_seq=207 uart_sequence=25364 sensor_raw=4294959796 sensor_converted=4294959796 xiao_rx=243443913 queue_push=243443920 core_rx=37598341
1785753678.148003 BNO_CORE_EVENT kind=1 report_seq=80 uart_sequence=25365 sensor_raw=4294963196 sensor_converted=4294963196 xiao_rx=243443940 queue_push=243443942 core_rx=37600990
1785753678.151241 BNO_CORE_EVENT kind=2 report_seq=161 uart_sequence=25366 sensor_raw=4294955496 sensor_converted=4294955496 xiao_rx=243449264 queue_push=243449266 core_rx=37602121
1785753678.152475 BNO_CORE_EVENT kind=3 report_seq=208 uart_sequence=25367 sensor_raw=4294955496 sensor_converted=4294955496 xiao_rx=243449279 queue_push=243449281 core_rx=37603197
1785753678.155720 BNO_CORE_EVENT kind=1 report_seq=81 uart_sequence=25368 sensor_raw=4294956396 sensor_converted=4294956396 xiao_rx=243449287 queue_push=243449289 core_rx=37604733
1785753678.157347 BNO_CORE_EVENT kind=1 report_seq=82 uart_sequence=25369 sensor_raw=4294964496 sensor_converted=4294964496 xiao_rx=243449296 queue_push=243449297 core_rx=37605911
1785753678.158968 BNO_CORE_EVENT kind=2 report_seq=162 uart_sequence=25370 sensor_raw=4294959796 sensor_converted=4294959796 xiao_rx=243457552 queue_push=243457560 core_rx=37614894
1785753678.162128 BNO_CORE_EVENT kind=5 report_seq=208 uart_sequence=25371 sensor_raw=4294959796 sensor_converted=4294959796 xiao_rx=243457587 queue_push=243457588 core_rx=37616517
1785753678.165279 BNO_CORE_EVENT kind=1 report_seq=83 uart_sequence=25372 sensor_raw=4294958696 sensor_converted=4294958696 xiao_rx=243465205 queue_push=243465207 core_rx=37618608
1785753678.166393 BNO_CORE_EVENT kind=2 report_seq=163 uart_sequence=25373 sensor_raw=4294961796 sensor_converted=4294961796 xiao_rx=243465213 queue_push=243465215 core_rx=37619768
1785753678.169527 BNO_CORE_EVENT kind=3 report_seq=209 uart_sequence=25374 sensor_raw=4294961796 sensor_converted=4294961796 xiao_rx=243465226 queue_push=243465227 core_rx=37620869
1785753678.171091 BNO_CORE_EVENT kind=4 report_seq=105 uart_sequence=25375 sensor_raw=4294961796 sensor_converted=4294961796 xiao_rx=243465236 queue_push=243465238 core_rx=37622785
1785753678.174335 BNO_CORE_EVENT kind=1 report_seq=84 uart_sequence=25376 sensor_raw=4294966496 sensor_converted=4294966496 xiao_rx=243465246 queue_push=243465247 core_rx=37624012
1785753678.175946 BNO_CORE_EVENT kind=2 report_seq=164 uart_sequence=25380 sensor_raw=4294963896 sensor_converted=4294963896 xiao_rx=243479475 queue_push=243479484 core_rx=37631295
1785753678.178693 BNO_CORE_EVENT kind=5 report_seq=209 uart_sequence=25383 sensor_raw=4294949596 sensor_converted=4294949596 xiao_rx=243489599 queue_push=243489606 core_rx=37645347
1785753678.180317 BNO_CORE_EVENT kind=1 report_seq=85 uart_sequence=25384 sensor_raw=4294952696 sensor_converted=4294952696 xiao_rx=243489628 queue_push=243489629 core_rx=37647983
1785753678.183536 BNO_CORE_EVENT kind=2 report_seq=165 uart_sequence=25385 sensor_raw=4294959796 sensor_converted=4294959796 xiao_rx=243489640 queue_push=243489642 core_rx=37649201
1785753678.185141 BNO_CORE_EVENT kind=3 report_seq=210 uart_sequence=25386 sensor_raw=4294959796 sensor_converted=4294959796 xiao_rx=243489654 queue_push=243489656 core_rx=37650316
1785753678.186803 BNO_CORE_EVENT kind=1 report_seq=86 uart_sequence=25387 sensor_raw=4294960496 sensor_converted=4294960496 xiao_rx=243489662 queue_push=243489664 core_rx=37651417
1785753678.190047 BNO_CORE_EVENT kind=1 report_seq=87 uart_sequence=25388 sensor_raw=4294958696 sensor_converted=4294958696 xiao_rx=243496122 queue_push=243496124 core_rx=37653778
1785753678.191658 BNO_CORE_EVENT kind=2 report_seq=166 uart_sequence=25390 sensor_raw=4294959896 sensor_converted=4294959896 xiao_rx=243496131 queue_push=243496132 core_rx=37657253
1785753678.194800 BNO_CORE_EVENT kind=5 report_seq=210 uart_sequence=25391 sensor_raw=4294959896 sensor_converted=4294959896 xiao_rx=243496139 queue_push=243496140 core_rx=37658333
1785753678.196338 BNO_CORE_EVENT kind=1 report_seq=88 uart_sequence=25392 sensor_raw=4294966196 sensor_converted=4294966196 xiao_rx=243496147 queue_push=243496149 core_rx=37659400
1785753678.199714 BNO_CORE_EVENT kind=2 report_seq=167 uart_sequence=25394 sensor_raw=4294962796 sensor_converted=4294962796 xiao_rx=243510885 queue_push=243510893 core_rx=37667355
1785753678.201324 BNO_CORE_EVENT kind=3 report_seq=211 uart_sequence=25395 sensor_raw=4294962796 sensor_converted=4294962796 xiao_rx=243510922 queue_push=243510923 core_rx=37669970
1785753678.202939 BNO_CORE_EVENT kind=4 report_seq=106 uart_sequence=25396 sensor_raw=4294948696 sensor_converted=4294948696 xiao_rx=243517661 queue_push=243517666 core_rx=37671201
1785753678.206187 BNO_CORE_EVENT kind=1 report_seq=89 uart_sequence=25397 sensor_raw=4294952896 sensor_converted=4294952896 xiao_rx=243517678 queue_push=243517680 core_rx=37672281
1785753678.207803 BNO_CORE_EVENT kind=2 report_seq=168 uart_sequence=25398 sensor_raw=4294958496 sensor_converted=4294958496 xiao_rx=243517686 queue_push=243517688 core_rx=37673352
1785753678.211107 BNO_CORE_EVENT kind=5 report_seq=211 uart_sequence=25399 sensor_raw=4294958496 sensor_converted=4294958496 xiao_rx=243517716 queue_push=243517718 core_rx=37675755
1785753678.212490 BNO_CORE_EVENT kind=1 report_seq=90 uart_sequence=25400 sensor_raw=4294960696 sensor_converted=4294960696 xiao_rx=243517725 queue_push=243517727 core_rx=37676971
1785753678.215032 BNO_CORE_EVENT kind=2 report_seq=169 uart_sequence=25401 sensor_raw=4294961696 sensor_converted=4294961696 xiao_rx=243528233 queue_push=243528240 core_rx=37682329
1785753678.216641 BNO_CORE_EVENT kind=3 report_seq=212 uart_sequence=25402 sensor_raw=4294961696 sensor_converted=4294961696 xiao_rx=243528265 queue_push=243528268 core_rx=37684992
1785753678.219872 BNO_CORE_EVENT kind=1 report_seq=91 uart_sequence=25403 sensor_raw=4294961796 sensor_converted=4294961796 xiao_rx=243528278 queue_push=243528280 core_rx=37686295
1785753678.221483 BNO_CORE_EVENT kind=1 report_seq=92 uart_sequence=25404 sensor_raw=4294959596 sensor_converted=4294959596 xiao_rx=243532508 queue_push=243532510 core_rx=37687391
1785753678.224795 BNO_CORE_EVENT kind=2 report_seq=170 uart_sequence=25406 sensor_raw=4294961096 sensor_converted=4294961096 xiao_rx=243532516 queue_push=243532518 core_rx=37691804
1785753678.226420 BNO_CORE_EVENT kind=5 report_seq=212 uart_sequence=25407 sensor_raw=4294961096 sensor_converted=4294961096 xiao_rx=243532525 queue_push=243532527 core_rx=37693021
1785753678.229389 BNO_CORE_EVENT kind=1 report_seq=93 uart_sequence=25410 sensor_raw=4294962996 sensor_converted=4294962996 xiao_rx=243545827 queue_push=243545834 core_rx=37700326
1785753678.232578 BNO_CORE_EVENT kind=2 report_seq=171 uart_sequence=25411 sensor_raw=4294953396 sensor_converted=4294953396 xiao_rx=243552072 queue_push=243552074 core_rx=37703302
1785753678.234186 BNO_CORE_EVENT kind=3 report_seq=213 uart_sequence=25412 sensor_raw=4294953396 sensor_converted=4294953396 xiao_rx=243552087 queue_push=243552088 core_rx=37704481
1785753678.235863 BNO_CORE_EVENT kind=4 report_seq=107 uart_sequence=25413 sensor_raw=4294953496 sensor_converted=4294953496 xiao_rx=243552096 queue_push=243552097 core_rx=37706167
1785753678.239093 BNO_CORE_EVENT kind=1 report_seq=94 uart_sequence=25414 sensor_raw=4294957596 sensor_converted=4294957596 xiao_rx=243552104 queue_push=243552106 core_rx=37707388
1785753678.240707 BNO_CORE_EVENT kind=2 report_seq=172 uart_sequence=25415 sensor_raw=4294963696 sensor_converted=4294963696 xiao_rx=243552112 queue_push=243552114 core_rx=37708470
1785753678.242317 BNO_CORE_EVENT kind=5 report_seq=213 uart_sequence=25417 sensor_raw=4294957296 sensor_converted=4294957296 xiao_rx=243562237 queue_push=243562244 core_rx=37710904
1785753678.245339 BNO_CORE_EVENT kind=1 report_seq=95 uart_sequence=25418 sensor_raw=4294959096 sensor_converted=4294959096 xiao_rx=243562262 queue_push=243562264 core_rx=37712161
1785753678.247159 BNO_CORE_EVENT kind=2 report_seq=173 uart_sequence=25421 sensor_raw=4294956796 sensor_converted=4294956796 xiao_rx=243568873 queue_push=243568880 core_rx=37724348
1785753678.250397 BNO_CORE_EVENT kind=3 report_seq=214 uart_sequence=25422 sensor_raw=4294956796 sensor_converted=4294956796 xiao_rx=243568906 queue_push=243568908 core_rx=37726942
1785753678.252008 BNO_CORE_EVENT kind=1 report_seq=96 uart_sequence=25423 sensor_raw=4294956796 sensor_converted=4294956796 xiao_rx=243568918 queue_push=243568919 core_rx=37728110
1785753678.253621 BNO_CORE_EVENT kind=1 report_seq=97 uart_sequence=25424 sensor_raw=4294964696 sensor_converted=4294964696 xiao_rx=243568926 queue_push=243568927 core_rx=37729227
1785753678.256865 BNO_CORE_EVENT kind=2 report_seq=174 uart_sequence=25425 sensor_raw=4294960596 sensor_converted=4294960596 xiao_rx=243574286 queue_push=243574288 core_rx=37730299
1785753678.258487 BNO_CORE_EVENT kind=5 report_seq=214 uart_sequence=25426 sensor_raw=4294960596 sensor_converted=4294960596 xiao_rx=243574299 queue_push=243574301 core_rx=37732768
1785753678.260110 BNO_CORE_EVENT kind=1 report_seq=98 uart_sequence=25427 sensor_raw=4294966396 sensor_converted=4294966396 xiao_rx=243574307 queue_push=243574309 core_rx=37734020
1785753678.263263 BNO_CORE_EVENT kind=4 report_seq=108 uart_sequence=25429 sensor_raw=4294964596 sensor_converted=4294964596 xiao_rx=243585520 queue_push=243585529 core_rx=37736545
1785753678.266393 BNO_CORE_EVENT kind=2 report_seq=175 uart_sequence=25430 sensor_raw=4294953396 sensor_converted=4294953396 xiao_rx=243593192 queue_push=243593199 core_rx=37743329
1785753678.267913 BNO_CORE_EVENT kind=3 report_seq=215 uart_sequence=25431 sensor_raw=4294953396 sensor_converted=4294953396 xiao_rx=243593223 queue_push=243593225 core_rx=37745947
1785753678.270941 BNO_CORE_EVENT kind=1 report_seq=99 uart_sequence=25432 sensor_raw=4294957196 sensor_converted=4294957196 xiao_rx=243593235 queue_push=243593237 core_rx=37747117
1785753678.272559 BNO_CORE_EVENT kind=2 report_seq=176 uart_sequence=25433 sensor_raw=4294963796 sensor_converted=4294963796 xiao_rx=243593243 queue_push=243593245 core_rx=37748215
1785753678.275775 BNO_CORE_EVENT kind=5 report_seq=215 uart_sequence=25438 sensor_raw=4294956096 sensor_converted=4294956096 xiao_rx=243605070 queue_push=243605077 core_rx=37763843
1785753678.278642 BNO_CORE_EVENT kind=1 report_seq=100 uart_sequence=25439 sensor_raw=4294957296 sensor_converted=4294957296 xiao_rx=243605099 queue_push=243605100 core_rx=37765499
1785753678.280180 BNO_CORE_EVENT kind=1 report_seq=101 uart_sequence=25440 sensor_raw=4294965296 sensor_converted=4294965296 xiao_rx=243605107 queue_push=243605108 core_rx=37767608
1785753678.283430 BNO_CORE_EVENT kind=2 report_seq=177 uart_sequence=25441 sensor_raw=4294953996 sensor_converted=4294953996 xiao_rx=243611174 queue_push=243611178 core_rx=37768770
1785753678.285074 BNO_CORE_EVENT kind=3 report_seq=216 uart_sequence=25442 sensor_raw=4294953996 sensor_converted=4294953996 xiao_rx=243611200 queue_push=243611201 core_rx=37769897
1785753678.286684 BNO_CORE_EVENT kind=1 report_seq=102 uart_sequence=25443 sensor_raw=4294961996 sensor_converted=4294961996 xiao_rx=243611208 queue_push=243611210 core_rx=37771259
1785753678.289917 BNO_CORE_EVENT kind=2 report_seq=178 uart_sequence=25444 sensor_raw=4294963996 sensor_converted=4294963996 xiao_rx=243611216 queue_push=243611218 core_rx=37772393
1785753678.291542 BNO_CORE_EVENT kind=5 report_seq=216 uart_sequence=25445 sensor_raw=4294957796 sensor_converted=4294957796 xiao_rx=243615236 queue_push=243615239 core_rx=37773470
1785753678.293148 BNO_CORE_EVENT kind=1 report_seq=103 uart_sequence=25446 sensor_raw=4294963196 sensor_converted=4294963196 xiao_rx=243615249 queue_push=243615251 core_rx=37774568
1785753678.296112 BNO_CORE_EVENT kind=2 report_seq=179 uart_sequence=25447 sensor_raw=4294964096 sensor_converted=4294964096 xiao_rx=243626602 queue_push=243626609 core_rx=37777322
1785753678.299278 BNO_CORE_EVENT kind=3 report_seq=217 uart_sequence=25448 sensor_raw=4294964096 sensor_converted=4294964096 xiao_rx=243626629 queue_push=243626632 core_rx=37778593
1785753678.300892 BNO_CORE_EVENT kind=4 report_seq=109 uart_sequence=25450 sensor_raw=4294952796 sensor_converted=4294952796 xiao_rx=243635457 queue_push=243635466 core_rx=37788334
1785753678.304132 BNO_CORE_EVENT kind=1 report_seq=104 uart_sequence=25451 sensor_raw=4294955896 sensor_converted=4294955896 xiao_rx=243635496 queue_push=243635498 core_rx=37790962
1785753678.305761 BNO_CORE_EVENT kind=2 report_seq=180 uart_sequence=25452 sensor_raw=4294962896 sensor_converted=4294962896 xiao_rx=243635506 queue_push=243635509 core_rx=37792155
1785753678.307410 BNO_CORE_EVENT kind=5 report_seq=217 uart_sequence=25453 sensor_raw=4294962896 sensor_converted=4294962896 xiao_rx=243635516 queue_push=243635518 core_rx=37794378
1785753678.310703 BNO_CORE_EVENT kind=1 report_seq=105 uart_sequence=25454 sensor_raw=4294963796 sensor_converted=4294963796 xiao_rx=243635524 queue_push=243635526 core_rx=37797168
1785753678.313897 BNO_CORE_EVENT kind=1 report_seq=106 uart_sequence=25455 sensor_raw=4294962796 sensor_converted=4294962796 xiao_rx=243639952 queue_push=243639955 core_rx=37798473
1785753678.315837 BNO_CORE_EVENT kind=2 report_seq=181 uart_sequence=25456 sensor_raw=4294963496 sensor_converted=4294963496 xiao_rx=243639964 queue_push=243639966 core_rx=37799574
1785753678.318476 BNO_CORE_EVENT kind=3 report_seq=218 uart_sequence=25457 sensor_raw=4294963496 sensor_converted=4294963496 xiao_rx=243639976 queue_push=243639978 core_rx=37800746
1785753678.320562 BNO_CORE_EVENT kind=1 report_seq=107 uart_sequence=25460 sensor_raw=4294966096 sensor_converted=4294966096 xiao_rx=243653297 queue_push=243653304 core_rx=37806147
1785753678.322538 BNO_CORE_EVENT kind=2 report_seq=182 uart_sequence=25461 sensor_raw=4294955996 sensor_converted=4294955996 xiao_rx=243658092 queue_push=243658098 core_rx=37808300
1785753678.323890 BNO_CORE_EVENT kind=5 report_seq=218 uart_sequence=25462 sensor_raw=4294955996 sensor_converted=4294955996 xiao_rx=243658119 queue_push=243658121 core_rx=37809480
1785753678.327131 BNO_CORE_EVENT kind=1 report_seq=108 uart_sequence=25463 sensor_raw=4294960996 sensor_converted=4294960996 xiao_rx=243658128 queue_push=243658130 core_rx=37810551
1785753678.329577 BNO_CORE_EVENT kind=2 report_seq=183 uart_sequence=25465 sensor_raw=4294960896 sensor_converted=4294960896 xiao_rx=243666638 queue_push=243666646 core_rx=37823338
1785753678.331206 BNO_CORE_EVENT kind=3 report_seq=219 uart_sequence=25466 sensor_raw=4294960896 sensor_converted=4294960896 xiao_rx=243666672 queue_push=243666674 core_rx=37825975
1785753678.334421 BNO_CORE_EVENT kind=4 report_seq=110 uart_sequence=25467 sensor_raw=4294960996 sensor_converted=4294960996 xiao_rx=243666681 queue_push=243666683 core_rx=37827219
1785753678.336042 BNO_CORE_EVENT kind=1 report_seq=109 uart_sequence=25468 sensor_raw=4294963796 sensor_converted=4294963796 xiao_rx=243666693 queue_push=243667796 core_rx=37828327
1785753678.337663 BNO_CORE_EVENT kind=2 report_seq=184 uart_sequence=25469 sensor_raw=4294962596 sensor_converted=4294962596 xiao_rx=243673174 queue_push=243673177 core_rx=37829411
1785753678.340914 BNO_CORE_EVENT kind=5 report_seq=219 uart_sequence=25470 sensor_raw=4294962596 sensor_converted=4294962596 xiao_rx=243673191 queue_push=243673193 core_rx=37831745
1785753678.342546 BNO_CORE_EVENT kind=1 report_seq=110 uart_sequence=25472 sensor_raw=4294963296 sensor_converted=4294963296 xiao_rx=243673199 queue_push=243673201 core_rx=37833353
1785753678.345377 BNO_CORE_EVENT kind=1 report_seq=111 uart_sequence=25474 sensor_raw=4294964596 sensor_converted=4294964596 xiao_rx=243684432 queue_push=243684440 core_rx=37835858
1785753678.346451 BNO_CORE_EVENT kind=2 report_seq=185 uart_sequence=25475 sensor_raw=4294954496 sensor_converted=4294954496 xiao_rx=243689286 queue_push=243689293 core_rx=37844339
1785753678.349683 BNO_CORE_EVENT kind=3 report_seq=220 uart_sequence=25476 sensor_raw=4294954496 sensor_converted=4294954496 xiao_rx=243689318 queue_push=243689320 core_rx=37846943
1785753678.351295 BNO_CORE_EVENT kind=1 report_seq=112 uart_sequence=25477 sensor_raw=4294961696 sensor_converted=4294961696 xiao_rx=243689327 queue_push=243689328 core_rx=37848115
1785753678.354029 BNO_CORE_EVENT kind=2 report_seq=186 uart_sequence=25478 sensor_raw=4294960196 sensor_converted=4294960196 xiao_rx=243694921 queue_push=243694923 core_rx=37849218
1785753678.355643 BNO_CORE_EVENT kind=5 report_seq=220 uart_sequence=25479 sensor_raw=4294960196 sensor_converted=4294960196 xiao_rx=243694930 queue_push=243694932 core_rx=37850326
1785753678.357263 BNO_CORE_EVENT kind=1 report_seq=113 uart_sequence=25480 sensor_raw=4294964396 sensor_converted=4294964396 xiao_rx=243694938 queue_push=243694940 core_rx=37852345
1785753678.364798 BNO_CORE_EVENT kind=2 report_seq=187 uart_sequence=25485 sensor_raw=4294964096 sensor_converted=4294964096 xiao_rx=243708915 queue_push=243708923 core_rx=37865317
1785753678.366428 BNO_CORE_EVENT kind=3 report_seq=221 uart_sequence=25486 sensor_raw=4294964096 sensor_converted=4294964096 xiao_rx=243708953 queue_push=243708954 core_rx=37867985
1785753678.369648 BNO_CORE_EVENT kind=4 report_seq=111 uart_sequence=25487 sensor_raw=4294950396 sensor_converted=4294950396 xiao_rx=243715641 queue_push=243715645 core_rx=37869283
1785753678.371250 BNO_CORE_EVENT kind=1 report_seq=114 uart_sequence=25488 sensor_raw=4294952496 sensor_converted=4294952496 xiao_rx=243715657 queue_push=243715659 core_rx=37870362
1785753678.372855 BNO_CORE_EVENT kind=2 report_seq=188 uart_sequence=25489 sensor_raw=4294960396 sensor_converted=4294960396 xiao_rx=243715665 queue_push=243715667 core_rx=37871433
1785753678.376083 BNO_CORE_EVENT kind=5 report_seq=221 uart_sequence=25490 sensor_raw=4294960396 sensor_converted=4294960396 xiao_rx=243715674 queue_push=243715676 core_rx=37873719
1785753678.378863 BNO_CORE_EVENT kind=1 report_seq=115 uart_sequence=25491 sensor_raw=4294960396 sensor_converted=4294960396 xiao_rx=243715682 queue_push=243715684 core_rx=37874848
1785753678.383601 BNO_CORE_EVENT kind=1 report_seq=116 uart_sequence=25493 sensor_raw=4294961696 sensor_converted=4294961696 xiao_rx=243726399 queue_push=243726404 core_rx=37884180
1785753678.385229 BNO_CORE_EVENT kind=2 report_seq=189 uart_sequence=25494 sensor_raw=4294963296 sensor_converted=4294963296 xiao_rx=243726428 queue_push=243726432 core_rx=37885471
1785753678.386847 BNO_CORE_EVENT kind=3 report_seq=222 uart_sequence=25495 sensor_raw=4294963296 sensor_converted=4294963296 xiao_rx=243726443 queue_push=243726445 core_rx=37886553
1785753678.390103 BNO_CORE_EVENT kind=1 report_seq=117 uart_sequence=25496 sensor_raw=4294959196 sensor_converted=4294959196 xiao_rx=243731423 queue_push=243731425 core_rx=37889267
1785753678.391707 BNO_CORE_EVENT kind=2 report_seq=190 uart_sequence=25497 sensor_raw=4294962896 sensor_converted=4294962896 xiao_rx=243731434 queue_push=243731435 core_rx=37890416
1785753678.394814 BNO_CORE_EVENT kind=5 report_seq=222 uart_sequence=25498 sensor_raw=4294962896 sensor_converted=4294962896 xiao_rx=243731443 queue_push=243731445 core_rx=37891497
1785753678.397632 BNO_CORE_EVENT kind=1 report_seq=118 uart_sequence=25499 sensor_raw=4294961896 sensor_converted=4294961896 xiao_rx=243742292 queue_push=243742299 core_rx=37892856
1785753678.402531 BNO_CORE_EVENT kind=2 report_seq=191 uart_sequence=25500 sensor_raw=4294957296 sensor_converted=4294957296 xiao_rx=243748185 queue_push=243748191 core_rx=37902892
1785753678.404137 BNO_CORE_EVENT kind=3 report_seq=223 uart_sequence=25501 sensor_raw=4294957296 sensor_converted=4294957296 xiao_rx=243748214 queue_push=243748216 core_rx=37904542
1785753678.405746 BNO_CORE_EVENT kind=4 report_seq=112 uart_sequence=25502 sensor_raw=4294957296 sensor_converted=4294957296 xiao_rx=243748224 queue_push=243748228 core_rx=37906232
1785753678.408983 BNO_CORE_EVENT kind=1 report_seq=119 uart_sequence=25503 sensor_raw=4294958696 sensor_converted=4294958696 xiao_rx=243748235 queue_push=243748236 core_rx=37907483
1785753678.410651 BNO_CORE_EVENT kind=2 report_seq=192 uart_sequence=25504 sensor_raw=4294960796 sensor_converted=4294960796 xiao_rx=243753848 queue_push=243753850 core_rx=37908586
1785753678.413799 BNO_CORE_EVENT kind=5 report_seq=223 uart_sequence=25505 sensor_raw=4294960796 sensor_converted=4294960796 xiao_rx=243753862 queue_push=243753864 core_rx=37910728
1785753678.415433 BNO_CORE_EVENT kind=1 report_seq=120 uart_sequence=25506 sensor_raw=4294960796 sensor_converted=4294960796 xiao_rx=243753871 queue_push=243753873 core_rx=37911894
1785753678.422056 BNO_CORE_EVENT kind=1 report_seq=121 uart_sequence=25511 sensor_raw=4294963696 sensor_converted=4294963696 xiao_rx=243766867 queue_push=243766874 core_rx=37923319
1785753678.425265 BNO_CORE_EVENT kind=2 report_seq=193 uart_sequence=25513 sensor_raw=4294952996 sensor_converted=4294952996 xiao_rx=243774235 queue_push=243774238 core_rx=37926399
1785753678.426869 BNO_CORE_EVENT kind=3 report_seq=224 uart_sequence=25514 sensor_raw=4294952996 sensor_converted=4294952996 xiao_rx=243774254 queue_push=243774255 core_rx=37927534
1785753678.430144 BNO_CORE_EVENT kind=1 report_seq=122 uart_sequence=25515 sensor_raw=4294959096 sensor_converted=4294959096 xiao_rx=243774262 queue_push=243774264 core_rx=37929184
1785753678.431755 BNO_CORE_EVENT kind=2 report_seq=194 uart_sequence=25516 sensor_raw=4294963296 sensor_converted=4294963296 xiao_rx=243774270 queue_push=243774272 core_rx=37930399
1785753678.434982 BNO_CORE_EVENT kind=5 report_seq=224 uart_sequence=25517 sensor_raw=4294963296 sensor_converted=4294963296 xiao_rx=243774279 queue_push=243774281 core_rx=37931531
1785753678.436592 BNO_CORE_EVENT kind=1 report_seq=123 uart_sequence=25518 sensor_raw=4294958396 sensor_converted=4294958396 xiao_rx=243783382 queue_push=243783389 core_rx=37934297
1785753678.439901 BNO_CORE_EVENT kind=2 report_seq=195 uart_sequence=25520 sensor_raw=4294955796 sensor_converted=4294955796 xiao_rx=243793050 queue_push=243793056 core_rx=37941310
1785753678.443910 BNO_CORE_EVENT kind=3 report_seq=225 uart_sequence=25521 sensor_raw=4294955796 sensor_converted=4294955796 xiao_rx=243793079 queue_push=243793080 core_rx=37944338
1785753678.446241 BNO_CORE_EVENT kind=4 report_seq=113 uart_sequence=25522 sensor_raw=4294955796 sensor_converted=4294955796 xiao_rx=243793088 queue_push=243793090 core_rx=37945607
1785753678.448678 BNO_CORE_EVENT kind=1 report_seq=124 uart_sequence=25523 sensor_raw=4294957196 sensor_converted=4294957196 xiao_rx=243793096 queue_push=243793098 core_rx=37948535
1785753678.450666 BNO_CORE_EVENT kind=1 report_seq=125 uart_sequence=25524 sensor_raw=4294965496 sensor_converted=4294965496 xiao_rx=243793104 queue_push=243793106 core_rx=37949704
1785753678.462908 BNO_CORE_EVENT kind=2 report_seq=196 uart_sequence=25527 sensor_raw=4294955796 sensor_converted=4294955796 xiao_rx=243803598 queue_push=243803606 core_rx=37963342
1785753678.466047 BNO_CORE_EVENT kind=5 report_seq=225 uart_sequence=25528 sensor_raw=4294955796 sensor_converted=4294955796 xiao_rx=243803630 queue_push=243803632 core_rx=37966031
1785753678.467655 BNO_CORE_EVENT kind=1 report_seq=126 uart_sequence=25529 sensor_raw=4294963296 sensor_converted=4294963296 xiao_rx=243803640 queue_push=243803642 core_rx=37967305
1785753678.469232 BNO_CORE_EVENT kind=2 report_seq=197 uart_sequence=25530 sensor_raw=4294955396 sensor_converted=4294955396 xiao_rx=243808150 queue_push=243808154 core_rx=37968415
1785753678.472417 BNO_CORE_EVENT kind=3 report_seq=226 uart_sequence=25531 sensor_raw=4294955396 sensor_converted=4294955396 xiao_rx=243808178 queue_push=243808180 core_rx=37971125
1785753678.474043 BNO_CORE_EVENT kind=1 report_seq=127 uart_sequence=25532 sensor_raw=4294961196 sensor_converted=4294961196 xiao_rx=243808186 queue_push=243808188 core_rx=37972378
1785753678.475620 BNO_CORE_EVENT kind=2 report_seq=198 uart_sequence=25533 sensor_raw=4294960796 sensor_converted=4294960796 xiao_rx=243813773 queue_push=243813778 core_rx=37973459
1785753678.478473 BNO_CORE_EVENT kind=5 report_seq=226 uart_sequence=25534 sensor_raw=4294960796 sensor_converted=4294960796 xiao_rx=243813788 queue_push=243813790 core_rx=37974522
1785753678.481646 BNO_CORE_EVENT kind=1 report_seq=128 uart_sequence=25535 sensor_raw=4294963996 sensor_converted=4294963996 xiao_rx=243813796 queue_push=243813798 core_rx=37975606
1785753678.483273 BNO_CORE_EVENT kind=2 report_seq=199 uart_sequence=25538 sensor_raw=4294964396 sensor_converted=4294964396 xiao_rx=243827948 queue_push=243827956 core_rx=37980323
1785753678.489603 BNO_CORE_EVENT kind=3 report_seq=227 uart_sequence=25540 sensor_raw=4294950996 sensor_converted=4294950996 xiao_rx=243836171 queue_push=243836180 core_rx=37990355
1785753678.491125 BNO_CORE_EVENT kind=4 report_seq=114 uart_sequence=25541 sensor_raw=4294950996 sensor_converted=4294950996 xiao_rx=243836212 queue_push=243836215 core_rx=37992965
1785753678.494268 BNO_CORE_EVENT kind=1 report_seq=129 uart_sequence=25542 sensor_raw=4294952196 sensor_converted=4294952196 xiao_rx=243836228 queue_push=243836230 core_rx=37994189
1785753678.497274 BNO_CORE_EVENT kind=1 report_seq=130 uart_sequence=25543 sensor_raw=4294960596 sensor_converted=4294960596 xiao_rx=243836239 queue_push=243836240 core_rx=37995293
1785753678.499508 BNO_CORE_EVENT kind=2 report_seq=200 uart_sequence=25544 sensor_raw=4294960896 sensor_converted=4294960896 xiao_rx=243836250 queue_push=243836252 core_rx=37996386
1785753678.501443 BNO_CORE_EVENT kind=5 report_seq=227 uart_sequence=25545 sensor_raw=4294960896 sensor_converted=4294960896 xiao_rx=243836263 queue_push=243836265 core_rx=37998752
1785753678.503501 BNO_CORE_EVENT kind=1 report_seq=131 uart_sequence=25546 sensor_raw=4294960196 sensor_converted=4294960196 xiao_rx=243841299 queue_push=243841303 core_rx=38000009
1785753678.506120 BNO_CORE_EVENT kind=2 report_seq=201 uart_sequence=25547 sensor_raw=4294962696 sensor_converted=4294962696 xiao_rx=243841313 queue_push=243841315 core_rx=38001085
1785753678.508026 BNO_CORE_EVENT kind=3 report_seq=228 uart_sequence=25548 sensor_raw=4294962696 sensor_converted=4294962696 xiao_rx=243841322 queue_push=243841325 core_rx=38002223
1785753678.510860 BNO_CORE_EVENT kind=1 report_seq=132 uart_sequence=25549 sensor_raw=4294962996 sensor_converted=4294962996 xiao_rx=243852207 queue_push=243852214 core_rx=38004337
1785753678.514285 BNO_CORE_EVENT kind=2 report_seq=202 uart_sequence=25550 sensor_raw=4294957196 sensor_converted=4294957196 xiao_rx=243857086 queue_push=243857091 core_rx=38007326
1785753678.515804 BNO_CORE_EVENT kind=5 report_seq=228 uart_sequence=25551 sensor_raw=4294957196 sensor_converted=4294957196 xiao_rx=243857112 queue_push=243857113 core_rx=38008538
1785753678.519919 BNO_CORE_EVENT kind=1 report_seq=133 uart_sequence=25552 sensor_raw=4294959496 sensor_converted=4294959496 xiao_rx=243857120 queue_push=243857121 core_rx=38009612
1785753678.523286 BNO_CORE_EVENT kind=2 report_seq=203 uart_sequence=25554 sensor_raw=4294962196 sensor_converted=4294962196 xiao_rx=243865650 queue_push=243865658 core_rx=38021325
1785753678.526412 BNO_CORE_EVENT kind=3 report_seq=229 uart_sequence=25555 sensor_raw=4294962196 sensor_converted=4294962196 xiao_rx=243865685 queue_push=243865687 core_rx=38023975
1785753678.531472 BNO_CORE_EVENT kind=4 report_seq=115 uart_sequence=25556 sensor_raw=4294962196 sensor_converted=4294962196 xiao_rx=243865706 queue_push=243865718 core_rx=38025247
1785753678.534507 BNO_CORE_EVENT kind=1 report_seq=134 uart_sequence=25557 sensor_raw=4294962696 sensor_converted=4294962696 xiao_rx=243865728 queue_push=243865730 core_rx=38026348
1785753678.538501 BNO_CORE_EVENT kind=1 report_seq=135 uart_sequence=25558 sensor_raw=4294962596 sensor_converted=4294962596 xiao_rx=243871257 queue_push=243871258 core_rx=38027462
1785753678.542054 BNO_CORE_EVENT kind=2 report_seq=204 uart_sequence=25559 sensor_raw=4294963296 sensor_converted=4294963296 xiao_rx=243871272 queue_push=243871274 core_rx=38029737
1785753678.546277 BNO_CORE_EVENT kind=5 report_seq=229 uart_sequence=25560 sensor_raw=4294963296 sensor_converted=4294963296 xiao_rx=243871282 queue_push=243871284 core_rx=38030899
1785753678.553411 BNO_CORE_EVENT kind=1 report_seq=136 uart_sequence=25564 sensor_raw=4294964196 sensor_converted=4294964196 xiao_rx=243884199 queue_push=243884206 core_rx=38038338
1785753678.556610 BNO_CORE_EVENT kind=2 report_seq=205 uart_sequence=25565 sensor_raw=4294955196 sensor_converted=4294955196 xiao_rx=243888631 queue_push=243888634 core_rx=38040958
1785753678.558134 BNO_CORE_EVENT kind=3 report_seq=230 uart_sequence=25566 sensor_raw=4294955196 sensor_converted=4294955196 xiao_rx=243888646 queue_push=243888647 core_rx=38042143
1785753678.559733 BNO_CORE_EVENT kind=1 report_seq=137 uart_sequence=25567 sensor_raw=4294959196 sensor_converted=4294959196 xiao_rx=243888654 queue_push=243888655 core_rx=38043219
1785753678.564512 XIAO UART baud=921600 rx=GPIO8 tx=GPIO9 bytes=661592 frames=1813 bytes_s=44988 frames_s=458 crc/cobs/len=0/0/0 seqgap=0 age_ms=4 type=5 log=1 q=0 rec=1862 final=0
1785753678.567646 RXDIAG max_us=8067 budget_hits=16 byte/frame/time=16/0/0 rx_buf_max=1040 loop_period_max_us=1179530 loop_exec_max_us=1172582 free_heap=133264 min_free_heap=132912 reset_reason=0 bno_kind_1to5_s=128/101/51/25/50 queue=0 high=44 drops=0
1785753678.572475 RXDETAIL service_calls=28796 service_bytes_avg=22 service_bytes_max=512 service_frames_avg=0 service_frames_avg_x1000=176 service_frames_max=7 service_bytes_s=44988 service_frames_s=458 rxbuf_full_obs=0 bno_valid=1413 bno_invalid=0 unknown=0 uart_overflow=framework_unavailable trial_rx_bytes=177660 trial_frames=1812 trial_bno=1413 trial_crc/cobs/len=0/0/0
1785753678.575655 RXTASK mode=dispatch read_calls=28797 zero_reads=23768 read_bytes_max=512 rx_task_max_us=8067 rx_task_continuous_max_us=8067 stack_hwm_min_bytes=3964 cobs_delimiters=5074 rx_current=120 rx_max=1040 rx_full=0 overflow=framework_unavailable
1785753678.575655 SDTASK max_process_us=96927
1785753678.577300 BNO_CORE_EVENT kind=2 report_seq=206 uart_sequence=25570 sensor_raw=4294960596 sensor_converted=4294960596 xiao_rx=243897957 queue_push=243897965 core_rx=38058338
1785753678.580661 BNO_CORE_EVENT kind=5 report_seq=230 uart_sequence=25571 sensor_raw=4294960596 sensor_converted=4294960596 xiao_rx=243897993 queue_push=243897995 core_rx=38060935
1785753678.582288 BNO_CORE_EVENT kind=1 report_seq=138 uart_sequence=25572 sensor_raw=4294962696 sensor_converted=4294962696 xiao_rx=243898002 queue_push=243898004 core_rx=38062113
1785753678.588478 BNO_CORE_EVENT kind=1 report_seq=139 uart_sequence=25573 sensor_raw=4294961496 sensor_converted=4294961496 xiao_rx=243904670 queue_push=243904673 core_rx=38063219
1785753678.598770 BNO_CORE_EVENT kind=2 report_seq=207 uart_sequence=25574 sensor_raw=4294961496 sensor_converted=4294961496 xiao_rx=243904682 queue_push=243904685 core_rx=38064325
1785753678.607928 BNO_CORE_EVENT kind=3 report_seq=231 uart_sequence=25575 sensor_raw=4294961496 sensor_converted=4294961496 xiao_rx=243904717 queue_push=243904719 core_rx=38066330
1785753678.617188 BNO_CORE_EVENT kind=4 report_seq=116 uart_sequence=25576 sensor_raw=4294961496 sensor_converted=4294961496 xiao_rx=243904726 queue_push=243904728 core_rx=38067600
1785753678.625178 BNO_CORE_EVENT kind=1 report_seq=140 uart_sequence=25577 sensor_raw=4294962596 sensor_converted=4294962596 xiao_rx=243908055 queue_push=243908057 core_rx=38068678
1785753678.634323 BNO_CORE_EVENT kind=2 report_seq=208 uart_sequence=25578 sensor_raw=4294964196 sensor_converted=4294964196 xiao_rx=243908069 queue_push=243908071 core_rx=38069793
1785753678.643811 BNO_CORE_EVENT kind=5 report_seq=231 uart_sequence=25581 sensor_raw=4294960796 sensor_converted=4294960796 xiao_rx=243922376 queue_push=243922383 core_rx=38072842
1785753678.652849 BNO_CORE_EVENT kind=1 report_seq=141 uart_sequence=25582 sensor_raw=4294952696 sensor_converted=4294952696 xiao_rx=243928133 queue_push=243928136 core_rx=38076300
1785753678.659294 BNO_CORE_EVENT kind=2 report_seq=209 uart_sequence=25583 sensor_raw=4294956696 sensor_converted=4294956696 xiao_rx=243928151 queue_push=243928153 core_rx=38079349
1785753678.668773 BNO_CORE_EVENT kind=3 report_seq=232 uart_sequence=25584 sensor_raw=4294956696 sensor_converted=4294956696 xiao_rx=243928164 queue_push=243928166 core_rx=38080644
1785753678.675105 BNO_CORE_EVENT kind=1 report_seq=142 uart_sequence=25585 sensor_raw=4294960596 sensor_converted=4294960596 xiao_rx=243928173 queue_push=243928174 core_rx=38082131
1785753678.682830 BNO_CORE_EVENT kind=2 report_seq=210 uart_sequence=25589 sensor_raw=4294960796 sensor_converted=4294960796 xiao_rx=243942088 queue_push=243942096 core_rx=38091855
1785753678.690902 BNO_CORE_EVENT kind=5 report_seq=232 uart_sequence=25590 sensor_raw=4294960796 sensor_converted=4294960796 xiao_rx=243942128 queue_push=243942130 core_rx=38093461
1785753678.698926 BNO_CORE_EVENT kind=1 report_seq=143 uart_sequence=25591 sensor_raw=4294962896 sensor_converted=4294962896 xiao_rx=243942140 queue_push=243942142 core_rx=38094581
1785753678.705316 BNO_CORE_EVENT kind=1 report_seq=144 uart_sequence=25592 sensor_raw=4294956996 sensor_converted=4294956996 xiao_rx=243952669 queue_push=243952678 core_rx=38102327
1785753678.714509 BNO_CORE_EVENT kind=2 report_seq=211 uart_sequence=25593 sensor_raw=4294956996 sensor_converted=4294956996 xiao_rx=243952744 queue_push=243952747 core_rx=38105014
1785753678.722400 BNO_CORE_EVENT kind=3 report_seq=233 uart_sequence=25594 sensor_raw=4294956996 sensor_converted=4294956996 xiao_rx=243952764 queue_push=243952766 core_rx=38106245
1785753678.730091 BNO_CORE_EVENT kind=4 report_seq=117 uart_sequence=25595 sensor_raw=4294956996 sensor_converted=4294956996 xiao_rx=243952776 queue_push=243952778 core_rx=38107350
1785753678.737628 BNO_CORE_EVENT kind=1 report_seq=145 uart_sequence=25596 sensor_raw=4294964496 sensor_converted=4294964496 xiao_rx=243952787 queue_push=243952789 core_rx=38108493
1785753678.746728 BNO_CORE_EVENT kind=2 report_seq=212 uart_sequence=25597 sensor_raw=4294955996 sensor_converted=4294955996 xiao_rx=243963078 queue_push=243963087 core_rx=38112336
1785753678.754664 BNO_CORE_EVENT kind=5 report_seq=233 uart_sequence=25598 sensor_raw=4294955996 sensor_converted=4294955996 xiao_rx=243963111 queue_push=243963113 core_rx=38114985
1785753678.762427 BNO_CORE_EVENT kind=1 report_seq=146 uart_sequence=25599 sensor_raw=4294961596 sensor_converted=4294961596 xiao_rx=243963119 queue_push=243963121 core_rx=38116250
1785753678.770291 BNO_CORE_EVENT kind=2 report_seq=213 uart_sequence=25602 sensor_raw=4294955796 sensor_converted=4294955796 xiao_rx=243971574 queue_push=243971582 core_rx=38125329
1785753678.775035 BNO_CORE_EVENT kind=3 report_seq=234 uart_sequence=25603 sensor_raw=4294955796 sensor_converted=4294955796 xiao_rx=243971611 queue_push=243971612 core_rx=38127945
1785753678.776670 BNO_CORE_EVENT kind=1 report_seq=147 uart_sequence=25605 sensor_raw=4294959396 sensor_converted=4294959396 xiao_rx=243971622 queue_push=243971624 core_rx=38129508
1785753678.779691 BNO_CORE_EVENT kind=2 report_seq=214 uart_sequence=25606 sensor_raw=4294957296 sensor_converted=4294957296 xiao_rx=243975875 queue_push=243975877 core_rx=38130583
1785753678.781297 BNO_CORE_EVENT kind=5 report_seq=234 uart_sequence=25607 sensor_raw=4294957296 sensor_converted=4294957296 xiao_rx=243975888 queue_push=243975890 core_rx=38131650
1785753678.784521 BNO_CORE_EVENT kind=1 report_seq=148 uart_sequence=25608 sensor_raw=4294958896 sensor_converted=4294958896 xiao_rx=243975897 queue_push=243975898 core_rx=38134130
1785753678.786140 BNO_CORE_EVENT kind=1 report_seq=149 uart_sequence=25609 sensor_raw=4294962396 sensor_converted=4294962396 xiao_rx=243986254 queue_push=243986262 core_rx=38140331
1785753678.789275 BNO_CORE_EVENT kind=2 report_seq=215 uart_sequence=25610 sensor_raw=4294962896 sensor_converted=4294962896 xiao_rx=243986287 queue_push=243986290 core_rx=38143308
1785753678.790879 BNO_CORE_EVENT kind=3 report_seq=235 uart_sequence=25611 sensor_raw=4294962896 sensor_converted=4294962896 xiao_rx=243986301 queue_push=243986303 core_rx=38144500
1785753678.792449 BNO_CORE_EVENT kind=4 report_seq=118 uart_sequence=25612 sensor_raw=4294952696 sensor_converted=4294952696 xiao_rx=243992099 queue_push=243992101 core_rx=38146638
1785753678.796793 BNO_CORE_EVENT kind=1 report_seq=150 uart_sequence=25613 sensor_raw=4294960496 sensor_converted=4294960496 xiao_rx=243992108 queue_push=243992109 core_rx=38147888
1785753678.798321 BNO_CORE_EVENT kind=2 report_seq=216 uart_sequence=25614 sensor_raw=4294962896 sensor_converted=4294962896 xiao_rx=243992116 queue_push=243992117 core_rx=38148994
1785753678.799927 BNO_CORE_EVENT kind=5 report_seq=235 uart_sequence=25615 sensor_raw=4294962896 sensor_converted=4294962896 xiao_rx=243992124 queue_push=243992126 core_rx=38150104
1785753678.803069 BNO_CORE_EVENT kind=1 report_seq=151 uart_sequence=25620 sensor_raw=4294961996 sensor_converted=4294961996 xiao_rx=244007425 queue_push=244007432 core_rx=38159693
1785753678.804599 BNO_CORE_EVENT kind=2 report_seq=217 uart_sequence=25621 sensor_raw=4294951396 sensor_converted=4294951396 xiao_rx=244016116 queue_push=244016123 core_rx=38171346
1785753678.806209 BNO_CORE_EVENT kind=3 report_seq=236 uart_sequence=25622 sensor_raw=4294951396 sensor_converted=4294951396 xiao_rx=244016150 queue_push=244016152 core_rx=38173944
1785753678.809427 BNO_CORE_EVENT kind=1 report_seq=152 uart_sequence=25623 sensor_raw=4294954596 sensor_converted=4294954596 xiao_rx=244016162 queue_push=244016164 core_rx=38175136
1785753678.812355 BNO_CORE_EVENT kind=2 report_seq=218 uart_sequence=25624 sensor_raw=4294961796 sensor_converted=4294961796 xiao_rx=244016171 queue_push=244016173 core_rx=38176243
1785753678.813972 BNO_CORE_EVENT kind=5 report_seq=236 uart_sequence=25625 sensor_raw=4294961796 sensor_converted=4294961796 xiao_rx=244016180 queue_push=244016182 core_rx=38177340
1785753678.815580 BNO_CORE_EVENT kind=1 report_seq=153 uart_sequence=25626 sensor_raw=4294962496 sensor_converted=4294962496 xiao_rx=244016188 queue_push=244016190 core_rx=38179756
1785753678.818814 BNO_CORE_EVENT kind=1 report_seq=154 uart_sequence=25627 sensor_raw=4294961896 sensor_converted=4294961896 xiao_rx=244021290 queue_push=244021292 core_rx=38180965
1785753678.820442 BNO_CORE_EVENT kind=2 report_seq=219 uart_sequence=25628 sensor_raw=4294962796 sensor_converted=4294962796 xiao_rx=244021298 queue_push=244021300 core_rx=38182078
1785753678.823487 BNO_CORE_EVENT kind=3 report_seq=237 uart_sequence=25629 sensor_raw=4294962796 sensor_converted=4294962796 xiao_rx=244021307 queue_push=244021308 core_rx=38183151
1785753678.825007 BNO_CORE_EVENT kind=4 report_seq=119 uart_sequence=25632 sensor_raw=4294957996 sensor_converted=4294957996 xiao_rx=244035575 queue_push=244035584 core_rx=38191312
1785753678.828557 BNO_CORE_EVENT kind=1 report_seq=155 uart_sequence=25633 sensor_raw=4294964696 sensor_converted=4294964696 xiao_rx=244035612 queue_push=244035614 core_rx=38193985
1785753678.829567 BNO_CORE_EVENT kind=2 report_seq=220 uart_sequence=25634 sensor_raw=4294953896 sensor_converted=4294953896 xiao_rx=244041855 queue_push=244041858 core_rx=38195235
1785753678.832637 BNO_CORE_EVENT kind=5 report_seq=237 uart_sequence=25635 sensor_raw=4294953896 sensor_converted=4294953896 xiao_rx=244041868 queue_push=244041869 core_rx=38196307
1785753678.834178 BNO_CORE_EVENT kind=1 report_seq=156 uart_sequence=25636 sensor_raw=4294958696 sensor_converted=4294958696 xiao_rx=244041877 queue_push=244041878 core_rx=38197375
1785753678.837262 BNO_CORE_EVENT kind=2 report_seq=221 uart_sequence=25637 sensor_raw=4294963596 sensor_converted=4294963596 xiao_rx=244041885 queue_push=244041887 core_rx=38199279
1785753678.838808 BNO_CORE_EVENT kind=3 report_seq=238 uart_sequence=25638 sensor_raw=4294963596 sensor_converted=4294963596 xiao_rx=244041898 queue_push=244041899 core_rx=38200500
1785753678.840352 BNO_CORE_EVENT kind=1 report_seq=157 uart_sequence=25639 sensor_raw=4294959696 sensor_converted=4294959696 xiao_rx=244052311 queue_push=244052318 core_rx=38203307
1785753678.843565 BNO_CORE_EVENT kind=2 report_seq=222 uart_sequence=25643 sensor_raw=4294956596 sensor_converted=4294956596 xiao_rx=244060882 queue_push=244060889 core_rx=38213456
1785753678.846329 BNO_CORE_EVENT kind=5 report_seq=238 uart_sequence=25644 sensor_raw=4294956596 sensor_converted=4294956596 xiao_rx=244060906 queue_push=244060908 core_rx=38215390
1785753678.847929 BNO_CORE_EVENT kind=1 report_seq=158 uart_sequence=25645 sensor_raw=4294957296 sensor_converted=4294957296 xiao_rx=244060915 queue_push=244060916 core_rx=38216571
1785753678.849495 BNO_CORE_EVENT kind=1 report_seq=159 uart_sequence=25646 sensor_raw=4294965296 sensor_converted=4294965296 xiao_rx=244060923 queue_push=244060925 core_rx=38217662
1785753678.852710 BNO_CORE_EVENT kind=4 report_seq=120 uart_sequence=25647 sensor_raw=4294957996 sensor_converted=4294957996 xiao_rx=244071877 queue_push=244071886 core_rx=38221319
1785753678.853888 BNO_CORE_EVENT kind=2 report_seq=223 uart_sequence=25648 sensor_raw=4294957996 sensor_converted=4294957996 xiao_rx=244071907 queue_push=244071910 core_rx=38223987
1785753678.857039 BNO_CORE_EVENT kind=3 report_seq=239 uart_sequence=25649 sensor_raw=4294957996 sensor_converted=4294957996 xiao_rx=244071922 queue_push=244071924 core_rx=38225240
1785753678.858657 BNO_CORE_EVENT kind=1 report_seq=160 uart_sequence=25650 sensor_raw=4294964496 sensor_converted=4294964496 xiao_rx=244071934 queue_push=244071935 core_rx=38226308
1785753678.861546 BNO_CORE_EVENT kind=2 report_seq=224 uart_sequence=25652 sensor_raw=4294957296 sensor_converted=4294957296 xiao_rx=244079399 queue_push=244079407 core_rx=38237353
1785753678.863166 BNO_CORE_EVENT kind=5 report_seq=239 uart_sequence=25653 sensor_raw=4294957296 sensor_converted=4294957296 xiao_rx=244079437 queue_push=244079438 core_rx=38239943
1785753678.866354 BNO_CORE_EVENT kind=1 report_seq=161 uart_sequence=25654 sensor_raw=4294961796 sensor_converted=4294961796 xiao_rx=244079445 queue_push=244079446 core_rx=38241121
1785753678.867962 BNO_CORE_EVENT kind=2 report_seq=225 uart_sequence=25655 sensor_raw=4294959496 sensor_converted=4294959496 xiao_rx=244085199 queue_push=244085203 core_rx=38242218
1785753678.869514 BNO_CORE_EVENT kind=3 report_seq=240 uart_sequence=25656 sensor_raw=4294959496 sensor_converted=4294959496 xiao_rx=244085219 queue_push=244085220 core_rx=38243622
1785753678.872733 BNO_CORE_EVENT kind=1 report_seq=162 uart_sequence=25657 sensor_raw=4294961796 sensor_converted=4294961796 xiao_rx=244085227 queue_push=244085228 core_rx=38244782
1785753678.874357 BNO_CORE_EVENT kind=2 report_seq=226 uart_sequence=25658 sensor_raw=4294963896 sensor_converted=4294963896 xiao_rx=244088544 queue_push=244088546 core_rx=38245884
1785753678.875970 BNO_CORE_EVENT kind=5 report_seq=240 uart_sequence=25660 sensor_raw=4294963896 sensor_converted=4294963896 xiao_rx=244088553 queue_push=244088555 core_rx=38249895
1785753678.879352 BNO_CORE_EVENT kind=1 report_seq=163 uart_sequence=25661 sensor_raw=4294960596 sensor_converted=4294960596 xiao_rx=244100657 queue_push=244100664 core_rx=38252307
1785753678.882400 BNO_CORE_EVENT kind=1 report_seq=164 uart_sequence=25663 sensor_raw=4294956996 sensor_converted=4294956996 xiao_rx=244109170 queue_push=244109176 core_rx=38263349
1785753678.883919 BNO_CORE_EVENT kind=2 report_seq=227 uart_sequence=25664 sensor_raw=4294958696 sensor_converted=4294958696 xiao_rx=244109199 queue_push=244109202 core_rx=38265983
1785753678.886953 BNO_CORE_EVENT kind=3 report_seq=241 uart_sequence=25665 sensor_raw=4294958696 sensor_converted=4294958696 xiao_rx=244109215 queue_push=244109216 core_rx=38267227
1785753678.888469 BNO_CORE_EVENT kind=4 report_seq=121 uart_sequence=25666 sensor_raw=4294958696 sensor_converted=4294958696 xiao_rx=244109227 queue_push=244109230 core_rx=38268337
1785753678.891503 BNO_CORE_EVENT kind=1 report_seq=165 uart_sequence=25667 sensor_raw=4294964796 sensor_converted=4294964796 xiao_rx=244109237 queue_push=244109239 core_rx=38271287
1785753678.893218 BNO_CORE_EVENT kind=2 report_seq=228 uart_sequence=25668 sensor_raw=4294960196 sensor_converted=4294960196 xiao_rx=244114805 queue_push=244114807 core_rx=38272505
1785753678.896163 BNO_CORE_EVENT kind=5 report_seq=241 uart_sequence=25669 sensor_raw=4294960196 sensor_converted=4294960196 xiao_rx=244114818 queue_push=244114820 core_rx=38273588
1785753678.897426 BNO_CORE_EVENT kind=1 report_seq=166 uart_sequence=25670 sensor_raw=4294963796 sensor_converted=4294963796 xiao_rx=244114827 queue_push=244114828 core_rx=38274680
1785753678.900644 BNO_CORE_EVENT kind=2 report_seq=229 uart_sequence=25675 sensor_raw=4294964396 sensor_converted=4294964396 xiao_rx=244128868 queue_push=244128877 core_rx=38289322
1785753678.902252 BNO_CORE_EVENT kind=3 report_seq=242 uart_sequence=25676 sensor_raw=4294964396 sensor_converted=4294964396 xiao_rx=244128903 queue_push=244128905 core_rx=38291941
1785753678.905393 BNO_CORE_EVENT kind=1 report_seq=167 uart_sequence=25677 sensor_raw=4294952596 sensor_converted=4294952596 xiao_rx=244134564 queue_push=244134569 core_rx=38293108
1785753678.906918 BNO_CORE_EVENT kind=1 report_seq=168 uart_sequence=25678 sensor_raw=4294960896 sensor_converted=4294960896 xiao_rx=244134589 queue_push=244134591 core_rx=38294207
1785753678.908531 BNO_CORE_EVENT kind=2 report_seq=230 uart_sequence=25679 sensor_raw=4294960896 sensor_converted=4294960896 xiao_rx=244134601 queue_push=244134603 core_rx=38295299
1785753678.912428 BNO_CORE_EVENT kind=5 report_seq=242 uart_sequence=25680 sensor_raw=4294960896 sensor_converted=4294960896 xiao_rx=244134610 queue_push=244134612 core_rx=38297773
1785753678.914587 BNO_CORE_EVENT kind=1 report_seq=169 uart_sequence=25681 sensor_raw=4294962396 sensor_converted=4294962396 xiao_rx=244139041 queue_push=244139045 core_rx=38299020
1785753678.916220 BNO_CORE_EVENT kind=2 report_seq=231 uart_sequence=25682 sensor_raw=4294964396 sensor_converted=4294964396 xiao_rx=244139057 queue_push=244139058 core_rx=38300170
1785753678.917742 BNO_CORE_EVENT kind=3 report_seq=243 uart_sequence=25683 sensor_raw=4294964396 sensor_converted=4294964396 xiao_rx=244139066 queue_push=244139068 core_rx=38301243
1785753678.921041 BNO_CORE_EVENT kind=4 report_seq=122 uart_sequence=25684 sensor_raw=4294959996 sensor_converted=4294959996 xiao_rx=244152044 queue_push=244152053 core_rx=38303303
1785753678.922572 BNO_CORE_EVENT kind=1 report_seq=170 uart_sequence=25685 sensor_raw=4294965396 sensor_converted=4294965396 xiao_rx=244152078 queue_push=244152080 core_rx=38304509
1785753678.924182 BNO_CORE_EVENT kind=2 report_seq=232 uart_sequence=25686 sensor_raw=4294957196 sensor_converted=4294957196 xiao_rx=244157489 queue_push=244157495 core_rx=38307329
1785753678.927427 BNO_CORE_EVENT kind=5 report_seq=243 uart_sequence=25687 sensor_raw=4294957196 sensor_converted=4294957196 xiao_rx=244157512 queue_push=244157513 core_rx=38310002
1785753678.930294 BNO_CORE_EVENT kind=1 report_seq=171 uart_sequence=25688 sensor_raw=4294960396 sensor_converted=4294960396 xiao_rx=244157522 queue_push=244157524 core_rx=38311281
1785753678.931900 BNO_CORE_EVENT kind=2 report_seq=233 uart_sequence=25690 sensor_raw=4294961696 sensor_converted=4294961696 xiao_rx=244166490 queue_push=244166498 core_rx=38322350
1785753678.935027 BNO_CORE_EVENT kind=3 report_seq=244 uart_sequence=25691 sensor_raw=4294961696 sensor_converted=4294961696 xiao_rx=244166526 queue_push=244166528 core_rx=38324950
1785753678.936592 BNO_CORE_EVENT kind=1 report_seq=172 uart_sequence=25692 sensor_raw=4294962896 sensor_converted=4294962896 xiao_rx=244166537 queue_push=244166539 core_rx=38326148
1785753678.938218 BNO_CORE_EVENT kind=1 report_seq=173 uart_sequence=25693 sensor_raw=4294961896 sensor_converted=4294961896 xiao_rx=244172111 queue_push=244172112 core_rx=38327250
1785753678.941445 BNO_CORE_EVENT kind=2 report_seq=234 uart_sequence=25694 sensor_raw=4294962396 sensor_converted=4294962396 xiao_rx=244172123 queue_push=244172125 core_rx=38328355
1785753678.943068 BNO_CORE_EVENT kind=5 report_seq=244 uart_sequence=25695 sensor_raw=4294962396 sensor_converted=4294962396 xiao_rx=244172133 queue_push=244172135 core_rx=38330746
1785753678.947396 BNO_CORE_EVENT kind=1 report_seq=174 uart_sequence=25700 sensor_raw=4294964096 sensor_converted=4294964096 xiao_rx=244184571 queue_push=244184578 core_rx=38337325
1785753678.949644 BNO_CORE_EVENT kind=4 report_seq=123 uart_sequence=25702 sensor_raw=4294954096 sensor_converted=4294954096 xiao_rx=244193870 queue_push=244193875 core_rx=38346334
1785753678.952041 BNO_CORE_EVENT kind=2 report_seq=235 uart_sequence=25703 sensor_raw=4294954196 sensor_converted=4294954196 xiao_rx=244193896 queue_push=244193899 core_rx=38349011
1785753678.954453 BNO_CORE_EVENT kind=3 report_seq=245 uart_sequence=25704 sensor_raw=4294954196 sensor_converted=4294954196 xiao_rx=244193910 queue_push=244193911 core_rx=38351408
1785753678.956302 BNO_CORE_EVENT kind=1 report_seq=175 uart_sequence=25705 sensor_raw=4294959796 sensor_converted=4294959796 xiao_rx=244193920 queue_push=244193921 core_rx=38352626
1785753678.957916 BNO_CORE_EVENT kind=2 report_seq=236 uart_sequence=25706 sensor_raw=4294964496 sensor_converted=4294964496 xiao_rx=244193928 queue_push=244193929 core_rx=38355097
1785753678.959537 BNO_CORE_EVENT kind=5 report_seq=245 uart_sequence=25707 sensor_raw=4294955996 sensor_converted=4294955996 xiao_rx=244197331 queue_push=244197334 core_rx=38356228
1785753678.963131 BNO_CORE_EVENT kind=1 report_seq=176 uart_sequence=25708 sensor_raw=4294958696 sensor_converted=4294958696 xiao_rx=244197343 queue_push=244197345 core_rx=38358310
1785753678.965719 BNO_CORE_EVENT kind=2 report_seq=237 uart_sequence=25710 sensor_raw=4294961896 sensor_converted=4294961896 xiao_rx=244209776 queue_push=244209784 core_rx=38366340
1785753678.967240 BNO_CORE_EVENT kind=3 report_seq=246 uart_sequence=25711 sensor_raw=4294961896 sensor_converted=4294961896 xiao_rx=244209811 queue_push=244209812 core_rx=38368942
1785753678.968844 BNO_CORE_EVENT kind=1 report_seq=177 uart_sequence=25712 sensor_raw=4294962796 sensor_converted=4294962796 xiao_rx=244209823 queue_push=244209825 core_rx=38370109
1785753678.972074 BNO_CORE_EVENT kind=1 report_seq=178 uart_sequence=25713 sensor_raw=4294958596 sensor_converted=4294958596 xiao_rx=244216333 queue_push=244216334 core_rx=38371189
1785753678.973691 BNO_CORE_EVENT kind=2 report_seq=238 uart_sequence=25714 sensor_raw=4294959096 sensor_converted=4294959096 xiao_rx=244216344 queue_push=244216346 core_rx=38372254
1785753678.975308 BNO_CORE_EVENT kind=5 report_seq=246 uart_sequence=25715 sensor_raw=4294959096 sensor_converted=4294959096 xiao_rx=244216353 queue_push=244216355 core_rx=38374783
1785753678.980140 BNO_CORE_EVENT kind=1 report_seq=179 uart_sequence=25716 sensor_raw=4294966096 sensor_converted=4294966096 xiao_rx=244216361 queue_push=244216363 core_rx=38376032
1785753678.982678 BNO_CORE_EVENT kind=2 report_seq=239 uart_sequence=25718 sensor_raw=4294962796 sensor_converted=4294962796 xiao_rx=244227870 queue_push=244227879 core_rx=38384324
1785753678.984199 BNO_CORE_EVENT kind=3 report_seq=247 uart_sequence=25719 sensor_raw=4294962796 sensor_converted=4294962796 xiao_rx=244227904 queue_push=244227906 core_rx=38386977
1785753678.987232 BNO_CORE_EVENT kind=4 report_seq=124 uart_sequence=25720 sensor_raw=4294962796 sensor_converted=4294962796 xiao_rx=244227914 queue_push=244227916 core_rx=38388155
1785753678.988749 BNO_CORE_EVENT kind=1 report_seq=180 uart_sequence=25721 sensor_raw=4294956396 sensor_converted=4294956396 xiao_rx=244234189 queue_push=244234191 core_rx=38389257
1785753678.991779 BNO_CORE_EVENT kind=2 report_seq=240 uart_sequence=25722 sensor_raw=4294961996 sensor_converted=4294961996 xiao_rx=244234201 queue_push=244234203 core_rx=38390654
1785753678.993294 BNO_CORE_EVENT kind=5 report_seq=247 uart_sequence=25723 sensor_raw=4294961996 sensor_converted=4294961996 xiao_rx=244234212 queue_push=244234213 core_rx=38391824
1785753678.997076 BNO_CORE_EVENT kind=1 report_seq=181 uart_sequence=25724 sensor_raw=4294964396 sensor_converted=4294964396 xiao_rx=244234221 queue_push=244234223 core_rx=38392896
1785753678.998877 BNO_CORE_EVENT kind=2 report_seq=241 uart_sequence=25728 sensor_raw=4294964796 sensor_converted=4294964796 xiao_rx=244246507 queue_push=244246515 core_rx=38398268
1785753679.001367 BNO_CORE_EVENT kind=3 report_seq=248 uart_sequence=25729 sensor_raw=4294952596 sensor_converted=4294952596 xiao_rx=244254512 queue_push=244254521 core_rx=38407876
1785753679.003271 BNO_CORE_EVENT kind=1 report_seq=182 uart_sequence=25730 sensor_raw=4294952896 sensor_converted=4294952896 xiao_rx=244254545 queue_push=244254548 core_rx=38409505
1785753679.005790 BNO_CORE_EVENT kind=1 report_seq=183 uart_sequence=25731 sensor_raw=4294961196 sensor_converted=4294961196 xiao_rx=244254554 queue_push=244254556 core_rx=38411636
1785753679.007582 BNO_CORE_EVENT kind=2 report_seq=242 uart_sequence=25733 sensor_raw=4294962696 sensor_converted=4294962696 xiao_rx=244254566 queue_push=244254568 core_rx=38415830
1785753679.009830 BNO_CORE_EVENT kind=5 report_seq=248 uart_sequence=25734 sensor_raw=4294962696 sensor_converted=4294962696 xiao_rx=244254575 queue_push=244254577 core_rx=38418363
1785753679.012837 BNO_CORE_EVENT kind=1 report_seq=184 uart_sequence=25735 sensor_raw=4294961296 sensor_converted=4294961296 xiao_rx=244258994 queue_push=244258995 core_rx=38419509
1785753679.014361 BNO_CORE_EVENT kind=2 report_seq=243 uart_sequence=25736 sensor_raw=4294964396 sensor_converted=4294964396 xiao_rx=244259002 queue_push=244259003 core_rx=38420617
1785753679.016098 BNO_CORE_EVENT kind=3 report_seq=249 uart_sequence=25737 sensor_raw=4294964396 sensor_converted=4294964396 xiao_rx=244259010 queue_push=244259012 core_rx=38421701
1785753679.019313 BNO_CORE_EVENT kind=4 report_seq=125 uart_sequence=25738 sensor_raw=4294960196 sensor_converted=4294960196 xiao_rx=244272722 queue_push=244272731 core_rx=38424298
1785753679.020922 BNO_CORE_EVENT kind=1 report_seq=185 uart_sequence=25739 sensor_raw=4294964196 sensor_converted=4294964196 xiao_rx=244272758 queue_push=244272759 core_rx=38425480
1785753679.022538 BNO_CORE_EVENT kind=2 report_seq=244 uart_sequence=25741 sensor_raw=4294956096 sensor_converted=4294956096 xiao_rx=244278508 queue_push=244278515 core_rx=38432966
1785753679.025767 BNO_CORE_EVENT kind=5 report_seq=249 uart_sequence=25742 sensor_raw=4294956096 sensor_converted=4294956096 xiao_rx=244278541 queue_push=244278543 core_rx=38435945
1785753679.028623 BNO_CORE_EVENT kind=1 report_seq=186 uart_sequence=25743 sensor_raw=4294957896 sensor_converted=4294957896 xiao_rx=244278549 queue_push=244278551 core_rx=38437120
1785753679.031410 BNO_CORE_EVENT kind=2 report_seq=245 uart_sequence=25744 sensor_raw=4294960596 sensor_converted=4294960596 xiao_rx=244283619 queue_push=244283621 core_rx=38438220
1785753679.033022 BNO_CORE_EVENT kind=3 report_seq=250 uart_sequence=25745 sensor_raw=4294960596 sensor_converted=4294960596 xiao_rx=244283638 queue_push=244283640 core_rx=38439290
1785753679.034636 BNO_CORE_EVENT kind=1 report_seq=187 uart_sequence=25746 sensor_raw=4294960596 sensor_converted=4294960596 xiao_rx=244283646 queue_push=244283648 core_rx=38441769
1785753679.037765 BNO_CORE_EVENT kind=1 report_seq=188 uart_sequence=25749 sensor_raw=4294963296 sensor_converted=4294963296 xiao_rx=244293860 queue_push=244293867 core_rx=38448275
1785753679.039376 BNO_CORE_EVENT kind=2 report_seq=246 uart_sequence=25750 sensor_raw=4294955096 sensor_converted=4294955096 xiao_rx=244299042 queue_push=244299045 core_rx=38449448
1785753679.041010 BNO_CORE_EVENT kind=5 report_seq=250 uart_sequence=25751 sensor_raw=4294955096 sensor_converted=4294955096 xiao_rx=244299053 queue_push=244299055 core_rx=38451988
1785753679.044243 BNO_CORE_EVENT kind=1 report_seq=189 uart_sequence=25752 sensor_raw=4294961496 sensor_converted=4294961496 xiao_rx=244299062 queue_push=244299064 core_rx=38453270
1785753679.047028 BNO_CORE_EVENT kind=4 report_seq=126 uart_sequence=25753 sensor_raw=4294964896 sensor_converted=4294964896 xiao_rx=244299071 queue_push=244299073 core_rx=38454335
1785753679.048558 BNO_CORE_EVENT kind=2 report_seq=247 uart_sequence=25755 sensor_raw=4294959796 sensor_converted=4294959796 xiao_rx=244308477 queue_push=244308486 core_rx=38463363
1785753679.050166 BNO_CORE_EVENT kind=3 report_seq=251 uart_sequence=25756 sensor_raw=4294959796 sensor_converted=4294959796 xiao_rx=244308513 queue_push=244308515 core_rx=38465931
1785753679.053325 BNO_CORE_EVENT kind=1 report_seq=190 uart_sequence=25757 sensor_raw=4294963796 sensor_converted=4294963796 xiao_rx=244308526 queue_push=244308528 core_rx=38467109
1785753679.054528 BNO_CORE_EVENT kind=2 report_seq=248 uart_sequence=25758 sensor_raw=4294960796 sensor_converted=4294960796 xiao_rx=244314130 queue_push=244314133 core_rx=38468205
1785753679.057778 BNO_CORE_EVENT kind=5 report_seq=251 uart_sequence=25759 sensor_raw=4294960796 sensor_converted=4294960796 xiao_rx=244314143 queue_push=244314145 core_rx=38469748
1785753679.059396 BNO_CORE_EVENT kind=1 report_seq=191 uart_sequence=25760 sensor_raw=4294962196 sensor_converted=4294962196 xiao_rx=244314152 queue_push=244314154 core_rx=38470976
1785753679.062521 BNO_CORE_EVENT kind=1 report_seq=192 uart_sequence=25763 sensor_raw=4294964396 sensor_converted=4294964396 xiao_rx=244326281 queue_push=244326288 core_rx=38480318
1785753679.064131 BNO_CORE_EVENT kind=2 report_seq=249 uart_sequence=25764 sensor_raw=4294964496 sensor_converted=4294964496 xiao_rx=244326315 queue_push=244326318 core_rx=38483031
1785753679.067307 BNO_CORE_EVENT kind=3 report_seq=252 uart_sequence=25765 sensor_raw=4294964496 sensor_converted=4294964496 xiao_rx=244326328 queue_push=244326330 core_rx=38484255
1785753679.068918 BNO_CORE_EVENT kind=1 report_seq=193 uart_sequence=25766 sensor_raw=4294960696 sensor_converted=4294960696 xiao_rx=244331182 queue_push=244331184 core_rx=38485326
1785753679.070533 BNO_CORE_EVENT kind=2 report_seq=250 uart_sequence=25767 sensor_raw=4294962896 sensor_converted=4294962896 xiao_rx=244331194 queue_push=244331196 core_rx=38488139
1785753679.073760 BNO_CORE_EVENT kind=5 report_seq=252 uart_sequence=25768 sensor_raw=4294962896 sensor_converted=4294962896 xiao_rx=244331203 queue_push=244331205 core_rx=38489373
1785753679.075292 BNO_CORE_EVENT kind=1 report_seq=194 uart_sequence=25769 sensor_raw=4294963296 sensor_converted=4294963296 xiao_rx=244339310 queue_push=244339317 core_rx=38490451
1785753679.078175 BNO_CORE_EVENT kind=2 report_seq=251 uart_sequence=25771 sensor_raw=4294959996 sensor_converted=4294959996 xiao_rx=244347070 queue_push=244347077 core_rx=38496336
1785753679.080819 BNO_CORE_EVENT kind=3 report_seq=253 uart_sequence=25772 sensor_raw=4294959996 sensor_converted=4294959996 xiao_rx=244347102 queue_push=244347104 core_rx=38497657
1785753679.082431 BNO_CORE_EVENT kind=4 report_seq=127 uart_sequence=25773 sensor_raw=4294959996 sensor_converted=4294959996 xiao_rx=244347111 queue_push=244347113 core_rx=38499979
1785753679.084064 BNO_CORE_EVENT kind=1 report_seq=195 uart_sequence=25774 sensor_raw=4294963096 sensor_converted=4294963096 xiao_rx=244347121 queue_push=244347123 core_rx=38501186
1785753679.087301 BNO_CORE_EVENT kind=2 report_seq=252 uart_sequence=25776 sensor_raw=4294961996 sensor_converted=4294961996 xiao_rx=244354802 queue_push=244354808 core_rx=38509361
1785753679.088921 BNO_CORE_EVENT kind=5 report_seq=253 uart_sequence=25777 sensor_raw=4294961996 sensor_converted=4294961996 xiao_rx=244354834 queue_push=244354836 core_rx=38511976
1785753679.092001 BNO_CORE_EVENT kind=1 report_seq=196 uart_sequence=25778 sensor_raw=4294963196 sensor_converted=4294963196 xiao_rx=244354844 queue_push=244354847 core_rx=38513197
1785753679.094755 BNO_CORE_EVENT kind=1 report_seq=197 uart_sequence=25779 sensor_raw=4294963496 sensor_converted=4294963496 xiao_rx=244359289 queue_push=244359293 core_rx=38514353
1785753679.097683 BNO_CORE_EVENT kind=2 report_seq=253 uart_sequence=25780 sensor_raw=4294963996 sensor_converted=4294963996 xiao_rx=244359308 queue_push=244359310 core_rx=38515547
1785753679.099296 BNO_CORE_EVENT kind=3 report_seq=254 uart_sequence=25781 sensor_raw=4294963996 sensor_converted=4294963996 xiao_rx=244359321 queue_push=244359323 core_rx=38517766
1785753679.102539 BNO_CORE_EVENT kind=1 report_seq=198 uart_sequence=25784 sensor_raw=4294966596 sensor_converted=4294966596 xiao_rx=244369543 queue_push=244369550 core_rx=38520844
1785753679.104080 BNO_CORE_EVENT kind=2 report_seq=254 uart_sequence=25785 sensor_raw=4294959696 sensor_converted=4294959696 xiao_rx=244375500 queue_push=244375507 core_rx=38527987
1785753679.105664 BNO_CORE_EVENT kind=5 report_seq=254 uart_sequence=25786 sensor_raw=4294959696 sensor_converted=4294959696 xiao_rx=244375532 queue_push=244375533 core_rx=38530968
1785753679.108859 BNO_CORE_EVENT kind=1 report_seq=199 uart_sequence=25787 sensor_raw=4294964896 sensor_converted=4294964896 xiao_rx=244375541 queue_push=244375542 core_rx=38532107
1785753679.110445 BNO_CORE_EVENT kind=2 report_seq=255 uart_sequence=25788 sensor_raw=4294963296 sensor_converted=4294963296 xiao_rx=244379044 queue_push=244379048 core_rx=38533180
1785753679.114075 BNO_CORE_EVENT kind=3 report_seq=255 uart_sequence=25790 sensor_raw=4294963296 sensor_converted=4294963296 xiao_rx=244379062 queue_push=244379064 core_rx=38534651
1785753679.115696 BNO_CORE_EVENT kind=4 report_seq=128 uart_sequence=25792 sensor_raw=4294959996 sensor_converted=4294959996 xiao_rx=244387579 queue_push=244387585 core_rx=38537943
1785753679.117322 BNO_CORE_EVENT kind=1 report_seq=200 uart_sequence=25793 sensor_raw=4294962896 sensor_converted=4294962896 xiao_rx=244387606 queue_push=244387608 core_rx=38539183
1785753679.120388 BNO_CORE_EVENT kind=2 report_seq=0 uart_sequence=25795 sensor_raw=4294961696 sensor_converted=4294961696 xiao_rx=244394634 queue_push=244394641 core_rx=38548343
1785753679.121992 BNO_CORE_EVENT kind=5 report_seq=255 uart_sequence=25796 sensor_raw=4294961696 sensor_converted=4294961696 xiao_rx=244394670 queue_push=244394671 core_rx=38550986
1785753679.125125 BNO_CORE_EVENT kind=1 report_seq=201 uart_sequence=25797 sensor_raw=4294962396 sensor_converted=4294962396 xiao_rx=244394678 queue_push=244394680 core_rx=38552289
1785753679.126727 BNO_CORE_EVENT kind=1 report_seq=202 uart_sequence=25798 sensor_raw=4294963696 sensor_converted=4294963696 xiao_rx=244399142 queue_push=244399145 core_rx=38553381
1785753679.129731 BNO_CORE_EVENT kind=2 report_seq=1 uart_sequence=25799 sensor_raw=4294964196 sensor_converted=4294964196 xiao_rx=244399154 queue_push=244399156 core_rx=38556044
1785753679.131346 BNO_CORE_EVENT kind=3 report_seq=0 uart_sequence=25800 sensor_raw=4294964196 sensor_converted=4294964196 xiao_rx=244399167 queue_push=244399169 core_rx=38557172
1785753679.132908 BNO_CORE_EVENT kind=1 report_seq=203 uart_sequence=25802 sensor_raw=4294966396 sensor_converted=4294966396 xiao_rx=244411282 queue_push=244411289 core_rx=38560939
1785753679.136153 BNO_CORE_EVENT kind=2 report_seq=2 uart_sequence=25804 sensor_raw=4294958096 sensor_converted=4294958096 xiao_rx=244416560 queue_push=244416566 core_rx=38566336
1785753679.137775 BNO_CORE_EVENT kind=5 report_seq=0 uart_sequence=25805 sensor_raw=4294958096 sensor_converted=4294958096 xiao_rx=244416585 queue_push=244416587 core_rx=38568945
1785753679.139382 BNO_CORE_EVENT kind=1 report_seq=204 uart_sequence=25806 sensor_raw=4294962796 sensor_converted=4294962796 xiao_rx=244416595 queue_push=244416596 core_rx=38570073
1785753679.142614 BNO_CORE_EVENT kind=2 report_seq=3 uart_sequence=25809 sensor_raw=4294962996 sensor_converted=4294962996 xiao_rx=244424854 queue_push=244424862 core_rx=38578308
1785753679.144822 BNO_CORE_EVENT kind=3 report_seq=1 uart_sequence=25810 sensor_raw=4294962996 sensor_converted=4294962996 xiao_rx=244424892 queue_push=244424894 core_rx=38581005
1785753679.146856 BNO_CORE_EVENT kind=4 report_seq=129 uart_sequence=25811 sensor_raw=4294954696 sensor_converted=4294954696 xiao_rx=244429141 queue_push=244429144 core_rx=38582263
1785753679.150145 BNO_CORE_EVENT kind=1 report_seq=205 uart_sequence=25812 sensor_raw=4294956696 sensor_converted=4294956696 xiao_rx=244429157 queue_push=244429159 core_rx=38583335
1785753679.151751 BNO_CORE_EVENT kind=2 report_seq=4 uart_sequence=25813 sensor_raw=4294963996 sensor_converted=4294963996 xiao_rx=244429166 queue_push=244429168 core_rx=38586054
1785753679.154385 BNO_CORE_EVENT kind=5 report_seq=1 uart_sequence=25814 sensor_raw=4294959696 sensor_converted=4294959696 xiao_rx=244437349 queue_push=244437356 core_rx=38590305
1785753679.155921 BNO_CORE_EVENT kind=1 report_seq=206 uart_sequence=25815 sensor_raw=4294960396 sensor_converted=4294960396 xiao_rx=244437378 queue_push=244437380 core_rx=38593346
1785753679.157547 BNO_CORE_EVENT kind=1 report_seq=207 uart_sequence=25816 sensor_raw=4294960396 sensor_converted=4294960396 xiao_rx=244442481 queue_push=244442482 core_rx=38594626
1785753679.161562 BNO_CORE_EVENT kind=2 report_seq=5 uart_sequence=25817 sensor_raw=4294961796 sensor_converted=4294961796 xiao_rx=244442494 queue_push=244442497 core_rx=38596360
1785753679.163704 BNO_CORE_EVENT kind=3 report_seq=2 uart_sequence=25818 sensor_raw=4294961796 sensor_converted=4294961796 xiao_rx=244442509 queue_push=244442510 core_rx=38597545
1785753679.167002 BNO_CORE_EVENT kind=1 report_seq=208 uart_sequence=25819 sensor_raw=4294962396 sensor_converted=4294962396 xiao_rx=244448646 queue_push=244448651 core_rx=38598607
1785753679.170114 BNO_CORE_EVENT kind=2 report_seq=6 uart_sequence=25820 sensor_raw=4294960296 sensor_converted=4294960296 xiao_rx=244455165 queue_push=244455171 core_rx=38604330
1785753679.171637 BNO_CORE_EVENT kind=5 report_seq=2 uart_sequence=25821 sensor_raw=4294960296 sensor_converted=4294960296 xiao_rx=244455186 queue_push=244455188 core_rx=38606987
1785753679.173248 BNO_CORE_EVENT kind=1 report_seq=209 uart_sequence=25822 sensor_raw=4294964896 sensor_converted=4294964896 xiao_rx=244455196 queue_push=244455198 core_rx=38608280
1785753679.176422 BNO_CORE_EVENT kind=2 report_seq=7 uart_sequence=25826 sensor_raw=4294963696 sensor_converted=4294963696 xiao_rx=244465343 queue_push=244465351 core_rx=38619359
1785753679.179283 BNO_CORE_EVENT kind=3 report_seq=3 uart_sequence=25827 sensor_raw=4294963696 sensor_converted=4294963696 xiao_rx=244465383 queue_push=244465384 core_rx=38621951
1785753679.180820 BNO_CORE_EVENT kind=4 report_seq=130 uart_sequence=25828 sensor_raw=4294953496 sensor_converted=4294953496 xiao_rx=244470568 queue_push=244470573 core_rx=38623154
1785753679.183952 BNO_CORE_EVENT kind=1 report_seq=210 uart_sequence=25829 sensor_raw=4294955596 sensor_converted=4294955596 xiao_rx=244470585 queue_push=244470587 core_rx=38624260
1785753679.185474 BNO_CORE_EVENT kind=1 report_seq=211 uart_sequence=25830 sensor_raw=4294963796 sensor_converted=4294963796 xiao_rx=244470594 queue_push=244470595 core_rx=38627092
1785753679.187081 BNO_CORE_EVENT kind=2 report_seq=8 uart_sequence=25831 sensor_raw=4294963796 sensor_converted=4294963796 xiao_rx=244470602 queue_push=244470603 core_rx=38628354
1785753679.188644 BNO_CORE_EVENT kind=5 report_seq=3 uart_sequence=25833 sensor_raw=4294958696 sensor_converted=4294958696 xiao_rx=244480643 queue_push=244480650 core_rx=38630785
1785753679.192158 BNO_CORE_EVENT kind=1 report_seq=212 uart_sequence=25834 sensor_raw=4294966296 sensor_converted=4294966296 xiao_rx=244480671 queue_push=244480672 core_rx=38631932
1785753679.195377 BNO_CORE_EVENT kind=2 report_seq=9 uart_sequence=25836 sensor_raw=4294958596 sensor_converted=4294958596 xiao_rx=244487159 queue_push=244487165 core_rx=38635327
1785753679.196908 BNO_CORE_EVENT kind=3 report_seq=4 uart_sequence=25837 sensor_raw=4294958596 sensor_converted=4294958596 xiao_rx=244487188 queue_push=244487190 core_rx=38638307
1785753679.198541 BNO_CORE_EVENT kind=1 report_seq=213 uart_sequence=25838 sensor_raw=4294964196 sensor_converted=4294964196 xiao_rx=244487197 queue_push=244487198 core_rx=38639554
1785753679.201671 BNO_CORE_EVENT kind=2 report_seq=10 uart_sequence=25840 sensor_raw=4294961996 sensor_converted=4294961996 xiao_rx=244494666 queue_push=244494675 core_rx=38647339
1785753679.203229 BNO_CORE_EVENT kind=5 report_seq=4 uart_sequence=25841 sensor_raw=4294961996 sensor_converted=4294961996 xiao_rx=244494724 queue_push=244494726 core_rx=38649999
1785753679.204791 BNO_CORE_EVENT kind=1 report_seq=214 uart_sequence=25842 sensor_raw=4294965596 sensor_converted=4294965596 xiao_rx=244494734 queue_push=244494736 core_rx=38651212
1785753679.208211 BNO_CORE_EVENT kind=2 report_seq=11 uart_sequence=25843 sensor_raw=4294964396 sensor_converted=4294964396 xiao_rx=244498273 queue_push=244498277 core_rx=38652290
1785753679.209830 BNO_CORE_EVENT kind=3 report_seq=5 uart_sequence=25844 sensor_raw=4294964396 sensor_converted=4294964396 xiao_rx=244498291 queue_push=244498292 core_rx=38655135
1785753679.213023 BNO_CORE_EVENT kind=4 report_seq=131 uart_sequence=25845 sensor_raw=4294960796 sensor_converted=4294960796 xiao_rx=244507099 queue_push=244507108 core_rx=38656400
1785753679.214647 BNO_CORE_EVENT kind=1 report_seq=215 uart_sequence=25846 sensor_raw=4294962396 sensor_converted=4294962396 xiao_rx=244507134 queue_push=244507135 core_rx=38658975
1785753679.216248 BNO_CORE_EVENT kind=1 report_seq=216 uart_sequence=25848 sensor_raw=4294961996 sensor_converted=4294961996 xiao_rx=244515132 queue_push=244515137 core_rx=38669338
1785753679.219476 BNO_CORE_EVENT kind=2 report_seq=12 uart_sequence=25849 sensor_raw=4294961996 sensor_converted=4294961996 xiao_rx=244515162 queue_push=244515165 core_rx=38671985
1785753679.221094 BNO_CORE_EVENT kind=5 report_seq=5 uart_sequence=25850 sensor_raw=4294961996 sensor_converted=4294961996 xiao_rx=244515172 queue_push=244515174 core_rx=38673211
1785753679.222627 BNO_CORE_EVENT kind=1 report_seq=217 uart_sequence=25851 sensor_raw=4294961696 sensor_converted=4294961696 xiao_rx=244519598 queue_push=244519600 core_rx=38674315
1785753679.225868 BNO_CORE_EVENT kind=2 report_seq=13 uart_sequence=25853 sensor_raw=4294963696 sensor_converted=4294963696 xiao_rx=244519607 queue_push=244519609 core_rx=38679225
1785753679.228487 BNO_CORE_EVENT kind=3 report_seq=6 uart_sequence=25854 sensor_raw=4294963696 sensor_converted=4294963696 xiao_rx=244519620 queue_push=244519621 core_rx=38680418
1785753679.230620 BNO_CORE_EVENT kind=1 report_seq=218 uart_sequence=25857 sensor_raw=4294964796 sensor_converted=4294964796 xiao_rx=244533577 queue_push=244533584 core_rx=38685302
1785753679.232195 BNO_CORE_EVENT kind=2 report_seq=14 uart_sequence=25858 sensor_raw=4294955696 sensor_converted=4294955696 xiao_rx=244539080 queue_push=244539086 core_rx=38687285
1785753679.235375 BNO_CORE_EVENT kind=5 report_seq=6 uart_sequence=25859 sensor_raw=4294955696 sensor_converted=4294955696 xiao_rx=244539110 queue_push=244539111 core_rx=38690310
1785753679.236980 BNO_CORE_EVENT kind=1 report_seq=219 uart_sequence=25860 sensor_raw=4294958796 sensor_converted=4294958796 xiao_rx=244539118 queue_push=244539120 core_rx=38691540
1785753679.238600 BNO_CORE_EVENT kind=2 report_seq=15 uart_sequence=25861 sensor_raw=4294959796 sensor_converted=4294959796 xiao_rx=244546567 queue_push=244546575 core_rx=38702357
1785753679.241834 BNO_CORE_EVENT kind=3 report_seq=7 uart_sequence=25862 sensor_raw=4294959796 sensor_converted=4294959796 xiao_rx=244546601 queue_push=244546603 core_rx=38704945
1785753679.243452 BNO_CORE_EVENT kind=4 report_seq=132 uart_sequence=25863 sensor_raw=4294959796 sensor_converted=4294959796 xiao_rx=244546611 queue_push=244546612 core_rx=38706119
1785753679.245719 BNO_CORE_EVENT kind=1 report_seq=220 uart_sequence=25864 sensor_raw=4294960996 sensor_converted=4294960996 xiao_rx=244546622 queue_push=244546624 core_rx=38707217
1785753679.248932 BNO_CORE_EVENT kind=1 report_seq=221 uart_sequence=25865 sensor_raw=4294961896 sensor_converted=4294961896 xiao_rx=244552189 queue_push=244552191 core_rx=38708325
1785753679.250554 BNO_CORE_EVENT kind=2 report_seq=16 uart_sequence=25866 sensor_raw=4294962196 sensor_converted=4294962196 xiao_rx=244552197 queue_push=244552199 core_rx=38710353
1785753679.253601 BNO_CORE_EVENT kind=5 report_seq=7 uart_sequence=25867 sensor_raw=4294962196 sensor_converted=4294962196 xiao_rx=244552206 queue_push=244552208 core_rx=38711619
1785753679.254621 BNO_CORE_EVENT kind=1 report_seq=222 uart_sequence=25871 sensor_raw=4294963696 sensor_converted=4294963696 xiao_rx=244565944 queue_push=244565952 core_rx=38720064
1785753679.257843 BNO_CORE_EVENT kind=2 report_seq=17 uart_sequence=25872 sensor_raw=4294952996 sensor_converted=4294952996 xiao_rx=244571336 queue_push=244571341 core_rx=38722987
1785753679.259417 BNO_CORE_EVENT kind=3 report_seq=8 uart_sequence=25873 sensor_raw=4294952996 sensor_converted=4294952996 xiao_rx=244571358 queue_push=244571361 core_rx=38724243
1785753679.262948 BNO_CORE_EVENT kind=1 report_seq=223 uart_sequence=25874 sensor_raw=4294958596 sensor_converted=4294958596 xiao_rx=244571368 queue_push=244571370 core_rx=38725349
1785753679.265441 BNO_CORE_EVENT kind=2 report_seq=18 uart_sequence=25875 sensor_raw=4294963396 sensor_converted=4294963396 xiao_rx=244571376 queue_push=244571378 core_rx=38726449
1785753679.267297 BNO_CORE_EVENT kind=5 report_seq=8 uart_sequence=25876 sensor_raw=4294957796 sensor_converted=4294957796 xiao_rx=244578605 queue_push=244578612 core_rx=38727878
1785753679.269161 BNO_CORE_EVENT kind=1 report_seq=224 uart_sequence=25877 sensor_raw=4294960296 sensor_converted=4294960296 xiao_rx=244578630 queue_push=244578632 core_rx=38729009
1785753679.271764 BNO_CORE_EVENT kind=2 report_seq=19 uart_sequence=25880 sensor_raw=4294960896 sensor_converted=4294960896 xiao_rx=244586009 queue_push=244586015 core_rx=38734346
1785753679.273698 BNO_CORE_EVENT kind=3 report_seq=9 uart_sequence=25881 sensor_raw=4294960896 sensor_converted=4294960896 xiao_rx=244586039 queue_push=244586041 core_rx=38736941
1785753679.274974 BNO_CORE_EVENT kind=4 report_seq=133 uart_sequence=25882 sensor_raw=4294960896 sensor_converted=4294960896 xiao_rx=244586048 queue_push=244586050 core_rx=38738117
1785753679.278662 BNO_CORE_EVENT kind=1 report_seq=225 uart_sequence=25883 sensor_raw=4294961196 sensor_converted=4294961196 xiao_rx=244586056 queue_push=244586058 core_rx=38739230
1785753679.281273 BNO_CORE_EVENT kind=1 report_seq=226 uart_sequence=25886 sensor_raw=4294961996 sensor_converted=4294961996 xiao_rx=244596968 queue_push=244596975 core_rx=38752334
1785753679.282878 BNO_CORE_EVENT kind=2 report_seq=20 uart_sequence=25887 sensor_raw=4294962696 sensor_converted=4294962696 xiao_rx=244597001 queue_push=244597003 core_rx=38754987
1785753679.284482 BNO_CORE_EVENT kind=5 report_seq=9 uart_sequence=25888 sensor_raw=4294962696 sensor_converted=4294962696 xiao_rx=244597012 queue_push=244597014 core_rx=38756280
1785753679.287541 BNO_CORE_EVENT kind=1 report_seq=227 uart_sequence=25889 sensor_raw=4294959096 sensor_converted=4294959096 xiao_rx=244603730 queue_push=244603734 core_rx=38757371
1785753679.289135 BNO_CORE_EVENT kind=2 report_seq=21 uart_sequence=25890 sensor_raw=4294962196 sensor_converted=4294962196 xiao_rx=244603743 queue_push=244603745 core_rx=38760051
1785753679.292321 BNO_CORE_EVENT kind=3 report_seq=10 uart_sequence=25891 sensor_raw=4294962196 sensor_converted=4294962196 xiao_rx=244603755 queue_push=244603756 core_rx=38761181
1785753679.295659 BNO_CORE_EVENT kind=1 report_seq=228 uart_sequence=25892 sensor_raw=4294966596 sensor_converted=4294966596 xiao_rx=244603763 queue_push=244603764 core_rx=38762273
1785753679.297453 BNO_CORE_EVENT kind=2 report_seq=22 uart_sequence=25893 sensor_raw=4294964996 sensor_converted=4294964996 xiao_rx=244613378 queue_push=244613384 core_rx=38763934
1785753679.299601 BNO_CORE_EVENT kind=5 report_seq=10 uart_sequence=25895 sensor_raw=4294955296 sensor_converted=4294955296 xiao_rx=244620350 queue_push=244620357 core_rx=38768751
1785753679.301584 BNO_CORE_EVENT kind=1 report_seq=229 uart_sequence=25896 sensor_raw=4294957996 sensor_converted=4294957996 xiao_rx=244620378 queue_push=244620380 core_rx=38770949
1785753679.304361 BNO_CORE_EVENT kind=2 report_seq=23 uart_sequence=25898 sensor_raw=4294958596 sensor_converted=4294958596 xiao_rx=244628479 queue_push=244628486 core_rx=38783305
1785753679.305590 BNO_CORE_EVENT kind=3 report_seq=11 uart_sequence=25899 sensor_raw=4294958596 sensor_converted=4294958596 xiao_rx=244628512 queue_push=244628513 core_rx=38786345
1785753679.308750 BNO_CORE_EVENT kind=4 report_seq=134 uart_sequence=25900 sensor_raw=4294958596 sensor_converted=4294958596 xiao_rx=244628521 queue_push=244628522 core_rx=38787638
1785753679.310352 BNO_CORE_EVENT kind=1 report_seq=230 uart_sequence=25901 sensor_raw=4294958896 sensor_converted=4294958896 xiao_rx=244628532 queue_push=244628534 core_rx=38789123
1785753679.313085 BNO_CORE_EVENT kind=1 report_seq=231 uart_sequence=25902 sensor_raw=4294958896 sensor_converted=4294958896 xiao_rx=244635112 queue_push=244635113 core_rx=38790288
1785753679.314688 BNO_CORE_EVENT kind=2 report_seq=24 uart_sequence=25903 sensor_raw=4294960696 sensor_converted=4294960696 xiao_rx=244635124 queue_push=244635126 core_rx=38791399
1785753679.316216 BNO_CORE_EVENT kind=5 report_seq=11 uart_sequence=25904 sensor_raw=4294960696 sensor_converted=4294960696 xiao_rx=244635134 queue_push=244635136 core_rx=38792492
1785753679.319430 BNO_CORE_EVENT kind=1 report_seq=232 uart_sequence=25905 sensor_raw=4294966696 sensor_converted=4294966696 xiao_rx=244635143 queue_push=244635145 core_rx=38793556
1785753679.321037 BNO_CORE_EVENT kind=2 report_seq=25 uart_sequence=25910 sensor_raw=4294963496 sensor_converted=4294963496 xiao_rx=244647966 queue_push=244647974 core_rx=38807832
1785753679.322644 BNO_CORE_EVENT kind=3 report_seq=12 uart_sequence=25911 sensor_raw=4294963496 sensor_converted=4294963496 xiao_rx=244647999 queue_push=244648001 core_rx=38809978
1785753679.325870 BNO_CORE_EVENT kind=1 report_seq=233 uart_sequence=25912 sensor_raw=4294955096 sensor_converted=4294955096 xiao_rx=244654849 queue_push=244654852 core_rx=38811218
1785753679.328675 BNO_CORE_EVENT kind=2 report_seq=26 uart_sequence=25913 sensor_raw=4294961196 sensor_converted=4294961196 xiao_rx=244654865 queue_push=244654867 core_rx=38812321
1785753679.330217 BNO_CORE_EVENT kind=5 report_seq=12 uart_sequence=25914 sensor_raw=4294961196 sensor_converted=4294961196 xiao_rx=244654874 queue_push=244654876 core_rx=38815207
1785753679.333348 BNO_CORE_EVENT kind=1 report_seq=234 uart_sequence=25915 sensor_raw=4294962996 sensor_converted=4294962996 xiao_rx=244654882 queue_push=244654884 core_rx=38816760
1785753679.334967 BNO_CORE_EVENT kind=2 report_seq=27 uart_sequence=25916 sensor_raw=4294964396 sensor_converted=4294964396 xiao_rx=244658461 queue_push=244658466 core_rx=38817912
1785753679.336580 BNO_CORE_EVENT kind=3 report_seq=13 uart_sequence=25917 sensor_raw=4294964396 sensor_converted=4294964396 xiao_rx=244658485 queue_push=244658487 core_rx=38818973
1785753679.339823 BNO_CORE_EVENT kind=1 report_seq=235 uart_sequence=25919 sensor_raw=4294960396 sensor_converted=4294960396 xiao_rx=244671217 queue_push=244671224 core_rx=38826352
1785753679.341353 BNO_CORE_EVENT kind=4 report_seq=135 uart_sequence=25920 sensor_raw=4294960396 sensor_converted=4294960396 xiao_rx=244671252 queue_push=244671255 core_rx=38828947
1785753679.342959 BNO_CORE_EVENT kind=1 report_seq=236 uart_sequence=25921 sensor_raw=4294955996 sensor_converted=4294955996 xiao_rx=244677048 queue_push=244677050 core_rx=38830107
1785753679.346374 BNO_CORE_EVENT kind=2 report_seq=28 uart_sequence=25922 sensor_raw=4294957896 sensor_converted=4294957896 xiao_rx=244677059 queue_push=244677062 core_rx=38831177
1785753679.347935 BNO_CORE_EVENT kind=5 report_seq=13 uart_sequence=25923 sensor_raw=4294957896 sensor_converted=4294957896 xiao_rx=244677069 queue_push=244677071 core_rx=38832241
1785753679.351180 BNO_CORE_EVENT kind=1 report_seq=237 uart_sequence=25924 sensor_raw=4294963896 sensor_converted=4294963896 xiao_rx=244677078 queue_push=244677080 core_rx=38834770
1785753679.352791 BNO_CORE_EVENT kind=2 report_seq=29 uart_sequence=25927 sensor_raw=4294962196 sensor_converted=4294962196 xiao_rx=244686389 queue_push=244686397 core_rx=38841321
1785753679.355662 BNO_CORE_EVENT kind=3 report_seq=14 uart_sequence=25928 sensor_raw=4294962196 sensor_converted=4294962196 xiao_rx=244686423 queue_push=244686425 core_rx=38843961
1785753679.357277 BNO_CORE_EVENT kind=1 report_seq=238 uart_sequence=25929 sensor_raw=4294965396 sensor_converted=4294965396 xiao_rx=244686434 queue_push=244686435 core_rx=38845219
1785753679.358897 BNO_CORE_EVENT kind=2 report_seq=30 uart_sequence=25930 sensor_raw=4294962796 sensor_converted=4294962796 xiao_rx=244692045 queue_push=244692050 core_rx=38846329
1785753679.362054 BNO_CORE_EVENT kind=5 report_seq=14 uart_sequence=25931 sensor_raw=4294962796 sensor_converted=4294962796 xiao_rx=244692071 queue_push=244692073 core_rx=38849140
1785753679.364087 BNO_CORE_EVENT kind=1 report_seq=239 uart_sequence=25932 sensor_raw=4294963996 sensor_converted=4294963996 xiao_rx=244692080 queue_push=244692081 core_rx=38850328
1785753679.365643 BNO_CORE_EVENT kind=1 report_seq=240 uart_sequence=25934 sensor_raw=4294965296 sensor_converted=4294965296 xiao_rx=244701772 queue_push=244701779 core_rx=38854296
1785753679.368861 BNO_CORE_EVENT kind=2 report_seq=31 uart_sequence=25935 sensor_raw=4294956896 sensor_converted=4294956896 xiao_rx=244708156 queue_push=244708162 core_rx=38863348
1785753679.370482 BNO_CORE_EVENT kind=3 report_seq=15 uart_sequence=25936 sensor_raw=4294956896 sensor_converted=4294956896 xiao_rx=244708190 queue_push=244708192 core_rx=38865944
1785753679.372126 BNO_CORE_EVENT kind=4 report_seq=136 uart_sequence=25937 sensor_raw=4294957196 sensor_converted=4294957196 xiao_rx=244708200 queue_push=244708201 core_rx=38867106
1785753679.373743 BNO_CORE_EVENT kind=1 report_seq=241 uart_sequence=25938 sensor_raw=4294964896 sensor_converted=4294964896 xiao_rx=244708208 queue_push=244708210 core_rx=38868157
1785753679.376965 BNO_CORE_EVENT kind=2 report_seq=32 uart_sequence=25939 sensor_raw=4294960596 sensor_converted=4294960596 xiao_rx=244713802 queue_push=244713804 core_rx=38870348
1785753679.379492 BNO_CORE_EVENT kind=5 report_seq=15 uart_sequence=25940 sensor_raw=4294960596 sensor_converted=4294960596 xiao_rx=244713811 queue_push=244713813 core_rx=38872478
1785753679.381086 BNO_CORE_EVENT kind=1 report_seq=242 uart_sequence=25941 sensor_raw=4294965996 sensor_converted=4294965996 xiao_rx=244713819 queue_push=244713821 core_rx=38873721
1785753679.384212 BNO_CORE_EVENT kind=2 report_seq=33 uart_sequence=25944 sensor_raw=4294964196 sensor_converted=4294964196 xiao_rx=244727213 queue_push=244727225 core_rx=38883349
1785753679.385732 BNO_CORE_EVENT kind=3 report_seq=16 uart_sequence=25945 sensor_raw=4294951396 sensor_converted=4294951396 xiao_rx=244734843 queue_push=244734845 core_rx=38885992
1785753679.387356 BNO_CORE_EVENT kind=1 report_seq=243 uart_sequence=25946 sensor_raw=4294954796 sensor_converted=4294954796 xiao_rx=244734858 queue_push=244734859 core_rx=38887290
1785753679.390592 BNO_CORE_EVENT kind=2 report_seq=34 uart_sequence=25947 sensor_raw=4294961796 sensor_converted=4294961796 xiao_rx=244734867 queue_push=244734870 core_rx=38888360
1785753679.392203 BNO_CORE_EVENT kind=5 report_seq=16 uart_sequence=25948 sensor_raw=4294961796 sensor_converted=4294961796 xiao_rx=244734877 queue_push=244734879 core_rx=38891050
1785753679.395340 BNO_CORE_EVENT kind=1 report_seq=244 uart_sequence=25949 sensor_raw=4294962696 sensor_converted=4294962696 xiao_rx=244734885 queue_push=244734887 core_rx=38892172
1785753679.400061 BNO_CORE_EVENT kind=1 report_seq=245 uart_sequence=25950 sensor_raw=4294963296 sensor_converted=4294963296 xiao_rx=244745480 queue_push=244745487 core_rx=38899319
1785753679.401674 BNO_CORE_EVENT kind=2 report_seq=35 uart_sequence=25951 sensor_raw=4294963796 sensor_converted=4294963796 xiao_rx=244745512 queue_push=244745514 core_rx=38900792
1785753679.404799 BNO_CORE_EVENT kind=3 report_seq=17 uart_sequence=25952 sensor_raw=4294963796 sensor_converted=4294963796 xiao_rx=244745525 queue_push=244745527 core_rx=38904970
1785753679.406420 BNO_CORE_EVENT kind=4 report_seq=137 uart_sequence=25953 sensor_raw=4294953496 sensor_converted=4294953496 xiao_rx=244751320 queue_push=244751322 core_rx=38906184
1785753679.408040 BNO_CORE_EVENT kind=1 report_seq=246 uart_sequence=25954 sensor_raw=4294960696 sensor_converted=4294960696 xiao_rx=244751329 queue_push=244751330 core_rx=38907261
1785753679.411968 BNO_CORE_EVENT kind=2 report_seq=36 uart_sequence=25956 sensor_raw=4294963496 sensor_converted=4294963496 xiao_rx=244751337 queue_push=244751338 core_rx=38912272
1785753679.414102 BNO_CORE_EVENT kind=5 report_seq=17 uart_sequence=25957 sensor_raw=4294963496 sensor_converted=4294963496 xiao_rx=244751345 queue_push=244751347 core_rx=38913491
1785753679.418893 BNO_CORE_EVENT kind=1 report_seq=247 uart_sequence=25961 sensor_raw=4294962396 sensor_converted=4294962396 xiao_rx=244765288 queue_push=244765295 core_rx=38919862
1785753679.420497 BNO_CORE_EVENT kind=2 report_seq=37 uart_sequence=25962 sensor_raw=4294953496 sensor_converted=4294953496 xiao_rx=244770648 queue_push=244770651 core_rx=38921667
1785753679.423731 BNO_CORE_EVENT kind=3 report_seq=18 uart_sequence=25963 sensor_raw=4294953496 sensor_converted=4294953496 xiao_rx=244770664 queue_push=244770666 core_rx=38922934
1785753679.425346 BNO_CORE_EVENT kind=1 report_seq=248 uart_sequence=25964 sensor_raw=4294956396 sensor_converted=4294956396 xiao_rx=244770672 queue_push=244770674 core_rx=38924108
1785753679.428225 BNO_CORE_EVENT kind=2 report_seq=38 uart_sequence=25965 sensor_raw=4294963796 sensor_converted=4294963796 xiao_rx=244770680 queue_push=244770682 core_rx=38925650
1785753679.439709 BNO_CORE_EVENT kind=5 report_seq=18 uart_sequence=25969 sensor_raw=4294958396 sensor_converted=4294958396 xiao_rx=244781498 queue_push=244781506 core_rx=38941313
1785753679.443210 BNO_CORE_EVENT kind=1 report_seq=249 uart_sequence=25970 sensor_raw=4294958896 sensor_converted=4294958896 xiao_rx=244781528 queue_push=244781529 core_rx=38943940
1785753679.445660 BNO_CORE_EVENT kind=1 report_seq=250 uart_sequence=25971 sensor_raw=4294956096 sensor_converted=4294956096 xiao_rx=244787769 queue_push=244787773 core_rx=38945106
1785753679.447711 BNO_CORE_EVENT kind=2 report_seq=39 uart_sequence=25972 sensor_raw=4294957696 sensor_converted=4294957696 xiao_rx=244787795 queue_push=244787798 core_rx=38946206
1785753679.450051 BNO_CORE_EVENT kind=3 report_seq=19 uart_sequence=25973 sensor_raw=4294957696 sensor_converted=4294957696 xiao_rx=244787810 queue_push=244787811 core_rx=38947606
1785753679.451784 BNO_CORE_EVENT kind=4 report_seq=138 uart_sequence=25974 sensor_raw=4294957696 sensor_converted=4294957696 xiao_rx=244787820 queue_push=244787821 core_rx=38948752
1785753679.454197 BNO_CORE_EVENT kind=1 report_seq=251 uart_sequence=25975 sensor_raw=4294964496 sensor_converted=4294964496 xiao_rx=244787829 queue_push=244787831 core_rx=38949856
1785753679.455316 BNO_CORE_EVENT kind=2 report_seq=40 uart_sequence=25976 sensor_raw=4294960896 sensor_converted=4294960896 xiao_rx=244793394 queue_push=244793398 core_rx=38950927
1785753679.458463 BNO_CORE_EVENT kind=5 report_seq=19 uart_sequence=25977 sensor_raw=4294960896 sensor_converted=4294960896 xiao_rx=244793408 queue_push=244793410 core_rx=38952521
1785753679.460083 BNO_CORE_EVENT kind=1 report_seq=252 uart_sequence=25978 sensor_raw=4294965396 sensor_converted=4294965396 xiao_rx=244793418 queue_push=244793419 core_rx=38953738
1785753679.463103 BNO_CORE_EVENT kind=2 report_seq=41 uart_sequence=25980 sensor_raw=4294964996 sensor_converted=4294964996 xiao_rx=244805227 queue_push=244805236 core_rx=38955781
1785753679.464709 BNO_CORE_EVENT kind=3 report_seq=20 uart_sequence=25981 sensor_raw=4294953696 sensor_converted=4294953696 xiao_rx=244812350 queue_push=244812359 core_rx=38961328
1785753679.466311 BNO_CORE_EVENT kind=1 report_seq=253 uart_sequence=25982 sensor_raw=4294956196 sensor_converted=4294956196 xiao_rx=244812382 queue_push=244812385 core_rx=38963942
1785753679.469541 BNO_CORE_EVENT kind=2 report_seq=42 uart_sequence=25983 sensor_raw=4294963996 sensor_converted=4294963996 xiao_rx=244812395 queue_push=244812397 core_rx=38965074
1785753679.472841 BNO_CORE_EVENT kind=5 report_seq=20 uart_sequence=25986 sensor_raw=4294956196 sensor_converted=4294956196 xiao_rx=244819864 queue_push=244819871 core_rx=38974312
1785753679.475994 BNO_CORE_EVENT kind=1 report_seq=254 uart_sequence=25987 sensor_raw=4294956196 sensor_converted=4294956196 xiao_rx=244819895 queue_push=244819896 core_rx=38976986
1785753679.479042 BNO_CORE_EVENT kind=1 report_seq=255 uart_sequence=25988 sensor_raw=4294964196 sensor_converted=4294964196 xiao_rx=244819904 queue_push=244819906 core_rx=38978272
1785753679.480671 BNO_CORE_EVENT kind=2 report_seq=43 uart_sequence=25989 sensor_raw=4294959096 sensor_converted=4294959096 xiao_rx=244826362 queue_push=244826365 core_rx=38979372
1785753679.482278 BNO_CORE_EVENT kind=3 report_seq=21 uart_sequence=25990 sensor_raw=4294959096 sensor_converted=4294959096 xiao_rx=244826380 queue_push=244826381 core_rx=38982093
1785753679.485447 BNO_CORE_EVENT kind=4 report_seq=139 uart_sequence=25991 sensor_raw=4294959396 sensor_converted=4294959396 xiao_rx=244826390 queue_push=244826392 core_rx=38983318
1785753679.486970 BNO_CORE_EVENT kind=1 report_seq=0 uart_sequence=25992 sensor_raw=4294965496 sensor_converted=4294965496 xiao_rx=244826399 queue_push=244826401 core_rx=38984383
1785753679.488590 BNO_CORE_EVENT kind=2 report_seq=44 uart_sequence=25994 sensor_raw=4294962596 sensor_converted=4294962596 xiao_rx=244837144 queue_push=244837152 core_rx=38988301
1785753679.491814 BNO_CORE_EVENT kind=5 report_seq=21 uart_sequence=25995 sensor_raw=4294962596 sensor_converted=4294962596 xiao_rx=244837180 queue_push=244837182 core_rx=38989515
1785753679.502861 BNO_CORE_EVENT kind=1 report_seq=1 uart_sequence=25997 sensor_raw=4294955896 sensor_converted=4294955896 xiao_rx=244845691 queue_push=244845720 core_rx=39003166
1785753679.504472 BNO_CORE_EVENT kind=2 report_seq=45 uart_sequence=25998 sensor_raw=4294961996 sensor_converted=4294961996 xiao_rx=244845748 queue_push=244845751 core_rx=39004457
1785753679.506056 BNO_CORE_EVENT kind=3 report_seq=22 uart_sequence=25999 sensor_raw=4294961996 sensor_converted=4294961996 xiao_rx=244845767 queue_push=244845769 core_rx=39005555
1785753679.509241 BNO_CORE_EVENT kind=1 report_seq=2 uart_sequence=26000 sensor_raw=4294963696 sensor_converted=4294963696 xiao_rx=244845777 queue_push=244845778 core_rx=39008298
1785753679.512179 BNO_CORE_EVENT kind=2 report_seq=46 uart_sequence=26001 sensor_raw=4294962996 sensor_converted=4294962996 xiao_rx=244851418 queue_push=244851421 core_rx=39009512
1785753679.513782 BNO_CORE_EVENT kind=5 report_seq=22 uart_sequence=26002 sensor_raw=4294962996 sensor_converted=4294962996 xiao_rx=244851437 queue_push=244851440 core_rx=39010579
1785753679.515311 BNO_CORE_EVENT kind=1 report_seq=3 uart_sequence=26003 sensor_raw=4294963096 sensor_converted=4294963096 xiao_rx=244851449 queue_push=244851450 core_rx=39011651
1785753679.518698 BNO_CORE_EVENT kind=1 report_seq=4 uart_sequence=26005 sensor_raw=4294965196 sensor_converted=4294965196 xiao_rx=244863673 queue_push=244863680 core_rx=39018334
1785753679.520235 BNO_CORE_EVENT kind=4 report_seq=140 uart_sequence=26006 sensor_raw=4294954996 sensor_converted=4294954996 xiao_rx=244869036 queue_push=244869038 core_rx=39020980
1785753679.521809 BNO_CORE_EVENT kind=2 report_seq=47 uart_sequence=26007 sensor_raw=4294954996 sensor_converted=4294954996 xiao_rx=244869048 queue_push=244869050 core_rx=39022150
1785753679.525065 BNO_CORE_EVENT kind=3 report_seq=23 uart_sequence=26008 sensor_raw=4294954996 sensor_converted=4294954996 xiao_rx=244869061 queue_push=244869063 core_rx=39023213
1785753679.526683 BNO_CORE_EVENT kind=1 report_seq=5 uart_sequence=26009 sensor_raw=4294961196 sensor_converted=4294961196 xiao_rx=244869069 queue_push=244869071 core_rx=39024282
1785753679.536476 BNO_CORE_EVENT kind=2 report_seq=48 uart_sequence=26013 sensor_raw=4294959696 sensor_converted=4294959696 xiao_rx=244878281 queue_push=244878289 core_rx=39037182
1785753679.539714 BNO_CORE_EVENT kind=5 report_seq=23 uart_sequence=26014 sensor_raw=4294959696 sensor_converted=4294959696 xiao_rx=244878314 queue_push=244878316 core_rx=39038476
1785753679.542821 BNO_CORE_EVENT kind=1 report_seq=6 uart_sequence=26015 sensor_raw=4294963496 sensor_converted=4294963496 xiao_rx=244878325 queue_push=244878327 core_rx=39039572
1785753679.545825 BNO_CORE_EVENT kind=2 report_seq=49 uart_sequence=26016 sensor_raw=4294960796 sensor_converted=4294960796 xiao_rx=244884099 queue_push=244884102 core_rx=39042273
1785753679.547091 BNO_CORE_EVENT kind=3 report_seq=24 uart_sequence=26017 sensor_raw=4294960796 sensor_converted=4294960796 xiao_rx=244884123 queue_push=244884124 core_rx=39043411
1785753679.550236 BNO_CORE_EVENT kind=1 report_seq=7 uart_sequence=26018 sensor_raw=4294962196 sensor_converted=4294962196 xiao_rx=244884132 queue_push=244884134 core_rx=39045344
1785753679.555516 BNO_CORE_EVENT kind=1 report_seq=8 uart_sequence=26021 sensor_raw=4294964196 sensor_converted=4294964196 xiao_rx=244897221 queue_push=244897232 core_rx=39052821
1785753679.557617 BNO_CORE_EVENT kind=2 report_seq=50 uart_sequence=26022 sensor_raw=4294964496 sensor_converted=4294964496 xiao_rx=244897271 queue_push=244897274 core_rx=39054574
1785753679.559232 XIAO UART baud=921600 rx=GPIO8 tx=GPIO9 bytes=706020 frames=2266 bytes_s=44428 frames_s=453 crc/cobs/len=0/0/0 seqgap=0 age_ms=2 type=3 log=1 q=0 rec=2325 final=0
1785753679.562374 RXDIAG max_us=8067 budget_hits=20 byte/frame/time=20/0/0 rx_buf_max=1040 loop_period_max_us=1179530 loop_exec_max_us=1172582 free_heap=133264 min_free_heap=132912 reset_reason=0 bno_kind_1to5_s=127/101/50/25/50 queue=0 high=44 drops=0
1785753679.565593 BNO_CORE_EVENT kind=5 report_seq=24 uart_sequence=26023 sensor_raw=4294951596 sensor_converted=4294951596 xiao_rx=244904219 queue_push=244904222 core_rx=39058303
1785753679.567207 BNO_CORE_EVENT kind=1 report_seq=9 uart_sequence=26024 sensor_raw=4294959496 sensor_converted=4294959496 xiao_rx=244904231 queue_push=244904232 core_rx=39060400
1785753679.568823 BNO_CORE_EVENT kind=2 report_seq=51 uart_sequence=26025 sensor_raw=4294961796 sensor_converted=4294961796 xiao_rx=244904239 queue_push=244904241 core_rx=39061554
1785753679.572056 BNO_CORE_EVENT kind=3 report_seq=25 uart_sequence=26026 sensor_raw=4294961796 sensor_converted=4294961796 xiao_rx=244904252 queue_push=244904254 core_rx=39062653
1785753679.573668 BNO_CORE_EVENT kind=4 report_seq=141 uart_sequence=26027 sensor_raw=4294961796 sensor_converted=4294961796 xiao_rx=244904262 queue_push=244904264 core_rx=39063730
1785753679.578603 RXDETAIL service_calls=29192 service_bytes_avg=24 service_bytes_max=512 service_frames_avg=0 service_frames_avg_x1000=189 service_frames_max=7 service_bytes_s=44776 service_frames_s=458 rxbuf_full_obs=0 bno_valid=1771 bno_invalid=0 unknown=0 uart_overflow=framework_unavailable trial_rx_bytes=222436 trial_frames=2270 trial_bno=1771 trial_crc/cobs/len=0/0/0
1785753679.581239 BNO_CORE_EVENT kind=1 report_seq=10 uart_sequence=26028 sensor_raw=4294959796 sensor_converted=4294959796 xiao_rx=244914474 queue_push=244914480 core_rx=39066303
1785753679.582766 BNO_CORE_EVENT kind=2 report_seq=52 uart_sequence=26029 sensor_raw=4294964296 sensor_converted=4294964296 xiao_rx=244914498 queue_push=244914501 core_rx=39067524
1785753679.585939 RXTASK mode=dispatch read_calls=29193 zero_reads=23948 read_bytes_max=512 rx_task_max_us=8067 rx_task_continuous_max_us=8067 stack_hwm_min_bytes=3964 cobs_delimiters=5534 rx_current=160 rx_max=1040 rx_full=0 overflow=framework_unavailable
1785753679.585939 SDTASK max_process_us=96927
1785753679.589083 BNO_CORE_EVENT kind=5 report_seq=25 uart_sequence=26032 sensor_raw=4294954196 sensor_converted=4294954196 xiao_rx=244919172 queue_push=244919180 core_rx=39078330
1785753679.590710 BNO_CORE_EVENT kind=1 report_seq=11 uart_sequence=26033 sensor_raw=4294957396 sensor_converted=4294957396 xiao_rx=244919197 queue_push=244919199 core_rx=39080946
1785753679.594086 BNO_CORE_EVENT kind=2 report_seq=53 uart_sequence=26034 sensor_raw=4294959996 sensor_converted=4294959996 xiao_rx=244924996 queue_push=244925001 core_rx=39082099
1785753679.603513 BNO_CORE_EVENT kind=3 report_seq=26 uart_sequence=26035 sensor_raw=4294959996 sensor_converted=4294959996 xiao_rx=244925022 queue_push=244925024 core_rx=39083209
1785753679.611280 BNO_CORE_EVENT kind=1 report_seq=12 uart_sequence=26036 sensor_raw=4294960896 sensor_converted=4294960896 xiao_rx=244925030 queue_push=244925032 core_rx=39084612
1785753679.620411 BNO_CORE_EVENT kind=1 report_seq=13 uart_sequence=26037 sensor_raw=4294963496 sensor_converted=4294963496 xiao_rx=244929965 queue_push=244929967 core_rx=39085729
1785753679.629406 BNO_CORE_EVENT kind=2 report_seq=54 uart_sequence=26038 sensor_raw=4294963596 sensor_converted=4294963596 xiao_rx=244929977 queue_push=244929980 core_rx=39086798
1785753679.637443 BNO_CORE_EVENT kind=5 report_seq=26 uart_sequence=26039 sensor_raw=4294963596 sensor_converted=4294963596 xiao_rx=244929988 queue_push=244929989 core_rx=39087874
1785753679.646834 BNO_CORE_EVENT kind=1 report_seq=14 uart_sequence=26041 sensor_raw=4294965696 sensor_converted=4294965696 xiao_rx=244941275 queue_push=244941282 core_rx=39090476
1785753679.655827 BNO_CORE_EVENT kind=2 report_seq=55 uart_sequence=26044 sensor_raw=4294957696 sensor_converted=4294957696 xiao_rx=244948663 queue_push=244948669 core_rx=39112331
1785753679.664945 BNO_CORE_EVENT kind=3 report_seq=27 uart_sequence=26045 sensor_raw=4294957696 sensor_converted=4294957696 xiao_rx=244948693 queue_push=244948717 core_rx=39114977
1785753679.672796 BNO_CORE_EVENT kind=4 report_seq=142 uart_sequence=26046 sensor_raw=4294957696 sensor_converted=4294957696 xiao_rx=244948726 queue_push=244948727 core_rx=39116145
1785753679.683560 BNO_CORE_EVENT kind=1 report_seq=15 uart_sequence=26047 sensor_raw=4294962896 sensor_converted=4294962896 xiao_rx=244948735 queue_push=244948737 core_rx=39117252
1785753679.693145 BNO_CORE_EVENT kind=2 report_seq=56 uart_sequence=26048 sensor_raw=4294959996 sensor_converted=4294959996 xiao_rx=244954486 queue_push=244954500 core_rx=39118799
1785753679.702590 BNO_CORE_EVENT kind=5 report_seq=27 uart_sequence=26049 sensor_raw=4294959996 sensor_converted=4294959996 xiao_rx=244954533 queue_push=244954534 core_rx=39120040
1785753679.709024 BNO_CORE_EVENT kind=1 report_seq=16 uart_sequence=26050 sensor_raw=4294963096 sensor_converted=4294963096 xiao_rx=244954541 queue_push=244954543 core_rx=39121131
1785753679.717054 BNO_CORE_EVENT kind=2 report_seq=57 uart_sequence=26051 sensor_raw=4294964196 sensor_converted=4294964196 xiao_rx=244958324 queue_push=244958338 core_rx=39122191
1785753679.723648 BNO_CORE_EVENT kind=3 report_seq=28 uart_sequence=26052 sensor_raw=4294964196 sensor_converted=4294964196 xiao_rx=244958385 queue_push=244958387 core_rx=39124859
1785753679.733236 BNO_CORE_EVENT kind=1 report_seq=17 uart_sequence=26053 sensor_raw=4294961296 sensor_converted=4294961296 xiao_rx=244962130 queue_push=244962131 core_rx=39126076
1785753679.742934 BNO_CORE_EVENT kind=1 report_seq=18 uart_sequence=26055 sensor_raw=4294965496 sensor_converted=4294965496 xiao_rx=244976199 queue_push=244976205 core_rx=39128637
1785753679.748886 BNO_CORE_EVENT kind=2 report_seq=58 uart_sequence=26059 sensor_raw=4294952496 sensor_converted=4294952496 xiao_rx=244985343 queue_push=244985349 core_rx=39143318
1785753679.755870 BNO_CORE_EVENT kind=5 report_seq=28 uart_sequence=26060 sensor_raw=4294952496 sensor_converted=4294952496 xiao_rx=244985371 queue_push=244985373 core_rx=39145944
1785753679.762747 BNO_CORE_EVENT kind=1 report_seq=19 uart_sequence=26061 sensor_raw=4294959496 sensor_converted=4294959496 xiao_rx=244985380 queue_push=244985381 core_rx=39147126
1785753679.769195 BNO_CORE_EVENT kind=2 report_seq=59 uart_sequence=26062 sensor_raw=4294962696 sensor_converted=4294962696 xiao_rx=244985388 queue_push=244985389 core_rx=39148226
1785753679.777185 BNO_CORE_EVENT kind=3 report_seq=29 uart_sequence=26063 sensor_raw=4294962696 sensor_converted=4294962696 xiao_rx=244985400 queue_push=244985402 core_rx=39149318
1785753679.784960 BNO_CORE_EVENT kind=4 report_seq=143 uart_sequence=26064 sensor_raw=4294962696 sensor_converted=4294962696 xiao_rx=244985410 queue_push=244985411 core_rx=39151288
1785753679.791436 BNO_CORE_EVENT kind=1 report_seq=20 uart_sequence=26065 sensor_raw=4294957996 sensor_converted=4294957996 xiao_rx=244990368 queue_push=244990375 core_rx=39152599
1785753679.794541 BNO_CORE_EVENT kind=2 report_seq=60 uart_sequence=26066 sensor_raw=4294963296 sensor_converted=4294963296 xiao_rx=244990400 queue_push=244990402 core_rx=39153716
1785753679.797370 BNO_CORE_EVENT kind=5 report_seq=29 uart_sequence=26067 sensor_raw=4294963296 sensor_converted=4294963296 xiao_rx=244990411 queue_push=244990413 core_rx=39154792
1785753679.798972 BNO_CORE_EVENT kind=1 report_seq=21 uart_sequence=26068 sensor_raw=4294960896 sensor_converted=4294960896 xiao_rx=244993498 queue_push=244993502 core_rx=39155854
1785753679.800532 BNO_CORE_EVENT kind=2 report_seq=61 uart_sequence=26072 sensor_raw=4294964796 sensor_converted=4294964796 xiao_rx=245009911 queue_push=245009919 core_rx=39161656
1785753679.803771 BNO_CORE_EVENT kind=3 report_seq=30 uart_sequence=26074 sensor_raw=4294948796 sensor_converted=4294948796 xiao_rx=245018443 queue_push=245018452 core_rx=39173357
1785753679.805376 BNO_CORE_EVENT kind=1 report_seq=22 uart_sequence=26075 sensor_raw=4294949096 sensor_converted=4294949096 xiao_rx=245018477 queue_push=245018480 core_rx=39175985
1785753679.806991 BNO_CORE_EVENT kind=1 report_seq=23 uart_sequence=26076 sensor_raw=4294957396 sensor_converted=4294957396 xiao_rx=245018487 queue_push=245018488 core_rx=39177265
1785753679.808608 BNO_CORE_EVENT kind=2 report_seq=62 uart_sequence=26077 sensor_raw=4294959096 sensor_converted=4294959096 xiao_rx=245018499 queue_push=245018500 core_rx=39178370
1785753679.813080 BNO_CORE_EVENT kind=5 report_seq=30 uart_sequence=26078 sensor_raw=4294959096 sensor_converted=4294959096 xiao_rx=245018508 queue_push=245018509 core_rx=39181099
1785753679.814683 BNO_CORE_EVENT kind=1 report_seq=24 uart_sequence=26079 sensor_raw=4294965396 sensor_converted=4294965396 xiao_rx=245018516 queue_push=245018518 core_rx=39182306
1785753679.816205 BNO_CORE_EVENT kind=2 report_seq=63 uart_sequence=26080 sensor_raw=4294960396 sensor_converted=4294960396 xiao_rx=245025162 queue_push=245025166 core_rx=39183369
1785753679.819258 BNO_CORE_EVENT kind=3 report_seq=31 uart_sequence=26081 sensor_raw=4294960396 sensor_converted=4294960396 xiao_rx=245025176 queue_push=245025179 core_rx=39184471
1785753679.820863 BNO_CORE_EVENT kind=4 report_seq=144 uart_sequence=26082 sensor_raw=4294960496 sensor_converted=4294960496 xiao_rx=245025189 queue_push=245025191 core_rx=39185553
1785753679.822474 BNO_CORE_EVENT kind=1 report_seq=25 uart_sequence=26083 sensor_raw=4294964396 sensor_converted=4294964396 xiao_rx=245025197 queue_push=245025199 core_rx=39186625
1785753679.825702 BNO_CORE_EVENT kind=2 report_seq=64 uart_sequence=26084 sensor_raw=4294963496 sensor_converted=4294963496 xiao_rx=245036917 queue_push=245036925 core_rx=39189307
1785753679.827326 BNO_CORE_EVENT kind=5 report_seq=31 uart_sequence=26085 sensor_raw=4294963496 sensor_converted=4294963496 xiao_rx=245036952 queue_push=245036954 core_rx=39190511
1785753679.830205 BNO_CORE_EVENT kind=1 report_seq=26 uart_sequence=26086 sensor_raw=4294953896 sensor_converted=4294953896 xiao_rx=245044728 queue_push=245044733 core_rx=39197350
1785753679.831818 BNO_CORE_EVENT kind=1 report_seq=27 uart_sequence=26087 sensor_raw=4294961996 sensor_converted=4294961996 xiao_rx=245044750 queue_push=245044752 core_rx=39199955
1785753679.835037 BNO_CORE_EVENT kind=2 report_seq=65 uart_sequence=26089 sensor_raw=4294961996 sensor_converted=4294961996 xiao_rx=245044763 queue_push=245044765 core_rx=39204774
1785753679.836646 BNO_CORE_EVENT kind=3 report_seq=32 uart_sequence=26090 sensor_raw=4294961996 sensor_converted=4294961996 xiao_rx=245044776 queue_push=245044778 core_rx=39205972
1785753679.838257 BNO_CORE_EVENT kind=1 report_seq=28 uart_sequence=26091 sensor_raw=4294962596 sensor_converted=4294962596 xiao_rx=245048796 queue_push=245048798 core_rx=39207053
1785753679.841479 BNO_CORE_EVENT kind=2 report_seq=66 uart_sequence=26092 sensor_raw=4294963996 sensor_converted=4294963996 xiao_rx=245048804 queue_push=245048806 core_rx=39209619
1785753679.843066 BNO_CORE_EVENT kind=5 report_seq=32 uart_sequence=26095 sensor_raw=4294959796 sensor_converted=4294959796 xiao_rx=245063803 queue_push=245063810 core_rx=39217915
1785753679.846134 BNO_CORE_EVENT kind=1 report_seq=29 uart_sequence=26096 sensor_raw=4294965596 sensor_converted=4294965596 xiao_rx=245063831 queue_push=245063833 core_rx=39219505
1785753679.847718 BNO_CORE_EVENT kind=2 report_seq=67 uart_sequence=26097 sensor_raw=4294955096 sensor_converted=4294955096 xiao_rx=245069161 queue_push=245069164 core_rx=39221276
1785753679.850859 BNO_CORE_EVENT kind=3 report_seq=33 uart_sequence=26098 sensor_raw=4294955096 sensor_converted=4294955096 xiao_rx=245069176 queue_push=245069178 core_rx=39222559
1785753679.852388 BNO_CORE_EVENT kind=4 report_seq=145 uart_sequence=26099 sensor_raw=4294955096 sensor_converted=4294955096 xiao_rx=245069185 queue_push=245069187 core_rx=39223643
1785753679.853995 BNO_CORE_EVENT kind=1 report_seq=30 uart_sequence=26100 sensor_raw=4294958496 sensor_converted=4294958496 xiao_rx=245069193 queue_push=245069195 core_rx=39225722
1785753679.856832 BNO_CORE_EVENT kind=2 report_seq=68 uart_sequence=26102 sensor_raw=4294959496 sensor_converted=4294959496 xiao_rx=245080574 queue_push=245080580 core_rx=39230379
1785753679.858364 BNO_CORE_EVENT kind=5 report_seq=33 uart_sequence=26103 sensor_raw=4294959496 sensor_converted=4294959496 xiao_rx=245080606 queue_push=245080609 core_rx=39233593
1785753679.861955 BNO_CORE_EVENT kind=1 report_seq=31 uart_sequence=26104 sensor_raw=4294961096 sensor_converted=4294961096 xiao_rx=245080616 queue_push=245080617 core_rx=39234788
1785753679.864586 BNO_CORE_EVENT kind=1 report_seq=32 uart_sequence=26108 sensor_raw=4294957996 sensor_converted=4294957996 xiao_rx=245091732 queue_push=245091739 core_rx=39241339
1785753679.866188 BNO_CORE_EVENT kind=2 report_seq=69 uart_sequence=26109 sensor_raw=4294957996 sensor_converted=4294957996 xiao_rx=245091766 queue_push=245091768 core_rx=39243950
1785753679.867790 BNO_CORE_EVENT kind=3 report_seq=34 uart_sequence=26110 sensor_raw=4294957996 sensor_converted=4294957996 xiao_rx=245091779 queue_push=245091781 core_rx=39245091
1785753679.870968 BNO_CORE_EVENT kind=1 report_seq=33 uart_sequence=26111 sensor_raw=4294965496 sensor_converted=4294965496 xiao_rx=245091788 queue_push=245091789 core_rx=39246159
1785753679.872578 BNO_CORE_EVENT kind=2 report_seq=70 uart_sequence=26112 sensor_raw=4294957496 sensor_converted=4294957496 xiao_rx=245100727 queue_push=245100735 core_rx=39256321
1785753679.874158 BNO_CORE_EVENT kind=5 report_seq=34 uart_sequence=26113 sensor_raw=4294957496 sensor_converted=4294957496 xiao_rx=245100758 queue_push=245100759 core_rx=39259023
1785753679.877293 BNO_CORE_EVENT kind=1 report_seq=34 uart_sequence=26114 sensor_raw=4294962596 sensor_converted=4294962596 xiao_rx=245100766 queue_push=245100767 core_rx=39260331
1785753679.880134 BNO_CORE_EVENT kind=2 report_seq=71 uart_sequence=26115 sensor_raw=4294957996 sensor_converted=4294957996 xiao_rx=245106762 queue_push=245106764 core_rx=39261428
1785753679.881365 BNO_CORE_EVENT kind=3 report_seq=35 uart_sequence=26116 sensor_raw=4294957996 sensor_converted=4294957996 xiao_rx=245106782 queue_push=245106783 core_rx=39264086
1785753679.882892 BNO_CORE_EVENT kind=1 report_seq=35 uart_sequence=26117 sensor_raw=4294961196 sensor_converted=4294961196 xiao_rx=245106790 queue_push=245106792 core_rx=39265273
1785753679.886117 BNO_CORE_EVENT kind=4 report_seq=146 uart_sequence=26118 sensor_raw=4294961196 sensor_converted=4294961196 xiao_rx=245106799 queue_push=245106801 core_rx=39266343
1785753679.887729 BNO_CORE_EVENT kind=2 report_seq=72 uart_sequence=26122 sensor_raw=4294961996 sensor_converted=4294961996 xiao_rx=245122968 queue_push=245122976 core_rx=39277316
1785753679.890980 BNO_CORE_EVENT kind=5 report_seq=35 uart_sequence=26123 sensor_raw=4294961996 sensor_converted=4294961996 xiao_rx=245123004 queue_push=245123005 core_rx=39279937
1785753679.892505 BNO_CORE_EVENT kind=1 report_seq=36 uart_sequence=26124 sensor_raw=4294962896 sensor_converted=4294962896 xiao_rx=245123013 queue_push=245123014 core_rx=39281107
1785753679.895355 BNO_CORE_EVENT kind=1 report_seq=37 uart_sequence=26125 sensor_raw=4294955296 sensor_converted=4294955296 xiao_rx=245128346 queue_push=245128349 core_rx=39282201
1785753679.898405 BNO_CORE_EVENT kind=2 report_seq=73 uart_sequence=26126 sensor_raw=4294955796 sensor_converted=4294955796 xiao_rx=245128358 queue_push=245128360 core_rx=39283562
1785753679.899925 BNO_CORE_EVENT kind=3 report_seq=36 uart_sequence=26127 sensor_raw=4294955796 sensor_converted=4294955796 xiao_rx=245128372 queue_push=245128373 core_rx=39284676
1785753679.901441 BNO_CORE_EVENT kind=1 report_seq=38 uart_sequence=26128 sensor_raw=4294963196 sensor_converted=4294963196 xiao_rx=245128380 queue_push=245128381 core_rx=39285746
1785753679.904474 BNO_CORE_EVENT kind=2 report_seq=74 uart_sequence=26129 sensor_raw=4294960196 sensor_converted=4294960196 xiao_rx=245139082 queue_push=245139094 core_rx=39295321
1785753679.905989 BNO_CORE_EVENT kind=5 report_seq=36 uart_sequence=26130 sensor_raw=4294960196 sensor_converted=4294960196 xiao_rx=245139124 queue_push=245139126 core_rx=39298028
1785753679.909019 BNO_CORE_EVENT kind=1 report_seq=39 uart_sequence=26131 sensor_raw=4294965296 sensor_converted=4294965296 xiao_rx=245139133 queue_push=245139134 core_rx=39299321
1785753679.912232 BNO_CORE_EVENT kind=2 report_seq=75 uart_sequence=26132 sensor_raw=4294959796 sensor_converted=4294959796 xiao_rx=245145790 queue_push=245145792 core_rx=39300419
1785753679.913346 BNO_CORE_EVENT kind=3 report_seq=37 uart_sequence=26133 sensor_raw=4294959796 sensor_converted=4294959796 xiao_rx=245145803 queue_push=245145805 core_rx=39303053
1785753679.916390 BNO_CORE_EVENT kind=4 report_seq=147 uart_sequence=26134 sensor_raw=4294959796 sensor_converted=4294959796 xiao_rx=245145813 queue_push=245145814 core_rx=39304180
1785753679.917993 BNO_CORE_EVENT kind=1 report_seq=40 uart_sequence=26136 sensor_raw=4294962296 sensor_converted=4294962296 xiao_rx=245145821 queue_push=245145822 core_rx=39307441
1785753679.921134 BNO_CORE_EVENT kind=2 report_seq=76 uart_sequence=26137 sensor_raw=4294962996 sensor_converted=4294962996 xiao_rx=245159026 queue_push=245159034 core_rx=39314352
1785753679.922743 BNO_CORE_EVENT kind=5 report_seq=37 uart_sequence=26138 sensor_raw=4294962996 sensor_converted=4294962996 xiao_rx=245159060 queue_push=245159061 core_rx=39316945
1785753679.924360 BNO_CORE_EVENT kind=1 report_seq=41 uart_sequence=26139 sensor_raw=4294963696 sensor_converted=4294963696 xiao_rx=245159068 queue_push=245159070 core_rx=39318115
1785753679.927647 BNO_CORE_EVENT kind=1 report_seq=42 uart_sequence=26140 sensor_raw=4294958696 sensor_converted=4294958696 xiao_rx=245165727 queue_push=245165729 core_rx=39319227
1785753679.930203 BNO_CORE_EVENT kind=2 report_seq=77 uart_sequence=26141 sensor_raw=4294960096 sensor_converted=4294960096 xiao_rx=245165740 queue_push=245165742 core_rx=39320782
1785753679.931728 BNO_CORE_EVENT kind=3 report_seq=38 uart_sequence=26142 sensor_raw=4294960096 sensor_converted=4294960096 xiao_rx=245165753 queue_push=245165755 core_rx=39322053
1785753679.934857 BNO_CORE_EVENT kind=1 report_seq=43 uart_sequence=26143 sensor_raw=4294966196 sensor_converted=4294966196 xiao_rx=245165761 queue_push=245165763 core_rx=39323153
1785753679.936475 BNO_CORE_EVENT kind=2 report_seq=78 uart_sequence=26148 sensor_raw=4294962996 sensor_converted=4294962996 xiao_rx=245178154 queue_push=245178162 core_rx=39341347
1785753679.938093 BNO_CORE_EVENT kind=5 report_seq=38 uart_sequence=26149 sensor_raw=4294962996 sensor_converted=4294962996 xiao_rx=245178191 queue_push=245178193 core_rx=39343976
1785753679.941323 BNO_CORE_EVENT kind=1 report_seq=44 uart_sequence=26150 sensor_raw=4294955796 sensor_converted=4294955796 xiao_rx=245185832 queue_push=245185836 core_rx=39345196
1785753679.942851 BNO_CORE_EVENT kind=2 report_seq=79 uart_sequence=26151 sensor_raw=4294960896 sensor_converted=4294960896 xiao_rx=245185859 queue_push=245185862 core_rx=39347381
1785753679.944477 BNO_CORE_EVENT kind=3 report_seq=39 uart_sequence=26152 sensor_raw=4294960896 sensor_converted=4294960896 xiao_rx=245185873 queue_push=245185875 core_rx=39348615
1785753679.947835 BNO_CORE_EVENT kind=4 report_seq=148 uart_sequence=26153 sensor_raw=4294960896 sensor_converted=4294960896 xiao_rx=245185883 queue_push=245185884 core_rx=39350770
1785753679.949440 BNO_CORE_EVENT kind=1 report_seq=45 uart_sequence=26154 sensor_raw=4294962996 sensor_converted=4294962996 xiao_rx=245185891 queue_push=245185893 core_rx=39351963
1785753679.952652 BNO_CORE_EVENT kind=2 report_seq=80 uart_sequence=26156 sensor_raw=4294962996 sensor_converted=4294962996 xiao_rx=245191453 queue_push=245191457 core_rx=39354017
1785753679.954177 BNO_CORE_EVENT kind=5 report_seq=39 uart_sequence=26157 sensor_raw=4294962996 sensor_converted=4294962996 xiao_rx=245191473 queue_push=245191475 core_rx=39355097
1785753679.956963 BNO_CORE_EVENT kind=1 report_seq=46 uart_sequence=26158 sensor_raw=4294963296 sensor_converted=4294963296 xiao_rx=245191482 queue_push=245191484 core_rx=39356171
1785753679.958579 BNO_CORE_EVENT kind=1 report_seq=47 uart_sequence=26161 sensor_raw=4294965296 sensor_converted=4294965296 xiao_rx=245206475 queue_push=245206482 core_rx=39361016
1785753679.961381 BNO_CORE_EVENT kind=2 report_seq=81 uart_sequence=26163 sensor_raw=4294952196 sensor_converted=4294952196 xiao_rx=245215973 queue_push=245215980 core_rx=39369370
1785753679.964094 BNO_CORE_EVENT kind=3 report_seq=40 uart_sequence=26164 sensor_raw=4294952196 sensor_converted=4294952196 xiao_rx=245216007 queue_push=245216008 core_rx=39371948
1785753679.967140 BNO_CORE_EVENT kind=1 report_seq=48 uart_sequence=26165 sensor_raw=4294958796 sensor_converted=4294958796 xiao_rx=245216016 queue_push=245216018 core_rx=39373146
1785753679.968655 BNO_CORE_EVENT kind=2 report_seq=82 uart_sequence=26166 sensor_raw=4294962596 sensor_converted=4294962596 xiao_rx=245216025 queue_push=245216027 core_rx=39374252
1785753679.970172 BNO_CORE_EVENT kind=5 report_seq=40 uart_sequence=26167 sensor_raw=4294962596 sensor_converted=4294962596 xiao_rx=245216034 queue_push=245216036 core_rx=39376076
1785753679.973203 BNO_CORE_EVENT kind=1 report_seq=49 uart_sequence=26168 sensor_raw=4294966196 sensor_converted=4294966196 xiao_rx=245216043 queue_push=245216044 core_rx=39377310
1785753679.974718 BNO_CORE_EVENT kind=2 report_seq=83 uart_sequence=26169 sensor_raw=4294962796 sensor_converted=4294962796 xiao_rx=245220479 queue_push=245220483 core_rx=39378432
1785753679.978154 BNO_CORE_EVENT kind=3 report_seq=41 uart_sequence=26170 sensor_raw=4294962796 sensor_converted=4294962796 xiao_rx=245220497 queue_push=245220498 core_rx=39379498
1785753679.979779 BNO_CORE_EVENT kind=4 report_seq=149 uart_sequence=26171 sensor_raw=4294962796 sensor_converted=4294962796 xiao_rx=245220507 queue_push=245220509 core_rx=39381845
1785753679.982962 BNO_CORE_EVENT kind=1 report_seq=50 uart_sequence=26174 sensor_raw=4294960196 sensor_converted=4294960196 xiao_rx=245234111 queue_push=245234118 core_rx=39385703
1785753679.984564 BNO_CORE_EVENT kind=1 report_seq=51 uart_sequence=26175 sensor_raw=4294954896 sensor_converted=4294954896 xiao_rx=245239955 queue_push=245239960 core_rx=39395352
1785753679.986178 BNO_CORE_EVENT kind=2 report_seq=84 uart_sequence=26176 sensor_raw=4294954896 sensor_converted=4294954896 xiao_rx=245239981 queue_push=245239984 core_rx=39397977
1785753679.989321 BNO_CORE_EVENT kind=5 report_seq=41 uart_sequence=26177 sensor_raw=4294954896 sensor_converted=4294954896 xiao_rx=245239991 queue_push=245239993 core_rx=39399156
1785753679.990941 BNO_CORE_EVENT kind=1 report_seq=52 uart_sequence=26178 sensor_raw=4294962796 sensor_converted=4294962796 xiao_rx=245240000 queue_push=245240001 core_rx=39400256
1785753679.992568 BNO_CORE_EVENT kind=2 report_seq=85 uart_sequence=26180 sensor_raw=4294959096 sensor_converted=4294959096 xiao_rx=245245792 queue_push=245245793 core_rx=39404002
1785753679.996594 BNO_CORE_EVENT kind=3 report_seq=42 uart_sequence=26181 sensor_raw=4294959096 sensor_converted=4294959096 xiao_rx=245245806 queue_push=245245808 core_rx=39405161
1785753679.998701 BNO_CORE_EVENT kind=1 report_seq=53 uart_sequence=26182 sensor_raw=4294964396 sensor_converted=4294964396 xiao_rx=245245815 queue_push=245245816 core_rx=39406226
1785753680.000345 BNO_CORE_EVENT kind=2 report_seq=86 uart_sequence=26183 sensor_raw=4294963496 sensor_converted=4294963496 xiao_rx=245257772 queue_push=245257780 core_rx=39414348
1785753680.001959 BNO_CORE_EVENT kind=5 report_seq=42 uart_sequence=26184 sensor_raw=4294963496 sensor_converted=4294963496 xiao_rx=245257805 queue_push=245257807 core_rx=39416951
1785753680.005193 BNO_CORE_EVENT kind=1 report_seq=54 uart_sequence=26185 sensor_raw=4294954596 sensor_converted=4294954596 xiao_rx=245265373 queue_push=245265375 core_rx=39418908
1785753680.006732 BNO_CORE_EVENT kind=2 report_seq=87 uart_sequence=26186 sensor_raw=4294961496 sensor_converted=4294961496 xiao_rx=245265386 queue_push=245265388 core_rx=39420135
1785753680.008349 BNO_CORE_EVENT kind=3 report_seq=43 uart_sequence=26187 sensor_raw=4294961496 sensor_converted=4294961496 xiao_rx=245265400 queue_push=245265401 core_rx=39421761
1785753680.011450 BNO_CORE_EVENT kind=4 report_seq=150 uart_sequence=26188 sensor_raw=4294961496 sensor_converted=4294961496 xiao_rx=245265409 queue_push=245265411 core_rx=39422868
1785753680.014696 BNO_CORE_EVENT kind=1 report_seq=55 uart_sequence=26189 sensor_raw=4294962396 sensor_converted=4294962396 xiao_rx=245265417 queue_push=245265419 core_rx=39423957
1785753680.016225 BNO_CORE_EVENT kind=1 report_seq=56 uart_sequence=26191 sensor_raw=4294962596 sensor_converted=4294962596 xiao_rx=245276056 queue_push=245276061 core_rx=39432415
1785753680.019358 BNO_CORE_EVENT kind=2 report_seq=88 uart_sequence=26192 sensor_raw=4294963096 sensor_converted=4294963096 xiao_rx=245276084 queue_push=245276088 core_rx=39434529
1785753680.021000 BNO_CORE_EVENT kind=5 report_seq=43 uart_sequence=26193 sensor_raw=4294963096 sensor_converted=4294963096 xiao_rx=245276095 queue_push=245276097 core_rx=39435980
1785753680.022528 BNO_CORE_EVENT kind=1 report_seq=57 uart_sequence=26194 sensor_raw=4294960296 sensor_converted=4294960296 xiao_rx=245280537 queue_push=245280540 core_rx=39437150
1785753680.025783 BNO_CORE_EVENT kind=2 report_seq=89 uart_sequence=26195 sensor_raw=4294962696 sensor_converted=4294962696 xiao_rx=245280552 queue_push=245280554 core_rx=39438288
1785753680.027362 BNO_CORE_EVENT kind=3 report_seq=44 uart_sequence=26197 sensor_raw=4294962696 sensor_converted=4294962696 xiao_rx=245280565 queue_push=245280568 core_rx=39441734
1785753680.030349 BNO_CORE_EVENT kind=1 report_seq=58 uart_sequence=26200 sensor_raw=4294963496 sensor_converted=4294963496 xiao_rx=245293632 queue_push=245293639 core_rx=39445707
1785753680.032227 BNO_CORE_EVENT kind=2 report_seq=90 uart_sequence=26202 sensor_raw=4294955496 sensor_converted=4294955496 xiao_rx=245299083 queue_push=245299090 core_rx=39454339
1785753680.033834 BNO_CORE_EVENT kind=5 report_seq=44 uart_sequence=26203 sensor_raw=4294955496 sensor_converted=4294955496 xiao_rx=245299113 queue_push=245299115 core_rx=39456987
1785753680.037055 BNO_CORE_EVENT kind=1 report_seq=59 uart_sequence=26204 sensor_raw=4294958196 sensor_converted=4294958196 xiao_rx=245299122 queue_push=245299124 core_rx=39458275
1785753680.038663 BNO_CORE_EVENT kind=2 report_seq=91 uart_sequence=26205 sensor_raw=4294959796 sensor_converted=4294959796 xiao_rx=245305142 queue_push=245305145 core_rx=39459378
1785753680.040271 BNO_CORE_EVENT kind=3 report_seq=45 uart_sequence=26206 sensor_raw=4294959796 sensor_converted=4294959796 xiao_rx=245305165 queue_push=245305168 core_rx=39462044
1785753680.043477 BNO_CORE_EVENT kind=4 report_seq=151 uart_sequence=26207 sensor_raw=4294959796 sensor_converted=4294959796 xiao_rx=245305177 queue_push=245305178 core_rx=39463225
1785753680.045894 BNO_CORE_EVENT kind=1 report_seq=60 uart_sequence=26208 sensor_raw=4294960696 sensor_converted=4294960696 xiao_rx=245305185 queue_push=245305186 core_rx=39464290
1785753680.047436 BNO_CORE_EVENT kind=1 report_seq=61 uart_sequence=26211 sensor_raw=4294962596 sensor_converted=4294962596 xiao_rx=245320860 queue_push=245320867 core_rx=39470655
1785753680.050778 BNO_CORE_EVENT kind=2 report_seq=92 uart_sequence=26212 sensor_raw=4294963496 sensor_converted=4294963496 xiao_rx=245320892 queue_push=245320895 core_rx=39472940
1785753680.052397 BNO_CORE_EVENT kind=5 report_seq=45 uart_sequence=26213 sensor_raw=4294963496 sensor_converted=4294963496 xiao_rx=245320902 queue_push=245320903 core_rx=39474059
1785753680.054020 BNO_CORE_EVENT kind=1 report_seq=62 uart_sequence=26214 sensor_raw=4294955096 sensor_converted=4294955096 xiao_rx=245328573 queue_push=245328580 core_rx=39482304
1785753680.057238 BNO_CORE_EVENT kind=2 report_seq=93 uart_sequence=26215 sensor_raw=4294957896 sensor_converted=4294957896 xiao_rx=245328602 queue_push=245328605 core_rx=39485353
1785753680.059390 BNO_CORE_EVENT kind=3 report_seq=46 uart_sequence=26216 sensor_raw=4294957896 sensor_converted=4294957896 xiao_rx=245328616 queue_push=245328618 core_rx=39486652
1785753680.061010 BNO_CORE_EVENT kind=1 report_seq=63 uart_sequence=26217 sensor_raw=4294962996 sensor_converted=4294962996 xiao_rx=245328625 queue_push=245328627 core_rx=39488117
1785753680.064040 BNO_CORE_EVENT kind=2 report_seq=94 uart_sequence=26218 sensor_raw=4294960396 sensor_converted=4294960396 xiao_rx=245334221 queue_push=245334223 core_rx=39489296
1785753680.065883 BNO_CORE_EVENT kind=5 report_seq=46 uart_sequence=26219 sensor_raw=4294960396 sensor_converted=4294960396 xiao_rx=245334236 queue_push=245334237 core_rx=39490399
1785753680.067500 BNO_CORE_EVENT kind=1 report_seq=64 uart_sequence=26220 sensor_raw=4294962896 sensor_converted=4294962896 xiao_rx=245334244 queue_push=245334246 core_rx=39491487
1785753680.070717 BNO_CORE_EVENT kind=2 report_seq=95 uart_sequence=26223 sensor_raw=4294964596 sensor_converted=4294964596 xiao_rx=245345336 queue_push=245345345 core_rx=39496200
1785753680.072242 BNO_CORE_EVENT kind=3 report_seq=47 uart_sequence=26225 sensor_raw=4294953496 sensor_converted=4294953496 xiao_rx=245355739 queue_push=245355748 core_rx=39509331
1785753680.073854 BNO_CORE_EVENT kind=4 report_seq=152 uart_sequence=26226 sensor_raw=4294953496 sensor_converted=4294953496 xiao_rx=245355776 queue_push=245355778 core_rx=39511974
1785753680.077084 BNO_CORE_EVENT kind=1 report_seq=65 uart_sequence=26227 sensor_raw=4294953996 sensor_converted=4294953996 xiao_rx=245355788 queue_push=245355790 core_rx=39513210
1785753680.078772 BNO_CORE_EVENT kind=1 report_seq=66 uart_sequence=26228 sensor_raw=4294962396 sensor_converted=4294962396 xiao_rx=245355796 queue_push=245355798 core_rx=39514310
1785753680.081905 BNO_CORE_EVENT kind=2 report_seq=96 uart_sequence=26229 sensor_raw=4294963796 sensor_converted=4294963796 xiao_rx=245355806 queue_push=245355808 core_rx=39517087
1785753680.083520 BNO_CORE_EVENT kind=5 report_seq=47 uart_sequence=26230 sensor_raw=4294953496 sensor_converted=4294953496 xiao_rx=245361128 queue_push=245361130 core_rx=39518287
1785753680.086572 BNO_CORE_EVENT kind=1 report_seq=67 uart_sequence=26231 sensor_raw=4294959796 sensor_converted=4294959796 xiao_rx=245361138 queue_push=245361140 core_rx=39519387
1785753680.088200 BNO_CORE_EVENT kind=2 report_seq=97 uart_sequence=26232 sensor_raw=4294962896 sensor_converted=4294962896 xiao_rx=245361147 queue_push=245361148 core_rx=39520473
1785753680.089814 BNO_CORE_EVENT kind=3 report_seq=48 uart_sequence=26233 sensor_raw=4294962896 sensor_converted=4294962896 xiao_rx=245361156 queue_push=245361158 core_rx=39521531
1785753680.092952 BNO_CORE_EVENT kind=1 report_seq=68 uart_sequence=26234 sensor_raw=4294961896 sensor_converted=4294961896 xiao_rx=245372171 queue_push=245372178 core_rx=39523057
1785753680.096376 BNO_CORE_EVENT kind=2 report_seq=98 uart_sequence=26235 sensor_raw=4294956196 sensor_converted=4294956196 xiao_rx=245377154 queue_push=245377159 core_rx=39525321
1785753680.097985 BNO_CORE_EVENT kind=5 report_seq=48 uart_sequence=26236 sensor_raw=4294956196 sensor_converted=4294956196 xiao_rx=245377175 queue_push=245377176 core_rx=39527311
1785753680.101204 BNO_CORE_EVENT kind=1 report_seq=69 uart_sequence=26237 sensor_raw=4294957796 sensor_converted=4294957796 xiao_rx=245377184 queue_push=245377185 core_rx=39529990
1785753680.102815 BNO_CORE_EVENT kind=2 report_seq=99 uart_sequence=26240 sensor_raw=4294961696 sensor_converted=4294961696 xiao_rx=245386994 queue_push=245387002 core_rx=39540323
1785753680.104376 BNO_CORE_EVENT kind=3 report_seq=49 uart_sequence=26241 sensor_raw=4294961696 sensor_converted=4294961696 xiao_rx=245387029 queue_push=245387031 core_rx=39543366
1785753680.107559 BNO_CORE_EVENT kind=1 report_seq=70 uart_sequence=26242 sensor_raw=4294961696 sensor_converted=4294961696 xiao_rx=245387041 queue_push=245387043 core_rx=39545348
1785753680.109088 BNO_CORE_EVENT kind=4 report_seq=153 uart_sequence=26243 sensor_raw=4294961796 sensor_converted=4294961796 xiao_rx=245387050 queue_push=245387052 core_rx=39547647
1785753680.111935 BNO_CORE_EVENT kind=1 report_seq=71 uart_sequence=26244 sensor_raw=4294960296 sensor_converted=4294960296 xiao_rx=245391935 queue_push=245391937 core_rx=39548794
1785753680.113728 BNO_CORE_EVENT kind=2 report_seq=100 uart_sequence=26245 sensor_raw=4294961996 sensor_converted=4294961996 xiao_rx=245391947 queue_push=245391950 core_rx=39549870
1785753680.116948 BNO_CORE_EVENT kind=5 report_seq=49 uart_sequence=26246 sensor_raw=4294961996 sensor_converted=4294961996 xiao_rx=245391957 queue_push=245391959 core_rx=39550939
1785753680.118571 BNO_CORE_EVENT kind=1 report_seq=72 uart_sequence=26249 sensor_raw=4294963096 sensor_converted=4294963096 xiao_rx=245403765 queue_push=245403772 core_rx=39555947
1785753680.120095 BNO_CORE_EVENT kind=2 report_seq=101 uart_sequence=26251 sensor_raw=4294954896 sensor_converted=4294954896 xiao_rx=245409487 queue_push=245409493 core_rx=39559359
1785753680.123235 BNO_CORE_EVENT kind=3 report_seq=50 uart_sequence=26252 sensor_raw=4294954896 sensor_converted=4294954896 xiao_rx=245409515 queue_push=245409517 core_rx=39561961
1785753680.124849 BNO_CORE_EVENT kind=1 report_seq=73 uart_sequence=26253 sensor_raw=4294958896 sensor_converted=4294958896 xiao_rx=245409524 queue_push=245409525 core_rx=39563173
1785753680.127979 BNO_CORE_EVENT kind=2 report_seq=102 uart_sequence=26256 sensor_raw=4294959296 sensor_converted=4294959296 xiao_rx=245421555 queue_push=245421564 core_rx=39571296
1785753680.130931 BNO_CORE_EVENT kind=5 report_seq=50 uart_sequence=26257 sensor_raw=4294959296 sensor_converted=4294959296 xiao_rx=245421593 queue_push=245421595 core_rx=39573996
1785753680.132539 BNO_CORE_EVENT kind=1 report_seq=74 uart_sequence=26258 sensor_raw=4294961096 sensor_converted=4294961096 xiao_rx=245421601 queue_push=245421603 core_rx=39575288
1785753680.134146 BNO_CORE_EVENT kind=1 report_seq=75 uart_sequence=26260 sensor_raw=4294957296 sensor_converted=4294957296 xiao_rx=245431334 queue_push=245431341 core_rx=39585334
1785753680.137365 BNO_CORE_EVENT kind=2 report_seq=103 uart_sequence=26261 sensor_raw=4294957296 sensor_converted=4294957296 xiao_rx=245431379 queue_push=245431382 core_rx=39588028
1785753680.138986 BNO_CORE_EVENT kind=3 report_seq=51 uart_sequence=26262 sensor_raw=4294957296 sensor_converted=4294957296 xiao_rx=245431394 queue_push=245431396 core_rx=39589314
1785753680.140592 BNO_CORE_EVENT kind=4 report_seq=154 uart_sequence=26263 sensor_raw=4294957296 sensor_converted=4294957296 xiao_rx=245431404 queue_push=245431406 core_rx=39590403
1785753680.143725 BNO_CORE_EVENT kind=1 report_seq=76 uart_sequence=26264 sensor_raw=4294964796 sensor_converted=4294964796 xiao_rx=245431412 queue_push=245431414 core_rx=39593092
1785753680.146199 BNO_CORE_EVENT kind=2 report_seq=104 uart_sequence=26265 sensor_raw=4294957296 sensor_converted=4294957296 xiao_rx=245435649 queue_push=245435651 core_rx=39594276
1785753680.148572 BNO_CORE_EVENT kind=5 report_seq=51 uart_sequence=26266 sensor_raw=4294957296 sensor_converted=4294957296 xiao_rx=245435658 queue_push=245435660 core_rx=39595396
1785753680.150175 BNO_CORE_EVENT kind=1 report_seq=77 uart_sequence=26267 sensor_raw=4294962896 sensor_converted=4294962896 xiao_rx=245435666 queue_push=245435668 core_rx=39596477
1785753680.151793 BNO_CORE_EVENT kind=2 report_seq=105 uart_sequence=26269 sensor_raw=4294962996 sensor_converted=4294962996 xiao_rx=245446519 queue_push=245446527 core_rx=39603289
1785753680.154935 BNO_CORE_EVENT kind=3 report_seq=52 uart_sequence=26270 sensor_raw=4294962996 sensor_converted=4294962996 xiao_rx=245446556 queue_push=245446558 core_rx=39605994
1785753680.157624 BNO_CORE_EVENT kind=1 report_seq=78 uart_sequence=26271 sensor_raw=4294955696 sensor_converted=4294955696 xiao_rx=245453037 queue_push=245453038 core_rx=39607292
1785753680.159186 BNO_CORE_EVENT kind=2 report_seq=106 uart_sequence=26272 sensor_raw=4294962296 sensor_converted=4294962296 xiao_rx=245453050 queue_push=245453053 core_rx=39608396
1785753680.161977 BNO_CORE_EVENT kind=5 report_seq=52 uart_sequence=26273 sensor_raw=4294962296 sensor_converted=4294962296 xiao_rx=245453060 queue_push=245453062 core_rx=39609498
1785753680.165140 BNO_CORE_EVENT kind=1 report_seq=79 uart_sequence=26274 sensor_raw=4294963396 sensor_converted=4294963396 xiao_rx=245453069 queue_push=245453070 core_rx=39611719
1785753680.166743 BNO_CORE_EVENT kind=1 report_seq=80 uart_sequence=26277 sensor_raw=4294964996 sensor_converted=4294964996 xiao_rx=245464335 queue_push=245464342 core_rx=39620329
1785753680.168363 BNO_CORE_EVENT kind=2 report_seq=107 uart_sequence=26278 sensor_raw=4294954396 sensor_converted=4294954396 xiao_rx=245470574 queue_push=245470576 core_rx=39623004
1785753680.171501 BNO_CORE_EVENT kind=3 report_seq=53 uart_sequence=26279 sensor_raw=4294954396 sensor_converted=4294954396 xiao_rx=245470587 queue_push=245470589 core_rx=39624262
1785753680.173144 BNO_CORE_EVENT kind=4 report_seq=155 uart_sequence=26280 sensor_raw=4294954496 sensor_converted=4294954496 xiao_rx=245470597 queue_push=245470598 core_rx=39625360
1785753680.174947 BNO_CORE_EVENT kind=1 report_seq=81 uart_sequence=26281 sensor_raw=4294962096 sensor_converted=4294962096 xiao_rx=245470605 queue_push=245470607 core_rx=39626465
1785753680.178649 BNO_CORE_EVENT kind=2 report_seq=108 uart_sequence=26282 sensor_raw=4294964796 sensor_converted=4294964796 xiao_rx=245470613 queue_push=245470615 core_rx=39628717
1785753680.180724 BNO_CORE_EVENT kind=5 report_seq=53 uart_sequence=26284 sensor_raw=4294958396 sensor_converted=4294958396 xiao_rx=245482005 queue_push=245482012 core_rx=39632942
1785753680.182327 BNO_CORE_EVENT kind=1 report_seq=82 uart_sequence=26285 sensor_raw=4294963096 sensor_converted=4294963096 xiao_rx=245482033 queue_push=245482035 core_rx=39634208
1785753680.183939 BNO_CORE_EVENT kind=2 report_seq=109 uart_sequence=26287 sensor_raw=4294956896 sensor_converted=4294956896 xiao_rx=245487720 queue_push=245487727 core_rx=39642333
1785753680.187226 BNO_CORE_EVENT kind=3 report_seq=54 uart_sequence=26288 sensor_raw=4294956896 sensor_converted=4294956896 xiao_rx=245487751 queue_push=245487753 core_rx=39644655
1785753680.188844 BNO_CORE_EVENT kind=1 report_seq=83 uart_sequence=26289 sensor_raw=4294959596 sensor_converted=4294959596 xiao_rx=245487760 queue_push=245487762 core_rx=39645967
1785753680.190454 BNO_CORE_EVENT kind=2 report_seq=110 uart_sequence=26290 sensor_raw=4294960796 sensor_converted=4294960796 xiao_rx=245493339 queue_push=245493341 core_rx=39647048
1785753680.193693 BNO_CORE_EVENT kind=5 report_seq=54 uart_sequence=26291 sensor_raw=4294960796 sensor_converted=4294960796 xiao_rx=245493352 queue_push=245493354 core_rx=39649050
1785753680.196213 BNO_CORE_EVENT kind=1 report_seq=84 uart_sequence=26292 sensor_raw=4294961796 sensor_converted=4294961796 xiao_rx=245493361 queue_push=245493363 core_rx=39650182
1785753680.197854 BNO_CORE_EVENT kind=1 report_seq=85 uart_sequence=26293 sensor_raw=4294964196 sensor_converted=4294964196 xiao_rx=245502967 queue_push=245502974 core_rx=39655323
1785753680.201021 BNO_CORE_EVENT kind=4 report_seq=156 uart_sequence=26294 sensor_raw=4294965096 sensor_converted=4294965096 xiao_rx=245502996 queue_push=245502999 core_rx=39657943
1785753680.202582 BNO_CORE_EVENT kind=2 report_seq=111 uart_sequence=26295 sensor_raw=4294955596 sensor_converted=4294955596 xiao_rx=245507403 queue_push=245507406 core_rx=39659113
1785753680.204200 BNO_CORE_EVENT kind=3 report_seq=55 uart_sequence=26296 sensor_raw=4294955596 sensor_converted=4294955596 xiao_rx=245507417 queue_push=245507418 core_rx=39660226
1785753680.207427 BNO_CORE_EVENT kind=1 report_seq=86 uart_sequence=26297 sensor_raw=4294962896 sensor_converted=4294962896 xiao_rx=245507425 queue_push=245507427 core_rx=39661613
1785753680.209042 BNO_CORE_EVENT kind=2 report_seq=112 uart_sequence=26300 sensor_raw=4294961096 sensor_converted=4294961096 xiao_rx=245519668 queue_push=245519676 core_rx=39674371
1785753680.211880 BNO_CORE_EVENT kind=5 report_seq=55 uart_sequence=26301 sensor_raw=4294961096 sensor_converted=4294961096 xiao_rx=245519725 queue_push=245519727 core_rx=39676953
1785753680.214950 BNO_CORE_EVENT kind=1 report_seq=87 uart_sequence=26302 sensor_raw=4294965996 sensor_converted=4294965996 xiao_rx=245519733 queue_push=245519735 core_rx=39678124
1785753680.216469 BNO_CORE_EVENT kind=2 report_seq=113 uart_sequence=26303 sensor_raw=4294959296 sensor_converted=4294959296 xiao_rx=245525489 queue_push=245525493 core_rx=39679237
1785753680.219501 BNO_CORE_EVENT kind=3 report_seq=56 uart_sequence=26304 sensor_raw=4294959296 sensor_converted=4294959296 xiao_rx=245525506 queue_push=245525508 core_rx=39682108
1785753680.221017 BNO_CORE_EVENT kind=1 report_seq=88 uart_sequence=26305 sensor_raw=4294961596 sensor_converted=4294961596 xiao_rx=245525514 queue_push=245525516 core_rx=39683334
1785753680.224048 BNO_CORE_EVENT kind=2 report_seq=114 uart_sequence=26308 sensor_raw=4294963496 sensor_converted=4294963496 xiao_rx=245536885 queue_push=245536893 core_rx=39688302
1785753680.225562 BNO_CORE_EVENT kind=5 report_seq=56 uart_sequence=26309 sensor_raw=4294963496 sensor_converted=4294963496 xiao_rx=245536922 queue_push=245536923 core_rx=39689524
1785753680.228468 BNO_CORE_EVENT kind=1 report_seq=89 uart_sequence=26312 sensor_raw=4294952296 sensor_converted=4294952296 xiao_rx=245544859 queue_push=245544866 core_rx=39697344
1785753680.230064 BNO_CORE_EVENT kind=1 report_seq=90 uart_sequence=26313 sensor_raw=4294960696 sensor_converted=4294960696 xiao_rx=245544887 queue_push=245544889 core_rx=39699973
1785753680.233200 BNO_CORE_EVENT kind=2 report_seq=115 uart_sequence=26314 sensor_raw=4294961996 sensor_converted=4294961996 xiao_rx=245544900 queue_push=245544903 core_rx=39701184
1785753680.234801 BNO_CORE_EVENT kind=3 report_seq=57 uart_sequence=26315 sensor_raw=4294961996 sensor_converted=4294961996 xiao_rx=245544914 queue_push=245544916 core_rx=39702290
1785753680.236322 BNO_CORE_EVENT kind=4 report_seq=157 uart_sequence=26316 sensor_raw=4294962196 sensor_converted=4294962196 xiao_rx=245544924 queue_push=245544926 core_rx=39705092
1785753680.239466 BNO_CORE_EVENT kind=1 report_seq=91 uart_sequence=26317 sensor_raw=4294961096 sensor_converted=4294961096 xiao_rx=245548873 queue_push=245548878 core_rx=39706347
1785753680.241089 BNO_CORE_EVENT kind=2 report_seq=116 uart_sequence=26318 sensor_raw=4294963996 sensor_converted=4294963996 xiao_rx=245548902 queue_push=245548905 core_rx=39707411
1785753680.242701 BNO_CORE_EVENT kind=5 report_seq=57 uart_sequence=26319 sensor_raw=4294959696 sensor_converted=4294959696 xiao_rx=245558227 queue_push=245558236 core_rx=39712332
1785753680.245659 BNO_CORE_EVENT kind=1 report_seq=92 uart_sequence=26320 sensor_raw=4294964196 sensor_converted=4294964196 xiao_rx=245558252 queue_push=245558254 core_rx=39714974
1785753680.248877 BNO_CORE_EVENT kind=2 report_seq=117 uart_sequence=26321 sensor_raw=4294960596 sensor_converted=4294960596 xiao_rx=245564024 queue_push=245564027 core_rx=39716217
1785753680.250401 BNO_CORE_EVENT kind=3 report_seq=58 uart_sequence=26322 sensor_raw=4294960596 sensor_converted=4294960596 xiao_rx=245564041 queue_push=245564042 core_rx=39717334
1785753680.253664 BNO_CORE_EVENT kind=1 report_seq=93 uart_sequence=26323 sensor_raw=4294962596 sensor_converted=4294962596 xiao_rx=245564049 queue_push=245564051 core_rx=39720118
1785753680.255188 BNO_CORE_EVENT kind=2 report_seq=118 uart_sequence=26325 sensor_raw=4294964396 sensor_converted=4294964396 xiao_rx=245572417 queue_push=245572424 core_rx=39724329
1785753680.257415 BNO_CORE_EVENT kind=5 report_seq=58 uart_sequence=26327 sensor_raw=4294955796 sensor_converted=4294955796 xiao_rx=245578090 queue_push=245578097 core_rx=39734330
1785753680.259668 BNO_CORE_EVENT kind=1 report_seq=94 uart_sequence=26328 sensor_raw=4294956096 sensor_converted=4294956096 xiao_rx=245578121 queue_push=245578122 core_rx=39736985
1785753680.262463 BNO_CORE_EVENT kind=1 report_seq=95 uart_sequence=26329 sensor_raw=4294964296 sensor_converted=4294964296 xiao_rx=245578129 queue_push=245578131 core_rx=39738272
1785753680.264071 BNO_CORE_EVENT kind=4 report_seq=158 uart_sequence=26330 sensor_raw=4294960596 sensor_converted=4294960596 xiao_rx=245584801 queue_push=245584803 core_rx=39739369
1785753680.265684 BNO_CORE_EVENT kind=2 report_seq=119 uart_sequence=26331 sensor_raw=4294960596 sensor_converted=4294960596 xiao_rx=245584811 queue_push=245584814 core_rx=39740447
1785753680.268811 BNO_CORE_EVENT kind=3 report_seq=59 uart_sequence=26333 sensor_raw=4294960596 sensor_converted=4294960596 xiao_rx=245584826 queue_push=245584827 core_rx=39743153
1785753680.270432 BNO_CORE_EVENT kind=1 report_seq=96 uart_sequence=26334 sensor_raw=4294966596 sensor_converted=4294966596 xiao_rx=245584834 queue_push=245584835 core_rx=39744372
1785753680.272049 BNO_CORE_EVENT kind=2 report_seq=120 uart_sequence=26336 sensor_raw=4294963696 sensor_converted=4294963696 xiao_rx=245595782 queue_push=245595790 core_rx=39749329
1785753680.275196 BNO_CORE_EVENT kind=5 report_seq=59 uart_sequence=26337 sensor_raw=4294963696 sensor_converted=4294963696 xiao_rx=245595817 queue_push=245595819 core_rx=39752005
1785753680.278038 BNO_CORE_EVENT kind=1 report_seq=97 uart_sequence=26338 sensor_raw=4294957296 sensor_converted=4294957296 xiao_rx=245600231 queue_push=245600233 core_rx=39753273
1785753680.279552 BNO_CORE_EVENT kind=2 report_seq=121 uart_sequence=26339 sensor_raw=4294963096 sensor_converted=4294963096 xiao_rx=245600240 queue_push=245600241 core_rx=39754339
1785753680.282788 BNO_CORE_EVENT kind=3 report_seq=60 uart_sequence=26340 sensor_raw=4294963096 sensor_converted=4294963096 xiao_rx=245600252 queue_push=245600254 core_rx=39757052
1785753680.284392 BNO_CORE_EVENT kind=1 report_seq=98 uart_sequence=26341 sensor_raw=4294960196 sensor_converted=4294960196 xiao_rx=245607427 queue_push=245607432 core_rx=39758234
1785753680.286003 BNO_CORE_EVENT kind=1 report_seq=99 uart_sequence=26344 sensor_raw=4294961496 sensor_converted=4294961496 xiao_rx=245614974 queue_push=245614979 core_rx=39768319
1785753680.289237 BNO_CORE_EVENT kind=2 report_seq=122 uart_sequence=26345 sensor_raw=4294961496 sensor_converted=4294961496 xiao_rx=245615003 queue_push=245615005 core_rx=39769847
1785753680.290850 BNO_CORE_EVENT kind=5 report_seq=60 uart_sequence=26346 sensor_raw=4294961496 sensor_converted=4294961496 xiao_rx=245615014 queue_push=245615015 core_rx=39772332
1785753680.293723 BNO_CORE_EVENT kind=1 report_seq=100 uart_sequence=26347 sensor_raw=4294961596 sensor_converted=4294961596 xiao_rx=245619446 queue_push=245619450 core_rx=39774353
1785753680.296218 BNO_CORE_EVENT kind=2 report_seq=123 uart_sequence=26348 sensor_raw=4294963596 sensor_converted=4294963596 xiao_rx=245619461 queue_push=245619463 core_rx=39775621
1785753680.297833 BNO_CORE_EVENT kind=3 report_seq=61 uart_sequence=26349 sensor_raw=4294963596 sensor_converted=4294963596 xiao_rx=245619473 queue_push=245619475 core_rx=39776697
1785753680.300967 BNO_CORE_EVENT kind=4 report_seq=159 uart_sequence=26351 sensor_raw=4294959296 sensor_converted=4294959296 xiao_rx=245631203 queue_push=245631212 core_rx=39781469
1785753680.302489 BNO_CORE_EVENT kind=1 report_seq=101 uart_sequence=26352 sensor_raw=4294964596 sensor_converted=4294964596 xiao_rx=245631237 queue_push=245631238 core_rx=39782667
1785753680.304091 BNO_CORE_EVENT kind=2 report_seq=124 uart_sequence=26354 sensor_raw=4294957796 sensor_converted=4294957796 xiao_rx=245638103 queue_push=245638109 core_rx=39786279
1785753680.307237 BNO_CORE_EVENT kind=5 report_seq=61 uart_sequence=26355 sensor_raw=4294957796 sensor_converted=4294957796 xiao_rx=245638131 queue_push=245638133 core_rx=39787943
1785753680.308837 BNO_CORE_EVENT kind=1 report_seq=102 uart_sequence=26356 sensor_raw=4294960896 sensor_converted=4294960896 xiao_rx=245638139 queue_push=245638141 core_rx=39789199
1785753680.311807 BNO_CORE_EVENT kind=2 report_seq=125 uart_sequence=26359 sensor_raw=4294960596 sensor_converted=4294960596 xiao_rx=245645092 queue_push=245645100 core_rx=39802323
1785753680.313423 BNO_CORE_EVENT kind=3 report_seq=62 uart_sequence=26360 sensor_raw=4294960596 sensor_converted=4294960596 xiao_rx=245645128 queue_push=245645130 core_rx=39804991
1785753680.316577 BNO_CORE_EVENT kind=1 report_seq=103 uart_sequence=26361 sensor_raw=4294961796 sensor_converted=4294961796 xiao_rx=245645140 queue_push=245645142 core_rx=39806256
1785753680.318100 BNO_CORE_EVENT kind=1 report_seq=104 uart_sequence=26362 sensor_raw=4294963096 sensor_converted=4294963096 xiao_rx=245650744 queue_push=245650749 core_rx=39807365
1785753680.319714 BNO_CORE_EVENT kind=2 report_seq=126 uart_sequence=26363 sensor_raw=4294963396 sensor_converted=4294963396 xiao_rx=245650774 queue_push=245650776 core_rx=39810050
1785753680.322936 BNO_CORE_EVENT kind=5 report_seq=62 uart_sequence=26364 sensor_raw=4294963396 sensor_converted=4294963396 xiao_rx=245650784 queue_push=245650786 core_rx=39811201
1785753680.324565 BNO_CORE_EVENT kind=1 report_seq=105 uart_sequence=26365 sensor_raw=4294965196 sensor_converted=4294965196 xiao_rx=245653856 queue_push=245653860 core_rx=39812263
1785753680.326183 BNO_CORE_EVENT kind=2 report_seq=127 uart_sequence=26367 sensor_raw=4294964796 sensor_converted=4294964796 xiao_rx=245663728 queue_push=245663736 core_rx=39817330
1785753680.329129 BNO_CORE_EVENT kind=3 report_seq=63 uart_sequence=26368 sensor_raw=4294955196 sensor_converted=4294955196 xiao_rx=245668164 queue_push=245668166 core_rx=39819521
1785753680.332256 BNO_CORE_EVENT kind=4 report_seq=160 uart_sequence=26369 sensor_raw=4294955196 sensor_converted=4294955196 xiao_rx=245668174 queue_push=245668176 core_rx=39820767
1785753680.333858 BNO_CORE_EVENT kind=1 report_seq=106 uart_sequence=26370 sensor_raw=4294960496 sensor_converted=4294960496 xiao_rx=245668186 queue_push=245668187 core_rx=39821837
1785753680.335472 BNO_CORE_EVENT kind=2 report_seq=128 uart_sequence=26372 sensor_raw=4294960396 sensor_converted=4294960396 xiao_rx=245676900 queue_push=245676908 core_rx=39831300
1785753680.338537 BNO_CORE_EVENT kind=5 report_seq=63 uart_sequence=26373 sensor_raw=4294960396 sensor_converted=4294960396 xiao_rx=245676938 queue_push=245676939 core_rx=39833984
1785753680.340155 BNO_CORE_EVENT kind=1 report_seq=107 uart_sequence=26374 sensor_raw=4294963496 sensor_converted=4294963496 xiao_rx=245676946 queue_push=245676948 core_rx=39835201
1785753680.343316 BNO_CORE_EVENT kind=2 report_seq=129 uart_sequence=26375 sensor_raw=4294961996 sensor_converted=4294961996 xiao_rx=245682743 queue_push=245682747 core_rx=39837401
1785753680.346123 BNO_CORE_EVENT kind=3 report_seq=64 uart_sequence=26376 sensor_raw=4294961996 sensor_converted=4294961996 xiao_rx=245682762 queue_push=245682763 core_rx=39840065
1785753680.347729 BNO_CORE_EVENT kind=1 report_seq=108 uart_sequence=26378 sensor_raw=4294962696 sensor_converted=4294962696 xiao_rx=245682770 queue_push=245682772 core_rx=39841682
1785753680.349330 BNO_CORE_EVENT kind=1 report_seq=109 uart_sequence=26380 sensor_raw=4294964796 sensor_converted=4294964796 xiao_rx=245693189 queue_push=245693196 core_rx=39846333
1785753680.352551 BNO_CORE_EVENT kind=2 report_seq=130 uart_sequence=26381 sensor_raw=4294955496 sensor_converted=4294955496 xiao_rx=245697460 queue_push=245697462 core_rx=39847698
1785753680.354177 BNO_CORE_EVENT kind=5 report_seq=64 uart_sequence=26382 sensor_raw=4294955496 sensor_converted=4294955496 xiao_rx=245697471 queue_push=245697473 core_rx=39849981
1785753680.355811 BNO_CORE_EVENT kind=1 report_seq=110 uart_sequence=26383 sensor_raw=4294962696 sensor_converted=4294962696 xiao_rx=245697479 queue_push=245697481 core_rx=39851200
1785753680.360261 BNO_CORE_EVENT kind=4 report_seq=161 uart_sequence=26385 sensor_raw=4294960896 sensor_converted=4294960896 xiao_rx=245706592 queue_push=245706600 core_rx=39861335
1785753680.363558 BNO_CORE_EVENT kind=2 report_seq=131 uart_sequence=26386 sensor_raw=4294960896 sensor_converted=4294960896 xiao_rx=245706618 queue_push=245706622 core_rx=39864022
1785753680.366586 BNO_CORE_EVENT kind=3 report_seq=65 uart_sequence=26387 sensor_raw=4294960896 sensor_converted=4294960896 xiao_rx=245706635 queue_push=245706637 core_rx=39865244
1785753680.368097 BNO_CORE_EVENT kind=1 report_seq=111 uart_sequence=26388 sensor_raw=4294965796 sensor_converted=4294965796 xiao_rx=245706646 queue_push=245706647 core_rx=39866339
1785753680.369606 BNO_CORE_EVENT kind=2 report_seq=132 uart_sequence=26389 sensor_raw=4294962596 sensor_converted=4294962596 xiao_rx=245712260 queue_push=245712265 core_rx=39869134
1785753680.372625 BNO_CORE_EVENT kind=5 report_seq=65 uart_sequence=26390 sensor_raw=4294962596 sensor_converted=4294962596 xiao_rx=245712286 queue_push=245712288 core_rx=39870372
1785753680.374135 BNO_CORE_EVENT kind=1 report_seq=112 uart_sequence=26391 sensor_raw=4294964696 sensor_converted=4294964696 xiao_rx=245712294 queue_push=245712296 core_rx=39871454
1785753680.377469 BNO_CORE_EVENT kind=2 report_seq=133 uart_sequence=26393 sensor_raw=4294965196 sensor_converted=4294965196 xiao_rx=245721929 queue_push=245721937 core_rx=39874311
1785753680.378992 BNO_CORE_EVENT kind=3 report_seq=66 uart_sequence=26394 sensor_raw=4294957096 sensor_converted=4294957096 xiao_rx=245727299 queue_push=245727308 core_rx=39879318
1785753680.382145 BNO_CORE_EVENT kind=1 report_seq=113 uart_sequence=26395 sensor_raw=4294957196 sensor_converted=4294957196 xiao_rx=245727329 queue_push=245727332 core_rx=39882343
1785753680.383670 BNO_CORE_EVENT kind=1 report_seq=114 uart_sequence=26396 sensor_raw=4294965096 sensor_converted=4294965096 xiao_rx=245727339 queue_push=245727340 core_rx=39883581
1785753680.386897 BNO_CORE_EVENT kind=2 report_seq=134 uart_sequence=26397 sensor_raw=4294961296 sensor_converted=4294961296 xiao_rx=245731353 queue_push=245731354 core_rx=39885632
1785753680.388516 BNO_CORE_EVENT kind=5 report_seq=66 uart_sequence=26398 sensor_raw=4294961296 sensor_converted=4294961296 xiao_rx=245731363 queue_push=245731365 core_rx=39886803
1785753680.402715 BNO_CORE_EVENT kind=1 report_seq=115 uart_sequence=26400 sensor_raw=4294963896 sensor_converted=4294963896 xiao_rx=245740491 queue_push=245740498 core_rx=39890333
1785753680.404274 BNO_CORE_EVENT kind=4 report_seq=162 uart_sequence=26403 sensor_raw=4294957996 sensor_converted=4294957996 xiao_rx=245750167 queue_push=245750175 core_rx=39903317
1785753680.407404 BNO_CORE_EVENT kind=2 report_seq=135 uart_sequence=26404 sensor_raw=4294957996 sensor_converted=4294957996 xiao_rx=245750194 queue_push=245750196 core_rx=39907302
1785753680.409031 BNO_CORE_EVENT kind=3 report_seq=67 uart_sequence=26405 sensor_raw=4294957996 sensor_converted=4294957996 xiao_rx=245750210 queue_push=245750212 core_rx=39908557
1785753680.411952 BNO_CORE_EVENT kind=1 report_seq=116 uart_sequence=26406 sensor_raw=4294962896 sensor_converted=4294962896 xiao_rx=245750223 queue_push=245750225 core_rx=39909663
1785753680.413494 BNO_CORE_EVENT kind=2 report_seq=136 uart_sequence=26407 sensor_raw=4294958696 sensor_converted=4294958696 xiao_rx=245755096 queue_push=245755098 core_rx=39910736
1785753680.416725 BNO_CORE_EVENT kind=5 report_seq=67 uart_sequence=26408 sensor_raw=4294958696 sensor_converted=4294958696 xiao_rx=245755110 queue_push=245755112 core_rx=39912691
1785753680.418247 BNO_CORE_EVENT kind=1 report_seq=117 uart_sequence=26410 sensor_raw=4294960696 sensor_converted=4294960696 xiao_rx=245755118 queue_push=245755120 core_rx=39914890
1785753680.421471 BNO_CORE_EVENT kind=2 report_seq=137 uart_sequence=26411 sensor_raw=4294963696 sensor_converted=4294963696 xiao_rx=245767209 queue_push=245767217 core_rx=39917307
1785753680.423086 BNO_CORE_EVENT kind=3 report_seq=68 uart_sequence=26412 sensor_raw=4294963696 sensor_converted=4294963696 xiao_rx=245767244 queue_push=245767246 core_rx=39919984
1785753680.424705 BNO_CORE_EVENT kind=1 report_seq=118 uart_sequence=26413 sensor_raw=4294963696 sensor_converted=4294963696 xiao_rx=245767256 queue_push=245767258 core_rx=39921250
1785753680.432188 BNO_CORE_EVENT kind=1 report_seq=119 uart_sequence=26416 sensor_raw=4294959796 sensor_converted=4294959796 xiao_rx=245775751 queue_push=245775757 core_rx=39933315
1785753680.435439 BNO_CORE_EVENT kind=2 report_seq=138 uart_sequence=26417 sensor_raw=4294961596 sensor_converted=4294961596 xiao_rx=245775781 queue_push=245775785 core_rx=39936024
1785753680.437457 BNO_CORE_EVENT kind=5 report_seq=68 uart_sequence=26418 sensor_raw=4294961596 sensor_converted=4294961596 xiao_rx=245775794 queue_push=245775796 core_rx=39937309
1785753680.438797 BNO_CORE_EVENT kind=1 report_seq=120 uart_sequence=26419 sensor_raw=4294958996 sensor_converted=4294958996 xiao_rx=245780308 queue_push=245780311 core_rx=39938404
1785753680.441939 BNO_CORE_EVENT kind=2 report_seq=139 uart_sequence=26421 sensor_raw=4294963296 sensor_converted=4294963296 xiao_rx=245780331 queue_push=245780334 core_rx=39941473
1785753680.443689 BNO_CORE_EVENT kind=3 report_seq=69 uart_sequence=26422 sensor_raw=4294963296 sensor_converted=4294963296 xiao_rx=245780346 queue_push=245780347 core_rx=39942596
1785753680.446317 BNO_CORE_EVENT kind=1 report_seq=121 uart_sequence=26423 sensor_raw=4294962196 sensor_converted=4294962196 xiao_rx=245784333 queue_push=245784336 core_rx=39943670
1785753680.449445 BNO_CORE_EVENT kind=4 report_seq=163 uart_sequence=26424 sensor_raw=4294962196 sensor_converted=4294962196 xiao_rx=245784349 queue_push=245784351 core_rx=39944737
1785753680.451059 BNO_CORE_EVENT kind=2 report_seq=140 uart_sequence=26425 sensor_raw=4294964096 sensor_converted=4294964096 xiao_rx=245793856 queue_push=245793864 core_rx=39947388
1785753680.452676 BNO_CORE_EVENT kind=5 report_seq=69 uart_sequence=26426 sensor_raw=4294954696 sensor_converted=4294954696 xiao_rx=245798112 queue_push=245798114 core_rx=39950040
1785753680.455910 BNO_CORE_EVENT kind=1 report_seq=122 uart_sequence=26427 sensor_raw=4294956496 sensor_converted=4294956496 xiao_rx=245798120 queue_push=245798122 core_rx=39951259
1785753680.457435 BNO_CORE_EVENT kind=1 report_seq=123 uart_sequence=26428 sensor_raw=4294964896 sensor_converted=4294964896 xiao_rx=245798129 queue_push=245798130 core_rx=39952323
1785753680.460073 BNO_CORE_EVENT kind=2 report_seq=141 uart_sequence=26431 sensor_raw=4294960596 sensor_converted=4294960596 xiao_rx=245806648 queue_push=245806655 core_rx=39960335
1785753680.462331 BNO_CORE_EVENT kind=3 report_seq=70 uart_sequence=26432 sensor_raw=4294960596 sensor_converted=4294960596 xiao_rx=245806678 queue_push=245806681 core_rx=39961585
1785753680.467260 BNO_CORE_EVENT kind=1 report_seq=124 uart_sequence=26434 sensor_raw=4294959996 sensor_converted=4294959996 xiao_rx=245815759 queue_push=245815766 core_rx=39968866
1785753680.470473 BNO_CORE_EVENT kind=2 report_seq=142 uart_sequence=26435 sensor_raw=4294962196 sensor_converted=4294962196 xiao_rx=245815790 queue_push=245815792 core_rx=39970506
1785753680.472002 BNO_CORE_EVENT kind=5 report_seq=70 uart_sequence=26436 sensor_raw=4294962196 sensor_converted=4294962196 xiao_rx=245815800 queue_push=245815801 core_rx=39972613
1785753680.473528 BNO_CORE_EVENT kind=1 report_seq=125 uart_sequence=26437 sensor_raw=4294959096 sensor_converted=4294959096 xiao_rx=245820222 queue_push=245820226 core_rx=39973795
1785753680.476752 BNO_CORE_EVENT kind=2 report_seq=143 uart_sequence=26438 sensor_raw=4294963096 sensor_converted=4294963096 xiao_rx=245820235 queue_push=245820237 core_rx=39974861
1785753680.478590 BNO_CORE_EVENT kind=3 report_seq=71 uart_sequence=26439 sensor_raw=4294963096 sensor_converted=4294963096 xiao_rx=245820247 queue_push=245820249 core_rx=39976460
1785753680.481813 BNO_CORE_EVENT kind=4 report_seq=164 uart_sequence=26441 sensor_raw=4294958596 sensor_converted=4294958596 xiao_rx=245830570 queue_push=245830579 core_rx=39980306
1785753680.483340 BNO_CORE_EVENT kind=1 report_seq=126 uart_sequence=26442 sensor_raw=4294961696 sensor_converted=4294961696 xiao_rx=245830605 queue_push=245830607 core_rx=39981574
1785753680.486665 BNO_CORE_EVENT kind=2 report_seq=144 uart_sequence=26443 sensor_raw=4294958296 sensor_converted=4294958296 xiao_rx=245836500 queue_push=245836507 core_rx=39986340
1785753680.488275 BNO_CORE_EVENT kind=5 report_seq=71 uart_sequence=26444 sensor_raw=4294958296 sensor_converted=4294958296 xiao_rx=245836524 queue_push=245836526 core_rx=39988944
1785753680.489889 BNO_CORE_EVENT kind=1 report_seq=127 uart_sequence=26445 sensor_raw=4294959296 sensor_converted=4294959296 xiao_rx=245836534 queue_push=245836536 core_rx=39990138
1785753680.503031 BNO_CORE_EVENT kind=1 report_seq=128 uart_sequence=26448 sensor_raw=4294961296 sensor_converted=4294961296 xiao_rx=245847646 queue_push=245847653 core_rx=40003318
1785753680.504558 BNO_CORE_EVENT kind=2 report_seq=145 uart_sequence=26449 sensor_raw=4294961996 sensor_converted=4294961996 xiao_rx=245847679 queue_push=245847682 core_rx=40006033
1785753680.506169 BNO_CORE_EVENT kind=3 report_seq=72 uart_sequence=26450 sensor_raw=4294961996 sensor_converted=4294961996 xiao_rx=245847693 queue_push=245847716 core_rx=40007336
1785753680.509304 BNO_CORE_EVENT kind=1 report_seq=129 uart_sequence=26451 sensor_raw=4294958596 sensor_converted=4294958596 xiao_rx=245854166 queue_push=245854169 core_rx=40008447
1785753680.511779 BNO_CORE_EVENT kind=2 report_seq=146 uart_sequence=26452 sensor_raw=4294961196 sensor_converted=4294961196 xiao_rx=245854178 queue_push=245854180 core_rx=40011087
1785753680.514922 BNO_CORE_EVENT kind=5 report_seq=72 uart_sequence=26453 sensor_raw=4294961196 sensor_converted=4294961196 xiao_rx=245854188 queue_push=245854189 core_rx=40012317
1785753680.516444 BNO_CORE_EVENT kind=1 report_seq=130 uart_sequence=26454 sensor_raw=4294965996 sensor_converted=4294965996 xiao_rx=245854197 queue_push=245854199 core_rx=40013384
1785753680.518047 BNO_CORE_EVENT kind=2 report_seq=147 uart_sequence=26457 sensor_raw=4294964196 sensor_converted=4294964196 xiao_rx=245866083 queue_push=245866092 core_rx=40019356
1785753680.521149 BNO_CORE_EVENT kind=3 report_seq=73 uart_sequence=26458 sensor_raw=4294964196 sensor_converted=4294964196 xiao_rx=245866123 queue_push=245866125 core_rx=40021964
1785753680.522761 BNO_CORE_EVENT kind=4 report_seq=165 uart_sequence=26459 sensor_raw=4294952596 sensor_converted=4294952596 xiao_rx=245870404 queue_push=245870406 core_rx=40023211
1785753680.524290 BNO_CORE_EVENT kind=1 report_seq=131 uart_sequence=26460 sensor_raw=4294955496 sensor_converted=4294955496 xiao_rx=245870416 queue_push=245870418 core_rx=40024294
1785753680.527525 BNO_CORE_EVENT kind=2 report_seq=148 uart_sequence=26461 sensor_raw=4294962896 sensor_converted=4294962896 xiao_rx=245870424 queue_push=245870426 core_rx=40027095
1785753680.539063 BNO_CORE_EVENT kind=5 report_seq=73 uart_sequence=26465 sensor_raw=4294958596 sensor_converted=4294958596 xiao_rx=245880628 queue_push=245880635 core_rx=40040327
1785753680.542132 BNO_CORE_EVENT kind=1 report_seq=132 uart_sequence=26466 sensor_raw=4294959096 sensor_converted=4294959096 xiao_rx=245880654 queue_push=245880656 core_rx=40042950
1785753680.543741 BNO_CORE_EVENT kind=1 report_seq=133 uart_sequence=26467 sensor_raw=4294956696 sensor_converted=4294956696 xiao_rx=245886684 queue_push=245886688 core_rx=40044118
1785753680.546554 BNO_CORE_EVENT kind=2 report_seq=149 uart_sequence=26468 sensor_raw=4294958296 sensor_converted=4294958296 xiao_rx=245886732 queue_push=245886735 core_rx=40045224
1785753680.549609 BNO_CORE_EVENT kind=3 report_seq=74 uart_sequence=26469 sensor_raw=4294958296 sensor_converted=4294958296 xiao_rx=245886746 queue_push=245886748 core_rx=40047086
1785753680.551126 BNO_CORE_EVENT kind=1 report_seq=134 uart_sequence=26470 sensor_raw=4294964696 sensor_converted=4294964696 xiao_rx=245886755 queue_push=245886756 core_rx=40048298
1785753680.554158 BNO_CORE_EVENT kind=2 report_seq=150 uart_sequence=26471 sensor_raw=4294961996 sensor_converted=4294961996 xiao_rx=245892348 queue_push=245892351 core_rx=40049373
1785753680.555673 BNO_CORE_EVENT kind=5 report_seq=74 uart_sequence=26472 sensor_raw=4294961996 sensor_converted=4294961996 xiao_rx=245892364 queue_push=245892366 core_rx=40050602
1785753680.558702 BNO_CORE_EVENT kind=1 report_seq=135 uart_sequence=26473 sensor_raw=4294966496 sensor_converted=4294966496 xiao_rx=245892372 queue_push=245892374 core_rx=40052224
1785753680.561333 BNO_CORE_EVENT kind=2 report_seq=151 uart_sequence=26474 sensor_raw=4294964796 sensor_converted=4294964796 xiao_rx=245903305 queue_push=245903312 core_rx=40053992
1785753680.563967 BNO_CORE_EVENT kind=3 report_seq=75 uart_sequence=26476 sensor_raw=4294955096 sensor_converted=4294955096 xiao_rx=245909282 queue_push=245909291 core_rx=40062293
1785753680.565571 BNO_CORE_EVENT kind=4 report_seq=166 uart_sequence=26477 sensor_raw=4294955396 sensor_converted=4294955396 xiao_rx=245909317 queue_push=245909319 core_rx=40064963
1785753680.568618 BNO_CORE_EVENT kind=1 report_seq=136 uart_sequence=26478 sensor_raw=4294957796 sensor_converted=4294957796 xiao_rx=245909329 queue_push=245909331 core_rx=40066189
1785753680.570223 BNO_CORE_EVENT kind=2 report_seq=152 uart_sequence=26479 sensor_raw=4294959696 sensor_converted=4294959696 xiao_rx=245914226 queue_push=245914229 core_rx=40067544
1785753680.571847 BNO_CORE_EVENT kind=5 report_seq=75 uart_sequence=26480 sensor_raw=4294959696 sensor_converted=4294959696 xiao_rx=245914239 queue_push=245914241 core_rx=40070089
1785753680.574997 BNO_CORE_EVENT kind=1 report_seq=137 uart_sequence=26481 sensor_raw=4294959796 sensor_converted=4294959796 xiao_rx=245914247 queue_push=245914249 core_rx=40071317
1785753680.576520 BNO_CORE_EVENT kind=1 report_seq=138 uart_sequence=26483 sensor_raw=4294963096 sensor_converted=4294963096 xiao_rx=245925784 queue_push=245925791 core_rx=40075304
1785753680.578948 BNO_CORE_EVENT kind=2 report_seq=153 uart_sequence=26484 sensor_raw=4294964096 sensor_converted=4294964096 xiao_rx=245925813 queue_push=245925816 core_rx=40077977
1785753680.580504 BNO_CORE_EVENT kind=3 report_seq=76 uart_sequence=26485 sensor_raw=4294964096 sensor_converted=4294964096 xiao_rx=245925828 queue_push=245925830 core_rx=40079204
1785753680.583714 XIAO UART baud=921600 rx=GPIO8 tx=GPIO9 bytes=751140 frames=2727 bytes_s=45120 frames_s=461 crc/cobs/len=0/0/0 seqgap=0 age_ms=1 type=2 log=1 q=34 rec=2763 final=0
1785753680.587002 RXDIAG max_us=8067 budget_hits=21 byte/frame/time=21/0/0 rx_buf_max=1040 loop_period_max_us=1179530 loop_exec_max_us=1172582 free_heap=133264 min_free_heap=132912 reset_reason=0 bno_kind_1to5_s=130/102/51/26/52 queue=37 high=44 drops=0
1785753680.591816 RXDETAIL service_calls=29602 service_bytes_avg=25 service_bytes_max=512 service_frames_avg=0 service_frames_avg_x1000=202 service_frames_max=7 service_bytes_s=44996 service_frames_s=459 rxbuf_full_obs=0 bno_valid=2129 bno_invalid=0 unknown=0 uart_overflow=framework_unavailable trial_rx_bytes=267432 trial_frames=2729 trial_bno=2129 trial_crc/cobs/len=0/0/0
1785753680.600357 RXTASK mode=dispatch read_calls=29604 zero_reads=24144 read_bytes_max=512 rx_task_max_us=8067 rx_task_continuous_max_us=8067 stack_hwm_min_bytes=3964 cobs_delimiters=5991 rx_current=0 rx_max=1040 rx_full=0 overflow=framework_unavailable
1785753680.601892 SDTASK max_process_us=96927
1785753680.612380 BNO_CORE_EVENT kind=1 report_seq=139 uart_sequence=26488 sensor_raw=4294959496 sensor_converted=4294959496 xiao_rx=245935126 queue_push=245935133 core_rx=40091401
1785753680.621494 BNO_CORE_EVENT kind=2 report_seq=154 uart_sequence=26489 sensor_raw=4294962896 sensor_converted=4294962896 xiao_rx=245935156 queue_push=245935159 core_rx=40093514
1785753680.630385 BNO_CORE_EVENT kind=5 report_seq=76 uart_sequence=26490 sensor_raw=4294962896 sensor_converted=4294962896 xiao_rx=245935166 queue_push=245935168 core_rx=40094856
1785753680.638320 BNO_CORE_EVENT kind=1 report_seq=140 uart_sequence=26491 sensor_raw=4294957696 sensor_converted=4294957696 xiao_rx=245939626 queue_push=245939630 core_rx=40096290
1785753680.647222 BNO_CORE_EVENT kind=2 report_seq=155 uart_sequence=26493 sensor_raw=4294963696 sensor_converted=4294963696 xiao_rx=245939642 queue_push=245939644 core_rx=40098119
1785753680.655145 BNO_CORE_EVENT kind=3 report_seq=77 uart_sequence=26494 sensor_raw=4294963696 sensor_converted=4294963696 xiao_rx=245939655 queue_push=245939657 core_rx=40099698
1785753680.663833 BNO_CORE_EVENT kind=4 report_seq=167 uart_sequence=26496 sensor_raw=4294959096 sensor_converted=4294959096 xiao_rx=245952360 queue_push=245952369 core_rx=40102903
1785753680.673133 BNO_CORE_EVENT kind=1 report_seq=141 uart_sequence=26497 sensor_raw=4294960896 sensor_converted=4294960896 xiao_rx=245952400 queue_push=245952402 core_rx=40104196
1785753680.683397 BNO_CORE_EVENT kind=1 report_seq=142 uart_sequence=26499 sensor_raw=4294956096 sensor_converted=4294956096 xiao_rx=245959203 queue_push=245959214 core_rx=40117295
1785753680.692494 BNO_CORE_EVENT kind=2 report_seq=156 uart_sequence=26500 sensor_raw=4294956096 sensor_converted=4294956096 xiao_rx=245959246 queue_push=245959249 core_rx=40120317
1785753680.702773 BNO_CORE_EVENT kind=5 report_seq=77 uart_sequence=26501 sensor_raw=4294956096 sensor_converted=4294956096 xiao_rx=245959258 queue_push=245959260 core_rx=40121495
1785753680.711975 BNO_CORE_EVENT kind=1 report_seq=143 uart_sequence=26502 sensor_raw=4294963796 sensor_converted=4294963796 xiao_rx=245959269 queue_push=245959271 core_rx=40123151
1785753680.719250 BNO_CORE_EVENT kind=2 report_seq=157 uart_sequence=26503 sensor_raw=4294959296 sensor_converted=4294959296 xiao_rx=245964995 queue_push=245965000 core_rx=40124344
1785753680.728582 BNO_CORE_EVENT kind=3 report_seq=78 uart_sequence=26504 sensor_raw=4294959296 sensor_converted=4294959296 xiao_rx=245965024 queue_push=245965027 core_rx=40125948
1785753680.735452 BNO_CORE_EVENT kind=1 report_seq=144 uart_sequence=26505 sensor_raw=4294965296 sensor_converted=4294965296 xiao_rx=245965034 queue_push=245965036 core_rx=40127153
1785753680.743454 BNO_CORE_EVENT kind=2 report_seq=158 uart_sequence=26506 sensor_raw=4294963496 sensor_converted=4294963496 xiao_rx=245969072 queue_push=245969079 core_rx=40128218
1785753680.752362 BNO_CORE_EVENT kind=5 report_seq=78 uart_sequence=26507 sensor_raw=4294963496 sensor_converted=4294963496 xiao_rx=245969101 queue_push=245969103 core_rx=40129740
1785753680.761964 BNO_CORE_EVENT kind=1 report_seq=145 uart_sequence=26510 sensor_raw=4294964096 sensor_converted=4294964096 xiao_rx=245982280 queue_push=245982287 core_rx=40136573
1785753680.769670 BNO_CORE_EVENT kind=2 report_seq=159 uart_sequence=26513 sensor_raw=4294956196 sensor_converted=4294956196 xiao_rx=245993109 queue_push=245993116 core_rx=40146351
1785753680.776050 BNO_CORE_EVENT kind=3 report_seq=79 uart_sequence=26514 sensor_raw=4294956196 sensor_converted=4294956196 xiao_rx=245993142 queue_push=245993143 core_rx=40148937
1785753680.783537 BNO_CORE_EVENT kind=4 report_seq=168 uart_sequence=26515 sensor_raw=4294956196 sensor_converted=4294956196 xiao_rx=245993151 queue_push=245993153 core_rx=40150118
1785753680.792691 BNO_CORE_EVENT kind=1 report_seq=146 uart_sequence=26516 sensor_raw=4294957596 sensor_converted=4294957596 xiao_rx=245993161 queue_push=245993162 core_rx=40151218
1785753680.801250 BNO_CORE_EVENT kind=1 report_seq=147 uart_sequence=26517 sensor_raw=4294965596 sensor_converted=4294965596 xiao_rx=245993169 queue_push=245993170 core_rx=40152620
1785753680.808851 BNO_CORE_EVENT kind=2 report_seq=160 uart_sequence=26518 sensor_raw=4294955396 sensor_converted=4294955396 xiao_rx=245997430 queue_push=245997431 core_rx=40153877
1785753680.812934 BNO_CORE_EVENT kind=5 report_seq=79 uart_sequence=26519 sensor_raw=4294955396 sensor_converted=4294955396 xiao_rx=245997439 queue_push=245997441 core_rx=40155007
1785753680.816185 BNO_CORE_EVENT kind=1 report_seq=148 uart_sequence=26520 sensor_raw=4294962996 sensor_converted=4294962996 xiao_rx=245997448 queue_push=245997449 core_rx=40156198
1785753680.820920 BNO_CORE_EVENT kind=2 report_seq=161 uart_sequence=26522 sensor_raw=4294961096 sensor_converted=4294961096 xiao_rx=246012739 queue_push=246012747 core_rx=40162286
1785753680.824157 BNO_CORE_EVENT kind=3 report_seq=80 uart_sequence=26523 sensor_raw=4294961096 sensor_converted=4294961096 xiao_rx=246012774 queue_push=246012776 core_rx=40164994
1785753680.827905 BNO_CORE_EVENT kind=1 report_seq=149 uart_sequence=26524 sensor_raw=4294966496 sensor_converted=4294966496 xiao_rx=246012787 queue_push=246012789 core_rx=40166260
1785753680.830056 BNO_CORE_EVENT kind=2 report_seq=162 uart_sequence=26526 sensor_raw=4294956096 sensor_converted=4294956096 xiao_rx=246021625 queue_push=246021633 core_rx=40171346
1785753680.831579 BNO_CORE_EVENT kind=5 report_seq=80 uart_sequence=26527 sensor_raw=4294956096 sensor_converted=4294956096 xiao_rx=246021661 queue_push=246021663 core_rx=40173943
1785753680.834610 BNO_CORE_EVENT kind=1 report_seq=150 uart_sequence=26528 sensor_raw=4294959196 sensor_converted=4294959196 xiao_rx=246021669 queue_push=246021671 core_rx=40175072
1785753680.836127 BNO_CORE_EVENT kind=2 report_seq=163 uart_sequence=26529 sensor_raw=4294956896 sensor_converted=4294956896 xiao_rx=246031178 queue_push=246031186 core_rx=40185352
1785753680.839158 BNO_CORE_EVENT kind=3 report_seq=81 uart_sequence=26530 sensor_raw=4294956896 sensor_converted=4294956896 xiao_rx=246031214 queue_push=246031215 core_rx=40187960
1785753680.840674 BNO_CORE_EVENT kind=4 report_seq=169 uart_sequence=26531 sensor_raw=4294956896 sensor_converted=4294956896 xiao_rx=246031223 queue_push=246031225 core_rx=40189189
1785753680.843709 BNO_CORE_EVENT kind=1 report_seq=151 uart_sequence=26532 sensor_raw=4294958096 sensor_converted=4294958096 xiao_rx=246031235 queue_push=246031236 core_rx=40190298
1785753680.847829 BNO_CORE_EVENT kind=1 report_seq=152 uart_sequence=26533 sensor_raw=4294965996 sensor_converted=4294965996 xiao_rx=246031243 queue_push=246031245 core_rx=40191398
1785753680.850989 BNO_CORE_EVENT kind=2 report_seq=164 uart_sequence=26535 sensor_raw=4294957096 sensor_converted=4294957096 xiao_rx=246035485 queue_push=246035487 core_rx=40196035
1785753680.855889 BNO_CORE_EVENT kind=5 report_seq=81 uart_sequence=26536 sensor_raw=4294957096 sensor_converted=4294957096 xiao_rx=246035494 queue_push=246035496 core_rx=40197245
1785753680.859026 BNO_CORE_EVENT kind=1 report_seq=153 uart_sequence=26537 sensor_raw=4294964396 sensor_converted=4294964396 xiao_rx=246035503 queue_push=246035504 core_rx=40198300
1785753680.861852 BNO_CORE_EVENT kind=2 report_seq=165 uart_sequence=26540 sensor_raw=4294962996 sensor_converted=4294962996 xiao_rx=246052842 queue_push=246052851 core_rx=40203538
1785753680.865053 BNO_CORE_EVENT kind=3 report_seq=82 uart_sequence=26541 sensor_raw=4294962996 sensor_converted=4294962996 xiao_rx=246052878 queue_push=246052880 core_rx=40205975
1785753680.866665 BNO_CORE_EVENT kind=1 report_seq=154 uart_sequence=26543 sensor_raw=4294951196 sensor_converted=4294951196 xiao_rx=246061768 queue_push=246061775 core_rx=40210306
1785753680.868275 BNO_CORE_EVENT kind=2 report_seq=166 uart_sequence=26544 sensor_raw=4294955996 sensor_converted=4294955996 xiao_rx=246061799 queue_push=246061802 core_rx=40212972
1785753680.871491 BNO_CORE_EVENT kind=5 report_seq=82 uart_sequence=26545 sensor_raw=4294955996 sensor_converted=4294955996 xiao_rx=246061809 queue_push=246061810 core_rx=40214195
1785753680.873014 BNO_CORE_EVENT kind=1 report_seq=155 uart_sequence=26546 sensor_raw=4294958696 sensor_converted=4294958696 xiao_rx=246061817 queue_push=246061819 core_rx=40215260
1785753680.874542 BNO_CORE_EVENT kind=2 report_seq=167 uart_sequence=26548 sensor_raw=4294956896 sensor_converted=4294956896 xiao_rx=246072425 queue_push=246072433 core_rx=40222363
1785753680.877766 BNO_CORE_EVENT kind=3 report_seq=83 uart_sequence=26549 sensor_raw=4294956896 sensor_converted=4294956896 xiao_rx=246072460 queue_push=246072461 core_rx=40224969
1785753680.880459 BNO_CORE_EVENT kind=4 report_seq=170 uart_sequence=26550 sensor_raw=4294956896 sensor_converted=4294956896 xiao_rx=246072469 queue_push=246072471 core_rx=40226160
1785753680.883613 BNO_CORE_EVENT kind=1 report_seq=156 uart_sequence=26551 sensor_raw=4294957596 sensor_converted=4294957596 xiao_rx=246072480 queue_push=246072482 core_rx=40227235
1785753680.885241 BNO_CORE_EVENT kind=1 report_seq=157 uart_sequence=26552 sensor_raw=4294965496 sensor_converted=4294965496 xiao_rx=246072489 queue_push=246072490 core_rx=40228301
1785753680.886777 BNO_CORE_EVENT kind=2 report_seq=168 uart_sequence=26554 sensor_raw=4294955796 sensor_converted=4294955796 xiao_rx=246082529 queue_push=246082537 core_rx=40232300
1785753680.889940 BNO_CORE_EVENT kind=5 report_seq=83 uart_sequence=26555 sensor_raw=4294955796 sensor_converted=4294955796 xiao_rx=246082564 queue_push=246082565 core_rx=40234996
1785753680.891468 BNO_CORE_EVENT kind=1 report_seq=158 uart_sequence=26556 sensor_raw=4294962696 sensor_converted=4294962696 xiao_rx=246082572 queue_push=246082573 core_rx=40236254
1785753680.894520 BNO_CORE_EVENT kind=2 report_seq=169 uart_sequence=26558 sensor_raw=4294955896 sensor_converted=4294955896 xiao_rx=246090290 queue_push=246090298 core_rx=40244333
1785753680.896953 BNO_CORE_EVENT kind=3 report_seq=84 uart_sequence=26559 sensor_raw=4294955896 sensor_converted=4294955896 xiao_rx=246090326 queue_push=246090328 core_rx=40246560
1785753680.900015 BNO_CORE_EVENT kind=1 report_seq=159 uart_sequence=26560 sensor_raw=4294960996 sensor_converted=4294960996 xiao_rx=246090339 queue_push=246090341 core_rx=40248146
1785753680.901578 BNO_CORE_EVENT kind=2 report_seq=170 uart_sequence=26561 sensor_raw=4294958196 sensor_converted=4294958196 xiao_rx=246095232 queue_push=246095233 core_rx=40249304
1785753680.903196 BNO_CORE_EVENT kind=5 report_seq=84 uart_sequence=26562 sensor_raw=4294958196 sensor_converted=4294958196 xiao_rx=246095241 queue_push=246095242 core_rx=40250430
1785753680.906263 BNO_CORE_EVENT kind=1 report_seq=160 uart_sequence=26563 sensor_raw=4294960896 sensor_converted=4294960896 xiao_rx=246095249 queue_push=246095251 core_rx=40252749
1785753680.907799 BNO_CORE_EVENT kind=2 report_seq=171 uart_sequence=26567 sensor_raw=4294963096 sensor_converted=4294963096 xiao_rx=246110977 queue_push=246110985 core_rx=40274320
1785753680.910938 BNO_CORE_EVENT kind=3 report_seq=85 uart_sequence=26568 sensor_raw=4294963096 sensor_converted=4294963096 xiao_rx=246111012 queue_push=246111014 core_rx=40276970
1785753680.913724 BNO_CORE_EVENT kind=4 report_seq=171 uart_sequence=26569 sensor_raw=4294947496 sensor_converted=4294947496 xiao_rx=246118641 queue_push=246118644 core_rx=40278138
1785753680.915241 BNO_CORE_EVENT kind=1 report_seq=161 uart_sequence=26570 sensor_raw=4294947996 sensor_converted=4294947996 xiao_rx=246118655 queue_push=246118657 core_rx=40279233
1785753680.918299 BNO_CORE_EVENT kind=1 report_seq=162 uart_sequence=26571 sensor_raw=4294956296 sensor_converted=4294956296 xiao_rx=246118663 queue_push=246118665 core_rx=40280308
1785753680.919825 BNO_CORE_EVENT kind=2 report_seq=172 uart_sequence=26572 sensor_raw=4294957896 sensor_converted=4294957896 xiao_rx=246118671 queue_push=246118673 core_rx=40282759
1785753680.922888 BNO_CORE_EVENT kind=5 report_seq=85 uart_sequence=26573 sensor_raw=4294957896 sensor_converted=4294957896 xiao_rx=246118680 queue_push=246118682 core_rx=40284062
1785753680.924647 BNO_CORE_EVENT kind=1 report_seq=163 uart_sequence=26574 sensor_raw=4294964296 sensor_converted=4294964296 xiao_rx=246118688 queue_push=246118690 core_rx=40285160
1785753680.926265 BNO_CORE_EVENT kind=2 report_seq=173 uart_sequence=26575 sensor_raw=4294960596 sensor_converted=4294960596 xiao_rx=246124497 queue_push=246124501 core_rx=40286237
1785753680.930673 BNO_CORE_EVENT kind=3 report_seq=86 uart_sequence=26576 sensor_raw=4294960596 sensor_converted=4294960596 xiao_rx=246124512 queue_push=246124514 core_rx=40287298
1785753680.933898 BNO_CORE_EVENT kind=1 report_seq=164 uart_sequence=26577 sensor_raw=4294963996 sensor_converted=4294963996 xiao_rx=246124520 queue_push=246124522 core_rx=40288361
1785753680.938734 BNO_CORE_EVENT kind=2 report_seq=174 uart_sequence=26579 sensor_raw=4294963896 sensor_converted=4294963896 xiao_rx=246137863 queue_push=246137871 core_rx=40300298
1785753680.941860 BNO_CORE_EVENT kind=5 report_seq=86 uart_sequence=26580 sensor_raw=4294951196 sensor_converted=4294951196 xiao_rx=246146155 queue_push=246146157 core_rx=40302986
1785753680.945870 BNO_CORE_EVENT kind=1 report_seq=165 uart_sequence=26581 sensor_raw=4294953496 sensor_converted=4294953496 xiao_rx=246146166 queue_push=246146168 core_rx=40304273
1785753680.948853 BNO_CORE_EVENT kind=1 report_seq=166 uart_sequence=26582 sensor_raw=4294961596 sensor_converted=4294961596 xiao_rx=246146174 queue_push=246146176 core_rx=40305374
1785753680.953624 BNO_CORE_EVENT kind=2 report_seq=175 uart_sequence=26583 sensor_raw=4294961596 sensor_converted=4294961596 xiao_rx=246146183 queue_push=246146185 core_rx=40308053
1785753680.956833 BNO_CORE_EVENT kind=3 report_seq=87 uart_sequence=26584 sensor_raw=4294961596 sensor_converted=4294961596 xiao_rx=246146196 queue_push=246146198 core_rx=40309234
1785753680.959620 BNO_CORE_EVENT kind=4 report_seq=172 uart_sequence=26585 sensor_raw=4294961596 sensor_converted=4294961596 xiao_rx=246146206 queue_push=246146208 core_rx=40310343
1785753680.962380 BNO_CORE_EVENT kind=1 report_seq=167 uart_sequence=26586 sensor_raw=4294960796 sensor_converted=4294960796 xiao_rx=246151097 queue_push=246151099 core_rx=40311448
1785753680.963909 BNO_CORE_EVENT kind=2 report_seq=176 uart_sequence=26587 sensor_raw=4294962196 sensor_converted=4294962196 xiao_rx=246151112 queue_push=246151114 core_rx=40312549
1785753680.966967 BNO_CORE_EVENT kind=5 report_seq=87 uart_sequence=26588 sensor_raw=4294962196 sensor_converted=4294962196 xiao_rx=246151122 queue_push=246151123 core_rx=40313622
1785753680.968529 BNO_CORE_EVENT kind=1 report_seq=168 uart_sequence=26592 sensor_raw=4294963096 sensor_converted=4294963096 xiao_rx=246168270 queue_push=246168276 core_rx=40320565
1785753680.970072 BNO_CORE_EVENT kind=2 report_seq=177 uart_sequence=26596 sensor_raw=4294949996 sensor_converted=4294949996 xiao_rx=246177752 queue_push=246177760 core_rx=40337318
1785753680.973295 BNO_CORE_EVENT kind=3 report_seq=88 uart_sequence=26597 sensor_raw=4294949996 sensor_converted=4294949996 xiao_rx=246177787 queue_push=246177788 core_rx=40340023
1785753680.974897 BNO_CORE_EVENT kind=1 report_seq=169 uart_sequence=26598 sensor_raw=4294953796 sensor_converted=4294953796 xiao_rx=246177799 queue_push=246177800 core_rx=40341302
1785753680.976507 BNO_CORE_EVENT kind=2 report_seq=178 uart_sequence=26599 sensor_raw=4294960496 sensor_converted=4294960496 xiao_rx=246177807 queue_push=246177809 core_rx=40342433
1785753680.979435 BNO_CORE_EVENT kind=5 report_seq=88 uart_sequence=26600 sensor_raw=4294960496 sensor_converted=4294960496 xiao_rx=246177816 queue_push=246177818 core_rx=40345082
1785753680.982510 BNO_CORE_EVENT kind=1 report_seq=170 uart_sequence=26601 sensor_raw=4294961796 sensor_converted=4294961796 xiao_rx=246177824 queue_push=246177826 core_rx=40346252
1785753680.984036 BNO_CORE_EVENT kind=1 report_seq=171 uart_sequence=26602 sensor_raw=4294960896 sensor_converted=4294960896 xiao_rx=246183763 queue_push=246183769 core_rx=40347324
1785753680.987088 BNO_CORE_EVENT kind=2 report_seq=179 uart_sequence=26603 sensor_raw=4294960896 sensor_converted=4294960896 xiao_rx=246183793 queue_push=246183795 core_rx=40348392
1785753680.988616 BNO_CORE_EVENT kind=3 report_seq=89 uart_sequence=26604 sensor_raw=4294960896 sensor_converted=4294960896 xiao_rx=246183803 queue_push=246183805 core_rx=40349502
1785753680.991685 BNO_CORE_EVENT kind=4 report_seq=173 uart_sequence=26605 sensor_raw=4294960896 sensor_converted=4294960896 xiao_rx=246183813 queue_push=246183815 core_rx=40350591
1785753680.993253 BNO_CORE_EVENT kind=1 report_seq=172 uart_sequence=26606 sensor_raw=4294962396 sensor_converted=4294962396 xiao_rx=246187187 queue_push=246187192 core_rx=40353331
1785753680.995801 BNO_CORE_EVENT kind=2 report_seq=180 uart_sequence=26607 sensor_raw=4294964696 sensor_converted=4294964696 xiao_rx=246187208 queue_push=246187210 core_rx=40354605
1785753680.999215 BNO_CORE_EVENT kind=5 report_seq=89 uart_sequence=26609 sensor_raw=4294961296 sensor_converted=4294961296 xiao_rx=246203871 queue_push=246203878 core_rx=40359377
1785753681.000826 BNO_CORE_EVENT kind=1 report_seq=173 uart_sequence=26610 sensor_raw=4294966696 sensor_converted=4294966696 xiao_rx=246203899 queue_push=246203901 core_rx=40360712
1785753681.003937 BNO_CORE_EVENT kind=2 report_seq=181 uart_sequence=26611 sensor_raw=4294955596 sensor_converted=4294955596 xiao_rx=246208339 queue_push=246208342 core_rx=40361795
1785753681.006980 BNO_CORE_EVENT kind=3 report_seq=90 uart_sequence=26612 sensor_raw=4294955596 sensor_converted=4294955596 xiao_rx=246208354 queue_push=246208356 core_rx=40362866
1785753681.010075 BNO_CORE_EVENT kind=1 report_seq=174 uart_sequence=26613 sensor_raw=4294958696 sensor_converted=4294958696 xiao_rx=246208362 queue_push=246208364 core_rx=40365089
1785753681.013111 BNO_CORE_EVENT kind=2 report_seq=182 uart_sequence=26615 sensor_raw=4294959996 sensor_converted=4294959996 xiao_rx=246218254 queue_push=246218263 core_rx=40373330
1785753681.014118 BNO_CORE_EVENT kind=5 report_seq=90 uart_sequence=26616 sensor_raw=4294959996 sensor_converted=4294959996 xiao_rx=246218291 queue_push=246218293 core_rx=40376001
1785753681.017228 BNO_CORE_EVENT kind=1 report_seq=175 uart_sequence=26617 sensor_raw=4294961396 sensor_converted=4294961396 xiao_rx=246218299 queue_push=246218301 core_rx=40377256
1785753681.018753 BNO_CORE_EVENT kind=1 report_seq=176 uart_sequence=26618 sensor_raw=4294959796 sensor_converted=4294959796 xiao_rx=246223620 queue_push=246223623 core_rx=40378352
1785753681.021890 BNO_CORE_EVENT kind=2 report_seq=183 uart_sequence=26619 sensor_raw=4294960096 sensor_converted=4294960096 xiao_rx=246223633 queue_push=246223635 core_rx=40379437
1785753681.023418 BNO_CORE_EVENT kind=3 report_seq=91 uart_sequence=26620 sensor_raw=4294960096 sensor_converted=4294960096 xiao_rx=246223645 queue_push=246223647 core_rx=40381762
1785753681.026462 BNO_CORE_EVENT kind=4 report_seq=174 uart_sequence=26621 sensor_raw=4294960096 sensor_converted=4294960096 xiao_rx=246223654 queue_push=246223656 core_rx=40383066
1785753681.030415 BNO_CORE_EVENT kind=1 report_seq=177 uart_sequence=26625 sensor_raw=4294961896 sensor_converted=4294961896 xiao_rx=246235681 queue_push=246235688 core_rx=40392370
1785753681.031941 BNO_CORE_EVENT kind=2 report_seq=184 uart_sequence=26626 sensor_raw=4294964596 sensor_converted=4294964596 xiao_rx=246236831 queue_push=246236834 core_rx=40394996
1785753681.035000 BNO_CORE_EVENT kind=5 report_seq=91 uart_sequence=26627 sensor_raw=4294952696 sensor_converted=4294952696 xiao_rx=246243248 queue_push=246243250 core_rx=40396145
1785753681.036522 BNO_CORE_EVENT kind=1 report_seq=178 uart_sequence=26628 sensor_raw=4294958296 sensor_converted=4294958296 xiao_rx=246243264 queue_push=246243266 core_rx=40397208
1785753681.039580 BNO_CORE_EVENT kind=2 report_seq=185 uart_sequence=26629 sensor_raw=4294963096 sensor_converted=4294963096 xiao_rx=246243273 queue_push=246243275 core_rx=40399111
1785753681.041103 BNO_CORE_EVENT kind=3 report_seq=92 uart_sequence=26630 sensor_raw=4294963096 sensor_converted=4294963096 xiao_rx=246243286 queue_push=246243288 core_rx=40400319
1785753681.042662 BNO_CORE_EVENT kind=1 report_seq=179 uart_sequence=26631 sensor_raw=4294958196 sensor_converted=4294958196 xiao_rx=246251801 queue_push=246251808 core_rx=40401868
1785753681.046913 BNO_CORE_EVENT kind=2 report_seq=186 uart_sequence=26632 sensor_raw=4294956496 sensor_converted=4294956496 xiao_rx=246257987 queue_push=246257993 core_rx=40406321
1785753681.050011 BNO_CORE_EVENT kind=5 report_seq=92 uart_sequence=26633 sensor_raw=4294956496 sensor_converted=4294956496 xiao_rx=246258014 queue_push=246258016 core_rx=40408985
1785753681.054593 BNO_CORE_EVENT kind=1 report_seq=180 uart_sequence=26634 sensor_raw=4294957396 sensor_converted=4294957396 xiao_rx=246258024 queue_push=246258025 core_rx=40410286
1785753681.057646 BNO_CORE_EVENT kind=1 report_seq=181 uart_sequence=26635 sensor_raw=4294965196 sensor_converted=4294965196 xiao_rx=246258032 queue_push=246258034 core_rx=40411364
1785753681.061940 BNO_CORE_EVENT kind=4 report_seq=175 uart_sequence=26637 sensor_raw=4294960396 sensor_converted=4294960396 xiao_rx=246267135 queue_push=246267143 core_rx=40417333
1785753681.064990 BNO_CORE_EVENT kind=2 report_seq=187 uart_sequence=26638 sensor_raw=4294960396 sensor_converted=4294960396 xiao_rx=246267158 queue_push=246267161 core_rx=40418621
1785753681.066507 BNO_CORE_EVENT kind=3 report_seq=93 uart_sequence=26639 sensor_raw=4294960396 sensor_converted=4294960396 xiao_rx=246267173 queue_push=246267175 core_rx=40420646
1785753681.069539 BNO_CORE_EVENT kind=1 report_seq=182 uart_sequence=26644 sensor_raw=4294957996 sensor_converted=4294957996 xiao_rx=246278878 queue_push=246278885 core_rx=40440322
1785753681.071053 BNO_CORE_EVENT kind=2 report_seq=188 uart_sequence=26645 sensor_raw=4294961596 sensor_converted=4294961596 xiao_rx=246278912 queue_push=246278915 core_rx=40442987
1785753681.072567 BNO_CORE_EVENT kind=5 report_seq=93 uart_sequence=26646 sensor_raw=4294961596 sensor_converted=4294961596 xiao_rx=246278922 queue_push=246278923 core_rx=40444265
1785753681.075599 BNO_CORE_EVENT kind=1 report_seq=183 uart_sequence=26647 sensor_raw=4294965796 sensor_converted=4294965796 xiao_rx=246278930 queue_push=246278931 core_rx=40445377
1785753681.078443 BNO_CORE_EVENT kind=2 report_seq=189 uart_sequence=26648 sensor_raw=4294959796 sensor_converted=4294959796 xiao_rx=246284692 queue_push=246284716 core_rx=40448059
1785753681.081055 BNO_CORE_EVENT kind=3 report_seq=94 uart_sequence=26649 sensor_raw=4294959796 sensor_converted=4294959796 xiao_rx=246284729 queue_push=246284731 core_rx=40449243
1785753681.084097 BNO_CORE_EVENT kind=1 report_seq=184 uart_sequence=26650 sensor_raw=4294961896 sensor_converted=4294961896 xiao_rx=246284737 queue_push=246284739 core_rx=40450304
1785753681.085613 BNO_CORE_EVENT kind=2 report_seq=190 uart_sequence=26651 sensor_raw=4294963896 sensor_converted=4294963896 xiao_rx=246288092 queue_push=246288095 core_rx=40451401
1785753681.088647 BNO_CORE_EVENT kind=5 report_seq=94 uart_sequence=26652 sensor_raw=4294963896 sensor_converted=4294963896 xiao_rx=246288116 queue_push=246288117 core_rx=40452495
1785753681.090163 BNO_CORE_EVENT kind=1 report_seq=185 uart_sequence=26653 sensor_raw=4294960796 sensor_converted=4294960796 xiao_rx=246291940 queue_push=246291946 core_rx=40453562
1785753681.091680 BNO_CORE_EVENT kind=1 report_seq=186 uart_sequence=26656 sensor_raw=4294964796 sensor_converted=4294964796 xiao_rx=246304865 queue_push=246304872 core_rx=40463349
1785753681.096092 BNO_CORE_EVENT kind=2 report_seq=191 uart_sequence=26657 sensor_raw=4294954496 sensor_converted=4294954496 xiao_rx=246311126 queue_push=246311128 core_rx=40465946
1785753681.097676 BNO_CORE_EVENT kind=3 report_seq=95 uart_sequence=26658 sensor_raw=4294954496 sensor_converted=4294954496 xiao_rx=246311142 queue_push=246311143 core_rx=40467113
1785753681.100901 BNO_CORE_EVENT kind=4 report_seq=176 uart_sequence=26659 sensor_raw=4294954496 sensor_converted=4294954496 xiao_rx=246311151 queue_push=246311153 core_rx=40468217
1785753681.102428 BNO_CORE_EVENT kind=1 report_seq=187 uart_sequence=26660 sensor_raw=4294961296 sensor_converted=4294961296 xiao_rx=246311159 queue_push=246311161 core_rx=40469803
1785753681.104036 BNO_CORE_EVENT kind=2 report_seq=192 uart_sequence=26661 sensor_raw=4294964896 sensor_converted=4294964896 xiao_rx=246311167 queue_push=246311169 core_rx=40471076
1785753681.107293 BNO_CORE_EVENT kind=5 report_seq=95 uart_sequence=26662 sensor_raw=4294957596 sensor_converted=4294957596 xiao_rx=246314537 queue_push=246314539 core_rx=40472172
1785753681.108916 BNO_CORE_EVENT kind=1 report_seq=188 uart_sequence=26663 sensor_raw=4294961396 sensor_converted=4294961396 xiao_rx=246314549 queue_push=246314551 core_rx=40473235
1785753681.112127 BNO_CORE_EVENT kind=2 report_seq=193 uart_sequence=26666 sensor_raw=4294964196 sensor_converted=4294964196 xiao_rx=246327265 queue_push=246327273 core_rx=40486151
1785753681.115176 BNO_CORE_EVENT kind=3 report_seq=96 uart_sequence=26667 sensor_raw=4294964196 sensor_converted=4294964196 xiao_rx=246327300 queue_push=246327302 core_rx=40487443
1785753681.116688 BNO_CORE_EVENT kind=1 report_seq=189 uart_sequence=26668 sensor_raw=4294953396 sensor_converted=4294953396 xiao_rx=246333813 queue_push=246333815 core_rx=40488569
1785753681.119708 BNO_CORE_EVENT kind=1 report_seq=190 uart_sequence=26669 sensor_raw=4294961696 sensor_converted=4294961696 xiao_rx=246333822 queue_push=246333823 core_rx=40491240
1785753681.121219 BNO_CORE_EVENT kind=2 report_seq=194 uart_sequence=26670 sensor_raw=4294961696 sensor_converted=4294961696 xiao_rx=246333830 queue_push=246333831 core_rx=40492385
1785753681.124241 BNO_CORE_EVENT kind=5 report_seq=96 uart_sequence=26671 sensor_raw=4294961696 sensor_converted=4294961696 xiao_rx=246333838 queue_push=246333840 core_rx=40493470
1785753681.125918 BNO_CORE_EVENT kind=1 report_seq=191 uart_sequence=26672 sensor_raw=4294962796 sensor_converted=4294962796 xiao_rx=246345805 queue_push=246345812 core_rx=40502327
1785753681.129215 BNO_CORE_EVENT kind=2 report_seq=195 uart_sequence=26673 sensor_raw=4294964596 sensor_converted=4294964596 xiao_rx=246345838 queue_push=246345841 core_rx=40504972
1785753681.130749 BNO_CORE_EVENT kind=3 report_seq=97 uart_sequence=26674 sensor_raw=4294964596 sensor_converted=4294964596 xiao_rx=246345852 queue_push=246345853 core_rx=40506141
1785753681.133816 BNO_CORE_EVENT kind=4 report_seq=177 uart_sequence=26675 sensor_raw=4294952896 sensor_converted=4294952896 xiao_rx=246353220 queue_push=246353224 core_rx=40507240
1785753681.135346 BNO_CORE_EVENT kind=1 report_seq=192 uart_sequence=26676 sensor_raw=4294958696 sensor_converted=4294958696 xiao_rx=246353232 queue_push=246353234 core_rx=40508630
1785753681.138408 BNO_CORE_EVENT kind=2 report_seq=196 uart_sequence=26677 sensor_raw=4294962896 sensor_converted=4294962896 xiao_rx=246353241 queue_push=246353243 core_rx=40509751
1785753681.139935 BNO_CORE_EVENT kind=5 report_seq=97 uart_sequence=26678 sensor_raw=4294962896 sensor_converted=4294962896 xiao_rx=246353250 queue_push=246353252 core_rx=40510816
1785753681.142820 BNO_CORE_EVENT kind=1 report_seq=193 uart_sequence=26679 sensor_raw=4294966296 sensor_converted=4294966296 xiao_rx=246353258 queue_push=246353260 core_rx=40511921
1785753681.144345 BNO_CORE_EVENT kind=2 report_seq=197 uart_sequence=26681 sensor_raw=4294964596 sensor_converted=4294964596 xiao_rx=246363425 queue_push=246363431 core_rx=40515326
1785753681.147331 BNO_CORE_EVENT kind=3 report_seq=98 uart_sequence=26684 sensor_raw=4294955296 sensor_converted=4294955296 xiao_rx=246371460 queue_push=246371470 core_rx=40521432
1785753681.150362 BNO_CORE_EVENT kind=1 report_seq=194 uart_sequence=26685 sensor_raw=4294956496 sensor_converted=4294956496 xiao_rx=246371496 queue_push=246371499 core_rx=40522633
1785753681.151873 BNO_CORE_EVENT kind=1 report_seq=195 uart_sequence=26686 sensor_raw=4294964896 sensor_converted=4294964896 xiao_rx=246371506 queue_push=246371507 core_rx=40524954
1785753681.154891 BNO_CORE_EVENT kind=2 report_seq=198 uart_sequence=26689 sensor_raw=4294956896 sensor_converted=4294956896 xiao_rx=246379503 queue_push=246379510 core_rx=40536341
1785753681.157988 BNO_CORE_EVENT kind=5 report_seq=98 uart_sequence=26690 sensor_raw=4294956896 sensor_converted=4294956896 xiao_rx=246379533 queue_push=246379534 core_rx=40539545
1785753681.159501 BNO_CORE_EVENT kind=1 report_seq=196 uart_sequence=26691 sensor_raw=4294964296 sensor_converted=4294964296 xiao_rx=246379542 queue_push=246379544 core_rx=40540780
1785753681.162268 BNO_CORE_EVENT kind=2 report_seq=199 uart_sequence=26692 sensor_raw=4294958696 sensor_converted=4294958696 xiao_rx=246386233 queue_push=246386237 core_rx=40541847
1785753681.163872 BNO_CORE_EVENT kind=3 report_seq=99 uart_sequence=26693 sensor_raw=4294958696 sensor_converted=4294958696 xiao_rx=246386250 queue_push=246386252 core_rx=40542918
1785753681.167125 BNO_CORE_EVENT kind=4 report_seq=178 uart_sequence=26694 sensor_raw=4294958796 sensor_converted=4294958796 xiao_rx=246386260 queue_push=246386261 core_rx=40544248
1785753681.168729 BNO_CORE_EVENT kind=1 report_seq=197 uart_sequence=26695 sensor_raw=4294964096 sensor_converted=4294964096 xiao_rx=246386268 queue_push=246386270 core_rx=40545348
1785753681.171871 BNO_CORE_EVENT kind=2 report_seq=200 uart_sequence=26698 sensor_raw=4294962596 sensor_converted=4294962596 xiao_rx=246397073 queue_push=246397080 core_rx=40554321
1785753681.173474 BNO_CORE_EVENT kind=5 report_seq=99 uart_sequence=26699 sensor_raw=4294962596 sensor_converted=4294962596 xiao_rx=246397106 queue_push=246397108 core_rx=40556982
1785753681.174999 BNO_CORE_EVENT kind=1 report_seq=198 uart_sequence=26700 sensor_raw=4294965296 sensor_converted=4294965296 xiao_rx=246397116 queue_push=246397118 core_rx=40558220
1785753681.179332 BNO_CORE_EVENT kind=2 report_seq=201 uart_sequence=26701 sensor_raw=4294961696 sensor_converted=4294961696 xiao_rx=246402891 queue_push=246402893 core_rx=40559319
1785753681.180865 BNO_CORE_EVENT kind=3 report_seq=100 uart_sequence=26702 sensor_raw=4294961696 sensor_converted=4294961696 xiao_rx=246402913 queue_push=246402916 core_rx=40562143
1785753681.182486 BNO_CORE_EVENT kind=1 report_seq=199 uart_sequence=26703 sensor_raw=4294962596 sensor_converted=4294962596 xiao_rx=246402923 queue_push=246402925 core_rx=40563462
1785753681.185539 BNO_CORE_EVENT kind=1 report_seq=200 uart_sequence=26704 sensor_raw=4294964596 sensor_converted=4294964596 xiao_rx=246405445 queue_push=246405450 core_rx=40564557
1785753681.187143 BNO_CORE_EVENT kind=2 report_seq=202 uart_sequence=26706 sensor_raw=4294962796 sensor_converted=4294962796 xiao_rx=246417118 queue_push=246417126 core_rx=40574343
1785753681.190273 BNO_CORE_EVENT kind=5 report_seq=100 uart_sequence=26707 sensor_raw=4294962796 sensor_converted=4294962796 xiao_rx=246417153 queue_push=246417154 core_rx=40576996
1785753681.193347 BNO_CORE_EVENT kind=1 report_seq=201 uart_sequence=26708 sensor_raw=4294958896 sensor_converted=4294958896 xiao_rx=246424751 queue_push=246424754 core_rx=40578208
1785753681.196011 BNO_CORE_EVENT kind=2 report_seq=203 uart_sequence=26709 sensor_raw=4294961696 sensor_converted=4294961696 xiao_rx=246424764 queue_push=246424767 core_rx=40579315
1785753681.197541 BNO_CORE_EVENT kind=3 report_seq=101 uart_sequence=26710 sensor_raw=4294961696 sensor_converted=4294961696 xiao_rx=246424779 queue_push=246424780 core_rx=40582090
1785753681.200583 BNO_CORE_EVENT kind=4 report_seq=179 uart_sequence=26711 sensor_raw=4294961696 sensor_converted=4294961696 xiao_rx=246424788 queue_push=246424789 core_rx=40583311
1785753681.202105 BNO_CORE_EVENT kind=1 report_seq=202 uart_sequence=26712 sensor_raw=4294966196 sensor_converted=4294966196 xiao_rx=246424796 queue_push=246424798 core_rx=40584379
1785753681.205163 BNO_CORE_EVENT kind=2 report_seq=204 uart_sequence=26716 sensor_raw=4294963696 sensor_converted=4294963696 xiao_rx=246440759 queue_push=246440768 core_rx=40596312
1785753681.206696 BNO_CORE_EVENT kind=5 report_seq=101 uart_sequence=26717 sensor_raw=4294963696 sensor_converted=4294963696 xiao_rx=246440796 queue_push=246440798 core_rx=40598988
1785753681.209759 BNO_CORE_EVENT kind=1 report_seq=203 uart_sequence=26718 sensor_raw=4294950696 sensor_converted=4294950696 xiao_rx=246447689 queue_push=246447691 core_rx=40600272
1785753681.212587 BNO_CORE_EVENT kind=2 report_seq=205 uart_sequence=26719 sensor_raw=4294957996 sensor_converted=4294957996 xiao_rx=246447722 queue_push=246447724 core_rx=40601366
1785753681.215719 BNO_CORE_EVENT kind=3 report_seq=102 uart_sequence=26720 sensor_raw=4294957996 sensor_converted=4294957996 xiao_rx=246447735 queue_push=246447737 core_rx=40604049
1785753681.217247 BNO_CORE_EVENT kind=1 report_seq=204 uart_sequence=26721 sensor_raw=4294958596 sensor_converted=4294958596 xiao_rx=246447744 queue_push=246447745 core_rx=40605190
1785753681.218770 BNO_CORE_EVENT kind=1 report_seq=205 uart_sequence=26722 sensor_raw=4294966396 sensor_converted=4294966396 xiao_rx=246447752 queue_push=246447753 core_rx=40606253
1785753681.221815 BNO_CORE_EVENT kind=2 report_seq=206 uart_sequence=26723 sensor_raw=4294961296 sensor_converted=4294961296 xiao_rx=246457175 queue_push=246457182 core_rx=40614327
1785753681.223344 BNO_CORE_EVENT kind=5 report_seq=102 uart_sequence=26724 sensor_raw=4294961296 sensor_converted=4294961296 xiao_rx=246457206 queue_push=246457208 core_rx=40617031
1785753681.226661 BNO_CORE_EVENT kind=1 report_seq=206 uart_sequence=26725 sensor_raw=4294957896 sensor_converted=4294957896 xiao_rx=246464785 queue_push=246464788 core_rx=40618327
1785753681.229702 BNO_CORE_EVENT kind=2 report_seq=207 uart_sequence=26727 sensor_raw=4294961696 sensor_converted=4294961696 xiao_rx=246464794 queue_push=246464796 core_rx=40622046
1785753681.231225 BNO_CORE_EVENT kind=3 report_seq=103 uart_sequence=26728 sensor_raw=4294961696 sensor_converted=4294961696 xiao_rx=246464807 queue_push=246464808 core_rx=40623205
1785753681.234260 BNO_CORE_EVENT kind=4 report_seq=180 uart_sequence=26729 sensor_raw=4294961696 sensor_converted=4294961696 xiao_rx=246464816 queue_push=246464818 core_rx=40625151
1785753681.235859 BNO_CORE_EVENT kind=1 report_seq=207 uart_sequence=26730 sensor_raw=4294965696 sensor_converted=4294965696 xiao_rx=246464824 queue_push=246464826 core_rx=40626416
1785753681.237602 BNO_CORE_EVENT kind=2 report_seq=208 uart_sequence=26734 sensor_raw=4294963496 sensor_converted=4294963496 xiao_rx=246480693 queue_push=246480723 core_rx=40641328
1785753681.240829 BNO_CORE_EVENT kind=5 report_seq=103 uart_sequence=26735 sensor_raw=4294963496 sensor_converted=4294963496 xiao_rx=246480753 queue_push=246480754 core_rx=40643958
1785753681.242442 BNO_CORE_EVENT kind=1 report_seq=208 uart_sequence=26736 sensor_raw=4294950096 sensor_converted=4294950096 xiao_rx=246487666 queue_push=246487670 core_rx=40645136
1785753681.245507 BNO_CORE_EVENT kind=2 report_seq=209 uart_sequence=26737 sensor_raw=4294957796 sensor_converted=4294957796 xiao_rx=246487686 queue_push=246487687 core_rx=40646233
1785753681.247033 BNO_CORE_EVENT kind=3 report_seq=104 uart_sequence=26738 sensor_raw=4294957796 sensor_converted=4294957796 xiao_rx=246487724 queue_push=246487725 core_rx=40647314
1785753681.250248 BNO_CORE_EVENT kind=1 report_seq=209 uart_sequence=26739 sensor_raw=4294957996 sensor_converted=4294957996 xiao_rx=246487733 queue_push=246487735 core_rx=40649318
1785753681.251877 BNO_CORE_EVENT kind=1 report_seq=210 uart_sequence=26740 sensor_raw=4294965796 sensor_converted=4294965796 xiao_rx=246487741 queue_push=246487743 core_rx=40650631
1785753681.254937 BNO_CORE_EVENT kind=2 report_seq=210 uart_sequence=26742 sensor_raw=4294961096 sensor_converted=4294961096 xiao_rx=246491780 queue_push=246491781 core_rx=40653924
1785753681.256479 BNO_CORE_EVENT kind=5 report_seq=104 uart_sequence=26743 sensor_raw=4294961096 sensor_converted=4294961096 xiao_rx=246491791 queue_push=246491792 core_rx=40656681
1785753681.258139 BNO_CORE_EVENT kind=1 report_seq=211 uart_sequence=26746 sensor_raw=4294962796 sensor_converted=4294962796 xiao_rx=246506781 queue_push=246506789 core_rx=40670320
1785753681.262439 BNO_CORE_EVENT kind=2 report_seq=211 uart_sequence=26747 sensor_raw=4294951796 sensor_converted=4294951796 xiao_rx=246516103 queue_push=246516107 core_rx=40672993
1785753681.264644 BNO_CORE_EVENT kind=3 report_seq=105 uart_sequence=26748 sensor_raw=4294951796 sensor_converted=4294951796 xiao_rx=246516124 queue_push=246516127 core_rx=40674272
1785753681.267089 BNO_CORE_EVENT kind=4 report_seq=181 uart_sequence=26749 sensor_raw=4294952096 sensor_converted=4294952096 xiao_rx=246516135 queue_push=246516137 core_rx=40675372
1785753681.268727 BNO_CORE_EVENT kind=1 report_seq=212 uart_sequence=26750 sensor_raw=4294955796 sensor_converted=4294955796 xiao_rx=246516143 queue_push=246516145 core_rx=40678053
1785753681.270251 BNO_CORE_EVENT kind=2 report_seq=212 uart_sequence=26751 sensor_raw=4294962196 sensor_converted=4294962196 xiao_rx=246516151 queue_push=246516153 core_rx=40679228
1785753681.273379 BNO_CORE_EVENT kind=5 report_seq=105 uart_sequence=26752 sensor_raw=4294962196 sensor_converted=4294962196 xiao_rx=246516160 queue_push=246516162 core_rx=40680338
1785753681.274989 BNO_CORE_EVENT kind=1 report_seq=213 uart_sequence=26753 sensor_raw=4294963796 sensor_converted=4294963796 xiao_rx=246516168 queue_push=246516170 core_rx=40681443
1785753681.279222 BNO_CORE_EVENT kind=1 report_seq=214 uart_sequence=26754 sensor_raw=4294962196 sensor_converted=4294962196 xiao_rx=246521910 queue_push=246521914 core_rx=40682535
1785753681.282195 BNO_CORE_EVENT kind=2 report_seq=213 uart_sequence=26755 sensor_raw=4294962196 sensor_converted=4294962196 xiao_rx=246521923 queue_push=246521925 core_rx=40683602
1785753681.284839 BNO_CORE_EVENT kind=3 report_seq=106 uart_sequence=26756 sensor_raw=4294962196 sensor_converted=4294962196 xiao_rx=246521933 queue_push=246521935 core_rx=40686313
1785753681.286364 BNO_CORE_EVENT kind=1 report_seq=215 uart_sequence=26759 sensor_raw=4294963696 sensor_converted=4294963696 xiao_rx=246537352 queue_push=246537359 core_rx=40690666
1785753681.289415 BNO_CORE_EVENT kind=2 report_seq=214 uart_sequence=26760 sensor_raw=4294951096 sensor_converted=4294951096 xiao_rx=246546992 queue_push=246546999 core_rx=40701339
1785753681.290943 BNO_CORE_EVENT kind=5 report_seq=106 uart_sequence=26761 sensor_raw=4294951096 sensor_converted=4294951096 xiao_rx=246547021 queue_push=246547023 core_rx=40703975
1785753681.294003 BNO_CORE_EVENT kind=1 report_seq=216 uart_sequence=26762 sensor_raw=4294957196 sensor_converted=4294957196 xiao_rx=246547029 queue_push=246547031 core_rx=40705244
1785753681.297042 BNO_CORE_EVENT kind=2 report_seq=215 uart_sequence=26763 sensor_raw=4294961196 sensor_converted=4294961196 xiao_rx=246547038 queue_push=246547039 core_rx=40706346
1785753681.301616 BNO_CORE_EVENT kind=3 report_seq=107 uart_sequence=26764 sensor_raw=4294961196 sensor_converted=4294961196 xiao_rx=246547051 queue_push=246547052 core_rx=40709074
1785753681.304711 BNO_CORE_EVENT kind=4 report_seq=182 uart_sequence=26765 sensor_raw=4294961196 sensor_converted=4294961196 xiao_rx=246547060 queue_push=246547062 core_rx=40710322
1785753681.306235 BNO_CORE_EVENT kind=1 report_seq=217 uart_sequence=26766 sensor_raw=4294964696 sensor_converted=4294964696 xiao_rx=246547068 queue_push=246547070 core_rx=40711419
1785753681.309289 BNO_CORE_EVENT kind=2 report_seq=216 uart_sequence=26767 sensor_raw=4294961296 sensor_converted=4294961296 xiao_rx=246552631 queue_push=246552635 core_rx=40712530
1785753681.312232 BNO_CORE_EVENT kind=5 report_seq=107 uart_sequence=26768 sensor_raw=4294961296 sensor_converted=4294961296 xiao_rx=246552647 queue_push=246552648 core_rx=40713609
1785753681.313759 BNO_CORE_EVENT kind=1 report_seq=218 uart_sequence=26769 sensor_raw=4294962896 sensor_converted=4294962896 xiao_rx=246552656 queue_push=246552657 core_rx=40714668
1785753681.316801 BNO_CORE_EVENT kind=1 report_seq=219 uart_sequence=26772 sensor_raw=4294965296 sensor_converted=4294965296 xiao_rx=246566325 queue_push=246566332 core_rx=40722332
1785753681.319855 BNO_CORE_EVENT kind=2 report_seq=217 uart_sequence=26773 sensor_raw=4294951896 sensor_converted=4294951896 xiao_rx=246572589 queue_push=246572592 core_rx=40724958
1785753681.321433 BNO_CORE_EVENT kind=3 report_seq=108 uart_sequence=26774 sensor_raw=4294951896 sensor_converted=4294951896 xiao_rx=246572604 queue_push=246572606 core_rx=40726154
1785753681.324486 BNO_CORE_EVENT kind=1 report_seq=220 uart_sequence=26775 sensor_raw=4294959796 sensor_converted=4294959796 xiao_rx=246572612 queue_push=246572614 core_rx=40727244
1785753681.326014 BNO_CORE_EVENT kind=2 report_seq=218 uart_sequence=26776 sensor_raw=4294962296 sensor_converted=4294962296 xiao_rx=246572621 queue_push=246572623 core_rx=40728318
1785753681.328882 BNO_CORE_EVENT kind=5 report_seq=108 uart_sequence=26777 sensor_raw=4294962296 sensor_converted=4294962296 xiao_rx=246572630 queue_push=246572632 core_rx=40730768
1785753681.332046 BNO_CORE_EVENT kind=1 report_seq=221 uart_sequence=26779 sensor_raw=4294961096 sensor_converted=4294961096 xiao_rx=246583133 queue_push=246583140 core_rx=40733528
1785753681.333610 BNO_CORE_EVENT kind=2 report_seq=219 uart_sequence=26782 sensor_raw=4294955196 sensor_converted=4294955196 xiao_rx=246589659 queue_push=246589666 core_rx=40744344
1785753681.336797 BNO_CORE_EVENT kind=3 report_seq=109 uart_sequence=26783 sensor_raw=4294955196 sensor_converted=4294955196 xiao_rx=246589692 queue_push=246589694 core_rx=40747492
1785753681.338420 BNO_CORE_EVENT kind=4 report_seq=183 uart_sequence=26784 sensor_raw=4294955296 sensor_converted=4294955296 xiao_rx=246589724 queue_push=246589726 core_rx=40748733
1785753681.341468 BNO_CORE_EVENT kind=1 report_seq=222 uart_sequence=26785 sensor_raw=4294958396 sensor_converted=4294958396 xiao_rx=246589733 queue_push=246589735 core_rx=40749835
1785753681.342991 BNO_CORE_EVENT kind=2 report_seq=220 uart_sequence=26787 sensor_raw=4294958896 sensor_converted=4294958896 xiao_rx=246594602 queue_push=246594603 core_rx=40754152
1785753681.346116 BNO_CORE_EVENT kind=5 report_seq=109 uart_sequence=26788 sensor_raw=4294958896 sensor_converted=4294958896 xiao_rx=246594611 queue_push=246594613 core_rx=40755326
1785753681.349262 BNO_CORE_EVENT kind=1 report_seq=223 uart_sequence=26789 sensor_raw=4294959796 sensor_converted=4294959796 xiao_rx=246594619 queue_push=246594621 core_rx=40756397
1785753681.350880 BNO_CORE_EVENT kind=1 report_seq=224 uart_sequence=26791 sensor_raw=4294963096 sensor_converted=4294963096 xiao_rx=246607881 queue_push=246607888 core_rx=40762312
1785753681.354090 BNO_CORE_EVENT kind=2 report_seq=221 uart_sequence=26792 sensor_raw=4294963596 sensor_converted=4294963596 xiao_rx=246607913 queue_push=246607916 core_rx=40765315
1785753681.355630 BNO_CORE_EVENT kind=3 report_seq=110 uart_sequence=26793 sensor_raw=4294963596 sensor_converted=4294963596 xiao_rx=246607927 queue_push=246607929 core_rx=40766567
1785753681.358682 BNO_CORE_EVENT kind=1 report_seq=225 uart_sequence=26794 sensor_raw=4294957796 sensor_converted=4294957796 xiao_rx=246614404 queue_push=246614406 core_rx=40768435
1785753681.362273 BNO_CORE_EVENT kind=2 report_seq=222 uart_sequence=26795 sensor_raw=4294960696 sensor_converted=4294960696 xiao_rx=246614419 queue_push=246614421 core_rx=40769734
1785753681.363883 BNO_CORE_EVENT kind=5 report_seq=110 uart_sequence=26796 sensor_raw=4294960696 sensor_converted=4294960696 xiao_rx=246614428 queue_push=246614430 core_rx=40770823
1785753681.365411 BNO_CORE_EVENT kind=1 report_seq=226 uart_sequence=26797 sensor_raw=4294965296 sensor_converted=4294965296 xiao_rx=246614437 queue_push=246614439 core_rx=40771895
1785753681.368575 BNO_CORE_EVENT kind=2 report_seq=223 uart_sequence=26799 sensor_raw=4294963896 sensor_converted=4294963896 xiao_rx=246625902 queue_push=246625911 core_rx=40779312
1785753681.371630 BNO_CORE_EVENT kind=3 report_seq=111 uart_sequence=26800 sensor_raw=4294963896 sensor_converted=4294963896 xiao_rx=246625936 queue_push=246625938 core_rx=40781949
1785753681.373148 BNO_CORE_EVENT kind=4 report_seq=184 uart_sequence=26801 sensor_raw=4294952796 sensor_converted=4294952796 xiao_rx=246630184 queue_push=246630186 core_rx=40783105
1785753681.376262 BNO_CORE_EVENT kind=1 report_seq=227 uart_sequence=26802 sensor_raw=4294955296 sensor_converted=4294955296 xiao_rx=246630195 queue_push=246630197 core_rx=40784220
1785753681.379364 BNO_CORE_EVENT kind=2 report_seq=224 uart_sequence=26804 sensor_raw=4294962896 sensor_converted=4294962896 xiao_rx=246630204 queue_push=246630205 core_rx=40788335
1785753681.382426 BNO_CORE_EVENT kind=5 report_seq=111 uart_sequence=26807 sensor_raw=4294958596 sensor_converted=4294958596 xiao_rx=246643650 queue_push=246643657 core_rx=40798312
1785753681.385532 BNO_CORE_EVENT kind=1 report_seq=228 uart_sequence=26808 sensor_raw=4294958896 sensor_converted=4294958896 xiao_rx=246643679 queue_push=246643680 core_rx=40800942
1785753681.387769 BNO_CORE_EVENT kind=1 report_seq=229 uart_sequence=26809 sensor_raw=4294953296 sensor_converted=4294953296 xiao_rx=246649934 queue_push=246649935 core_rx=40802111
1785753681.389430 BNO_CORE_EVENT kind=2 report_seq=225 uart_sequence=26810 sensor_raw=4294954996 sensor_converted=4294954996 xiao_rx=246649947 queue_push=246649950 core_rx=40803215
1785753681.392593 BNO_CORE_EVENT kind=3 report_seq=112 uart_sequence=26811 sensor_raw=4294954996 sensor_converted=4294954996 xiao_rx=246649961 queue_push=246649963 core_rx=40804725
1785753681.395624 BNO_CORE_EVENT kind=1 report_seq=230 uart_sequence=26812 sensor_raw=4294961496 sensor_converted=4294961496 xiao_rx=246649969 queue_push=246649971 core_rx=40805917
1785753681.397145 BNO_CORE_EVENT kind=2 report_seq=226 uart_sequence=26813 sensor_raw=4294964496 sensor_converted=4294964496 xiao_rx=246649979 queue_push=246649980 core_rx=40806990
1785753681.400208 BNO_CORE_EVENT kind=5 report_seq=112 uart_sequence=26814 sensor_raw=4294958396 sensor_converted=4294958396 xiao_rx=246661179 queue_push=246661186 core_rx=40809330
1785753681.401737 BNO_CORE_EVENT kind=1 report_seq=231 uart_sequence=26815 sensor_raw=4294962896 sensor_converted=4294962896 xiao_rx=246661207 queue_push=246661209 core_rx=40811968
1785753681.404795 BNO_CORE_EVENT kind=2 report_seq=227 uart_sequence=26817 sensor_raw=4294957396 sensor_converted=4294957396 xiao_rx=246667578 queue_push=246667585 core_rx=40822325
1785753681.406322 BNO_CORE_EVENT kind=3 report_seq=113 uart_sequence=26818 sensor_raw=4294957396 sensor_converted=4294957396 xiao_rx=246667613 queue_push=246667615 core_rx=40824945
1785753681.407848 BNO_CORE_EVENT kind=4 report_seq=185 uart_sequence=26819 sensor_raw=4294957396 sensor_converted=4294957396 xiao_rx=246667622 queue_push=246667624 core_rx=40826116
1785753681.414207 BNO_CORE_EVENT kind=1 report_seq=232 uart_sequence=26820 sensor_raw=4294959496 sensor_converted=4294959496 xiao_rx=246667634 queue_push=246667635 core_rx=40827224
1785753681.415732 BNO_CORE_EVENT kind=2 report_seq=228 uart_sequence=26821 sensor_raw=4294960596 sensor_converted=4294960596 xiao_rx=246673212 queue_push=246673214 core_rx=40828620
1785753681.418776 BNO_CORE_EVENT kind=5 report_seq=113 uart_sequence=26822 sensor_raw=4294960596 sensor_converted=4294960596 xiao_rx=246673228 queue_push=246673229 core_rx=40829769
1785753681.421818 BNO_CORE_EVENT kind=1 report_seq=233 uart_sequence=26823 sensor_raw=4294960896 sensor_converted=4294960896 xiao_rx=246673238 queue_push=246673240 core_rx=40830871
1785753681.423337 BNO_CORE_EVENT kind=1 report_seq=234 uart_sequence=26826 sensor_raw=4294963496 sensor_converted=4294963496 xiao_rx=246685909 queue_push=246685916 core_rx=40837286
1785753681.426368 BNO_CORE_EVENT kind=2 report_seq=229 uart_sequence=26829 sensor_raw=4294952296 sensor_converted=4294952296 xiao_rx=246695091 queue_push=246695097 core_rx=40852307
1785753681.429260 BNO_CORE_EVENT kind=3 report_seq=114 uart_sequence=26830 sensor_raw=4294952296 sensor_converted=4294952296 xiao_rx=246695118 queue_push=246695120 core_rx=40854983
1785753681.430831 BNO_CORE_EVENT kind=1 report_seq=235 uart_sequence=26831 sensor_raw=4294958896 sensor_converted=4294958896 xiao_rx=246695128 queue_push=246695129 core_rx=40856274
1785753681.433964 BNO_CORE_EVENT kind=2 report_seq=230 uart_sequence=26832 sensor_raw=4294962696 sensor_converted=4294962696 xiao_rx=246695136 queue_push=246695138 core_rx=40857384
1785753681.436004 BNO_CORE_EVENT kind=5 report_seq=114 uart_sequence=26833 sensor_raw=4294962696 sensor_converted=4294962696 xiao_rx=246695147 queue_push=246695149 core_rx=40860050
1785753681.438026 BNO_CORE_EVENT kind=1 report_seq=236 uart_sequence=26834 sensor_raw=4294966396 sensor_converted=4294966396 xiao_rx=246695155 queue_push=246695157 core_rx=40861237
1785753681.439605 BNO_CORE_EVENT kind=2 report_seq=231 uart_sequence=26835 sensor_raw=4294963296 sensor_converted=4294963296 xiao_rx=246698728 queue_push=246698733 core_rx=40862329
1785753681.442738 BNO_CORE_EVENT kind=3 report_seq=115 uart_sequence=26836 sensor_raw=4294963296 sensor_converted=4294963296 xiao_rx=246698749 queue_push=246698751 core_rx=40863400
1785753681.445591 BNO_CORE_EVENT kind=4 report_seq=186 uart_sequence=26837 sensor_raw=4294959796 sensor_converted=4294959796 xiao_rx=246703413 queue_push=246703416 core_rx=40864473
1785753681.447129 BNO_CORE_EVENT kind=1 report_seq=237 uart_sequence=26838 sensor_raw=4294961596 sensor_converted=4294961596 xiao_rx=246703430 queue_push=246703432 core_rx=40865545
1785753681.450259 BNO_CORE_EVENT kind=1 report_seq=238 uart_sequence=26841 sensor_raw=4294964796 sensor_converted=4294964796 xiao_rx=246716104 queue_push=246716111 core_rx=40871328
1785753681.451781 BNO_CORE_EVENT kind=2 report_seq=232 uart_sequence=26842 sensor_raw=4294952096 sensor_converted=4294952096 xiao_rx=246723041 queue_push=246723044 core_rx=40873972
1785753681.453381 BNO_CORE_EVENT kind=5 report_seq=115 uart_sequence=26843 sensor_raw=4294952096 sensor_converted=4294952096 xiao_rx=246723052 queue_push=246723054 core_rx=40875192
1785753681.456423 BNO_CORE_EVENT kind=1 report_seq=239 uart_sequence=26844 sensor_raw=4294960396 sensor_converted=4294960396 xiao_rx=246723060 queue_push=246723062 core_rx=40876273
1785753681.457945 BNO_CORE_EVENT kind=2 report_seq=233 uart_sequence=26845 sensor_raw=4294962596 sensor_converted=4294962596 xiao_rx=246723069 queue_push=246723071 core_rx=40879119
1785753681.460732 BNO_CORE_EVENT kind=3 report_seq=116 uart_sequence=26846 sensor_raw=4294962596 sensor_converted=4294962596 xiao_rx=246723082 queue_push=246723083 core_rx=40880415
1785753681.463892 BNO_CORE_EVENT kind=1 report_seq=240 uart_sequence=26848 sensor_raw=4294961096 sensor_converted=4294961096 xiao_rx=246731471 queue_push=246731478 core_rx=40885153
1785753681.465456 BNO_CORE_EVENT kind=2 report_seq=234 uart_sequence=26850 sensor_raw=4294956796 sensor_converted=4294956796 xiao_rx=246738015 queue_push=246738022 core_rx=40899361
1785753681.468577 BNO_CORE_EVENT kind=5 report_seq=116 uart_sequence=26851 sensor_raw=4294956796 sensor_converted=4294956796 xiao_rx=246738046 queue_push=246738047 core_rx=40902974
1785753681.470109 BNO_CORE_EVENT kind=1 report_seq=241 uart_sequence=26852 sensor_raw=4294961096 sensor_converted=4294961096 xiao_rx=246738054 queue_push=246738055 core_rx=40904202
1785753681.471767 BNO_CORE_EVENT kind=2 report_seq=235 uart_sequence=26853 sensor_raw=4294960196 sensor_converted=4294960196 xiao_rx=246744744 queue_push=246744748 core_rx=40905306
1785753681.474863 BNO_CORE_EVENT kind=3 report_seq=117 uart_sequence=26854 sensor_raw=4294960196 sensor_converted=4294960196 xiao_rx=246744762 queue_push=246744764 core_rx=40906415
1785753681.476439 BNO_CORE_EVENT kind=4 report_seq=187 uart_sequence=26855 sensor_raw=4294960196 sensor_converted=4294960196 xiao_rx=246744771 queue_push=246744773 core_rx=40908754
1785753681.481074 BNO_CORE_EVENT kind=1 report_seq=242 uart_sequence=26856 sensor_raw=4294961796 sensor_converted=4294961796 xiao_rx=246744779 queue_push=246744781 core_rx=40909985
1785753681.484262 BNO_CORE_EVENT kind=1 report_seq=243 uart_sequence=26857 sensor_raw=4294962996 sensor_converted=4294962996 xiao_rx=246750371 queue_push=246750373 core_rx=40911092
1785753681.487431 BNO_CORE_EVENT kind=2 report_seq=236 uart_sequence=26858 sensor_raw=4294963496 sensor_converted=4294963496 xiao_rx=246750383 queue_push=246750386 core_rx=40912167
1785753681.490552 BNO_CORE_EVENT kind=5 report_seq=117 uart_sequence=26859 sensor_raw=4294963496 sensor_converted=4294963496 xiao_rx=246750394 queue_push=246750395 core_rx=40913232
1785753681.493230 BNO_CORE_EVENT kind=1 report_seq=244 uart_sequence=26861 sensor_raw=4294965196 sensor_converted=4294965196 xiao_rx=246763868 queue_push=246763875 core_rx=40919334
1785753681.495166 BNO_CORE_EVENT kind=2 report_seq=237 uart_sequence=26862 sensor_raw=4294955396 sensor_converted=4294955396 xiao_rx=246768332 queue_push=246768335 core_rx=40920589
1785753681.497716 BNO_CORE_EVENT kind=3 report_seq=118 uart_sequence=26863 sensor_raw=4294955396 sensor_converted=4294955396 xiao_rx=246768348 queue_push=246768350 core_rx=40921663
1785753681.499257 BNO_CORE_EVENT kind=1 report_seq=245 uart_sequence=26864 sensor_raw=4294960796 sensor_converted=4294960796 xiao_rx=246768357 queue_push=246768358 core_rx=40922738
1785753681.502411 BNO_CORE_EVENT kind=2 report_seq=238 uart_sequence=26866 sensor_raw=4294960196 sensor_converted=4294960196 xiao_rx=246776658 queue_push=246776666 core_rx=40933332
1785753681.503942 BNO_CORE_EVENT kind=5 report_seq=118 uart_sequence=26867 sensor_raw=4294960196 sensor_converted=4294960196 xiao_rx=246776692 queue_push=246776694 core_rx=40935943
1785753681.505639 BNO_CORE_EVENT kind=1 report_seq=246 uart_sequence=26868 sensor_raw=4294963096 sensor_converted=4294963096 xiao_rx=246776724 queue_push=246776726 core_rx=40937114
1785753681.508685 BNO_CORE_EVENT kind=2 report_seq=239 uart_sequence=26869 sensor_raw=4294961996 sensor_converted=4294961996 xiao_rx=246783375 queue_push=246783379 core_rx=40938224
1785753681.511669 BNO_CORE_EVENT kind=3 report_seq=119 uart_sequence=26870 sensor_raw=4294961996 sensor_converted=4294961996 xiao_rx=246783393 queue_push=246783395 core_rx=40939322
1785753681.513201 BNO_CORE_EVENT kind=4 report_seq=188 uart_sequence=26871 sensor_raw=4294961996 sensor_converted=4294961996 xiao_rx=246783402 queue_push=246783404 core_rx=40941291
1785753681.516341 BNO_CORE_EVENT kind=1 report_seq=247 uart_sequence=26872 sensor_raw=4294962696 sensor_converted=4294962696 xiao_rx=246783411 queue_push=246783412 core_rx=40942589
1785753681.517869 BNO_CORE_EVENT kind=1 report_seq=248 uart_sequence=26877 sensor_raw=4294963896 sensor_converted=4294963896 xiao_rx=246797203 queue_push=246797210 core_rx=40954328
1785753681.520924 BNO_CORE_EVENT kind=2 report_seq=240 uart_sequence=26878 sensor_raw=4294964796 sensor_converted=4294964796 xiao_rx=246797251 queue_push=246797254 core_rx=40956947
1785753681.522492 BNO_CORE_EVENT kind=5 report_seq=119 uart_sequence=26879 sensor_raw=4294950996 sensor_converted=4294950996 xiao_rx=246804813 queue_push=246804816 core_rx=40958114
1785753681.524097 BNO_CORE_EVENT kind=1 report_seq=249 uart_sequence=26880 sensor_raw=4294958296 sensor_converted=4294958296 xiao_rx=246804825 queue_push=246804827 core_rx=40959228
1785753681.528025 BNO_CORE_EVENT kind=2 report_seq=241 uart_sequence=26881 sensor_raw=4294961196 sensor_converted=4294961196 xiao_rx=246804834 queue_push=246804835 core_rx=40960302
1785753681.529983 BNO_CORE_EVENT kind=3 report_seq=120 uart_sequence=26882 sensor_raw=4294961196 sensor_converted=4294961196 xiao_rx=246804845 queue_push=246804847 core_rx=40962757
1785753681.533033 BNO_CORE_EVENT kind=1 report_seq=250 uart_sequence=26883 sensor_raw=4294965796 sensor_converted=4294965796 xiao_rx=246804854 queue_push=246804855 core_rx=40964018
1785753681.534564 BNO_CORE_EVENT kind=2 report_seq=242 uart_sequence=26885 sensor_raw=4294963296 sensor_converted=4294963296 xiao_rx=246814549 queue_push=246814558 core_rx=40967288
1785753681.536094 BNO_CORE_EVENT kind=5 report_seq=120 uart_sequence=26886 sensor_raw=4294963296 sensor_converted=4294963296 xiao_rx=246814585 queue_push=246814587 core_rx=40968962
1785753681.539224 BNO_CORE_EVENT kind=1 report_seq=251 uart_sequence=26887 sensor_raw=4294956396 sensor_converted=4294956396 xiao_rx=246819015 queue_push=246819017 core_rx=40970526
1785753681.540750 BNO_CORE_EVENT kind=2 report_seq=243 uart_sequence=26888 sensor_raw=4294963996 sensor_converted=4294963996 xiao_rx=246819023 queue_push=246819025 core_rx=40971727
1785753681.543864 BNO_CORE_EVENT kind=3 report_seq=121 uart_sequence=26889 sensor_raw=4294963996 sensor_converted=4294963996 xiao_rx=246819036 queue_push=246819037 core_rx=40972964
1785753681.546519 BNO_CORE_EVENT kind=4 report_seq=189 uart_sequence=26891 sensor_raw=4294959696 sensor_converted=4294959696 xiao_rx=246827401 queue_push=246827408 core_rx=40977286
1785753681.548126 BNO_CORE_EVENT kind=1 report_seq=252 uart_sequence=26893 sensor_raw=4294959996 sensor_converted=4294959996 xiao_rx=246827422 queue_push=246827424 core_rx=40982152
1785753681.551345 BNO_CORE_EVENT kind=1 report_seq=253 uart_sequence=26894 sensor_raw=4294959796 sensor_converted=4294959796 xiao_rx=246835501 queue_push=246835508 core_rx=40984280
1785753681.552873 BNO_CORE_EVENT kind=2 report_seq=244 uart_sequence=26895 sensor_raw=4294961196 sensor_converted=4294961196 xiao_rx=246835530 queue_push=246835533 core_rx=40985862
1785753681.554481 BNO_CORE_EVENT kind=5 report_seq=121 uart_sequence=26896 sensor_raw=4294961196 sensor_converted=4294961196 xiao_rx=246835541 queue_push=246835543 core_rx=40987598
1785753681.557729 BNO_CORE_EVENT kind=1 report_seq=254 uart_sequence=26898 sensor_raw=4294959296 sensor_converted=4294959296 xiao_rx=246843574 queue_push=246843581 core_rx=40995309
1785753681.559339 BNO_CORE_EVENT kind=2 report_seq=245 uart_sequence=26899 sensor_raw=4294963096 sensor_converted=4294963096 xiao_rx=246843606 queue_push=246843609 core_rx=40998302
1785753681.562144 BNO_CORE_EVENT kind=3 report_seq=122 uart_sequence=26900 sensor_raw=4294963096 sensor_converted=4294963096 xiao_rx=246843620 queue_push=246843622 core_rx=40999479
1785753681.565262 BNO_CORE_EVENT kind=1 report_seq=255 uart_sequence=26901 sensor_raw=4294959196 sensor_converted=4294959196 xiao_rx=246846948 queue_push=246846951 core_rx=41001158
1785753681.566869 BNO_CORE_EVENT kind=2 report_seq=246 uart_sequence=26902 sensor_raw=4294964696 sensor_converted=4294964696 xiao_rx=246846962 queue_push=246846964 core_rx=41002365
1785753681.568485 BNO_CORE_EVENT kind=5 report_seq=122 uart_sequence=26904 sensor_raw=4294961296 sensor_converted=4294961296 xiao_rx=246857091 queue_push=246857098 core_rx=41005867
1785753681.571697 BNO_CORE_EVENT kind=1 report_seq=0 uart_sequence=26905 sensor_raw=4294963596 sensor_converted=4294963596 xiao_rx=246857115 queue_push=246857116 core_rx=41007095
1785753681.573312 BNO_CORE_EVENT kind=1 report_seq=1 uart_sequence=26907 sensor_raw=4294961496 sensor_converted=4294961496 xiao_rx=246863987 queue_push=246863992 core_rx=41016290
1785753681.574929 BNO_CORE_EVENT kind=2 report_seq=247 uart_sequence=26908 sensor_raw=4294961496 sensor_converted=4294961496 xiao_rx=246864020 queue_push=246864023 core_rx=41017896
1785753681.579723 BNO_CORE_EVENT kind=3 report_seq=123 uart_sequence=26909 sensor_raw=4294961496 sensor_converted=4294961496 xiao_rx=246864034 queue_push=246864036 core_rx=41019938
1785753681.581372 BNO_CORE_EVENT kind=4 report_seq=190 uart_sequence=26910 sensor_raw=4294961496 sensor_converted=4294961496 xiao_rx=246864044 queue_push=246864046 core_rx=41021122
1785753681.584459 BNO_CORE_EVENT kind=1 report_seq=2 uart_sequence=26911 sensor_raw=4294962396 sensor_converted=4294962396 xiao_rx=246868122 queue_push=246868124 core_rx=41022205
1785753681.586067 BNO_CORE_EVENT kind=2 report_seq=248 uart_sequence=26912 sensor_raw=4294964196 sensor_converted=4294964196 xiao_rx=246868135 queue_push=246868137 core_rx=41023561
1785753681.587674 BNO_CORE_EVENT kind=5 report_seq=123 uart_sequence=26914 sensor_raw=4294959996 sensor_converted=4294959996 xiao_rx=246877361 queue_push=246877368 core_rx=41027326
1785753681.590719 BNO_CORE_EVENT kind=1 report_seq=3 uart_sequence=26915 sensor_raw=4294965996 sensor_converted=4294965996 xiao_rx=246877386 queue_push=246877387 core_rx=41028591
1785753681.592316 BNO_CORE_EVENT kind=2 report_seq=249 uart_sequence=26916 sensor_raw=4294961096 sensor_converted=4294961096 xiao_rx=246883828 queue_push=246883835 core_rx=41032307
1785753681.595464 BNO_CORE_EVENT kind=3 report_seq=124 uart_sequence=26917 sensor_raw=4294961096 sensor_converted=4294961096 xiao_rx=246883860 queue_push=246883862 core_rx=41034975
1785753681.598644 BNO_CORE_EVENT kind=1 report_seq=4 uart_sequence=26918 sensor_raw=4294964896 sensor_converted=4294964896 xiao_rx=246883869 queue_push=246883871 core_rx=41036232
1785753681.601712 BNO_CORE_EVENT kind=2 report_seq=250 uart_sequence=26920 sensor_raw=4294963696 sensor_converted=4294963696 xiao_rx=246889933 queue_push=246889941 core_rx=41039327
1785753681.609386 BNO_CORE_EVENT kind=5 report_seq=124 uart_sequence=26923 sensor_raw=4294958396 sensor_converted=4294958396 xiao_rx=246895855 queue_push=246895861 core_rx=41050317
1785753681.617209 BNO_CORE_EVENT kind=1 report_seq=5 uart_sequence=26924 sensor_raw=4294960396 sensor_converted=4294960396 xiao_rx=246895882 queue_push=246895884 core_rx=41053558
1785753681.624273 BNO_CORE_EVENT kind=1 report_seq=6 uart_sequence=26925 sensor_raw=4294962996 sensor_converted=4294962996 xiao_rx=246901738 queue_push=246901739 core_rx=41054837
1785753681.636036 BNO_CORE_EVENT kind=2 report_seq=251 uart_sequence=26926 sensor_raw=4294962996 sensor_converted=4294962996 xiao_rx=246901751 queue_push=246901754 core_rx=41055903
1785753681.646680 BNO_CORE_EVENT kind=3 report_seq=125 uart_sequence=26927 sensor_raw=4294962996 sensor_converted=4294962996 xiao_rx=246901764 queue_push=246901766 core_rx=41058060
1785753681.654311 BNO_CORE_EVENT kind=4 report_seq=191 uart_sequence=26930 sensor_raw=4294956196 sensor_converted=4294956196 xiao_rx=246912459 queue_push=246912468 core_rx=41065303
1785753681.664740 BNO_CORE_EVENT kind=1 report_seq=7 uart_sequence=26931 sensor_raw=4294963696 sensor_converted=4294963696 xiao_rx=246912493 queue_push=246912495 core_rx=41067991
1785753681.671978 BNO_CORE_EVENT kind=2 report_seq=252 uart_sequence=26932 sensor_raw=4294955796 sensor_converted=4294955796 xiao_rx=246916748 queue_push=246916751 core_rx=41069172
1785753681.680856 BNO_CORE_EVENT kind=5 report_seq=125 uart_sequence=26933 sensor_raw=4294955796 sensor_converted=4294955796 xiao_rx=246916759 queue_push=246916761 core_rx=41070246
1785753681.688496 BNO_CORE_EVENT kind=1 report_seq=8 uart_sequence=26934 sensor_raw=4294961896 sensor_converted=4294961896 xiao_rx=246916767 queue_push=246916769 core_rx=41071797
1785753681.697589 BNO_CORE_EVENT kind=2 report_seq=253 uart_sequence=26936 sensor_raw=4294961496 sensor_converted=4294961496 xiao_rx=246925667 queue_push=246925675 core_rx=41080312
1785753681.704410 BNO_CORE_EVENT kind=3 report_seq=126 uart_sequence=26937 sensor_raw=4294961496 sensor_converted=4294961496 xiao_rx=246925719 queue_push=246925721 core_rx=41083068
1785753681.712111 BNO_CORE_EVENT kind=1 report_seq=9 uart_sequence=26938 sensor_raw=4294964896 sensor_converted=4294964896 xiao_rx=246925731 queue_push=246925733 core_rx=41084538
1785753681.720087 BNO_CORE_EVENT kind=2 report_seq=254 uart_sequence=26939 sensor_raw=4294962996 sensor_converted=4294962996 xiao_rx=246931359 queue_push=246931364 core_rx=41085638
1785753681.729267 BNO_CORE_EVENT kind=5 report_seq=126 uart_sequence=26940 sensor_raw=4294962996 sensor_converted=4294962996 xiao_rx=246931387 queue_push=246931388 core_rx=41088132
1785753681.737151 BNO_CORE_EVENT kind=1 report_seq=10 uart_sequence=26941 sensor_raw=4294963996 sensor_converted=4294963996 xiao_rx=246931395 queue_push=246931396 core_rx=41089401
1785753681.746000 BNO_CORE_EVENT kind=1 report_seq=11 uart_sequence=26943 sensor_raw=4294966296 sensor_converted=4294966296 xiao_rx=246940789 queue_push=246940796 core_rx=41092308
1785753681.756674 XIAO UART baud=921600 rx=GPIO8 tx=GPIO9 bytes=796160 frames=3187 bytes_s=45020 frames_s=460 crc/cobs/len=0/0/0 seqgap=0 age_ms=0 type=2 log=1 q=32 rec=3237 final=0
1785753681.768299 RXDIAG max_us=8067 budget_hits=21 byte/frame/time=21/0/0 rx_buf_max=1040 loop_period_max_us=1179530 loop_exec_max_us=1172582 free_heap=133264 min_free_heap=132912 reset_reason=0 bno_kind_1to5_s=129/102/51/25/51 queue=32 high=49 drops=0
1785753681.790821 RXDETAIL service_calls=30010 service_bytes_avg=26 service_bytes_max=512 service_frames_avg=0 service_frames_avg_x1000=214 service_frames_max=7 service_bytes_s=44796 service_frames_s=457 rxbuf_full_obs=0 bno_valid=2485 bno_invalid=0 unknown=0 uart_overflow=framework_unavailable trial_rx_bytes=312228 trial_frames=3186 trial_bno=2485 trial_crc/cobs/len=0/0/0
1785753681.802261 RXTASK mode=dispatch read_calls=30012 zero_reads=24345 read_bytes_max=512 rx_task_max_us=8067 rx_task_continuous_max_us=8067 stack_hwm_min_bytes=3964 cobs_delimiters=6448 rx_current=0 rx_max=1040 rx_full=0 overflow=framework_unavailable
1785753681.803797 SDTASK max_process_us=100874
1785753681.814315 BNO_CORE_EVENT kind=2 report_seq=255 uart_sequence=26944 sensor_raw=4294957396 sensor_converted=4294957396 xiao_rx=246947149 queue_push=246947156 core_rx=41102342
1785753681.822362 BNO_CORE_EVENT kind=3 report_seq=127 uart_sequence=26945 sensor_raw=4294957396 sensor_converted=4294957396 xiao_rx=246947182 queue_push=246947184 core_rx=41104943
1785753681.828424 BNO_CORE_EVENT kind=4 report_seq=192 uart_sequence=26946 sensor_raw=4294957696 sensor_converted=4294957696 xiao_rx=246947191 queue_push=246947193 core_rx=41106126
1785753681.831654 BNO_CORE_EVENT kind=1 report_seq=12 uart_sequence=26947 sensor_raw=4294964896 sensor_converted=4294964896 xiao_rx=246947200 queue_push=246947201 core_rx=41107229
1785753681.833278 BNO_CORE_EVENT kind=2 report_seq=0 uart_sequence=26948 sensor_raw=4294961896 sensor_converted=4294961896 xiao_rx=246952760 queue_push=246952762 core_rx=41108335
1785753681.834892 BNO_CORE_EVENT kind=5 report_seq=127 uart_sequence=26949 sensor_raw=4294961896 sensor_converted=4294961896 xiao_rx=246952769 queue_push=246952771 core_rx=41110343
1785753681.838129 BNO_CORE_EVENT kind=1 report_seq=13 uart_sequence=26950 sensor_raw=4294966396 sensor_converted=4294966396 xiao_rx=246952777 queue_push=246952779 core_rx=41111619
1785753681.839746 BNO_CORE_EVENT kind=2 report_seq=1 uart_sequence=26954 sensor_raw=4294964996 sensor_converted=4294964996 xiao_rx=246966371 queue_push=246966383 core_rx=41128319
1785753681.841355 BNO_CORE_EVENT kind=3 report_seq=128 uart_sequence=26955 sensor_raw=4294951996 sensor_converted=4294951996 xiao_rx=246974021 queue_push=246974030 core_rx=41131031
1785753681.845204 BNO_CORE_EVENT kind=1 report_seq=14 uart_sequence=26956 sensor_raw=4294955096 sensor_converted=4294955096 xiao_rx=246974058 queue_push=246974061 core_rx=41132311
1785753681.847389 BNO_CORE_EVENT kind=2 report_seq=2 uart_sequence=26957 sensor_raw=4294962396 sensor_converted=4294962396 xiao_rx=246974071 queue_push=246974073 core_rx=41133419
1785753681.848997 BNO_CORE_EVENT kind=5 report_seq=128 uart_sequence=26958 sensor_raw=4294962396 sensor_converted=4294962396 xiao_rx=246974080 queue_push=246974082 core_rx=41134516
1785753681.850610 BNO_CORE_EVENT kind=1 report_seq=15 uart_sequence=26959 sensor_raw=4294962896 sensor_converted=4294962896 xiao_rx=246974089 queue_push=246974091 core_rx=41136717
1785753681.853879 BNO_CORE_EVENT kind=1 report_seq=16 uart_sequence=26960 sensor_raw=4294963096 sensor_converted=4294963096 xiao_rx=246978542 queue_push=246978546 core_rx=41137845
1785753681.855496 BNO_CORE_EVENT kind=2 report_seq=3 uart_sequence=26961 sensor_raw=4294964096 sensor_converted=4294964096 xiao_rx=246978558 queue_push=246978559 core_rx=41138911
1785753681.857130 BNO_CORE_EVENT kind=3 report_seq=129 uart_sequence=26962 sensor_raw=4294964096 sensor_converted=4294964096 xiao_rx=246978567 queue_push=246978569 core_rx=41140011
1785753681.860358 BNO_CORE_EVENT kind=4 report_seq=193 uart_sequence=26965 sensor_raw=4294959996 sensor_converted=4294959996 xiao_rx=246992213 queue_push=246992222 core_rx=41143025
1785753681.862179 BNO_CORE_EVENT kind=1 report_seq=17 uart_sequence=26966 sensor_raw=4294966496 sensor_converted=4294966496 xiao_rx=246992246 queue_push=246992248 core_rx=41144322
1785753681.863797 BNO_CORE_EVENT kind=2 report_seq=4 uart_sequence=26969 sensor_raw=4294956096 sensor_converted=4294956096 xiao_rx=247002652 queue_push=247002659 core_rx=41156308
1785753681.867036 BNO_CORE_EVENT kind=5 report_seq=129 uart_sequence=26970 sensor_raw=4294956096 sensor_converted=4294956096 xiao_rx=247002688 queue_push=247002689 core_rx=41158983
1785753681.868644 BNO_CORE_EVENT kind=1 report_seq=18 uart_sequence=26971 sensor_raw=4294960896 sensor_converted=4294960896 xiao_rx=247002719 queue_push=247002720 core_rx=41160270
1785753681.870253 BNO_CORE_EVENT kind=2 report_seq=5 uart_sequence=26972 sensor_raw=4294955496 sensor_converted=4294955496 xiao_rx=247007140 queue_push=247007144 core_rx=41161374
1785753681.873471 BNO_CORE_EVENT kind=3 report_seq=130 uart_sequence=26973 sensor_raw=4294955496 sensor_converted=4294955496 xiao_rx=247007158 queue_push=247007160 core_rx=41164034
1785753681.875109 BNO_CORE_EVENT kind=1 report_seq=19 uart_sequence=26974 sensor_raw=4294958196 sensor_converted=4294958196 xiao_rx=247007166 queue_push=247007168 core_rx=41165237
1785753681.876728 BNO_CORE_EVENT kind=2 report_seq=6 uart_sequence=26977 sensor_raw=4294961096 sensor_converted=4294961096 xiao_rx=247019263 queue_push=247019271 core_rx=41175301
1785753681.880038 BNO_CORE_EVENT kind=5 report_seq=130 uart_sequence=26978 sensor_raw=4294961096 sensor_converted=4294961096 xiao_rx=247019304 queue_push=247019305 core_rx=41177966
1785753681.881643 BNO_CORE_EVENT kind=1 report_seq=20 uart_sequence=26979 sensor_raw=4294961796 sensor_converted=4294961796 xiao_rx=247019313 queue_push=247019315 core_rx=41179291
1785753681.884781 BNO_CORE_EVENT kind=1 report_seq=21 uart_sequence=26980 sensor_raw=4294957796 sensor_converted=4294957796 xiao_rx=247026895 queue_push=247026897 core_rx=41180416
1785753681.886365 BNO_CORE_EVENT kind=2 report_seq=7 uart_sequence=26981 sensor_raw=4294959196 sensor_converted=4294959196 xiao_rx=247026903 queue_push=247026905 core_rx=41183122
1785753681.887891 BNO_CORE_EVENT kind=3 report_seq=131 uart_sequence=26982 sensor_raw=4294959196 sensor_converted=4294959196 xiao_rx=247026917 queue_push=247026919 core_rx=41184391
1785753681.891022 BNO_CORE_EVENT kind=4 report_seq=194 uart_sequence=26983 sensor_raw=4294959196 sensor_converted=4294959196 xiao_rx=247026927 queue_push=247026929 core_rx=41185479
1785753681.892731 BNO_CORE_EVENT kind=1 report_seq=22 uart_sequence=26984 sensor_raw=4294965296 sensor_converted=4294965296 xiao_rx=247026935 queue_push=247026937 core_rx=41186541
1785753681.895580 BNO_CORE_EVENT kind=2 report_seq=8 uart_sequence=26986 sensor_raw=4294961896 sensor_converted=4294961896 xiao_rx=247041771 queue_push=247041779 core_rx=41190930
1785753681.898736 BNO_CORE_EVENT kind=5 report_seq=131 uart_sequence=26987 sensor_raw=4294961896 sensor_converted=4294961896 xiao_rx=247041807 queue_push=247041809 core_rx=41192653
1785753681.900295 BNO_CORE_EVENT kind=1 report_seq=23 uart_sequence=26988 sensor_raw=4294965696 sensor_converted=4294965696 xiao_rx=247041816 queue_push=247041818 core_rx=41193884
1785753681.901900 BNO_CORE_EVENT kind=2 report_seq=9 uart_sequence=26991 sensor_raw=4294956196 sensor_converted=4294956196 xiao_rx=247051464 queue_push=247051472 core_rx=41200338
1785753681.905068 BNO_CORE_EVENT kind=3 report_seq=132 uart_sequence=26992 sensor_raw=4294956196 sensor_converted=4294956196 xiao_rx=247051501 queue_push=247051503 core_rx=41202949
1785753681.906601 BNO_CORE_EVENT kind=1 report_seq=24 uart_sequence=26993 sensor_raw=4294957996 sensor_converted=4294957996 xiao_rx=247051512 queue_push=247051514 core_rx=41204091
1785753681.908212 BNO_CORE_EVENT kind=2 report_seq=10 uart_sequence=26995 sensor_raw=4294956496 sensor_converted=4294956496 xiao_rx=247059859 queue_push=247059867 core_rx=41214351
1785753681.911479 BNO_CORE_EVENT kind=5 report_seq=132 uart_sequence=26996 sensor_raw=4294956496 sensor_converted=4294956496 xiao_rx=247059894 queue_push=247059896 core_rx=41217073
1785753681.912806 BNO_CORE_EVENT kind=1 report_seq=25 uart_sequence=26997 sensor_raw=4294956796 sensor_converted=4294956796 xiao_rx=247059904 queue_push=247059905 core_rx=41218809
1785753681.916025 BNO_CORE_EVENT kind=1 report_seq=26 uart_sequence=26998 sensor_raw=4294964696 sensor_converted=4294964696 xiao_rx=247059912 queue_push=247059914 core_rx=41220026
1785753681.917633 BNO_CORE_EVENT kind=4 report_seq=195 uart_sequence=26999 sensor_raw=4294958896 sensor_converted=4294958896 xiao_rx=247065644 queue_push=247065649 core_rx=41222091
1785753681.919160 BNO_CORE_EVENT kind=2 report_seq=11 uart_sequence=27000 sensor_raw=4294958896 sensor_converted=4294958896 xiao_rx=247065658 queue_push=247065659 core_rx=41223310
1785753681.922390 BNO_CORE_EVENT kind=3 report_seq=133 uart_sequence=27001 sensor_raw=4294958896 sensor_converted=4294958896 xiao_rx=247065671 queue_push=247065673 core_rx=41224379
1785753681.923918 BNO_CORE_EVENT kind=1 report_seq=27 uart_sequence=27002 sensor_raw=4294964896 sensor_converted=4294964896 xiao_rx=247065680 queue_push=247065681 core_rx=41225457
1785753681.925498 BNO_CORE_EVENT kind=2 report_seq=12 uart_sequence=27004 sensor_raw=4294962596 sensor_converted=4294962596 xiao_rx=247079057 queue_push=247079065 core_rx=41233303
1785753681.928486 BNO_CORE_EVENT kind=5 report_seq=133 uart_sequence=27005 sensor_raw=4294962596 sensor_converted=4294962596 xiao_rx=247079092 queue_push=247079094 core_rx=41235978
1785753681.931706 BNO_CORE_EVENT kind=1 report_seq=28 uart_sequence=27006 sensor_raw=4294966396 sensor_converted=4294966396 xiao_rx=247079101 queue_push=247079103 core_rx=41237263
1785753681.933316 BNO_CORE_EVENT kind=2 report_seq=13 uart_sequence=27007 sensor_raw=4294959496 sensor_converted=4294959496 xiao_rx=247084891 queue_push=247084893 core_rx=41238364
1785753681.934883 BNO_CORE_EVENT kind=3 report_seq=134 uart_sequence=27008 sensor_raw=4294959496 sensor_converted=4294959496 xiao_rx=247084904 queue_push=247084906 core_rx=41241092
1785753681.938025 BNO_CORE_EVENT kind=1 report_seq=29 uart_sequence=27009 sensor_raw=4294960896 sensor_converted=4294960896 xiao_rx=247084913 queue_push=247084914 core_rx=41242327
1785753681.939647 BNO_CORE_EVENT kind=1 report_seq=30 uart_sequence=27012 sensor_raw=4294963496 sensor_converted=4294963496 xiao_rx=247095135 queue_push=247095142 core_rx=41248307
1785753681.941219 BNO_CORE_EVENT kind=2 report_seq=14 uart_sequence=27013 sensor_raw=4294963496 sensor_converted=4294963496 xiao_rx=247095168 queue_push=247095171 core_rx=41250026
1785753681.944686 BNO_CORE_EVENT kind=5 report_seq=134 uart_sequence=27014 sensor_raw=4294963496 sensor_converted=4294963496 xiao_rx=247095178 queue_push=247095180 core_rx=41254004
1785753681.947258 BNO_CORE_EVENT kind=1 report_seq=31 uart_sequence=27015 sensor_raw=4294961096 sensor_converted=4294961096 xiao_rx=247100345 queue_push=247100349 core_rx=41255276
1785753681.948982 BNO_CORE_EVENT kind=2 report_seq=15 uart_sequence=27016 sensor_raw=4294962896 sensor_converted=4294962896 xiao_rx=247100362 queue_push=247100363 core_rx=41256347
1785753681.950597 BNO_CORE_EVENT kind=3 report_seq=135 uart_sequence=27017 sensor_raw=4294962896 sensor_converted=4294962896 xiao_rx=247100375 queue_push=247100376 core_rx=41257409
1785753681.953715 BNO_CORE_EVENT kind=4 report_seq=196 uart_sequence=27020 sensor_raw=4294957996 sensor_converted=4294957996 xiao_rx=247112216 queue_push=247112225 core_rx=41262151
1785753681.955318 BNO_CORE_EVENT kind=1 report_seq=32 uart_sequence=27021 sensor_raw=4294963396 sensor_converted=4294963396 xiao_rx=247112249 queue_push=247112251 core_rx=41264985
1785753681.956926 BNO_CORE_EVENT kind=2 report_seq=16 uart_sequence=27022 sensor_raw=4294956096 sensor_converted=4294956096 xiao_rx=247117457 queue_push=247117464 core_rx=41268186
1785753681.960155 BNO_CORE_EVENT kind=5 report_seq=135 uart_sequence=27023 sensor_raw=4294956096 sensor_converted=4294956096 xiao_rx=247117486 queue_push=247117488 core_rx=41269388
1785753681.962409 BNO_CORE_EVENT kind=1 report_seq=33 uart_sequence=27024 sensor_raw=4294959196 sensor_converted=4294959196 xiao_rx=247117494 queue_push=247117496 core_rx=41270474
1785753681.963973 BNO_CORE_EVENT kind=2 report_seq=17 uart_sequence=27027 sensor_raw=4294960896 sensor_converted=4294960896 xiao_rx=247125862 queue_push=247125870 core_rx=41281349
1785753681.967214 BNO_CORE_EVENT kind=3 report_seq=136 uart_sequence=27028 sensor_raw=4294960896 sensor_converted=4294960896 xiao_rx=247125899 queue_push=247125901 core_rx=41283946
1785753681.968744 BNO_CORE_EVENT kind=1 report_seq=34 uart_sequence=27029 sensor_raw=4294962096 sensor_converted=4294962096 xiao_rx=247125911 queue_push=247125913 core_rx=41285116
1785753681.970352 BNO_CORE_EVENT kind=1 report_seq=35 uart_sequence=27030 sensor_raw=4294962996 sensor_converted=4294962996 xiao_rx=247131318 queue_push=247131323 core_rx=41286218
1785753681.973601 BNO_CORE_EVENT kind=2 report_seq=18 uart_sequence=27031 sensor_raw=4294963096 sensor_converted=4294963096 xiao_rx=247131345 queue_push=247131347 core_rx=41287251
1785753681.975216 BNO_CORE_EVENT kind=5 report_seq=136 uart_sequence=27032 sensor_raw=4294963096 sensor_converted=4294963096 xiao_rx=247131354 queue_push=247131356 core_rx=41289305
1785753681.977968 BNO_CORE_EVENT kind=1 report_seq=36 uart_sequence=27034 sensor_raw=4294964096 sensor_converted=4294964096 xiao_rx=247142506 queue_push=247142513 core_rx=41293282
1785753681.979260 BNO_CORE_EVENT kind=4 report_seq=197 uart_sequence=27035 sensor_raw=4294955396 sensor_converted=4294955396 xiao_rx=247149065 queue_push=247149072 core_rx=41303876
1785753681.982400 BNO_CORE_EVENT kind=2 report_seq=19 uart_sequence=27036 sensor_raw=4294955496 sensor_converted=4294955496 xiao_rx=247149090 queue_push=247149093 core_rx=41305490
1785753681.984004 BNO_CORE_EVENT kind=3 report_seq=137 uart_sequence=27037 sensor_raw=4294955496 sensor_converted=4294955496 xiao_rx=247149106 queue_push=247149107 core_rx=41307158
1785753681.985526 BNO_CORE_EVENT kind=1 report_seq=37 uart_sequence=27038 sensor_raw=4294961396 sensor_converted=4294961396 xiao_rx=247149115 queue_push=247149116 core_rx=41308431
1785753681.988756 BNO_CORE_EVENT kind=2 report_seq=20 uart_sequence=27040 sensor_raw=4294959096 sensor_converted=4294959096 xiao_rx=247154735 queue_push=247154736 core_rx=41313191
1785753681.990366 BNO_CORE_EVENT kind=5 report_seq=137 uart_sequence=27041 sensor_raw=4294959096 sensor_converted=4294959096 xiao_rx=247154744 queue_push=247154746 core_rx=41314387
1785753681.991890 BNO_CORE_EVENT kind=1 report_seq=38 uart_sequence=27042 sensor_raw=4294962196 sensor_converted=4294962196 xiao_rx=247154752 queue_push=247154754 core_rx=41315498
1785753681.995925 BNO_CORE_EVENT kind=2 report_seq=21 uart_sequence=27044 sensor_raw=4294963696 sensor_converted=4294963696 xiao_rx=247167975 queue_push=247167983 core_rx=41317819
1785753681.997550 BNO_CORE_EVENT kind=3 report_seq=138 uart_sequence=27045 sensor_raw=4294963696 sensor_converted=4294963696 xiao_rx=247168010 queue_push=247168011 core_rx=41318893
1785753681.999077 BNO_CORE_EVENT kind=1 report_seq=39 uart_sequence=27046 sensor_raw=4294951296 sensor_converted=4294951296 xiao_rx=247176083 queue_push=247176090 core_rx=41388311
1785753682.002206 BNO_CORE_EVENT kind=1 report_seq=40 uart_sequence=27047 sensor_raw=4294959596 sensor_converted=4294959596 xiao_rx=247176105 queue_push=247176106 core_rx=41389598
1785753682.003822 BNO_CORE_EVENT kind=2 report_seq=22 uart_sequence=27048 sensor_raw=4294960896 sensor_converted=4294960896 xiao_rx=247176117 queue_push=247176119 core_rx=41390708
1785753682.005439 BNO_CORE_EVENT kind=5 report_seq=138 uart_sequence=27049 sensor_raw=4294960896 sensor_converted=4294960896 xiao_rx=247176127 queue_push=247176129 core_rx=41391784
1785753682.008664 BNO_CORE_EVENT kind=1 report_seq=41 uart_sequence=27050 sensor_raw=4294958996 sensor_converted=4294958996 xiao_rx=247180536 queue_push=247180540 core_rx=41392899
1785753682.011407 BNO_CORE_EVENT kind=2 report_seq=23 uart_sequence=27051 sensor_raw=4294962696 sensor_converted=4294962696 xiao_rx=247180550 queue_push=247180552 core_rx=41393972
1785753682.012842 BNO_CORE_EVENT kind=3 report_seq=139 uart_sequence=27052 sensor_raw=4294962696 sensor_converted=4294962696 xiao_rx=247180562 queue_push=247180564 core_rx=41395925
1785753682.015974 BNO_CORE_EVENT kind=4 report_seq=198 uart_sequence=27056 sensor_raw=4294958196 sensor_converted=4294958196 xiao_rx=247193349 queue_push=247193358 core_rx=41402533
1785753682.017495 BNO_CORE_EVENT kind=1 report_seq=42 uart_sequence=27057 sensor_raw=4294962196 sensor_converted=4294962196 xiao_rx=247193385 queue_push=247193387 core_rx=41404112
1785753682.019094 BNO_CORE_EVENT kind=2 report_seq=24 uart_sequence=27058 sensor_raw=4294955396 sensor_converted=4294955396 xiao_rx=247197641 queue_push=247197644 core_rx=41405336
1785753682.022224 BNO_CORE_EVENT kind=5 report_seq=139 uart_sequence=27059 sensor_raw=4294955396 sensor_converted=4294955396 xiao_rx=247197654 queue_push=247197655 core_rx=41406409
1785753682.023833 BNO_CORE_EVENT kind=1 report_seq=43 uart_sequence=27060 sensor_raw=4294957496 sensor_converted=4294957496 xiao_rx=247197662 queue_push=247197663 core_rx=41407484
1785753682.025401 BNO_CORE_EVENT kind=2 report_seq=25 uart_sequence=27061 sensor_raw=4294960896 sensor_converted=4294960896 xiao_rx=247206557 queue_push=247206565 core_rx=41409233
1785753682.028457 BNO_CORE_EVENT kind=3 report_seq=140 uart_sequence=27062 sensor_raw=4294960896 sensor_converted=4294960896 xiao_rx=247206593 queue_push=247206594 core_rx=41410467
1785753682.031649 BNO_CORE_EVENT kind=1 report_seq=44 uart_sequence=27063 sensor_raw=4294960996 sensor_converted=4294960996 xiao_rx=247206605 queue_push=247206606 core_rx=41411542
1785753682.033260 BNO_CORE_EVENT kind=1 report_seq=45 uart_sequence=27064 sensor_raw=4294960496 sensor_converted=4294960496 xiao_rx=247211515 queue_push=247211516 core_rx=41412614
1785753682.034876 BNO_CORE_EVENT kind=2 report_seq=26 uart_sequence=27065 sensor_raw=4294961996 sensor_converted=4294961996 xiao_rx=247211527 queue_push=247211529 core_rx=41413677
1785753682.038103 BNO_CORE_EVENT kind=5 report_seq=140 uart_sequence=27066 sensor_raw=4294961996 sensor_converted=4294961996 xiao_rx=247211536 queue_push=247211538 core_rx=41414748
1785753682.039710 BNO_CORE_EVENT kind=1 report_seq=46 uart_sequence=27070 sensor_raw=4294963096 sensor_converted=4294963096 xiao_rx=247223231 queue_push=247223241 core_rx=41422178
1785753682.041312 BNO_CORE_EVENT kind=2 report_seq=27 uart_sequence=27072 sensor_raw=4294954896 sensor_converted=4294954896 xiao_rx=247232273 queue_push=247232280 core_rx=41425848
1785753682.044401 BNO_CORE_EVENT kind=3 report_seq=141 uart_sequence=27073 sensor_raw=4294954896 sensor_converted=4294954896 xiao_rx=247232307 queue_push=247232308 core_rx=41427047
1785753682.047131 BNO_CORE_EVENT kind=4 report_seq=199 uart_sequence=27074 sensor_raw=4294955196 sensor_converted=4294955196 xiao_rx=247232316 queue_push=247232318 core_rx=41428159
1785753682.049213 BNO_CORE_EVENT kind=1 report_seq=47 uart_sequence=27075 sensor_raw=4294959196 sensor_converted=4294959196 xiao_rx=247232325 queue_push=247232326 core_rx=41429254
1785753682.050834 BNO_CORE_EVENT kind=2 report_seq=28 uart_sequence=27076 sensor_raw=4294955996 sensor_converted=4294955996 xiao_rx=247241437 queue_push=247241445 core_rx=41430314
1785753682.052371 BNO_CORE_EVENT kind=5 report_seq=141 uart_sequence=27077 sensor_raw=4294955996 sensor_converted=4294955996 xiao_rx=247241472 queue_push=247241474 core_rx=41432874
1785753682.055609 BNO_CORE_EVENT kind=1 report_seq=48 uart_sequence=27078 sensor_raw=4294957796 sensor_converted=4294957796 xiao_rx=247241481 queue_push=247241483 core_rx=41434082
1785753682.057220 BNO_CORE_EVENT kind=2 report_seq=29 uart_sequence=27080 sensor_raw=4294956896 sensor_converted=4294956896 xiao_rx=247251874 queue_push=247251882 core_rx=41437032
1785753682.058830 BNO_CORE_EVENT kind=3 report_seq=142 uart_sequence=27081 sensor_raw=4294956896 sensor_converted=4294956896 xiao_rx=247251908 queue_push=247251910 core_rx=41438108
1785753682.061876 BNO_CORE_EVENT kind=1 report_seq=49 uart_sequence=27082 sensor_raw=4294956896 sensor_converted=4294956896 xiao_rx=247251920 queue_push=247251922 core_rx=41439412
1785753682.065042 BNO_CORE_EVENT kind=1 report_seq=50 uart_sequence=27083 sensor_raw=4294964696 sensor_converted=4294964696 xiao_rx=247251928 queue_push=247251930 core_rx=41440514
1785753682.066566 BNO_CORE_EVENT kind=2 report_seq=30 uart_sequence=27086 sensor_raw=4294955896 sensor_converted=4294955896 xiao_rx=247262444 queue_push=247262453 core_rx=41444463
1785753682.069700 BNO_CORE_EVENT kind=5 report_seq=142 uart_sequence=27087 sensor_raw=4294955896 sensor_converted=4294955896 xiao_rx=247262484 queue_push=247262486 core_rx=41446276
1785753682.071271 BNO_CORE_EVENT kind=1 report_seq=51 uart_sequence=27088 sensor_raw=4294961796 sensor_converted=4294961796 xiao_rx=247262492 queue_push=247262494 core_rx=41447516
1785753682.072890 BNO_CORE_EVENT kind=4 report_seq=200 uart_sequence=27089 sensor_raw=4294955596 sensor_converted=4294955596 xiao_rx=247267854 queue_push=247267859 core_rx=41448617
1785753682.076183 BNO_CORE_EVENT kind=2 report_seq=31 uart_sequence=27090 sensor_raw=4294955696 sensor_converted=4294955696 xiao_rx=247267868 queue_push=247267870 core_rx=41449712
1785753682.078098 BNO_CORE_EVENT kind=3 report_seq=143 uart_sequence=27091 sensor_raw=4294955696 sensor_converted=4294955696 xiao_rx=247267881 queue_push=247267883 core_rx=41450808
1785753682.080585 BNO_CORE_EVENT kind=1 report_seq=52 uart_sequence=27092 sensor_raw=4294959596 sensor_converted=4294959596 xiao_rx=247267889 queue_push=247267891 core_rx=41451876
1785753682.082188 BNO_CORE_EVENT kind=2 report_seq=32 uart_sequence=27094 sensor_raw=4294960396 sensor_converted=4294960396 xiao_rx=247279829 queue_push=247279837 core_rx=41455121
1785753682.083795 BNO_CORE_EVENT kind=5 report_seq=143 uart_sequence=27095 sensor_raw=4294960396 sensor_converted=4294960396 xiao_rx=247279861 queue_push=247279863 core_rx=41456260
1785753682.087018 BNO_CORE_EVENT kind=1 report_seq=53 uart_sequence=27096 sensor_raw=4294961996 sensor_converted=4294961996 xiao_rx=247279869 queue_push=247279871 core_rx=41457333
1785753682.088638 BNO_CORE_EVENT kind=1 report_seq=54 uart_sequence=27099 sensor_raw=4294958396 sensor_converted=4294958396 xiao_rx=247287555 queue_push=247287560 core_rx=41462295
1785753682.090253 BNO_CORE_EVENT kind=2 report_seq=33 uart_sequence=27100 sensor_raw=4294958396 sensor_converted=4294958396 xiao_rx=247287584 queue_push=247287587 core_rx=41463487
1785753682.093311 BNO_CORE_EVENT kind=3 report_seq=144 uart_sequence=27101 sensor_raw=4294958396 sensor_converted=4294958396 xiao_rx=247287598 queue_push=247287600 core_rx=41464543
1785753682.096103 BNO_CORE_EVENT kind=1 report_seq=55 uart_sequence=27102 sensor_raw=4294965896 sensor_converted=4294965896 xiao_rx=247287607 queue_push=247287608 core_rx=41465618
1785753682.099004 BNO_CORE_EVENT kind=2 report_seq=34 uart_sequence=27103 sensor_raw=4294961096 sensor_converted=4294961096 xiao_rx=247294051 queue_push=247294057 core_rx=41466673
1785753682.100605 BNO_CORE_EVENT kind=5 report_seq=144 uart_sequence=27104 sensor_raw=4294961096 sensor_converted=4294961096 xiao_rx=247294075 queue_push=247294077 core_rx=41469255
1785753682.102130 BNO_CORE_EVENT kind=1 report_seq=56 uart_sequence=27105 sensor_raw=4294966196 sensor_converted=4294966196 xiao_rx=247294084 queue_push=247294086 core_rx=41470542
1785753682.105363 BNO_CORE_EVENT kind=2 report_seq=35 uart_sequence=27106 sensor_raw=4294964096 sensor_converted=4294964096 xiao_rx=247297604 queue_push=247297608 core_rx=41471645
1785753682.106974 BNO_CORE_EVENT kind=3 report_seq=145 uart_sequence=27107 sensor_raw=4294964096 sensor_converted=4294964096 xiao_rx=247297621 queue_push=247297623 core_rx=41472741
1785753682.108583 BNO_CORE_EVENT kind=4 report_seq=201 uart_sequence=27109 sensor_raw=4294960796 sensor_converted=4294960796 xiao_rx=247312119 queue_push=247312128 core_rx=41477346
1785753682.111963 BNO_CORE_EVENT kind=1 report_seq=57 uart_sequence=27110 sensor_raw=4294963896 sensor_converted=4294963896 xiao_rx=247312152 queue_push=247312153 core_rx=41478634
1785753682.114815 BNO_CORE_EVENT kind=2 report_seq=36 uart_sequence=27112 sensor_raw=4294956296 sensor_converted=4294956296 xiao_rx=247318385 queue_push=247318391 core_rx=41481894
1785753682.116428 BNO_CORE_EVENT kind=5 report_seq=145 uart_sequence=27113 sensor_raw=4294956296 sensor_converted=4294956296 xiao_rx=247318412 queue_push=247318413 core_rx=41484005
1785753682.117950 BNO_CORE_EVENT kind=1 report_seq=58 uart_sequence=27114 sensor_raw=4294957196 sensor_converted=4294957196 xiao_rx=247318421 queue_push=247318422 core_rx=41485281
1785753682.121140 BNO_CORE_EVENT kind=1 report_seq=59 uart_sequence=27115 sensor_raw=4294965096 sensor_converted=4294965096 xiao_rx=247318429 queue_push=247318430 core_rx=41486381
1785753682.122764 BNO_CORE_EVENT kind=2 report_seq=37 uart_sequence=27116 sensor_raw=4294959796 sensor_converted=4294959796 xiao_rx=247322654 queue_push=247322657 core_rx=41487493
1785753682.124397 BNO_CORE_EVENT kind=3 report_seq=146 uart_sequence=27117 sensor_raw=4294959796 sensor_converted=4294959796 xiao_rx=247322673 queue_push=247322675 core_rx=41488612
1785753682.127767 BNO_CORE_EVENT kind=1 report_seq=60 uart_sequence=27121 sensor_raw=4294962796 sensor_converted=4294962796 xiao_rx=247334478 queue_push=247334485 core_rx=41494473
1785753682.129560 BNO_CORE_EVENT kind=2 report_seq=38 uart_sequence=27122 sensor_raw=4294953596 sensor_converted=4294953596 xiao_rx=247340745 queue_push=247340748 core_rx=41495643
1785753682.131295 BNO_CORE_EVENT kind=5 report_seq=146 uart_sequence=27123 sensor_raw=4294953596 sensor_converted=4294953596 xiao_rx=247340756 queue_push=247340758 core_rx=41496711
1785753682.134450 BNO_CORE_EVENT kind=1 report_seq=61 uart_sequence=27124 sensor_raw=4294959096 sensor_converted=4294959096 xiao_rx=247340765 queue_push=247340766 core_rx=41498831
1785753682.135996 BNO_CORE_EVENT kind=2 report_seq=39 uart_sequence=27125 sensor_raw=4294963796 sensor_converted=4294963796 xiao_rx=247340773 queue_push=247340774 core_rx=41500057
1785753682.139230 BNO_CORE_EVENT kind=3 report_seq=147 uart_sequence=27126 sensor_raw=4294963796 sensor_converted=4294963796 xiao_rx=247340785 queue_push=247340787 core_rx=41501121
1785753682.140846 BNO_CORE_EVENT kind=4 report_seq=202 uart_sequence=27127 sensor_raw=4294957596 sensor_converted=4294957596 xiao_rx=247350333 queue_push=247350341 core_rx=41502189
1785753682.142463 BNO_CORE_EVENT kind=1 report_seq=62 uart_sequence=27128 sensor_raw=4294960296 sensor_converted=4294960296 xiao_rx=247350365 queue_push=247350368 core_rx=41503290
1785753682.145159 BNO_CORE_EVENT kind=2 report_seq=40 uart_sequence=27130 sensor_raw=4294957696 sensor_converted=4294957696 xiao_rx=247356866 queue_push=247356873 core_rx=41509317
1785753682.148456 BNO_CORE_EVENT kind=5 report_seq=147 uart_sequence=27131 sensor_raw=4294957696 sensor_converted=4294957696 xiao_rx=247356900 queue_push=247356902 core_rx=41511982
1785753682.150087 BNO_CORE_EVENT kind=1 report_seq=63 uart_sequence=27132 sensor_raw=4294958596 sensor_converted=4294958596 xiao_rx=247356908 queue_push=247356910 core_rx=41513246
1785753682.151694 BNO_CORE_EVENT kind=1 report_seq=64 uart_sequence=27133 sensor_raw=4294966596 sensor_converted=4294966596 xiao_rx=247356917 queue_push=247356918 core_rx=41514338
1785753682.154917 BNO_CORE_EVENT kind=2 report_seq=41 uart_sequence=27134 sensor_raw=4294961996 sensor_converted=4294961996 xiao_rx=247360829 queue_push=247360833 core_rx=41517094
1785753682.156533 BNO_CORE_EVENT kind=3 report_seq=148 uart_sequence=27135 sensor_raw=4294961996 sensor_converted=4294961996 xiao_rx=247360846 queue_push=247360848 core_rx=41518374
1785753682.158140 BNO_CORE_EVENT kind=1 report_seq=65 uart_sequence=27137 sensor_raw=4294963896 sensor_converted=4294963896 xiao_rx=247371438 queue_push=247371445 core_rx=41522340
1785753682.161201 BNO_CORE_EVENT kind=2 report_seq=42 uart_sequence=27138 sensor_raw=4294956596 sensor_converted=4294956596 xiao_rx=247377002 queue_push=247377009 core_rx=41525314
1785753682.164313 BNO_CORE_EVENT kind=5 report_seq=148 uart_sequence=27139 sensor_raw=4294956596 sensor_converted=4294956596 xiao_rx=247377031 queue_push=247377033 core_rx=41527959
1785753682.165831 BNO_CORE_EVENT kind=1 report_seq=66 uart_sequence=27140 sensor_raw=4294961696 sensor_converted=4294961696 xiao_rx=247377039 queue_push=247377041 core_rx=41529145
1785753682.168930 BNO_CORE_EVENT kind=4 report_seq=203 uart_sequence=27144 sensor_raw=4294960896 sensor_converted=4294960896 xiao_rx=247385909 queue_push=247385920 core_rx=41541321
1785753682.170451 BNO_CORE_EVENT kind=2 report_seq=43 uart_sequence=27145 sensor_raw=4294960996 sensor_converted=4294960996 xiao_rx=247385938 queue_push=247385941 core_rx=41543558
1785753682.173491 BNO_CORE_EVENT kind=3 report_seq=149 uart_sequence=27146 sensor_raw=4294960996 sensor_converted=4294960996 xiao_rx=247385955 queue_push=247385956 core_rx=41544816
1785753682.176289 BNO_CORE_EVENT kind=1 report_seq=67 uart_sequence=27147 sensor_raw=4294963596 sensor_converted=4294963596 xiao_rx=247385966 queue_push=247385968 core_rx=41545901
1785753682.177806 BNO_CORE_EVENT kind=2 report_seq=44 uart_sequence=27148 sensor_raw=4294962196 sensor_converted=4294962196 xiao_rx=247391584 queue_push=247391589 core_rx=41548088
1785753682.180911 BNO_CORE_EVENT kind=5 report_seq=149 uart_sequence=27149 sensor_raw=4294962196 sensor_converted=4294962196 xiao_rx=247391610 queue_push=247391612 core_rx=41549249
1785753682.183960 BNO_CORE_EVENT kind=1 report_seq=68 uart_sequence=27150 sensor_raw=4294962696 sensor_converted=4294962696 xiao_rx=247391618 queue_push=247391620 core_rx=41550317
1785753682.185475 BNO_CORE_EVENT kind=1 report_seq=69 uart_sequence=27151 sensor_raw=4294964996 sensor_converted=4294964996 xiao_rx=247400989 queue_push=247400996 core_rx=41551895
1785753682.188506 BNO_CORE_EVENT kind=2 report_seq=45 uart_sequence=27152 sensor_raw=4294956996 sensor_converted=4294956996 xiao_rx=247406257 queue_push=247406264 core_rx=41555310
1785753682.190021 BNO_CORE_EVENT kind=3 report_seq=150 uart_sequence=27153 sensor_raw=4294956996 sensor_converted=4294956996 xiao_rx=247406291 queue_push=247406292 core_rx=41557972
1785753682.193127 BNO_CORE_EVENT kind=1 report_seq=70 uart_sequence=27154 sensor_raw=4294963696 sensor_converted=4294963696 xiao_rx=247406299 queue_push=247406301 core_rx=41559182
1785753682.196072 BNO_CORE_EVENT kind=2 report_seq=46 uart_sequence=27155 sensor_raw=4294961896 sensor_converted=4294961896 xiao_rx=247414510 queue_push=247414518 core_rx=41566333
1785753682.197795 BNO_CORE_EVENT kind=5 report_seq=150 uart_sequence=27156 sensor_raw=4294961896 sensor_converted=4294961896 xiao_rx=247414547 queue_push=247414549 core_rx=41569352
1785753682.200933 BNO_CORE_EVENT kind=1 report_seq=71 uart_sequence=27157 sensor_raw=4294966096 sensor_converted=4294966096 xiao_rx=247414555 queue_push=247414557 core_rx=41570586
1785753682.202504 BNO_CORE_EVENT kind=2 report_seq=47 uart_sequence=27158 sensor_raw=4294963696 sensor_converted=4294963696 xiao_rx=247418047 queue_push=247418049 core_rx=41572619
1785753682.204027 BNO_CORE_EVENT kind=3 report_seq=151 uart_sequence=27159 sensor_raw=4294963696 sensor_converted=4294963696 xiao_rx=247418059 queue_push=247418061 core_rx=41573778
1785753682.207151 BNO_CORE_EVENT kind=4 report_seq=204 uart_sequence=27162 sensor_raw=4294959996 sensor_converted=4294959996 xiao_rx=247430943 queue_push=247430952 core_rx=41581321
1785753682.208732 BNO_CORE_EVENT kind=1 report_seq=72 uart_sequence=27163 sensor_raw=4294962096 sensor_converted=4294962096 xiao_rx=247430975 queue_push=247430976 core_rx=41582588
1785753682.211745 BNO_CORE_EVENT kind=1 report_seq=73 uart_sequence=27166 sensor_raw=4294957496 sensor_converted=4294957496 xiao_rx=247440755 queue_push=247440761 core_rx=41594371
1785753682.214563 BNO_CORE_EVENT kind=2 report_seq=48 uart_sequence=27167 sensor_raw=4294957496 sensor_converted=4294957496 xiao_rx=247440786 queue_push=247440789 core_rx=41596945
1785753682.217612 BNO_CORE_EVENT kind=5 report_seq=151 uart_sequence=27168 sensor_raw=4294957496 sensor_converted=4294957496 xiao_rx=247440796 queue_push=247440797 core_rx=41598113
1785753682.219133 BNO_CORE_EVENT kind=1 report_seq=74 uart_sequence=27169 sensor_raw=4294964896 sensor_converted=4294964896 xiao_rx=247440804 queue_push=247440806 core_rx=41599189
1785753682.222177 BNO_CORE_EVENT kind=2 report_seq=49 uart_sequence=27170 sensor_raw=4294957296 sensor_converted=4294957296 xiao_rx=247445227 queue_push=247445228 core_rx=41600263
1785753682.223704 BNO_CORE_EVENT kind=3 report_seq=152 uart_sequence=27171 sensor_raw=4294957296 sensor_converted=4294957296 xiao_rx=247445240 queue_push=247445241 core_rx=41602785
1785753682.226450 BNO_CORE_EVENT kind=1 report_seq=75 uart_sequence=27172 sensor_raw=4294963096 sensor_converted=4294963096 xiao_rx=247445249 queue_push=247445251 core_rx=41603921
1785753682.228953 BNO_CORE_EVENT kind=2 report_seq=50 uart_sequence=27175 sensor_raw=4294962996 sensor_converted=4294962996 xiao_rx=247455848 queue_push=247455856 core_rx=41613319
1785753682.231946 BNO_CORE_EVENT kind=5 report_seq=152 uart_sequence=27176 sensor_raw=4294962996 sensor_converted=4294962996 xiao_rx=247455882 queue_push=247455883 core_rx=41615958
1785753682.233464 BNO_CORE_EVENT kind=1 report_seq=76 uart_sequence=27177 sensor_raw=4294966796 sensor_converted=4294966796 xiao_rx=247455890 queue_push=247455892 core_rx=41617134
1785753682.237729 BNO_CORE_EVENT kind=2 report_seq=51 uart_sequence=27178 sensor_raw=4294963296 sensor_converted=4294963296 xiao_rx=247460183 queue_push=247460187 core_rx=41618234
1785753682.239248 BNO_CORE_EVENT kind=3 report_seq=153 uart_sequence=27179 sensor_raw=4294963296 sensor_converted=4294963296 xiao_rx=247460217 queue_push=247460218 core_rx=41619772
1785753682.242321 BNO_CORE_EVENT kind=4 report_seq=205 uart_sequence=27180 sensor_raw=4294958396 sensor_converted=4294958396 xiao_rx=247464227 queue_push=247464233 core_rx=41621031
1785753682.245158 BNO_CORE_EVENT kind=1 report_seq=77 uart_sequence=27181 sensor_raw=4294959596 sensor_converted=4294959596 xiao_rx=247464242 queue_push=247464244 core_rx=41622127
1785753682.249590 BNO_CORE_EVENT kind=1 report_seq=78 uart_sequence=27184 sensor_raw=4294964096 sensor_converted=4294964096 xiao_rx=247476971 queue_push=247476978 core_rx=41633884
1785753682.252637 BNO_CORE_EVENT kind=2 report_seq=52 uart_sequence=27185 sensor_raw=4294964096 sensor_converted=4294964096 xiao_rx=247477003 queue_push=247477006 core_rx=41635505
1785753682.255769 BNO_CORE_EVENT kind=5 report_seq=153 uart_sequence=27186 sensor_raw=4294951396 sensor_converted=4294951396 xiao_rx=247484627 queue_push=247484628 core_rx=41637607
1785753682.258853 BNO_CORE_EVENT kind=1 report_seq=79 uart_sequence=27187 sensor_raw=4294958996 sensor_converted=4294958996 xiao_rx=247484635 queue_push=247484636 core_rx=41638851
1785753682.262296 BNO_CORE_EVENT kind=2 report_seq=53 uart_sequence=27189 sensor_raw=4294961496 sensor_converted=4294961496 xiao_rx=247484643 queue_push=247484644 core_rx=41642903
1785753682.264989 BNO_CORE_EVENT kind=3 report_seq=154 uart_sequence=27191 sensor_raw=4294961496 sensor_converted=4294961496 xiao_rx=247484655 queue_push=247484657 core_rx=41644517
1785753682.266755 BNO_CORE_EVENT kind=1 report_seq=80 uart_sequence=27192 sensor_raw=4294966596 sensor_converted=4294966596 xiao_rx=247484664 queue_push=247484666 core_rx=41646269
1785753682.269048 BNO_CORE_EVENT kind=2 report_seq=54 uart_sequence=27194 sensor_raw=4294963496 sensor_converted=4294963496 xiao_rx=247498145 queue_push=247498153 core_rx=41648825
1785753682.271298 BNO_CORE_EVENT kind=5 report_seq=154 uart_sequence=27195 sensor_raw=4294963496 sensor_converted=4294963496 xiao_rx=247498180 queue_push=247498182 core_rx=41649986
1785753682.273560 BNO_CORE_EVENT kind=1 report_seq=81 uart_sequence=27196 sensor_raw=4294953296 sensor_converted=4294953296 xiao_rx=247506529 queue_push=247506536 core_rx=41660306
1785753682.275585 BNO_CORE_EVENT kind=2 report_seq=55 uart_sequence=27197 sensor_raw=4294960096 sensor_converted=4294960096 xiao_rx=247506563 queue_push=247506565 core_rx=41663343
1785753682.277944 BNO_CORE_EVENT kind=3 report_seq=155 uart_sequence=27198 sensor_raw=4294960096 sensor_converted=4294960096 xiao_rx=247506577 queue_push=247506579 core_rx=41664623
1785753682.280145 BNO_CORE_EVENT kind=4 report_seq=206 uart_sequence=27199 sensor_raw=4294960096 sensor_converted=4294960096 xiao_rx=247506587 queue_push=247506588 core_rx=41666611
1785753682.283178 BNO_CORE_EVENT kind=1 report_seq=82 uart_sequence=27200 sensor_raw=4294961196 sensor_converted=4294961196 xiao_rx=247506595 queue_push=247506597 core_rx=41667784
1785753682.284687 BNO_CORE_EVENT kind=1 report_seq=83 uart_sequence=27201 sensor_raw=4294961296 sensor_converted=4294961296 xiao_rx=247512158 queue_push=247512160 core_rx=41668894
1785753682.287707 BNO_CORE_EVENT kind=2 report_seq=56 uart_sequence=27202 sensor_raw=4294961596 sensor_converted=4294961596 xiao_rx=247512166 queue_push=247512168 core_rx=41669965
1785753682.289216 BNO_CORE_EVENT kind=5 report_seq=155 uart_sequence=27203 sensor_raw=4294961596 sensor_converted=4294961596 xiao_rx=247512175 queue_push=247512177 core_rx=41671029
1785753682.290725 BNO_CORE_EVENT kind=1 report_seq=84 uart_sequence=27205 sensor_raw=4294963496 sensor_converted=4294963496 xiao_rx=247522366 queue_push=247522373 core_rx=41676286
1785753682.294595 BNO_CORE_EVENT kind=2 report_seq=57 uart_sequence=27206 sensor_raw=4294955596 sensor_converted=4294955596 xiao_rx=247526816 queue_push=247526819 core_rx=41679002
1785753682.296473 BNO_CORE_EVENT kind=3 report_seq=156 uart_sequence=27207 sensor_raw=4294955596 sensor_converted=4294955596 xiao_rx=247526834 queue_push=247526835 core_rx=41680250
1785753682.298083 BNO_CORE_EVENT kind=1 report_seq=85 uart_sequence=27208 sensor_raw=4294960996 sensor_converted=4294960996 xiao_rx=247526842 queue_push=247526843 core_rx=41681327
1785753682.301302 BNO_CORE_EVENT kind=2 report_seq=58 uart_sequence=27210 sensor_raw=4294961296 sensor_converted=4294961296 xiao_rx=247536379 queue_push=247536387 core_rx=41692319
1785753682.302912 BNO_CORE_EVENT kind=5 report_seq=156 uart_sequence=27211 sensor_raw=4294961296 sensor_converted=4294961296 xiao_rx=247536415 queue_push=247536416 core_rx=41694945
1785753682.304523 BNO_CORE_EVENT kind=1 report_seq=86 uart_sequence=27212 sensor_raw=4294964196 sensor_converted=4294964196 xiao_rx=247536424 queue_push=247536425 core_rx=41696124
1785753682.307742 BNO_CORE_EVENT kind=2 report_seq=59 uart_sequence=27213 sensor_raw=4294961996 sensor_converted=4294961996 xiao_rx=247543095 queue_push=247543098 core_rx=41697227
1785753682.309351 BNO_CORE_EVENT kind=3 report_seq=157 uart_sequence=27214 sensor_raw=4294961996 sensor_converted=4294961996 xiao_rx=247543113 queue_push=247543115 core_rx=41698623
1785753682.314090 BNO_CORE_EVENT kind=4 report_seq=207 uart_sequence=27215 sensor_raw=4294961996 sensor_converted=4294961996 xiao_rx=247543122 queue_push=247543124 core_rx=41699766
1785753682.315695 BNO_CORE_EVENT kind=1 report_seq=87 uart_sequence=27216 sensor_raw=4294962496 sensor_converted=4294962496 xiao_rx=247543131 queue_push=247543132 core_rx=41700869
1785753682.317220 BNO_CORE_EVENT kind=1 report_seq=88 uart_sequence=27221 sensor_raw=4294963696 sensor_converted=4294963696 xiao_rx=247558240 queue_push=247558248 core_rx=41714296
1785753682.320383 BNO_CORE_EVENT kind=2 report_seq=60 uart_sequence=27222 sensor_raw=4294964896 sensor_converted=4294964896 xiao_rx=247558282 queue_push=247558285 core_rx=41716975
1785753682.321951 BNO_CORE_EVENT kind=5 report_seq=157 uart_sequence=27223 sensor_raw=4294949896 sensor_converted=4294949896 xiao_rx=247565830 queue_push=247565832 core_rx=41718223
1785753682.323476 BNO_CORE_EVENT kind=1 report_seq=89 uart_sequence=27224 sensor_raw=4294956896 sensor_converted=4294956896 xiao_rx=247565842 queue_push=247565844 core_rx=41719326
1785753682.326691 BNO_CORE_EVENT kind=2 report_seq=61 uart_sequence=27225 sensor_raw=4294960096 sensor_converted=4294960096 xiao_rx=247565852 queue_push=247565853 core_rx=41722095
1785753682.329146 BNO_CORE_EVENT kind=3 report_seq=158 uart_sequence=27226 sensor_raw=4294960096 sensor_converted=4294960096 xiao_rx=247565866 queue_push=247565868 core_rx=41723344
1785753682.332208 BNO_CORE_EVENT kind=1 report_seq=90 uart_sequence=27227 sensor_raw=4294964496 sensor_converted=4294964496 xiao_rx=247565875 queue_push=247565877 core_rx=41724410
1785753682.333813 BNO_CORE_EVENT kind=2 report_seq=62 uart_sequence=27229 sensor_raw=4294962196 sensor_converted=4294962196 xiao_rx=247576369 queue_push=247576377 core_rx=41737445
1785753682.335443 BNO_CORE_EVENT kind=5 report_seq=158 uart_sequence=27230 sensor_raw=4294962196 sensor_converted=4294962196 xiao_rx=247576403 queue_push=247576405 core_rx=41739799
1785753682.338585 BNO_CORE_EVENT kind=1 report_seq=91 uart_sequence=27231 sensor_raw=4294964696 sensor_converted=4294964696 xiao_rx=247576412 queue_push=247576413 core_rx=41742411
1785753682.340209 BNO_CORE_EVENT kind=2 report_seq=63 uart_sequence=27232 sensor_raw=4294961996 sensor_converted=4294961996 xiao_rx=247583078 queue_push=247583080 core_rx=41743660
1785753682.341824 BNO_CORE_EVENT kind=3 report_seq=159 uart_sequence=27233 sensor_raw=4294961996 sensor_converted=4294961996 xiao_rx=247583091 queue_push=247583093 core_rx=41744737
1785753682.345959 BNO_CORE_EVENT kind=4 report_seq=208 uart_sequence=27234 sensor_raw=4294961996 sensor_converted=4294961996 xiao_rx=247583100 queue_push=247583102 core_rx=41746603
1785753682.347487 BNO_CORE_EVENT kind=1 report_seq=92 uart_sequence=27235 sensor_raw=4294961996 sensor_converted=4294961996 xiao_rx=247583109 queue_push=247583111 core_rx=41747797
1785753682.350550 BNO_CORE_EVENT kind=1 report_seq=93 uart_sequence=27236 sensor_raw=4294963496 sensor_converted=4294963496 xiao_rx=247585522 queue_push=247585524 core_rx=41748874
1785753682.352081 BNO_CORE_EVENT kind=2 report_seq=64 uart_sequence=27239 sensor_raw=4294962596 sensor_converted=4294962596 xiao_rx=247601166 queue_push=247601174 core_rx=41753285
1785753682.353692 BNO_CORE_EVENT kind=5 report_seq=159 uart_sequence=27240 sensor_raw=4294962596 sensor_converted=4294962596 xiao_rx=247601204 queue_push=247601205 core_rx=41754485
1785753682.356915 BNO_CORE_EVENT kind=1 report_seq=94 uart_sequence=27242 sensor_raw=4294953496 sensor_converted=4294953496 xiao_rx=247609570 queue_push=247609577 core_rx=41762317
1785753682.358522 BNO_CORE_EVENT kind=2 report_seq=65 uart_sequence=27243 sensor_raw=4294957096 sensor_converted=4294957096 xiao_rx=247609603 queue_push=247609605 core_rx=41765327
1785753682.361232 BNO_CORE_EVENT kind=3 report_seq=160 uart_sequence=27244 sensor_raw=4294957096 sensor_converted=4294957096 xiao_rx=247609617 queue_push=247609618 core_rx=41766559
1785753682.363918 BNO_CORE_EVENT kind=1 report_seq=95 uart_sequence=27245 sensor_raw=4294960996 sensor_converted=4294960996 xiao_rx=247609625 queue_push=247609627 core_rx=41768320
1785753682.365527 BNO_CORE_EVENT kind=2 report_seq=66 uart_sequence=27246 sensor_raw=4294958596 sensor_converted=4294958596 xiao_rx=247614483 queue_push=247614485 core_rx=41769567
1785753682.368755 BNO_CORE_EVENT kind=5 report_seq=160 uart_sequence=27247 sensor_raw=4294958596 sensor_converted=4294958596 xiao_rx=247614492 queue_push=247614494 core_rx=41770641
1785753682.370358 BNO_CORE_EVENT kind=1 report_seq=96 uart_sequence=27248 sensor_raw=4294960596 sensor_converted=4294960596 xiao_rx=247614500 queue_push=247614502 core_rx=41771716
1785753682.371964 BNO_CORE_EVENT kind=1 report_seq=97 uart_sequence=27250 sensor_raw=4294963696 sensor_converted=4294963696 xiao_rx=247626681 queue_push=247626688 core_rx=41781327
1785753682.375154 BNO_CORE_EVENT kind=4 report_seq=209 uart_sequence=27251 sensor_raw=4294963696 sensor_converted=4294963696 xiao_rx=247626737 queue_push=247626739 core_rx=41784022
1785753682.376678 BNO_CORE_EVENT kind=2 report_seq=67 uart_sequence=27252 sensor_raw=4294963696 sensor_converted=4294963696 xiao_rx=247626747 queue_push=247626750 core_rx=41785321
1785753682.379139 BNO_CORE_EVENT kind=3 report_seq=161 uart_sequence=27253 sensor_raw=4294951396 sensor_converted=4294951396 xiao_rx=247632089 queue_push=247632092 core_rx=41786400
1785753682.382238 BNO_CORE_EVENT kind=1 report_seq=98 uart_sequence=27254 sensor_raw=4294959696 sensor_converted=4294959696 xiao_rx=247632099 queue_push=247632101 core_rx=41789313
1785753682.383847 BNO_CORE_EVENT kind=2 report_seq=68 uart_sequence=27255 sensor_raw=4294961796 sensor_converted=4294961796 xiao_rx=247632108 queue_push=247632110 core_rx=41790484
1785753682.387076 BNO_CORE_EVENT kind=5 report_seq=161 uart_sequence=27256 sensor_raw=4294961796 sensor_converted=4294961796 xiao_rx=247632117 queue_push=247632118 core_rx=41791611
1785753682.388686 BNO_CORE_EVENT kind=1 report_seq=99 uart_sequence=27257 sensor_raw=4294961496 sensor_converted=4294961496 xiao_rx=247641569 queue_push=247641576 core_rx=41794296
1785753682.390296 BNO_CORE_EVENT kind=2 report_seq=69 uart_sequence=27258 sensor_raw=4294956496 sensor_converted=4294956496 xiao_rx=247646099 queue_push=247646102 core_rx=41796080
1785753682.393586 BNO_CORE_EVENT kind=3 report_seq=162 uart_sequence=27259 sensor_raw=4294956496 sensor_converted=4294956496 xiao_rx=247646113 queue_push=247646115 core_rx=41798974
1785753682.395987 BNO_CORE_EVENT kind=1 report_seq=100 uart_sequence=27260 sensor_raw=4294960096 sensor_converted=4294960096 xiao_rx=247646122 queue_push=247646124 core_rx=41800237
1785753682.397571 BNO_CORE_EVENT kind=2 report_seq=70 uart_sequence=27265 sensor_raw=4294961896 sensor_converted=4294961896 xiao_rx=247660165 queue_push=247660173 core_rx=41816300
1785753682.400689 BNO_CORE_EVENT kind=5 report_seq=162 uart_sequence=27266 sensor_raw=4294961896 sensor_converted=4294961896 xiao_rx=247660203 queue_push=247660205 core_rx=41818984
1785753682.402304 BNO_CORE_EVENT kind=1 report_seq=101 uart_sequence=27267 sensor_raw=4294963496 sensor_converted=4294963496 xiao_rx=247660214 queue_push=247660215 core_rx=41820254
1785753682.403918 BNO_CORE_EVENT kind=1 report_seq=102 uart_sequence=27268 sensor_raw=4294957996 sensor_converted=4294957996 xiao_rx=247667084 queue_push=247667087 core_rx=41821362
1785753682.407061 BNO_CORE_EVENT kind=2 report_seq=71 uart_sequence=27269 sensor_raw=4294957996 sensor_converted=4294957996 xiao_rx=247667097 queue_push=247667100 core_rx=41824046
1785753682.408668 BNO_CORE_EVENT kind=3 report_seq=163 uart_sequence=27270 sensor_raw=4294957996 sensor_converted=4294957996 xiao_rx=247667112 queue_push=247667113 core_rx=41825182
1785753682.413121 BNO_CORE_EVENT kind=4 report_seq=210 uart_sequence=27271 sensor_raw=4294957996 sensor_converted=4294957996 xiao_rx=247667121 queue_push=247667122 core_rx=41826250
1785753682.414740 BNO_CORE_EVENT kind=1 report_seq=103 uart_sequence=27272 sensor_raw=4294965496 sensor_converted=4294965496 xiao_rx=247667129 queue_push=247667131 core_rx=41827322
1785753682.416307 BNO_CORE_EVENT kind=2 report_seq=72 uart_sequence=27275 sensor_raw=4294961296 sensor_converted=4294961296 xiao_rx=247681843 queue_push=247681852 core_rx=41830971
1785753682.419431 BNO_CORE_EVENT kind=5 report_seq=163 uart_sequence=27276 sensor_raw=4294961296 sensor_converted=4294961296 xiao_rx=247681872 queue_push=247681874 core_rx=41833940
1785753682.420957 BNO_CORE_EVENT kind=1 report_seq=104 uart_sequence=27277 sensor_raw=4294966396 sensor_converted=4294966396 xiao_rx=247681881 queue_push=247681883 core_rx=41835075
1785753682.424015 BNO_CORE_EVENT kind=2 report_seq=73 uart_sequence=27280 sensor_raw=4294956096 sensor_converted=4294956096 xiao_rx=247692168 queue_push=247692176 core_rx=41841277
1785753682.425545 BNO_CORE_EVENT kind=3 report_seq=164 uart_sequence=27281 sensor_raw=4294956096 sensor_converted=4294956096 xiao_rx=247692207 queue_push=247692209 core_rx=41843954
1785753682.428663 BNO_CORE_EVENT kind=1 report_seq=105 uart_sequence=27282 sensor_raw=4294958996 sensor_converted=4294958996 xiao_rx=247692219 queue_push=247692221 core_rx=41845110
1785753682.433229 BNO_CORE_EVENT kind=2 report_seq=74 uart_sequence=27283 sensor_raw=4294955896 sensor_converted=4294955896 xiao_rx=247701434 queue_push=247701442 core_rx=41850304
1785753682.434746 BNO_CORE_EVENT kind=5 report_seq=164 uart_sequence=27284 sensor_raw=4294955896 sensor_converted=4294955896 xiao_rx=247701475 queue_push=247701476 core_rx=41852948
1785753682.437789 BNO_CORE_EVENT kind=1 report_seq=106 uart_sequence=27285 sensor_raw=4294957096 sensor_converted=4294957096 xiao_rx=247701483 queue_push=247701485 core_rx=41854131
1785753682.439469 BNO_CORE_EVENT kind=1 report_seq=107 uart_sequence=27286 sensor_raw=4294965096 sensor_converted=4294965096 xiao_rx=247701491 queue_push=247701493 core_rx=41855208
1785753682.442596 BNO_CORE_EVENT kind=4 report_seq=211 uart_sequence=27289 sensor_raw=4294956496 sensor_converted=4294956496 xiao_rx=247713464 queue_push=247713473 core_rx=41872298
1785753682.445282 BNO_CORE_EVENT kind=2 report_seq=75 uart_sequence=27290 sensor_raw=4294956496 sensor_converted=4294956496 xiao_rx=247713496 queue_push=247713498 core_rx=41873919
1785753682.448361 BNO_CORE_EVENT kind=3 report_seq=165 uart_sequence=27291 sensor_raw=4294956496 sensor_converted=4294956496 xiao_rx=247713511 queue_push=247713512 core_rx=41875597
1785753682.449893 BNO_CORE_EVENT kind=1 report_seq=108 uart_sequence=27292 sensor_raw=4294963596 sensor_converted=4294963596 xiao_rx=247713522 queue_push=247713524 core_rx=41877142
1785753682.451502 BNO_CORE_EVENT kind=2 report_seq=76 uart_sequence=27293 sensor_raw=4294954596 sensor_converted=4294954596 xiao_rx=247718858 queue_push=247718863 core_rx=41878330
1785753682.454720 BNO_CORE_EVENT kind=5 report_seq=165 uart_sequence=27294 sensor_raw=4294954596 sensor_converted=4294954596 xiao_rx=247718878 queue_push=247718880 core_rx=41879455
1785753682.456285 BNO_CORE_EVENT kind=1 report_seq=109 uart_sequence=27295 sensor_raw=4294959996 sensor_converted=4294959996 xiao_rx=247718887 queue_push=247718888 core_rx=41881752
1785753682.457893 BNO_CORE_EVENT kind=2 report_seq=77 uart_sequence=27296 sensor_raw=4294960196 sensor_converted=4294960196 xiao_rx=247724415 queue_push=247724419 core_rx=41882965
1785753682.461564 BNO_CORE_EVENT kind=3 report_seq=166 uart_sequence=27297 sensor_raw=4294960196 sensor_converted=4294960196 xiao_rx=247724433 queue_push=247724435 core_rx=41884030
1785753682.463666 BNO_CORE_EVENT kind=1 report_seq=110 uart_sequence=27298 sensor_raw=4294963096 sensor_converted=4294963096 xiao_rx=247724443 queue_push=247724445 core_rx=41885095
1785753682.466735 BNO_CORE_EVENT kind=2 report_seq=78 uart_sequence=27300 sensor_raw=4294963696 sensor_converted=4294963696 xiao_rx=247737186 queue_push=247737194 core_rx=41893347
1785753682.468353 BNO_CORE_EVENT kind=5 report_seq=166 uart_sequence=27301 sensor_raw=4294963696 sensor_converted=4294963696 xiao_rx=247737219 queue_push=247737220 core_rx=41895961
1785753682.469877 BNO_CORE_EVENT kind=1 report_seq=111 uart_sequence=27302 sensor_raw=4294951596 sensor_converted=4294951596 xiao_rx=247744106 queue_push=247744108 core_rx=41897169
1785753682.473126 BNO_CORE_EVENT kind=1 report_seq=112 uart_sequence=27303 sensor_raw=4294959996 sensor_converted=4294959996 xiao_rx=247744114 queue_push=247744116 core_rx=41898274
1785753682.474728 BNO_CORE_EVENT kind=2 report_seq=79 uart_sequence=27304 sensor_raw=4294961296 sensor_converted=4294961296 xiao_rx=247744122 queue_push=247744124 core_rx=41901087
1785753682.478342 BNO_CORE_EVENT kind=3 report_seq=167 uart_sequence=27305 sensor_raw=4294961296 sensor_converted=4294961296 xiao_rx=247744135 queue_push=247744137 core_rx=41902352
1785753682.481904 BNO_CORE_EVENT kind=4 report_seq=212 uart_sequence=27306 sensor_raw=4294961296 sensor_converted=4294961296 xiao_rx=247744145 queue_push=247744146 core_rx=41903430
1785753682.484960 BNO_CORE_EVENT kind=1 report_seq=113 uart_sequence=27309 sensor_raw=4294961096 sensor_converted=4294961096 xiao_rx=247756649 queue_push=247756661 core_rx=41915311
1785753682.488094 BNO_CORE_EVENT kind=2 report_seq=80 uart_sequence=27310 sensor_raw=4294963796 sensor_converted=4294963796 xiao_rx=247756724 queue_push=247756727 core_rx=41917951
1785753682.492676 BNO_CORE_EVENT kind=5 report_seq=167 uart_sequence=27311 sensor_raw=4294951496 sensor_converted=4294951496 xiao_rx=247764253 queue_push=247764256 core_rx=41919125
1785753682.495037 BNO_CORE_EVENT kind=1 report_seq=114 uart_sequence=27312 sensor_raw=4294956496 sensor_converted=4294956496 xiao_rx=247764266 queue_push=247764268 core_rx=41920224
1785753682.497074 BNO_CORE_EVENT kind=2 report_seq=81 uart_sequence=27313 sensor_raw=4294961796 sensor_converted=4294961796 xiao_rx=247764276 queue_push=247764278 core_rx=41921781
1785753682.500123 BNO_CORE_EVENT kind=3 report_seq=168 uart_sequence=27314 sensor_raw=4294961796 sensor_converted=4294961796 xiao_rx=247764289 queue_push=247764290 core_rx=41922994
1785753682.501701 BNO_CORE_EVENT kind=1 report_seq=115 uart_sequence=27315 sensor_raw=4294963796 sensor_converted=4294963796 xiao_rx=247764297 queue_push=247764299 core_rx=41924118
1785753682.506448 BNO_CORE_EVENT kind=2 report_seq=82 uart_sequence=27316 sensor_raw=4294963896 sensor_converted=4294963896 xiao_rx=247766732 queue_push=247766736 core_rx=41925198
1785753682.508048 BNO_CORE_EVENT kind=5 report_seq=168 uart_sequence=27319 sensor_raw=4294961296 sensor_converted=4294961296 xiao_rx=247780681 queue_push=247780688 core_rx=41932323
1785753682.512203 BNO_CORE_EVENT kind=1 report_seq=116 uart_sequence=27320 sensor_raw=4294961596 sensor_converted=4294961596 xiao_rx=247780731 queue_push=247780733 core_rx=41933573
1785753682.515260 BNO_CORE_EVENT kind=1 report_seq=117 uart_sequence=27323 sensor_raw=4294955996 sensor_converted=4294955996 xiao_rx=247788487 queue_push=247788493 core_rx=41942296
1785753682.516865 BNO_CORE_EVENT kind=2 report_seq=83 uart_sequence=27324 sensor_raw=4294957696 sensor_converted=4294957696 xiao_rx=247788516 queue_push=247788519 core_rx=41945346
1785753682.518400 BNO_CORE_EVENT kind=3 report_seq=169 uart_sequence=27325 sensor_raw=4294957696 sensor_converted=4294957696 xiao_rx=247788530 queue_push=247788531 core_rx=41946599
1785753682.521465 BNO_CORE_EVENT kind=4 report_seq=213 uart_sequence=27326 sensor_raw=4294957696 sensor_converted=4294957696 xiao_rx=247788539 queue_push=247788541 core_rx=41948665
1785753682.523001 BNO_CORE_EVENT kind=1 report_seq=118 uart_sequence=27327 sensor_raw=4294963796 sensor_converted=4294963796 xiao_rx=247788547 queue_push=247788549 core_rx=41949860
1785753682.526065 BNO_CORE_EVENT kind=2 report_seq=84 uart_sequence=27328 sensor_raw=4294959696 sensor_converted=4294959696 xiao_rx=247794129 queue_push=247794133 core_rx=41950930
1785753682.528386 BNO_CORE_EVENT kind=5 report_seq=169 uart_sequence=27329 sensor_raw=4294959696 sensor_converted=4294959696 xiao_rx=247794151 queue_push=247794153 core_rx=41952002
1785753682.531457 BNO_CORE_EVENT kind=1 report_seq=119 uart_sequence=27330 sensor_raw=4294963696 sensor_converted=4294963696 xiao_rx=247794161 queue_push=247794163 core_rx=41953066
1785753682.532991 BNO_CORE_EVENT kind=2 report_seq=85 uart_sequence=27332 sensor_raw=4294963896 sensor_converted=4294963896 xiao_rx=247805579 queue_push=247805587 core_rx=41959928
1785753682.536031 BNO_CORE_EVENT kind=3 report_seq=170 uart_sequence=27333 sensor_raw=4294963896 sensor_converted=4294963896 xiao_rx=247805615 queue_push=247805616 core_rx=41962311
1785753682.537554 BNO_CORE_EVENT kind=1 report_seq=120 uart_sequence=27334 sensor_raw=4294954396 sensor_converted=4294954396 xiao_rx=247812097 queue_push=247812099 core_rx=41964964
1785753682.540597 BNO_CORE_EVENT kind=1 report_seq=121 uart_sequence=27335 sensor_raw=4294962696 sensor_converted=4294962696 xiao_rx=247812105 queue_push=247812107 core_rx=41966273
1785753682.542119 BNO_CORE_EVENT kind=2 report_seq=86 uart_sequence=27336 sensor_raw=4294962696 sensor_converted=4294962696 xiao_rx=247812113 queue_push=247812115 core_rx=41967347
1785753682.545027 BNO_CORE_EVENT kind=5 report_seq=170 uart_sequence=27337 sensor_raw=4294962696 sensor_converted=4294962696 xiao_rx=247812122 queue_push=247812124 core_rx=41968419
1785753682.549799 BNO_CORE_EVENT kind=1 report_seq=122 uart_sequence=27339 sensor_raw=4294963496 sensor_converted=4294963496 xiao_rx=247822631 queue_push=247822638 core_rx=41972901
1785753682.552980 BNO_CORE_EVENT kind=2 report_seq=87 uart_sequence=27340 sensor_raw=4294955396 sensor_converted=4294955396 xiao_rx=247829170 queue_push=247829178 core_rx=41983307
1785753682.556204 BNO_CORE_EVENT kind=3 report_seq=171 uart_sequence=27341 sensor_raw=4294955396 sensor_converted=4294955396 xiao_rx=247829201 queue_push=247829203 core_rx=41985975
1785753682.560292 BNO_CORE_EVENT kind=4 report_seq=214 uart_sequence=27342 sensor_raw=4294955696 sensor_converted=4294955696 xiao_rx=247829211 queue_push=247829213 core_rx=41987269
1785753682.562287 BNO_CORE_EVENT kind=1 report_seq=123 uart_sequence=27343 sensor_raw=4294961596 sensor_converted=4294961596 xiao_rx=247829221 queue_push=247829223 core_rx=41988367
1785753682.565544 BNO_CORE_EVENT kind=2 report_seq=88 uart_sequence=27344 sensor_raw=4294958896 sensor_converted=4294958896 xiao_rx=247834830 queue_push=247834832 core_rx=41991325
1785753682.567168 BNO_CORE_EVENT kind=5 report_seq=171 uart_sequence=27345 sensor_raw=4294958896 sensor_converted=4294958896 xiao_rx=247834843 queue_push=247834845 core_rx=41992510
1785753682.568780 BNO_CORE_EVENT kind=1 report_seq=124 uart_sequence=27346 sensor_raw=4294962496 sensor_converted=4294962496 xiao_rx=247834851 queue_push=247834853 core_rx=41993590
1785753682.571911 BNO_CORE_EVENT kind=2 report_seq=89 uart_sequence=27350 sensor_raw=4294963696 sensor_converted=4294963696 xiao_rx=247846339 queue_push=247846346 core_rx=42009288
1785753682.573436 BNO_CORE_EVENT kind=3 report_seq=172 uart_sequence=27351 sensor_raw=4294963696 sensor_converted=4294963696 xiao_rx=247846371 queue_push=247846374 core_rx=42011977
1785753682.576474 BNO_CORE_EVENT kind=1 report_seq=125 uart_sequence=27352 sensor_raw=4294953196 sensor_converted=4294953196 xiao_rx=247852914 queue_push=247852919 core_rx=42013242
1785753682.578992 BNO_CORE_EVENT kind=1 report_seq=126 uart_sequence=27353 sensor_raw=4294961596 sensor_converted=4294961596 xiao_rx=247852930 queue_push=247852932 core_rx=42014354
1785753682.582203 BNO_CORE_EVENT kind=2 report_seq=90 uart_sequence=27354 sensor_raw=4294961596 sensor_converted=4294961596 xiao_rx=247852944 queue_push=247852946 core_rx=42017053
1785753682.583814 BNO_CORE_EVENT kind=5 report_seq=172 uart_sequence=27355 sensor_raw=4294961596 sensor_converted=4294961596 xiao_rx=247852954 queue_push=247852956 core_rx=42018230
1785753682.585428 BNO_CORE_EVENT kind=1 report_seq=127 uart_sequence=27356 sensor_raw=4294962796 sensor_converted=4294962796 xiao_rx=247856422 queue_push=247856428 core_rx=42019308
1785753682.588557 BNO_CORE_EVENT kind=4 report_seq=215 uart_sequence=27357 sensor_raw=4294964896 sensor_converted=4294964896 xiao_rx=247856456 queue_push=247856458 core_rx=42020398
1785753682.590185 BNO_CORE_EVENT kind=2 report_seq=91 uart_sequence=27358 sensor_raw=4294961696 sensor_converted=4294961696 xiao_rx=247860684 queue_push=247860688 core_rx=42021482
1785753682.593199 BNO_CORE_EVENT kind=3 report_seq=173 uart_sequence=27359 sensor_raw=4294961696 sensor_converted=4294961696 xiao_rx=247860720 queue_push=247860722 core_rx=42022590
1785753682.595198 BNO_CORE_EVENT kind=1 report_seq=128 uart_sequence=27361 sensor_raw=4294962596 sensor_converted=4294962596 xiao_rx=247873336 queue_push=247873343 core_rx=42026280
1785753682.597811 BNO_CORE_EVENT kind=2 report_seq=92 uart_sequence=27365 sensor_raw=4294954596 sensor_converted=4294954596 xiao_rx=247882900 queue_push=247882906 core_rx=42037303
1785753682.599417 BNO_CORE_EVENT kind=5 report_seq=173 uart_sequence=27366 sensor_raw=4294954596 sensor_converted=4294954596 xiao_rx=247882930 queue_push=247882932 core_rx=42039950
1785753682.601046 BNO_CORE_EVENT kind=1 report_seq=129 uart_sequence=27367 sensor_raw=4294957796 sensor_converted=4294957796 xiao_rx=247882938 queue_push=247882940 core_rx=42041115
1785753682.604176 BNO_CORE_EVENT kind=2 report_seq=93 uart_sequence=27368 sensor_raw=4294956096 sensor_converted=4294956096 xiao_rx=247888301 queue_push=247888306 core_rx=42042225
1785753682.608839 BNO_CORE_EVENT kind=3 report_seq=174 uart_sequence=27369 sensor_raw=4294956096 sensor_converted=4294956096 xiao_rx=247888321 queue_push=247888323 core_rx=42043610
1785753682.619738 BNO_CORE_EVENT kind=1 report_seq=130 uart_sequence=27370 sensor_raw=4294956796 sensor_converted=4294956796 xiao_rx=247888330 queue_push=247888332 core_rx=42044772
1785753682.631687 BNO_CORE_EVENT kind=1 report_seq=131 uart_sequence=27371 sensor_raw=4294964896 sensor_converted=4294964896 xiao_rx=247888339 queue_push=247888340 core_rx=42045857
1785753682.637754 BNO_CORE_EVENT kind=2 report_seq=94 uart_sequence=27374 sensor_raw=4294959796 sensor_converted=4294959796 xiao_rx=247902661 queue_push=247902669 core_rx=42056301
1785753682.647096 BNO_CORE_EVENT kind=5 report_seq=174 uart_sequence=27375 sensor_raw=4294959796 sensor_converted=4294959796 xiao_rx=247902717 queue_push=247902719 core_rx=42057847
1785753682.656279 BNO_CORE_EVENT kind=1 report_seq=132 uart_sequence=27376 sensor_raw=4294966696 sensor_converted=4294966696 xiao_rx=247902726 queue_push=247902728 core_rx=42059974
1785753682.665218 BNO_CORE_EVENT kind=2 report_seq=95 uart_sequence=27377 sensor_raw=4294955696 sensor_converted=4294955696 xiao_rx=247908041 queue_push=247908043 core_rx=42061221
1785753682.673897 BNO_CORE_EVENT kind=3 report_seq=175 uart_sequence=27378 sensor_raw=4294955696 sensor_converted=4294955696 xiao_rx=247908054 queue_push=247908055 core_rx=42062296
1785753682.682891 BNO_CORE_EVENT kind=4 report_seq=216 uart_sequence=27379 sensor_raw=4294955696 sensor_converted=4294955696 xiao_rx=247908063 queue_push=247908065 core_rx=42065097
1785753682.690465 BNO_CORE_EVENT kind=1 report_seq=133 uart_sequence=27380 sensor_raw=4294960196 sensor_converted=4294960196 xiao_rx=247908072 queue_push=247908073 core_rx=42066352
1785753682.698025 BNO_CORE_EVENT kind=2 report_seq=96 uart_sequence=27382 sensor_raw=4294959996 sensor_converted=4294959996 xiao_rx=247918178 queue_push=247918186 core_rx=42072304
1785753682.705657 BNO_CORE_EVENT kind=5 report_seq=175 uart_sequence=27383 sensor_raw=4294959996 sensor_converted=4294959996 xiao_rx=247918219 queue_push=247918221 core_rx=42074985
1785753682.714696 BNO_CORE_EVENT kind=1 report_seq=134 uart_sequence=27384 sensor_raw=4294962696 sensor_converted=4294962696 xiao_rx=247918229 queue_push=247918231 core_rx=42076261
1785753682.723874 BNO_CORE_EVENT kind=2 report_seq=97 uart_sequence=27385 sensor_raw=4294959996 sensor_converted=4294959996 xiao_rx=247923293 queue_push=247923297 core_rx=42077368
1785753682.734406 BNO_CORE_EVENT kind=3 report_seq=176 uart_sequence=27386 sensor_raw=4294959996 sensor_converted=4294959996 xiao_rx=247923312 queue_push=247923314 core_rx=42080090
1785753682.742722 BNO_CORE_EVENT kind=1 report_seq=135 uart_sequence=27387 sensor_raw=4294960496 sensor_converted=4294960496 xiao_rx=247923321 queue_push=247923323 core_rx=42081319
1785753682.753772 BNO_CORE_EVENT kind=1 report_seq=136 uart_sequence=27389 sensor_raw=4294963296 sensor_converted=4294963296 xiao_rx=247933768 queue_push=247933775 core_rx=42087323
1785753682.764228 BNO_CORE_EVENT kind=2 report_seq=98 uart_sequence=27390 sensor_raw=4294964496 sensor_converted=4294964496 xiao_rx=247933802 queue_push=247933804 core_rx=42089950
1785753682.771822 BNO_CORE_EVENT kind=5 report_seq=176 uart_sequence=27391 sensor_raw=4294954196 sensor_converted=4294954196 xiao_rx=247938950 queue_push=247938952 core_rx=42091116
1785753682.780813 BNO_CORE_EVENT kind=1 report_seq=137 uart_sequence=27392 sensor_raw=4294961196 sensor_converted=4294961196 xiao_rx=247938960 queue_push=247938962 core_rx=42092236
1785753682.789958 BNO_CORE_EVENT kind=4 report_seq=217 uart_sequence=27393 sensor_raw=4294963996 sensor_converted=4294963996 xiao_rx=247938972 queue_push=247938974 core_rx=42095083
1785753682.798797 BNO_CORE_EVENT kind=2 report_seq=99 uart_sequence=27394 sensor_raw=4294964196 sensor_converted=4294964196 xiao_rx=247938982 queue_push=247938983 core_rx=42096337
1785753682.806398 BNO_CORE_EVENT kind=3 report_seq=177 uart_sequence=27397 sensor_raw=4294959096 sensor_converted=4294959096 xiao_rx=247950542 queue_push=247950551 core_rx=42104113
1785753682.815226 XIAO UART baud=921600 rx=GPIO8 tx=GPIO9 bytes=840728 frames=3641 bytes_s=44568 frames_s=454 crc/cobs/len=0/0/0 seqgap=0 age_ms=0 type=4 log=1 q=25 rec=3710 final=0
1785753682.824316 RXDIAG max_us=69567 budget_hits=37 byte/frame/time=37/0/0 rx_buf_max=2940 loop_period_max_us=1179530 loop_exec_max_us=1172582 free_heap=133264 min_free_heap=132912 reset_reason=0 bno_kind_1to5_s=126/101/51/26/50 queue=25 high=79 drops=0
1785753682.828359 BNO_CORE_EVENT kind=1 report_seq=138 uart_sequence=27398 sensor_raw=4294963396 sensor_converted=4294963396 xiao_rx=247950576 queue_push=247950579 core_rx=42106387
1785753682.830392 BNO_CORE_EVENT kind=2 report_seq=100 uart_sequence=27399 sensor_raw=4294957896 sensor_converted=4294957896 xiao_rx=247955496 queue_push=247955497 core_rx=42107574
1785753682.831910 BNO_CORE_EVENT kind=5 report_seq=177 uart_sequence=27400 sensor_raw=4294957896 sensor_converted=4294957896 xiao_rx=247955507 queue_push=247955509 core_rx=42109637
1785753682.834938 BNO_CORE_EVENT kind=1 report_seq=139 uart_sequence=27401 sensor_raw=4294959896 sensor_converted=4294959896 xiao_rx=247955515 queue_push=247955517 core_rx=42110868
1785753682.841003 RXDETAIL service_calls=30368 service_bytes_avg=27 service_bytes_max=512 service_frames_avg=0 service_frames_avg_x1000=227 service_frames_max=7 service_bytes_s=45000 service_frames_s=459 rxbuf_full_obs=0 bno_valid=2843 bno_invalid=0 unknown=0 uart_overflow=framework_unavailable trial_rx_bytes=357228 trial_frames=3645 trial_bno=2843 trial_crc/cobs/len=0/0/0
1785753682.845030 RXTASK mode=dispatch read_calls=30371 zero_reads=24506 read_bytes_max=512 rx_task_max_us=69567 rx_task_continuous_max_us=69567 stack_hwm_min_bytes=3964 cobs_delimiters=6908 rx_current=0 rx_max=2940 rx_full=0 overflow=framework_unavailable
1785753682.845536 SDTASK max_process_us=126869
1785753682.848576 BNO_CORE_EVENT kind=1 report_seq=140 uart_sequence=27404 sensor_raw=4294963096 sensor_converted=4294963096 xiao_rx=247963666 queue_push=247963673 core_rx=42123312
1785753682.851642 BNO_CORE_EVENT kind=2 report_seq=101 uart_sequence=27405 sensor_raw=4294963096 sensor_converted=4294963096 xiao_rx=247963804 queue_push=247963808 core_rx=42126312
1785753682.854692 BNO_CORE_EVENT kind=3 report_seq=178 uart_sequence=27406 sensor_raw=4294963096 sensor_converted=4294963096 xiao_rx=247963825 queue_push=247963827 core_rx=42127511
1785753682.857754 BNO_CORE_EVENT kind=1 report_seq=141 uart_sequence=27407 sensor_raw=4294962996 sensor_converted=4294962996 xiao_rx=247967979 queue_push=247967985 core_rx=42129638
1785753682.859283 BNO_CORE_EVENT kind=2 report_seq=102 uart_sequence=27408 sensor_raw=4294964396 sensor_converted=4294964396 xiao_rx=247968013 queue_push=247968017 core_rx=42130908
1785753682.862226 BNO_CORE_EVENT kind=5 report_seq=178 uart_sequence=27409 sensor_raw=4294960196 sensor_converted=4294960196 xiao_rx=247972725 queue_push=247972731 core_rx=42132021
1785753682.863782 BNO_CORE_EVENT kind=1 report_seq=142 uart_sequence=27410 sensor_raw=4294966196 sensor_converted=4294966196 xiao_rx=247972760 queue_push=247972762 core_rx=42133091
1785753682.865328 BNO_CORE_EVENT kind=4 report_seq=218 uart_sequence=27411 sensor_raw=4294965296 sensor_converted=4294965296 xiao_rx=247975359 queue_push=247975363 core_rx=42134159
1785753682.868384 BNO_CORE_EVENT kind=2 report_seq=103 uart_sequence=27414 sensor_raw=4294962596 sensor_converted=4294962596 xiao_rx=247987971 queue_push=247987979 core_rx=42138614
1785753682.869914 BNO_CORE_EVENT kind=3 report_seq=179 uart_sequence=27415 sensor_raw=4294962596 sensor_converted=4294962596 xiao_rx=247988006 queue_push=247988008 core_rx=42140954
1785753682.872984 BNO_CORE_EVENT kind=1 report_seq=143 uart_sequence=27418 sensor_raw=4294953996 sensor_converted=4294953996 xiao_rx=247996454 queue_push=247996461 core_rx=42149314
1785753682.874517 BNO_CORE_EVENT kind=2 report_seq=104 uart_sequence=27419 sensor_raw=4294960396 sensor_converted=4294960396 xiao_rx=247996487 queue_push=247996490 core_rx=42151983
1785753682.876111 BNO_CORE_EVENT kind=5 report_seq=179 uart_sequence=27420 sensor_raw=4294960396 sensor_converted=4294960396 xiao_rx=247996497 queue_push=247996499 core_rx=42153280
1785753682.880637 BNO_CORE_EVENT kind=1 report_seq=144 uart_sequence=27421 sensor_raw=4294961996 sensor_converted=4294961996 xiao_rx=247996506 queue_push=247996507 core_rx=42154383
1785753682.882172 BNO_CORE_EVENT kind=2 report_seq=105 uart_sequence=27422 sensor_raw=4294961696 sensor_converted=4294961696 xiao_rx=248000934 queue_push=248000938 core_rx=42157087
1785753682.883693 BNO_CORE_EVENT kind=3 report_seq=180 uart_sequence=27423 sensor_raw=4294961696 sensor_converted=4294961696 xiao_rx=248000952 queue_push=248000954 core_rx=42158290
1785753682.886766 BNO_CORE_EVENT kind=1 report_seq=145 uart_sequence=27424 sensor_raw=4294961696 sensor_converted=4294961696 xiao_rx=248000960 queue_push=248000962 core_rx=42159408
1785753682.888286 BNO_CORE_EVENT kind=1 report_seq=146 uart_sequence=27426 sensor_raw=4294964596 sensor_converted=4294964596 xiao_rx=248012313 queue_push=248012319 core_rx=42163325
1785753682.891341 BNO_CORE_EVENT kind=2 report_seq=106 uart_sequence=27428 sensor_raw=4294955596 sensor_converted=4294955596 xiao_rx=248017065 queue_push=248017072 core_rx=42173323
1785753682.892984 BNO_CORE_EVENT kind=5 report_seq=180 uart_sequence=27429 sensor_raw=4294955596 sensor_converted=4294955596 xiao_rx=248017095 queue_push=248017097 core_rx=42175946
1785753682.897704 BNO_CORE_EVENT kind=1 report_seq=147 uart_sequence=27430 sensor_raw=4294961796 sensor_converted=4294961796 xiao_rx=248017103 queue_push=248017105 core_rx=42177111
1785753682.900767 BNO_CORE_EVENT kind=4 report_seq=219 uart_sequence=27431 sensor_raw=4294960796 sensor_converted=4294960796 xiao_rx=248023815 queue_push=248023820 core_rx=42178195
1785753682.903824 BNO_CORE_EVENT kind=2 report_seq=107 uart_sequence=27432 sensor_raw=4294960896 sensor_converted=4294960896 xiao_rx=248023830 queue_push=248023832 core_rx=42179263
1785753682.908418 BNO_CORE_EVENT kind=3 report_seq=181 uart_sequence=27433 sensor_raw=4294960896 sensor_converted=4294960896 xiao_rx=248023843 queue_push=248023845 core_rx=42181763
1785753682.912338 BNO_CORE_EVENT kind=1 report_seq=148 uart_sequence=27434 sensor_raw=4294964596 sensor_converted=4294964596 xiao_rx=248023851 queue_push=248023853 core_rx=42183023
1785753682.914156 BNO_CORE_EVENT kind=2 report_seq=108 uart_sequence=27435 sensor_raw=4294964196 sensor_converted=4294964196 xiao_rx=248032768 queue_push=248032777 core_rx=42184100
1785753682.917293 BNO_CORE_EVENT kind=5 report_seq=181 uart_sequence=27437 sensor_raw=4294955296 sensor_converted=4294955296 xiao_rx=248037691 queue_push=248037722 core_rx=42191315
1785753682.918895 BNO_CORE_EVENT kind=1 report_seq=149 uart_sequence=27438 sensor_raw=4294956696 sensor_converted=4294956696 xiao_rx=248037744 queue_push=248037745 core_rx=42193944
1785753682.920498 BNO_CORE_EVENT kind=1 report_seq=150 uart_sequence=27439 sensor_raw=4294960196 sensor_converted=4294960196 xiao_rx=248042821 queue_push=248042823 core_rx=42195103
1785753682.923714 BNO_CORE_EVENT kind=2 report_seq=109 uart_sequence=27440 sensor_raw=4294960196 sensor_converted=4294960196 xiao_rx=248042834 queue_push=248042837 core_rx=42196223
1785753682.925272 BNO_CORE_EVENT kind=3 report_seq=182 uart_sequence=27441 sensor_raw=4294960196 sensor_converted=4294960196 xiao_rx=248042848 queue_push=248042850 core_rx=42197594
1785753682.929068 BNO_CORE_EVENT kind=1 report_seq=151 uart_sequence=27443 sensor_raw=4294962996 sensor_converted=4294962996 xiao_rx=248052980 queue_push=248052987 core_rx=42201919
1785753682.930380 BNO_CORE_EVENT kind=2 report_seq=110 uart_sequence=27444 sensor_raw=4294954996 sensor_converted=4294954996 xiao_rx=248058085 queue_push=248058092 core_rx=42206304
1785753682.933531 BNO_CORE_EVENT kind=5 report_seq=182 uart_sequence=27445 sensor_raw=4294954996 sensor_converted=4294954996 xiao_rx=248058116 queue_push=248058117 core_rx=42209356
1785753682.935059 BNO_CORE_EVENT kind=1 report_seq=152 uart_sequence=27446 sensor_raw=4294960596 sensor_converted=4294960596 xiao_rx=248058124 queue_push=248058126 core_rx=42210645
1785753682.936665 BNO_CORE_EVENT kind=2 report_seq=111 uart_sequence=27449 sensor_raw=4294960396 sensor_converted=4294960396 xiao_rx=248067731 queue_push=248067740 core_rx=42222311
1785753682.939888 BNO_CORE_EVENT kind=3 report_seq=183 uart_sequence=27450 sensor_raw=4294960396 sensor_converted=4294960396 xiao_rx=248067770 queue_push=248067772 core_rx=42224939
1785753682.941504 BNO_CORE_EVENT kind=4 report_seq=220 uart_sequence=27451 sensor_raw=4294960396 sensor_converted=4294960396 xiao_rx=248067779 queue_push=248067781 core_rx=42226089
1785753682.944629 BNO_CORE_EVENT kind=1 report_seq=153 uart_sequence=27452 sensor_raw=4294962896 sensor_converted=4294962896 xiao_rx=248067791 queue_push=248067793 core_rx=42227199
1785753682.947206 BNO_CORE_EVENT kind=2 report_seq=112 uart_sequence=27453 sensor_raw=4294960796 sensor_converted=4294960796 xiao_rx=248073365 queue_push=248073367 core_rx=42229086
1785753682.949291 BNO_CORE_EVENT kind=5 report_seq=183 uart_sequence=27454 sensor_raw=4294960796 sensor_converted=4294960796 xiao_rx=248073375 queue_push=248073377 core_rx=42230353
1785753682.951289 BNO_CORE_EVENT kind=1 report_seq=154 uart_sequence=27455 sensor_raw=4294961296 sensor_converted=4294961296 xiao_rx=248073383 queue_push=248073385 core_rx=42231444
1785753682.953826 BNO_CORE_EVENT kind=1 report_seq=155 uart_sequence=27459 sensor_raw=4294963696 sensor_converted=4294963696 xiao_rx=248087522 queue_push=248087529 core_rx=42243292
1785753682.956213 BNO_CORE_EVENT kind=2 report_seq=113 uart_sequence=27460 sensor_raw=4294964596 sensor_converted=4294964596 xiao_rx=248087555 queue_push=248087558 core_rx=42245985
1785753682.957452 BNO_CORE_EVENT kind=3 report_seq=184 uart_sequence=27461 sensor_raw=4294964596 sensor_converted=4294964596 xiao_rx=248087569 queue_push=248087570 core_rx=42247255
1785753682.960609 BNO_CORE_EVENT kind=1 report_seq=156 uart_sequence=27462 sensor_raw=4294957696 sensor_converted=4294957696 xiao_rx=248094059 queue_push=248094063 core_rx=42248585
1785753682.963220 BNO_CORE_EVENT kind=2 report_seq=114 uart_sequence=27463 sensor_raw=4294960696 sensor_converted=4294960696 xiao_rx=248094075 queue_push=248094077 core_rx=42249919
1785753682.964822 BNO_CORE_EVENT kind=5 report_seq=184 uart_sequence=27464 sensor_raw=4294960696 sensor_converted=4294960696 xiao_rx=248094084 queue_push=248094086 core_rx=42253748
1785753682.966453 BNO_CORE_EVENT kind=1 report_seq=157 uart_sequence=27465 sensor_raw=4294965096 sensor_converted=4294965096 xiao_rx=248094093 queue_push=248094095 core_rx=42254999
1785753682.969636 BNO_CORE_EVENT kind=2 report_seq=115 uart_sequence=27468 sensor_raw=4294964096 sensor_converted=4294964096 xiao_rx=248106107 queue_push=248106118 core_rx=42263345
1785753682.971160 BNO_CORE_EVENT kind=3 report_seq=185 uart_sequence=27469 sensor_raw=4294964096 sensor_converted=4294964096 xiao_rx=248106147 queue_push=248106149 core_rx=42266051
1785753682.972764 BNO_CORE_EVENT kind=4 report_seq=221 uart_sequence=27470 sensor_raw=4294952096 sensor_converted=4294952096 xiao_rx=248113536 queue_push=248113537 core_rx=42267399
1785753682.975905 BNO_CORE_EVENT kind=1 report_seq=158 uart_sequence=27471 sensor_raw=4294954596 sensor_converted=4294954596 xiao_rx=248113547 queue_push=248113549 core_rx=42268501
1785753682.977591 BNO_CORE_EVENT kind=2 report_seq=116 uart_sequence=27473 sensor_raw=4294962196 sensor_converted=4294962196 xiao_rx=248113555 queue_push=248113557 core_rx=42273139
1785753682.980331 BNO_CORE_EVENT kind=5 report_seq=185 uart_sequence=27474 sensor_raw=4294962196 sensor_converted=4294962196 xiao_rx=248113564 queue_push=248113566 core_rx=42274306
1785753682.981936 BNO_CORE_EVENT kind=1 report_seq=159 uart_sequence=27475 sensor_raw=4294962496 sensor_converted=4294962496 xiao_rx=248113572 queue_push=248113574 core_rx=42275372
1785753682.985189 BNO_CORE_EVENT kind=1 report_seq=160 uart_sequence=27477 sensor_raw=4294962996 sensor_converted=4294962996 xiao_rx=248129509 queue_push=248129516 core_rx=42283299
1785753682.986818 BNO_CORE_EVENT kind=2 report_seq=117 uart_sequence=27478 sensor_raw=4294964396 sensor_converted=4294964396 xiao_rx=248129541 queue_push=248129543 core_rx=42284817
1785753682.989985 BNO_CORE_EVENT kind=3 report_seq=186 uart_sequence=27479 sensor_raw=4294964396 sensor_converted=4294964396 xiao_rx=248129554 queue_push=248129556 core_rx=42286990
1785753682.991518 BNO_CORE_EVENT kind=1 report_seq=161 uart_sequence=27480 sensor_raw=4294955396 sensor_converted=4294955396 xiao_rx=248135326 queue_push=248135328 core_rx=42288319
1785753682.993098 BNO_CORE_EVENT kind=2 report_seq=118 uart_sequence=27481 sensor_raw=4294958896 sensor_converted=4294958896 xiao_rx=248135337 queue_push=248135339 core_rx=42289391
1785753682.996800 BNO_CORE_EVENT kind=5 report_seq=186 uart_sequence=27482 sensor_raw=4294958896 sensor_converted=4294958896 xiao_rx=248135346 queue_push=248135348 core_rx=42292093
1785753682.998907 BNO_CORE_EVENT kind=1 report_seq=162 uart_sequence=27483 sensor_raw=4294962896 sensor_converted=4294962896 xiao_rx=248135355 queue_push=248135357 core_rx=42293359
1785753683.000517 BNO_CORE_EVENT kind=2 report_seq=119 uart_sequence=27485 sensor_raw=4294962596 sensor_converted=4294962596 xiao_rx=248145467 queue_push=248145475 core_rx=42298945
1785753683.002137 BNO_CORE_EVENT kind=3 report_seq=187 uart_sequence=27486 sensor_raw=4294962596 sensor_converted=4294962596 xiao_rx=248145501 queue_push=248145502 core_rx=42301317
1785753683.005257 BNO_CORE_EVENT kind=4 report_seq=222 uart_sequence=27487 sensor_raw=4294962696 sensor_converted=4294962696 xiao_rx=248145510 queue_push=248145512 core_rx=42304014
1785753683.006868 BNO_CORE_EVENT kind=1 report_seq=163 uart_sequence=27488 sensor_raw=4294954896 sensor_converted=4294954896 xiao_rx=248150944 queue_push=248150946 core_rx=42385413
1785753683.010000 BNO_CORE_EVENT kind=1 report_seq=164 uart_sequence=27489 sensor_raw=4294962896 sensor_converted=4294962896 xiao_rx=248150960 queue_push=248150962 core_rx=42386690
1785753683.012579 BNO_CORE_EVENT kind=2 report_seq=120 uart_sequence=27490 sensor_raw=4294962896 sensor_converted=4294962896 xiao_rx=248150969 queue_push=248150972 core_rx=42387782
1785753683.015630 BNO_CORE_EVENT kind=5 report_seq=187 uart_sequence=27492 sensor_raw=4294957496 sensor_converted=4294957496 xiao_rx=248160360 queue_push=248160367 core_rx=42390215
1785753683.017147 BNO_CORE_EVENT kind=1 report_seq=165 uart_sequence=27493 sensor_raw=4294965096 sensor_converted=4294965096 xiao_rx=248160385 queue_push=248160386 core_rx=42391371
1785753683.018663 BNO_CORE_EVENT kind=2 report_seq=121 uart_sequence=27495 sensor_raw=4294957596 sensor_converted=4294957596 xiao_rx=248165770 queue_push=248165777 core_rx=42393437
1785753683.021695 BNO_CORE_EVENT kind=3 report_seq=188 uart_sequence=27496 sensor_raw=4294957596 sensor_converted=4294957596 xiao_rx=248165804 queue_push=248165806 core_rx=42394534
1785753683.023211 BNO_CORE_EVENT kind=1 report_seq=166 uart_sequence=27497 sensor_raw=4294963996 sensor_converted=4294963996 xiao_rx=248165812 queue_push=248165814 core_rx=42396513
1785753683.026242 BNO_CORE_EVENT kind=2 report_seq=122 uart_sequence=27498 sensor_raw=4294962596 sensor_converted=4294962596 xiao_rx=248171366 queue_push=248171367 core_rx=42397777
1785753683.028812 BNO_CORE_EVENT kind=5 report_seq=188 uart_sequence=27499 sensor_raw=4294962596 sensor_converted=4294962596 xiao_rx=248171375 queue_push=248171376 core_rx=42398845
1785753683.031405 BNO_CORE_EVENT kind=1 report_seq=167 uart_sequence=27500 sensor_raw=4294965996 sensor_converted=4294965996 xiao_rx=248171383 queue_push=248171384 core_rx=42399918
1785753683.032934 BNO_CORE_EVENT kind=2 report_seq=123 uart_sequence=27503 sensor_raw=4294964996 sensor_converted=4294964996 xiao_rx=248184279 queue_push=248184288 core_rx=42406235
1785753683.035989 BNO_CORE_EVENT kind=3 report_seq=189 uart_sequence=27505 sensor_raw=4294954296 sensor_converted=4294954296 xiao_rx=248193185 queue_push=248193194 core_rx=42407891
1785753683.037518 BNO_CORE_EVENT kind=4 report_seq=223 uart_sequence=27506 sensor_raw=4294954296 sensor_converted=4294954296 xiao_rx=248193227 queue_push=248193229 core_rx=42408982
1785753683.040577 BNO_CORE_EVENT kind=1 report_seq=168 uart_sequence=27507 sensor_raw=4294955496 sensor_converted=4294955496 xiao_rx=248193242 queue_push=248193244 core_rx=42410834
1785753683.042107 BNO_CORE_EVENT kind=1 report_seq=169 uart_sequence=27508 sensor_raw=4294963996 sensor_converted=4294963996 xiao_rx=248193251 queue_push=248193253 core_rx=42412103
1785753683.045979 BNO_CORE_EVENT kind=2 report_seq=124 uart_sequence=27509 sensor_raw=4294963996 sensor_converted=4294963996 xiao_rx=248193261 queue_push=248193263 core_rx=42413179
1785753683.047627 BNO_CORE_EVENT kind=5 report_seq=189 uart_sequence=27510 sensor_raw=4294955096 sensor_converted=4294955096 xiao_rx=248197544 queue_push=248197548 core_rx=42414244
1785753683.050764 BNO_CORE_EVENT kind=1 report_seq=170 uart_sequence=27511 sensor_raw=4294962396 sensor_converted=4294962396 xiao_rx=248197567 queue_push=248197568 core_rx=42415308
1785753683.053811 BNO_CORE_EVENT kind=2 report_seq=125 uart_sequence=27512 sensor_raw=4294964796 sensor_converted=4294964796 xiao_rx=248197580 queue_push=248197582 core_rx=42416382
1785753683.055333 BNO_CORE_EVENT kind=3 report_seq=190 uart_sequence=27513 sensor_raw=4294960396 sensor_converted=4294960396 xiao_rx=248202459 queue_push=248202460 core_rx=42418905
1785753683.058371 BNO_CORE_EVENT kind=1 report_seq=171 uart_sequence=27514 sensor_raw=4294965996 sensor_converted=4294965996 xiao_rx=248202467 queue_push=248202468 core_rx=42420121
1785753683.059892 BNO_CORE_EVENT kind=2 report_seq=126 uart_sequence=27518 sensor_raw=4294964996 sensor_converted=4294964996 xiao_rx=248219465 queue_push=248219474 core_rx=42427676
1785753683.063851 BNO_CORE_EVENT kind=5 report_seq=190 uart_sequence=27519 sensor_raw=4294948596 sensor_converted=4294948596 xiao_rx=248228580 queue_push=248228587 core_rx=42428918
1785753683.065367 BNO_CORE_EVENT kind=1 report_seq=172 uart_sequence=27520 sensor_raw=4294951996 sensor_converted=4294951996 xiao_rx=248228611 queue_push=248228613 core_rx=42430021
1785753683.068384 BNO_CORE_EVENT kind=2 report_seq=127 uart_sequence=27521 sensor_raw=4294958696 sensor_converted=4294958696 xiao_rx=248228625 queue_push=248228627 core_rx=42431120
1785753683.069892 BNO_CORE_EVENT kind=3 report_seq=191 uart_sequence=27522 sensor_raw=4294958696 sensor_converted=4294958696 xiao_rx=248228639 queue_push=248228640 core_rx=42432230
1785753683.072910 BNO_CORE_EVENT kind=4 report_seq=224 uart_sequence=27523 sensor_raw=4294958696 sensor_converted=4294958696 xiao_rx=248228648 queue_push=248228650 core_rx=42433709
1785753683.074419 BNO_CORE_EVENT kind=1 report_seq=173 uart_sequence=27524 sensor_raw=4294959796 sensor_converted=4294959796 xiao_rx=248228657 queue_push=248228659 core_rx=42434868
1785753683.077439 BNO_CORE_EVENT kind=1 report_seq=174 uart_sequence=27525 sensor_raw=4294959296 sensor_converted=4294959296 xiao_rx=248235197 queue_push=248235200 core_rx=42435945
1785753683.080379 BNO_CORE_EVENT kind=2 report_seq=128 uart_sequence=27526 sensor_raw=4294959396 sensor_converted=4294959396 xiao_rx=248235210 queue_push=248235212 core_rx=42437018
1785753683.082003 BNO_CORE_EVENT kind=5 report_seq=191 uart_sequence=27527 sensor_raw=4294959396 sensor_converted=4294959396 xiao_rx=248235219 queue_push=248235222 core_rx=42438085
1785753683.085175 BNO_CORE_EVENT kind=1 report_seq=175 uart_sequence=27528 sensor_raw=4294966796 sensor_converted=4294966796 xiao_rx=248235229 queue_push=248235231 core_rx=42439161
1785753683.086781 BNO_CORE_EVENT kind=2 report_seq=129 uart_sequence=27531 sensor_raw=4294962796 sensor_converted=4294962796 xiao_rx=248252753 queue_push=248252761 core_rx=42444755
1785753683.089920 BNO_CORE_EVENT kind=3 report_seq=192 uart_sequence=27532 sensor_raw=4294962796 sensor_converted=4294962796 xiao_rx=248252791 queue_push=248252793 core_rx=42446901
1785753683.091443 BNO_CORE_EVENT kind=1 report_seq=176 uart_sequence=27533 sensor_raw=4294950796 sensor_converted=4294950796 xiao_rx=248257932 queue_push=248257933 core_rx=42448124
1785753683.096115 BNO_CORE_EVENT kind=2 report_seq=130 uart_sequence=27534 sensor_raw=4294955496 sensor_converted=4294955496 xiao_rx=248257942 queue_push=248257945 core_rx=42449198
1785753683.099231 BNO_CORE_EVENT kind=5 report_seq=192 uart_sequence=27535 sensor_raw=4294955496 sensor_converted=4294955496 xiao_rx=248257952 queue_push=248257954 core_rx=42450269
1785753683.104038 BNO_CORE_EVENT kind=1 report_seq=177 uart_sequence=27536 sensor_raw=4294958096 sensor_converted=4294958096 xiao_rx=248257960 queue_push=248257962 core_rx=42451336
1785753683.107177 BNO_CORE_EVENT kind=2 report_seq=131 uart_sequence=27539 sensor_raw=4294960196 sensor_converted=4294960196 xiao_rx=248269862 queue_push=248269871 core_rx=42457160
1785753683.108702 BNO_CORE_EVENT kind=3 report_seq=193 uart_sequence=27540 sensor_raw=4294960196 sensor_converted=4294960196 xiao_rx=248269896 queue_push=248269898 core_rx=42458352
1785753683.112108 BNO_CORE_EVENT kind=4 report_seq=225 uart_sequence=27541 sensor_raw=4294960196 sensor_converted=4294960196 xiao_rx=248269905 queue_push=248269907 core_rx=42459466
1785753683.113637 BNO_CORE_EVENT kind=1 report_seq=178 uart_sequence=27542 sensor_raw=4294949196 sensor_converted=4294949196 xiao_rx=248276632 queue_push=248276634 core_rx=42461567
1785753683.116877 BNO_CORE_EVENT kind=2 report_seq=132 uart_sequence=27543 sensor_raw=4294958096 sensor_converted=4294958096 xiao_rx=248276640 queue_push=248276642 core_rx=42462809
1785753683.118505 BNO_CORE_EVENT kind=1 report_seq=179 uart_sequence=27544 sensor_raw=4294958096 sensor_converted=4294958096 xiao_rx=248276648 queue_push=248276650 core_rx=42463916
1785753683.120122 BNO_CORE_EVENT kind=5 report_seq=193 uart_sequence=27545 sensor_raw=4294958096 sensor_converted=4294958096 xiao_rx=248276657 queue_push=248276659 core_rx=42465019
1785753683.123368 BNO_CORE_EVENT kind=1 report_seq=180 uart_sequence=27546 sensor_raw=4294964896 sensor_converted=4294964896 xiao_rx=248276666 queue_push=248276668 core_rx=42466121
1785753683.125030 BNO_CORE_EVENT kind=2 report_seq=133 uart_sequence=27550 sensor_raw=4294961496 sensor_converted=4294961496 xiao_rx=248292486 queue_push=248292494 core_rx=42470765
1785753683.128225 BNO_CORE_EVENT kind=3 report_seq=194 uart_sequence=27551 sensor_raw=4294961496 sensor_converted=4294961496 xiao_rx=248292524 queue_push=248292525 core_rx=42471975
1785753683.130062 BNO_CORE_EVENT kind=1 report_seq=181 uart_sequence=27552 sensor_raw=4294965996 sensor_converted=4294965996 xiao_rx=248292535 queue_push=248292537 core_rx=42473034
1785753683.132644 BNO_CORE_EVENT kind=2 report_seq=134 uart_sequence=27553 sensor_raw=4294955796 sensor_converted=4294955796 xiao_rx=248296811 queue_push=248296814 core_rx=42474095
1785753683.134168 BNO_CORE_EVENT kind=5 report_seq=194 uart_sequence=27554 sensor_raw=4294955796 sensor_converted=4294955796 xiao_rx=248296833 queue_push=248296835 core_rx=42475154
1785753683.135707 BNO_CORE_EVENT kind=1 report_seq=182 uart_sequence=27555 sensor_raw=4294958096 sensor_converted=4294958096 xiao_rx=248296841 queue_push=248296843 core_rx=42477783
1785753683.138842 BNO_CORE_EVENT kind=2 report_seq=135 uart_sequence=27556 sensor_raw=4294961296 sensor_converted=4294961296 xiao_rx=248303528 queue_push=248303529 core_rx=42479025
1785753683.140466 BNO_CORE_EVENT kind=3 report_seq=195 uart_sequence=27557 sensor_raw=4294961296 sensor_converted=4294961296 xiao_rx=248303537 queue_push=248303539 core_rx=42480142
1785753683.143685 BNO_CORE_EVENT kind=4 report_seq=226 uart_sequence=27558 sensor_raw=4294961296 sensor_converted=4294961296 xiao_rx=248303547 queue_push=248303548 core_rx=42481250
1785753683.147032 BNO_CORE_EVENT kind=1 report_seq=183 uart_sequence=27559 sensor_raw=4294961596 sensor_converted=4294961596 xiao_rx=248303555 queue_push=248303556 core_rx=42482353
1785753683.148128 BNO_CORE_EVENT kind=1 report_seq=184 uart_sequence=27564 sensor_raw=4294962796 sensor_converted=4294962796 xiao_rx=248323348 queue_push=248323355 core_rx=42492210
1785753683.151345 BNO_CORE_EVENT kind=2 report_seq=136 uart_sequence=27565 sensor_raw=4294964196 sensor_converted=4294964196 xiao_rx=248323381 queue_push=248323384 core_rx=42493448
1785753683.152950 BNO_CORE_EVENT kind=5 report_seq=195 uart_sequence=27566 sensor_raw=4294944496 sensor_converted=4294944496 xiao_rx=248330516 queue_push=248330518 core_rx=42494514
1785753683.154491 BNO_CORE_EVENT kind=1 report_seq=185 uart_sequence=27567 sensor_raw=4294951396 sensor_converted=4294951396 xiao_rx=248330526 queue_push=248330527 core_rx=42495578
1785753683.157757 BNO_CORE_EVENT kind=2 report_seq=137 uart_sequence=27568 sensor_raw=4294954896 sensor_converted=4294954896 xiao_rx=248330534 queue_push=248330536 core_rx=42496636
1785753683.159292 BNO_CORE_EVENT kind=3 report_seq=196 uart_sequence=27569 sensor_raw=4294954896 sensor_converted=4294954896 xiao_rx=248330547 queue_push=248330549 core_rx=42497700
1785753683.162253 BNO_CORE_EVENT kind=1 report_seq=186 uart_sequence=27570 sensor_raw=4294958896 sensor_converted=4294958896 xiao_rx=248330555 queue_push=248330557 core_rx=42500105
1785753683.165144 BNO_CORE_EVENT kind=2 report_seq=138 uart_sequence=27571 sensor_raw=4294964596 sensor_converted=4294964596 xiao_rx=248330564 queue_push=248330565 core_rx=42501258
1785753683.166664 BNO_CORE_EVENT kind=5 report_seq=196 uart_sequence=27573 sensor_raw=4294957496 sensor_converted=4294957496 xiao_rx=248342328 queue_push=248342335 core_rx=42506355
1785753683.169723 BNO_CORE_EVENT kind=1 report_seq=187 uart_sequence=27574 sensor_raw=4294959596 sensor_converted=4294959596 xiao_rx=248342357 queue_push=248342359 core_rx=42507706
1785753683.171242 BNO_CORE_EVENT kind=2 report_seq=139 uart_sequence=27575 sensor_raw=4294955596 sensor_converted=4294955596 xiao_rx=248348608 queue_push=248348613 core_rx=42508937
1785753683.174317 BNO_CORE_EVENT kind=3 report_seq=197 uart_sequence=27576 sensor_raw=4294955596 sensor_converted=4294955596 xiao_rx=248348633 queue_push=248348635 core_rx=42510087
1785753683.175833 BNO_CORE_EVENT kind=4 report_seq=227 uart_sequence=27577 sensor_raw=4294955596 sensor_converted=4294955596 xiao_rx=248348643 queue_push=248348644 core_rx=42512138
1785753683.179493 BNO_CORE_EVENT kind=1 report_seq=188 uart_sequence=27578 sensor_raw=4294955696 sensor_converted=4294955696 xiao_rx=248348651 queue_push=248348652 core_rx=42513390
1785753683.181609 BNO_CORE_EVENT kind=1 report_seq=189 uart_sequence=27579 sensor_raw=4294964196 sensor_converted=4294964196 xiao_rx=248348659 queue_push=248348661 core_rx=42514457
1785753683.183214 BNO_CORE_EVENT kind=2 report_seq=140 uart_sequence=27580 sensor_raw=4294959296 sensor_converted=4294959296 xiao_rx=248354253 queue_push=248354257 core_rx=42515520
1785753683.184825 BNO_CORE_EVENT kind=5 report_seq=197 uart_sequence=27581 sensor_raw=4294959296 sensor_converted=4294959296 xiao_rx=248354269 queue_push=248354271 core_rx=42516576
1785753683.189396 BNO_CORE_EVENT kind=1 report_seq=190 uart_sequence=27582 sensor_raw=4294965296 sensor_converted=4294965296 xiao_rx=248354278 queue_push=248354279 core_rx=42517651
1785753683.192620 BNO_CORE_EVENT kind=2 report_seq=141 uart_sequence=27586 sensor_raw=4294963696 sensor_converted=4294963696 xiao_rx=248370392 queue_push=248370400 core_rx=42529205
1785753683.195779 BNO_CORE_EVENT kind=3 report_seq=198 uart_sequence=27587 sensor_raw=4294963696 sensor_converted=4294963696 xiao_rx=248370427 queue_push=248370429 core_rx=42530515
1785753683.198387 BNO_CORE_EVENT kind=1 report_seq=191 uart_sequence=27588 sensor_raw=4294951396 sensor_converted=4294951396 xiao_rx=248375568 queue_push=248375570 core_rx=42531599
1785753683.199994 BNO_CORE_EVENT kind=2 report_seq=142 uart_sequence=27589 sensor_raw=4294957896 sensor_converted=4294957896 xiao_rx=248375577 queue_push=248375579 core_rx=42534273
1785753683.201515 BNO_CORE_EVENT kind=5 report_seq=198 uart_sequence=27590 sensor_raw=4294957896 sensor_converted=4294957896 xiao_rx=248375586 queue_push=248375588 core_rx=42535485
1785753683.204561 BNO_CORE_EVENT kind=1 report_seq=192 uart_sequence=27591 sensor_raw=4294959196 sensor_converted=4294959196 xiao_rx=248375594 queue_push=248375596 core_rx=42536557
1785753683.206198 BNO_CORE_EVENT kind=2 report_seq=143 uart_sequence=27593 sensor_raw=4294962396 sensor_converted=4294962396 xiao_rx=248388831 queue_push=248388840 core_rx=42548303
1785753683.207733 BNO_CORE_EVENT kind=3 report_seq=199 uart_sequence=27594 sensor_raw=4294962396 sensor_converted=4294962396 xiao_rx=248388867 queue_push=248388869 core_rx=42550948
1785753683.211728 BNO_CORE_EVENT kind=1 report_seq=193 uart_sequence=27595 sensor_raw=4294962396 sensor_converted=4294962396 xiao_rx=248388879 queue_push=248388881 core_rx=42552099
1785753683.213859 BNO_CORE_EVENT kind=4 report_seq=228 uart_sequence=27596 sensor_raw=4294962496 sensor_converted=4294962496 xiao_rx=248388889 queue_push=248388890 core_rx=42553199
1785753683.215462 BNO_CORE_EVENT kind=1 report_seq=194 uart_sequence=27597 sensor_raw=4294957096 sensor_converted=4294957096 xiao_rx=248395411 queue_push=248395415 core_rx=42555049
1785753683.217071 BNO_CORE_EVENT kind=2 report_seq=144 uart_sequence=27598 sensor_raw=4294959396 sensor_converted=4294959396 xiao_rx=248395430 queue_push=248395432 core_rx=42556187
1785753683.220288 BNO_CORE_EVENT kind=5 report_seq=199 uart_sequence=27599 sensor_raw=4294959396 sensor_converted=4294959396 xiao_rx=248395440 queue_push=248395442 core_rx=42557289
1785753683.221905 BNO_CORE_EVENT kind=1 report_seq=195 uart_sequence=27600 sensor_raw=4294964496 sensor_converted=4294964496 xiao_rx=248395449 queue_push=248395451 core_rx=42558384
1785753683.223523 BNO_CORE_EVENT kind=2 report_seq=145 uart_sequence=27601 sensor_raw=4294962796 sensor_converted=4294962796 xiao_rx=248399660 queue_push=248399663 core_rx=42560908
1785753683.226760 BNO_CORE_EVENT kind=3 report_seq=200 uart_sequence=27602 sensor_raw=4294962796 sensor_converted=4294962796 xiao_rx=248399679 queue_push=248399681 core_rx=42562174
1785753683.229103 BNO_CORE_EVENT kind=1 report_seq=196 uart_sequence=27604 sensor_raw=4294961696 sensor_converted=4294961696 xiao_rx=248412144 queue_push=248412151 core_rx=42565496
1785753683.230747 BNO_CORE_EVENT kind=2 report_seq=146 uart_sequence=27609 sensor_raw=4294956096 sensor_converted=4294956096 xiao_rx=248421824 queue_push=248421831 core_rx=42574271
1785753683.233912 BNO_CORE_EVENT kind=5 report_seq=200 uart_sequence=27610 sensor_raw=4294956096 sensor_converted=4294956096 xiao_rx=248421857 queue_push=248421859 core_rx=42575496
1785753683.235484 BNO_CORE_EVENT kind=1 report_seq=197 uart_sequence=27611 sensor_raw=4294956996 sensor_converted=4294956996 xiao_rx=248421865 queue_push=248421867 core_rx=42576560
1785753683.237094 BNO_CORE_EVENT kind=1 report_seq=198 uart_sequence=27612 sensor_raw=4294955396 sensor_converted=4294955396 xiao_rx=248431723 queue_push=248431730 core_rx=42580303
1785753683.240337 BNO_CORE_EVENT kind=2 report_seq=147 uart_sequence=27613 sensor_raw=4294955696 sensor_converted=4294955696 xiao_rx=248431765 queue_push=248431767 core_rx=42583006
1785753683.241952 BNO_CORE_EVENT kind=3 report_seq=201 uart_sequence=27614 sensor_raw=4294955696 sensor_converted=4294955696 xiao_rx=248431779 queue_push=248431781 core_rx=42584259
1785753683.245786 BNO_CORE_EVENT kind=4 report_seq=229 uart_sequence=27615 sensor_raw=4294955896 sensor_converted=4294955896 xiao_rx=248431789 queue_push=248431791 core_rx=42585333
1785753683.247920 BNO_CORE_EVENT kind=1 report_seq=199 uart_sequence=27616 sensor_raw=4294962896 sensor_converted=4294962896 xiao_rx=248431797 queue_push=248431799 core_rx=42588078
1785753683.249532 BNO_CORE_EVENT kind=2 report_seq=148 uart_sequence=27617 sensor_raw=4294955796 sensor_converted=4294955796 xiao_rx=248441345 queue_push=248441353 core_rx=42590291
1785753683.252699 BNO_CORE_EVENT kind=5 report_seq=201 uart_sequence=27618 sensor_raw=4294955796 sensor_converted=4294955796 xiao_rx=248441370 queue_push=248441372 core_rx=42592992
1785753683.254259 BNO_CORE_EVENT kind=1 report_seq=200 uart_sequence=27619 sensor_raw=4294961196 sensor_converted=4294961196 xiao_rx=248441378 queue_push=248441380 core_rx=42594295
1785753683.255875 BNO_CORE_EVENT kind=2 report_seq=149 uart_sequence=27621 sensor_raw=4294956496 sensor_converted=4294956496 xiao_rx=248452114 queue_push=248452122 core_rx=42606309
1785753683.259112 BNO_CORE_EVENT kind=3 report_seq=202 uart_sequence=27622 sensor_raw=4294956496 sensor_converted=4294956496 xiao_rx=248452152 queue_push=248452154 core_rx=42608974
1785753683.260682 BNO_CORE_EVENT kind=1 report_seq=201 uart_sequence=27623 sensor_raw=4294959396 sensor_converted=4294959396 xiao_rx=248452164 queue_push=248452165 core_rx=42610289
1785753683.263624 BNO_CORE_EVENT kind=2 report_seq=150 uart_sequence=27624 sensor_raw=4294955796 sensor_converted=4294955796 xiao_rx=248457318 queue_push=248457320 core_rx=42611529
1785753683.265243 BNO_CORE_EVENT kind=5 report_seq=202 uart_sequence=27625 sensor_raw=4294955796 sensor_converted=4294955796 xiao_rx=248457331 queue_push=248457333 core_rx=42614106
1785753683.268372 BNO_CORE_EVENT kind=1 report_seq=202 uart_sequence=27626 sensor_raw=4294956796 sensor_converted=4294956796 xiao_rx=248457340 queue_push=248457342 core_rx=42615370
1785753683.269982 BNO_CORE_EVENT kind=1 report_seq=203 uart_sequence=27627 sensor_raw=4294964596 sensor_converted=4294964596 xiao_rx=248457348 queue_push=248457350 core_rx=42616453
1785753683.271599 BNO_CORE_EVENT kind=4 report_seq=230 uart_sequence=27631 sensor_raw=4294960396 sensor_converted=4294960396 xiao_rx=248472316 queue_push=248472323 core_rx=42631301
1785753683.274643 BNO_CORE_EVENT kind=2 report_seq=151 uart_sequence=27632 sensor_raw=4294960496 sensor_converted=4294960496 xiao_rx=248472341 queue_push=248472344 core_rx=42634345
1785753683.276251 BNO_CORE_EVENT kind=3 report_seq=203 uart_sequence=27633 sensor_raw=4294960496 sensor_converted=4294960496 xiao_rx=248472357 queue_push=248472359 core_rx=42635601
1785753683.279878 BNO_CORE_EVENT kind=1 report_seq=204 uart_sequence=27634 sensor_raw=4294952396 sensor_converted=4294952396 xiao_rx=248477524 queue_push=248477528 core_rx=42637244
1785753683.283159 BNO_CORE_EVENT kind=2 report_seq=152 uart_sequence=27635 sensor_raw=4294955896 sensor_converted=4294955896 xiao_rx=248477550 queue_push=248477552 core_rx=42638453
1785753683.286270 BNO_CORE_EVENT kind=5 report_seq=203 uart_sequence=27636 sensor_raw=4294955896 sensor_converted=4294955896 xiao_rx=248477560 queue_push=248477562 core_rx=42639558
1785753683.290928 BNO_CORE_EVENT kind=1 report_seq=205 uart_sequence=27637 sensor_raw=4294960596 sensor_converted=4294960596 xiao_rx=248477569 queue_push=248477570 core_rx=42640640
1785753683.294496 BNO_CORE_EVENT kind=2 report_seq=153 uart_sequence=27638 sensor_raw=4294960396 sensor_converted=4294960396 xiao_rx=248483351 queue_push=248483355 core_rx=42641705
1785753683.297100 BNO_CORE_EVENT kind=3 report_seq=204 uart_sequence=27639 sensor_raw=4294960396 sensor_converted=4294960396 xiao_rx=248483368 queue_push=248483369 core_rx=42643861
1785753683.298705 BNO_CORE_EVENT kind=1 report_seq=206 uart_sequence=27640 sensor_raw=4294962896 sensor_converted=4294962896 xiao_rx=248483376 queue_push=248483378 core_rx=42645129
1785753683.300231 BNO_CORE_EVENT kind=2 report_seq=154 uart_sequence=27643 sensor_raw=4294964596 sensor_converted=4294964596 xiao_rx=248495034 queue_push=248495043 core_rx=42650289
1785753683.303393 BNO_CORE_EVENT kind=5 report_seq=204 uart_sequence=27644 sensor_raw=4294952896 sensor_converted=4294952896 xiao_rx=248502006 queue_push=248502007 core_rx=42652083
1785753683.304997 BNO_CORE_EVENT kind=1 report_seq=207 uart_sequence=27645 sensor_raw=4294953396 sensor_converted=4294953396 xiao_rx=248502014 queue_push=248502016 core_rx=42654975
1785753683.308208 BNO_CORE_EVENT kind=1 report_seq=208 uart_sequence=27646 sensor_raw=4294961596 sensor_converted=4294961596 xiao_rx=248502022 queue_push=248502024 core_rx=42656237
1785753683.310249 BNO_CORE_EVENT kind=2 report_seq=155 uart_sequence=27647 sensor_raw=4294963096 sensor_converted=4294963096 xiao_rx=248502030 queue_push=248502032 core_rx=42657338
1785753683.312734 BNO_CORE_EVENT kind=3 report_seq=205 uart_sequence=27648 sensor_raw=4294963096 sensor_converted=4294963096 xiao_rx=248502043 queue_push=248502045 core_rx=42658441
1785753683.314269 BNO_CORE_EVENT kind=4 report_seq=231 uart_sequence=27650 sensor_raw=4294956196 sensor_converted=4294956196 xiao_rx=248511414 queue_push=248511423 core_rx=42662057
1785753683.315891 BNO_CORE_EVENT kind=1 report_seq=209 uart_sequence=27651 sensor_raw=4294962196 sensor_converted=4294962196 xiao_rx=248511449 queue_push=248511451 core_rx=42664278
1785753683.319041 BNO_CORE_EVENT kind=2 report_seq=156 uart_sequence=27653 sensor_raw=4294955996 sensor_converted=4294955996 xiao_rx=248517767 queue_push=248517775 core_rx=42672328
1785753683.320583 BNO_CORE_EVENT kind=5 report_seq=205 uart_sequence=27654 sensor_raw=4294955996 sensor_converted=4294955996 xiao_rx=248517802 queue_push=248517804 core_rx=42674942
1785753683.322157 BNO_CORE_EVENT kind=1 report_seq=210 uart_sequence=27655 sensor_raw=4294960696 sensor_converted=4294960696 xiao_rx=248517811 queue_push=248517812 core_rx=42677403
1785753683.325415 BNO_CORE_EVENT kind=2 report_seq=157 uart_sequence=27656 sensor_raw=4294959996 sensor_converted=4294959996 xiao_rx=248523562 queue_push=248523566 core_rx=42678677
1785753683.327819 BNO_CORE_EVENT kind=3 report_seq=206 uart_sequence=27657 sensor_raw=4294959996 sensor_converted=4294959996 xiao_rx=248523582 queue_push=248523583 core_rx=42681073
1785753683.329867 BNO_CORE_EVENT kind=1 report_seq=211 uart_sequence=27658 sensor_raw=4294962096 sensor_converted=4294962096 xiao_rx=248523590 queue_push=248523592 core_rx=42682200
1785753683.331430 BNO_CORE_EVENT kind=2 report_seq=158 uart_sequence=27662 sensor_raw=4294964196 sensor_converted=4294964196 xiao_rx=248536008 queue_push=248536016 core_rx=42688983
1785753683.334630 BNO_CORE_EVENT kind=5 report_seq=206 uart_sequence=27664 sensor_raw=4294951796 sensor_converted=4294951796 xiao_rx=248546027 queue_push=248546034 core_rx=42700299
1785753683.336153 BNO_CORE_EVENT kind=1 report_seq=212 uart_sequence=27665 sensor_raw=4294951896 sensor_converted=4294951896 xiao_rx=248546057 queue_push=248546059 core_rx=42703352
1785753683.339275 BNO_CORE_EVENT kind=1 report_seq=213 uart_sequence=27666 sensor_raw=4294960296 sensor_converted=4294960296 xiao_rx=248546066 queue_push=248546067 core_rx=42704650
1785753683.340797 BNO_CORE_EVENT kind=2 report_seq=159 uart_sequence=27667 sensor_raw=4294962196 sensor_converted=4294962196 xiao_rx=248546078 queue_push=248546081 core_rx=42706122
1785753683.342427 BNO_CORE_EVENT kind=3 report_seq=207 uart_sequence=27668 sensor_raw=4294962196 sensor_converted=4294962196 xiao_rx=248546092 queue_push=248546094 core_rx=42707312
1785753683.345571 BNO_CORE_EVENT kind=4 report_seq=232 uart_sequence=27669 sensor_raw=4294962196 sensor_converted=4294962196 xiao_rx=248546102 queue_push=248546104 core_rx=42708405
1785753683.347124 BNO_CORE_EVENT kind=1 report_seq=214 uart_sequence=27670 sensor_raw=4294958196 sensor_converted=4294958196 xiao_rx=248552533 queue_push=248552536 core_rx=42709484
1785753683.350348 BNO_CORE_EVENT kind=2 report_seq=160 uart_sequence=27671 sensor_raw=4294961796 sensor_converted=4294961796 xiao_rx=248552547 queue_push=248552549 core_rx=42710555
1785753683.351965 BNO_CORE_EVENT kind=5 report_seq=207 uart_sequence=27672 sensor_raw=4294961796 sensor_converted=4294961796 xiao_rx=248552556 queue_push=248552559 core_rx=42713231
1785753683.355118 BNO_CORE_EVENT kind=1 report_seq=215 uart_sequence=27673 sensor_raw=4294965696 sensor_converted=4294965696 xiao_rx=248552566 queue_push=248552568 core_rx=42714539
1785753683.356730 BNO_CORE_EVENT kind=2 report_seq=161 uart_sequence=27674 sensor_raw=4294964396 sensor_converted=4294964396 xiao_rx=248563272 queue_push=248563282 core_rx=42715650
1785753683.358310 BNO_CORE_EVENT kind=3 report_seq=208 uart_sequence=27676 sensor_raw=4294954696 sensor_converted=4294954696 xiao_rx=248570428 queue_push=248570435 core_rx=42728322
1785753683.361587 BNO_CORE_EVENT kind=1 report_seq=216 uart_sequence=27677 sensor_raw=4294956296 sensor_converted=4294956296 xiao_rx=248570460 queue_push=248570461 core_rx=42730950
1785753683.363203 BNO_CORE_EVENT kind=1 report_seq=217 uart_sequence=27678 sensor_raw=4294964796 sensor_converted=4294964796 xiao_rx=248570468 queue_push=248570469 core_rx=42732114
1785753683.366405 BNO_CORE_EVENT kind=2 report_seq=162 uart_sequence=27679 sensor_raw=4294957596 sensor_converted=4294957596 xiao_rx=248575447 queue_push=248575453 core_rx=42733214
1785753683.368022 BNO_CORE_EVENT kind=5 report_seq=208 uart_sequence=27680 sensor_raw=4294957596 sensor_converted=4294957596 xiao_rx=248575470 queue_push=248575472 core_rx=42734292
1785753683.369566 BNO_CORE_EVENT kind=1 report_seq=218 uart_sequence=27681 sensor_raw=4294965096 sensor_converted=4294965096 xiao_rx=248575479 queue_push=248575480 core_rx=42736761
1785753683.372696 BNO_CORE_EVENT kind=2 report_seq=163 uart_sequence=27682 sensor_raw=4294963096 sensor_converted=4294963096 xiao_rx=248579013 queue_push=248579017 core_rx=42738023
1785753683.374254 BNO_CORE_EVENT kind=3 report_seq=209 uart_sequence=27683 sensor_raw=4294963096 sensor_converted=4294963096 xiao_rx=248579030 queue_push=248579032 core_rx=42739099
1785753683.377225 BNO_CORE_EVENT kind=4 report_seq=233 uart_sequence=27687 sensor_raw=4294959696 sensor_converted=4294959696 xiao_rx=248593527 queue_push=248593536 core_rx=42751317
1785753683.378750 BNO_CORE_EVENT kind=1 report_seq=219 uart_sequence=27688 sensor_raw=4294964396 sensor_converted=4294964396 xiao_rx=248593559 queue_push=248593561 core_rx=42754515
1785753683.381889 BNO_CORE_EVENT kind=2 report_seq=164 uart_sequence=27689 sensor_raw=4294954796 sensor_converted=4294954796 xiao_rx=248598736 queue_push=248598740 core_rx=42755705
1785753683.383500 BNO_CORE_EVENT kind=5 report_seq=209 uart_sequence=27690 sensor_raw=4294954796 sensor_converted=4294954796 xiao_rx=248598752 queue_push=248598754 core_rx=42756785
1785753683.385108 BNO_CORE_EVENT kind=1 report_seq=220 uart_sequence=27692 sensor_raw=4294957896 sensor_converted=4294957896 xiao_rx=248598761 queue_push=248598763 core_rx=42761281
1785753683.388285 BNO_CORE_EVENT kind=2 report_seq=165 uart_sequence=27693 sensor_raw=4294964496 sensor_converted=4294964496 xiao_rx=248598769 queue_push=248598771 core_rx=42762417
1785753683.389903 BNO_CORE_EVENT kind=3 report_seq=210 uart_sequence=27694 sensor_raw=4294959296 sensor_converted=4294959296 xiao_rx=248602933 queue_push=248602935 core_rx=42763486
1785753683.392962 BNO_CORE_EVENT kind=1 report_seq=221 uart_sequence=27695 sensor_raw=4294960296 sensor_converted=4294960296 xiao_rx=248602942 queue_push=248602944 core_rx=42766065
1785753683.394500 BNO_CORE_EVENT kind=1 report_seq=222 uart_sequence=27697 sensor_raw=4294964196 sensor_converted=4294964196 xiao_rx=248616142 queue_push=248616149 core_rx=42771336
1785753683.397651 BNO_CORE_EVENT kind=2 report_seq=166 uart_sequence=27698 sensor_raw=4294964896 sensor_converted=4294964896 xiao_rx=248616178 queue_push=248616181 core_rx=42773995
1785753683.399254 BNO_CORE_EVENT kind=5 report_seq=210 uart_sequence=27699 sensor_raw=4294951796 sensor_converted=4294951796 xiao_rx=248623116 queue_push=248623118 core_rx=42775226
1785753683.400865 BNO_CORE_EVENT kind=1 report_seq=223 uart_sequence=27700 sensor_raw=4294959296 sensor_converted=4294959296 xiao_rx=248623127 queue_push=248623129 core_rx=42777396
1785753683.403995 BNO_CORE_EVENT kind=2 report_seq=167 uart_sequence=27701 sensor_raw=4294961996 sensor_converted=4294961996 xiao_rx=248623137 queue_push=248623138 core_rx=42780093
1785753683.405608 BNO_CORE_EVENT kind=3 report_seq=211 uart_sequence=27702 sensor_raw=4294961996 sensor_converted=4294961996 xiao_rx=248623149 queue_push=248623151 core_rx=42781337
1785753683.407178 BNO_CORE_EVENT kind=4 report_seq=234 uart_sequence=27703 sensor_raw=4294961996 sensor_converted=4294961996 xiao_rx=248623159 queue_push=248623160 core_rx=42782402
1785753683.410610 BNO_CORE_EVENT kind=1 report_seq=224 uart_sequence=27705 sensor_raw=4294959796 sensor_converted=4294959796 xiao_rx=248634094 queue_push=248634101 core_rx=42787310
1785753683.413583 BNO_CORE_EVENT kind=2 report_seq=168 uart_sequence=27706 sensor_raw=4294964696 sensor_converted=4294964696 xiao_rx=248634121 queue_push=248634124 core_rx=42788836
1785753683.415107 BNO_CORE_EVENT kind=5 report_seq=211 uart_sequence=27707 sensor_raw=4294953696 sensor_converted=4294953696 xiao_rx=248639427 queue_push=248639429 core_rx=42790943
1785753683.416713 BNO_CORE_EVENT kind=1 report_seq=225 uart_sequence=27708 sensor_raw=4294956596 sensor_converted=4294956596 xiao_rx=248639436 queue_push=248639438 core_rx=42792088
1785753683.419934 BNO_CORE_EVENT kind=2 report_seq=169 uart_sequence=27710 sensor_raw=4294963996 sensor_converted=4294963996 xiao_rx=248639445 queue_push=248639446 core_rx=42796607
1785753683.421501 BNO_CORE_EVENT kind=3 report_seq=212 uart_sequence=27711 sensor_raw=4294963996 sensor_converted=4294963996 xiao_rx=248639457 queue_push=248639459 core_rx=42797810
1785753683.423081 BNO_CORE_EVENT kind=1 report_seq=226 uart_sequence=27714 sensor_raw=4294959296 sensor_converted=4294959296 xiao_rx=248652374 queue_push=248652381 core_rx=42803344
1785753683.426227 BNO_CORE_EVENT kind=1 report_seq=227 uart_sequence=27715 sensor_raw=4294954296 sensor_converted=4294954296 xiao_rx=248658014 queue_push=248658020 core_rx=42814375
1785753683.428880 BNO_CORE_EVENT kind=2 report_seq=170 uart_sequence=27716 sensor_raw=4294955896 sensor_converted=4294955896 xiao_rx=248658043 queue_push=248658045 core_rx=42817002
1785753683.430481 BNO_CORE_EVENT kind=5 report_seq=212 uart_sequence=27717 sensor_raw=4294955896 sensor_converted=4294955896 xiao_rx=248658053 queue_push=248658054 core_rx=42818246
1785753683.433692 BNO_CORE_EVENT kind=1 report_seq=228 uart_sequence=27718 sensor_raw=4294962696 sensor_converted=4294962696 xiao_rx=248658061 queue_push=248658062 core_rx=42819347
1785753683.435303 BNO_CORE_EVENT kind=2 report_seq=171 uart_sequence=27719 sensor_raw=4294959796 sensor_converted=4294959796 xiao_rx=248664740 queue_push=248664743 core_rx=42820467
1785753683.436870 BNO_CORE_EVENT kind=3 report_seq=213 uart_sequence=27720 sensor_raw=4294959796 sensor_converted=4294959796 xiao_rx=248664757 queue_push=248664759 core_rx=42822264
1785753683.440102 BNO_CORE_EVENT kind=4 report_seq=235 uart_sequence=27721 sensor_raw=4294959896 sensor_converted=4294959896 xiao_rx=248664769 queue_push=248664770 core_rx=42823526
1785753683.441688 BNO_CORE_EVENT kind=1 report_seq=229 uart_sequence=27722 sensor_raw=4294964496 sensor_converted=4294964496 xiao_rx=248664777 queue_push=248664778 core_rx=42824592
1785753683.444829 BNO_CORE_EVENT kind=2 report_seq=172 uart_sequence=27724 sensor_raw=4294963096 sensor_converted=4294963096 xiao_rx=248674402 queue_push=248674410 core_rx=42829323
1785753683.447399 BNO_CORE_EVENT kind=5 report_seq=213 uart_sequence=27725 sensor_raw=4294953396 sensor_converted=4294953396 xiao_rx=248679769 queue_push=248679771 core_rx=42831949
1785753683.449021 BNO_CORE_EVENT kind=1 report_seq=230 uart_sequence=27726 sensor_raw=4294955896 sensor_converted=4294955896 xiao_rx=248679781 queue_push=248679782 core_rx=42833091
1785753683.450632 BNO_CORE_EVENT kind=2 report_seq=173 uart_sequence=27727 sensor_raw=4294963596 sensor_converted=4294963596 xiao_rx=248679790 queue_push=248679793 core_rx=42834171
1785753683.453857 BNO_CORE_EVENT kind=3 report_seq=214 uart_sequence=27728 sensor_raw=4294963596 sensor_converted=4294963596 xiao_rx=248679805 queue_push=248679807 core_rx=42835234
1785753683.455412 BNO_CORE_EVENT kind=1 report_seq=231 uart_sequence=27729 sensor_raw=4294958596 sensor_converted=4294958596 xiao_rx=248688103 queue_push=248688110 core_rx=42836907
1785753683.457032 BNO_CORE_EVENT kind=1 report_seq=232 uart_sequence=27730 sensor_raw=4294966396 sensor_converted=4294966396 xiao_rx=248688132 queue_push=248688134 core_rx=42838092
1785753683.460249 BNO_CORE_EVENT kind=2 report_seq=174 uart_sequence=27732 sensor_raw=4294959996 sensor_converted=4294959996 xiao_rx=248694668 queue_push=248694674 core_rx=42847308
1785753683.462709 BNO_CORE_EVENT kind=5 report_seq=214 uart_sequence=27733 sensor_raw=4294959996 sensor_converted=4294959996 xiao_rx=248694716 queue_push=248694717 core_rx=42849946
1785753683.465920 BNO_CORE_EVENT kind=1 report_seq=233 uart_sequence=27734 sensor_raw=4294965796 sensor_converted=4294965796 xiao_rx=248694725 queue_push=248694727 core_rx=42851113
1785753683.467530 BNO_CORE_EVENT kind=2 report_seq=175 uart_sequence=27735 sensor_raw=4294963696 sensor_converted=4294963696 xiao_rx=248698252 queue_push=248698253 core_rx=42852225
1785753683.469141 BNO_CORE_EVENT kind=3 report_seq=215 uart_sequence=27736 sensor_raw=4294963696 sensor_converted=4294963696 xiao_rx=248698265 queue_push=248698266 core_rx=42853625
1785753683.472363 BNO_CORE_EVENT kind=1 report_seq=234 uart_sequence=27742 sensor_raw=4294963696 sensor_converted=4294963696 xiao_rx=248713725 queue_push=248713732 core_rx=42871085
1785753683.474003 BNO_CORE_EVENT kind=4 report_seq=236 uart_sequence=27743 sensor_raw=4294963696 sensor_converted=4294963696 xiao_rx=248713760 queue_push=248713762 core_rx=42872389
1785753683.475531 BNO_CORE_EVENT kind=2 report_seq=176 uart_sequence=27744 sensor_raw=4294954596 sensor_converted=4294954596 xiao_rx=248720931 queue_push=248720936 core_rx=42873508
1785753683.478385 BNO_CORE_EVENT kind=5 report_seq=215 uart_sequence=27745 sensor_raw=4294954596 sensor_converted=4294954596 xiao_rx=248720954 queue_push=248720955 core_rx=42876164
1785753683.481659 BNO_CORE_EVENT kind=1 report_seq=235 uart_sequence=27746 sensor_raw=4294956396 sensor_converted=4294956396 xiao_rx=248720963 queue_push=248720965 core_rx=42877300
1785753683.483266 BNO_CORE_EVENT kind=1 report_seq=236 uart_sequence=27747 sensor_raw=4294964596 sensor_converted=4294964596 xiao_rx=248720972 queue_push=248720973 core_rx=42878405
1785753683.484878 BNO_CORE_EVENT kind=2 report_seq=177 uart_sequence=27748 sensor_raw=4294964596 sensor_converted=4294964596 xiao_rx=248720980 queue_push=248720982 core_rx=42879496
1785753683.488124 BNO_CORE_EVENT kind=3 report_seq=216 uart_sequence=27749 sensor_raw=4294964596 sensor_converted=4294964596 xiao_rx=248720993 queue_push=248720995 core_rx=42880593
1785753683.489651 BNO_CORE_EVENT kind=1 report_seq=237 uart_sequence=27750 sensor_raw=4294964796 sensor_converted=4294964796 xiao_rx=248731339 queue_push=248731344 core_rx=42883323
1785753683.492863 BNO_CORE_EVENT kind=2 report_seq=178 uart_sequence=27752 sensor_raw=4294955796 sensor_converted=4294955796 xiao_rx=248737159 queue_push=248737164 core_rx=42887302
1785753683.494944 BNO_CORE_EVENT kind=5 report_seq=216 uart_sequence=27753 sensor_raw=4294955796 sensor_converted=4294955796 xiao_rx=248737180 queue_push=248737182 core_rx=42888502
1785753683.497524 BNO_CORE_EVENT kind=1 report_seq=238 uart_sequence=27754 sensor_raw=4294962196 sensor_converted=4294962196 xiao_rx=248737191 queue_push=248737192 core_rx=42890985
1785753683.499054 BNO_CORE_EVENT kind=4 report_seq=237 uart_sequence=27756 sensor_raw=4294960596 sensor_converted=4294960596 xiao_rx=248747202 queue_push=248747211 core_rx=42901308
1785753683.500660 BNO_CORE_EVENT kind=2 report_seq=179 uart_sequence=27757 sensor_raw=4294960696 sensor_converted=4294960696 xiao_rx=248747237 queue_push=248747240 core_rx=42903985
1785753683.503797 BNO_CORE_EVENT kind=3 report_seq=217 uart_sequence=27758 sensor_raw=4294960696 sensor_converted=4294960696 xiao_rx=248747252 queue_push=248747254 core_rx=42905278
1785753683.505418 BNO_CORE_EVENT kind=1 report_seq=239 uart_sequence=27759 sensor_raw=4294964396 sensor_converted=4294964396 xiao_rx=248747264 queue_push=248747266 core_rx=42906389
1785753683.507039 BNO_CORE_EVENT kind=2 report_seq=180 uart_sequence=27760 sensor_raw=4294960896 sensor_converted=4294960896 xiao_rx=248752853 queue_push=248752855 core_rx=42909069
1785753683.510213 BNO_CORE_EVENT kind=5 report_seq=217 uart_sequence=27761 sensor_raw=4294960896 sensor_converted=4294960896 xiao_rx=248752865 queue_push=248752867 core_rx=42910227
1785753683.513295 BNO_CORE_EVENT kind=1 report_seq=240 uart_sequence=27762 sensor_raw=4294962096 sensor_converted=4294962096 xiao_rx=248752874 queue_push=248752876 core_rx=42911290
1785753683.514899 BNO_CORE_EVENT kind=1 report_seq=241 uart_sequence=27765 sensor_raw=4294964596 sensor_converted=4294964596 xiao_rx=248765165 queue_push=248765172 core_rx=42916315
1785753683.516508 BNO_CORE_EVENT kind=2 report_seq=181 uart_sequence=27766 sensor_raw=4294964896 sensor_converted=4294964896 xiao_rx=248765196 queue_push=248765199 core_rx=42917742
1785753683.519558 BNO_CORE_EVENT kind=3 report_seq=218 uart_sequence=27768 sensor_raw=4294952696 sensor_converted=4294952696 xiao_rx=248772870 queue_push=248772879 core_rx=42924307
1785753683.521170 BNO_CORE_EVENT kind=1 report_seq=242 uart_sequence=27769 sensor_raw=4294960596 sensor_converted=4294960596 xiao_rx=248772905 queue_push=248772907 core_rx=42925614
1785753683.522781 BNO_CORE_EVENT kind=2 report_seq=182 uart_sequence=27770 sensor_raw=4294963096 sensor_converted=4294963096 xiao_rx=248772918 queue_push=248772919 core_rx=42927971
1785753683.526023 BNO_CORE_EVENT kind=5 report_seq=218 uart_sequence=27771 sensor_raw=4294963096 sensor_converted=4294963096 xiao_rx=248772926 queue_push=248772928 core_rx=42929160
1785753683.528517 BNO_CORE_EVENT kind=1 report_seq=243 uart_sequence=27772 sensor_raw=4294960896 sensor_converted=4294960896 xiao_rx=248775387 queue_push=248775390 core_rx=42930236
1785753683.530544 BNO_CORE_EVENT kind=2 report_seq=183 uart_sequence=27773 sensor_raw=4294962396 sensor_converted=4294962396 xiao_rx=248785545 queue_push=248785553 core_rx=42939320
1785753683.532146 BNO_CORE_EVENT kind=3 report_seq=219 uart_sequence=27774 sensor_raw=4294962396 sensor_converted=4294962396 xiao_rx=248785579 queue_push=248785581 core_rx=42942341
1785753683.535372 BNO_CORE_EVENT kind=4 report_seq=238 uart_sequence=27775 sensor_raw=4294962696 sensor_converted=4294962696 xiao_rx=248785589 queue_push=248785590 core_rx=42943531
1785753683.537007 BNO_CORE_EVENT kind=1 report_seq=244 uart_sequence=27776 sensor_raw=4294965796 sensor_converted=4294965796 xiao_rx=248785600 queue_push=248785602 core_rx=42946649
1785753683.538632 BNO_CORE_EVENT kind=2 report_seq=184 uart_sequence=27777 sensor_raw=4294962596 sensor_converted=4294962596 xiao_rx=248791173 queue_push=248791175 core_rx=42947943
1785753683.541837 BNO_CORE_EVENT kind=5 report_seq=219 uart_sequence=27778 sensor_raw=4294962596 sensor_converted=4294962596 xiao_rx=248791185 queue_push=248791187 core_rx=42949012
1785753683.544509 BNO_CORE_EVENT kind=1 report_seq=245 uart_sequence=27779 sensor_raw=4294963596 sensor_converted=4294963596 xiao_rx=248791193 queue_push=248791195 core_rx=42950077
1785753683.545938 BNO_CORE_EVENT kind=1 report_seq=246 uart_sequence=27781 sensor_raw=4294965896 sensor_converted=4294965896 xiao_rx=248800184 queue_push=248800191 core_rx=42952301
1785753683.549068 BNO_CORE_EVENT kind=2 report_seq=185 uart_sequence=27783 sensor_raw=4294957596 sensor_converted=4294957596 xiao_rx=248805903 queue_push=248805913 core_rx=42958275
1785753683.550589 BNO_CORE_EVENT kind=3 report_seq=220 uart_sequence=27784 sensor_raw=4294957596 sensor_converted=4294957596 xiao_rx=248805956 queue_push=248805958 core_rx=42960986
1785753683.552201 BNO_CORE_EVENT kind=1 report_seq=247 uart_sequence=27785 sensor_raw=4294964896 sensor_converted=4294964896 xiao_rx=248805966 queue_push=248805968 core_rx=42962266
1785753683.555438 BNO_CORE_EVENT kind=2 report_seq=186 uart_sequence=27786 sensor_raw=4294962996 sensor_converted=4294962996 xiao_rx=248809422 queue_push=248809425 core_rx=42963375
1785753683.557058 BNO_CORE_EVENT kind=5 report_seq=220 uart_sequence=27787 sensor_raw=4294962996 sensor_converted=4294962996 xiao_rx=248809435 queue_push=248809437 core_rx=42966091
1785753683.560050 BNO_CORE_EVENT kind=1 report_seq=248 uart_sequence=27790 sensor_raw=4294964096 sensor_converted=4294964096 xiao_rx=248820552 queue_push=248820559 core_rx=42974321
1785753683.562839 BNO_CORE_EVENT kind=2 report_seq=187 uart_sequence=27791 sensor_raw=4294957796 sensor_converted=4294957796 xiao_rx=248825900 queue_push=248825903 core_rx=42977504
1785753683.564242 BNO_CORE_EVENT kind=3 report_seq=221 uart_sequence=27792 sensor_raw=4294957796 sensor_converted=4294957796 xiao_rx=248825915 queue_push=248825917 core_rx=42978722
1785753683.567449 BNO_CORE_EVENT kind=4 report_seq=239 uart_sequence=27793 sensor_raw=4294957796 sensor_converted=4294957796 xiao_rx=248825925 queue_push=248825927 core_rx=42979795
1785753683.568971 BNO_CORE_EVENT kind=1 report_seq=249 uart_sequence=27794 sensor_raw=4294960296 sensor_converted=4294960296 xiao_rx=248825934 queue_push=248825935 core_rx=42980859
1785753683.572192 BNO_CORE_EVENT kind=2 report_seq=188 uart_sequence=27797 sensor_raw=4294961896 sensor_converted=4294961896 xiao_rx=248834297 queue_push=248834303 core_rx=42992292
1785753683.573823 BNO_CORE_EVENT kind=5 report_seq=221 uart_sequence=27798 sensor_raw=4294961896 sensor_converted=4294961896 xiao_rx=248834324 queue_push=248834326 core_rx=42994995
1785753683.575354 BNO_CORE_EVENT kind=1 report_seq=250 uart_sequence=27799 sensor_raw=4294962596 sensor_converted=4294962596 xiao_rx=248834333 queue_push=248834336 core_rx=42996302
1785753683.578437 BNO_CORE_EVENT kind=1 report_seq=251 uart_sequence=27800 sensor_raw=4294962596 sensor_converted=4294962596 xiao_rx=248838873 queue_push=248838875 core_rx=42997412
1785753683.581127 BNO_CORE_EVENT kind=2 report_seq=189 uart_sequence=27801 sensor_raw=4294963496 sensor_converted=4294963496 xiao_rx=248838890 queue_push=248838893 core_rx=42998496
1785753683.582729 BNO_CORE_EVENT kind=3 report_seq=222 uart_sequence=27802 sensor_raw=4294963496 sensor_converted=4294963496 xiao_rx=248838904 queue_push=248838906 core_rx=43000716
1785753683.585950 BNO_CORE_EVENT kind=1 report_seq=252 uart_sequence=27803 sensor_raw=4294965696 sensor_converted=4294965696 xiao_rx=248842649 queue_push=248842655 core_rx=43001892
1785753683.587564 BNO_CORE_EVENT kind=2 report_seq=190 uart_sequence=27805 sensor_raw=4294964996 sensor_converted=4294964996 xiao_rx=248853218 queue_push=248853231 core_rx=43004958
1785753683.589180 BNO_CORE_EVENT kind=5 report_seq=222 uart_sequence=27806 sensor_raw=4294954796 sensor_converted=4294954796 xiao_rx=248858199 queue_push=248858206 core_rx=43013313
1785753683.592354 BNO_CORE_EVENT kind=1 report_seq=253 uart_sequence=27807 sensor_raw=4294959496 sensor_converted=4294959496 xiao_rx=248858227 queue_push=248858229 core_rx=43015983
1785753683.595017 BNO_CORE_EVENT kind=2 report_seq=191 uart_sequence=27808 sensor_raw=4294959996 sensor_converted=4294959996 xiao_rx=248864904 queue_push=248864907 core_rx=43017242
1785753683.596631 BNO_CORE_EVENT kind=3 report_seq=223 uart_sequence=27809 sensor_raw=4294959996 sensor_converted=4294959996 xiao_rx=248864918 queue_push=248864920 core_rx=43018340
1785753683.599782 BNO_CORE_EVENT kind=4 report_seq=240 uart_sequence=27810 sensor_raw=4294959996 sensor_converted=4294959996 xiao_rx=248864927 queue_push=248864929 core_rx=43021069
1785753683.601308 BNO_CORE_EVENT kind=1 report_seq=254 uart_sequence=27811 sensor_raw=4294961996 sensor_converted=4294961996 xiao_rx=248864937 queue_push=248864938 core_rx=43022416
1785753683.602830 BNO_CORE_EVENT kind=2 report_seq=192 uart_sequence=27815 sensor_raw=4294962796 sensor_converted=4294962796 xiao_rx=248880742 queue_push=248880750 core_rx=43031262
1785753683.606047 BNO_CORE_EVENT kind=5 report_seq=223 uart_sequence=27816 sensor_raw=4294962796 sensor_converted=4294962796 xiao_rx=248880777 queue_push=248880778 core_rx=43032506
1785753683.607660 BNO_CORE_EVENT kind=1 report_seq=255 uart_sequence=27817 sensor_raw=4294963096 sensor_converted=4294963096 xiao_rx=248880785 queue_push=248880787 core_rx=43033584
1785753683.610651 BNO_CORE_EVENT kind=1 report_seq=0 uart_sequence=27818 sensor_raw=4294955796 sensor_converted=4294955796 xiao_rx=248889809 queue_push=248889816 core_rx=43043307
1785753683.618406 BNO_CORE_EVENT kind=2 report_seq=193 uart_sequence=27819 sensor_raw=4294957396 sensor_converted=4294957396 xiao_rx=248889843 queue_push=248889846 core_rx=43045987
1785753683.628861 BNO_CORE_EVENT kind=3 report_seq=224 uart_sequence=27820 sensor_raw=4294957396 sensor_converted=4294957396 xiao_rx=248889857 queue_push=248889858 core_rx=43047269
1785753683.636636 BNO_CORE_EVENT kind=1 report_seq=1 uart_sequence=27821 sensor_raw=4294963496 sensor_converted=4294963496 xiao_rx=248889865 queue_push=248889867 core_rx=43048390
1785753683.645871 BNO_CORE_EVENT kind=2 report_seq=194 uart_sequence=27822 sensor_raw=4294957996 sensor_converted=4294957996 xiao_rx=248894761 queue_push=248894763 core_rx=43051044
1785753683.655357 BNO_CORE_EVENT kind=5 report_seq=224 uart_sequence=27823 sensor_raw=4294957996 sensor_converted=4294957996 xiao_rx=248894770 queue_push=248894772 core_rx=43052220
1785753683.664182 BNO_CORE_EVENT kind=1 report_seq=2 uart_sequence=27824 sensor_raw=4294962496 sensor_converted=4294962496 xiao_rx=248894779 queue_push=248894780 core_rx=43053292
1785753683.674631 BNO_CORE_EVENT kind=2 report_seq=195 uart_sequence=27827 sensor_raw=4294963296 sensor_converted=4294963296 xiao_rx=248905399 queue_push=248905408 core_rx=43062320
1785753683.683736 BNO_CORE_EVENT kind=3 report_seq=225 uart_sequence=27828 sensor_raw=4294963296 sensor_converted=4294963296 xiao_rx=248905434 queue_push=248905436 core_rx=43064939
1785753683.694690 BNO_CORE_EVENT kind=4 report_seq=241 uart_sequence=27829 sensor_raw=4294952596 sensor_converted=4294952596 xiao_rx=248912814 queue_push=248912818 core_rx=43066106
1785753683.704195 BNO_CORE_EVENT kind=1 report_seq=3 uart_sequence=27830 sensor_raw=4294954396 sensor_converted=4294954396 xiao_rx=248912830 queue_push=248912832 core_rx=43067215
1785753683.713868 BNO_CORE_EVENT kind=1 report_seq=4 uart_sequence=27831 sensor_raw=4294962696 sensor_converted=4294962696 xiao_rx=248912839 queue_push=248912840 core_rx=43068314
1785753683.723459 BNO_CORE_EVENT kind=2 report_seq=196 uart_sequence=27832 sensor_raw=4294962696 sensor_converted=4294962696 xiao_rx=248912847 queue_push=248912848 core_rx=43070773
1785753683.732404 BNO_CORE_EVENT kind=5 report_seq=225 uart_sequence=27833 sensor_raw=4294962696 sensor_converted=4294962696 xiao_rx=248912856 queue_push=248912857 core_rx=43072080
1785753683.738715 BNO_CORE_EVENT kind=1 report_seq=5 uart_sequence=27837 sensor_raw=4294962796 sensor_converted=4294962796 xiao_rx=248925069 queue_push=248925076 core_rx=43078456
1785753683.745842 BNO_CORE_EVENT kind=2 report_seq=197 uart_sequence=27840 sensor_raw=4294952796 sensor_converted=4294952796 xiao_rx=248934098 queue_push=248934104 core_rx=43093328
1785753683.753992 BNO_CORE_EVENT kind=3 report_seq=226 uart_sequence=27841 sensor_raw=4294952796 sensor_converted=4294952796 xiao_rx=248934126 queue_push=248934127 core_rx=43095971
1785753683.761909 BNO_CORE_EVENT kind=1 report_seq=6 uart_sequence=27842 sensor_raw=4294958996 sensor_converted=4294958996 xiao_rx=248934135 queue_push=248934137 core_rx=43097208
1785753683.769746 BNO_CORE_EVENT kind=2 report_seq=198 uart_sequence=27843 sensor_raw=4294963096 sensor_converted=4294963096 xiao_rx=248934144 queue_push=248934145 core_rx=43098308
1785753683.776054 BNO_CORE_EVENT kind=5 report_seq=226 uart_sequence=27844 sensor_raw=4294963096 sensor_converted=4294963096 xiao_rx=248934152 queue_push=248934154 core_rx=43101101
1785753683.783727 BNO_CORE_EVENT kind=1 report_seq=7 uart_sequence=27845 sensor_raw=4294966396 sensor_converted=4294966396 xiao_rx=248934162 queue_push=248934164 core_rx=43102380
1785753683.791665 BNO_CORE_EVENT kind=2 report_seq=199 uart_sequence=27846 sensor_raw=4294963896 sensor_converted=4294963896 xiao_rx=248937868 queue_push=248937872 core_rx=43103476
1785753683.795636 BNO_CORE_EVENT kind=3 report_seq=227 uart_sequence=27847 sensor_raw=4294963896 sensor_converted=4294963896 xiao_rx=248937888 queue_push=248937890 core_rx=43104547
1785753683.797160 BNO_CORE_EVENT kind=4 report_seq=242 uart_sequence=27848 sensor_raw=4294960196 sensor_converted=4294960196 xiao_rx=248942479 queue_push=248942487 core_rx=43105605
1785753683.800378 BNO_CORE_EVENT kind=1 report_seq=8 uart_sequence=27849 sensor_raw=4294961596 sensor_converted=4294961596 xiao_rx=248942509 queue_push=248942511 core_rx=43106665
1785753683.801997 BNO_CORE_EVENT kind=1 report_seq=9 uart_sequence=27850 sensor_raw=4294964796 sensor_converted=4294964796 xiao_rx=248944960 queue_push=248944963 core_rx=43109312
1785753683.803604 BNO_CORE_EVENT kind=2 report_seq=200 uart_sequence=27852 sensor_raw=4294962796 sensor_converted=4294962796 xiao_rx=248959485 queue_push=248959493 core_rx=43111965
1785753683.806842 BNO_CORE_EVENT kind=5 report_seq=227 uart_sequence=27853 sensor_raw=4294962796 sensor_converted=4294962796 xiao_rx=248959519 queue_push=248959521 core_rx=43113032
1785753683.808455 XIAO UART baud=921600 rx=GPIO8 tx=GPIO9 bytes=885308 frames=4097 bytes_s=44580 frames_s=456 crc/cobs/len=0/0/0 seqgap=0 age_ms=2 type=4 log=1 q=18 rec=4184 final=0
1785753683.811821 RXDIAG max_us=85176 budget_hits=55 byte/frame/time=55/0/0 rx_buf_max=3456 loop_period_max_us=1179530 loop_exec_max_us=1172582 free_heap=133264 min_free_heap=132912 reset_reason=0 bno_kind_1to5_s=128/101/50/25/51 queue=18 high=79 drops=0
1785753683.816038 RXDETAIL service_calls=30693 service_bytes_avg=28 service_bytes_max=512 service_frames_avg=0 service_frames_avg_x1000=239 service_frames_max=7 service_bytes_s=44372 service_frames_s=452 rxbuf_full_obs=0 bno_valid=3194 bno_invalid=0 unknown=0 uart_overflow=framework_unavailable trial_rx_bytes=401600 trial_frames=4097 trial_bno=3194 trial_crc/cobs/len=0/0/0
1785753683.819257 BNO_CORE_EVENT kind=1 report_seq=10 uart_sequence=27855 sensor_raw=4294956096 sensor_converted=4294956096 xiao_rx=248967030 queue_push=248967035 core_rx=43121176
1785753683.822513 RXTASK mode=dispatch read_calls=30694 zero_reads=24648 read_bytes_max=512 rx_task_max_us=85176 rx_task_continuous_max_us=85176 stack_hwm_min_bytes=3964 cobs_delimiters=7360 rx_current=240 rx_max=3456 rx_full=0 overflow=framework_unavailable
1785753683.822513 SDTASK max_process_us=126869
1785753683.824133 BNO_CORE_EVENT kind=2 report_seq=201 uart_sequence=27856 sensor_raw=4294958496 sensor_converted=4294958496 xiao_rx=248967057 queue_push=248967060 core_rx=43124135
1785753683.827446 BNO_CORE_EVENT kind=3 report_seq=228 uart_sequence=27857 sensor_raw=4294958496 sensor_converted=4294958496 xiao_rx=248967071 queue_push=248967072 core_rx=43125328
1785753683.828751 BNO_CORE_EVENT kind=1 report_seq=11 uart_sequence=27858 sensor_raw=4294963996 sensor_converted=4294963996 xiao_rx=248967079 queue_push=248967081 core_rx=43127635
1785753683.831990 BNO_CORE_EVENT kind=2 report_seq=202 uart_sequence=27859 sensor_raw=4294961096 sensor_converted=4294961096 xiao_rx=248972790 queue_push=248972800 core_rx=43128911
1785753683.833601 BNO_CORE_EVENT kind=5 report_seq=228 uart_sequence=27860 sensor_raw=4294961096 sensor_converted=4294961096 xiao_rx=248972843 queue_push=248972845 core_rx=43130073
1785753683.835225 BNO_CORE_EVENT kind=1 report_seq=12 uart_sequence=27861 sensor_raw=4294963996 sensor_converted=4294963996 xiao_rx=248972856 queue_push=248972858 core_rx=43131140
1785753683.838458 BNO_CORE_EVENT kind=2 report_seq=203 uart_sequence=27865 sensor_raw=4294964796 sensor_converted=4294964796 xiao_rx=248984497 queue_push=248984509 core_rx=43144895
1785753683.840083 BNO_CORE_EVENT kind=3 report_seq=229 uart_sequence=27866 sensor_raw=4294953596 sensor_converted=4294953596 xiao_rx=248993057 queue_push=248993066 core_rx=43146529
1785753683.841695 BNO_CORE_EVENT kind=4 report_seq=243 uart_sequence=27867 sensor_raw=4294953596 sensor_converted=4294953596 xiao_rx=248993090 queue_push=248993092 core_rx=43148169
1785753683.844884 BNO_CORE_EVENT kind=1 report_seq=13 uart_sequence=27868 sensor_raw=4294954496 sensor_converted=4294954496 xiao_rx=248993104 queue_push=248993106 core_rx=43149401
1785753683.846084 BNO_CORE_EVENT kind=1 report_seq=14 uart_sequence=27869 sensor_raw=4294962896 sensor_converted=4294962896 xiao_rx=248993113 queue_push=248993115 core_rx=43150510
1785753683.849209 BNO_CORE_EVENT kind=2 report_seq=204 uart_sequence=27870 sensor_raw=4294963296 sensor_converted=4294963296 xiao_rx=248993122 queue_push=248993124 core_rx=43152729
1785753683.850811 BNO_CORE_EVENT kind=5 report_seq=229 uart_sequence=27871 sensor_raw=4294963296 sensor_converted=4294963296 xiao_rx=248993131 queue_push=248993133 core_rx=43153888
1785753683.854000 BNO_CORE_EVENT kind=1 report_seq=15 uart_sequence=27872 sensor_raw=4294961896 sensor_converted=4294961896 xiao_rx=248995592 queue_push=248995594 core_rx=43154965
1785753683.855567 BNO_CORE_EVENT kind=2 report_seq=205 uart_sequence=27875 sensor_raw=4294961996 sensor_converted=4294961996 xiao_rx=249010434 queue_push=249010442 core_rx=43160326
1785753683.857176 BNO_CORE_EVENT kind=3 report_seq=230 uart_sequence=27876 sensor_raw=4294961996 sensor_converted=4294961996 xiao_rx=249010472 queue_push=249010474 core_rx=43161587
1785753683.860407 BNO_CORE_EVENT kind=1 report_seq=16 uart_sequence=27877 sensor_raw=4294952196 sensor_converted=4294952196 xiao_rx=249017430 queue_push=249017437 core_rx=43172354
1785753683.863260 BNO_CORE_EVENT kind=2 report_seq=206 uart_sequence=27878 sensor_raw=4294957596 sensor_converted=4294957596 xiao_rx=249017465 queue_push=249017467 core_rx=43174941
1785753683.864783 BNO_CORE_EVENT kind=5 report_seq=230 uart_sequence=27879 sensor_raw=4294957596 sensor_converted=4294957596 xiao_rx=249017476 queue_push=249017477 core_rx=43176094
1785753683.866362 BNO_CORE_EVENT kind=1 report_seq=17 uart_sequence=27880 sensor_raw=4294959996 sensor_converted=4294959996 xiao_rx=249017484 queue_push=249017486 core_rx=43177209
1785753683.869531 BNO_CORE_EVENT kind=2 report_seq=207 uart_sequence=27881 sensor_raw=4294960596 sensor_converted=4294960596 xiao_rx=249024165 queue_push=249024168 core_rx=43178741
1785753683.871149 BNO_CORE_EVENT kind=3 report_seq=231 uart_sequence=27882 sensor_raw=4294960596 sensor_converted=4294960596 xiao_rx=249024183 queue_push=249024185 core_rx=43179987
1785753683.872766 BNO_CORE_EVENT kind=4 report_seq=244 uart_sequence=27883 sensor_raw=4294960596 sensor_converted=4294960596 xiao_rx=249024194 queue_push=249024196 core_rx=43181106
1785753683.875859 BNO_CORE_EVENT kind=1 report_seq=18 uart_sequence=27884 sensor_raw=4294961096 sensor_converted=4294961096 xiao_rx=249024203 queue_push=249024204 core_rx=43182189
1785753683.878756 BNO_CORE_EVENT kind=1 report_seq=19 uart_sequence=27888 sensor_raw=4294962596 sensor_converted=4294962596 xiao_rx=249038099 queue_push=249038106 core_rx=43193274
1785753683.881860 BNO_CORE_EVENT kind=2 report_seq=208 uart_sequence=27889 sensor_raw=4294963496 sensor_converted=4294963496 xiao_rx=249038133 queue_push=249038136 core_rx=43195993
1785753683.883464 BNO_CORE_EVENT kind=5 report_seq=231 uart_sequence=27890 sensor_raw=4294963496 sensor_converted=4294963496 xiao_rx=249038143 queue_push=249038145 core_rx=43197315
1785753683.885103 BNO_CORE_EVENT kind=1 report_seq=20 uart_sequence=27891 sensor_raw=4294956796 sensor_converted=4294956796 xiao_rx=249044792 queue_push=249044795 core_rx=43198414
1785753683.888281 BNO_CORE_EVENT kind=2 report_seq=209 uart_sequence=27892 sensor_raw=4294959996 sensor_converted=4294959996 xiao_rx=249044805 queue_push=249044806 core_rx=43201044
1785753683.889898 BNO_CORE_EVENT kind=3 report_seq=232 uart_sequence=27893 sensor_raw=4294959996 sensor_converted=4294959996 xiao_rx=249044818 queue_push=249044819 core_rx=43202180
1785753683.891434 BNO_CORE_EVENT kind=1 report_seq=21 uart_sequence=27894 sensor_raw=4294964196 sensor_converted=4294964196 xiao_rx=249044826 queue_push=249044828 core_rx=43203253
1785753683.894911 BNO_CORE_EVENT kind=2 report_seq=210 uart_sequence=27896 sensor_raw=4294962996 sensor_converted=4294962996 xiao_rx=249055212 queue_push=249055220 core_rx=43208328
1785753683.897391 BNO_CORE_EVENT kind=5 report_seq=232 uart_sequence=27897 sensor_raw=4294962996 sensor_converted=4294962996 xiao_rx=249055251 queue_push=249055253 core_rx=43211032
1785753683.899771 BNO_CORE_EVENT kind=1 report_seq=22 uart_sequence=27898 sensor_raw=4294965296 sensor_converted=4294965296 xiao_rx=249055259 queue_push=249055261 core_rx=43212329
1785753683.902034 BNO_CORE_EVENT kind=2 report_seq=211 uart_sequence=27899 sensor_raw=4294962996 sensor_converted=4294962996 xiao_rx=249058793 queue_push=249058794 core_rx=43213405
1785753683.903888 BNO_CORE_EVENT kind=3 report_seq=233 uart_sequence=27900 sensor_raw=4294962996 sensor_converted=4294962996 xiao_rx=249058806 queue_push=249058807 core_rx=43214476
1785753683.906283 BNO_CORE_EVENT kind=4 report_seq=245 uart_sequence=27903 sensor_raw=4294959296 sensor_converted=4294959296 xiao_rx=249069863 queue_push=249069872 core_rx=43223307
1785753683.908594 BNO_CORE_EVENT kind=1 report_seq=23 uart_sequence=27904 sensor_raw=4294959296 sensor_converted=4294959296 xiao_rx=249069896 queue_push=249069898 core_rx=43224996
1785753683.910212 BNO_CORE_EVENT kind=1 report_seq=24 uart_sequence=27905 sensor_raw=4294956796 sensor_converted=4294956796 xiao_rx=249075500 queue_push=249075501 core_rx=43228005
1785753683.913439 BNO_CORE_EVENT kind=2 report_seq=212 uart_sequence=27906 sensor_raw=4294958896 sensor_converted=4294958896 xiao_rx=249075511 queue_push=249075515 core_rx=43229274
1785753683.915051 BNO_CORE_EVENT kind=5 report_seq=233 uart_sequence=27907 sensor_raw=4294958896 sensor_converted=4294958896 xiao_rx=249075523 queue_push=249075524 core_rx=43230342
1785753683.916576 BNO_CORE_EVENT kind=1 report_seq=25 uart_sequence=27908 sensor_raw=4294964696 sensor_converted=4294964696 xiao_rx=249075531 queue_push=249075533 core_rx=43231415
1785753683.919784 BNO_CORE_EVENT kind=2 report_seq=213 uart_sequence=27909 sensor_raw=4294962196 sensor_converted=4294962196 xiao_rx=249083964 queue_push=249083972 core_rx=43236324
1785753683.921318 BNO_CORE_EVENT kind=3 report_seq=234 uart_sequence=27910 sensor_raw=4294962196 sensor_converted=4294962196 xiao_rx=249083998 queue_push=249083999 core_rx=43238946
1785753683.922930 BNO_CORE_EVENT kind=1 report_seq=26 uart_sequence=27911 sensor_raw=4294957696 sensor_converted=4294957696 xiao_rx=249087324 queue_push=249087326 core_rx=43240114
1785753683.926273 BNO_CORE_EVENT kind=2 report_seq=214 uart_sequence=27912 sensor_raw=4294963796 sensor_converted=4294963796 xiao_rx=249087336 queue_push=249087339 core_rx=43241236
1785753683.929445 BNO_CORE_EVENT kind=5 report_seq=234 uart_sequence=27915 sensor_raw=4294960596 sensor_converted=4294960596 xiao_rx=249097464 queue_push=249097471 core_rx=43246306
1785753683.931060 BNO_CORE_EVENT kind=1 report_seq=27 uart_sequence=27916 sensor_raw=4294962396 sensor_converted=4294962396 xiao_rx=249097489 queue_push=249097491 core_rx=43247562
1785753683.932665 BNO_CORE_EVENT kind=1 report_seq=28 uart_sequence=27919 sensor_raw=4294960796 sensor_converted=4294960796 xiao_rx=249104072 queue_push=249104078 core_rx=43258303
1785753683.935808 BNO_CORE_EVENT kind=2 report_seq=215 uart_sequence=27920 sensor_raw=4294960796 sensor_converted=4294960796 xiao_rx=249104101 queue_push=249104104 core_rx=43260992
1785753683.937344 BNO_CORE_EVENT kind=3 report_seq=235 uart_sequence=27921 sensor_raw=4294960796 sensor_converted=4294960796 xiao_rx=249104115 queue_push=249104116 core_rx=43262270
1785753683.938959 BNO_CORE_EVENT kind=4 report_seq=246 uart_sequence=27922 sensor_raw=4294960796 sensor_converted=4294960796 xiao_rx=249104124 queue_push=249104126 core_rx=43263365
1785753683.942309 BNO_CORE_EVENT kind=1 report_seq=29 uart_sequence=27923 sensor_raw=4294961896 sensor_converted=4294961896 xiao_rx=249109718 queue_push=249109721 core_rx=43266079
1785753683.945108 BNO_CORE_EVENT kind=2 report_seq=216 uart_sequence=27924 sensor_raw=4294963696 sensor_converted=4294963696 xiao_rx=249109732 queue_push=249109734 core_rx=43267285
1785753683.947416 BNO_CORE_EVENT kind=5 report_seq=235 uart_sequence=27925 sensor_raw=4294963696 sensor_converted=4294963696 xiao_rx=249109741 queue_push=249109743 core_rx=43269345
1785753683.949525 BNO_CORE_EVENT kind=1 report_seq=30 uart_sequence=27926 sensor_raw=4294963696 sensor_converted=4294963696 xiao_rx=249119358 queue_push=249119365 core_rx=43271310
1785753683.951150 BNO_CORE_EVENT kind=2 report_seq=217 uart_sequence=27928 sensor_raw=4294958696 sensor_converted=4294958696 xiao_rx=249125169 queue_push=249125176 core_rx=43274326
1785753683.952767 BNO_CORE_EVENT kind=3 report_seq=236 uart_sequence=27929 sensor_raw=4294958696 sensor_converted=4294958696 xiao_rx=249125196 queue_push=249125198 core_rx=43275560
1785753683.956012 BNO_CORE_EVENT kind=1 report_seq=31 uart_sequence=27930 sensor_raw=4294961896 sensor_converted=4294961896 xiao_rx=249125205 queue_push=249125207 core_rx=43277972
1785753683.957625 BNO_CORE_EVENT kind=2 report_seq=218 uart_sequence=27932 sensor_raw=4294962996 sensor_converted=4294962996 xiao_rx=249132596 queue_push=249132602 core_rx=43285327
1785753683.959276 BNO_CORE_EVENT kind=5 report_seq=236 uart_sequence=27933 sensor_raw=4294962996 sensor_converted=4294962996 xiao_rx=249132625 queue_push=249132628 core_rx=43287951
1785753683.962071 BNO_CORE_EVENT kind=1 report_seq=32 uart_sequence=27934 sensor_raw=4294963996 sensor_converted=4294963996 xiao_rx=249132635 queue_push=249132637 core_rx=43289085
1785753683.963675 BNO_CORE_EVENT kind=1 report_seq=33 uart_sequence=27935 sensor_raw=4294964596 sensor_converted=4294964596 xiao_rx=249135174 queue_push=249135177 core_rx=43290155
1785753683.966802 BNO_CORE_EVENT kind=2 report_seq=219 uart_sequence=27936 sensor_raw=4294962596 sensor_converted=4294962596 xiao_rx=249144867 queue_push=249144875 core_rx=43298344
1785753683.968406 BNO_CORE_EVENT kind=3 report_seq=237 uart_sequence=27937 sensor_raw=4294962596 sensor_converted=4294962596 xiao_rx=249144904 queue_push=249144906 core_rx=43355995
1785753683.971630 BNO_CORE_EVENT kind=4 report_seq=247 uart_sequence=27938 sensor_raw=4294962896 sensor_converted=4294962896 xiao_rx=249144914 queue_push=249144916 core_rx=43357285
1785753683.973251 BNO_CORE_EVENT kind=1 report_seq=34 uart_sequence=27939 sensor_raw=4294960796 sensor_converted=4294960796 xiao_rx=249149792 queue_push=249149794 core_rx=43358354
1785753683.974874 BNO_CORE_EVENT kind=2 report_seq=220 uart_sequence=27940 sensor_raw=4294963496 sensor_converted=4294963496 xiao_rx=249149807 queue_push=249149809 core_rx=43359433
1785753683.977592 BNO_CORE_EVENT kind=5 report_seq=237 uart_sequence=27941 sensor_raw=4294963496 sensor_converted=4294963496 xiao_rx=249149816 queue_push=249149818 core_rx=43360521
1785753683.980291 BNO_CORE_EVENT kind=1 report_seq=35 uart_sequence=27945 sensor_raw=4294963096 sensor_converted=4294963096 xiao_rx=249162645 queue_push=249162652 core_rx=43366767
1785753683.982486 BNO_CORE_EVENT kind=2 report_seq=221 uart_sequence=27946 sensor_raw=4294955396 sensor_converted=4294955396 xiao_rx=249167102 queue_push=249167105 core_rx=43367920
1785753683.984007 BNO_CORE_EVENT kind=3 report_seq=238 uart_sequence=27947 sensor_raw=4294955396 sensor_converted=4294955396 xiao_rx=249167116 queue_push=249167118 core_rx=43369020
1785753683.985606 BNO_CORE_EVENT kind=1 report_seq=36 uart_sequence=27948 sensor_raw=4294958296 sensor_converted=4294958296 xiao_rx=249167125 queue_push=249167127 core_rx=43370672
1785753683.988753 BNO_CORE_EVENT kind=2 report_seq=222 uart_sequence=27951 sensor_raw=4294961096 sensor_converted=4294961096 xiao_rx=249176016 queue_push=249176024 core_rx=43376636
1785753683.990314 BNO_CORE_EVENT kind=5 report_seq=238 uart_sequence=27952 sensor_raw=4294961096 sensor_converted=4294961096 xiao_rx=249176055 queue_push=249176057 core_rx=43377861
1785753683.991935 BNO_CORE_EVENT kind=1 report_seq=37 uart_sequence=27953 sensor_raw=4294961796 sensor_converted=4294961796 xiao_rx=249176063 queue_push=249176065 core_rx=43378933
1785753683.995972 BNO_CORE_EVENT kind=1 report_seq=38 uart_sequence=27954 sensor_raw=4294961096 sensor_converted=4294961096 xiao_rx=249182742 queue_push=249182745 core_rx=43380052
1785753683.998004 BNO_CORE_EVENT kind=2 report_seq=223 uart_sequence=27955 sensor_raw=4294961596 sensor_converted=4294961596 xiao_rx=249182756 queue_push=249182758 core_rx=43381150
1785753683.999561 BNO_CORE_EVENT kind=3 report_seq=239 uart_sequence=27956 sensor_raw=4294961596 sensor_converted=4294961596 xiao_rx=249182769 queue_push=249182771 core_rx=43382234
1785753684.002794 BNO_CORE_EVENT kind=4 report_seq=248 uart_sequence=27957 sensor_raw=4294961996 sensor_converted=4294961996 xiao_rx=249182778 queue_push=249182780 core_rx=43384593
1785753684.004325 BNO_CORE_EVENT kind=1 report_seq=39 uart_sequence=27958 sensor_raw=4294962596 sensor_converted=4294962596 xiao_rx=249193290 queue_push=249193295 core_rx=43385897
1785753684.005939 BNO_CORE_EVENT kind=2 report_seq=224 uart_sequence=27960 sensor_raw=4294964896 sensor_converted=4294964896 xiao_rx=249193317 queue_push=249193321 core_rx=43389206
1785753684.009176 BNO_CORE_EVENT kind=5 report_seq=239 uart_sequence=27961 sensor_raw=4294954596 sensor_converted=4294954596 xiao_rx=249198629 queue_push=249198630 core_rx=43390310
1785753684.010787 BNO_CORE_EVENT kind=1 report_seq=40 uart_sequence=27962 sensor_raw=4294959896 sensor_converted=4294959896 xiao_rx=249198638 queue_push=249198640 core_rx=43393023
1785753684.013622 BNO_CORE_EVENT kind=2 report_seq=225 uart_sequence=27964 sensor_raw=4294964596 sensor_converted=4294964596 xiao_rx=249198646 queue_push=249198648 core_rx=43394698
1785753684.015225 BNO_CORE_EVENT kind=3 report_seq=240 uart_sequence=27965 sensor_raw=4294964596 sensor_converted=4294964596 xiao_rx=249198659 queue_push=249198660 core_rx=43395774
1785753684.016831 BNO_CORE_EVENT kind=1 report_seq=41 uart_sequence=27968 sensor_raw=4294961896 sensor_converted=4294961896 xiao_rx=249212916 queue_push=249212923 core_rx=43400189
1785753684.019956 BNO_CORE_EVENT kind=2 report_seq=226 uart_sequence=27969 sensor_raw=4294955196 sensor_converted=4294955196 xiao_rx=249218966 queue_push=249218973 core_rx=43401406
1785753684.021513 BNO_CORE_EVENT kind=5 report_seq=240 uart_sequence=27970 sensor_raw=4294955196 sensor_converted=4294955196 xiao_rx=249218994 queue_push=249218996 core_rx=43402519
1785753684.023117 BNO_CORE_EVENT kind=1 report_seq=42 uart_sequence=27971 sensor_raw=4294955496 sensor_converted=4294955496 xiao_rx=249219002 queue_push=249219004 core_rx=43403621
1785753684.026294 BNO_CORE_EVENT kind=1 report_seq=43 uart_sequence=27972 sensor_raw=4294963796 sensor_converted=4294963796 xiao_rx=249219010 queue_push=249219012 core_rx=43404714
1785753684.029217 BNO_CORE_EVENT kind=2 report_seq=227 uart_sequence=27974 sensor_raw=4294959496 sensor_converted=4294959496 xiao_rx=249227397 queue_push=249227404 core_rx=43408678
1785753684.030496 BNO_CORE_EVENT kind=3 report_seq=241 uart_sequence=27975 sensor_raw=4294959496 sensor_converted=4294959496 xiao_rx=249227422 queue_push=249227425 core_rx=43409880
1785753684.033659 BNO_CORE_EVENT kind=4 report_seq=249 uart_sequence=27976 sensor_raw=4294959496 sensor_converted=4294959496 xiao_rx=249227433 queue_push=249227435 core_rx=43410954
1785753684.035275 BNO_CORE_EVENT kind=1 report_seq=44 uart_sequence=27977 sensor_raw=4294965296 sensor_converted=4294965296 xiao_rx=249227444 queue_push=249227446 core_rx=43412020
1785753684.036879 BNO_CORE_EVENT kind=2 report_seq=228 uart_sequence=27978 sensor_raw=4294960796 sensor_converted=4294960796 xiao_rx=249233865 queue_push=249233869 core_rx=43413865
1785753684.039971 BNO_CORE_EVENT kind=5 report_seq=241 uart_sequence=27979 sensor_raw=4294960796 sensor_converted=4294960796 xiao_rx=249233894 queue_push=249233895 core_rx=43415133
1785753684.041599 BNO_CORE_EVENT kind=1 report_seq=45 uart_sequence=27980 sensor_raw=4294964796 sensor_converted=4294964796 xiao_rx=249233902 queue_push=249233904 core_rx=43416217
1785753684.044463 BNO_CORE_EVENT kind=2 report_seq=229 uart_sequence=27981 sensor_raw=4294964596 sensor_converted=4294964596 xiao_rx=249236360 queue_push=249236366 core_rx=43417316
1785753684.046540 BNO_CORE_EVENT kind=3 report_seq=242 uart_sequence=27982 sensor_raw=4294961496 sensor_converted=4294961496 xiao_rx=249248108 queue_push=249248117 core_rx=43418433
1785753684.049258 BNO_CORE_EVENT kind=1 report_seq=46 uart_sequence=27983 sensor_raw=4294963796 sensor_converted=4294963796 xiao_rx=249248141 queue_push=249248143 core_rx=43419539
1785753684.050864 BNO_CORE_EVENT kind=1 report_seq=47 uart_sequence=27984 sensor_raw=4294959996 sensor_converted=4294959996 xiao_rx=249253061 queue_push=249253063 core_rx=43422026
1785753684.052580 BNO_CORE_EVENT kind=2 report_seq=230 uart_sequence=27985 sensor_raw=4294959996 sensor_converted=4294959996 xiao_rx=249253074 queue_push=249253076 core_rx=43423181
1785753684.055708 BNO_CORE_EVENT kind=5 report_seq=242 uart_sequence=27986 sensor_raw=4294959996 sensor_converted=4294959996 xiao_rx=249253083 queue_push=249253085 core_rx=43424251
1785753684.057236 BNO_CORE_EVENT kind=1 report_seq=48 uart_sequence=27989 sensor_raw=4294963296 sensor_converted=4294963296 xiao_rx=249264947 queue_push=249264952 core_rx=43428769
1785753684.061248 BNO_CORE_EVENT kind=2 report_seq=231 uart_sequence=27991 sensor_raw=4294964696 sensor_converted=4294964696 xiao_rx=249264974 queue_push=249264977 core_rx=43432320
1785753684.062733 BNO_CORE_EVENT kind=3 report_seq=243 uart_sequence=27992 sensor_raw=4294964696 sensor_converted=4294964696 xiao_rx=249264989 queue_push=249264991 core_rx=43433487
1785753684.065952 BNO_CORE_EVENT kind=4 report_seq=250 uart_sequence=27995 sensor_raw=4294953096 sensor_converted=4294953096 xiao_rx=249276874 queue_push=249276883 core_rx=43438355
1785753684.067569 BNO_CORE_EVENT kind=1 report_seq=49 uart_sequence=27996 sensor_raw=4294959196 sensor_converted=4294959196 xiao_rx=249276909 queue_push=249276910 core_rx=43439556
1785753684.069178 BNO_CORE_EVENT kind=2 report_seq=232 uart_sequence=27997 sensor_raw=4294962896 sensor_converted=4294962896 xiao_rx=249276918 queue_push=249276921 core_rx=43440620
1785753684.072435 BNO_CORE_EVENT kind=5 report_seq=243 uart_sequence=27998 sensor_raw=4294962896 sensor_converted=4294962896 xiao_rx=249276928 queue_push=249276929 core_rx=43442727
1785753684.074053 BNO_CORE_EVENT kind=1 report_seq=50 uart_sequence=27999 sensor_raw=4294954696 sensor_converted=4294954696 xiao_rx=249283591 queue_push=249283594 core_rx=43443993
1785753684.075718 BNO_CORE_EVENT kind=2 report_seq=233 uart_sequence=28000 sensor_raw=4294961096 sensor_converted=4294961096 xiao_rx=249283604 queue_push=249283607 core_rx=43445057
1785753684.079572 BNO_CORE_EVENT kind=3 report_seq=244 uart_sequence=28001 sensor_raw=4294961096 sensor_converted=4294961096 xiao_rx=249283619 queue_push=249283620 core_rx=43446175
1785753684.081613 BNO_CORE_EVENT kind=1 report_seq=51 uart_sequence=28002 sensor_raw=4294962696 sensor_converted=4294962696 xiao_rx=249283627 queue_push=249283629 core_rx=43447267
1785753684.083248 BNO_CORE_EVENT kind=1 report_seq=52 uart_sequence=28004 sensor_raw=4294964096 sensor_converted=4294964096 xiao_rx=249294203 queue_push=249294209 core_rx=43453317
1785753684.084855 BNO_CORE_EVENT kind=2 report_seq=234 uart_sequence=28005 sensor_raw=4294964196 sensor_converted=4294964196 xiao_rx=249294234 queue_push=249294237 core_rx=43456019
1785753684.087981 BNO_CORE_EVENT kind=5 report_seq=244 uart_sequence=28006 sensor_raw=4294953496 sensor_converted=4294953496 xiao_rx=249299843 queue_push=249299847 core_rx=43457303
1785753684.089501 BNO_CORE_EVENT kind=1 report_seq=53 uart_sequence=28007 sensor_raw=4294961596 sensor_converted=4294961596 xiao_rx=249299865 queue_push=249299866 core_rx=43458402
1785753684.092629 BNO_CORE_EVENT kind=2 report_seq=235 uart_sequence=28009 sensor_raw=4294963796 sensor_converted=4294963796 xiao_rx=249299877 queue_push=249299880 core_rx=43461594
1785753684.095822 BNO_CORE_EVENT kind=3 report_seq=245 uart_sequence=28010 sensor_raw=4294963796 sensor_converted=4294963796 xiao_rx=249299892 queue_push=249299895 core_rx=43462788
1785753684.096777 BNO_CORE_EVENT kind=4 report_seq=251 uart_sequence=28011 sensor_raw=4294958596 sensor_converted=4294958596 xiao_rx=249303668 queue_push=249303672 core_rx=43463847
1785753684.100009 BNO_CORE_EVENT kind=1 report_seq=54 uart_sequence=28012 sensor_raw=4294963896 sensor_converted=4294963896 xiao_rx=249303684 queue_push=249303686 core_rx=43464946
1785753684.101571 BNO_CORE_EVENT kind=2 report_seq=236 uart_sequence=28015 sensor_raw=4294964096 sensor_converted=4294964096 xiao_rx=249316864 queue_push=249316872 core_rx=43469872
1785753684.104717 BNO_CORE_EVENT kind=5 report_seq=245 uart_sequence=28016 sensor_raw=4294950996 sensor_converted=4294950996 xiao_rx=249325198 queue_push=249325205 core_rx=43479314
1785753684.106319 BNO_CORE_EVENT kind=1 report_seq=55 uart_sequence=28017 sensor_raw=4294954396 sensor_converted=4294954396 xiao_rx=249325225 queue_push=249325227 core_rx=43481976
1785753684.107935 BNO_CORE_EVENT kind=2 report_seq=237 uart_sequence=28019 sensor_raw=4294961296 sensor_converted=4294961296 xiao_rx=249325237 queue_push=249325240 core_rx=43486772
1785753684.111701 BNO_CORE_EVENT kind=3 report_seq=246 uart_sequence=28020 sensor_raw=4294961296 sensor_converted=4294961296 xiao_rx=249325251 queue_push=249325253 core_rx=43487975
1785753684.113838 BNO_CORE_EVENT kind=1 report_seq=56 uart_sequence=28021 sensor_raw=4294962396 sensor_converted=4294962396 xiao_rx=249325260 queue_push=249325262 core_rx=43489044
1785753684.116875 BNO_CORE_EVENT kind=1 report_seq=57 uart_sequence=28022 sensor_raw=4294961996 sensor_converted=4294961996 xiao_rx=249330806 queue_push=249330808 core_rx=43491613
1785753684.118392 BNO_CORE_EVENT kind=2 report_seq=238 uart_sequence=28023 sensor_raw=4294962496 sensor_converted=4294962496 xiao_rx=249330815 queue_push=249330816 core_rx=43492859
1785753684.121424 BNO_CORE_EVENT kind=5 report_seq=246 uart_sequence=28024 sensor_raw=4294962496 sensor_converted=4294962496 xiao_rx=249330824 queue_push=249330825 core_rx=43493924
1785753684.122939 BNO_CORE_EVENT kind=1 report_seq=58 uart_sequence=28026 sensor_raw=4294964196 sensor_converted=4294964196 xiao_rx=249343399 queue_push=249343406 core_rx=43498289
1785753684.125971 BNO_CORE_EVENT kind=4 report_seq=252 uart_sequence=28027 sensor_raw=4294954196 sensor_converted=4294954196 xiao_rx=249349663 queue_push=249349665 core_rx=43500985
1785753684.128855 BNO_CORE_EVENT kind=2 report_seq=239 uart_sequence=28028 sensor_raw=4294954196 sensor_converted=4294954196 xiao_rx=249349674 queue_push=249349676 core_rx=43502283
1785753684.130378 BNO_CORE_EVENT kind=3 report_seq=247 uart_sequence=28029 sensor_raw=4294954196 sensor_converted=4294954196 xiao_rx=249349687 queue_push=249349689 core_rx=43503354
1785753684.131941 BNO_CORE_EVENT kind=1 report_seq=59 uart_sequence=28030 sensor_raw=4294959796 sensor_converted=4294959796 xiao_rx=249349716 queue_push=249349718 core_rx=43506056
1785753684.135164 BNO_CORE_EVENT kind=2 report_seq=240 uart_sequence=28031 sensor_raw=4294964596 sensor_converted=4294964596 xiao_rx=249349726 queue_push=249349727 core_rx=43507266
1785753684.136774 BNO_CORE_EVENT kind=5 report_seq=247 uart_sequence=28032 sensor_raw=4294958396 sensor_converted=4294958396 xiao_rx=249358260 queue_push=249358267 core_rx=43508368
1785753684.138402 BNO_CORE_EVENT kind=1 report_seq=60 uart_sequence=28033 sensor_raw=4294961096 sensor_converted=4294961096 xiao_rx=249358287 queue_push=249358289 core_rx=43510964
1785753684.141632 BNO_CORE_EVENT kind=2 report_seq=241 uart_sequence=28037 sensor_raw=4294959796 sensor_converted=4294959796 xiao_rx=249366648 queue_push=249366655 core_rx=43520302
1785753684.143424 BNO_CORE_EVENT kind=3 report_seq=248 uart_sequence=28038 sensor_raw=4294959796 sensor_converted=4294959796 xiao_rx=249366681 queue_push=249366683 core_rx=43522983
1785753684.146476 BNO_CORE_EVENT kind=1 report_seq=61 uart_sequence=28039 sensor_raw=4294960296 sensor_converted=4294960296 xiao_rx=249366693 queue_push=249366717 core_rx=43524255
1785753684.149503 BNO_CORE_EVENT kind=1 report_seq=62 uart_sequence=28040 sensor_raw=4294960596 sensor_converted=4294960596 xiao_rx=249371592 queue_push=249371594 core_rx=43525367
1785753684.151013 BNO_CORE_EVENT kind=2 report_seq=242 uart_sequence=28041 sensor_raw=4294961096 sensor_converted=4294961096 xiao_rx=249371604 queue_push=249371607 core_rx=43528071
1785753684.152522 BNO_CORE_EVENT kind=5 report_seq=248 uart_sequence=28042 sensor_raw=4294961096 sensor_converted=4294961096 xiao_rx=249371615 queue_push=249371616 core_rx=43529287
1785753684.155539 BNO_CORE_EVENT kind=1 report_seq=63 uart_sequence=28045 sensor_raw=4294962996 sensor_converted=4294962996 xiao_rx=249382210 queue_push=249382217 core_rx=43536325
1785753684.157047 BNO_CORE_EVENT kind=4 report_seq=253 uart_sequence=28046 sensor_raw=4294955396 sensor_converted=4294955396 xiao_rx=249387586 queue_push=249387589 core_rx=43538982
1785753684.161768 BNO_CORE_EVENT kind=2 report_seq=243 uart_sequence=28047 sensor_raw=4294955496 sensor_converted=4294955496 xiao_rx=249387599 queue_push=249387601 core_rx=43540166
1785753684.164423 BNO_CORE_EVENT kind=3 report_seq=249 uart_sequence=28048 sensor_raw=4294955496 sensor_converted=4294955496 xiao_rx=249387613 queue_push=249387615 core_rx=43541234
1785753684.166025 BNO_CORE_EVENT kind=1 report_seq=64 uart_sequence=28049 sensor_raw=4294960796 sensor_converted=4294960796 xiao_rx=249387621 queue_push=249387623 core_rx=43542941
1785753684.167628 BNO_CORE_EVENT kind=2 report_seq=244 uart_sequence=28052 sensor_raw=4294959996 sensor_converted=4294959996 xiao_rx=249396990 queue_push=249397000 core_rx=43556325
1785753684.170792 BNO_CORE_EVENT kind=5 report_seq=249 uart_sequence=28053 sensor_raw=4294959996 sensor_converted=4294959996 xiao_rx=249397036 queue_push=249397038 core_rx=43558940
1785753684.172404 BNO_CORE_EVENT kind=1 report_seq=65 uart_sequence=28054 sensor_raw=4294962696 sensor_converted=4294962696 xiao_rx=249397046 queue_push=249397047 core_rx=43560102
1785753684.175599 BNO_CORE_EVENT kind=2 report_seq=245 uart_sequence=28055 sensor_raw=4294961096 sensor_converted=4294961096 xiao_rx=249403143 queue_push=249403148 core_rx=43561208
1785753684.177866 BNO_CORE_EVENT kind=3 report_seq=250 uart_sequence=28056 sensor_raw=4294961096 sensor_converted=4294961096 xiao_rx=249403173 queue_push=249403175 core_rx=43562306
1785753684.179790 BNO_CORE_EVENT kind=1 report_seq=66 uart_sequence=28057 sensor_raw=4294961196 sensor_converted=4294961196 xiao_rx=249403182 queue_push=249403184 core_rx=43564296
1785753684.181316 BNO_CORE_EVENT kind=1 report_seq=67 uart_sequence=28058 sensor_raw=4294963496 sensor_converted=4294963496 xiao_rx=249406545 queue_push=249406549 core_rx=43565567
1785753684.184443 BNO_CORE_EVENT kind=2 report_seq=246 uart_sequence=28059 sensor_raw=4294964396 sensor_converted=4294964396 xiao_rx=249406570 queue_push=249406571 core_rx=43566638
1785753684.186067 BNO_CORE_EVENT kind=5 report_seq=250 uart_sequence=28063 sensor_raw=4294961096 sensor_converted=4294961096 xiao_rx=249420412 queue_push=249420419 core_rx=43583133
1785753684.187682 BNO_CORE_EVENT kind=1 report_seq=68 uart_sequence=28064 sensor_raw=4294954296 sensor_converted=4294954296 xiao_rx=249426654 queue_push=249426656 core_rx=43584395
1785753684.190911 BNO_CORE_EVENT kind=2 report_seq=247 uart_sequence=28065 sensor_raw=4294957496 sensor_converted=4294957496 xiao_rx=249426666 queue_push=249426669 core_rx=43585514
1785753684.192522 BNO_CORE_EVENT kind=3 report_seq=251 uart_sequence=28066 sensor_raw=4294957496 sensor_converted=4294957496 xiao_rx=249426680 queue_push=249426682 core_rx=43588251
1785753684.195491 BNO_CORE_EVENT kind=4 report_seq=254 uart_sequence=28067 sensor_raw=4294957496 sensor_converted=4294957496 xiao_rx=249426689 queue_push=249426691 core_rx=43589408
1785753684.198701 BNO_CORE_EVENT kind=1 report_seq=69 uart_sequence=28068 sensor_raw=4294961496 sensor_converted=4294961496 xiao_rx=249426720 queue_push=249426722 core_rx=43590483
1785753684.200302 BNO_CORE_EVENT kind=2 report_seq=248 uart_sequence=28069 sensor_raw=4294960896 sensor_converted=4294960896 xiao_rx=249432851 queue_push=249432856 core_rx=43591576
1785753684.203441 BNO_CORE_EVENT kind=5 report_seq=251 uart_sequence=28070 sensor_raw=4294960896 sensor_converted=4294960896 xiao_rx=249432875 queue_push=249432877 core_rx=43592662
1785753684.205041 BNO_CORE_EVENT kind=1 report_seq=70 uart_sequence=28071 sensor_raw=4294963196 sensor_converted=4294963196 xiao_rx=249432883 queue_push=249432885 core_rx=43594726
1785753684.206652 BNO_CORE_EVENT kind=2 report_seq=249 uart_sequence=28072 sensor_raw=4294964596 sensor_converted=4294964596 xiao_rx=249444050 queue_push=249444058 core_rx=43595900
1785753684.209790 BNO_CORE_EVENT kind=3 report_seq=252 uart_sequence=28073 sensor_raw=4294953596 sensor_converted=4294953596 xiao_rx=249451489 queue_push=249451498 core_rx=43599338
1785753684.211775 BNO_CORE_EVENT kind=1 report_seq=71 uart_sequence=28074 sensor_raw=4294953696 sensor_converted=4294953696 xiao_rx=249451523 queue_push=249451526 core_rx=43602303
1785753684.214309 BNO_CORE_EVENT kind=1 report_seq=72 uart_sequence=28075 sensor_raw=4294962196 sensor_converted=4294962196 xiao_rx=249451533 queue_push=249451534 core_rx=43603501
1785753684.215909 BNO_CORE_EVENT kind=2 report_seq=250 uart_sequence=28076 sensor_raw=4294963996 sensor_converted=4294963996 xiao_rx=249451544 queue_push=249451546 core_rx=43604617
1785753684.219032 BNO_CORE_EVENT kind=5 report_seq=252 uart_sequence=28077 sensor_raw=4294956196 sensor_converted=4294956196 xiao_rx=249457533 queue_push=249457540 core_rx=43607296
1785753684.220574 BNO_CORE_EVENT kind=1 report_seq=73 uart_sequence=28078 sensor_raw=4294961696 sensor_converted=4294961696 xiao_rx=249457561 queue_push=249457563 core_rx=43608514
1785753684.222194 BNO_CORE_EVENT kind=2 report_seq=251 uart_sequence=28080 sensor_raw=4294960196 sensor_converted=4294960196 xiao_rx=249465249 queue_push=249465256 core_rx=43619300
1785753684.225441 BNO_CORE_EVENT kind=3 report_seq=253 uart_sequence=28081 sensor_raw=4294960196 sensor_converted=4294960196 xiao_rx=249465285 queue_push=249465287 core_rx=43621984
1785753684.227051 BNO_CORE_EVENT kind=4 report_seq=255 uart_sequence=28082 sensor_raw=4294960296 sensor_converted=4294960296 xiao_rx=249465295 queue_push=249465296 core_rx=43623242
1785753684.230367 BNO_CORE_EVENT kind=1 report_seq=74 uart_sequence=28083 sensor_raw=4294963996 sensor_converted=4294963996 xiao_rx=249465306 queue_push=249465308 core_rx=43624347
1785753684.231894 BNO_CORE_EVENT kind=2 report_seq=252 uart_sequence=28084 sensor_raw=4294962596 sensor_converted=4294962596 xiao_rx=249470843 queue_push=249470846 core_rx=43627095
1785753684.233420 BNO_CORE_EVENT kind=5 report_seq=253 uart_sequence=28085 sensor_raw=4294962596 sensor_converted=4294962596 xiao_rx=249470857 queue_push=249470859 core_rx=43628336
1785753684.236596 BNO_CORE_EVENT kind=1 report_seq=75 uart_sequence=28086 sensor_raw=4294964196 sensor_converted=4294964196 xiao_rx=249470865 queue_push=249470867 core_rx=43629400
1785753684.238202 BNO_CORE_EVENT kind=2 report_seq=253 uart_sequence=28089 sensor_raw=4294964996 sensor_converted=4294964996 xiao_rx=249482661 queue_push=249482669 core_rx=43634335
1785753684.241431 BNO_CORE_EVENT kind=3 report_seq=254 uart_sequence=28091 sensor_raw=4294954896 sensor_converted=4294954896 xiao_rx=249490468 queue_push=249490477 core_rx=43643318
1785753684.243049 BNO_CORE_EVENT kind=1 report_seq=76 uart_sequence=28092 sensor_raw=4294954896 sensor_converted=4294954896 xiao_rx=249490501 queue_push=249490503 core_rx=43645974
1785753684.245593 BNO_CORE_EVENT kind=1 report_seq=77 uart_sequence=28093 sensor_raw=4294962996 sensor_converted=4294962996 xiao_rx=249490509 queue_push=249490511 core_rx=43647227
1785753684.247808 BNO_CORE_EVENT kind=2 report_seq=254 uart_sequence=28094 sensor_raw=4294957196 sensor_converted=4294957196 xiao_rx=249494761 queue_push=249494763 core_rx=43648325
1785753684.249410 BNO_CORE_EVENT kind=5 report_seq=254 uart_sequence=28095 sensor_raw=4294957196 sensor_converted=4294957196 xiao_rx=249494770 queue_push=249494772 core_rx=43651085
1785753684.251022 BNO_CORE_EVENT kind=1 report_seq=78 uart_sequence=28097 sensor_raw=4294963496 sensor_converted=4294963496 xiao_rx=249494780 queue_push=249494782 core_rx=43654559
1785753684.254484 BNO_CORE_EVENT kind=4 report_seq=0 uart_sequence=28100 sensor_raw=4294962796 sensor_converted=4294962796 xiao_rx=249507276 queue_push=249507287 core_rx=43663335
1785753684.256100 BNO_CORE_EVENT kind=2 report_seq=255 uart_sequence=28101 sensor_raw=4294962796 sensor_converted=4294962796 xiao_rx=249507310 queue_push=249507313 core_rx=43665943
1785753684.257705 BNO_CORE_EVENT kind=3 report_seq=255 uart_sequence=28102 sensor_raw=4294962796 sensor_converted=4294962796 xiao_rx=249507324 queue_push=249507325 core_rx=43667113
1785753684.260762 BNO_CORE_EVENT kind=1 report_seq=79 uart_sequence=28103 sensor_raw=4294953996 sensor_converted=4294953996 xiao_rx=249513800 queue_push=249513801 core_rx=43668190
1785753684.263510 BNO_CORE_EVENT kind=2 report_seq=0 uart_sequence=28104 sensor_raw=4294960696 sensor_converted=4294960696 xiao_rx=249513813 queue_push=249513815 core_rx=43669263
1785753684.266562 BNO_CORE_EVENT kind=5 report_seq=255 uart_sequence=28105 sensor_raw=4294960696 sensor_converted=4294960696 xiao_rx=249513823 queue_push=249513824 core_rx=43671754
1785753684.268224 BNO_CORE_EVENT kind=1 report_seq=80 uart_sequence=28106 sensor_raw=4294961796 sensor_converted=4294961796 xiao_rx=249513831 queue_push=249513832 core_rx=43673002
1785753684.271259 BNO_CORE_EVENT kind=1 report_seq=81 uart_sequence=28108 sensor_raw=4294963096 sensor_converted=4294963096 xiao_rx=249524687 queue_push=249524693 core_rx=43682186
1785753684.272775 BNO_CORE_EVENT kind=2 report_seq=1 uart_sequence=28109 sensor_raw=4294963796 sensor_converted=4294963796 xiao_rx=249524736 queue_push=249524739 core_rx=43683482
1785753684.275805 BNO_CORE_EVENT kind=3 report_seq=0 uart_sequence=28110 sensor_raw=4294963796 sensor_converted=4294963796 xiao_rx=249524750 queue_push=249524752 core_rx=43684577
1785753684.278616 BNO_CORE_EVENT kind=1 report_seq=82 uart_sequence=28111 sensor_raw=4294960596 sensor_converted=4294960596 xiao_rx=249529657 queue_push=249529659 core_rx=43687240
1785753684.280217 BNO_CORE_EVENT kind=2 report_seq=2 uart_sequence=28112 sensor_raw=4294962896 sensor_converted=4294962896 xiao_rx=249529670 queue_push=249529672 core_rx=43688379
1785753684.283432 BNO_CORE_EVENT kind=5 report_seq=0 uart_sequence=28113 sensor_raw=4294962896 sensor_converted=4294962896 xiao_rx=249529679 queue_push=249529681 core_rx=43689485
1785753684.285036 BNO_CORE_EVENT kind=1 report_seq=83 uart_sequence=28116 sensor_raw=4294963096 sensor_converted=4294963096 xiao_rx=249542165 queue_push=249542172 core_rx=43694207
1785753684.286643 BNO_CORE_EVENT kind=2 report_seq=3 uart_sequence=28118 sensor_raw=4294955896 sensor_converted=4294955896 xiao_rx=249548467 queue_push=249548477 core_rx=43702314
1785753684.289781 BNO_CORE_EVENT kind=3 report_seq=1 uart_sequence=28119 sensor_raw=4294955896 sensor_converted=4294955896 xiao_rx=249548506 queue_push=249548507 core_rx=43704988
1785753684.291398 BNO_CORE_EVENT kind=4 report_seq=1 uart_sequence=28120 sensor_raw=4294955896 sensor_converted=4294955896 xiao_rx=249548516 queue_push=249548518 core_rx=43706268
1785753684.293028 BNO_CORE_EVENT kind=1 report_seq=84 uart_sequence=28121 sensor_raw=4294958596 sensor_converted=4294958596 xiao_rx=249548528 queue_push=249548530 core_rx=43707357
1785753684.295679 BNO_CORE_EVENT kind=2 report_seq=4 uart_sequence=28122 sensor_raw=4294959096 sensor_converted=4294959096 xiao_rx=249553414 queue_push=249553416 core_rx=43710053
1785753684.298898 BNO_CORE_EVENT kind=5 report_seq=1 uart_sequence=28123 sensor_raw=4294959096 sensor_converted=4294959096 xiao_rx=249553423 queue_push=249553425 core_rx=43711237
1785753684.300514 BNO_CORE_EVENT kind=1 report_seq=85 uart_sequence=28124 sensor_raw=4294959996 sensor_converted=4294959996 xiao_rx=249553431 queue_push=249553433 core_rx=43712305
1785753684.302161 BNO_CORE_EVENT kind=1 report_seq=86 uart_sequence=28126 sensor_raw=4294963096 sensor_converted=4294963096 xiao_rx=249563922 queue_push=249563934 core_rx=43717363
1785753684.305344 BNO_CORE_EVENT kind=2 report_seq=5 uart_sequence=28127 sensor_raw=4294964096 sensor_converted=4294964096 xiao_rx=249563972 queue_push=249563975 core_rx=43719959
1785753684.306961 BNO_CORE_EVENT kind=3 report_seq=2 uart_sequence=28128 sensor_raw=4294954196 sensor_converted=4294954196 xiao_rx=249569122 queue_push=249569124 core_rx=43721103
1785753684.308586 BNO_CORE_EVENT kind=1 report_seq=87 uart_sequence=28129 sensor_raw=4294961296 sensor_converted=4294961296 xiao_rx=249569134 queue_push=249569136 core_rx=43722164
1785753684.311654 BNO_CORE_EVENT kind=2 report_seq=6 uart_sequence=28130 sensor_raw=4294963996 sensor_converted=4294963996 xiao_rx=249569143 queue_push=249569145 core_rx=43723760
1785753684.314893 BNO_CORE_EVENT kind=5 report_seq=2 uart_sequence=28131 sensor_raw=4294958396 sensor_converted=4294958396 xiao_rx=249576487 queue_push=249576494 core_rx=43731353
1785753684.316510 BNO_CORE_EVENT kind=1 report_seq=88 uart_sequence=28132 sensor_raw=4294963096 sensor_converted=4294963096 xiao_rx=249576512 queue_push=249576514 core_rx=43733942
1785753684.318119 BNO_CORE_EVENT kind=2 report_seq=7 uart_sequence=28133 sensor_raw=4294961496 sensor_converted=4294961496 xiao_rx=249583185 queue_push=249583189 core_rx=43735094
1785753684.321259 BNO_CORE_EVENT kind=3 report_seq=3 uart_sequence=28134 sensor_raw=4294961496 sensor_converted=4294961496 xiao_rx=249583202 queue_push=249583203 core_rx=43736276
1785753684.322867 BNO_CORE_EVENT kind=4 report_seq=2 uart_sequence=28135 sensor_raw=4294961496 sensor_converted=4294961496 xiao_rx=249583212 queue_push=249583214 core_rx=43739112
1785753684.324396 BNO_CORE_EVENT kind=1 report_seq=89 uart_sequence=28136 sensor_raw=4294963796 sensor_converted=4294963796 xiao_rx=249583220 queue_push=249583222 core_rx=43740407
1785753684.327544 BNO_CORE_EVENT kind=2 report_seq=8 uart_sequence=28143 sensor_raw=4294964396 sensor_converted=4294964396 xiao_rx=249595068 queue_push=249595078 core_rx=43759326
1785753684.330383 BNO_CORE_EVENT kind=5 report_seq=3 uart_sequence=28144 sensor_raw=4294952696 sensor_converted=4294952696 xiao_rx=249602822 queue_push=249602827 core_rx=43762350
1785753684.333431 BNO_CORE_EVENT kind=1 report_seq=90 uart_sequence=28145 sensor_raw=4294953196 sensor_converted=4294953196 xiao_rx=249602850 queue_push=249602852 core_rx=43763638
1785753684.336483 BNO_CORE_EVENT kind=1 report_seq=91 uart_sequence=28146 sensor_raw=4294961496 sensor_converted=4294961496 xiao_rx=249602858 queue_push=249602860 core_rx=43765634
1785753684.337999 BNO_CORE_EVENT kind=2 report_seq=9 uart_sequence=28147 sensor_raw=4294962896 sensor_converted=4294962896 xiao_rx=249602871 queue_push=249602873 core_rx=43766876
1785753684.341030 BNO_CORE_EVENT kind=3 report_seq=4 uart_sequence=28148 sensor_raw=4294962896 sensor_converted=4294962896 xiao_rx=249602885 queue_push=249602886 core_rx=43767948
1785753684.342545 BNO_CORE_EVENT kind=1 report_seq=92 uart_sequence=28149 sensor_raw=4294961896 sensor_converted=4294961896 xiao_rx=249606269 queue_push=249606275 core_rx=43769012
1785753684.345514 BNO_CORE_EVENT kind=2 report_seq=10 uart_sequence=28150 sensor_raw=4294964996 sensor_converted=4294964996 xiao_rx=249606303 queue_push=249606306 core_rx=43770093
1785753684.347127 BNO_CORE_EVENT kind=5 report_seq=4 uart_sequence=28151 sensor_raw=4294961496 sensor_converted=4294961496 xiao_rx=249610996 queue_push=249610999 core_rx=43772177
1785753684.350345 BNO_CORE_EVENT kind=1 report_seq=93 uart_sequence=28152 sensor_raw=4294965696 sensor_converted=4294965696 xiao_rx=249611007 queue_push=249611009 core_rx=43773319
1785753684.351954 BNO_CORE_EVENT kind=4 report_seq=3 uart_sequence=28153 sensor_raw=4294965296 sensor_converted=4294965296 xiao_rx=249622625 queue_push=249622632 core_rx=43774391
1785753684.353570 BNO_CORE_EVENT kind=2 report_seq=11 uart_sequence=28155 sensor_raw=4294954896 sensor_converted=4294954896 xiao_rx=249628217 queue_push=249628223 core_rx=43787320
1785753684.356800 BNO_CORE_EVENT kind=3 report_seq=5 uart_sequence=28156 sensor_raw=4294954896 sensor_converted=4294954896 xiao_rx=249628247 queue_push=249628249 core_rx=43789973
1785753684.358326 BNO_CORE_EVENT kind=1 report_seq=94 uart_sequence=28157 sensor_raw=4294957196 sensor_converted=4294957196 xiao_rx=249628262 queue_push=249628264 core_rx=43791178
1785753684.361262 BNO_CORE_EVENT kind=2 report_seq=12 uart_sequence=28158 sensor_raw=4294959496 sensor_converted=4294959496 xiao_rx=249634212 queue_push=249634217 core_rx=43792289
1785753684.363425 BNO_CORE_EVENT kind=5 report_seq=5 uart_sequence=28159 sensor_raw=4294959496 sensor_converted=4294959496 xiao_rx=249634237 queue_push=249634239 core_rx=43795095
1785753684.366558 BNO_CORE_EVENT kind=1 report_seq=95 uart_sequence=28160 sensor_raw=4294959596 sensor_converted=4294959596 xiao_rx=249634246 queue_push=249634248 core_rx=43796396
1785753684.368105 BNO_CORE_EVENT kind=1 report_seq=96 uart_sequence=28161 sensor_raw=4294961996 sensor_converted=4294961996 xiao_rx=249638670 queue_push=249638673 core_rx=43797472
1785753684.369643 BNO_CORE_EVENT kind=2 report_seq=13 uart_sequence=28162 sensor_raw=4294963596 sensor_converted=4294963596 xiao_rx=249638683 queue_push=249638686 core_rx=43798546
1785753684.372863 BNO_CORE_EVENT kind=3 report_seq=6 uart_sequence=28163 sensor_raw=4294963596 sensor_converted=4294963596 xiao_rx=249638705 queue_push=249638717 core_rx=43799635
1785753684.374479 BNO_CORE_EVENT kind=1 report_seq=97 uart_sequence=28166 sensor_raw=4294964996 sensor_converted=4294964996 xiao_rx=249652478 queue_push=249652485 core_rx=43804231
1785753684.377565 BNO_CORE_EVENT kind=2 report_seq=14 uart_sequence=28167 sensor_raw=4294955596 sensor_converted=4294955596 xiao_rx=249657965 queue_push=249657970 core_rx=43806307
1785753684.380429 BNO_CORE_EVENT kind=5 report_seq=6 uart_sequence=28168 sensor_raw=4294955596 sensor_converted=4294955596 xiao_rx=249657983 queue_push=249657984 core_rx=43808991
1785753684.382032 BNO_CORE_EVENT kind=1 report_seq=98 uart_sequence=28169 sensor_raw=4294959796 sensor_converted=4294959796 xiao_rx=249657992 queue_push=249657993 core_rx=43810263
1785753684.383647 BNO_CORE_EVENT kind=2 report_seq=15 uart_sequence=28171 sensor_raw=4294959796 sensor_converted=4294959796 xiao_rx=249667421 queue_push=249667429 core_rx=43822341
1785753684.386873 BNO_CORE_EVENT kind=3 report_seq=7 uart_sequence=28172 sensor_raw=4294959796 sensor_converted=4294959796 xiao_rx=249667457 queue_push=249667459 core_rx=43824973
1785753684.388490 BNO_CORE_EVENT kind=4 report_seq=4 uart_sequence=28173 sensor_raw=4294959796 sensor_converted=4294959796 xiao_rx=249667467 queue_push=249667468 core_rx=43826207
1785753684.390096 BNO_CORE_EVENT kind=1 report_seq=99 uart_sequence=28174 sensor_raw=4294961196 sensor_converted=4294961196 xiao_rx=249667481 queue_push=249667482 core_rx=43827282
1785753684.393271 BNO_CORE_EVENT kind=1 report_seq=100 uart_sequence=28175 sensor_raw=4294960396 sensor_converted=4294960396 xiao_rx=249672376 queue_push=249672378 core_rx=43828345
1785753684.395910 BNO_CORE_EVENT kind=2 report_seq=16 uart_sequence=28176 sensor_raw=4294960396 sensor_converted=4294960396 xiao_rx=249672388 queue_push=249672391 core_rx=43830398
1785753684.397447 BNO_CORE_EVENT kind=5 report_seq=7 uart_sequence=28177 sensor_raw=4294960396 sensor_converted=4294960396 xiao_rx=249672399 queue_push=249672401 core_rx=43831649
1785753684.400524 BNO_CORE_EVENT kind=1 report_seq=101 uart_sequence=28178 sensor_raw=4294963096 sensor_converted=4294963096 xiao_rx=249682573 queue_push=249682580 core_rx=43832711
1785753684.402057 BNO_CORE_EVENT kind=2 report_seq=17 uart_sequence=28179 sensor_raw=4294954996 sensor_converted=4294954996 xiao_rx=249688233 queue_push=249688239 core_rx=43837320
1785753684.403590 BNO_CORE_EVENT kind=3 report_seq=8 uart_sequence=28180 sensor_raw=4294954996 sensor_converted=4294954996 xiao_rx=249688260 queue_push=249688262 core_rx=43839984
1785753684.406651 BNO_CORE_EVENT kind=1 report_seq=102 uart_sequence=28181 sensor_raw=4294960996 sensor_converted=4294960996 xiao_rx=249688269 queue_push=249688270 core_rx=43841205
1785753684.408182 BNO_CORE_EVENT kind=2 report_seq=18 uart_sequence=28186 sensor_raw=4294959696 sensor_converted=4294959696 xiao_rx=249697038 queue_push=249697046 core_rx=43861311
1785753684.411578 BNO_CORE_EVENT kind=5 report_seq=8 uart_sequence=28187 sensor_raw=4294959696 sensor_converted=4294959696 xiao_rx=249697073 queue_push=249697075 core_rx=43863941
1785753684.414114 BNO_CORE_EVENT kind=1 report_seq=103 uart_sequence=28188 sensor_raw=4294962796 sensor_converted=4294962796 xiao_rx=249697082 queue_push=249697083 core_rx=43865104
1785753684.415642 BNO_CORE_EVENT kind=2 report_seq=19 uart_sequence=28189 sensor_raw=4294960896 sensor_converted=4294960896 xiao_rx=249703749 queue_push=249703753 core_rx=43866225
1785753684.417202 BNO_CORE_EVENT kind=3 report_seq=9 uart_sequence=28190 sensor_raw=4294960896 sensor_converted=4294960896 xiao_rx=249703770 queue_push=249703771 core_rx=43867608
1785753684.420334 BNO_CORE_EVENT kind=4 report_seq=5 uart_sequence=28191 sensor_raw=4294960896 sensor_converted=4294960896 xiao_rx=249703779 queue_push=249703781 core_rx=43868768
1785753684.421895 BNO_CORE_EVENT kind=1 report_seq=104 uart_sequence=28192 sensor_raw=4294961796 sensor_converted=4294961796 xiao_rx=249703787 queue_push=249703789 core_rx=43869870
1785753684.425132 BNO_CORE_EVENT kind=1 report_seq=105 uart_sequence=28193 sensor_raw=4294963096 sensor_converted=4294963096 xiao_rx=249708781 queue_push=249708786 core_rx=43870967
1785753684.426825 BNO_CORE_EVENT kind=2 report_seq=20 uart_sequence=28194 sensor_raw=4294963596 sensor_converted=4294963596 xiao_rx=249708812 queue_push=249708815 core_rx=43872362
1785753684.429406 BNO_CORE_EVENT kind=5 report_seq=9 uart_sequence=28195 sensor_raw=4294963596 sensor_converted=4294963596 xiao_rx=249708822 queue_push=249708824 core_rx=43873542
1785753684.431033 BNO_CORE_EVENT kind=1 report_seq=106 uart_sequence=28196 sensor_raw=4294966096 sensor_converted=4294966096 xiao_rx=249712596 queue_push=249712600 core_rx=43874634
1785753684.434252 BNO_CORE_EVENT kind=2 report_seq=21 uart_sequence=28200 sensor_raw=4294964796 sensor_converted=4294964796 xiao_rx=249729103 queue_push=249729112 core_rx=43881326
1785753684.435862 BNO_CORE_EVENT kind=3 report_seq=10 uart_sequence=28201 sensor_raw=4294948996 sensor_converted=4294948996 xiao_rx=249737086 queue_push=249737095 core_rx=43892311
1785753684.437481 BNO_CORE_EVENT kind=1 report_seq=107 uart_sequence=28202 sensor_raw=4294954296 sensor_converted=4294954296 xiao_rx=249737123 queue_push=249737126 core_rx=43894982
1785753684.440768 BNO_CORE_EVENT kind=2 report_seq=22 uart_sequence=28203 sensor_raw=4294958896 sensor_converted=4294958896 xiao_rx=249737136 queue_push=249737138 core_rx=43896243
1785753684.442383 BNO_CORE_EVENT kind=5 report_seq=10 uart_sequence=28204 sensor_raw=4294958896 sensor_converted=4294958896 xiao_rx=249737145 queue_push=249737147 core_rx=43897338
1785753684.445236 BNO_CORE_EVENT kind=1 report_seq=108 uart_sequence=28205 sensor_raw=4294961496 sensor_converted=4294961496 xiao_rx=249737154 queue_push=249737155 core_rx=43900054
1785753684.448317 BNO_CORE_EVENT kind=2 report_seq=23 uart_sequence=28206 sensor_raw=4294960896 sensor_converted=4294960896 xiao_rx=249743844 queue_push=249743848 core_rx=43901215
1785753684.449917 BNO_CORE_EVENT kind=3 report_seq=11 uart_sequence=28207 sensor_raw=4294960896 sensor_converted=4294960896 xiao_rx=249743860 queue_push=249743862 core_rx=43902277
1785753684.451531 BNO_CORE_EVENT kind=4 report_seq=6 uart_sequence=28208 sensor_raw=4294960896 sensor_converted=4294960896 xiao_rx=249743873 queue_push=249743874 core_rx=43903342
1785753684.454695 BNO_CORE_EVENT kind=1 report_seq=109 uart_sequence=28209 sensor_raw=4294961396 sensor_converted=4294961396 xiao_rx=249743881 queue_push=249743882 core_rx=43904410
1785753684.456221 BNO_CORE_EVENT kind=1 report_seq=110 uart_sequence=28212 sensor_raw=4294962596 sensor_converted=4294962596 xiao_rx=249756679 queue_push=249756685 core_rx=43914321
1785753684.459350 BNO_CORE_EVENT kind=2 report_seq=24 uart_sequence=28213 sensor_raw=4294963596 sensor_converted=4294963596 xiao_rx=249756731 queue_push=249756735 core_rx=43917306
1785753684.462286 BNO_CORE_EVENT kind=5 report_seq=11 uart_sequence=28214 sensor_raw=4294963596 sensor_converted=4294963596 xiao_rx=249756742 queue_push=249756744 core_rx=43918473
1785753684.467051 BNO_CORE_EVENT kind=1 report_seq=111 uart_sequence=28215 sensor_raw=4294958196 sensor_converted=4294958196 xiao_rx=249763441 queue_push=249763445 core_rx=43920155
1785753684.470294 BNO_CORE_EVENT kind=2 report_seq=25 uart_sequence=28216 sensor_raw=4294961296 sensor_converted=4294961296 xiao_rx=249763469 queue_push=249763472 core_rx=43921415
1785753684.473521 BNO_CORE_EVENT kind=3 report_seq=12 uart_sequence=28217 sensor_raw=4294961296 sensor_converted=4294961296 xiao_rx=249763484 queue_push=249763486 core_rx=43922531
1785753684.475140 BNO_CORE_EVENT kind=1 report_seq=112 uart_sequence=28218 sensor_raw=4294965696 sensor_converted=4294965696 xiao_rx=249763493 queue_push=249763494 core_rx=43923596
1785753684.478388 BNO_CORE_EVENT kind=2 report_seq=26 uart_sequence=28219 sensor_raw=4294964196 sensor_converted=4294964196 xiao_rx=249765931 queue_push=249765934 core_rx=43924662
1785753684.479396 BNO_CORE_EVENT kind=5 report_seq=12 uart_sequence=28222 sensor_raw=4294961696 sensor_converted=4294961696 xiao_rx=249781197 queue_push=249781204 core_rx=43931306
1785753684.482490 BNO_CORE_EVENT kind=1 report_seq=113 uart_sequence=28223 sensor_raw=4294964196 sensor_converted=4294964196 xiao_rx=249781227 queue_push=249781228 core_rx=43932588
1785753684.487169 BNO_CORE_EVENT kind=2 report_seq=27 uart_sequence=28225 sensor_raw=4294956196 sensor_converted=4294956196 xiao_rx=249788485 queue_push=249788491 core_rx=43947338
1785753684.488793 BNO_CORE_EVENT kind=3 report_seq=13 uart_sequence=28226 sensor_raw=4294956196 sensor_converted=4294956196 xiao_rx=249788515 queue_push=249788516 core_rx=43949969
1785753684.491928 BNO_CORE_EVENT kind=4 report_seq=7 uart_sequence=28227 sensor_raw=4294956196 sensor_converted=4294956196 xiao_rx=249788524 queue_push=249788526 core_rx=43951219
1785753684.494826 BNO_CORE_EVENT kind=1 report_seq=114 uart_sequence=28228 sensor_raw=4294956296 sensor_converted=4294956296 xiao_rx=249788533 queue_push=249788535 core_rx=43952312
1785753684.497924 BNO_CORE_EVENT kind=1 report_seq=115 uart_sequence=28229 sensor_raw=4294964196 sensor_converted=4294964196 xiao_rx=249788542 queue_push=249788543 core_rx=43953428
1785753684.501101 BNO_CORE_EVENT kind=2 report_seq=28 uart_sequence=28230 sensor_raw=4294958896 sensor_converted=4294958896 xiao_rx=249794177 queue_push=249794183 core_rx=43955747
1785753684.505936 BNO_CORE_EVENT kind=5 report_seq=13 uart_sequence=28231 sensor_raw=4294958896 sensor_converted=4294958896 xiao_rx=249794205 queue_push=249794207 core_rx=43956944
1785753684.509145 BNO_CORE_EVENT kind=1 report_seq=116 uart_sequence=28232 sensor_raw=4294965296 sensor_converted=4294965296 xiao_rx=249794214 queue_push=249794216 core_rx=43958008
1785753684.513860 BNO_CORE_EVENT kind=2 report_seq=29 uart_sequence=28233 sensor_raw=4294963696 sensor_converted=4294963696 xiao_rx=249797754 queue_push=249797759 core_rx=43959109
1785753684.517072 BNO_CORE_EVENT kind=3 report_seq=14 uart_sequence=28235 sensor_raw=4294963696 sensor_converted=4294963696 xiao_rx=249797774 queue_push=249797776 core_rx=43960589
1785753684.518684 BNO_CORE_EVENT kind=1 report_seq=117 uart_sequence=28237 sensor_raw=4294964096 sensor_converted=4294964096 xiao_rx=249812133 queue_push=249812140 core_rx=43964837
1785753684.521909 BNO_CORE_EVENT kind=2 report_seq=30 uart_sequence=28238 sensor_raw=4294955896 sensor_converted=4294955896 xiao_rx=249817071 queue_push=249817077 core_rx=43967325
1785753684.523530 BNO_CORE_EVENT kind=5 report_seq=14 uart_sequence=28239 sensor_raw=4294955896 sensor_converted=4294955896 xiao_rx=249817097 queue_push=249817099 core_rx=43968566
1785753684.525145 BNO_CORE_EVENT kind=1 report_seq=118 uart_sequence=28240 sensor_raw=4294957696 sensor_converted=4294957696 xiao_rx=249817106 queue_push=249817108 core_rx=43969642
1785753684.529421 BNO_CORE_EVENT kind=2 report_seq=31 uart_sequence=28243 sensor_raw=4294960596 sensor_converted=4294960596 xiao_rx=249825271 queue_push=249825279 core_rx=43981323
1785753684.530946 BNO_CORE_EVENT kind=3 report_seq=15 uart_sequence=28244 sensor_raw=4294960596 sensor_converted=4294960596 xiao_rx=249825305 queue_push=249825307 core_rx=43983981
1785753684.533971 BNO_CORE_EVENT kind=1 report_seq=119 uart_sequence=28245 sensor_raw=4294960596 sensor_converted=4294960596 xiao_rx=249825317 queue_push=249825319 core_rx=43985226
1785753684.535479 BNO_CORE_EVENT kind=4 report_seq=8 uart_sequence=28246 sensor_raw=4294960696 sensor_converted=4294960696 xiao_rx=249825328 queue_push=249825330 core_rx=43986327
1785753684.538499 BNO_CORE_EVENT kind=1 report_seq=120 uart_sequence=28247 sensor_raw=4294960796 sensor_converted=4294960796 xiao_rx=249831322 queue_push=249831327 core_rx=43987428
1785753684.540007 BNO_CORE_EVENT kind=2 report_seq=32 uart_sequence=28248 sensor_raw=4294962596 sensor_converted=4294962596 xiao_rx=249831351 queue_push=249831352 core_rx=43989411
1785753684.543023 BNO_CORE_EVENT kind=5 report_seq=15 uart_sequence=28249 sensor_raw=4294962596 sensor_converted=4294962596 xiao_rx=249831360 queue_push=249831361 core_rx=43990647
1785753684.545727 BNO_CORE_EVENT kind=1 report_seq=121 uart_sequence=28252 sensor_raw=4294961696 sensor_converted=4294961696 xiao_rx=249844061 queue_push=249844068 core_rx=43994871
1785753684.547354 BNO_CORE_EVENT kind=2 report_seq=33 uart_sequence=28253 sensor_raw=4294953496 sensor_converted=4294953496 xiao_rx=249851532 queue_push=249851539 core_rx=44000314
1785753684.550604 BNO_CORE_EVENT kind=3 report_seq=16 uart_sequence=28254 sensor_raw=4294953496 sensor_converted=4294953496 xiao_rx=249851562 queue_push=249851564 core_rx=44002941
1785753684.552212 BNO_CORE_EVENT kind=1 report_seq=122 uart_sequence=28255 sensor_raw=4294957296 sensor_converted=4294957296 xiao_rx=249851570 queue_push=249851572 core_rx=44004067
1785753684.555340 BNO_CORE_EVENT kind=2 report_seq=34 uart_sequence=28256 sensor_raw=4294963996 sensor_converted=4294963996 xiao_rx=249851578 queue_push=249851580 core_rx=44005131
1785753684.556954 BNO_CORE_EVENT kind=5 report_seq=16 uart_sequence=28258 sensor_raw=4294956196 sensor_converted=4294956196 xiao_rx=249860484 queue_push=249860491 core_rx=44010442
1785753684.558571 BNO_CORE_EVENT kind=1 report_seq=123 uart_sequence=28259 sensor_raw=4294957396 sensor_converted=4294957396 xiao_rx=249860516 queue_push=249860518 core_rx=44012806
1785753684.562762 BNO_CORE_EVENT kind=1 report_seq=124 uart_sequence=28260 sensor_raw=4294965296 sensor_converted=4294965296 xiao_rx=249860524 queue_push=249860526 core_rx=44013946
1785753684.565749 TYPE23_IDENTIFIED rx_us=44015944 uart_sequence=28261 type=23 payload_length=16 payload_hex=A2 02 00 00 02 01 00 00 00 00 00 00 64 6E 00 00  encoded_bytes=44 crc=ok cobs=ok length=ok previous_type=2 boundary_ack=1
1785753684.567273 TRIAL_STOP_ACK ack_sequence=28261 last_sequence=28260 capture_id=674
1785753684.624803 XIAO UART baud=921600 rx=GPIO8 tx=GPIO9 bytes=926136 frames=4512 bytes_s=40828 frames_s=415 crc/cobs/len=0/0/0 seqgap=0 age_ms=18 type=58 log=0 q=0 rec=4620 final=1
1785753684.638271 RXDIAG max_us=85176 budget_hits=69 byte/frame/time=69/0/0 rx_buf_max=3456 loop_period_max_us=1179530 loop_exec_max_us=1172582 free_heap=133356 min_free_heap=132912 reset_reason=0 bno_kind_1to5_s=115/90/45/22/45 queue=0 high=79 drops=0
1785753684.657923 RXDETAIL service_calls=31098 service_bytes_avg=29 service_bytes_max=512 service_frames_avg=0 service_frames_avg_x1000=249 service_frames_max=7 service_bytes_s=40604 service_frames_s=414 rxbuf_full_obs=0 bno_valid=3511 bno_invalid=0 unknown=0 uart_overflow=framework_unavailable trial_rx_bytes=442204 trial_frames=4511 trial_bno=3511 trial_crc/cobs/len=0/0/0
1785753684.670633 RXTASK mode=dispatch read_calls=31100 zero_reads=24877 read_bytes_max=512 rx_task_max_us=85176 rx_task_continuous_max_us=85176 stack_hwm_min_bytes=3964 cobs_delimiters=7773 rx_current=0 rx_max=3456 rx_full=0 overflow=framework_unavailable
1785753684.670633 SDTASK max_process_us=126869
1785753684.672144 SDTRACE count=125 write_calls=937
1785753684.675167 SDTRACE us=32850958 src=log_start op=mkdir ok=1 rec=0 q=0 req=0 actual=0
1785753684.679614 SDTRACE us=32855209 src=log_start op=exists ok=1 rec=0 q=0 req=0 actual=0
1785753684.682681 SDTRACE us=32860290 src=log_start op=exists ok=1 rec=0 q=0 req=0 actual=0
1785753684.685724 SDTRACE us=32865308 src=log_start op=exists ok=1 rec=0 q=0 req=0 actual=0
1785753684.690284 SDTRACE us=32870351 src=log_start op=exists ok=1 rec=0 q=0 req=0 actual=0
1785753684.693345 SDTRACE us=32877986 src=log_start op=exists ok=1 rec=0 q=0 req=0 actual=0
1785753684.697797 SDTRACE us=32883318 src=log_start op=exists ok=1 rec=0 q=0 req=0 actual=0
1785753684.699334 SDTRACE us=32892377 src=log_start op=exists ok=1 rec=0 q=0 req=0 actual=0
1785753684.702423 SDTRACE us=32898797 src=log_start op=exists ok=1 rec=0 q=0 req=0 actual=0
1785753684.705502 SDTRACE us=32903797 src=log_start op=exists ok=1 rec=0 q=0 req=0 actual=0
1785753684.708585 SDTRACE us=32915397 src=log_start op=exists ok=1 rec=0 q=0 req=0 actual=0
1785753684.712993 SDTRACE us=32925283 src=log_start op=exists ok=1 rec=0 q=0 req=0 actual=0
1785753684.716222 SDTRACE us=32934100 src=log_start op=exists ok=1 rec=0 q=0 req=0 actual=0
1785753684.721065 SDTRACE us=32946037 src=log_start op=exists ok=1 rec=0 q=0 req=0 actual=0
1785753684.724127 SDTRACE us=32956283 src=log_start op=exists ok=1 rec=0 q=0 req=0 actual=0
1785753684.728082 SDTRACE us=32965165 src=log_start op=exists ok=1 rec=0 q=0 req=0 actual=0
1785753684.731929 SDTRACE us=32976399 src=log_start op=exists ok=1 rec=0 q=0 req=0 actual=0
1785753684.733544 SDTRACE us=32985392 src=log_start op=exists ok=1 rec=0 q=0 req=0 actual=0
1785753684.736733 SDTRACE us=33003132 src=log_start op=exists ok=1 rec=0 q=0 req=0 actual=0
1785753684.739932 SDTRACE us=33018271 src=log_start op=exists ok=1 rec=0 q=0 req=0 actual=0
1785753684.743155 SDTRACE us=33030362 src=log_start op=exists ok=1 rec=0 q=0 req=0 actual=0
1785753684.747638 SDTRACE us=33047544 src=log_start op=exists ok=1 rec=0 q=0 req=0 actual=0
1785753684.750865 SDTRACE us=33061850 src=log_start op=exists ok=1 rec=0 q=0 req=0 actual=0
1785753684.754101 SDTRACE us=33076772 src=log_start op=exists ok=1 rec=0 q=0 req=0 actual=0
1785753684.757230 SDTRACE us=33089275 src=log_start op=exists ok=1 rec=0 q=0 req=0 actual=0
1785753684.761491 SDTRACE us=33109156 src=log_start op=exists ok=1 rec=0 q=0 req=0 actual=0
1785753684.763614 SDTRACE us=33126101 src=log_start op=exists ok=1 rec=0 q=0 req=0 actual=0
1785753684.766779 SDTRACE us=33144343 src=log_start op=exists ok=1 rec=0 q=0 req=0 actual=0
1785753684.769995 SDTRACE us=33163292 src=log_start op=exists ok=1 rec=0 q=0 req=0 actual=0
1785753684.773164 SDTRACE us=33181791 src=log_start op=exists ok=1 rec=0 q=0 req=0 actual=0
1785753684.778202 SDTRACE us=33200184 src=log_start op=exists ok=1 rec=0 q=0 req=0 actual=0
1785753684.782347 SDTRACE us=33221169 src=log_start op=exists ok=1 rec=0 q=0 req=0 actual=0
1785753684.785593 SDTRACE us=33239809 src=log_start op=exists ok=1 rec=0 q=0 req=0 actual=0
1785753684.788713 SDTRACE us=33258797 src=log_start op=exists ok=1 rec=0 q=0 req=0 actual=0
1785753684.793187 SDTRACE us=33281129 src=log_start op=exists ok=1 rec=0 q=0 req=0 actual=0
1785753684.797322 SDTRACE us=33306612 src=log_start op=exists ok=1 rec=0 q=0 req=0 actual=0
1785753684.802227 SDTRACE us=33328406 src=log_start op=exists ok=1 rec=0 q=0 req=0 actual=0
1785753684.807017 SDTRACE us=33351982 src=log_start op=exists ok=1 rec=0 q=0 req=0 actual=0
1785753684.811114 SDTRACE us=33377311 src=log_start op=exists ok=1 rec=0 q=0 req=0 actual=0
1785753684.814801 SDTRACE us=33399098 src=log_start op=exists ok=1 rec=0 q=0 req=0 actual=0
1785753684.818053 SDTRACE us=33424231 src=log_start op=exists ok=1 rec=0 q=0 req=0 actual=0
1785753684.821277 SDTRACE us=33446228 src=log_start op=exists ok=1 rec=0 q=0 req=0 actual=0
1785753684.824508 SDTRACE us=33474343 src=log_start op=exists ok=1 rec=0 q=0 req=0 actual=0
1785753684.828866 SDTRACE us=33501024 src=log_start op=exists ok=1 rec=0 q=0 req=0 actual=0
1785753684.831914 SDTRACE us=33528814 src=log_start op=exists ok=1 rec=0 q=0 req=0 actual=0
1785753684.835130 SDTRACE us=33554225 src=log_start op=exists ok=1 rec=0 q=0 req=0 actual=0
1785753684.838323 SDTRACE us=33582237 src=log_start op=exists ok=1 rec=0 q=0 req=0 actual=0
1785753684.841556 SDTRACE us=33610070 src=log_start op=exists ok=1 rec=0 q=0 req=0 actual=0
1785753684.847591 SDTRACE us=33638824 src=log_start op=exists ok=1 rec=0 q=0 req=0 actual=0
1785753684.849107 SDTRACE us=33662032 src=log_start op=exists ok=1 rec=0 q=0 req=0 actual=0
1785753684.852129 SDTRACE us=33694830 src=log_start op=exists ok=1 rec=0 q=0 req=0 actual=0
1785753684.855148 SDTRACE us=33729822 src=log_start op=exists ok=1 rec=0 q=0 req=0 actual=0
1785753684.858166 SDTRACE us=33759894 src=log_start op=exists ok=1 rec=0 q=0 req=0 actual=0
1785753684.862607 SDTRACE us=33792920 src=log_start op=exists ok=1 rec=0 q=0 req=0 actual=0
1785753684.867180 SDTRACE us=33825131 src=log_start op=exists ok=1 rec=0 q=0 req=0 actual=0
1785753684.870235 SDTRACE us=33858154 src=log_start op=exists ok=1 rec=0 q=0 req=0 actual=0
1785753684.873295 SDTRACE us=33890974 src=log_start op=exists ok=1 rec=0 q=0 req=0 actual=0
1785753684.878011 SDTRACE us=33922822 src=log_start op=exists ok=0 rec=0 q=0 req=0 actual=0
1785753684.882635 SDTRACE us=34003833 src=log_start op=open ok=1 rec=0 q=0 req=0 actual=0
1785753684.885680 SDTRACE us=34217780 src=writer op=write ok=1 rec=80 q=5 req=512 actual=512
1785753684.888742 SDTRACE us=34219776 src=writer op=write ok=1 rec=80 q=5 req=512 actual=512
1785753684.893106 SDTRACE us=34221306 src=writer op=write ok=1 rec=80 q=5 req=512 actual=512
1785753684.897772 SDTRACE us=34274736 src=writer op=write ok=1 rec=80 q=32 req=512 actual=512
1785753684.900914 SDTRACE us=34441355 src=writer op=write ok=1 rec=159 q=33 req=512 actual=512
1785753684.904078 SDTRACE us=34616759 src=writer op=write ok=1 rec=238 q=37 req=512 actual=512
1785753684.907333 SDTRACE us=34776818 src=writer op=write ok=1 rec=317 q=31 req=512 actual=512
1785753684.911981 SDTRACE us=34942126 src=writer op=write ok=1 rec=396 q=23 req=512 actual=512
1785753684.915240 SDTRACE us=35103071 src=writer op=write ok=1 rec=477 q=17 req=512 actual=512
1785753684.918377 SDTRACE us=35318487 src=writer op=write ok=1 rec=555 q=44 req=512 actual=512
1785753684.921624 SDTRACE us=35459401 src=writer op=write ok=1 rec=633 q=31 req=512 actual=512
1785753684.926473 SDTRACE us=35623982 src=writer op=write ok=1 rec=713 q=27 req=512 actual=512
1785753684.929210 SDTRACE us=35812696 src=writer op=write ok=1 rec=790 q=34 req=512 actual=512
1785753684.933902 SDTRACE us=35965978 src=writer op=write ok=1 rec=870 q=26 req=512 actual=512
1785753684.937124 SDTRACE us=36137857 src=writer op=write ok=1 rec=948 q=27 req=512 actual=512
1785753684.940249 SDTRACE us=36312381 src=writer op=write ok=1 rec=1028 q=29 req=512 actual=512
1785753684.943150 SDTRACE us=36492967 src=writer op=write ok=1 rec=1107 q=34 req=512 actual=512
1785753684.948579 SDTRACE us=36688941 src=writer op=write ok=1 rec=1186 q=43 req=512 actual=512
1785753684.950152 SDTRACE us=36815877 src=writer op=write ok=1 rec=1264 q=21 req=512 actual=512
1785753684.953870 SDTRACE us=37004592 src=writer op=write ok=1 rec=1343 q=33 req=512 actual=512
1785753684.958452 SDTRACE us=37171746 src=writer op=write ok=1 rec=1422 q=33 req=512 actual=512
1785753684.962673 SDTRACE us=37328245 src=writer op=write ok=1 rec=1502 q=23 req=512 actual=512
1785753684.967342 SDTRACE us=37516027 src=writer op=write ok=1 rec=1581 q=32 req=512 actual=512
1785753684.970422 SDTRACE us=37689341 src=writer op=write ok=1 rec=1660 q=31 req=512 actual=512
1785753684.973513 SDTRACE us=37838093 src=writer op=write ok=1 rec=1737 q=25 req=512 actual=512
1785753684.979264 SDTRACE us=38051109 src=writer op=write ok=1 rec=1816 q=43 req=512 actual=512
1785753684.982297 SDTRACE us=38198535 src=writer op=write ok=1 rec=1896 q=34 req=512 actual=512
1785753684.985523 SDTRACE us=38361963 src=writer op=write ok=1 rec=1975 q=29 req=512 actual=512
1785753684.988748 SDTRACE us=38526326 src=writer op=write ok=1 rec=2054 q=27 req=512 actual=512
1785753684.991972 SDTRACE us=38692128 src=writer op=write ok=1 rec=2133 q=25 req=512 actual=512
1785753684.997784 SDTRACE us=38871826 src=writer op=write ok=1 rec=2210 q=29 req=512 actual=512
1785753685.001024 SDTRACE us=39048609 src=writer op=write ok=1 rec=2290 q=31 req=512 actual=512
1785753685.004318 SDTRACE us=39214674 src=writer op=write ok=1 rec=2369 q=30 req=512 actual=512
1785753685.007572 SDTRACE us=39417283 src=writer op=write ok=1 rec=2449 q=41 req=512 actual=512
1785753685.012551 SDTRACE us=39560503 src=writer op=write ok=1 rec=2527 q=32 req=512 actual=512
1785753685.015088 SDTRACE us=39727201 src=writer op=write ok=1 rec=2607 q=28 req=512 actual=512
1785753685.019928 SDTRACE us=39899989 src=writer op=write ok=1 rec=2684 q=30 req=512 actual=512
1785753685.023144 SDTRACE us=40084399 src=writer op=write ok=1 rec=2763 q=37 req=512 actual=512
1785753685.024846 SDTRACE us=40240330 src=writer op=write ok=1 rec=2843 q=31 req=512 actual=512
1785753685.030569 SDTRACE us=40426342 src=writer op=write ok=1 rec=2922 q=37 req=512 actual=512
1785753685.033633 SDTRACE us=40573264 src=writer op=write ok=1 rec=3001 q=24 req=512 actual=512
1785753685.036722 SDTRACE us=40791693 src=writer op=write ok=1 rec=3079 q=49 req=512 actual=512
1785753685.039809 SDTRACE us=40925739 src=writer op=write ok=1 rec=3158 q=30 req=512 actual=512
1785753685.042895 SDTRACE us=41095390 src=writer op=write ok=1 rec=3237 q=32 req=512 actual=512
1785753685.047659 SDTRACE us=41263125 src=writer op=write ok=1 rec=3316 q=32 req=512 actual=512
1785753685.052532 SDTRACE us=41542681 src=writer op=write ok=1 rec=3396 q=79 req=512 actual=512
1785753685.054138 SDTRACE us=41610822 src=writer op=write ok=1 rec=3473 q=33 req=512 actual=512
1785753685.057355 SDTRACE us=41767828 src=writer op=write ok=1 rec=3552 q=25 req=512 actual=512
1785753685.062091 SDTRACE us=41955627 src=writer op=write ok=1 rec=3631 q=35 req=512 actual=512
1785753685.065177 SDTRACE us=42165345 src=writer op=write ok=1 rec=3710 q=55 req=512 actual=512
1785753685.068260 SDTRACE us=42297375 src=writer op=write ok=1 rec=3790 q=34 req=512 actual=512
1785753685.074421 SDTRACE us=42566504 src=writer op=write ok=1 rec=3870 q=77 req=512 actual=512
1785753685.078646 SDTRACE us=42636851 src=writer op=write ok=1 rec=3948 q=28 req=512 actual=512
1785753685.083304 SDTRACE us=42810350 src=writer op=write ok=1 rec=4027 q=32 req=512 actual=512
1785753685.089721 SDTRACE us=42976403 src=writer op=write ok=1 rec=4106 q=31 req=512 actual=512
1785753685.095496 SDTRACE us=43141182 src=writer op=write ok=1 rec=4184 q=30 req=512 actual=512
1785753685.098697 SDTRACE us=43300997 src=writer op=write ok=1 rec=4264 q=23 req=512 actual=512
1785753685.101835 SDTRACE us=43542000 src=writer op=write ok=1 rec=4343 q=59 req=512 actual=512
1785753685.105026 SDTRACE us=43658214 src=writer op=write ok=1 rec=4420 q=34 req=512 actual=512
1785753685.108248 SDTRACE us=43829488 src=writer op=write ok=1 rec=4499 q=32 req=512 actual=512
1785753685.114003 SDTRACE us=43988558 src=writer op=write ok=1 rec=4578 q=27 req=512 actual=512
1785753685.117125 SDTRACE us=44063088 src=writer op=flush ok=1 rec=4620 q=0 req=0 actual=0
1785753685.121691 SDTRACE us=44063652 src=writer op=close ok=1 rec=4620 q=0 req=0 actual=0
1785753685.124725 SDTRACE us=44140069 src=summary op=open ok=1 rec=4620 q=0 req=0 actual=0
1785753685.129547 SDTRACE us=44149401 src=summary op=write ok=1 rec=4620 q=0 req=0 actual=0
1785753685.132607 SDTRACE us=44159817 src=summary op=close ok=1 rec=4620 q=0 req=0 actual=0
1785753685.134122 LOGGER_PENDING tag=BEFORE_CLOSE q=0
1785753685.140173 LOGGER_STATE state=FINALIZING logging=0 finalizing=1 gate_closed=1 file_closed=1 active_enqueue=0 q=0 sd_used=0
1785753685.164106 LOGGER_COUNTERS enqueue_attempt=4632 enqueue_accepted=4620 enqueue_rejected_inactive=12 enqueue_rejected_closing=12 queue_dequeued=4620 written_to_bin=4620 pending_in_queue=0 pending_bin_buffer=0 writer_exit_count=1 enqueue_after_writer_exit=0 enqueue_after_file_close=0 enqueue_attempt_after_writer_exit=7 enqueue_attempt_after_file_close=7 active_enqueue=0 gate_closed=1
1785753685.173561 LOGGER_TIMING max_queue_wait_us=124797 max_dequeue_us=1343 max_encode_us=126563 max_write_chunk_us=31526 max_partial_write_us=0 max_flush_us=12394 max_close_us=10399 max_mutex_wait_us=77 partial_writes=0 zero_writes=0
1785753685.180733 LOGGER_EVENTS writer_exit_us=44063655 file_close_us=44063651 finalize_us=0 last_enqueue_us=44014129 last_write_us=44014415 stop_ack_rx_sequence=28261
1785753685.183718 LOGGER_TASK enqueue_task loop=106 uart_rx=4514 sd_writer=0 other=0
1785753685.186863 LOGGER_TYPE type=2 enqueue=1263 dequeued=1263 written=1263
1785753685.188471 LOGGER_TYPE type=3 enqueue=999 dequeued=999 written=999
1785753685.191429 LOGGER_TYPE type=4 enqueue=999 dequeued=999 written=999
1785753685.194830 LOGGER_TYPE type=5 enqueue=304 dequeued=304 written=304
1785753685.197482 LOGGER_TYPE type=11 enqueue=10 dequeued=10 written=10
1785753685.199106 LOGGER_TYPE type=14 enqueue=10 dequeued=10 written=10
1785753685.200711 LOGGER_TYPE type=16 enqueue=94 dequeued=94 written=94
1785753685.203932 LOGGER_TYPE type=20 enqueue=250 dequeued=250 written=250
1785753685.205302 LOGGER_TYPE type=22 enqueue=93 dequeued=93 written=93
1785753685.208531 LOGGER_TYPE type=23 enqueue=3 dequeued=3 written=3
1785753685.211667 LOGGER_TYPE type=24 enqueue=171 dequeued=171 written=171
1785753685.213277 LOGGER_TYPE type=32 enqueue=99 dequeued=99 written=99
1785753685.214891 LOGGER_TYPE type=56 enqueue=173 dequeued=173 written=173
1785753685.218103 LOGGER_TYPE type=58 enqueue=48 dequeued=48 written=48
1785753685.219709 LOGGER_TYPE type=59 enqueue=94 dequeued=94 written=94
1785753685.222991 LOGGER_TYPE type=60 enqueue=10 dequeued=10 written=10
1785753685.226250 LOGGER_BNO kind=1 enqueue=1263 dequeued=1263 written=1263
1785753685.227789 LOGGER_BNO kind=2 enqueue=999 dequeued=999 written=999
1785753685.230932 LOGGER_BNO kind=3 enqueue=499 dequeued=499 written=499
1785753685.232544 LOGGER_BNO kind=4 enqueue=250 dequeued=250 written=250
1785753685.235826 LOGGER_BNO kind=5 enqueue=500 dequeued=500 written=500
1785753685.248657 TRIAL_END mode=dispatch rx_bytes=443408 service_bytes=443452 frames=4521 bno_valid=3511 seq_gap=0 crc/cobs/len=0/0/0 unknown=0 bno_invalid=0 rxbuf_full=0 service_calls=4125 read_calls=4125 zero_reads=2122 delimiters=4521 bno_kind=1263/999/499/250/500 bno_log_enqueue=1
1785753685.251877 TRIALTYPE type=2 name=BnoAccel frames=1263 encoded_bytes=106092
1785753685.256729 TRIALTYPE type=3 name=BnoGyro frames=999 encoded_bytes=83916
1785753685.261052 TRIALTYPE type=4 name=BnoQuaternion frames=999 encoded_bytes=83916
1785753685.265013 TRIALTYPE type=5 name=TofFrame frames=304 encoded_bytes=68096
1785753685.269346 TRIALTYPE type=11 name=TimeSyncReply frames=10 encoded_bytes=560
1785753685.273693 TRIALTYPE type=16 name=GnssProcessResult frames=94 encoded_bytes=9024
1785753685.276584 TRIALTYPE type=20 name=BnoMagnetic frames=250 encoded_bytes=21000
1785753685.281147 TRIALTYPE type=22 name=EstimatedState frames=96 encoded_bytes=14208
1785753685.282748 TRIALTYPE type=23 name=P1Capture frames=1 encoded_bytes=44
1785753685.285969 TRIALTYPE type=24 name=PrimaryImuSnapshot frames=176 encoded_bytes=16192
1785753685.289211 TRIALTYPE type=32 name=Heartbeat frames=102 encoded_bytes=4080
1785753685.292443 TRIALTYPE type=56 name=EskfState frames=178 encoded_bytes=32752
1785753685.295396 TRIALTYPE type=58 name=EskfHealth frames=49 encoded_bytes=3528
1785753685.297100 TRIAL_SEQUENCE first=23758 last=28260 valid=1
1785753685.301946 TRIAL_BOUNDARY start_ack=23757 expected_first=23758 stop_ack=28261 expected_last=28260 stop_ack_received=1
1785753685.306816 BNO_CORE_TS kind=1 count=1263 first_rx_us=34019730 last_rx_us=44013946 delta_us=1059/7919.35/92054
1785753685.312572 BNO_CORE_TS kind=2 count=999 first_rx_us=34022366 last_rx_us=44005131 delta_us=3186/10002.77/88837
1785753685.317394 BNO_CORE_TS kind=3 count=499 first_rx_us=34090784 last_rx_us=44002941 delta_us=7245/19903.93/93217
1785753685.322240 BNO_CORE_TS kind=4 count=250 first_rx_us=34017189 last_rx_us=43986327 delta_us=20458/40036.70/104968
1785753685.327682 BNO_CORE_TS kind=5 count=500 first_rx_us=34085899 last_rx_us=44010442 delta_us=7635/19888.86/98122
1785753685.330274 SEQUENCE_STATE gaps=0 duplicates=0 out_of_order=0 wraps=0
1785753685.331888 LOGGER_PENDING tag=AFTER_FINALIZE q=0
1785753685.335100 LOGGER_FINAL state=FINALIZED q=0 sd_used=0 writer_exit_count=1 file_closed=1
1785753685.625945 XIAO UART baud=921600 rx=GPIO8 tx=GPIO9 bytes=933400 frames=4573 bytes_s=7264 frames_s=61 crc/cobs/len=0/0/0 seqgap=0 age_ms=18 type=24 log=0 q=0 rec=4620 final=0
1785753685.641019 RXDIAG max_us=85176 budget_hits=69 byte/frame/time=69/0/0 rx_buf_max=3456 loop_period_max_us=1179530 loop_exec_max_us=1172582 free_heap=133112 min_free_heap=128188 reset_reason=0 bno_kind_1to5_s=0/0/0/0/0 queue=0 high=79 drops=0
1785753685.657527 RXDETAIL service_calls=32002 service_bytes_avg=29 service_bytes_max=512 service_frames_avg=0 service_frames_avg_x1000=244 service_frames_max=7 service_bytes_s=7412 service_frames_s=62 rxbuf_full_obs=0 bno_valid=3511 bno_invalid=0 unknown=0 uart_overflow=framework_unavailable trial_rx_bytes=449616 trial_frames=4573 trial_bno=3511 trial_crc/cobs/len=0/0/0
1785753685.671114 RXTASK mode=dispatch read_calls=32004 zero_reads=25708 read_bytes_max=512 rx_task_max_us=85176 rx_task_continuous_max_us=85176 stack_hwm_min_bytes=3964 cobs_delimiters=7835 rx_current=0 rx_max=3456 rx_full=0 overflow=framework_unavailable
1785753685.672650 SDTASK max_process_us=250498
1785753686.626394 XIAO UART baud=921600 rx=GPIO8 tx=GPIO9 bytes=940792 frames=4635 bytes_s=7392 frames_s=62 crc/cobs/len=0/0/0 seqgap=0 age_ms=10 type=56 log=0 q=0 rec=4620 final=0
1785753686.639941 RXDIAG max_us=85176 budget_hits=69 byte/frame/time=69/0/0 rx_buf_max=3456 loop_period_max_us=1179530 loop_exec_max_us=1172582 free_heap=133112 min_free_heap=128188 reset_reason=0 bno_kind_1to5_s=0/0/0/0/0 queue=0 high=79 drops=0
1785753686.658330 RXDETAIL service_calls=32915 service_bytes_avg=28 service_bytes_max=512 service_frames_avg=0 service_frames_avg_x1000=239 service_frames_max=7 service_bytes_s=7244 service_frames_s=61 rxbuf_full_obs=0 bno_valid=3511 bno_invalid=0 unknown=0 uart_overflow=framework_unavailable trial_rx_bytes=456860 trial_frames=4634 trial_bno=3511 trial_crc/cobs/len=0/0/0
1785753686.671730 RXTASK mode=dispatch read_calls=32916 zero_reads=26544 read_bytes_max=512 rx_task_max_us=85176 rx_task_continuous_max_us=85176 stack_hwm_min_bytes=3964 cobs_delimiters=7896 rx_current=0 rx_max=3456 rx_full=0 overflow=framework_unavailable
1785753686.673256 SDTASK max_process_us=250498
1785753687.639062 XIAO UART baud=921600 rx=GPIO8 tx=GPIO9 bytes=953036 frames=4724 bytes_s=12244 frames_s=89 crc/cobs/len=0/0/0 seqgap=0 age_ms=0 type=5 log=0 q=0 rec=4620 final=0
1785753687.642346 RXDIAG max_us=85176 budget_hits=69 byte/frame/time=69/0/0 rx_buf_max=3456 loop_period_max_us=1179530 loop_exec_max_us=1172582 free_heap=133112 min_free_heap=128188 reset_reason=0 bno_kind_1to5_s=0/0/0/0/0 queue=0 high=79 drops=0
1785753687.648903 RXDETAIL service_calls=33790 service_bytes_avg=28 service_bytes_max=512 service_frames_avg=0 service_frames_avg_x1000=236 service_frames_max=7 service_bytes_s=12244 service_frames_s=89 rxbuf_full_obs=0 bno_valid=3511 bno_invalid=0 unknown=0 uart_overflow=framework_unavailable trial_rx_bytes=469104 trial_frames=4723 trial_bno=3511 trial_crc/cobs/len=0/0/0
1785753687.652131 RXTASK mode=dispatch read_calls=33793 zero_reads=27305 read_bytes_max=512 rx_task_max_us=85176 rx_task_continuous_max_us=85176 stack_hwm_min_bytes=3964 cobs_delimiters=7985 rx_current=56 rx_max=3456 rx_full=0 overflow=framework_unavailable
1785753687.652131 SDTASK max_process_us=250498
1785753688.650959 XIAO UART baud=921600 rx=GPIO8 tx=GPIO9 bytes=968160 frames=4827 bytes_s=15124 frames_s=103 crc/cobs/len=0/0/0 seqgap=0 age_ms=0 type=22 log=0 q=0 rec=4620 final=0
1785753688.654235 RXDIAG max_us=85176 budget_hits=69 byte/frame/time=69/0/0 rx_buf_max=3456 loop_period_max_us=1179530 loop_exec_max_us=1172582 free_heap=133112 min_free_heap=128188 reset_reason=0 bno_kind_1to5_s=0/0/0/0/0 queue=0 high=79 drops=0
1785753688.660262 RXDETAIL service_calls=34644 service_bytes_avg=27 service_bytes_max=512 service_frames_avg=0 service_frames_avg_x1000=233 service_frames_max=7 service_bytes_s=15164 service_frames_s=104 rxbuf_full_obs=0 bno_valid=3511 bno_invalid=0 unknown=0 uart_overflow=framework_unavailable trial_rx_bytes=484268 trial_frames=4827 trial_bno=3511 trial_crc/cobs/len=0/0/0
1785753688.663359 RXTASK mode=dispatch read_calls=34645 zero_reads=28023 read_bytes_max=512 rx_task_max_us=85176 rx_task_continuous_max_us=85176 stack_hwm_min_bytes=3964 cobs_delimiters=8089 rx_current=0 rx_max=3456 rx_full=0 overflow=framework_unavailable
1785753688.663359 SDTASK max_process_us=250498
1785753689.660579 XIAO UART baud=921600 rx=GPIO8 tx=GPIO9 bytes=983124 frames=4929 bytes_s=14964 frames_s=102 crc/cobs/len=0/0/0 seqgap=0 age_ms=2 type=32 log=0 q=0 rec=4620 final=0
1785753689.665313 RXDIAG max_us=85176 budget_hits=69 byte/frame/time=69/0/0 rx_buf_max=3456 loop_period_max_us=1179530 loop_exec_max_us=1172582 free_heap=133112 min_free_heap=128188 reset_reason=0 bno_kind_1to5_s=0/0/0/0/0 queue=0 high=79 drops=0
1785753689.670194 RXDETAIL service_calls=35490 service_bytes_avg=27 service_bytes_max=512 service_frames_avg=0 service_frames_avg_x1000=230 service_frames_max=7 service_bytes_s=14924 service_frames_s=101 rxbuf_full_obs=0 bno_valid=3511 bno_invalid=0 unknown=0 uart_overflow=framework_unavailable trial_rx_bytes=499192 trial_frames=4928 trial_bno=3511 trial_crc/cobs/len=0/0/0
1785753689.672846 RXTASK mode=dispatch read_calls=35491 zero_reads=28737 read_bytes_max=512 rx_task_max_us=85176 rx_task_continuous_max_us=85176 stack_hwm_min_bytes=3964 cobs_delimiters=8190 rx_current=0 rx_max=3456 rx_full=0 overflow=framework_unavailable
1785753689.672846 SDTASK max_process_us=250498
1785753690.665224 XIAO UART baud=921600 rx=GPIO8 tx=GPIO9 bytes=998248 frames=5032 bytes_s=15124 frames_s=103 crc/cobs/len=0/0/0 seqgap=0 age_ms=7 type=32 log=0 q=0 rec=4620 final=0
1785753690.668460 RXDIAG max_us=85176 budget_hits=69 byte/frame/time=69/0/0 rx_buf_max=3456 loop_period_max_us=1179530 loop_exec_max_us=1172582 free_heap=133112 min_free_heap=128188 reset_reason=0 bno_kind_1to5_s=0/0/0/0/0 queue=0 high=79 drops=0
1785753690.673288 RXDETAIL service_calls=36330 service_bytes_avg=27 service_bytes_max=512 service_frames_avg=0 service_frames_avg_x1000=228 service_frames_max=7 service_bytes_s=15348 service_frames_s=104 rxbuf_full_obs=0 bno_valid=3511 bno_invalid=0 unknown=0 uart_overflow=framework_unavailable trial_rx_bytes=514540 trial_frames=5032 trial_bno=3511 trial_crc/cobs/len=0/0/0
1785753690.676522 RXTASK mode=dispatch read_calls=36331 zero_reads=29434 read_bytes_max=512 rx_task_max_us=85176 rx_task_continuous_max_us=85176 stack_hwm_min_bytes=3964 cobs_delimiters=8295 rx_current=56 rx_max=3456 rx_full=0 overflow=framework_unavailable
1785753690.677453 SDTASK max_process_us=250498
1785753691.674461 XIAO UART baud=921600 rx=GPIO8 tx=GPIO9 bytes=1013692 frames=5137 bytes_s=15444 frames_s=105 crc/cobs/len=0/0/0 seqgap=0 age_ms=15 type=32 log=0 q=0 rec=4620 final=0
1785753691.677726 RXDIAG max_us=85176 budget_hits=69 byte/frame/time=69/0/0 rx_buf_max=3456 loop_period_max_us=1179530 loop_exec_max_us=1172582 free_heap=133112 min_free_heap=128188 reset_reason=0 bno_kind_1to5_s=0/0/0/0/0 queue=0 high=79 drops=0
1785753691.682493 RXDETAIL service_calls=37169 service_bytes_avg=27 service_bytes_max=512 service_frames_avg=0 service_frames_avg_x1000=225 service_frames_max=7 service_bytes_s=15220 service_frames_s=104 rxbuf_full_obs=0 bno_valid=3511 bno_invalid=0 unknown=0 uart_overflow=framework_unavailable trial_rx_bytes=529760 trial_frames=5136 trial_bno=3511 trial_crc/cobs/len=0/0/0
1785753691.685722 RXTASK mode=dispatch read_calls=37170 zero_reads=30144 read_bytes_max=512 rx_task_max_us=85176 rx_task_continuous_max_us=85176 stack_hwm_min_bytes=3964 cobs_delimiters=8398 rx_current=0 rx_max=3456 rx_full=0 overflow=framework_unavailable
1785753691.685722 SDTASK max_process_us=250498
1785753692.681628 XIAO UART baud=921600 rx=GPIO8 tx=GPIO9 bytes=1029320 frames=5243 bytes_s=15628 frames_s=106 crc/cobs/len=0/0/0 seqgap=0 age_ms=1 type=56 log=0 q=0 rec=4620 final=0
1785753692.684872 RXDIAG max_us=85176 budget_hits=69 byte/frame/time=69/0/0 rx_buf_max=3456 loop_period_max_us=1179530 loop_exec_max_us=1172582 free_heap=133112 min_free_heap=128188 reset_reason=0 bno_kind_1to5_s=0/0/0/0/0 queue=0 high=79 drops=0
1785753692.689721 RXDETAIL service_calls=38004 service_bytes_avg=27 service_bytes_max=512 service_frames_avg=0 service_frames_avg_x1000=223 service_frames_max=7 service_bytes_s=15628 service_frames_s=106 rxbuf_full_obs=0 bno_valid=3511 bno_invalid=0 unknown=0 uart_overflow=framework_unavailable trial_rx_bytes=545388 trial_frames=5242 trial_bno=3511 trial_crc/cobs/len=0/0/0
1785753692.693879 RXTASK mode=dispatch read_calls=38005 zero_reads=30827 read_bytes_max=512 rx_task_max_us=85176 rx_task_continuous_max_us=85176 stack_hwm_min_bytes=3964 cobs_delimiters=8504 rx_current=0 rx_max=3456 rx_full=0 overflow=framework_unavailable
1785753692.694303 SDTASK max_process_us=250498
1785753693.691404 XIAO UART baud=921600 rx=GPIO8 tx=GPIO9 bytes=1044540 frames=5347 bytes_s=15220 frames_s=104 crc/cobs/len=0/0/0 seqgap=0 age_ms=10 type=22 log=0 q=0 rec=4620 final=0
1785753693.697447 RXDIAG max_us=85176 budget_hits=69 byte/frame/time=69/0/0 rx_buf_max=3456 loop_period_max_us=1179530 loop_exec_max_us=1172582 free_heap=133112 min_free_heap=128188 reset_reason=0 bno_kind_1to5_s=0/0/0/0/0 queue=0 high=79 drops=0
1785753693.702316 RXDETAIL service_calls=38852 service_bytes_avg=26 service_bytes_max=512 service_frames_avg=0 service_frames_avg_x1000=221 service_frames_max=7 service_bytes_s=15220 service_frames_s=104 rxbuf_full_obs=0 bno_valid=3511 bno_invalid=0 unknown=0 uart_overflow=framework_unavailable trial_rx_bytes=560608 trial_frames=5346 trial_bno=3511 trial_crc/cobs/len=0/0/0
1785753693.705728 RXTASK mode=dispatch read_calls=38853 zero_reads=31530 read_bytes_max=512 rx_task_max_us=85176 rx_task_continuous_max_us=85176 stack_hwm_min_bytes=3964 cobs_delimiters=8608 rx_current=0 rx_max=3456 rx_full=0 overflow=framework_unavailable
1785753693.705728 SDTASK max_process_us=250498
1785753694.699518 XIAO UART baud=921600 rx=GPIO8 tx=GPIO9 bytes=1059836 frames=5451 bytes_s=15296 frames_s=104 crc/cobs/len=0/0/0 seqgap=0 age_ms=13 type=5 log=0 q=0 rec=4620 final=0
1785753694.704417 RXDIAG max_us=85176 budget_hits=69 byte/frame/time=69/0/0 rx_buf_max=3456 loop_period_max_us=1179530 loop_exec_max_us=1172582 free_heap=133112 min_free_heap=128188 reset_reason=0 bno_kind_1to5_s=0/0/0/0/0 queue=0 high=79 drops=0
1785753694.709269 RXDETAIL service_calls=39692 service_bytes_avg=26 service_bytes_max=512 service_frames_avg=0 service_frames_avg_x1000=219 service_frames_max=7 service_bytes_s=15296 service_frames_s=104 rxbuf_full_obs=0 bno_valid=3511 bno_invalid=0 unknown=0 uart_overflow=framework_unavailable trial_rx_bytes=575904 trial_frames=5450 trial_bno=3511 trial_crc/cobs/len=0/0/0
1785753694.713327 RXTASK mode=dispatch read_calls=39693 zero_reads=32240 read_bytes_max=512 rx_task_max_us=85176 rx_task_continuous_max_us=85176 stack_hwm_min_bytes=3964 cobs_delimiters=8712 rx_current=0 rx_max=3456 rx_full=0 overflow=framework_unavailable
1785753694.713327 SDTASK max_process_us=250498
1785753695.711781 XIAO UART baud=921600 rx=GPIO8 tx=GPIO9 bytes=1075280 frames=5556 bytes_s=15444 frames_s=105 crc/cobs/len=0/0/0 seqgap=0 age_ms=2 type=5 log=0 q=0 rec=4620 final=0
1785753695.716472 RXDIAG max_us=85176 budget_hits=69 byte/frame/time=69/0/0 rx_buf_max=3456 loop_period_max_us=1179530 loop_exec_max_us=1172582 free_heap=133112 min_free_heap=128188 reset_reason=0 bno_kind_1to5_s=0/0/0/0/0 queue=0 high=79 drops=0
1785753695.721306 RXDETAIL service_calls=40533 service_bytes_avg=26 service_bytes_max=512 service_frames_avg=0 service_frames_avg_x1000=217 service_frames_max=7 service_bytes_s=15444 service_frames_s=105 rxbuf_full_obs=0 bno_valid=3511 bno_invalid=0 unknown=0 uart_overflow=framework_unavailable trial_rx_bytes=591348 trial_frames=5555 trial_bno=3511 trial_crc/cobs/len=0/0/0
1785753695.724546 RXTASK mode=dispatch read_calls=40534 zero_reads=32941 read_bytes_max=512 rx_task_max_us=85176 rx_task_continuous_max_us=85176 stack_hwm_min_bytes=3964 cobs_delimiters=8817 rx_current=0 rx_max=3456 rx_full=0 overflow=framework_unavailable
1785753695.724546 SDTASK max_process_us=250498
1785753696.716101 XIAO UART baud=921600 rx=GPIO8 tx=GPIO9 bytes=1090684 frames=5661 bytes_s=15404 frames_s=105 crc/cobs/len=0/0/0 seqgap=0 age_ms=9 type=56 log=0 q=0 rec=4620 final=0
1785753696.719277 RXDIAG max_us=85176 budget_hits=69 byte/frame/time=69/0/0 rx_buf_max=3456 loop_period_max_us=1179530 loop_exec_max_us=1172582 free_heap=133112 min_free_heap=128188 reset_reason=0 bno_kind_1to5_s=0/0/0/0/0 queue=0 high=79 drops=0
1785753696.724029 RXDETAIL service_calls=41372 service_bytes_avg=26 service_bytes_max=512 service_frames_avg=0 service_frames_avg_x1000=215 service_frames_max=7 service_bytes_s=15404 service_frames_s=105 rxbuf_full_obs=0 bno_valid=3511 bno_invalid=0 unknown=0 uart_overflow=framework_unavailable trial_rx_bytes=606752 trial_frames=5660 trial_bno=3511 trial_crc/cobs/len=0/0/0
1785753696.728693 RXTASK mode=dispatch read_calls=41373 zero_reads=33632 read_bytes_max=512 rx_task_max_us=85176 rx_task_continuous_max_us=85176 stack_hwm_min_bytes=3964 cobs_delimiters=8922 rx_current=0 rx_max=3456 rx_full=0 overflow=framework_unavailable
1785753696.728693 SDTASK max_process_us=250498
1785753697.732764 XIAO UART baud=921600 rx=GPIO8 tx=GPIO9 bytes=1106128 frames=5766 bytes_s=15444 frames_s=105 crc/cobs/len=0/0/0 seqgap=0 age_ms=12 type=24 log=0 q=0 rec=4620 final=0
1785753697.737898 RXDIAG max_us=85176 budget_hits=69 byte/frame/time=69/0/0 rx_buf_max=3456 loop_period_max_us=1179530 loop_exec_max_us=1172582 free_heap=133112 min_free_heap=128188 reset_reason=0 bno_kind_1to5_s=0/0/0/0/0 queue=0 high=79 drops=0
1785753697.742741 RXDETAIL service_calls=42221 service_bytes_avg=26 service_bytes_max=512 service_frames_avg=0 service_frames_avg_x1000=213 service_frames_max=7 service_bytes_s=15444 service_frames_s=105 rxbuf_full_obs=0 bno_valid=3511 bno_invalid=0 unknown=0 uart_overflow=framework_unavailable trial_rx_bytes=622196 trial_frames=5765 trial_bno=3511 trial_crc/cobs/len=0/0/0
1785753697.745354 RXTASK mode=dispatch read_calls=42222 zero_reads=34344 read_bytes_max=512 rx_task_max_us=85176 rx_task_continuous_max_us=85176 stack_hwm_min_bytes=3964 cobs_delimiters=9027 rx_current=0 rx_max=3456 rx_full=0 overflow=framework_unavailable
1785753697.746958 SDTASK max_process_us=250498
1785753698.746328 XIAO UART baud=921600 rx=GPIO8 tx=GPIO9 bytes=1121572 frames=5871 bytes_s=15444 frames_s=105 crc/cobs/len=0/0/0 seqgap=0 age_ms=3 type=24 log=0 q=0 rec=4620 final=0
1785753698.749407 RXDIAG max_us=85176 budget_hits=69 byte/frame/time=69/0/0 rx_buf_max=3456 loop_period_max_us=1179530 loop_exec_max_us=1172582 free_heap=133112 min_free_heap=128188 reset_reason=0 bno_kind_1to5_s=0/0/0/0/0 queue=0 high=79 drops=0
1785753698.754089 RXDETAIL service_calls=43072 service_bytes_avg=26 service_bytes_max=512 service_frames_avg=0 service_frames_avg_x1000=212 service_frames_max=7 service_bytes_s=15444 service_frames_s=105 rxbuf_full_obs=0 bno_valid=3511 bno_invalid=0 unknown=0 uart_overflow=framework_unavailable trial_rx_bytes=637640 trial_frames=5870 trial_bno=3511 trial_crc/cobs/len=0/0/0
1785753698.757168 RXTASK mode=dispatch read_calls=43073 zero_reads=35063 read_bytes_max=512 rx_task_max_us=85176 rx_task_continuous_max_us=85176 stack_hwm_min_bytes=3964 cobs_delimiters=9132 rx_current=0 rx_max=3456 rx_full=0 overflow=framework_unavailable
1785753698.757168 SDTASK max_process_us=250498
1785753701.707948 XIAO UART baud=921600 rx=GPIO8 tx=GPIO9 bytes=1164680 frames=6157 bytes_s=43108 frames_s=286 crc/cobs/len=0/0/0 seqgap=0 age_ms=4 type=5 log=0 q=0 rec=4620 final=0
1785753701.712455 RXDIAG max_us=85176 budget_hits=69 byte/frame/time=69/0/0 rx_buf_max=3456 loop_period_max_us=1179530 loop_exec_max_us=2091199 free_heap=132292 min_free_heap=124572 reset_reason=0 bno_kind_1to5_s=0/0/0/0/0 queue=0 high=79 drops=0
1785753701.717281 RXDETAIL service_calls=45567 service_bytes_avg=25 service_bytes_max=512 service_frames_avg=0 service_frames_avg_x1000=206 service_frames_max=7 service_bytes_s=43108 service_frames_s=286 rxbuf_full_obs=0 bno_valid=3511 bno_invalid=0 unknown=0 uart_overflow=framework_unavailable trial_rx_bytes=680748 trial_frames=6156 trial_bno=3511 trial_crc/cobs/len=0/0/0
1785753701.720515 RXTASK mode=dispatch read_calls=45569 zero_reads=37179 read_bytes_max=512 rx_task_max_us=85176 rx_task_continuous_max_us=85176 stack_hwm_min_bytes=3964 cobs_delimiters=9418 rx_current=0 rx_max=3456 rx_full=0 overflow=framework_unavailable
1785753701.720515 SDTASK max_process_us=250498
1785753702.708722 XIAO UART baud=921600 rx=GPIO8 tx=GPIO9 bytes=1179900 frames=6261 bytes_s=15220 frames_s=104 crc/cobs/len=0/0/0 seqgap=0 age_ms=0 type=22 log=0 q=0 rec=4620 final=0
1785753702.712986 RXDIAG max_us=85176 budget_hits=69 byte/frame/time=69/0/0 rx_buf_max=3456 loop_period_max_us=2192156 loop_exec_max_us=2091199 free_heap=132440 min_free_heap=124572 reset_reason=0 bno_kind_1to5_s=0/0/0/0/0 queue=0 high=79 drops=0
1785753702.717822 RXDETAIL service_calls=46401 service_bytes_avg=25 service_bytes_max=512 service_frames_avg=0 service_frames_avg_x1000=205 service_frames_max=7 service_bytes_s=15220 service_frames_s=104 rxbuf_full_obs=0 bno_valid=3511 bno_invalid=0 unknown=0 uart_overflow=framework_unavailable trial_rx_bytes=695968 trial_frames=6260 trial_bno=3511 trial_crc/cobs/len=0/0/0
1785753702.721049 RXTASK mode=dispatch read_calls=46402 zero_reads=37885 read_bytes_max=512 rx_task_max_us=85176 rx_task_continuous_max_us=85176 stack_hwm_min_bytes=3964 cobs_delimiters=9522 rx_current=0 rx_max=3456 rx_full=0 overflow=framework_unavailable
1785753702.722666 SDTASK max_process_us=250498
1785753703.711811 XIAO UART baud=921600 rx=GPIO8 tx=GPIO9 bytes=1195092 frames=6364 bytes_s=15192 frames_s=103 crc/cobs/len=0/0/0 seqgap=0 age_ms=5 type=24 log=0 q=0 rec=4620 final=0
1785753703.716606 RXDIAG max_us=85176 budget_hits=69 byte/frame/time=69/0/0 rx_buf_max=3456 loop_period_max_us=2192156 loop_exec_max_us=2091199 free_heap=132440 min_free_heap=124572 reset_reason=0 bno_kind_1to5_s=0/0/0/0/0 queue=0 high=79 drops=0
1785753703.721466 RXDETAIL service_calls=47240 service_bytes_avg=25 service_bytes_max=512 service_frames_avg=0 service_frames_avg_x1000=203 service_frames_max=7 service_bytes_s=15296 service_frames_s=104 rxbuf_full_obs=0 bno_valid=3511 bno_invalid=0 unknown=0 uart_overflow=framework_unavailable trial_rx_bytes=711264 trial_frames=6364 trial_bno=3511 trial_crc/cobs/len=0/0/0
1785753703.724685 RXTASK mode=dispatch read_calls=47243 zero_reads=38583 read_bytes_max=512 rx_task_max_us=85176 rx_task_continuous_max_us=85176 stack_hwm_min_bytes=3964 cobs_delimiters=9627 rx_current=0 rx_max=3456 rx_full=0 overflow=framework_unavailable
1785753703.726334 SDTASK max_process_us=250498
1785753704.714085 XIAO UART baud=921600 rx=GPIO8 tx=GPIO9 bytes=1210324 frames=6468 bytes_s=15232 frames_s=104 crc/cobs/len=0/0/0 seqgap=0 age_ms=10 type=58 log=0 q=0 rec=4620 final=0
