XIAO UART baud=921600 rx=GPIO8 tx=GPIO9 bytes=651232 frames=4738 bytes_s=18012 frames_s=135 crc/cobs/len=0/0/0 seqgap=0 age_ms=17 type=24 log=0 q=0 rec=0 final=0
RXDIAG max_us=4199 budget_hits=0 byte/frame/time=0/0/0 rx_buf_max=316 loop_period_max_us=116841 loop_exec_max_us=26532 free_heap=143544 min_free_heap=141688 reset_reason=0 bno_kind_1to5_s=0/0/0/0/0 queue=0 high=0 drops=0
RXDETAIL service_calls=51292 service_bytes_avg=12 service_bytes_max=316 service_frames_avg=0 service_frames_avg_x1000=92 service_frames_max=4 service_bytes_s=18116 service_frames_s=136 rxbuf_full_obs=0 bno_valid=0 bno_invalid=0 unknown=0 uart_overflow=framework_unavailable trial_rx_bytes=651336 trial_frames=4739 trial_bno=0 trial_crc/cobs/len=0/0/0
RXTASK mode=dispatch read_calls=51294 zero_reads=45253 read_bytes_max=316 rx_task_max_us=4199 rx_task_continuous_max_us=4199 stack_hwm_min_bytes=4808 cobs_delimiters=4740 rx_current=56 rx_max=316 rx_full=0 overflow=framework_unavailable
SDTASK max_process_us=0
XIAO UART baud=921600 rx=GPIO8 tx=GPIO9 bytes=669228 frames=4874 bytes_s=17996 frames_s=136 crc/cobs/len=0/0/0 seqgap=0 age_ms=18 type=7 log=0 q=0 rec=0 final=0
RXDIAG max_us=4199 budget_hits=0 byte/frame/time=0/0/0 rx_buf_max=316 loop_period_max_us=116841 loop_exec_max_us=26532 free_heap=143544 min_free_heap=141688 reset_reason=0 bno_kind_1to5_s=0/0/0/0/0 queue=0 high=0 drops=0
RXDETAIL service_calls=52112 service_bytes_avg=12 service_bytes_max=316 service_frames_avg=0 service_frames_avg_x1000=93 service_frames_max=4 service_bytes_s=17892 service_frames_s=135 rxbuf_full_obs=0 bno_valid=0 bno_invalid=0 unknown=0 uart_overflow=framework_unavailable trial_rx_bytes=669228 trial_frames=4874 trial_bno=0 trial_crc/cobs/len=0/0/0
RXTASK mode=dispatch read_calls=52113 zero_reads=45899 read_bytes_max=316 rx_task_max_us=4199 rx_task_continuous_max_us=4199 stack_hwm_min_bytes=4808 cobs_delimiters=4874 rx_current=0 rx_max=316 rx_full=0 overflow=framework_unavailable
SDTASK max_process_us=0
XIAO UART baud=921600 rx=GPIO8 tx=GPIO9 bytes=687432 frames=5011 bytes_s=18204 frames_s=137 crc/cobs/len=0/0/0 seqgap=0 age_ms=2 type=7 log=0 q=0 rec=0 final=0
RXDIAG max_us=4199 budget_hits=0 byte/frame/time=0/0/0 rx_buf_max=316 loop_period_max_us=116841 loop_exec_max_us=26532 free_heap=143544 min_free_heap=141688 reset_reason=0 bno_kind_1to5_s=0/0/0/0/0 queue=0 high=0 drops=0
RXDETAIL service_calls=52926 service_bytes_avg=12 service_bytes_max=316 service_frames_avg=0 service_frames_avg_x1000=94 service_frames_max=4 service_bytes_s=18204 service_frames_s=137 rxbuf_full_obs=0 bno_valid=0 bno_invalid=0 unknown=0 uart_overflow=framework_unavailable trial_rx_bytes=687432 trial_frames=5011 trial_bno=0 trial_crc/cobs/len=0/0/0
RXTASK mode=dispatch read_calls=52927 zero_reads=46537 read_bytes_max=316 rx_task_max_us=4199 rx_task_continuous_max_us=4199 stack_hwm_min_bytes=4808 cobs_delimiters=5011 rx_current=0 rx_max=316 rx_full=0 overflow=framework_unavailable
SDTASK max_process_us=0
XIAO UART baud=921600 rx=GPIO8 tx=GPIO9 bytes=705448 frames=5147 bytes_s=18016 frames_s=136 crc/cobs/len=0/0/0 seqgap=0 age_ms=2 type=32 log=0 q=0 rec=0 final=0
RXDIAG max_us=4199 budget_hits=0 byte/frame/time=0/0/0 rx_buf_max=316 loop_period_max_us=116841 loop_exec_max_us=26532 free_heap=143544 min_free_heap=141688 reset_reason=0 bno_kind_1to5_s=0/0/0/0/0 queue=0 high=0 drops=0
RXDETAIL service_calls=53744 service_bytes_avg=13 service_bytes_max=316 service_frames_avg=0 service_frames_avg_x1000=95 service_frames_max=4 service_bytes_s=18016 service_frames_s=136 rxbuf_full_obs=0 bno_valid=0 bno_invalid=0 unknown=0 uart_overflow=framework_unavailable trial_rx_bytes=705448 trial_frames=5147 trial_bno=0 trial_crc/cobs/len=0/0/0
RXTASK mode=dispatch read_calls=53746 zero_reads=47193 read_bytes_max=316 rx_task_max_us=4199 rx_task_continuous_max_us=4199 stack_hwm_min_bytes=4808 cobs_delimiters=5147 rx_current=0 rx_max=316 rx_full=0 overflow=framework_unavailable
SDTASK max_process_us=0
XIAO UART baud=921600 rx=GPIO8 tx=GPIO9 bytes=723640 frames=5284 bytes_s=18192 frames_s=137 crc/cobs/len=0/0/0 seqgap=0 age_ms=0 type=7 log=0 q=0 rec=0 final=0
RXDIAG max_us=4199 budget_hits=0 byte/frame/time=0/0/0 rx_buf_max=316 loop_period_max_us=116841 loop_exec_max_us=26532 free_heap=143544 min_free_heap=141688 reset_reason=0 bno_kind_1to5_s=0/0/0/0/0 queue=0 high=0 drops=0
RXDETAIL service_calls=54555 service_bytes_avg=13 service_bytes_max=316 service_frames_avg=0 service_frames_avg_x1000=96 service_frames_max=4 service_bytes_s=18192 service_frames_s=137 rxbuf_full_obs=0 bno_valid=0 bno_invalid=0 unknown=0 uart_overflow=framework_unavailable trial_rx_bytes=723640 trial_frames=5284 trial_bno=0 trial_crc/cobs/len=0/0/0
RXTASK mode=dispatch read_calls=54556 zero_reads=47834 read_bytes_max=316 rx_task_max_us=4199 rx_task_continuous_max_us=4199 stack_hwm_min_bytes=4808 cobs_delimiters=5285 rx_current=0 rx_max=316 rx_full=0 overflow=framework_unavailable
SDTASK max_process_us=0
TRIAL_START mode=decode_count rx_bytes=0 service_bytes=0 frames=0 bno_valid=0 seq_gap=0 crc/cobs/len=0/0/0 unknown=0 bno_invalid=0 rxbuf_full=0 service_calls=0 read_calls=0 zero_reads=0 delimiters=0 bno_kind=0/0/0/0/0 bno_log_enqueue=0
TRIAL_SEQUENCE first=0 last=0 valid=0
TRIAL_BOUNDARY start_ack=0 expected_first=0 stop_ack=0 expected_last=0 stop_ack_received=0
BNO_CORE_TS kind=1 count=0 first_rx_us=0 last_rx_us=0 delta_us=0/0.00/0
BNO_CORE_TS kind=2 count=0 first_rx_us=0 last_rx_us=0 delta_us=0/0.00/0
BNO_CORE_TS kind=3 count=0 first_rx_us=0 last_rx_us=0 delta_us=0/0.00/0
BNO_CORE_TS kind=4 count=0 first_rx_us=0 last_rx_us=0 delta_us=0/0.00/0
BNO_CORE_TS kind=5 count=0 first_rx_us=0 last_rx_us=0 delta_us=0/0.00/0
SEQUENCE_STATE gaps=0 duplicates=0 out_of_order=0 wraps=0
TRIAL_CAPTURE_WAIT_START_ACK
TYPE23_IDENTIFIED rx_us=66130777 uart_sequence=2218 type=23 payload_length=16 payload_hex=48 04 00 00 01 01 00 00 AB 08 00 00 00 00 00 00  encoded_bytes=44 crc=ok cobs=ok length=ok previous_type=7 boundary_ack=1
TRIAL_START_ACK ack_sequence=2218 first_sequence=2219 capture_id=1096
BNO_CORE_EVENT kind=2 report_seq=139 uart_sequence=2219 sensor_raw=4294961696 sensor_converted=4294961696 xiao_rx=20578906 queue_push=20578911 core_rx=66136508
BNO_CORE_EVENT kind=3 report_seq=69 uart_sequence=2220 sensor_raw=4294961696 sensor_converted=4294961696 xiao_rx=20578931 queue_push=20578933 core_rx=66138006
BNO_CORE_EVENT kind=5 report_seq=69 uart_sequence=2221 sensor_raw=4294961696 sensor_converted=4294961696 xiao_rx=20578943 queue_push=20578946 core_rx=66140281
BNO_CORE_EVENT kind=4 report_seq=163 uart_sequence=2222 sensor_raw=4294961696 sensor_converted=4294961696 xiao_rx=20578954 queue_push=20578956 core_rx=66141486
BNO_CORE_EVENT kind=1 report_seq=87 uart_sequence=2223 sensor_raw=4294964596 sensor_converted=4294964596 xiao_rx=20578962 queue_push=20578964 core_rx=66142522
BNO_CORE_EVENT kind=2 report_seq=140 uart_sequence=2224 sensor_raw=4294963696 sensor_converted=4294963696 xiao_rx=20582155 queue_push=20582165 core_rx=66145226
BNO_CORE_EVENT kind=1 report_seq=88 uart_sequence=2225 sensor_raw=4294961496 sensor_converted=4294961496 xiao_rx=20585951 queue_push=20585954 core_rx=66146278
BNO_CORE_EVENT kind=1 report_seq=89 uart_sequence=2231 sensor_raw=4294965496 sensor_converted=4294965496 xiao_rx=20596022 queue_push=20596029 core_rx=66215462
BNO_CORE_EVENT kind=2 report_seq=141 uart_sequence=2232 sensor_raw=4294953896 sensor_converted=4294953896 xiao_rx=20608981 queue_push=20608991 core_rx=66217465
BNO_CORE_EVENT kind=3 report_seq=70 uart_sequence=2233 sensor_raw=4294953896 sensor_converted=4294953896 xiao_rx=20609022 queue_push=20609024 core_rx=66220105
BNO_CORE_EVENT kind=5 report_seq=70 uart_sequence=2234 sensor_raw=4294953896 sensor_converted=4294953896 xiao_rx=20609041 queue_push=20609043 core_rx=66221155
BNO_CORE_EVENT kind=1 report_seq=90 uart_sequence=2235 sensor_raw=4294960696 sensor_converted=4294960696 xiao_rx=20609052 queue_push=20609053 core_rx=66222215
BNO_CORE_EVENT kind=2 report_seq=142 uart_sequence=2236 sensor_raw=4294963896 sensor_converted=4294963896 xiao_rx=20609061 queue_push=20609063 core_rx=66223264
BNO_CORE_EVENT kind=1 report_seq=91 uart_sequence=2237 sensor_raw=4294956196 sensor_converted=4294956196 xiao_rx=20622608 queue_push=20622616 core_rx=66225911
BNO_CORE_EVENT kind=4 report_seq=164 uart_sequence=2238 sensor_raw=4294960896 sensor_converted=4294960896 xiao_rx=20622643 queue_push=20622645 core_rx=66226950
BNO_CORE_EVENT kind=2 report_seq=143 uart_sequence=2240 sensor_raw=4294960896 sensor_converted=4294960896 xiao_rx=20622653 queue_push=20622656 core_rx=66230211
BNO_CORE_EVENT kind=3 report_seq=71 uart_sequence=2241 sensor_raw=4294960896 sensor_converted=4294960896 xiao_rx=20622667 queue_push=20622669 core_rx=66232856
BNO_CORE_EVENT kind=5 report_seq=71 uart_sequence=2242 sensor_raw=4294960896 sensor_converted=4294960896 xiao_rx=20622676 queue_push=20622678 core_rx=66233958
BNO_CORE_EVENT kind=1 report_seq=92 uart_sequence=2243 sensor_raw=4294963696 sensor_converted=4294963696 xiao_rx=20622686 queue_push=20622687 core_rx=66235015
BNO_CORE_EVENT kind=2 report_seq=144 uart_sequence=2244 sensor_raw=4294956896 sensor_converted=4294956896 xiao_rx=20631587 queue_push=20631597 core_rx=66236050
BNO_CORE_EVENT kind=1 report_seq=93 uart_sequence=2245 sensor_raw=4294957196 sensor_converted=4294957196 xiao_rx=20631618 queue_push=20631619 core_rx=66237102
BNO_CORE_EVENT kind=1 report_seq=94 uart_sequence=2246 sensor_raw=4294965296 sensor_converted=4294965296 xiao_rx=20631626 queue_push=20631627 core_rx=66238164
BNO_CORE_EVENT kind=2 report_seq=145 uart_sequence=2248 sensor_raw=4294957796 sensor_converted=4294957796 xiao_rx=20643668 queue_push=20643678 core_rx=66241655
BNO_CORE_EVENT kind=3 report_seq=72 uart_sequence=2249 sensor_raw=4294957796 sensor_converted=4294957796 xiao_rx=20643706 queue_push=20643708 core_rx=66242687
BNO_CORE_EVENT kind=5 report_seq=72 uart_sequence=2250 sensor_raw=4294957796 sensor_converted=4294957796 xiao_rx=20643720 queue_push=20643721 core_rx=66243740
BNO_CORE_EVENT kind=1 report_seq=95 uart_sequence=2251 sensor_raw=4294964696 sensor_converted=4294964696 xiao_rx=20643728 queue_push=20643730 core_rx=66244799
BNO_CORE_EVENT kind=2 report_seq=146 uart_sequence=2252 sensor_raw=4294955396 sensor_converted=4294955396 xiao_rx=20652936 queue_push=20652945 core_rx=66245850
BNO_CORE_EVENT kind=1 report_seq=96 uart_sequence=2253 sensor_raw=4294959196 sensor_converted=4294959196 xiao_rx=20652972 queue_push=20652974 core_rx=66247743
BNO_CORE_EVENT kind=2 report_seq=147 uart_sequence=2254 sensor_raw=4294959996 sensor_converted=4294959996 xiao_rx=20660572 queue_push=20660575 core_rx=66248790
BNO_CORE_EVENT kind=3 report_seq=73 uart_sequence=2255 sensor_raw=4294959996 sensor_converted=4294959996 xiao_rx=20660594 queue_push=20660595 core_rx=66249830
BNO_CORE_EVENT kind=5 report_seq=73 uart_sequence=2256 sensor_raw=4294959996 sensor_converted=4294959996 xiao_rx=20660604 queue_push=20660606 core_rx=66250885
BNO_CORE_EVENT kind=4 report_seq=165 uart_sequence=2257 sensor_raw=4294959996 sensor_converted=4294959996 xiao_rx=20660615 queue_push=20660617 core_rx=66251934
BNO_CORE_EVENT kind=1 report_seq=97 uart_sequence=2258 sensor_raw=4294961796 sensor_converted=4294961796 xiao_rx=20660624 queue_push=20660625 core_rx=66252964
BNO_CORE_EVENT kind=2 report_seq=148 uart_sequence=2259 sensor_raw=4294961996 sensor_converted=4294961996 xiao_rx=20665273 queue_push=20665275 core_rx=66253999
BNO_CORE_EVENT kind=1 report_seq=98 uart_sequence=2260 sensor_raw=4294962296 sensor_converted=4294962296 xiao_rx=20665284 queue_push=20665286 core_rx=66256443
BNO_CORE_EVENT kind=1 report_seq=99 uart_sequence=2267 sensor_raw=4294965296 sensor_converted=4294965296 xiao_rx=20702696 queue_push=20702705 core_rx=66274443
BNO_CORE_EVENT kind=2 report_seq=149 uart_sequence=2268 sensor_raw=4294930796 sensor_converted=4294930796 xiao_rx=20717387 queue_push=20717392 core_rx=66277143
BNO_CORE_EVENT kind=3 report_seq=74 uart_sequence=2269 sensor_raw=4294930796 sensor_converted=4294930796 xiao_rx=20717416 queue_push=20717418 core_rx=66278191
BNO_CORE_EVENT kind=5 report_seq=74 uart_sequence=2270 sensor_raw=4294930796 sensor_converted=4294930796 xiao_rx=20717425 queue_push=20717427 core_rx=66279242
BNO_CORE_EVENT kind=1 report_seq=100 uart_sequence=2271 sensor_raw=4294937196 sensor_converted=4294937196 xiao_rx=20717433 queue_push=20717435 core_rx=66281243
BNO_CORE_EVENT kind=2 report_seq=150 uart_sequence=2272 sensor_raw=4294941196 sensor_converted=4294941196 xiao_rx=20717442 queue_push=20717444 core_rx=66282288
BNO_CORE_EVENT kind=1 report_seq=101 uart_sequence=2273 sensor_raw=4294945196 sensor_converted=4294945196 xiao_rx=20717451 queue_push=20717453 core_rx=66283351
BNO_CORE_EVENT kind=2 report_seq=151 uart_sequence=2274 sensor_raw=4294951196 sensor_converted=4294951196 xiao_rx=20717461 queue_push=20717462 core_rx=66284403
BNO_CORE_EVENT kind=3 report_seq=75 uart_sequence=2275 sensor_raw=4294951196 sensor_converted=4294951196 xiao_rx=20717470 queue_push=20717472 core_rx=66287000
BNO_CORE_EVENT kind=5 report_seq=75 uart_sequence=2276 sensor_raw=4294951196 sensor_converted=4294951196 xiao_rx=20717480 queue_push=20717481 core_rx=66288052
BNO_CORE_EVENT kind=4 report_seq=166 uart_sequence=2277 sensor_raw=4294951196 sensor_converted=4294951196 xiao_rx=20717490 queue_push=20717491 core_rx=66289109
BNO_CORE_EVENT kind=1 report_seq=102 uart_sequence=2278 sensor_raw=4294952696 sensor_converted=4294952696 xiao_rx=20717498 queue_push=20717500 core_rx=66290160
BNO_CORE_EVENT kind=1 report_seq=103 uart_sequence=2279 sensor_raw=4294960896 sensor_converted=4294960896 xiao_rx=20717530 queue_push=20717532 core_rx=66291192
BNO_CORE_EVENT kind=2 report_seq=152 uart_sequence=2280 sensor_raw=4294960896 sensor_converted=4294960896 xiao_rx=20717538 queue_push=20717540 core_rx=66292242
BNO_CORE_EVENT kind=1 report_seq=104 uart_sequence=2281 sensor_raw=4294953196 sensor_converted=4294953196 xiao_rx=20723783 queue_push=20723786 core_rx=66294924
BNO_CORE_EVENT kind=2 report_seq=153 uart_sequence=2282 sensor_raw=4294955196 sensor_converted=4294955196 xiao_rx=20723800 queue_push=20723802 core_rx=66295988
BNO_CORE_EVENT kind=3 report_seq=76 uart_sequence=2283 sensor_raw=4294955196 sensor_converted=4294955196 xiao_rx=20723810 queue_push=20723812 core_rx=66297024
BNO_CORE_EVENT kind=5 report_seq=76 uart_sequence=2284 sensor_raw=4294955196 sensor_converted=4294955196 xiao_rx=20723819 queue_push=20723821 core_rx=66298050
BNO_CORE_EVENT kind=1 report_seq=105 uart_sequence=2286 sensor_raw=4294960796 sensor_converted=4294960796 xiao_rx=20723827 queue_push=20723829 core_rx=66302367
BNO_CORE_EVENT kind=2 report_seq=154 uart_sequence=2292 sensor_raw=4294958896 sensor_converted=4294958896 xiao_rx=20750316 queue_push=20750326 core_rx=66320812
BNO_CORE_EVENT kind=1 report_seq=106 uart_sequence=2293 sensor_raw=4294962296 sensor_converted=4294962296 xiao_rx=20750356 queue_push=20750358 core_rx=66321882
BNO_CORE_EVENT kind=2 report_seq=155 uart_sequence=2294 sensor_raw=4294942596 sensor_converted=4294942596 xiao_rx=20762878 queue_push=20762881 core_rx=66322936
BNO_CORE_EVENT kind=3 report_seq=77 uart_sequence=2295 sensor_raw=4294942596 sensor_converted=4294942596 xiao_rx=20762900 queue_push=20762902 core_rx=66325429
BNO_CORE_EVENT kind=5 report_seq=77 uart_sequence=2296 sensor_raw=4294942596 sensor_converted=4294942596 xiao_rx=20762909 queue_push=20762911 core_rx=66326458
BNO_CORE_EVENT kind=4 report_seq=167 uart_sequence=2297 sensor_raw=4294942596 sensor_converted=4294942596 xiao_rx=20762919 queue_push=20762920 core_rx=66327517
BNO_CORE_EVENT kind=1 report_seq=107 uart_sequence=2298 sensor_raw=4294943596 sensor_converted=4294943596 xiao_rx=20762927 queue_push=20762929 core_rx=66328573
BNO_CORE_EVENT kind=1 report_seq=108 uart_sequence=2299 sensor_raw=4294952096 sensor_converted=4294952096 xiao_rx=20762936 queue_push=20762937 core_rx=66331182
BNO_CORE_EVENT kind=2 report_seq=156 uart_sequence=2300 sensor_raw=4294952296 sensor_converted=4294952296 xiao_rx=20762945 queue_push=20762947 core_rx=66332251
BNO_CORE_EVENT kind=1 report_seq=109 uart_sequence=2301 sensor_raw=4294959996 sensor_converted=4294959996 xiao_rx=20762954 queue_push=20762956 core_rx=66333305
BNO_CORE_EVENT kind=2 report_seq=157 uart_sequence=2302 sensor_raw=4294962496 sensor_converted=4294962496 xiao_rx=20762964 queue_push=20762966 core_rx=66334334
BNO_CORE_EVENT kind=3 report_seq=78 uart_sequence=2303 sensor_raw=4294962496 sensor_converted=4294962496 xiao_rx=20762973 queue_push=20762975 core_rx=66335370
BNO_CORE_EVENT kind=5 report_seq=78 uart_sequence=2304 sensor_raw=4294962496 sensor_converted=4294962496 xiao_rx=20762983 queue_push=20762985 core_rx=66336397
BNO_CORE_EVENT kind=1 report_seq=110 uart_sequence=2305 sensor_raw=4294955596 sensor_converted=4294955596 xiao_rx=20768683 queue_push=20768686 core_rx=66339109
BNO_CORE_EVENT kind=2 report_seq=158 uart_sequence=2307 sensor_raw=4294959596 sensor_converted=4294959596 xiao_rx=20768708 queue_push=20768710 core_rx=66340992
BNO_CORE_EVENT kind=1 report_seq=111 uart_sequence=2308 sensor_raw=4294962696 sensor_converted=4294962696 xiao_rx=20768717 queue_push=20768719 core_rx=66342029
BNO_CORE_EVENT kind=2 report_seq=159 uart_sequence=2309 sensor_raw=4294963496 sensor_converted=4294963496 xiao_rx=20787440 queue_push=20787449 core_rx=66343058
BNO_CORE_EVENT kind=3 report_seq=79 uart_sequence=2310 sensor_raw=4294945196 sensor_converted=4294945196 xiao_rx=20796705 queue_push=20796712 core_rx=66347435
BNO_CORE_EVENT kind=5 report_seq=79 uart_sequence=2311 sensor_raw=4294945196 sensor_converted=4294945196 xiao_rx=20796730 queue_push=20796732 core_rx=66350105
BNO_CORE_EVENT kind=4 report_seq=168 uart_sequence=2312 sensor_raw=4294945196 sensor_converted=4294945196 xiao_rx=20796743 queue_push=20796745 core_rx=66351177
BNO_CORE_EVENT kind=1 report_seq=112 uart_sequence=2313 sensor_raw=4294946096 sensor_converted=4294946096 xiao_rx=20796753 queue_push=20796754 core_rx=66352231
BNO_CORE_EVENT kind=1 report_seq=113 uart_sequence=2314 sensor_raw=4294954396 sensor_converted=4294954396 xiao_rx=20796761 queue_push=20796763 core_rx=66354243
BNO_CORE_EVENT kind=2 report_seq=160 uart_sequence=2316 sensor_raw=4294955196 sensor_converted=4294955196 xiao_rx=20796771 queue_push=20796774 core_rx=66358736
BNO_CORE_EVENT kind=1 report_seq=114 uart_sequence=2317 sensor_raw=4294962296 sensor_converted=4294962296 xiao_rx=20796782 queue_push=20796784 core_rx=66359805
BNO_CORE_EVENT kind=2 report_seq=161 uart_sequence=2322 sensor_raw=4294955796 sensor_converted=4294955796 xiao_rx=20815087 queue_push=20815097 core_rx=66379447
BNO_CORE_EVENT kind=3 report_seq=80 uart_sequence=2323 sensor_raw=4294955796 sensor_converted=4294955796 xiao_rx=20815124 queue_push=20815125 core_rx=66382111
BNO_CORE_EVENT kind=5 report_seq=80 uart_sequence=2324 sensor_raw=4294955796 sensor_converted=4294955796 xiao_rx=20815137 queue_push=20815139 core_rx=66383132
BNO_CORE_EVENT kind=1 report_seq=115 uart_sequence=2325 sensor_raw=4294960496 sensor_converted=4294960496 xiao_rx=20815146 queue_push=20815148 core_rx=66384201
BNO_CORE_EVENT kind=2 report_seq=162 uart_sequence=2326 sensor_raw=4294947496 sensor_converted=4294947496 xiao_rx=20824739 queue_push=20824742 core_rx=66386241
BNO_CORE_EVENT kind=1 report_seq=116 uart_sequence=2327 sensor_raw=4294949996 sensor_converted=4294949996 xiao_rx=20824754 queue_push=20824755 core_rx=66387270
BNO_CORE_EVENT kind=2 report_seq=163 uart_sequence=2329 sensor_raw=4294957796 sensor_converted=4294957796 xiao_rx=20824763 queue_push=20824765 core_rx=66391626
BNO_CORE_EVENT kind=3 report_seq=81 uart_sequence=2330 sensor_raw=4294957796 sensor_converted=4294957796 xiao_rx=20824773 queue_push=20824774 core_rx=66392687
BNO_CORE_EVENT kind=5 report_seq=81 uart_sequence=2331 sensor_raw=4294957796 sensor_converted=4294957796 xiao_rx=20824782 queue_push=20824783 core_rx=66393737
BNO_CORE_EVENT kind=4 report_seq=169 uart_sequence=2332 sensor_raw=4294957796 sensor_converted=4294957796 xiao_rx=20824793 queue_push=20824794 core_rx=66394765
BNO_CORE_EVENT kind=1 report_seq=117 uart_sequence=2333 sensor_raw=4294957896 sensor_converted=4294957896 xiao_rx=20824802 queue_push=20824804 core_rx=66395803
BNO_CORE_EVENT kind=1 report_seq=118 uart_sequence=2334 sensor_raw=4294965796 sensor_converted=4294965796 xiao_rx=20824811 queue_push=20824813 core_rx=66397975
BNO_CORE_EVENT kind=2 report_seq=164 uart_sequence=2335 sensor_raw=4294958396 sensor_converted=4294958396 xiao_rx=20828779 queue_push=20828781 core_rx=66399065
BNO_CORE_EVENT kind=1 report_seq=119 uart_sequence=2336 sensor_raw=4294964196 sensor_converted=4294964196 xiao_rx=20828788 queue_push=20828790 core_rx=66400097
BNO_CORE_EVENT kind=2 report_seq=165 uart_sequence=2339 sensor_raw=4294964096 sensor_converted=4294964096 xiao_rx=20848449 queue_push=20848459 core_rx=66406440
BNO_CORE_EVENT kind=3 report_seq=82 uart_sequence=2340 sensor_raw=4294964096 sensor_converted=4294964096 xiao_rx=20848485 queue_push=20848487 core_rx=66409106
BNO_CORE_EVENT kind=5 report_seq=82 uart_sequence=2341 sensor_raw=4294944396 sensor_converted=4294944396 xiao_rx=20855681 queue_push=20855685 core_rx=66410164
BNO_CORE_EVENT kind=1 report_seq=120 uart_sequence=2342 sensor_raw=4294948396 sensor_converted=4294948396 xiao_rx=20855697 queue_push=20855699 core_rx=66411215
BNO_CORE_EVENT kind=2 report_seq=166 uart_sequence=2343 sensor_raw=4294954396 sensor_converted=4294954396 xiao_rx=20855707 queue_push=20855709 core_rx=66413244
BNO_CORE_EVENT kind=1 report_seq=121 uart_sequence=2344 sensor_raw=4294956196 sensor_converted=4294956196 xiao_rx=20855717 queue_push=20855718 core_rx=66414288
BNO_CORE_EVENT kind=2 report_seq=167 uart_sequence=2345 sensor_raw=4294964196 sensor_converted=4294964196 xiao_rx=20855725 queue_push=20855726 core_rx=66415351
BNO_CORE_EVENT kind=3 report_seq=83 uart_sequence=2346 sensor_raw=4294964196 sensor_converted=4294964196 xiao_rx=20855733 queue_push=20855735 core_rx=66416405
BNO_CORE_EVENT kind=1 report_seq=122 uart_sequence=2351 sensor_raw=4294956896 sensor_converted=4294956896 xiao_rx=20870824 queue_push=20870832 core_rx=66434441
BNO_CORE_EVENT kind=5 report_seq=83 uart_sequence=2352 sensor_raw=4294956896 sensor_converted=4294956896 xiao_rx=20870854 queue_push=20870856 core_rx=66437107
BNO_CORE_EVENT kind=4 report_seq=170 uart_sequence=2353 sensor_raw=4294956996 sensor_converted=4294956996 xiao_rx=20870868 queue_push=20870870 core_rx=66438168
BNO_CORE_EVENT kind=1 report_seq=123 uart_sequence=2354 sensor_raw=4294964696 sensor_converted=4294964696 xiao_rx=20870876 queue_push=20870878 core_rx=66439219
BNO_CORE_EVENT kind=2 report_seq=168 uart_sequence=2355 sensor_raw=4294951696 sensor_converted=4294951696 xiao_rx=20879361 queue_push=20879365 core_rx=66441248
BNO_CORE_EVENT kind=1 report_seq=124 uart_sequence=2356 sensor_raw=4294958096 sensor_converted=4294958096 xiao_rx=20879385 queue_push=20879386 core_rx=66442288
BNO_CORE_EVENT kind=2 report_seq=169 uart_sequence=2357 sensor_raw=4294961996 sensor_converted=4294961996 xiao_rx=20879393 queue_push=20879394 core_rx=66443362
BNO_CORE_EVENT kind=3 report_seq=84 uart_sequence=2358 sensor_raw=4294961996 sensor_converted=4294961996 xiao_rx=20879406 queue_push=20879408 core_rx=66444393
BNO_CORE_EVENT kind=5 report_seq=84 uart_sequence=2359 sensor_raw=4294961996 sensor_converted=4294961996 xiao_rx=20879414 queue_push=20879416 core_rx=66446997
BNO_CORE_EVENT kind=1 report_seq=125 uart_sequence=2360 sensor_raw=4294965596 sensor_converted=4294965596 xiao_rx=20879422 queue_push=20879424 core_rx=66448025
BNO_CORE_EVENT kind=2 report_seq=170 uart_sequence=2361 sensor_raw=4294963296 sensor_converted=4294963296 xiao_rx=20884166 queue_push=20884169 core_rx=66449085
BNO_CORE_EVENT kind=1 report_seq=126 uart_sequence=2362 sensor_raw=4294965096 sensor_converted=4294965096 xiao_rx=20884180 queue_push=20884182 core_rx=66450134
BNO_CORE_EVENT kind=1 report_seq=127 uart_sequence=2364 sensor_raw=4294966396 sensor_converted=4294966396 xiao_rx=20897068 queue_push=20897073 core_rx=66458448
BNO_CORE_EVENT kind=2 report_seq=171 uart_sequence=2365 sensor_raw=4294955596 sensor_converted=4294955596 xiao_rx=20903354 queue_push=20903361 core_rx=66461121
BNO_CORE_EVENT kind=3 report_seq=85 uart_sequence=2366 sensor_raw=4294955596 sensor_converted=4294955596 xiao_rx=20903383 queue_push=20903385 core_rx=66462221
BNO_CORE_EVENT kind=5 report_seq=85 uart_sequence=2367 sensor_raw=4294955596 sensor_converted=4294955596 xiao_rx=20903395 queue_push=20903397 core_rx=66463277
BNO_CORE_EVENT kind=4 report_seq=171 uart_sequence=2368 sensor_raw=4294955596 sensor_converted=4294955596 xiao_rx=20903405 queue_push=20903407 core_rx=66465247
BNO_CORE_EVENT kind=1 report_seq=128 uart_sequence=2369 sensor_raw=4294963496 sensor_converted=4294963496 xiao_rx=20903413 queue_push=20903415 core_rx=66466303
BNO_CORE_EVENT kind=2 report_seq=172 uart_sequence=2371 sensor_raw=4294959296 sensor_converted=4294959296 xiao_rx=20908115 queue_push=20908119 core_rx=66468404
BNO_CORE_EVENT kind=1 report_seq=129 uart_sequence=2372 sensor_raw=4294964696 sensor_converted=4294964696 xiao_rx=20908134 queue_push=20908136 core_rx=66471063
BNO_CORE_EVENT kind=2 report_seq=173 uart_sequence=2377 sensor_raw=4294964596 sensor_converted=4294964596 xiao_rx=20925686 queue_push=20925696 core_rx=66478731
BNO_CORE_EVENT kind=3 report_seq=86 uart_sequence=2378 sensor_raw=4294964596 sensor_converted=4294964596 xiao_rx=20925718 queue_push=20925720 core_rx=66479873
XIAO UART baud=921600 rx=GPIO8 tx=GPIO9 bytes=771080 frames=163 bytes_s=47440 frames_s=163 crc/cobs/len=0/0/0 seqgap=0 age_ms=2 type=5 log=1 q=0 rec=17 final=0
RXDIAG max_us=6548 budget_hits=8 byte/frame/time=8/0/0 rx_buf_max=1092 loop_period_max_us=116841 loop_exec_max_us=1168663 free_heap=138512 min_free_heap=138512 reset_reason=0 bno_kind_1to5_s=43/35/18/9/17 queue=0 high=2 drops=0
RXDETAIL service_calls=56185 service_bytes_avg=13 service_bytes_max=512 service_frames_avg=0 service_frames_avg_x1000=101 service_frames_max=7 service_bytes_s=47440 service_frames_s=397 rxbuf_full_obs=0 bno_valid=122 bno_invalid=0 unknown=0 uart_overflow=framework_unavailable trial_rx_bytes=15680 trial_frames=161 trial_bno=122 trial_crc/cobs/len=0/0/0
RXTASK mode=decode_count read_calls=56187 zero_reads=49128 read_bytes_max=512 rx_task_max_us=6548 rx_task_continuous_max_us=6548 stack_hwm_min_bytes=4472 cobs_delimiters=5681 rx_current=0 rx_max=1092 rx_full=0 overflow=framework_unavailable
SDTASK max_process_us=57
BNO_CORE_EVENT kind=5 report_seq=86 uart_sequence=2382 sensor_raw=4294946996 sensor_converted=4294946996 xiao_rx=20933130 queue_push=20933135 core_rx=66499463
BNO_CORE_EVENT kind=1 report_seq=130 uart_sequence=2383 sensor_raw=4294950196 sensor_converted=4294950196 xiao_rx=20933153 queue_push=20933154 core_rx=66500690
BNO_CORE_EVENT kind=2 report_seq=174 uart_sequence=2384 sensor_raw=4294957296 sensor_converted=4294957296 xiao_rx=20933163 queue_push=20933167 core_rx=66502781
BNO_CORE_EVENT kind=1 report_seq=131 uart_sequence=2385 sensor_raw=4294958196 sensor_converted=4294958196 xiao_rx=20933173 queue_push=20933175 core_rx=66503874
BNO_CORE_EVENT kind=1 report_seq=132 uart_sequence=2387 sensor_raw=4294966196 sensor_converted=4294966196 xiao_rx=20933181 queue_push=20933183 core_rx=66505790
BNO_CORE_EVENT kind=2 report_seq=175 uart_sequence=2388 sensor_raw=4294959296 sensor_converted=4294959296 xiao_rx=20940878 queue_push=20940883 core_rx=66506842
BNO_CORE_EVENT kind=3 report_seq=87 uart_sequence=2389 sensor_raw=4294959296 sensor_converted=4294959296 xiao_rx=20940910 queue_push=20940912 core_rx=66509421
BNO_CORE_EVENT kind=5 report_seq=87 uart_sequence=2390 sensor_raw=4294959296 sensor_converted=4294959296 xiao_rx=20940923 queue_push=20940925 core_rx=66510482
BNO_CORE_EVENT kind=4 report_seq=172 uart_sequence=2391 sensor_raw=4294959596 sensor_converted=4294959596 xiao_rx=20940933 queue_push=20940934 core_rx=66511519
BNO_CORE_EVENT kind=1 report_seq=133 uart_sequence=2392 sensor_raw=4294966596 sensor_converted=4294966596 xiao_rx=20940942 queue_push=20940944 core_rx=66512548
BNO_CORE_EVENT kind=2 report_seq=176 uart_sequence=2394 sensor_raw=4294961696 sensor_converted=4294961696 xiao_rx=20944745 queue_push=20944755 core_rx=66513973
BNO_CORE_EVENT kind=1 report_seq=134 uart_sequence=2395 sensor_raw=4294963096 sensor_converted=4294963096 xiao_rx=20947749 queue_push=20947753 core_rx=66516178
BNO_CORE_EVENT kind=2 report_seq=177 uart_sequence=2397 sensor_raw=4294964796 sensor_converted=4294964796 xiao_rx=20963987 queue_push=20963997 core_rx=66521472
BNO_CORE_EVENT kind=3 report_seq=88 uart_sequence=2398 sensor_raw=4294948696 sensor_converted=4294948696 xiao_rx=20970908 queue_push=20970910 core_rx=66523442
BNO_CORE_EVENT kind=5 report_seq=88 uart_sequence=2399 sensor_raw=4294948696 sensor_converted=4294948696 xiao_rx=20970922 queue_push=20970923 core_rx=66524503
BNO_CORE_EVENT kind=1 report_seq=135 uart_sequence=2400 sensor_raw=4294951596 sensor_converted=4294951596 xiao_rx=20970930 queue_push=20970932 core_rx=66526779
BNO_CORE_EVENT kind=2 report_seq=178 uart_sequence=2401 sensor_raw=4294958996 sensor_converted=4294958996 xiao_rx=20970938 queue_push=20970940 core_rx=66527863
BNO_CORE_EVENT kind=1 report_seq=136 uart_sequence=2402 sensor_raw=4294959496 sensor_converted=4294959496 xiao_rx=20970946 queue_push=20970948 core_rx=66528912
BNO_CORE_EVENT kind=1 report_seq=137 uart_sequence=2406 sensor_raw=4294961296 sensor_converted=4294961296 xiao_rx=20988628 queue_push=20988635 core_rx=66545494
BNO_CORE_EVENT kind=2 report_seq=179 uart_sequence=2407 sensor_raw=4294961596 sensor_converted=4294961596 xiao_rx=20988661 queue_push=20988664 core_rx=66547448
BNO_CORE_EVENT kind=3 report_seq=89 uart_sequence=2408 sensor_raw=4294961596 sensor_converted=4294961596 xiao_rx=20988675 queue_push=20988676 core_rx=66548499
BNO_CORE_EVENT kind=5 report_seq=89 uart_sequence=2409 sensor_raw=4294961796 sensor_converted=4294961796 xiao_rx=20988683 queue_push=20988685 core_rx=66550806
BNO_CORE_EVENT kind=4 report_seq=173 uart_sequence=2410 sensor_raw=4294961796 sensor_converted=4294961796 xiao_rx=20988693 queue_push=20988694 core_rx=66551905
BNO_CORE_EVENT kind=1 report_seq=138 uart_sequence=2411 sensor_raw=4294951096 sensor_converted=4294951096 xiao_rx=20994931 queue_push=20994933 core_rx=66552934
BNO_CORE_EVENT kind=2 report_seq=180 uart_sequence=2412 sensor_raw=4294954196 sensor_converted=4294954196 xiao_rx=20994939 queue_push=20994941 core_rx=66553986
BNO_CORE_EVENT kind=1 report_seq=139 uart_sequence=2413 sensor_raw=4294959096 sensor_converted=4294959096 xiao_rx=20994947 queue_push=20994949 core_rx=66555045
BNO_CORE_EVENT kind=2 report_seq=181 uart_sequence=2414 sensor_raw=4294963796 sensor_converted=4294963796 xiao_rx=20994955 queue_push=20994957 core_rx=66557345
BNO_CORE_EVENT kind=3 report_seq=90 uart_sequence=2417 sensor_raw=4294963796 sensor_converted=4294963796 xiao_rx=20994964 queue_push=20994965 core_rx=66561484
BNO_CORE_EVENT kind=5 report_seq=90 uart_sequence=2419 sensor_raw=4294957596 sensor_converted=4294957596 xiao_rx=21010238 queue_push=21010251 core_rx=66573463
BNO_CORE_EVENT kind=1 report_seq=140 uart_sequence=2420 sensor_raw=4294960096 sensor_converted=4294960096 xiao_rx=21010285 queue_push=21010287 core_rx=66575782
BNO_CORE_EVENT kind=1 report_seq=141 uart_sequence=2421 sensor_raw=4294952896 sensor_converted=4294952896 xiao_rx=21019080 queue_push=21019083 core_rx=66576860
BNO_CORE_EVENT kind=2 report_seq=182 uart_sequence=2422 sensor_raw=4294952896 sensor_converted=4294952896 xiao_rx=21019103 queue_push=21019106 core_rx=66577917
BNO_CORE_EVENT kind=1 report_seq=142 uart_sequence=2423 sensor_raw=4294961196 sensor_converted=4294961196 xiao_rx=21019113 queue_push=21019114 core_rx=66579827
BNO_CORE_EVENT kind=2 report_seq=183 uart_sequence=2424 sensor_raw=4294962696 sensor_converted=4294962696 xiao_rx=21019121 queue_push=21019123 core_rx=66581089
BNO_CORE_EVENT kind=3 report_seq=91 uart_sequence=2425 sensor_raw=4294962696 sensor_converted=4294962696 xiao_rx=21019134 queue_push=21019135 core_rx=66582166
BNO_CORE_EVENT kind=5 report_seq=91 uart_sequence=2426 sensor_raw=4294962696 sensor_converted=4294962696 xiao_rx=21019142 queue_push=21019143 core_rx=66583224
BNO_CORE_EVENT kind=4 report_seq=174 uart_sequence=2427 sensor_raw=4294962896 sensor_converted=4294962896 xiao_rx=21019151 queue_push=21019153 core_rx=66584996
BNO_CORE_EVENT kind=1 report_seq=143 uart_sequence=2428 sensor_raw=4294959796 sensor_converted=4294959796 xiao_rx=21023100 queue_push=21023102 core_rx=66586055
BNO_CORE_EVENT kind=2 report_seq=184 uart_sequence=2429 sensor_raw=4294963396 sensor_converted=4294963396 xiao_rx=21023108 queue_push=21023110 core_rx=66587105
BNO_CORE_EVENT kind=1 report_seq=144 uart_sequence=2436 sensor_raw=4294964096 sensor_converted=4294964096 xiao_rx=21043141 queue_push=21043155 core_rx=66612196
BNO_CORE_EVENT kind=2 report_seq=185 uart_sequence=2437 sensor_raw=4294949696 sensor_converted=4294949696 xiao_rx=21050945 queue_push=21050949 core_rx=66614484
BNO_CORE_EVENT kind=3 report_seq=92 uart_sequence=2438 sensor_raw=4294949696 sensor_converted=4294949696 xiao_rx=21050966 queue_push=21050968 core_rx=66615562
BNO_CORE_EVENT kind=5 report_seq=92 uart_sequence=2439 sensor_raw=4294949696 sensor_converted=4294949696 xiao_rx=21050974 queue_push=21050976 core_rx=66617450
BNO_CORE_EVENT kind=1 report_seq=145 uart_sequence=2440 sensor_raw=4294951496 sensor_converted=4294951496 xiao_rx=21050982 queue_push=21050984 core_rx=66618699
BNO_CORE_EVENT kind=1 report_seq=146 uart_sequence=2441 sensor_raw=4294959796 sensor_converted=4294959796 xiao_rx=21050991 queue_push=21050993 core_rx=66619704
BNO_CORE_EVENT kind=2 report_seq=186 uart_sequence=2442 sensor_raw=4294959796 sensor_converted=4294959796 xiao_rx=21050999 queue_push=21051001 core_rx=66620803
BNO_CORE_EVENT kind=1 report_seq=147 uart_sequence=2443 sensor_raw=4294960196 sensor_converted=4294960196 xiao_rx=21057898 queue_push=21057902 core_rx=66621858
BNO_CORE_EVENT kind=2 report_seq=187 uart_sequence=2445 sensor_raw=4294961396 sensor_converted=4294961396 xiao_rx=21057913 queue_push=21057915 core_rx=66626572
BNO_CORE_EVENT kind=3 report_seq=93 uart_sequence=2446 sensor_raw=4294961396 sensor_converted=4294961396 xiao_rx=21057921 queue_push=21057923 core_rx=66627649
BNO_CORE_EVENT kind=5 report_seq=93 uart_sequence=2447 sensor_raw=4294961396 sensor_converted=4294961396 xiao_rx=21057930 queue_push=21057931 core_rx=66628687
BNO_CORE_EVENT kind=4 report_seq=175 uart_sequence=2448 sensor_raw=4294961796 sensor_converted=4294961796 xiao_rx=21057939 queue_push=21057941 core_rx=66631036
BNO_CORE_EVENT kind=1 report_seq=148 uart_sequence=2449 sensor_raw=4294961096 sensor_converted=4294961096 xiao_rx=21061304 queue_push=21061305 core_rx=66632322
BNO_CORE_EVENT kind=2 report_seq=188 uart_sequence=2450 sensor_raw=4294964496 sensor_converted=4294964496 xiao_rx=21061316 queue_push=21061317 core_rx=66633388
BNO_CORE_EVENT kind=1 report_seq=149 uart_sequence=2453 sensor_raw=4294965196 sensor_converted=4294965196 xiao_rx=21079181 queue_push=21079191 core_rx=66641487
BNO_CORE_EVENT kind=2 report_seq=189 uart_sequence=2454 sensor_raw=4294953696 sensor_converted=4294953696 xiao_rx=21087716 queue_push=21087721 core_rx=66643456
BNO_CORE_EVENT kind=3 report_seq=94 uart_sequence=2455 sensor_raw=4294953696 sensor_converted=4294953696 xiao_rx=21087744 queue_push=21087746 core_rx=66644538
BNO_CORE_EVENT kind=5 report_seq=94 uart_sequence=2456 sensor_raw=4294953696 sensor_converted=4294953696 xiao_rx=21087753 queue_push=21087755 core_rx=66646780
BNO_CORE_EVENT kind=1 report_seq=150 uart_sequence=2457 sensor_raw=4294955096 sensor_converted=4294955096 xiao_rx=21087761 queue_push=21087763 core_rx=66647875
BNO_CORE_EVENT kind=1 report_seq=151 uart_sequence=2458 sensor_raw=4294963496 sensor_converted=4294963496 xiao_rx=21087769 queue_push=21087771 core_rx=66648909
BNO_CORE_EVENT kind=2 report_seq=190 uart_sequence=2459 sensor_raw=4294963496 sensor_converted=4294963496 xiao_rx=21087778 queue_push=21087779 core_rx=66649966
BNO_CORE_EVENT kind=1 report_seq=152 uart_sequence=2460 sensor_raw=4294962396 sensor_converted=4294962396 xiao_rx=21091111 queue_push=21091113 core_rx=66651019
BNO_CORE_EVENT kind=2 report_seq=191 uart_sequence=2462 sensor_raw=4294964696 sensor_converted=4294964696 xiao_rx=21091120 queue_push=21091121 core_rx=66655597
BNO_CORE_EVENT kind=3 report_seq=95 uart_sequence=2466 sensor_raw=4294961296 sensor_converted=4294961296 xiao_rx=21109591 queue_push=21109600 core_rx=66666455
BNO_CORE_EVENT kind=5 report_seq=95 uart_sequence=2467 sensor_raw=4294961296 sensor_converted=4294961296 xiao_rx=21109623 queue_push=21109625 core_rx=66669205
BNO_CORE_EVENT kind=4 report_seq=176 uart_sequence=2468 sensor_raw=4294961396 sensor_converted=4294961396 xiao_rx=21109637 queue_push=21109638 core_rx=66670399
BNO_CORE_EVENT kind=1 report_seq=153 uart_sequence=2469 sensor_raw=4294948396 sensor_converted=4294948396 xiao_rx=21115904 queue_push=21115907 core_rx=66671522
BNO_CORE_EVENT kind=2 report_seq=192 uart_sequence=2470 sensor_raw=4294953296 sensor_converted=4294953296 xiao_rx=21115924 queue_push=21115927 core_rx=66674253
BNO_CORE_EVENT kind=1 report_seq=154 uart_sequence=2471 sensor_raw=4294956396 sensor_converted=4294956396 xiao_rx=21115933 queue_push=21115935 core_rx=66675446
BNO_CORE_EVENT kind=2 report_seq=193 uart_sequence=2472 sensor_raw=4294963396 sensor_converted=4294963396 xiao_rx=21115942 queue_push=21115943 core_rx=66676519
BNO_CORE_EVENT kind=3 report_seq=96 uart_sequence=2473 sensor_raw=4294963396 sensor_converted=4294963396 xiao_rx=21115950 queue_push=21115952 core_rx=66677558
BNO_CORE_EVENT kind=5 report_seq=96 uart_sequence=2476 sensor_raw=4294957096 sensor_converted=4294957096 xiao_rx=21129091 queue_push=21129096 core_rx=66686449
BNO_CORE_EVENT kind=1 report_seq=155 uart_sequence=2477 sensor_raw=4294957996 sensor_converted=4294957996 xiao_rx=21129112 queue_push=21129114 core_rx=66689146
BNO_CORE_EVENT kind=1 report_seq=156 uart_sequence=2478 sensor_raw=4294965796 sensor_converted=4294965796 xiao_rx=21129121 queue_push=21129122 core_rx=66690213
BNO_CORE_EVENT kind=2 report_seq=194 uart_sequence=2479 sensor_raw=4294953396 sensor_converted=4294953396 xiao_rx=21135373 queue_push=21135380 core_rx=66691275
BNO_CORE_EVENT kind=1 report_seq=157 uart_sequence=2480 sensor_raw=4294960896 sensor_converted=4294960896 xiao_rx=21135400 queue_push=21135402 core_rx=66693285
BNO_CORE_EVENT kind=2 report_seq=195 uart_sequence=2481 sensor_raw=4294963596 sensor_converted=4294963596 xiao_rx=21135408 queue_push=21135410 core_rx=66694437
BNO_CORE_EVENT kind=3 report_seq=97 uart_sequence=2482 sensor_raw=4294963596 sensor_converted=4294963596 xiao_rx=21135421 queue_push=21135423 core_rx=66695467
BNO_CORE_EVENT kind=5 report_seq=97 uart_sequence=2483 sensor_raw=4294963596 sensor_converted=4294963596 xiao_rx=21135429 queue_push=21135431 core_rx=66696505
BNO_CORE_EVENT kind=4 report_seq=177 uart_sequence=2486 sensor_raw=4294957496 sensor_converted=4294957496 xiao_rx=21148663 queue_push=21148673 core_rx=66704457
BNO_CORE_EVENT kind=1 report_seq=158 uart_sequence=2487 sensor_raw=4294962196 sensor_converted=4294962196 xiao_rx=21148700 queue_push=21148701 core_rx=66707132
BNO_CORE_EVENT kind=2 report_seq=196 uart_sequence=2488 sensor_raw=4294953996 sensor_converted=4294953996 xiao_rx=21154024 queue_push=21154027 core_rx=66708278
BNO_CORE_EVENT kind=1 report_seq=159 uart_sequence=2489 sensor_raw=4294956896 sensor_converted=4294956896 xiao_rx=21154034 queue_push=21154035 core_rx=66709339
BNO_CORE_EVENT kind=2 report_seq=197 uart_sequence=2490 sensor_raw=4294964196 sensor_converted=4294964196 xiao_rx=21154042 queue_push=21154044 core_rx=66711248
BNO_CORE_EVENT kind=3 report_seq=98 uart_sequence=2491 sensor_raw=4294964196 sensor_converted=4294964196 xiao_rx=21154055 queue_push=21154057 core_rx=66712304
BNO_CORE_EVENT kind=5 report_seq=98 uart_sequence=2497 sensor_raw=4294958696 sensor_converted=4294958696 xiao_rx=21168493 queue_push=21168523 core_rx=66730449
BNO_CORE_EVENT kind=1 report_seq=160 uart_sequence=2498 sensor_raw=4294959396 sensor_converted=4294959396 xiao_rx=21168542 queue_push=21168544 core_rx=66733221
BNO_CORE_EVENT kind=1 report_seq=161 uart_sequence=2499 sensor_raw=4294952996 sensor_converted=4294952996 xiao_rx=21174801 queue_push=21174805 core_rx=66734458
BNO_CORE_EVENT kind=2 report_seq=198 uart_sequence=2500 sensor_raw=4294954396 sensor_converted=4294954396 xiao_rx=21174826 queue_push=21174829 core_rx=66735489
BNO_CORE_EVENT kind=1 report_seq=162 uart_sequence=2501 sensor_raw=4294961296 sensor_converted=4294961296 xiao_rx=21174835 queue_push=21174837 core_rx=66738264
BNO_CORE_EVENT kind=2 report_seq=199 uart_sequence=2502 sensor_raw=4294964196 sensor_converted=4294964196 xiao_rx=21174844 queue_push=21174845 core_rx=66739374
BNO_CORE_EVENT kind=3 report_seq=99 uart_sequence=2503 sensor_raw=4294964196 sensor_converted=4294964196 xiao_rx=21174856 queue_push=21174858 core_rx=66740405
BNO_CORE_EVENT kind=5 report_seq=99 uart_sequence=2504 sensor_raw=4294957796 sensor_converted=4294957796 xiao_rx=21179774 queue_push=21179778 core_rx=66741440
BNO_CORE_EVENT kind=4 report_seq=178 uart_sequence=2505 sensor_raw=4294957896 sensor_converted=4294957896 xiao_rx=21179791 queue_push=21179793 core_rx=66742467
BNO_CORE_EVENT kind=1 report_seq=163 uart_sequence=2506 sensor_raw=4294962296 sensor_converted=4294962296 xiao_rx=21179799 queue_push=21179801 core_rx=66743505
BNO_CORE_EVENT kind=2 report_seq=200 uart_sequence=2510 sensor_raw=4294963096 sensor_converted=4294963096 xiao_rx=21191731 queue_push=21191740 core_rx=66757463
BNO_CORE_EVENT kind=1 report_seq=164 uart_sequence=2511 sensor_raw=4294965196 sensor_converted=4294965196 xiao_rx=21191765 queue_push=21191767 core_rx=66759477
BNO_CORE_EVENT kind=2 report_seq=201 uart_sequence=2512 sensor_raw=4294961096 sensor_converted=4294961096 xiao_rx=21198528 queue_push=21198533 core_rx=66762130
BNO_CORE_EVENT kind=3 report_seq=100 uart_sequence=2513 sensor_raw=4294961096 sensor_converted=4294961096 xiao_rx=21198550 queue_push=21198552 core_rx=66763278
BNO_CORE_EVENT kind=5 report_seq=100 uart_sequence=2514 sensor_raw=4294961096 sensor_converted=4294961096 xiao_rx=21198559 queue_push=21198561 core_rx=66764333
BNO_CORE_EVENT kind=1 report_seq=165 uart_sequence=2515 sensor_raw=4294961096 sensor_converted=4294961096 xiao_rx=21198568 queue_push=21198569 core_rx=66765392
BNO_CORE_EVENT kind=1 report_seq=166 uart_sequence=2516 sensor_raw=4294962596 sensor_converted=4294962596 xiao_rx=21203795 queue_push=21203802 core_rx=66767896
BNO_CORE_EVENT kind=2 report_seq=202 uart_sequence=2517 sensor_raw=4294963796 sensor_converted=4294963796 xiao_rx=21203830 queue_push=21203833 core_rx=66768982
BNO_CORE_EVENT kind=1 report_seq=167 uart_sequence=2518 sensor_raw=4294965196 sensor_converted=4294965196 xiao_rx=21206931 queue_push=21206935 core_rx=66770011
BNO_CORE_EVENT kind=4 report_seq=179 uart_sequence=2523 sensor_raw=4294965196 sensor_converted=4294965196 xiao_rx=21220995 queue_push=21221004 core_rx=66786448
BNO_CORE_EVENT kind=2 report_seq=203 uart_sequence=2524 sensor_raw=4294951496 sensor_converted=4294951496 xiao_rx=21229655 queue_push=21229660 core_rx=66789155
BNO_CORE_EVENT kind=3 report_seq=101 uart_sequence=2525 sensor_raw=4294951496 sensor_converted=4294951496 xiao_rx=21229681 queue_push=21229682 core_rx=66790213
BNO_CORE_EVENT kind=5 report_seq=101 uart_sequence=2526 sensor_raw=4294951496 sensor_converted=4294951496 xiao_rx=21229694 queue_push=21229695 core_rx=66791268
BNO_CORE_EVENT kind=1 report_seq=168 uart_sequence=2527 sensor_raw=4294956396 sensor_converted=4294956396 xiao_rx=21229702 queue_push=21229703 core_rx=66793252
BNO_CORE_EVENT kind=2 report_seq=204 uart_sequence=2528 sensor_raw=4294961896 sensor_converted=4294961896 xiao_rx=21229710 queue_push=21229712 core_rx=66794305
BNO_CORE_EVENT kind=1 report_seq=169 uart_sequence=2530 sensor_raw=4294963696 sensor_converted=4294963696 xiao_rx=21229718 queue_push=21229720 core_rx=66796256
BNO_CORE_EVENT kind=2 report_seq=205 uart_sequence=2531 sensor_raw=4294963096 sensor_converted=4294963096 xiao_rx=21235793 queue_push=21235796 core_rx=66798035
BNO_CORE_EVENT kind=3 report_seq=102 uart_sequence=2532 sensor_raw=4294963096 sensor_converted=4294963096 xiao_rx=21235808 queue_push=21235810 core_rx=66799064
BNO_CORE_EVENT kind=1 report_seq=170 uart_sequence=2533 sensor_raw=4294963096 sensor_converted=4294963096 xiao_rx=21235816 queue_push=21235818 core_rx=66800093
BNO_CORE_EVENT kind=5 report_seq=102 uart_sequence=2534 sensor_raw=4294963096 sensor_converted=4294963096 xiao_rx=21235824 queue_push=21235826 core_rx=66801129
BNO_CORE_EVENT kind=1 report_seq=171 uart_sequence=2536 sensor_raw=4294964596 sensor_converted=4294964596 xiao_rx=21250311 queue_push=21250319 core_rx=66809526
BNO_CORE_EVENT kind=2 report_seq=206 uart_sequence=2538 sensor_raw=4294952096 sensor_converted=4294952096 xiao_rx=21258185 queue_push=21258188 core_rx=66812534
BNO_CORE_EVENT kind=1 report_seq=172 uart_sequence=2539 sensor_raw=4294958396 sensor_converted=4294958396 xiao_rx=21258195 queue_push=21258196 core_rx=66813627
BNO_CORE_EVENT kind=2 report_seq=207 uart_sequence=2540 sensor_raw=4294962296 sensor_converted=4294962296 xiao_rx=21258203 queue_push=21258205 core_rx=66814686
BNO_CORE_EVENT kind=3 report_seq=103 uart_sequence=2541 sensor_raw=4294962296 sensor_converted=4294962296 xiao_rx=21258216 queue_push=21258217 core_rx=66815749
BNO_CORE_EVENT kind=5 report_seq=103 uart_sequence=2542 sensor_raw=4294962296 sensor_converted=4294962296 xiao_rx=21258224 queue_push=21258226 core_rx=66818261
BNO_CORE_EVENT kind=4 report_seq=180 uart_sequence=2543 sensor_raw=4294962296 sensor_converted=4294962296 xiao_rx=21258234 queue_push=21258235 core_rx=66819314
BNO_CORE_EVENT kind=1 report_seq=173 uart_sequence=2546 sensor_raw=4294957996 sensor_converted=4294957996 xiao_rx=21270106 queue_push=21270114 core_rx=66831468
BNO_CORE_EVENT kind=2 report_seq=208 uart_sequence=2547 sensor_raw=4294964196 sensor_converted=4294964196 xiao_rx=21270140 queue_push=21270142 core_rx=66833455
BNO_CORE_EVENT kind=1 report_seq=174 uart_sequence=2548 sensor_raw=4294954196 sensor_converted=4294954196 xiao_rx=21277748 queue_push=21277751 core_rx=66834536
BNO_CORE_EVENT kind=1 report_seq=175 uart_sequence=2549 sensor_raw=4294962396 sensor_converted=4294962396 xiao_rx=21277768 queue_push=21277770 core_rx=66836776
BNO_CORE_EVENT kind=2 report_seq=209 uart_sequence=2550 sensor_raw=4294962396 sensor_converted=4294962396 xiao_rx=21277779 queue_push=21277781 core_rx=66837862
BNO_CORE_EVENT kind=3 report_seq=104 uart_sequence=2551 sensor_raw=4294962396 sensor_converted=4294962396 xiao_rx=21277794 queue_push=21277796 core_rx=66838893
BNO_CORE_EVENT kind=5 report_seq=104 uart_sequence=2552 sensor_raw=4294962396 sensor_converted=4294962396 xiao_rx=21277802 queue_push=21277804 core_rx=66839946
BNO_CORE_EVENT kind=1 report_seq=176 uart_sequence=2553 sensor_raw=4294962196 sensor_converted=4294962196 xiao_rx=21281180 queue_push=21281183 core_rx=66840996
BNO_CORE_EVENT kind=2 report_seq=210 uart_sequence=2554 sensor_raw=4294964496 sensor_converted=4294964496 xiao_rx=21281195 queue_push=21281197 core_rx=66843370
BNO_CORE_EVENT kind=1 report_seq=177 uart_sequence=2559 sensor_raw=4294966596 sensor_converted=4294966596 xiao_rx=21295692 queue_push=21295699 core_rx=66857460
BNO_CORE_EVENT kind=2 report_seq=211 uart_sequence=2561 sensor_raw=4294957696 sensor_converted=4294957696 xiao_rx=21302331 queue_push=21302336 core_rx=66861081
BNO_CORE_EVENT kind=3 report_seq=105 uart_sequence=2562 sensor_raw=4294957696 sensor_converted=4294957696 xiao_rx=21302360 queue_push=21302362 core_rx=66862145
BNO_CORE_EVENT kind=5 report_seq=105 uart_sequence=2563 sensor_raw=4294957696 sensor_converted=4294957696 xiao_rx=21302370 queue_push=21302373 core_rx=66864338
BNO_CORE_EVENT kind=4 report_seq=181 uart_sequence=2564 sensor_raw=4294957696 sensor_converted=4294957696 xiao_rx=21302381 queue_push=21302383 core_rx=66865407
BNO_CORE_EVENT kind=1 report_seq=178 uart_sequence=2565 sensor_raw=4294960896 sensor_converted=4294960896 xiao_rx=21302389 queue_push=21302391 core_rx=66866435
BNO_CORE_EVENT kind=2 report_seq=212 uart_sequence=2566 sensor_raw=4294959996 sensor_converted=4294959996 xiao_rx=21307100 queue_push=21307103 core_rx=66867463
BNO_CORE_EVENT kind=1 report_seq=179 uart_sequence=2567 sensor_raw=4294961396 sensor_converted=4294961396 xiao_rx=21307120 queue_push=21307122 core_rx=66868499
BNO_CORE_EVENT kind=1 report_seq=180 uart_sequence=2568 sensor_raw=4294964596 sensor_converted=4294964596 xiao_rx=21317681 queue_push=21317688 core_rx=66873480
BNO_CORE_EVENT kind=2 report_seq=213 uart_sequence=2569 sensor_raw=4294954796 sensor_converted=4294954796 xiao_rx=21323016 queue_push=21323019 core_rx=66875461
BNO_CORE_EVENT kind=3 report_seq=106 uart_sequence=2570 sensor_raw=4294954796 sensor_converted=4294954796 xiao_rx=21323030 queue_push=21323032 core_rx=66876676
BNO_CORE_EVENT kind=5 report_seq=106 uart_sequence=2571 sensor_raw=4294954796 sensor_converted=4294954796 xiao_rx=21323039 queue_push=21323040 core_rx=66878805
BNO_CORE_EVENT kind=1 report_seq=181 uart_sequence=2572 sensor_raw=4294962296 sensor_converted=4294962296 xiao_rx=21323047 queue_push=21323048 core_rx=66879968
BNO_CORE_EVENT kind=2 report_seq=214 uart_sequence=2575 sensor_raw=4294959696 sensor_converted=4294959696 xiao_rx=21334626 queue_push=21334636 core_rx=66886461
BNO_CORE_EVENT kind=1 report_seq=182 uart_sequence=2576 sensor_raw=4294964596 sensor_converted=4294964596 xiao_rx=21334660 queue_push=21334662 core_rx=66887553
BNO_CORE_EVENT kind=2 report_seq=215 uart_sequence=2578 sensor_raw=4294958196 sensor_converted=4294958196 xiao_rx=21342695 queue_push=21342704 core_rx=66897475
BNO_CORE_EVENT kind=3 report_seq=107 uart_sequence=2579 sensor_raw=4294958196 sensor_converted=4294958196 xiao_rx=21342729 queue_push=21342731 core_rx=66900144
BNO_CORE_EVENT kind=5 report_seq=107 uart_sequence=2580 sensor_raw=4294958196 sensor_converted=4294958196 xiao_rx=21342742 queue_push=21342744 core_rx=66901195
BNO_CORE_EVENT kind=4 report_seq=182 uart_sequence=2581 sensor_raw=4294958196 sensor_converted=4294958196 xiao_rx=21342752 queue_push=21342754 core_rx=66902250
BNO_CORE_EVENT kind=1 report_seq=183 uart_sequence=2582 sensor_raw=4294960896 sensor_converted=4294960896 xiao_rx=21342760 queue_push=21342762 core_rx=66903796
BNO_CORE_EVENT kind=2 report_seq=216 uart_sequence=2583 sensor_raw=4294959996 sensor_converted=4294959996 xiao_rx=21346717 queue_push=21346720 core_rx=66904971
BNO_CORE_EVENT kind=1 report_seq=184 uart_sequence=2584 sensor_raw=4294960696 sensor_converted=4294960696 xiao_rx=21346731 queue_push=21346732 core_rx=66906029
BNO_CORE_EVENT kind=1 report_seq=185 uart_sequence=2589 sensor_raw=4294964596 sensor_converted=4294964596 xiao_rx=21359674 queue_push=21359681 core_rx=66914444
BNO_CORE_EVENT kind=2 report_seq=217 uart_sequence=2592 sensor_raw=4294952696 sensor_converted=4294952696 xiao_rx=21369942 queue_push=21369948 core_rx=66930466
BNO_CORE_EVENT kind=3 report_seq=108 uart_sequence=2593 sensor_raw=4294952696 sensor_converted=4294952696 xiao_rx=21369975 queue_push=21369977 core_rx=66933162
BNO_CORE_EVENT kind=5 report_seq=108 uart_sequence=2594 sensor_raw=4294952696 sensor_converted=4294952696 xiao_rx=21369986 queue_push=21369988 core_rx=66934360
BNO_CORE_EVENT kind=1 report_seq=186 uart_sequence=2595 sensor_raw=4294959896 sensor_converted=4294959896 xiao_rx=21369995 queue_push=21369996 core_rx=66935412
BNO_CORE_EVENT kind=2 report_seq=218 uart_sequence=2596 sensor_raw=4294963096 sensor_converted=4294963096 xiao_rx=21370003 queue_push=21370005 core_rx=66936777
BNO_CORE_EVENT kind=1 report_seq=187 uart_sequence=2597 sensor_raw=4294957796 sensor_converted=4294957796 xiao_rx=21376973 queue_push=21376976 core_rx=66937854
BNO_CORE_EVENT kind=2 report_seq=219 uart_sequence=2598 sensor_raw=4294962496 sensor_converted=4294962496 xiao_rx=21376996 queue_push=21376998 core_rx=66938905
BNO_CORE_EVENT kind=3 report_seq=109 uart_sequence=2599 sensor_raw=4294962496 sensor_converted=4294962496 xiao_rx=21377005 queue_push=21377007 core_rx=66939933
BNO_CORE_EVENT kind=5 report_seq=109 uart_sequence=2600 sensor_raw=4294962696 sensor_converted=4294962696 xiao_rx=21377014 queue_push=21377016 core_rx=66941546
BNO_CORE_EVENT kind=4 report_seq=183 uart_sequence=2601 sensor_raw=4294962696 sensor_converted=4294962696 xiao_rx=21377025 queue_push=21377026 core_rx=66942736
BNO_CORE_EVENT kind=1 report_seq=188 uart_sequence=2602 sensor_raw=4294957996 sensor_converted=4294957996 xiao_rx=21379479 queue_push=21379483 core_rx=66943802
BNO_CORE_EVENT kind=2 report_seq=220 uart_sequence=2605 sensor_raw=4294962996 sensor_converted=4294962996 xiao_rx=21393483 queue_push=21393492 core_rx=66957462
BNO_CORE_EVENT kind=1 report_seq=189 uart_sequence=2606 sensor_raw=4294963496 sensor_converted=4294963496 xiao_rx=21394636 queue_push=21394640 core_rx=66960167
BNO_CORE_EVENT kind=1 report_seq=190 uart_sequence=2607 sensor_raw=4294957796 sensor_converted=4294957796 xiao_rx=21401326 queue_push=21401329 core_rx=66962471
BNO_CORE_EVENT kind=2 report_seq=221 uart_sequence=2609 sensor_raw=4294959196 sensor_converted=4294959196 xiao_rx=21401349 queue_push=21401351 core_rx=66965013
BNO_CORE_EVENT kind=3 report_seq=110 uart_sequence=2610 sensor_raw=4294959196 sensor_converted=4294959196 xiao_rx=21401367 queue_push=21401368 core_rx=66966177
BNO_CORE_EVENT kind=5 report_seq=110 uart_sequence=2611 sensor_raw=4294959196 sensor_converted=4294959196 xiao_rx=21401375 queue_push=21401377 core_rx=66967241
BNO_CORE_EVENT kind=1 report_seq=191 uart_sequence=2612 sensor_raw=4294965296 sensor_converted=4294965296 xiao_rx=21401384 queue_push=21401385 core_rx=66968295
BNO_CORE_EVENT kind=2 report_seq=222 uart_sequence=2613 sensor_raw=4294961296 sensor_converted=4294961296 xiao_rx=21406069 queue_push=21406072 core_rx=66969333
BNO_CORE_EVENT kind=1 report_seq=192 uart_sequence=2614 sensor_raw=4294965496 sensor_converted=4294965496 xiao_rx=21406089 queue_push=21406091 core_rx=66971848
BNO_CORE_EVENT kind=2 report_seq=223 uart_sequence=2618 sensor_raw=4294964796 sensor_converted=4294964796 xiao_rx=21422864 queue_push=21422873 core_rx=66977460
BNO_CORE_EVENT kind=3 report_seq=111 uart_sequence=2621 sensor_raw=4294949596 sensor_converted=4294949596 xiao_rx=21430837 queue_push=21430844 core_rx=66991464
BNO_CORE_EVENT kind=5 report_seq=111 uart_sequence=2622 sensor_raw=4294949596 sensor_converted=4294949596 xiao_rx=21430867 queue_push=21430869 core_rx=66992721
BNO_CORE_EVENT kind=4 report_seq=184 uart_sequence=2623 sensor_raw=4294949596 sensor_converted=4294949596 xiao_rx=21430881 queue_push=21430883 core_rx=66994784
BNO_CORE_EVENT kind=1 report_seq=193 uart_sequence=2624 sensor_raw=4294951696 sensor_converted=4294951696 xiao_rx=21430890 queue_push=21430891 core_rx=66995867
BNO_CORE_EVENT kind=1 report_seq=194 uart_sequence=2625 sensor_raw=4294959996 sensor_converted=4294959996 xiao_rx=21430898 queue_push=21430899 core_rx=66996900
BNO_CORE_EVENT kind=2 report_seq=224 uart_sequence=2626 sensor_raw=4294959996 sensor_converted=4294959996 xiao_rx=21430907 queue_push=21430910 core_rx=66997977
BNO_CORE_EVENT kind=1 report_seq=195 uart_sequence=2627 sensor_raw=4294960196 sensor_converted=4294960196 xiao_rx=21436888 queue_push=21436891 core_rx=66999006
BNO_CORE_EVENT kind=2 report_seq=225 uart_sequence=2628 sensor_raw=4294961596 sensor_converted=4294961596 xiao_rx=21436910 queue_push=21436912 core_rx=67001419
BNO_CORE_EVENT kind=3 report_seq=112 uart_sequence=2629 sensor_raw=4294961596 sensor_converted=4294961596 xiao_rx=21436919 queue_push=21436920 core_rx=67002632
BNO_CORE_EVENT kind=5 report_seq=112 uart_sequence=2630 sensor_raw=4294961596 sensor_converted=4294961596 xiao_rx=21436928 queue_push=21436930 core_rx=67003667
BNO_CORE_EVENT kind=1 report_seq=196 uart_sequence=2631 sensor_raw=4294962196 sensor_converted=4294962196 xiao_rx=21439444 queue_push=21439448 core_rx=67004698
BNO_CORE_EVENT kind=2 report_seq=226 uart_sequence=2632 sensor_raw=4294962996 sensor_converted=4294962996 xiao_rx=21451721 queue_push=21451730 core_rx=67006045
BNO_CORE_EVENT kind=1 report_seq=197 uart_sequence=2636 sensor_raw=4294954396 sensor_converted=4294954396 xiao_rx=21462020 queue_push=21462032 core_rx=67016476
BNO_CORE_EVENT kind=2 report_seq=227 uart_sequence=2637 sensor_raw=4294960896 sensor_converted=4294960896 xiao_rx=21462067 queue_push=21462070 core_rx=67019161
BNO_CORE_EVENT kind=3 report_seq=113 uart_sequence=2638 sensor_raw=4294960896 sensor_converted=4294960896 xiao_rx=21462086 queue_push=21462087 core_rx=67020361
BNO_CORE_EVENT kind=5 report_seq=113 uart_sequence=2639 sensor_raw=4294960896 sensor_converted=4294960896 xiao_rx=21462094 queue_push=21462096 core_rx=67021426
BNO_CORE_EVENT kind=4 report_seq=185 uart_sequence=2640 sensor_raw=4294960896 sensor_converted=4294960896 xiao_rx=21462104 queue_push=21462106 core_rx=67022787
BNO_CORE_EVENT kind=1 report_seq=198 uart_sequence=2641 sensor_raw=4294962296 sensor_converted=4294962296 xiao_rx=21462112 queue_push=21462114 core_rx=67023864
BNO_CORE_EVENT kind=1 report_seq=199 uart_sequence=2642 sensor_raw=4294960796 sensor_converted=4294960796 xiao_rx=21466063 queue_push=21466066 core_rx=67024919
BNO_CORE_EVENT kind=2 report_seq=228 uart_sequence=2644 sensor_raw=4294960796 sensor_converted=4294960796 xiao_rx=21466078 queue_push=21466080 core_rx=67027650
BNO_CORE_EVENT kind=1 report_seq=200 uart_sequence=2647 sensor_raw=4294963296 sensor_converted=4294963296 xiao_rx=21479099 queue_push=21479106 core_rx=67032453
BNO_CORE_EVENT kind=2 report_seq=229 uart_sequence=2648 sensor_raw=4294953396 sensor_converted=4294953396 xiao_rx=21487328 queue_push=21487332 core_rx=67040484
BNO_CORE_EVENT kind=3 report_seq=114 uart_sequence=2649 sensor_raw=4294953396 sensor_converted=4294953396 xiao_rx=21487352 queue_push=21487354 core_rx=67043191
BNO_CORE_EVENT kind=5 report_seq=114 uart_sequence=2650 sensor_raw=4294953396 sensor_converted=4294953396 xiao_rx=21487363 queue_push=21487365 core_rx=67044383
BNO_CORE_EVENT kind=1 report_seq=201 uart_sequence=2651 sensor_raw=4294959196 sensor_converted=4294959196 xiao_rx=21487372 queue_push=21487373 core_rx=67045439
BNO_CORE_EVENT kind=2 report_seq=230 uart_sequence=2653 sensor_raw=4294963696 sensor_converted=4294963696 xiao_rx=21487380 queue_push=21487382 core_rx=67050397
BNO_CORE_EVENT kind=1 report_seq=202 uart_sequence=2654 sensor_raw=4294958596 sensor_converted=4294958596 xiao_rx=21489796 queue_push=21489797 core_rx=67051470
BNO_CORE_EVENT kind=2 report_seq=231 uart_sequence=2656 sensor_raw=4294962796 sensor_converted=4294962796 xiao_rx=21502666 queue_push=21502676 core_rx=67058509
BNO_CORE_EVENT kind=3 report_seq=115 uart_sequence=2657 sensor_raw=4294962796 sensor_converted=4294962796 xiao_rx=21502700 queue_push=21502701 core_rx=67061200
BNO_CORE_EVENT kind=5 report_seq=115 uart_sequence=2658 sensor_raw=4294962796 sensor_converted=4294962796 xiao_rx=21502713 queue_push=21502714 core_rx=67062410
BNO_CORE_EVENT kind=4 report_seq=186 uart_sequence=2659 sensor_raw=4294962796 sensor_converted=4294962796 xiao_rx=21502722 queue_push=21502724 core_rx=67063443
BNO_CORE_EVENT kind=1 report_seq=203 uart_sequence=2660 sensor_raw=4294951196 sensor_converted=4294951196 xiao_rx=21507710 queue_push=21507713 core_rx=67064740
BNO_CORE_EVENT kind=1 report_seq=204 uart_sequence=2661 sensor_raw=4294959496 sensor_converted=4294959496 xiao_rx=21507726 queue_push=21507728 core_rx=67065772
BNO_CORE_EVENT kind=2 report_seq=232 uart_sequence=2662 sensor_raw=4294959796 sensor_converted=4294959796 xiao_rx=21507736 queue_push=21507737 core_rx=67066802
BNO_CORE_EVENT kind=1 report_seq=205 uart_sequence=2664 sensor_raw=4294961896 sensor_converted=4294961896 xiao_rx=21517319 queue_push=21517326 core_rx=67073490
BNO_CORE_EVENT kind=2 report_seq=233 uart_sequence=2665 sensor_raw=4294954896 sensor_converted=4294954896 xiao_rx=21522678 queue_push=21522681 core_rx=67076196
BNO_CORE_EVENT kind=3 report_seq=116 uart_sequence=2666 sensor_raw=4294954896 sensor_converted=4294954896 xiao_rx=21522693 queue_push=21522694 core_rx=67077378
BNO_CORE_EVENT kind=5 report_seq=116 uart_sequence=2667 sensor_raw=4294954896 sensor_converted=4294954896 xiao_rx=21522701 queue_push=21522702 core_rx=67078444
BNO_CORE_EVENT kind=1 report_seq=206 uart_sequence=2668 sensor_raw=4294960496 sensor_converted=4294960496 xiao_rx=21522709 queue_push=21522711 core_rx=67081289
BNO_CORE_EVENT kind=2 report_seq=234 uart_sequence=2674 sensor_raw=4294959996 sensor_converted=4294959996 xiao_rx=21536803 queue_push=21536813 core_rx=67099472
BNO_CORE_EVENT kind=1 report_seq=207 uart_sequence=2675 sensor_raw=4294962696 sensor_converted=4294962696 xiao_rx=21536840 queue_push=21536841 core_rx=67102121
BNO_CORE_EVENT kind=2 report_seq=235 uart_sequence=2676 sensor_raw=4294955996 sensor_converted=4294955996 xiao_rx=21544010 queue_push=21544015 core_rx=67103186
BNO_CORE_EVENT kind=3 report_seq=117 uart_sequence=2677 sensor_raw=4294955996 sensor_converted=4294955996 xiao_rx=21544047 queue_push=21544049 core_rx=67104237
BNO_CORE_EVENT kind=5 report_seq=117 uart_sequence=2678 sensor_raw=4294955996 sensor_converted=4294955996 xiao_rx=21544057 queue_push=21544059 core_rx=67105762
BNO_CORE_EVENT kind=4 report_seq=187 uart_sequence=2679 sensor_raw=4294955996 sensor_converted=4294955996 xiao_rx=21544070 queue_push=21544072 core_rx=67106921
BNO_CORE_EVENT kind=1 report_seq=208 uart_sequence=2680 sensor_raw=4294956496 sensor_converted=4294956496 xiao_rx=21544079 queue_push=21544081 core_rx=67107988
BNO_CORE_EVENT kind=1 report_seq=209 uart_sequence=2681 sensor_raw=4294964396 sensor_converted=4294964396 xiao_rx=21544087 queue_push=21544089 core_rx=67109038
BNO_CORE_EVENT kind=2 report_seq=236 uart_sequence=2682 sensor_raw=4294958396 sensor_converted=4294958396 xiao_rx=21548076 queue_push=21548078 core_rx=67110707
BNO_CORE_EVENT kind=1 report_seq=210 uart_sequence=2683 sensor_raw=4294965096 sensor_converted=4294965096 xiao_rx=21548088 queue_push=21548089 core_rx=67111871
BNO_CORE_EVENT kind=2 report_seq=237 uart_sequence=2687 sensor_raw=4294963296 sensor_converted=4294963296 xiao_rx=21565497 queue_push=21565530 core_rx=67118055
BNO_CORE_EVENT kind=3 report_seq=118 uart_sequence=2689 sensor_raw=4294946796 sensor_converted=4294946796 xiao_rx=21572949 queue_push=21572955 core_rx=67131493
BNO_CORE_EVENT kind=5 report_seq=118 uart_sequence=2690 sensor_raw=4294946796 sensor_converted=4294946796 xiao_rx=21572981 queue_push=21572983 core_rx=67134118
BNO_CORE_EVENT kind=1 report_seq=211 uart_sequence=2691 sensor_raw=4294951496 sensor_converted=4294951496 xiao_rx=21572989 queue_push=21572991 core_rx=67135176
BNO_CORE_EVENT kind=2 report_seq=238 uart_sequence=2692 sensor_raw=4294957296 sensor_converted=4294957296 xiao_rx=21573001 queue_push=21573004 core_rx=67136238
BNO_CORE_EVENT kind=1 report_seq=212 uart_sequence=2693 sensor_raw=4294959496 sensor_converted=4294959496 xiao_rx=21573011 queue_push=21573013 core_rx=67137290
BNO_CORE_EVENT kind=2 report_seq=239 uart_sequence=2694 sensor_raw=4294959696 sensor_converted=4294959696 xiao_rx=21579881 queue_push=21579884 core_rx=67139974
BNO_CORE_EVENT kind=3 report_seq=119 uart_sequence=2695 sensor_raw=4294959696 sensor_converted=4294959696 xiao_rx=21579895 queue_push=21579897 core_rx=67141187
BNO_CORE_EVENT kind=5 report_seq=119 uart_sequence=2696 sensor_raw=4294959696 sensor_converted=4294959696 xiao_rx=21579905 queue_push=21579907 core_rx=67142219
BNO_CORE_EVENT kind=4 report_seq=188 uart_sequence=2697 sensor_raw=4294959696 sensor_converted=4294959696 xiao_rx=21579915 queue_push=21579916 core_rx=67143284
BNO_CORE_EVENT kind=1 report_seq=213 uart_sequence=2698 sensor_raw=4294959996 sensor_converted=4294959996 xiao_rx=21579923 queue_push=21579925 core_rx=67144323
BNO_CORE_EVENT kind=1 report_seq=214 uart_sequence=2703 sensor_raw=4294961096 sensor_converted=4294961096 xiao_rx=21598399 queue_push=21598406 core_rx=67157521
BNO_CORE_EVENT kind=2 report_seq=240 uart_sequence=2704 sensor_raw=4294962296 sensor_converted=4294962296 xiao_rx=21598432 queue_push=21598435 core_rx=67160120
BNO_CORE_EVENT kind=1 report_seq=215 uart_sequence=2705 sensor_raw=4294950696 sensor_converted=4294950696 xiao_rx=21605604 queue_push=21605608 core_rx=67161191
BNO_CORE_EVENT kind=2 report_seq=241 uart_sequence=2706 sensor_raw=4294954196 sensor_converted=4294954196 xiao_rx=21605627 queue_push=21605629 core_rx=67162247
BNO_CORE_EVENT kind=3 report_seq=120 uart_sequence=2707 sensor_raw=4294954196 sensor_converted=4294954196 xiao_rx=21605640 queue_push=21605642 core_rx=67163276
BNO_CORE_EVENT kind=5 report_seq=120 uart_sequence=2708 sensor_raw=4294954196 sensor_converted=4294954196 xiao_rx=21605648 queue_push=21605650 core_rx=67165955
BNO_CORE_EVENT kind=1 report_seq=216 uart_sequence=2709 sensor_raw=4294958196 sensor_converted=4294958196 xiao_rx=21605657 queue_push=21605658 core_rx=67167137
BNO_CORE_EVENT kind=2 report_seq=242 uart_sequence=2710 sensor_raw=4294964596 sensor_converted=4294964596 xiao_rx=21605665 queue_push=21605666 core_rx=67168177
BNO_CORE_EVENT kind=1 report_seq=217 uart_sequence=2712 sensor_raw=4294958696 sensor_converted=4294958696 xiao_rx=21616774 queue_push=21616781 core_rx=67174505
BNO_CORE_EVENT kind=2 report_seq=243 uart_sequence=2713 sensor_raw=4294955796 sensor_converted=4294955796 xiao_rx=21623942 queue_push=21623945 core_rx=67176198
BNO_CORE_EVENT kind=3 report_seq=121 uart_sequence=2714 sensor_raw=4294955796 sensor_converted=4294955796 xiao_rx=21623956 queue_push=21623958 core_rx=67177624
BNO_CORE_EVENT kind=1 report_seq=218 uart_sequence=2715 sensor_raw=4294955796 sensor_converted=4294955796 xiao_rx=21623964 queue_push=21623966 core_rx=67178704
BNO_CORE_EVENT kind=5 report_seq=121 uart_sequence=2716 sensor_raw=4294955796 sensor_converted=4294955796 xiao_rx=21623972 queue_push=21623974 core_rx=67179758
BNO_CORE_EVENT kind=4 report_seq=189 uart_sequence=2717 sensor_raw=4294956096 sensor_converted=4294956096 xiao_rx=21623982 queue_push=21623984 core_rx=67182269
BNO_CORE_EVENT kind=1 report_seq=219 uart_sequence=2718 sensor_raw=4294963996 sensor_converted=4294963996 xiao_rx=21623990 queue_push=21623992 core_rx=67183468
BNO_CORE_EVENT kind=2 report_seq=244 uart_sequence=2721 sensor_raw=4294958396 sensor_converted=4294958396 xiao_rx=21633747 queue_push=21633757 core_rx=67191698
BNO_CORE_EVENT kind=1 report_seq=220 uart_sequence=2722 sensor_raw=4294964196 sensor_converted=4294964196 xiao_rx=21633784 queue_push=21633786 core_rx=67193402
BNO_CORE_EVENT kind=2 report_seq=245 uart_sequence=2723 sensor_raw=4294958896 sensor_converted=4294958896 xiao_rx=21639755 queue_push=21639758 core_rx=67194547
BNO_CORE_EVENT kind=3 report_seq=122 uart_sequence=2724 sensor_raw=4294958896 sensor_converted=4294958896 xiao_rx=21639774 queue_push=21639775 core_rx=67195587
BNO_CORE_EVENT kind=5 report_seq=122 uart_sequence=2725 sensor_raw=4294958896 sensor_converted=4294958896 xiao_rx=21639783 queue_push=21639784 core_rx=67197977
BNO_CORE_EVENT kind=1 report_seq=221 uart_sequence=2726 sensor_raw=4294962296 sensor_converted=4294962296 xiao_rx=21639791 queue_push=21639793 core_rx=67199159
BNO_CORE_EVENT kind=2 report_seq=246 uart_sequence=2731 sensor_raw=4294962596 sensor_converted=4294962596 xiao_rx=21652022 queue_push=21652030 core_rx=67214128
BNO_CORE_EVENT kind=1 report_seq=222 uart_sequence=2732 sensor_raw=4294964196 sensor_converted=4294964196 xiao_rx=21652049 queue_push=21652051 core_rx=67215675
BNO_CORE_EVENT kind=1 report_seq=223 uart_sequence=2733 sensor_raw=4294960396 sensor_converted=4294960396 xiao_rx=21658984 queue_push=21658989 core_rx=67217346
BNO_CORE_EVENT kind=2 report_seq=247 uart_sequence=2734 sensor_raw=4294960396 sensor_converted=4294960396 xiao_rx=21659009 queue_push=21659010 core_rx=67218516
BNO_CORE_EVENT kind=3 report_seq=123 uart_sequence=2735 sensor_raw=4294960396 sensor_converted=4294960396 xiao_rx=21659025 queue_push=21659026 core_rx=67219559
BNO_CORE_EVENT kind=5 report_seq=123 uart_sequence=2736 sensor_raw=4294960396 sensor_converted=4294960396 xiao_rx=21659035 queue_push=21659037 core_rx=67221925
BNO_CORE_EVENT kind=4 report_seq=190 uart_sequence=2737 sensor_raw=4294960396 sensor_converted=4294960396 xiao_rx=21659047 queue_push=21659049 core_rx=67223111
BNO_CORE_EVENT kind=1 report_seq=224 uart_sequence=2738 sensor_raw=4294961096 sensor_converted=4294961096 xiao_rx=21663770 queue_push=21663773 core_rx=67224140
BNO_CORE_EVENT kind=2 report_seq=248 uart_sequence=2740 sensor_raw=4294963196 sensor_converted=4294963196 xiao_rx=21663794 queue_push=21663796 core_rx=67227716
BNO_CORE_EVENT kind=1 report_seq=225 uart_sequence=2742 sensor_raw=4294964596 sensor_converted=4294964596 xiao_rx=21677468 queue_push=21677475 core_rx=67230213
BNO_CORE_EVENT kind=2 report_seq=249 uart_sequence=2743 sensor_raw=4294955096 sensor_converted=4294955096 xiao_rx=21683939 queue_push=21683943 core_rx=67234489
BNO_CORE_EVENT kind=3 report_seq=124 uart_sequence=2744 sensor_raw=4294955096 sensor_converted=4294955096 xiao_rx=21683962 queue_push=21683964 core_rx=67237168
BNO_CORE_EVENT kind=5 report_seq=124 uart_sequence=2745 sensor_raw=4294955096 sensor_converted=4294955096 xiao_rx=21683972 queue_push=21683973 core_rx=67238403
BNO_CORE_EVENT kind=1 report_seq=226 uart_sequence=2746 sensor_raw=4294958196 sensor_converted=4294958196 xiao_rx=21683980 queue_push=21683981 core_rx=67239456
BNO_CORE_EVENT kind=2 report_seq=250 uart_sequence=2749 sensor_raw=4294958596 sensor_converted=4294958596 xiao_rx=21690680 queue_push=21690690 core_rx=67257469
BNO_CORE_EVENT kind=1 report_seq=227 uart_sequence=2750 sensor_raw=4294959796 sensor_converted=4294959796 xiao_rx=21690714 queue_push=21690716 core_rx=67260144
BNO_CORE_EVENT kind=1 report_seq=228 uart_sequence=2751 sensor_raw=4294961896 sensor_converted=4294961896 xiao_rx=21698083 queue_push=21698087 core_rx=67261185
BNO_CORE_EVENT kind=2 report_seq=251 uart_sequence=2752 sensor_raw=4294961996 sensor_converted=4294961996 xiao_rx=21698103 queue_push=21698104 core_rx=67262238
BNO_CORE_EVENT kind=3 report_seq=125 uart_sequence=2753 sensor_raw=4294961996 sensor_converted=4294961996 xiao_rx=21698116 queue_push=21698117 core_rx=67263766
BNO_CORE_EVENT kind=5 report_seq=125 uart_sequence=2754 sensor_raw=4294961996 sensor_converted=4294961996 xiao_rx=21698125 queue_push=21698126 core_rx=67264933
BNO_CORE_EVENT kind=4 report_seq=191 uart_sequence=2755 sensor_raw=4294961996 sensor_converted=4294961996 xiao_rx=21698136 queue_push=21698137 core_rx=67265997
BNO_CORE_EVENT kind=1 report_seq=229 uart_sequence=2756 sensor_raw=4294961696 sensor_converted=4294961696 xiao_rx=21702201 queue_push=21702204 core_rx=67267060
BNO_CORE_EVENT kind=2 report_seq=252 uart_sequence=2757 sensor_raw=4294964196 sensor_converted=4294964196 xiao_rx=21702225 queue_push=21702227 core_rx=67268691
BNO_CORE_EVENT kind=1 report_seq=230 uart_sequence=2758 sensor_raw=4294965196 sensor_converted=4294965196 xiao_rx=21706021 queue_push=21706026 core_rx=67269824
BNO_CORE_EVENT kind=2 report_seq=253 uart_sequence=2762 sensor_raw=4294964396 sensor_converted=4294964396 xiao_rx=21720902 queue_push=21720912 core_rx=67284487
BNO_CORE_EVENT kind=3 report_seq=126 uart_sequence=2764 sensor_raw=4294951396 sensor_converted=4294951396 xiao_rx=21728532 queue_push=21728534 core_rx=67291014
BNO_CORE_EVENT kind=5 report_seq=126 uart_sequence=2765 sensor_raw=4294951396 sensor_converted=4294951396 xiao_rx=21728547 queue_push=21728549 core_rx=67292263
BNO_CORE_EVENT kind=1 report_seq=231 uart_sequence=2766 sensor_raw=4294954496 sensor_converted=4294954496 xiao_rx=21728556 queue_push=21728557 core_rx=67293323
BNO_CORE_EVENT kind=2 report_seq=254 uart_sequence=2767 sensor_raw=4294961796 sensor_converted=4294961796 xiao_rx=21728564 queue_push=21728565 core_rx=67294400
BNO_CORE_EVENT kind=1 report_seq=232 uart_sequence=2768 sensor_raw=4294962396 sensor_converted=4294962396 xiao_rx=21728572 queue_push=21728573 core_rx=67296743
BNO_CORE_EVENT kind=1 report_seq=233 uart_sequence=2769 sensor_raw=4294962596 sensor_converted=4294962596 xiao_rx=21733893 queue_push=21733895 core_rx=67297798
BNO_CORE_EVENT kind=2 report_seq=255 uart_sequence=2770 sensor_raw=4294963596 sensor_converted=4294963596 xiao_rx=21733901 queue_push=21733903 core_rx=67298827
BNO_CORE_EVENT kind=3 report_seq=127 uart_sequence=2771 sensor_raw=4294963596 sensor_converted=4294963596 xiao_rx=21733910 queue_push=21733912 core_rx=67299856
BNO_CORE_EVENT kind=5 report_seq=127 uart_sequence=2772 sensor_raw=4294963596 sensor_converted=4294963596 xiao_rx=21733918 queue_push=21733920 core_rx=67300887
BNO_CORE_EVENT kind=4 report_seq=192 uart_sequence=2774 sensor_raw=4294958696 sensor_converted=4294958696 xiao_rx=21748944 queue_push=21748953 core_rx=67304508
BNO_CORE_EVENT kind=1 report_seq=234 uart_sequence=2775 sensor_raw=4294965096 sensor_converted=4294965096 xiao_rx=21748973 queue_push=21748974 core_rx=67306049
BNO_CORE_EVENT kind=2 report_seq=0 uart_sequence=2776 sensor_raw=4294953796 sensor_converted=4294953796 xiao_rx=21754316 queue_push=21754319 core_rx=67307638
BNO_CORE_EVENT kind=1 report_seq=235 uart_sequence=2778 sensor_raw=4294958296 sensor_converted=4294958296 xiao_rx=21754327 queue_push=21754329 core_rx=67311566
BNO_CORE_EVENT kind=2 report_seq=1 uart_sequence=2779 sensor_raw=4294963696 sensor_converted=4294963696 xiao_rx=21754335 queue_push=21754337 core_rx=67312733
BNO_CORE_EVENT kind=3 report_seq=128 uart_sequence=2780 sensor_raw=4294963696 sensor_converted=4294963696 xiao_rx=21754348 queue_push=21754350 core_rx=67315087
BNO_CORE_EVENT kind=5 report_seq=128 uart_sequence=2784 sensor_raw=4294958396 sensor_converted=4294958396 xiao_rx=21766690 queue_push=21766698 core_rx=67327478
BNO_CORE_EVENT kind=1 report_seq=236 uart_sequence=2785 sensor_raw=4294960496 sensor_converted=4294960496 xiao_rx=21766720 queue_push=21766721 core_rx=67330129
BNO_CORE_EVENT kind=2 report_seq=2 uart_sequence=2786 sensor_raw=4294956096 sensor_converted=4294956096 xiao_rx=21771003 queue_push=21771008 core_rx=67331206
BNO_CORE_EVENT kind=1 report_seq=237 uart_sequence=2787 sensor_raw=4294956096 sensor_converted=4294956096 xiao_rx=21771032 queue_push=21771034 core_rx=67332251
BNO_CORE_EVENT kind=1 report_seq=238 uart_sequence=2788 sensor_raw=4294964596 sensor_converted=4294964596 xiao_rx=21771042 queue_push=21771044 core_rx=67333782
BNO_CORE_EVENT kind=2 report_seq=3 uart_sequence=2789 sensor_raw=4294961096 sensor_converted=4294961096 xiao_rx=21777051 queue_push=21777054 core_rx=67334947
BNO_CORE_EVENT kind=3 report_seq=129 uart_sequence=2790 sensor_raw=4294961096 sensor_converted=4294961096 xiao_rx=21777069 queue_push=21777071 core_rx=67336014
BNO_CORE_EVENT kind=5 report_seq=129 uart_sequence=2791 sensor_raw=4294961096 sensor_converted=4294961096 xiao_rx=21777078 queue_push=21777080 core_rx=67337066
BNO_CORE_EVENT kind=4 report_seq=193 uart_sequence=2792 sensor_raw=4294961396 sensor_converted=4294961396 xiao_rx=21777088 queue_push=21777090 core_rx=67338689
BNO_CORE_EVENT kind=1 report_seq=239 uart_sequence=2797 sensor_raw=4294961996 sensor_converted=4294961996 xiao_rx=21795212 queue_push=21795219 core_rx=67347440
BNO_CORE_EVENT kind=2 report_seq=4 uart_sequence=2799 sensor_raw=4294947096 sensor_converted=4294947096 xiao_rx=21803122 queue_push=21803126 core_rx=67358496
BNO_CORE_EVENT kind=1 report_seq=240 uart_sequence=2800 sensor_raw=4294951796 sensor_converted=4294951796 xiao_rx=21803150 queue_push=21803151 core_rx=67359730
BNO_CORE_EVENT kind=2 report_seq=5 uart_sequence=2801 sensor_raw=4294957396 sensor_converted=4294957396 xiao_rx=21803159 queue_push=21803160 core_rx=67361779
BNO_CORE_EVENT kind=3 report_seq=130 uart_sequence=2802 sensor_raw=4294957396 sensor_converted=4294957396 xiao_rx=21803171 queue_push=21803173 core_rx=67362833
BNO_CORE_EVENT kind=5 report_seq=130 uart_sequence=2803 sensor_raw=4294957396 sensor_converted=4294957396 xiao_rx=21803180 queue_push=21803181 core_rx=67363865
BNO_CORE_EVENT kind=1 report_seq=241 uart_sequence=2804 sensor_raw=4294959296 sensor_converted=4294959296 xiao_rx=21803188 queue_push=21803190 core_rx=67364909
BNO_CORE_EVENT kind=2 report_seq=6 uart_sequence=2805 sensor_raw=4294959296 sensor_converted=4294959296 xiao_rx=21806551 queue_push=21806555 core_rx=67365958
BNO_CORE_EVENT kind=1 report_seq=242 uart_sequence=2806 sensor_raw=4294959296 sensor_converted=4294959296 xiao_rx=21806565 queue_push=21806567 core_rx=67368389
BNO_CORE_EVENT kind=1 report_seq=243 uart_sequence=2807 sensor_raw=4294963696 sensor_converted=4294963696 xiao_rx=21817127 queue_push=21817134 core_rx=67369570
BNO_CORE_EVENT kind=4 report_seq=194 uart_sequence=2810 sensor_raw=4294955196 sensor_converted=4294955196 xiao_rx=21823878 queue_push=21823884 core_rx=67381466
BNO_CORE_EVENT kind=2 report_seq=7 uart_sequence=2811 sensor_raw=4294955196 sensor_converted=4294955196 xiao_rx=21823904 queue_push=21823907 core_rx=67384121
BNO_CORE_EVENT kind=3 report_seq=131 uart_sequence=2812 sensor_raw=4294955196 sensor_converted=4294955196 xiao_rx=21823920 queue_push=21823922 core_rx=67385182
BNO_CORE_EVENT kind=5 report_seq=131 uart_sequence=2814 sensor_raw=4294955196 sensor_converted=4294955196 xiao_rx=21823931 queue_push=21823933 core_rx=67388000
BNO_CORE_EVENT kind=1 report_seq=244 uart_sequence=2815 sensor_raw=4294961596 sensor_converted=4294961596 xiao_rx=21823940 queue_push=21823941 core_rx=67389281
BNO_CORE_EVENT kind=2 report_seq=8 uart_sequence=2816 sensor_raw=4294958696 sensor_converted=4294958696 xiao_rx=21828036 queue_push=21828044 core_rx=67390377
BNO_CORE_EVENT kind=1 report_seq=245 uart_sequence=2817 sensor_raw=4294962096 sensor_converted=4294962096 xiao_rx=21828075 queue_push=21828077 core_rx=67391460
BNO_CORE_EVENT kind=2 report_seq=9 uart_sequence=2818 sensor_raw=4294964596 sensor_converted=4294964596 xiao_rx=21830557 queue_push=21830560 core_rx=67394067
BNO_CORE_EVENT kind=3 report_seq=132 uart_sequence=2821 sensor_raw=4294961996 sensor_converted=4294961996 xiao_rx=21846542 queue_push=21846551 core_rx=67399480
BNO_CORE_EVENT kind=5 report_seq=132 uart_sequence=2822 sensor_raw=4294961996 sensor_converted=4294961996 xiao_rx=21846574 queue_push=21846576 core_rx=67400697
BNO_CORE_EVENT kind=1 report_seq=246 uart_sequence=2823 sensor_raw=4294963396 sensor_converted=4294963396 xiao_rx=21846583 queue_push=21846584 core_rx=67401728
BNO_CORE_EVENT kind=1 report_seq=247 uart_sequence=2827 sensor_raw=4294955896 sensor_converted=4294955896 xiao_rx=21853942 queue_push=21853949 core_rx=67416449
BNO_CORE_EVENT kind=2 report_seq=10 uart_sequence=2828 sensor_raw=4294955896 sensor_converted=4294955896 xiao_rx=21853983 queue_push=21853986 core_rx=67419132
BNO_CORE_EVENT kind=1 report_seq=248 uart_sequence=2829 sensor_raw=4294963296 sensor_converted=4294963296 xiao_rx=21853996 queue_push=21853998 core_rx=67420201
BNO_CORE_EVENT kind=2 report_seq=11 uart_sequence=2830 sensor_raw=4294958396 sensor_converted=4294958396 xiao_rx=21861351 queue_push=21861357 core_rx=67421261
BNO_CORE_EVENT kind=3 report_seq=133 uart_sequence=2831 sensor_raw=4294958396 sensor_converted=4294958396 xiao_rx=21861378 queue_push=21861380 core_rx=67422750
BNO_CORE_EVENT kind=5 report_seq=133 uart_sequence=2832 sensor_raw=4294958396 sensor_converted=4294958396 xiao_rx=21861389 queue_push=21861391 core_rx=67423934
BNO_CORE_EVENT kind=4 report_seq=195 uart_sequence=2833 sensor_raw=4294958396 sensor_converted=4294958396 xiao_rx=21861399 queue_push=21861400 core_rx=67424968
BNO_CORE_EVENT kind=1 report_seq=249 uart_sequence=2834 sensor_raw=4294963796 sensor_converted=4294963796 xiao_rx=21861407 queue_push=21861409 core_rx=67425998
BNO_CORE_EVENT kind=2 report_seq=12 uart_sequence=2835 sensor_raw=4294960896 sensor_converted=4294960896 xiao_rx=21866127 queue_push=21866130 core_rx=67427587
BNO_CORE_EVENT kind=1 report_seq=250 uart_sequence=2836 sensor_raw=4294964096 sensor_converted=4294964096 xiao_rx=21866152 queue_push=21866154 core_rx=67428757
BNO_CORE_EVENT kind=2 report_seq=13 uart_sequence=2837 sensor_raw=4294964396 sensor_converted=4294964396 xiao_rx=21876985 queue_push=21876996 core_rx=67433491
BNO_CORE_EVENT kind=3 report_seq=134 uart_sequence=2838 sensor_raw=4294955196 sensor_converted=4294955196 xiao_rx=21882310 queue_push=21882312 core_rx=67436147
BNO_CORE_EVENT kind=5 report_seq=134 uart_sequence=2839 sensor_raw=4294955196 sensor_converted=4294955196 xiao_rx=21882323 queue_push=21882325 core_rx=67437188
BNO_CORE_EVENT kind=1 report_seq=251 uart_sequence=2840 sensor_raw=4294956596 sensor_converted=4294956596 xiao_rx=21882332 queue_push=21882333 core_rx=67438250
BNO_CORE_EVENT kind=1 report_seq=252 uart_sequence=2841 sensor_raw=4294964896 sensor_converted=4294964896 xiao_rx=21882340 queue_push=21882341 core_rx=67439781
BNO_CORE_EVENT kind=2 report_seq=14 uart_sequence=2844 sensor_raw=4294959996 sensor_converted=4294959996 xiao_rx=21893971 queue_push=21893979 core_rx=67446287
BNO_CORE_EVENT kind=1 report_seq=253 uart_sequence=2848 sensor_raw=4294955396 sensor_converted=4294955396 xiao_rx=21905454 queue_push=21905461 core_rx=67460484
BNO_CORE_EVENT kind=2 report_seq=15 uart_sequence=2849 sensor_raw=4294958496 sensor_converted=4294958496 xiao_rx=21905484 queue_push=21905487 core_rx=67463120
BNO_CORE_EVENT kind=3 report_seq=135 uart_sequence=2850 sensor_raw=4294958496 sensor_converted=4294958496 xiao_rx=21905498 queue_push=21905499 core_rx=67464184
BNO_CORE_EVENT kind=5 report_seq=135 uart_sequence=2851 sensor_raw=4294958496 sensor_converted=4294958496 xiao_rx=21905530 queue_push=21905531 core_rx=67465265
BNO_CORE_EVENT kind=4 report_seq=196 uart_sequence=2852 sensor_raw=4294958496 sensor_converted=4294958496 xiao_rx=21905539 queue_push=21905541 core_rx=67466764
BNO_CORE_EVENT kind=1 report_seq=254 uart_sequence=2853 sensor_raw=4294963596 sensor_converted=4294963596 xiao_rx=21905547 queue_push=21905549 core_rx=67467892
BNO_CORE_EVENT kind=2 report_seq=16 uart_sequence=2854 sensor_raw=4294957096 sensor_converted=4294957096 xiao_rx=21909384 queue_push=21909387 core_rx=67468925
BNO_CORE_EVENT kind=1 report_seq=255 uart_sequence=2855 sensor_raw=4294959596 sensor_converted=4294959596 xiao_rx=21909396 queue_push=21909398 core_rx=67469983
BNO_CORE_EVENT kind=2 report_seq=17 uart_sequence=2858 sensor_raw=4294963096 sensor_converted=4294963096 xiao_rx=21921692 queue_push=21921701 core_rx=67478149
BNO_CORE_EVENT kind=3 report_seq=136 uart_sequence=2859 sensor_raw=4294963096 sensor_converted=4294963096 xiao_rx=21921724 queue_push=21921726 core_rx=67479678
BNO_CORE_EVENT kind=5 report_seq=136 uart_sequence=2860 sensor_raw=4294963096 sensor_converted=4294963096 xiao_rx=21921737 queue_push=21921739 core_rx=67480747
BNO_CORE_EVENT kind=1 report_seq=0 uart_sequence=2861 sensor_raw=4294952196 sensor_converted=4294952196 xiao_rx=21926267 queue_push=21926271 core_rx=67481808
BNO_CORE_EVENT kind=1 report_seq=1 uart_sequence=2862 sensor_raw=4294960396 sensor_converted=4294960396 xiao_rx=21926287 queue_push=21926289 core_rx=67484275
BNO_CORE_EVENT kind=2 report_seq=18 uart_sequence=2864 sensor_raw=4294961796 sensor_converted=4294961796 xiao_rx=21926300 queue_push=21926302 core_rx=67486376
BNO_CORE_EVENT kind=1 report_seq=2 uart_sequence=2865 sensor_raw=4294962996 sensor_converted=4294962996 xiao_rx=21936263 queue_push=21936276 core_rx=67488465
XIAO UART baud=921600 rx=GPIO8 tx=GPIO9 bytes=818100 frames=649 bytes_s=47020 frames_s=486 crc/cobs/len=0/0/0 seqgap=0 age_ms=2 type=2 log=1 q=0 rec=101 final=0
RXDIAG max_us=6548 budget_hits=10 byte/frame/time=10/0/0 rx_buf_max=1092 loop_period_max_us=1174994 loop_exec_max_us=1168663 free_heap=138512 min_free_heap=138332 reset_reason=0 bno_kind_1to5_s=129/101/50/25/51 queue=0 high=13 drops=0
RXDETAIL service_calls=56605 service_bytes_avg=14 service_bytes_max=512 service_frames_avg=0 service_frames_avg_x1000=108 service_frames_max=7 service_bytes_s=47020 service_frames_s=486 rxbuf_full_obs=0 bno_valid=478 bno_invalid=0 unknown=0 uart_overflow=framework_unavailable trial_rx_bytes=62700 trial_frames=647 trial_bno=478 trial_crc/cobs/len=0/0/0
RXTASK mode=decode_count read_calls=56606 zero_reads=49335 read_bytes_max=512 rx_task_max_us=6548 rx_task_continuous_max_us=6548 stack_hwm_min_bytes=4472 cobs_delimiters=6167 rx_current=0 rx_max=1092 rx_full=0 overflow=framework_unavailable
SDTASK max_process_us=102012
BNO_CORE_EVENT kind=2 report_seq=19 uart_sequence=2866 sensor_raw=4294955796 sensor_converted=4294955796 xiao_rx=21943783 queue_push=21943788 core_rx=67498551
BNO_CORE_EVENT kind=3 report_seq=137 uart_sequence=2867 sensor_raw=4294955796 sensor_converted=4294955796 xiao_rx=21943812 queue_push=21943814 core_rx=67501134
BNO_CORE_EVENT kind=5 report_seq=137 uart_sequence=2868 sensor_raw=4294955796 sensor_converted=4294955796 xiao_rx=21943823 queue_push=21943825 core_rx=67502186
BNO_CORE_EVENT kind=4 report_seq=197 uart_sequence=2869 sensor_raw=4294956296 sensor_converted=4294956296 xiao_rx=21943833 queue_push=21943834 core_rx=67503241
BNO_CORE_EVENT kind=1 report_seq=3 uart_sequence=2870 sensor_raw=4294961096 sensor_converted=4294961096 xiao_rx=21943841 queue_push=21943843 core_rx=67505248
BNO_CORE_EVENT kind=2 report_seq=20 uart_sequence=2871 sensor_raw=4294958596 sensor_converted=4294958596 xiao_rx=21947804 queue_push=21947806 core_rx=67506287
BNO_CORE_EVENT kind=1 report_seq=4 uart_sequence=2872 sensor_raw=4294961096 sensor_converted=4294961096 xiao_rx=21947813 queue_push=21947815 core_rx=67507339
BNO_CORE_EVENT kind=2 report_seq=21 uart_sequence=2880 sensor_raw=4294964396 sensor_converted=4294964396 xiao_rx=21964603 queue_push=21964615 core_rx=67530471
BNO_CORE_EVENT kind=3 report_seq=138 uart_sequence=2881 sensor_raw=4294964396 sensor_converted=4294964396 xiao_rx=21964641 queue_push=21964643 core_rx=67533156
BNO_CORE_EVENT kind=5 report_seq=138 uart_sequence=2882 sensor_raw=4294947796 sensor_converted=4294947796 xiao_rx=21971402 queue_push=21971407 core_rx=67534269
BNO_CORE_EVENT kind=1 report_seq=5 uart_sequence=2883 sensor_raw=4294948096 sensor_converted=4294948096 xiao_rx=21971427 queue_push=21971429 core_rx=67535323
BNO_CORE_EVENT kind=1 report_seq=6 uart_sequence=2884 sensor_raw=4294956396 sensor_converted=4294956396 xiao_rx=21971435 queue_push=21971437 core_rx=67537241
BNO_CORE_EVENT kind=2 report_seq=22 uart_sequence=2885 sensor_raw=4294958096 sensor_converted=4294958096 xiao_rx=21971447 queue_push=21971450 core_rx=67538266
BNO_CORE_EVENT kind=1 report_seq=7 uart_sequence=2886 sensor_raw=4294964296 sensor_converted=4294964296 xiao_rx=21971457 queue_push=21971458 core_rx=67539338
BNO_CORE_EVENT kind=2 report_seq=23 uart_sequence=2887 sensor_raw=4294961296 sensor_converted=4294961296 xiao_rx=21978978 queue_push=21978981 core_rx=67540385
BNO_CORE_EVENT kind=3 report_seq=139 uart_sequence=2888 sensor_raw=4294961296 sensor_converted=4294961296 xiao_rx=21978992 queue_push=21978994 core_rx=67543029
BNO_CORE_EVENT kind=5 report_seq=139 uart_sequence=2889 sensor_raw=4294961296 sensor_converted=4294961296 xiao_rx=21979001 queue_push=21979002 core_rx=67544101
BNO_CORE_EVENT kind=4 report_seq=198 uart_sequence=2890 sensor_raw=4294961296 sensor_converted=4294961296 xiao_rx=21979011 queue_push=21979012 core_rx=67545167
BNO_CORE_EVENT kind=1 report_seq=8 uart_sequence=2891 sensor_raw=4294964896 sensor_converted=4294964896 xiao_rx=21979019 queue_push=21979020 core_rx=67546195
BNO_CORE_EVENT kind=2 report_seq=24 uart_sequence=2895 sensor_raw=4294963296 sensor_converted=4294963296 xiao_rx=21998075 queue_push=21998094 core_rx=67557451
BNO_CORE_EVENT kind=1 report_seq=9 uart_sequence=2896 sensor_raw=4294965396 sensor_converted=4294965396 xiao_rx=21998138 queue_push=21998139 core_rx=67560187
BNO_CORE_EVENT kind=1 report_seq=10 uart_sequence=2897 sensor_raw=4294954596 sensor_converted=4294954596 xiao_rx=22006003 queue_push=22006006 core_rx=67561250
BNO_CORE_EVENT kind=2 report_seq=25 uart_sequence=2898 sensor_raw=4294954596 sensor_converted=4294954596 xiao_rx=22006019 queue_push=22006020 core_rx=67562302
BNO_CORE_EVENT kind=3 report_seq=140 uart_sequence=2899 sensor_raw=4294954596 sensor_converted=4294954596 xiao_rx=22006032 queue_push=22006033 core_rx=67565040
BNO_CORE_EVENT kind=5 report_seq=140 uart_sequence=2900 sensor_raw=4294954596 sensor_converted=4294954596 xiao_rx=22006040 queue_push=22006041 core_rx=67566254
BNO_CORE_EVENT kind=1 report_seq=11 uart_sequence=2901 sensor_raw=4294962496 sensor_converted=4294962496 xiao_rx=22006048 queue_push=22006049 core_rx=67567293
BNO_CORE_EVENT kind=2 report_seq=26 uart_sequence=2902 sensor_raw=4294964196 sensor_converted=4294964196 xiao_rx=22006056 queue_push=22006058 core_rx=67568347
BNO_CORE_EVENT kind=1 report_seq=12 uart_sequence=2908 sensor_raw=4294961696 sensor_converted=4294961696 xiao_rx=22020698 queue_push=22020705 core_rx=67587465
BNO_CORE_EVENT kind=4 report_seq=199 uart_sequence=2909 sensor_raw=4294952196 sensor_converted=4294952196 xiao_rx=22029961 queue_push=22029973 core_rx=67590160
BNO_CORE_EVENT kind=2 report_seq=27 uart_sequence=2910 sensor_raw=4294952196 sensor_converted=4294952196 xiao_rx=22029994 queue_push=22029997 core_rx=67591262
BNO_CORE_EVENT kind=3 report_seq=141 uart_sequence=2911 sensor_raw=4294952196 sensor_converted=4294952196 xiao_rx=22030009 queue_push=22030011 core_rx=67592355
BNO_CORE_EVENT kind=5 report_seq=141 uart_sequence=2912 sensor_raw=4294952196 sensor_converted=4294952196 xiao_rx=22030021 queue_push=22030023 core_rx=67594290
BNO_CORE_EVENT kind=1 report_seq=13 uart_sequence=2913 sensor_raw=4294955996 sensor_converted=4294955996 xiao_rx=22030031 queue_push=22030033 core_rx=67596482
BNO_CORE_EVENT kind=2 report_seq=28 uart_sequence=2914 sensor_raw=4294962696 sensor_converted=4294962696 xiao_rx=22030040 queue_push=22030042 core_rx=67597631
BNO_CORE_EVENT kind=1 report_seq=14 uart_sequence=2915 sensor_raw=4294963996 sensor_converted=4294963996 xiao_rx=22030050 queue_push=22030052 core_rx=67598658
BNO_CORE_EVENT kind=1 report_seq=15 uart_sequence=2916 sensor_raw=4294961996 sensor_converted=4294961996 xiao_rx=22036620 queue_push=22036623 core_rx=67601005
BNO_CORE_EVENT kind=2 report_seq=29 uart_sequence=2917 sensor_raw=4294962296 sensor_converted=4294962296 xiao_rx=22036635 queue_push=22036637 core_rx=67602151
BNO_CORE_EVENT kind=3 report_seq=142 uart_sequence=2918 sensor_raw=4294962296 sensor_converted=4294962296 xiao_rx=22036644 queue_push=22036645 core_rx=67603209
BNO_CORE_EVENT kind=5 report_seq=142 uart_sequence=2919 sensor_raw=4294962496 sensor_converted=4294962496 xiao_rx=22036653 queue_push=22036654 core_rx=67604242
BNO_CORE_EVENT kind=1 report_seq=16 uart_sequence=2921 sensor_raw=4294963096 sensor_converted=4294963096 xiao_rx=22050396 queue_push=22050401 core_rx=67605985
BNO_CORE_EVENT kind=2 report_seq=30 uart_sequence=2925 sensor_raw=4294951696 sensor_converted=4294951696 xiao_rx=22058829 queue_push=22058839 core_rx=67619446
BNO_CORE_EVENT kind=1 report_seq=17 uart_sequence=2926 sensor_raw=4294957596 sensor_converted=4294957596 xiao_rx=22058864 queue_push=22058866 core_rx=67622134
BNO_CORE_EVENT kind=2 report_seq=31 uart_sequence=2927 sensor_raw=4294961996 sensor_converted=4294961996 xiao_rx=22058872 queue_push=22058874 core_rx=67623305
BNO_CORE_EVENT kind=3 report_seq=143 uart_sequence=2928 sensor_raw=4294961996 sensor_converted=4294961996 xiao_rx=22058885 queue_push=22058887 core_rx=67624359
BNO_CORE_EVENT kind=5 report_seq=143 uart_sequence=2929 sensor_raw=4294953596 sensor_converted=4294953596 xiao_rx=22064772 queue_push=22064775 core_rx=67626256
BNO_CORE_EVENT kind=4 report_seq=200 uart_sequence=2930 sensor_raw=4294953596 sensor_converted=4294953596 xiao_rx=22064801 queue_push=22064803 core_rx=67627305
BNO_CORE_EVENT kind=1 report_seq=18 uart_sequence=2931 sensor_raw=4294956696 sensor_converted=4294956696 xiao_rx=22064809 queue_push=22064811 core_rx=67628369
BNO_CORE_EVENT kind=2 report_seq=32 uart_sequence=2932 sensor_raw=4294963196 sensor_converted=4294963196 xiao_rx=22064819 queue_push=22064821 core_rx=67629435
BNO_CORE_EVENT kind=1 report_seq=19 uart_sequence=2933 sensor_raw=4294958896 sensor_converted=4294958896 xiao_rx=22068246 queue_push=22068249 core_rx=67632018
BNO_CORE_EVENT kind=1 report_seq=20 uart_sequence=2934 sensor_raw=4294966696 sensor_converted=4294966696 xiao_rx=22068260 queue_push=22068261 core_rx=67633146
BNO_CORE_EVENT kind=2 report_seq=33 uart_sequence=2939 sensor_raw=4294963896 sensor_converted=4294963896 xiao_rx=22084051 queue_push=22084058 core_rx=67651489
BNO_CORE_EVENT kind=3 report_seq=144 uart_sequence=2940 sensor_raw=4294963896 sensor_converted=4294963896 xiao_rx=22084079 queue_push=22084081 core_rx=67654154
BNO_CORE_EVENT kind=5 report_seq=144 uart_sequence=2941 sensor_raw=4294948196 sensor_converted=4294948196 xiao_rx=22089888 queue_push=22089893 core_rx=67655242
BNO_CORE_EVENT kind=1 report_seq=21 uart_sequence=2942 sensor_raw=4294955696 sensor_converted=4294955696 xiao_rx=22089906 queue_push=22089908 core_rx=67656296
BNO_CORE_EVENT kind=2 report_seq=34 uart_sequence=2943 sensor_raw=4294958596 sensor_converted=4294958596 xiao_rx=22089918 queue_push=22089920 core_rx=67658240
BNO_CORE_EVENT kind=1 report_seq=22 uart_sequence=2944 sensor_raw=4294963596 sensor_converted=4294963596 xiao_rx=22089927 queue_push=22089928 core_rx=67659268
BNO_CORE_EVENT kind=2 report_seq=35 uart_sequence=2945 sensor_raw=4294962396 sensor_converted=4294962396 xiao_rx=22097564 queue_push=22097569 core_rx=67660330
BNO_CORE_EVENT kind=3 report_seq=145 uart_sequence=2946 sensor_raw=4294962396 sensor_converted=4294962396 xiao_rx=22097592 queue_push=22097594 core_rx=67661379
BNO_CORE_EVENT kind=5 report_seq=145 uart_sequence=2947 sensor_raw=4294962496 sensor_converted=4294962496 xiao_rx=22097602 queue_push=22097604 core_rx=67664009
BNO_CORE_EVENT kind=4 report_seq=201 uart_sequence=2948 sensor_raw=4294962496 sensor_converted=4294962496 xiao_rx=22097612 queue_push=22097613 core_rx=67665105
BNO_CORE_EVENT kind=1 report_seq=23 uart_sequence=2949 sensor_raw=4294965296 sensor_converted=4294965296 xiao_rx=22097620 queue_push=22097622 core_rx=67666164
BNO_CORE_EVENT kind=2 report_seq=36 uart_sequence=2950 sensor_raw=4294964596 sensor_converted=4294964596 xiao_rx=22100082 queue_push=22100085 core_rx=67667218
BNO_CORE_EVENT kind=1 report_seq=24 uart_sequence=2952 sensor_raw=4294962996 sensor_converted=4294962996 xiao_rx=22117135 queue_push=22117142 core_rx=67670445
BNO_CORE_EVENT kind=1 report_seq=25 uart_sequence=2954 sensor_raw=4294954396 sensor_converted=4294954396 xiao_rx=22123929 queue_push=22123934 core_rx=67678452
BNO_CORE_EVENT kind=2 report_seq=37 uart_sequence=2956 sensor_raw=4294955096 sensor_converted=4294955096 xiao_rx=22123955 queue_push=22123958 core_rx=67682004
BNO_CORE_EVENT kind=3 report_seq=146 uart_sequence=2957 sensor_raw=4294955096 sensor_converted=4294955096 xiao_rx=22123970 queue_push=22123972 core_rx=67683071
BNO_CORE_EVENT kind=5 report_seq=146 uart_sequence=2958 sensor_raw=4294955096 sensor_converted=4294955096 xiao_rx=22123978 queue_push=22123980 core_rx=67685277
BNO_CORE_EVENT kind=1 report_seq=26 uart_sequence=2959 sensor_raw=4294962296 sensor_converted=4294962296 xiao_rx=22123987 queue_push=22123988 core_rx=67686336
BNO_CORE_EVENT kind=2 report_seq=38 uart_sequence=2960 sensor_raw=4294958596 sensor_converted=4294958596 xiao_rx=22127963 queue_push=22127967 core_rx=67687370
BNO_CORE_EVENT kind=1 report_seq=27 uart_sequence=2961 sensor_raw=4294962796 sensor_converted=4294962796 xiao_rx=22127979 queue_push=22127981 core_rx=67688397
BNO_CORE_EVENT kind=2 report_seq=39 uart_sequence=2964 sensor_raw=4294964196 sensor_converted=4294964196 xiao_rx=22141123 queue_push=22141133 core_rx=67695484
BNO_CORE_EVENT kind=3 report_seq=147 uart_sequence=2965 sensor_raw=4294964196 sensor_converted=4294964196 xiao_rx=22141158 queue_push=22141159 core_rx=67696662
BNO_CORE_EVENT kind=5 report_seq=147 uart_sequence=2968 sensor_raw=4294951396 sensor_converted=4294951396 xiao_rx=22149565 queue_push=22149570 core_rx=67709444
BNO_CORE_EVENT kind=4 report_seq=202 uart_sequence=2969 sensor_raw=4294951396 sensor_converted=4294951396 xiao_rx=22149594 queue_push=22149596 core_rx=67712115
BNO_CORE_EVENT kind=1 report_seq=28 uart_sequence=2970 sensor_raw=4294953696 sensor_converted=4294953696 xiao_rx=22149602 queue_push=22149604 core_rx=67713177
BNO_CORE_EVENT kind=2 report_seq=40 uart_sequence=2971 sensor_raw=4294961496 sensor_converted=4294961496 xiao_rx=22149612 queue_push=22149615 core_rx=67714224
BNO_CORE_EVENT kind=1 report_seq=29 uart_sequence=2972 sensor_raw=4294961696 sensor_converted=4294961696 xiao_rx=22149621 queue_push=22149623 core_rx=67716248
BNO_CORE_EVENT kind=1 report_seq=30 uart_sequence=2973 sensor_raw=4294961296 sensor_converted=4294961296 xiao_rx=22156374 queue_push=22156381 core_rx=67717298
BNO_CORE_EVENT kind=2 report_seq=41 uart_sequence=2975 sensor_raw=4294962496 sensor_converted=4294962496 xiao_rx=22156416 queue_push=22156419 core_rx=67719233
BNO_CORE_EVENT kind=3 report_seq=148 uart_sequence=2976 sensor_raw=4294962496 sensor_converted=4294962496 xiao_rx=22156430 queue_push=22156432 core_rx=67721037
BNO_CORE_EVENT kind=5 report_seq=148 uart_sequence=2977 sensor_raw=4294962496 sensor_converted=4294962496 xiao_rx=22156439 queue_push=22156441 core_rx=67722095
BNO_CORE_EVENT kind=1 report_seq=31 uart_sequence=2978 sensor_raw=4294962596 sensor_converted=4294962596 xiao_rx=22158924 queue_push=22158928 core_rx=67723124
BNO_CORE_EVENT kind=2 report_seq=42 uart_sequence=2981 sensor_raw=4294963296 sensor_converted=4294963296 xiao_rx=22172842 queue_push=22172852 core_rx=67732467
BNO_CORE_EVENT kind=1 report_seq=32 uart_sequence=2982 sensor_raw=4294954396 sensor_converted=4294954396 xiao_rx=22181371 queue_push=22181373 core_rx=67735153
BNO_CORE_EVENT kind=2 report_seq=43 uart_sequence=2983 sensor_raw=4294959796 sensor_converted=4294959796 xiao_rx=22181379 queue_push=22181381 core_rx=67736240
BNO_CORE_EVENT kind=3 report_seq=149 uart_sequence=2984 sensor_raw=4294959796 sensor_converted=4294959796 xiao_rx=22181392 queue_push=22181394 core_rx=67737287
BNO_CORE_EVENT kind=5 report_seq=149 uart_sequence=2985 sensor_raw=4294959796 sensor_converted=4294959796 xiao_rx=22181401 queue_push=22181403 core_rx=67738896
BNO_CORE_EVENT kind=4 report_seq=203 uart_sequence=2986 sensor_raw=4294959796 sensor_converted=4294959796 xiao_rx=22181411 queue_push=22181412 core_rx=67740052
BNO_CORE_EVENT kind=1 report_seq=33 uart_sequence=2988 sensor_raw=4294961596 sensor_converted=4294961596 xiao_rx=22181419 queue_push=22181420 core_rx=67745663
BNO_CORE_EVENT kind=2 report_seq=44 uart_sequence=2992 sensor_raw=4294960796 sensor_converted=4294960796 xiao_rx=22197561 queue_push=22197572 core_rx=67755504
BNO_CORE_EVENT kind=1 report_seq=34 uart_sequence=2993 sensor_raw=4294960896 sensor_converted=4294960896 xiao_rx=22197598 queue_push=22197600 core_rx=67758191
BNO_CORE_EVENT kind=1 report_seq=35 uart_sequence=2994 sensor_raw=4294953096 sensor_converted=4294953096 xiao_rx=22204759 queue_push=22204762 core_rx=67759351
BNO_CORE_EVENT kind=2 report_seq=45 uart_sequence=2995 sensor_raw=4294954996 sensor_converted=4294954996 xiao_rx=22204775 queue_push=22204777 core_rx=67760423
BNO_CORE_EVENT kind=3 report_seq=150 uart_sequence=2996 sensor_raw=4294954996 sensor_converted=4294954996 xiao_rx=22204788 queue_push=22204790 core_rx=67761759
BNO_CORE_EVENT kind=5 report_seq=150 uart_sequence=2997 sensor_raw=4294954996 sensor_converted=4294954996 xiao_rx=22204797 queue_push=22204798 core_rx=67762810
BNO_CORE_EVENT kind=1 report_seq=36 uart_sequence=2998 sensor_raw=4294960996 sensor_converted=4294960996 xiao_rx=22204805 queue_push=22204807 core_rx=67763841
BNO_CORE_EVENT kind=2 report_seq=46 uart_sequence=2999 sensor_raw=4294964796 sensor_converted=4294964796 xiao_rx=22204813 queue_push=22204815 core_rx=67764899
BNO_CORE_EVENT kind=1 report_seq=37 uart_sequence=3000 sensor_raw=4294961096 sensor_converted=4294961096 xiao_rx=22215085 queue_push=22215090 core_rx=67767527
BNO_CORE_EVENT kind=2 report_seq=47 uart_sequence=3004 sensor_raw=4294956996 sensor_converted=4294956996 xiao_rx=22223029 queue_push=22223040 core_rx=67784464
BNO_CORE_EVENT kind=3 report_seq=151 uart_sequence=3005 sensor_raw=4294956996 sensor_converted=4294956996 xiao_rx=22223073 queue_push=22223074 core_rx=67787167
BNO_CORE_EVENT kind=5 report_seq=151 uart_sequence=3006 sensor_raw=4294956996 sensor_converted=4294956996 xiao_rx=22223085 queue_push=22223086 core_rx=67788357
BNO_CORE_EVENT kind=4 report_seq=204 uart_sequence=3007 sensor_raw=4294956996 sensor_converted=4294956996 xiao_rx=22223096 queue_push=22223098 core_rx=67789421
BNO_CORE_EVENT kind=1 report_seq=38 uart_sequence=3008 sensor_raw=4294958796 sensor_converted=4294958796 xiao_rx=22223104 queue_push=22223106 core_rx=67790783
BNO_CORE_EVENT kind=1 report_seq=39 uart_sequence=3009 sensor_raw=4294958696 sensor_converted=4294958696 xiao_rx=22228844 queue_push=22228848 core_rx=67791860
BNO_CORE_EVENT kind=2 report_seq=48 uart_sequence=3010 sensor_raw=4294958996 sensor_converted=4294958996 xiao_rx=22228870 queue_push=22228872 core_rx=67792916
BNO_CORE_EVENT kind=1 report_seq=40 uart_sequence=3011 sensor_raw=4294966696 sensor_converted=4294966696 xiao_rx=22228878 queue_push=22228880 core_rx=67793984
BNO_CORE_EVENT kind=2 report_seq=49 uart_sequence=3012 sensor_raw=4294963696 sensor_converted=4294963696 xiao_rx=22233319 queue_push=22233322 core_rx=67795540
BNO_CORE_EVENT kind=3 report_seq=152 uart_sequence=3013 sensor_raw=4294963696 sensor_converted=4294963696 xiao_rx=22233334 queue_push=22233335 core_rx=67796692
BNO_CORE_EVENT kind=5 report_seq=152 uart_sequence=3014 sensor_raw=4294963696 sensor_converted=4294963696 xiao_rx=22233343 queue_push=22233345 core_rx=67797782
BNO_CORE_EVENT kind=1 report_seq=41 uart_sequence=3017 sensor_raw=4294964396 sensor_converted=4294964396 xiao_rx=22248848 queue_push=22248855 core_rx=67803491
BNO_CORE_EVENT kind=2 report_seq=50 uart_sequence=3019 sensor_raw=4294953696 sensor_converted=4294953696 xiao_rx=22255069 queue_push=22255076 core_rx=67808467
BNO_CORE_EVENT kind=1 report_seq=42 uart_sequence=3020 sensor_raw=4294956596 sensor_converted=4294956596 xiao_rx=22255098 queue_push=22255100 core_rx=67809596
BNO_CORE_EVENT kind=2 report_seq=51 uart_sequence=3021 sensor_raw=4294963696 sensor_converted=4294963696 xiao_rx=22255106 queue_push=22255108 core_rx=67810632
BNO_CORE_EVENT kind=3 report_seq=153 uart_sequence=3022 sensor_raw=4294963696 sensor_converted=4294963696 xiao_rx=22255119 queue_push=22255121 core_rx=67811667
BNO_CORE_EVENT kind=5 report_seq=153 uart_sequence=3026 sensor_raw=4294957496 sensor_converted=4294957496 xiao_rx=22265858 queue_push=22265866 core_rx=67818485
BNO_CORE_EVENT kind=4 report_seq=205 uart_sequence=3027 sensor_raw=4294957496 sensor_converted=4294957496 xiao_rx=22265893 queue_push=22265895 core_rx=67819700
BNO_CORE_EVENT kind=1 report_seq=43 uart_sequence=3028 sensor_raw=4294958396 sensor_converted=4294958396 xiao_rx=22265901 queue_push=22265903 core_rx=67821329
BNO_CORE_EVENT kind=1 report_seq=44 uart_sequence=3029 sensor_raw=4294966196 sensor_converted=4294966196 xiao_rx=22265910 queue_push=22265912 core_rx=67822461
BNO_CORE_EVENT kind=2 report_seq=52 uart_sequence=3031 sensor_raw=4294955896 sensor_converted=4294955896 xiao_rx=22273385 queue_push=22273390 core_rx=67825477
BNO_CORE_EVENT kind=1 report_seq=45 uart_sequence=3032 sensor_raw=4294962896 sensor_converted=4294962896 xiao_rx=22273412 queue_push=22273414 core_rx=67826657
BNO_CORE_EVENT kind=2 report_seq=53 uart_sequence=3034 sensor_raw=4294958696 sensor_converted=4294958696 xiao_rx=22280527 queue_push=22280534 core_rx=67836453
BNO_CORE_EVENT kind=3 report_seq=154 uart_sequence=3035 sensor_raw=4294958696 sensor_converted=4294958696 xiao_rx=22280559 queue_push=22280561 core_rx=67839150
BNO_CORE_EVENT kind=5 report_seq=154 uart_sequence=3036 sensor_raw=4294958696 sensor_converted=4294958696 xiao_rx=22280571 queue_push=22280573 core_rx=67840210
BNO_CORE_EVENT kind=1 report_seq=46 uart_sequence=3037 sensor_raw=4294963996 sensor_converted=4294963996 xiao_rx=22280579 queue_push=22280581 core_rx=67841269
BNO_CORE_EVENT kind=2 report_seq=54 uart_sequence=3038 sensor_raw=4294961996 sensor_converted=4294961996 xiao_rx=22285241 queue_push=22285247 core_rx=67842766
BNO_CORE_EVENT kind=1 report_seq=47 uart_sequence=3039 sensor_raw=4294964496 sensor_converted=4294964496 xiao_rx=22285265 queue_push=22285267 core_rx=67843912
BNO_CORE_EVENT kind=2 report_seq=55 uart_sequence=3041 sensor_raw=4294964996 sensor_converted=4294964996 xiao_rx=22295128 queue_push=22295137 core_rx=67847479
BNO_CORE_EVENT kind=3 report_seq=155 uart_sequence=3044 sensor_raw=4294957196 sensor_converted=4294957196 xiao_rx=22306525 queue_push=22306532 core_rx=67860483
BNO_CORE_EVENT kind=5 report_seq=155 uart_sequence=3045 sensor_raw=4294957196 sensor_converted=4294957196 xiao_rx=22306556 queue_push=22306558 core_rx=67863125
BNO_CORE_EVENT kind=4 report_seq=206 uart_sequence=3046 sensor_raw=4294957196 sensor_converted=4294957196 xiao_rx=22306570 queue_push=22306572 core_rx=67864196
BNO_CORE_EVENT kind=1 report_seq=48 uart_sequence=3047 sensor_raw=4294957696 sensor_converted=4294957696 xiao_rx=22306578 queue_push=22306580 core_rx=67865247
BNO_CORE_EVENT kind=1 report_seq=49 uart_sequence=3048 sensor_raw=4294965696 sensor_converted=4294965696 xiao_rx=22306586 queue_push=22306588 core_rx=67866764
BNO_CORE_EVENT kind=2 report_seq=56 uart_sequence=3049 sensor_raw=4294955696 sensor_converted=4294955696 xiao_rx=22309917 queue_push=22309920 core_rx=67867923
BNO_CORE_EVENT kind=1 report_seq=50 uart_sequence=3050 sensor_raw=4294962296 sensor_converted=4294962296 xiao_rx=22309927 queue_push=22309929 core_rx=67868957
BNO_CORE_EVENT kind=2 report_seq=57 uart_sequence=3053 sensor_raw=4294962196 sensor_converted=4294962196 xiao_rx=22321257 queue_push=22321267 core_rx=67882468
BNO_CORE_EVENT kind=3 report_seq=156 uart_sequence=3054 sensor_raw=4294962196 sensor_converted=4294962196 xiao_rx=22321295 queue_push=22321297 core_rx=67885119
BNO_CORE_EVENT kind=5 report_seq=156 uart_sequence=3055 sensor_raw=4294950996 sensor_converted=4294950996 xiao_rx=22327863 queue_push=22327867 core_rx=67886185
BNO_CORE_EVENT kind=1 report_seq=51 uart_sequence=3056 sensor_raw=4294955496 sensor_converted=4294955496 xiao_rx=22327889 queue_push=22327891 core_rx=67887247
BNO_CORE_EVENT kind=2 report_seq=58 uart_sequence=3057 sensor_raw=4294961296 sensor_converted=4294961296 xiao_rx=22327900 queue_push=22327901 core_rx=67888755
BNO_CORE_EVENT kind=1 report_seq=52 uart_sequence=3058 sensor_raw=4294963496 sensor_converted=4294963496 xiao_rx=22327908 queue_push=22327910 core_rx=67889921
BNO_CORE_EVENT kind=2 report_seq=59 uart_sequence=3059 sensor_raw=4294964596 sensor_converted=4294964596 xiao_rx=22331442 queue_push=22331445 core_rx=67890949
BNO_CORE_EVENT kind=3 report_seq=157 uart_sequence=3060 sensor_raw=4294964596 sensor_converted=4294964596 xiao_rx=22331457 queue_push=22331459 core_rx=67891975
BNO_CORE_EVENT kind=5 report_seq=157 uart_sequence=3063 sensor_raw=4294960896 sensor_converted=4294960896 xiao_rx=22344915 queue_push=22344922 core_rx=67905493
BNO_CORE_EVENT kind=4 report_seq=207 uart_sequence=3064 sensor_raw=4294960896 sensor_converted=4294960896 xiao_rx=22344944 queue_push=22344946 core_rx=67908566
BNO_CORE_EVENT kind=1 report_seq=53 uart_sequence=3065 sensor_raw=4294960996 sensor_converted=4294960996 xiao_rx=22344952 queue_push=22344954 core_rx=67909685
BNO_CORE_EVENT kind=1 report_seq=54 uart_sequence=3066 sensor_raw=4294956096 sensor_converted=4294956096 xiao_rx=22349664 queue_push=22349667 core_rx=67910716
BNO_CORE_EVENT kind=2 report_seq=60 uart_sequence=3067 sensor_raw=4294957696 sensor_converted=4294957696 xiao_rx=22349683 queue_push=22349686 core_rx=67913223
BNO_CORE_EVENT kind=1 report_seq=55 uart_sequence=3068 sensor_raw=4294963496 sensor_converted=4294963496 xiao_rx=22349692 queue_push=22349694 core_rx=67914288
BNO_CORE_EVENT kind=2 report_seq=61 uart_sequence=3070 sensor_raw=4294962796 sensor_converted=4294962796 xiao_rx=22354849 queue_push=22354851 core_rx=67916215
BNO_CORE_EVENT kind=3 report_seq=158 uart_sequence=3071 sensor_raw=4294962796 sensor_converted=4294962796 xiao_rx=22354870 queue_push=22354872 core_rx=67917242
BNO_CORE_EVENT kind=5 report_seq=158 uart_sequence=3072 sensor_raw=4294962796 sensor_converted=4294962796 xiao_rx=22354880 queue_push=22354882 core_rx=67919762
BNO_CORE_EVENT kind=1 report_seq=56 uart_sequence=3077 sensor_raw=4294961296 sensor_converted=4294961296 xiao_rx=22369410 queue_push=22369419 core_rx=67931487
BNO_CORE_EVENT kind=2 report_seq=62 uart_sequence=3078 sensor_raw=4294952696 sensor_converted=4294952696 xiao_rx=22376456 queue_push=22376460 core_rx=67934199
BNO_CORE_EVENT kind=1 report_seq=57 uart_sequence=3079 sensor_raw=4294954796 sensor_converted=4294954796 xiao_rx=22376472 queue_push=22376475 core_rx=67935371
BNO_CORE_EVENT kind=1 report_seq=58 uart_sequence=3080 sensor_raw=4294963096 sensor_converted=4294963096 xiao_rx=22376481 queue_push=22376483 core_rx=67936434
BNO_CORE_EVENT kind=2 report_seq=63 uart_sequence=3082 sensor_raw=4294963096 sensor_converted=4294963096 xiao_rx=22376489 queue_push=22376491 core_rx=67939972
BNO_CORE_EVENT kind=3 report_seq=159 uart_sequence=3083 sensor_raw=4294963096 sensor_converted=4294963096 xiao_rx=22376523 queue_push=22376524 core_rx=67942747
BNO_CORE_EVENT kind=5 report_seq=159 uart_sequence=3084 sensor_raw=4294956196 sensor_converted=4294956196 xiao_rx=22380763 queue_push=22380764 core_rx=67943821
BNO_CORE_EVENT kind=4 report_seq=208 uart_sequence=3085 sensor_raw=4294956196 sensor_converted=4294956196 xiao_rx=22380772 queue_push=22380774 core_rx=67944877
BNO_CORE_EVENT kind=1 report_seq=59 uart_sequence=3086 sensor_raw=4294963696 sensor_converted=4294963696 xiao_rx=22380780 queue_push=22380782 core_rx=67945912
BNO_CORE_EVENT kind=2 report_seq=64 uart_sequence=3089 sensor_raw=4294961296 sensor_converted=4294961296 xiao_rx=22395307 queue_push=22395316 core_rx=67948997
BNO_CORE_EVENT kind=1 report_seq=60 uart_sequence=3090 sensor_raw=4294952596 sensor_converted=4294952596 xiao_rx=22402902 queue_push=22402906 core_rx=67958501
BNO_CORE_EVENT kind=2 report_seq=65 uart_sequence=3091 sensor_raw=4294956996 sensor_converted=4294956996 xiao_rx=22402930 queue_push=22402933 core_rx=67961118
BNO_CORE_EVENT kind=3 report_seq=160 uart_sequence=3092 sensor_raw=4294956996 sensor_converted=4294956996 xiao_rx=22402944 queue_push=22402945 core_rx=67962182
BNO_CORE_EVENT kind=5 report_seq=160 uart_sequence=3093 sensor_raw=4294956996 sensor_converted=4294956996 xiao_rx=22402952 queue_push=22402954 core_rx=67963232
BNO_CORE_EVENT kind=1 report_seq=61 uart_sequence=3094 sensor_raw=4294960496 sensor_converted=4294960496 xiao_rx=22402960 queue_push=22402962 core_rx=67964779
BNO_CORE_EVENT kind=2 report_seq=66 uart_sequence=3095 sensor_raw=4294959096 sensor_converted=4294959096 xiao_rx=22407656 queue_push=22407658 core_rx=67965939
BNO_CORE_EVENT kind=1 report_seq=62 uart_sequence=3096 sensor_raw=4294960896 sensor_converted=4294960896 xiao_rx=22407665 queue_push=22407666 core_rx=67967002
BNO_CORE_EVENT kind=1 report_seq=63 uart_sequence=3101 sensor_raw=4294964596 sensor_converted=4294964596 xiao_rx=22424119 queue_push=22424128 core_rx=67981476
BNO_CORE_EVENT kind=2 report_seq=67 uart_sequence=3102 sensor_raw=4294964596 sensor_converted=4294964596 xiao_rx=22424153 queue_push=22424156 core_rx=67984170
BNO_CORE_EVENT kind=3 report_seq=161 uart_sequence=3103 sensor_raw=4294964596 sensor_converted=4294964596 xiao_rx=22424167 queue_push=22424169 core_rx=67985387
BNO_CORE_EVENT kind=5 report_seq=161 uart_sequence=3104 sensor_raw=4294948196 sensor_converted=4294948196 xiao_rx=22430916 queue_push=22430919 core_rx=67986459
BNO_CORE_EVENT kind=4 report_seq=209 uart_sequence=3105 sensor_raw=4294948196 sensor_converted=4294948196 xiao_rx=22430941 queue_push=22430943 core_rx=67987728
BNO_CORE_EVENT kind=1 report_seq=64 uart_sequence=3106 sensor_raw=4294955996 sensor_converted=4294955996 xiao_rx=22430949 queue_push=22430951 core_rx=67988761
BNO_CORE_EVENT kind=2 report_seq=68 uart_sequence=3107 sensor_raw=4294958396 sensor_converted=4294958396 xiao_rx=22430958 queue_push=22430960 core_rx=67989799
BNO_CORE_EVENT kind=1 report_seq=65 uart_sequence=3108 sensor_raw=4294963396 sensor_converted=4294963396 xiao_rx=22430966 queue_push=22430968 core_rx=67990826
BNO_CORE_EVENT kind=2 report_seq=69 uart_sequence=3109 sensor_raw=4294961296 sensor_converted=4294961296 xiao_rx=22443015 queue_push=22443023 core_rx=67997517
BNO_CORE_EVENT kind=3 report_seq=162 uart_sequence=3110 sensor_raw=4294961296 sensor_converted=4294961296 xiao_rx=22443042 queue_push=22443043 core_rx=67999446
BNO_CORE_EVENT kind=5 report_seq=162 uart_sequence=3111 sensor_raw=4294961396 sensor_converted=4294961396 xiao_rx=22443055 queue_push=22443057 core_rx=68001169
BNO_CORE_EVENT kind=1 report_seq=66 uart_sequence=3112 sensor_raw=4294964496 sensor_converted=4294964496 xiao_rx=22443063 queue_push=22443065 core_rx=68003846
BNO_CORE_EVENT kind=2 report_seq=70 uart_sequence=3113 sensor_raw=4294959496 sensor_converted=4294959496 xiao_rx=22447038 queue_push=22447041 core_rx=68005052
BNO_CORE_EVENT kind=1 report_seq=67 uart_sequence=3114 sensor_raw=4294960396 sensor_converted=4294960396 xiao_rx=22447048 queue_push=22447049 core_rx=68006141
BNO_CORE_EVENT kind=1 report_seq=68 uart_sequence=3119 sensor_raw=4294964196 sensor_converted=4294964196 xiao_rx=22458542 queue_push=22458548 core_rx=68020491
BNO_CORE_EVENT kind=2 report_seq=71 uart_sequence=3120 sensor_raw=4294953496 sensor_converted=4294953496 xiao_rx=22466451 queue_push=22466456 core_rx=68023118
BNO_CORE_EVENT kind=3 report_seq=163 uart_sequence=3121 sensor_raw=4294953496 sensor_converted=4294953496 xiao_rx=22466480 queue_push=22466482 core_rx=68024194
BNO_CORE_EVENT kind=5 report_seq=163 uart_sequence=3122 sensor_raw=4294953496 sensor_converted=4294953496 xiao_rx=22466489 queue_push=22466491 core_rx=68025247
BNO_CORE_EVENT kind=4 report_seq=210 uart_sequence=3123 sensor_raw=4294953796 sensor_converted=4294953796 xiao_rx=22466499 queue_push=22466615 core_rx=68026309
BNO_CORE_EVENT kind=1 report_seq=69 uart_sequence=3124 sensor_raw=4294961096 sensor_converted=4294961096 xiao_rx=22466622 queue_push=22466623 core_rx=68028946
BNO_CORE_EVENT kind=2 report_seq=72 uart_sequence=3125 sensor_raw=4294963996 sensor_converted=4294963996 xiao_rx=22466630 queue_push=22466631 core_rx=68030165
BNO_CORE_EVENT kind=1 report_seq=70 uart_sequence=3126 sensor_raw=4294960796 sensor_converted=4294960796 xiao_rx=22469110 queue_push=22469113 core_rx=68031214
BNO_CORE_EVENT kind=2 report_seq=73 uart_sequence=3132 sensor_raw=4294962996 sensor_converted=4294962996 xiao_rx=22483833 queue_push=22483847 core_rx=68049480
BNO_CORE_EVENT kind=3 report_seq=164 uart_sequence=3133 sensor_raw=4294962996 sensor_converted=4294962996 xiao_rx=22483877 queue_push=22483879 core_rx=68052118
BNO_CORE_EVENT kind=5 report_seq=164 uart_sequence=3134 sensor_raw=4294963296 sensor_converted=4294963296 xiao_rx=22483896 queue_push=22483898 core_rx=68053182
BNO_CORE_EVENT kind=1 report_seq=71 uart_sequence=3135 sensor_raw=4294951096 sensor_converted=4294951096 xiao_rx=22489037 queue_push=22489040 core_rx=68054240
BNO_CORE_EVENT kind=2 report_seq=74 uart_sequence=3136 sensor_raw=4294958496 sensor_converted=4294958496 xiao_rx=22489061 queue_push=22489064 core_rx=68055749
BNO_CORE_EVENT kind=1 report_seq=72 uart_sequence=3137 sensor_raw=4294958996 sensor_converted=4294958996 xiao_rx=22489072 queue_push=22489074 core_rx=68056917
BNO_CORE_EVENT kind=1 report_seq=73 uart_sequence=3138 sensor_raw=4294961896 sensor_converted=4294961896 xiao_rx=22494448 queue_push=22494452 core_rx=68057970
BNO_CORE_EVENT kind=2 report_seq=75 uart_sequence=3139 sensor_raw=4294963696 sensor_converted=4294963696 xiao_rx=22494473 queue_push=22494475 core_rx=68059020
BNO_CORE_EVENT kind=3 report_seq=165 uart_sequence=3140 sensor_raw=4294963696 sensor_converted=4294963696 xiao_rx=22494482 queue_push=22494484 core_rx=68060654
BNO_CORE_EVENT kind=5 report_seq=165 uart_sequence=3141 sensor_raw=4294963696 sensor_converted=4294963696 xiao_rx=22494491 queue_push=22494493 core_rx=68061829
BNO_CORE_EVENT kind=4 report_seq=211 uart_sequence=3142 sensor_raw=4294958396 sensor_converted=4294958396 xiao_rx=22498481 queue_push=22498484 core_rx=68062906
BNO_CORE_EVENT kind=1 report_seq=74 uart_sequence=3143 sensor_raw=4294964396 sensor_converted=4294964396 xiao_rx=22498494 queue_push=22498496 core_rx=68063958
BNO_CORE_EVENT kind=2 report_seq=76 uart_sequence=3146 sensor_raw=4294964096 sensor_converted=4294964096 xiao_rx=22511784 queue_push=22511794 core_rx=68078462
BNO_CORE_EVENT kind=1 report_seq=75 uart_sequence=3147 sensor_raw=4294955396 sensor_converted=4294955396 xiao_rx=22519408 queue_push=22519411 core_rx=68081146
BNO_CORE_EVENT kind=2 report_seq=77 uart_sequence=3148 sensor_raw=4294960796 sensor_converted=4294960796 xiao_rx=22519431 queue_push=22519433 core_rx=68082186
BNO_CORE_EVENT kind=3 report_seq=166 uart_sequence=3149 sensor_raw=4294960796 sensor_converted=4294960796 xiao_rx=22519444 queue_push=22519446 core_rx=68083241
BNO_CORE_EVENT kind=5 report_seq=166 uart_sequence=3150 sensor_raw=4294960796 sensor_converted=4294960796 xiao_rx=22519452 queue_push=22519454 core_rx=68084763
BNO_CORE_EVENT kind=1 report_seq=76 uart_sequence=3151 sensor_raw=4294962896 sensor_converted=4294962896 xiao_rx=22519461 queue_push=22519462 core_rx=68085930
BNO_CORE_EVENT kind=2 report_seq=78 uart_sequence=3152 sensor_raw=4294962596 sensor_converted=4294962596 xiao_rx=22524197 queue_push=22524202 core_rx=68086982
BNO_CORE_EVENT kind=1 report_seq=77 uart_sequence=3153 sensor_raw=4294963096 sensor_converted=4294963096 xiao_rx=22524225 queue_push=22524227 core_rx=68088026
BNO_CORE_EVENT kind=1 report_seq=78 uart_sequence=3154 sensor_raw=4294966296 sensor_converted=4294966296 xiao_rx=22527321 queue_push=22527324 core_rx=68089643
BNO_CORE_EVENT kind=2 report_seq=79 uart_sequence=3157 sensor_raw=4294964796 sensor_converted=4294964796 xiao_rx=22541598 queue_push=22541611 core_rx=68094483
BNO_CORE_EVENT kind=3 report_seq=167 uart_sequence=3160 sensor_raw=4294950596 sensor_converted=4294950596 xiao_rx=22550896 queue_push=22550902 core_rx=68110508
BNO_CORE_EVENT kind=5 report_seq=167 uart_sequence=3161 sensor_raw=4294950596 sensor_converted=4294950596 xiao_rx=22550928 queue_push=22550929 core_rx=68113145
BNO_CORE_EVENT kind=4 report_seq=212 uart_sequence=3162 sensor_raw=4294950596 sensor_converted=4294950596 xiao_rx=22550942 queue_push=22550943 core_rx=68114190
BNO_CORE_EVENT kind=1 report_seq=79 uart_sequence=3163 sensor_raw=4294957096 sensor_converted=4294957096 xiao_rx=22550950 queue_push=22550951 core_rx=68115250
BNO_CORE_EVENT kind=2 report_seq=80 uart_sequence=3164 sensor_raw=4294960896 sensor_converted=4294960896 xiao_rx=22550959 queue_push=22550962 core_rx=68116795
BNO_CORE_EVENT kind=1 report_seq=80 uart_sequence=3165 sensor_raw=4294964896 sensor_converted=4294964896 xiao_rx=22550968 queue_push=22550970 core_rx=68117937
BNO_CORE_EVENT kind=2 report_seq=81 uart_sequence=3166 sensor_raw=4294961096 sensor_converted=4294961096 xiao_rx=22557619 queue_push=22557623 core_rx=68118988
BNO_CORE_EVENT kind=3 report_seq=168 uart_sequence=3167 sensor_raw=4294961096 sensor_converted=4294961096 xiao_rx=22557642 queue_push=22557644 core_rx=68120054
BNO_CORE_EVENT kind=5 report_seq=168 uart_sequence=3168 sensor_raw=4294961396 sensor_converted=4294961396 xiao_rx=22557652 queue_push=22557654 core_rx=68121676
BNO_CORE_EVENT kind=1 report_seq=81 uart_sequence=3169 sensor_raw=4294963196 sensor_converted=4294963196 xiao_rx=22557660 queue_push=22557662 core_rx=68122834
BNO_CORE_EVENT kind=2 report_seq=82 uart_sequence=3170 sensor_raw=4294964396 sensor_converted=4294964396 xiao_rx=22560119 queue_push=22560122 core_rx=68123912
BNO_CORE_EVENT kind=1 report_seq=82 uart_sequence=3173 sensor_raw=4294961896 sensor_converted=4294961896 xiao_rx=22574766 queue_push=22574773 core_rx=68128509
BNO_CORE_EVENT kind=1 report_seq=83 uart_sequence=3176 sensor_raw=4294955696 sensor_converted=4294955696 xiao_rx=22582791 queue_push=22582797 core_rx=68138464
BNO_CORE_EVENT kind=2 report_seq=83 uart_sequence=3177 sensor_raw=4294957596 sensor_converted=4294957596 xiao_rx=22582822 queue_push=22582825 core_rx=68141198
BNO_CORE_EVENT kind=3 report_seq=169 uart_sequence=3178 sensor_raw=4294957596 sensor_converted=4294957596 xiao_rx=22582836 queue_push=22582838 core_rx=68142356
BNO_CORE_EVENT kind=5 report_seq=169 uart_sequence=3179 sensor_raw=4294957596 sensor_converted=4294957596 xiao_rx=22582845 queue_push=22582846 core_rx=68143420
BNO_CORE_EVENT kind=4 report_seq=213 uart_sequence=3180 sensor_raw=4294957596 sensor_converted=4294957596 xiao_rx=22582855 queue_push=22582856 core_rx=68144741
BNO_CORE_EVENT kind=1 report_seq=84 uart_sequence=3181 sensor_raw=4294963696 sensor_converted=4294963696 xiao_rx=22582863 queue_push=22582865 core_rx=68145814
BNO_CORE_EVENT kind=2 report_seq=84 uart_sequence=3183 sensor_raw=4294959296 sensor_converted=4294959296 xiao_rx=22587544 queue_push=22587550 core_rx=68147746
BNO_CORE_EVENT kind=1 report_seq=85 uart_sequence=3184 sensor_raw=4294963096 sensor_converted=4294963096 xiao_rx=22587576 queue_push=22587578 core_rx=68150049
BNO_CORE_EVENT kind=2 report_seq=85 uart_sequence=3188 sensor_raw=4294964396 sensor_converted=4294964396 xiao_rx=22603115 queue_push=22603124 core_rx=68155006
BNO_CORE_EVENT kind=3 report_seq=170 uart_sequence=3191 sensor_raw=4294949096 sensor_converted=4294949096 xiao_rx=22612232 queue_push=22612238 core_rx=68175104
BNO_CORE_EVENT kind=5 report_seq=170 uart_sequence=3192 sensor_raw=4294949096 sensor_converted=4294949096 xiao_rx=22612261 queue_push=22612263 core_rx=68176640
BNO_CORE_EVENT kind=1 report_seq=86 uart_sequence=3193 sensor_raw=4294950696 sensor_converted=4294950696 xiao_rx=22612270 queue_push=22612271 core_rx=68178311
BNO_CORE_EVENT kind=1 report_seq=87 uart_sequence=3194 sensor_raw=4294958996 sensor_converted=4294958996 xiao_rx=22612278 queue_push=22612279 core_rx=68179466
BNO_CORE_EVENT kind=2 report_seq=86 uart_sequence=3195 sensor_raw=4294958996 sensor_converted=4294958996 xiao_rx=22612289 queue_push=22612292 core_rx=68180518
BNO_CORE_EVENT kind=1 report_seq=88 uart_sequence=3196 sensor_raw=4294966496 sensor_converted=4294966496 xiao_rx=22612298 queue_push=22612300 core_rx=68182930
BNO_CORE_EVENT kind=2 report_seq=87 uart_sequence=3197 sensor_raw=4294960196 sensor_converted=4294960196 xiao_rx=22619856 queue_push=22619859 core_rx=68184110
BNO_CORE_EVENT kind=3 report_seq=171 uart_sequence=3198 sensor_raw=4294960196 sensor_converted=4294960196 xiao_rx=22619876 queue_push=22619878 core_rx=68185175
BNO_CORE_EVENT kind=5 report_seq=171 uart_sequence=3199 sensor_raw=4294960196 sensor_converted=4294960196 xiao_rx=22619885 queue_push=22619887 core_rx=68186205
BNO_CORE_EVENT kind=4 report_seq=214 uart_sequence=3200 sensor_raw=4294960196 sensor_converted=4294960196 xiao_rx=22619895 queue_push=22619897 core_rx=68187233
BNO_CORE_EVENT kind=1 report_seq=89 uart_sequence=3201 sensor_raw=4294965296 sensor_converted=4294965296 xiao_rx=22619903 queue_push=22619905 core_rx=68189451
BNO_CORE_EVENT kind=2 report_seq=88 uart_sequence=3202 sensor_raw=4294961996 sensor_converted=4294961996 xiao_rx=22624620 queue_push=22624623 core_rx=68190507
BNO_CORE_EVENT kind=1 report_seq=90 uart_sequence=3203 sensor_raw=4294965396 sensor_converted=4294965396 xiao_rx=22624644 queue_push=22624645 core_rx=68191536
BNO_CORE_EVENT kind=2 report_seq=89 uart_sequence=3205 sensor_raw=4294964596 sensor_converted=4294964596 xiao_rx=22638544 queue_push=22638554 core_rx=68200467
BNO_CORE_EVENT kind=3 report_seq=172 uart_sequence=3206 sensor_raw=4294953596 sensor_converted=4294953596 xiao_rx=22646654 queue_push=22646657 core_rx=68203198
BNO_CORE_EVENT kind=5 report_seq=172 uart_sequence=3207 sensor_raw=4294953596 sensor_converted=4294953596 xiao_rx=22646677 queue_push=22646679 core_rx=68204364
BNO_CORE_EVENT kind=1 report_seq=91 uart_sequence=3208 sensor_raw=4294954796 sensor_converted=4294954796 xiao_rx=22646685 queue_push=22646687 core_rx=68205421
BNO_CORE_EVENT kind=1 report_seq=92 uart_sequence=3209 sensor_raw=4294963296 sensor_converted=4294963296 xiao_rx=22646693 queue_push=22646695 core_rx=68206810
BNO_CORE_EVENT kind=2 report_seq=90 uart_sequence=3210 sensor_raw=4294963596 sensor_converted=4294963596 xiao_rx=22646706 queue_push=22646707 core_rx=68208018
BNO_CORE_EVENT kind=1 report_seq=93 uart_sequence=3211 sensor_raw=4294962996 sensor_converted=4294962996 xiao_rx=22649162 queue_push=22649165 core_rx=68209149
BNO_CORE_EVENT kind=4 report_seq=215 uart_sequence=3215 sensor_raw=4294962796 sensor_converted=4294962796 xiao_rx=22666093 queue_push=22666103 core_rx=68216459
BNO_CORE_EVENT kind=2 report_seq=91 uart_sequence=3216 sensor_raw=4294962796 sensor_converted=4294962796 xiao_rx=22666125 queue_push=22666128 core_rx=68219172
BNO_CORE_EVENT kind=3 report_seq=173 uart_sequence=3217 sensor_raw=4294962796 sensor_converted=4294962796 xiao_rx=22666140 queue_push=22666141 core_rx=68220377
BNO_CORE_EVENT kind=5 report_seq=173 uart_sequence=3218 sensor_raw=4294962796 sensor_converted=4294962796 xiao_rx=22666153 queue_push=22666155 core_rx=68221417
BNO_CORE_EVENT kind=1 report_seq=94 uart_sequence=3221 sensor_raw=4294951196 sensor_converted=4294951196 xiao_rx=22676001 queue_push=22676006 core_rx=68226491
BNO_CORE_EVENT kind=2 report_seq=92 uart_sequence=3222 sensor_raw=4294956096 sensor_converted=4294956096 xiao_rx=22676030 queue_push=22676033 core_rx=68229527
BNO_CORE_EVENT kind=1 report_seq=95 uart_sequence=3223 sensor_raw=4294958696 sensor_converted=4294958696 xiao_rx=22676039 queue_push=22676041 core_rx=68230634
BNO_CORE_EVENT kind=2 report_seq=93 uart_sequence=3227 sensor_raw=4294956096 sensor_converted=4294956096 xiao_rx=22686598 queue_push=22686608 core_rx=68248478
BNO_CORE_EVENT kind=3 report_seq=174 uart_sequence=3228 sensor_raw=4294956096 sensor_converted=4294956096 xiao_rx=22686638 queue_push=22686639 core_rx=68251198
BNO_CORE_EVENT kind=5 report_seq=174 uart_sequence=3229 sensor_raw=4294956096 sensor_converted=4294956096 xiao_rx=22686651 queue_push=22686652 core_rx=68252360
BNO_CORE_EVENT kind=1 report_seq=96 uart_sequence=3230 sensor_raw=4294956796 sensor_converted=4294956796 xiao_rx=22686659 queue_push=22686660 core_rx=68253417
BNO_CORE_EVENT kind=1 report_seq=97 uart_sequence=3231 sensor_raw=4294964596 sensor_converted=4294964596 xiao_rx=22686667 queue_push=22686669 core_rx=68254744
BNO_CORE_EVENT kind=2 report_seq=94 uart_sequence=3232 sensor_raw=4294955596 sensor_converted=4294955596 xiao_rx=22690074 queue_push=22690080 core_rx=68255805
BNO_CORE_EVENT kind=1 report_seq=98 uart_sequence=3233 sensor_raw=4294962196 sensor_converted=4294962196 xiao_rx=22690111 queue_push=22690113 core_rx=68256867
BNO_CORE_EVENT kind=4 report_seq=216 uart_sequence=3234 sensor_raw=4294961996 sensor_converted=4294961996 xiao_rx=22697726 queue_push=22697729 core_rx=68257921
BNO_CORE_EVENT kind=2 report_seq=95 uart_sequence=3235 sensor_raw=4294961996 sensor_converted=4294961996 xiao_rx=22697741 queue_push=22697742 core_rx=68260008
BNO_CORE_EVENT kind=3 report_seq=175 uart_sequence=3236 sensor_raw=4294961996 sensor_converted=4294961996 xiao_rx=22697751 queue_push=22697753 core_rx=68261081
BNO_CORE_EVENT kind=5 report_seq=175 uart_sequence=3237 sensor_raw=4294961996 sensor_converted=4294961996 xiao_rx=22697760 queue_push=22697762 core_rx=68262130
BNO_CORE_EVENT kind=1 report_seq=99 uart_sequence=3238 sensor_raw=4294966496 sensor_converted=4294966496 xiao_rx=22697768 queue_push=22697770 core_rx=68263158
BNO_CORE_EVENT kind=2 report_seq=96 uart_sequence=3242 sensor_raw=4294964396 sensor_converted=4294964396 xiao_rx=22713791 queue_push=22713801 core_rx=68277482
BNO_CORE_EVENT kind=1 report_seq=100 uart_sequence=3243 sensor_raw=4294950896 sensor_converted=4294950896 xiao_rx=22721704 queue_push=22721707 core_rx=68280140
BNO_CORE_EVENT kind=2 report_seq=97 uart_sequence=3244 sensor_raw=4294958496 sensor_converted=4294958496 xiao_rx=22721725 queue_push=22721727 core_rx=68281186
BNO_CORE_EVENT kind=3 report_seq=176 uart_sequence=3245 sensor_raw=4294958496 sensor_converted=4294958496 xiao_rx=22721739 queue_push=22721741 core_rx=68282237
BNO_CORE_EVENT kind=5 report_seq=176 uart_sequence=3246 sensor_raw=4294958496 sensor_converted=4294958496 xiao_rx=22721748 queue_push=22721749 core_rx=68283792
BNO_CORE_EVENT kind=1 report_seq=101 uart_sequence=3247 sensor_raw=4294958696 sensor_converted=4294958696 xiao_rx=22721756 queue_push=22721757 core_rx=68284967
BNO_CORE_EVENT kind=1 report_seq=102 uart_sequence=3248 sensor_raw=4294966596 sensor_converted=4294966596 xiao_rx=22721764 queue_push=22721766 core_rx=68286005
BNO_CORE_EVENT kind=2 report_seq=98 uart_sequence=3249 sensor_raw=4294960396 sensor_converted=4294960396 xiao_rx=22726529 queue_push=22726532 core_rx=68287034
BNO_CORE_EVENT kind=1 report_seq=103 uart_sequence=3250 sensor_raw=4294966796 sensor_converted=4294966796 xiao_rx=22726544 queue_push=22726546 core_rx=68288662
BNO_CORE_EVENT kind=4 report_seq=217 uart_sequence=3253 sensor_raw=4294965196 sensor_converted=4294965196 xiao_rx=22738446 queue_push=22738455 core_rx=68297450
BNO_CORE_EVENT kind=2 report_seq=99 uart_sequence=3254 sensor_raw=4294953596 sensor_converted=4294953596 xiao_rx=22744707 queue_push=22744713 core_rx=68300161
BNO_CORE_EVENT kind=3 report_seq=177 uart_sequence=3255 sensor_raw=4294953596 sensor_converted=4294953596 xiao_rx=22744736 queue_push=22744738 core_rx=68301366
BNO_CORE_EVENT kind=5 report_seq=177 uart_sequence=3256 sensor_raw=4294953596 sensor_converted=4294953596 xiao_rx=22744749 queue_push=22744751 core_rx=68302429
BNO_CORE_EVENT kind=1 report_seq=104 uart_sequence=3257 sensor_raw=4294958496 sensor_converted=4294958496 xiao_rx=22744757 queue_push=22744759 core_rx=68303797
BNO_CORE_EVENT kind=2 report_seq=100 uart_sequence=3258 sensor_raw=4294963996 sensor_converted=4294963996 xiao_rx=22744766 queue_push=22744767 core_rx=68304854
BNO_CORE_EVENT kind=1 report_seq=105 uart_sequence=3259 sensor_raw=4294959496 sensor_converted=4294959496 xiao_rx=22747217 queue_push=22747220 core_rx=68305883
BNO_CORE_EVENT kind=2 report_seq=101 uart_sequence=3261 sensor_raw=4294964596 sensor_converted=4294964596 xiao_rx=22756410 queue_push=22756420 core_rx=68312526
BNO_CORE_EVENT kind=3 report_seq=178 uart_sequence=3262 sensor_raw=4294955696 sensor_converted=4294955696 xiao_rx=22761778 queue_push=22761781 core_rx=68315201
BNO_CORE_EVENT kind=1 report_seq=106 uart_sequence=3263 sensor_raw=4294955696 sensor_converted=4294955696 xiao_rx=22761797 queue_push=22761799 core_rx=68316426
BNO_CORE_EVENT kind=5 report_seq=178 uart_sequence=3264 sensor_raw=4294955696 sensor_converted=4294955696 xiao_rx=22761805 queue_push=22761807 core_rx=68317467
BNO_CORE_EVENT kind=1 report_seq=107 uart_sequence=3265 sensor_raw=4294963996 sensor_converted=4294963996 xiao_rx=22761813 queue_push=22761815 core_rx=68318756
BNO_CORE_EVENT kind=2 report_seq=102 uart_sequence=3268 sensor_raw=4294960196 sensor_converted=4294960196 xiao_rx=22771906 queue_push=22771912 core_rx=68322867
BNO_CORE_EVENT kind=1 report_seq=108 uart_sequence=3269 sensor_raw=4294965996 sensor_converted=4294965996 xiao_rx=22771934 queue_push=22771936 core_rx=68324740
BNO_CORE_EVENT kind=2 report_seq=103 uart_sequence=3272 sensor_raw=4294960396 sensor_converted=4294960396 xiao_rx=22781294 queue_push=22781303 core_rx=68336021
BNO_CORE_EVENT kind=3 report_seq=179 uart_sequence=3273 sensor_raw=4294960396 sensor_converted=4294960396 xiao_rx=22781331 queue_push=22781333 core_rx=68338484
BNO_CORE_EVENT kind=5 report_seq=179 uart_sequence=3274 sensor_raw=4294960396 sensor_converted=4294960396 xiao_rx=22781344 queue_push=22781346 core_rx=68339632
BNO_CORE_EVENT kind=4 report_seq=218 uart_sequence=3275 sensor_raw=4294960396 sensor_converted=4294960396 xiao_rx=22781354 queue_push=22781355 core_rx=68341787
BNO_CORE_EVENT kind=1 report_seq=109 uart_sequence=3276 sensor_raw=4294963796 sensor_converted=4294963796 xiao_rx=22781362 queue_push=22781364 core_rx=68342867
BNO_CORE_EVENT kind=2 report_seq=104 uart_sequence=3277 sensor_raw=4294961096 sensor_converted=4294961096 xiao_rx=22785991 queue_push=22785995 core_rx=68343909
BNO_CORE_EVENT kind=1 report_seq=110 uart_sequence=3278 sensor_raw=4294962296 sensor_converted=4294962296 xiao_rx=22786009 queue_push=22786011 core_rx=68344959
BNO_CORE_EVENT kind=1 report_seq=111 uart_sequence=3282 sensor_raw=4294965296 sensor_converted=4294965296 xiao_rx=22796670 queue_push=22796677 core_rx=68353482
BNO_CORE_EVENT kind=2 report_seq=105 uart_sequence=3283 sensor_raw=4294955396 sensor_converted=4294955396 xiao_rx=22802064 queue_push=22802068 core_rx=68354699
BNO_CORE_EVENT kind=3 report_seq=180 uart_sequence=3284 sensor_raw=4294955396 sensor_converted=4294955396 xiao_rx=22802084 queue_push=22802086 core_rx=68356780
BNO_CORE_EVENT kind=5 report_seq=180 uart_sequence=3285 sensor_raw=4294955396 sensor_converted=4294955396 xiao_rx=22802092 queue_push=22802094 core_rx=68357817
BNO_CORE_EVENT kind=1 report_seq=112 uart_sequence=3286 sensor_raw=4294963296 sensor_converted=4294963296 xiao_rx=22802101 queue_push=22802102 core_rx=68358853
BNO_CORE_EVENT kind=2 report_seq=106 uart_sequence=3288 sensor_raw=4294959996 sensor_converted=4294959996 xiao_rx=22810057 queue_push=22810066 core_rx=68361098
BNO_CORE_EVENT kind=1 report_seq=113 uart_sequence=3289 sensor_raw=4294965296 sensor_converted=4294965296 xiao_rx=22810084 queue_push=22810086 core_rx=68362861
BNO_CORE_EVENT kind=2 report_seq=107 uart_sequence=3292 sensor_raw=4294962396 sensor_converted=4294962396 xiao_rx=22821156 queue_push=22821164 core_rx=68376487
BNO_CORE_EVENT kind=3 report_seq=181 uart_sequence=3293 sensor_raw=4294962396 sensor_converted=4294962396 xiao_rx=22821191 queue_push=22821193 core_rx=68378456
BNO_CORE_EVENT kind=5 report_seq=181 uart_sequence=3294 sensor_raw=4294962396 sensor_converted=4294962396 xiao_rx=22821207 queue_push=22821209 core_rx=68379525
BNO_CORE_EVENT kind=4 report_seq=219 uart_sequence=3295 sensor_raw=4294962396 sensor_converted=4294962396 xiao_rx=22821225 queue_push=22821227 core_rx=68381826
BNO_CORE_EVENT kind=1 report_seq=114 uart_sequence=3296 sensor_raw=4294965296 sensor_converted=4294965296 xiao_rx=22821235 queue_push=22821236 core_rx=68383009
BNO_CORE_EVENT kind=2 report_seq=108 uart_sequence=3297 sensor_raw=4294961096 sensor_converted=4294961096 xiao_rx=22825902 queue_push=22825906 core_rx=68384047
BNO_CORE_EVENT kind=1 report_seq=115 uart_sequence=3298 sensor_raw=4294962096 sensor_converted=4294962096 xiao_rx=22825925 queue_push=22825927 core_rx=68385076
BNO_CORE_EVENT kind=1 report_seq=116 uart_sequence=3300 sensor_raw=4294964996 sensor_converted=4294964996 xiao_rx=22837452 queue_push=22837462 core_rx=68389368
BNO_CORE_EVENT kind=2 report_seq=109 uart_sequence=3303 sensor_raw=4294954496 sensor_converted=4294954496 xiao_rx=22845779 queue_push=22845786 core_rx=68397041
BNO_CORE_EVENT kind=3 report_seq=182 uart_sequence=3304 sensor_raw=4294954496 sensor_converted=4294954496 xiao_rx=22845813 queue_push=22845814 core_rx=68398848
BNO_CORE_EVENT kind=5 report_seq=182 uart_sequence=3305 sensor_raw=4294954496 sensor_converted=4294954496 xiao_rx=22845823 queue_push=22845825 core_rx=68399977
BNO_CORE_EVENT kind=1 report_seq=117 uart_sequence=3306 sensor_raw=4294962096 sensor_converted=4294962096 xiao_rx=22845831 queue_push=22845833 core_rx=68401016
BNO_CORE_EVENT kind=2 report_seq=110 uart_sequence=3307 sensor_raw=4294964896 sensor_converted=4294964896 xiao_rx=22845840 queue_push=22845841 core_rx=68403244
BNO_CORE_EVENT kind=1 report_seq=118 uart_sequence=3309 sensor_raw=4294960796 sensor_converted=4294960796 xiao_rx=22853369 queue_push=22853376 core_rx=68405703
BNO_CORE_EVENT kind=2 report_seq=111 uart_sequence=3310 sensor_raw=4294958596 sensor_converted=4294958596 xiao_rx=22861241 queue_push=22861246 core_rx=68416523
BNO_CORE_EVENT kind=3 report_seq=183 uart_sequence=3311 sensor_raw=4294958596 sensor_converted=4294958596 xiao_rx=22861268 queue_push=22861269 core_rx=68419471
BNO_CORE_EVENT kind=5 report_seq=183 uart_sequence=3312 sensor_raw=4294958896 sensor_converted=4294958896 xiao_rx=22861284 queue_push=22861285 core_rx=68420536
BNO_CORE_EVENT kind=4 report_seq=220 uart_sequence=3313 sensor_raw=4294958896 sensor_converted=4294958896 xiao_rx=22861295 queue_push=22861296 core_rx=68422380
BNO_CORE_EVENT kind=1 report_seq=119 uart_sequence=3314 sensor_raw=4294961496 sensor_converted=4294961496 xiao_rx=22861303 queue_push=22861305 core_rx=68423614
BNO_CORE_EVENT kind=2 report_seq=112 uart_sequence=3315 sensor_raw=4294961296 sensor_converted=4294961296 xiao_rx=22865975 queue_push=22865976 core_rx=68424676
BNO_CORE_EVENT kind=1 report_seq=120 uart_sequence=3316 sensor_raw=4294961596 sensor_converted=4294961596 xiao_rx=22865983 queue_push=22865984 core_rx=68425705
BNO_CORE_EVENT kind=1 report_seq=121 uart_sequence=3318 sensor_raw=4294964396 sensor_converted=4294964396 xiao_rx=22874152 queue_push=22874158 core_rx=68428453
BNO_CORE_EVENT kind=2 report_seq=113 uart_sequence=3322 sensor_raw=4294957796 sensor_converted=4294957796 xiao_rx=22884245 queue_push=22884252 core_rx=68440476
BNO_CORE_EVENT kind=3 report_seq=184 uart_sequence=3323 sensor_raw=4294957796 sensor_converted=4294957796 xiao_rx=22884280 queue_push=22884282 core_rx=68441726
BNO_CORE_EVENT kind=5 report_seq=184 uart_sequence=3324 sensor_raw=4294957796 sensor_converted=4294957796 xiao_rx=22884292 queue_push=22884294 core_rx=68443783
BNO_CORE_EVENT kind=1 report_seq=122 uart_sequence=3325 sensor_raw=4294964996 sensor_converted=4294964996 xiao_rx=22884301 queue_push=22884302 core_rx=68444853
BNO_CORE_EVENT kind=2 report_seq=114 uart_sequence=3326 sensor_raw=4294958196 sensor_converted=4294958196 xiao_rx=22888396 queue_push=22888399 core_rx=68445899
BNO_CORE_EVENT kind=1 report_seq=123 uart_sequence=3327 sensor_raw=4294962496 sensor_converted=4294962496 xiao_rx=22888419 queue_push=22888420 core_rx=68446940
BNO_CORE_EVENT kind=2 report_seq=115 uart_sequence=3331 sensor_raw=4294963896 sensor_converted=4294963896 xiao_rx=22900469 queue_push=22900479 core_rx=68458493
BNO_CORE_EVENT kind=3 report_seq=185 uart_sequence=3332 sensor_raw=4294963896 sensor_converted=4294963896 xiao_rx=22900526 queue_push=22900527 core_rx=68460457
BNO_CORE_EVENT kind=5 report_seq=185 uart_sequence=3333 sensor_raw=4294951796 sensor_converted=4294951796 xiao_rx=22907910 queue_push=22907912 core_rx=68461517
BNO_CORE_EVENT kind=4 report_seq=221 uart_sequence=3334 sensor_raw=4294951796 sensor_converted=4294951796 xiao_rx=22907920 queue_push=22907921 core_rx=68463416
BNO_CORE_EVENT kind=1 report_seq=124 uart_sequence=3335 sensor_raw=4294953896 sensor_converted=4294953896 xiao_rx=22907928 queue_push=22907929 core_rx=68464604
BNO_CORE_EVENT kind=2 report_seq=116 uart_sequence=3336 sensor_raw=4294961896 sensor_converted=4294961896 xiao_rx=22907936 queue_push=22907938 core_rx=68465678
BNO_CORE_EVENT kind=1 report_seq=125 uart_sequence=3337 sensor_raw=4294961896 sensor_converted=4294961896 xiao_rx=22907944 queue_push=22907946 core_rx=68467893
BNO_CORE_EVENT kind=1 report_seq=126 uart_sequence=3340 sensor_raw=4294962596 sensor_converted=4294962596 xiao_rx=22920590 queue_push=22920598 core_rx=68477095
BNO_CORE_EVENT kind=2 report_seq=117 uart_sequence=3341 sensor_raw=4294964196 sensor_converted=4294964196 xiao_rx=22920624 queue_push=22920627 core_rx=68479459
BNO_CORE_EVENT kind=3 report_seq=186 uart_sequence=3342 sensor_raw=4294964196 sensor_converted=4294964196 xiao_rx=22920638 queue_push=22920640 core_rx=68480547
BNO_CORE_EVENT kind=5 report_seq=186 uart_sequence=3343 sensor_raw=4294951396 sensor_converted=4294951396 xiao_rx=22927105 queue_push=22927109 core_rx=68482443
BNO_CORE_EVENT kind=1 report_seq=127 uart_sequence=3344 sensor_raw=4294957996 sensor_converted=4294957996 xiao_rx=22927126 queue_push=22927128 core_rx=68483655
BNO_CORE_EVENT kind=2 report_seq=118 uart_sequence=3345 sensor_raw=4294961796 sensor_converted=4294961796 xiao_rx=22927137 queue_push=22927139 core_rx=68484689
BNO_CORE_EVENT kind=1 report_seq=128 uart_sequence=3346 sensor_raw=4294965396 sensor_converted=4294965396 xiao_rx=22927145 queue_push=22927147 core_rx=68485716
BNO_CORE_EVENT kind=2 report_seq=119 uart_sequence=3347 sensor_raw=4294964596 sensor_converted=4294964596 xiao_rx=22937116 queue_push=22937121 core_rx=68488458
XIAO UART baud=921600 rx=GPIO8 tx=GPIO9 bytes=864996 frames=1131 bytes_s=46896 frames_s=482 crc/cobs/len=0/0/0 seqgap=0 age_ms=3 type=3 log=1 q=0 rec=156 final=0
RXDIAG max_us=6554 budget_hits=11 byte/frame/time=11/0/0 rx_buf_max=1092 loop_period_max_us=1174994 loop_exec_max_us=1168663 free_heap=138512 min_free_heap=138332 reset_reason=0 bno_kind_1to5_s=126/101/50/25/50 queue=0 high=13 drops=0
RXDETAIL service_calls=57029 service_bytes_avg=15 service_bytes_max=512 service_frames_avg=0 service_frames_avg_x1000=116 service_frames_max=7 service_bytes_s=47056 service_frames_s=484 rxbuf_full_obs=0 bno_valid=830 bno_invalid=0 unknown=0 uart_overflow=framework_unavailable trial_rx_bytes=109756 trial_frames=1131 trial_bno=830 trial_crc/cobs/len=0/0/0
BNO_CORE_EVENT kind=3 report_seq=187 uart_sequence=3350 sensor_raw=4294954996 sensor_converted=4294954996 xiao_rx=22945583 queue_push=22945592 core_rx=68496451
RXTASK mode=decode_count read_calls=57030 zero_reads=49537 read_bytes_max=512 rx_task_max_us=6554 rx_task_continuous_max_us=6554 stack_hwm_min_bytes=4472 cobs_delimiters=6652 rx_current=240 rx_max=1092 rx_full=0 overflow=framework_unavailable
SDTASK max_process_us=102012
BNO_CORE_EVENT kind=5 report_seq=187 uart_sequence=3351 sensor_raw=4294955096 sensor_converted=4294955096 xiao_rx=22945616 queue_push=22945618 core_rx=68500118
BNO_CORE_EVENT kind=4 report_seq=222 uart_sequence=3352 sensor_raw=4294955096 sensor_converted=4294955096 xiao_rx=22945630 queue_push=22945632 core_rx=68501210
BNO_CORE_EVENT kind=1 report_seq=129 uart_sequence=3353 sensor_raw=4294957096 sensor_converted=4294957096 xiao_rx=22945638 queue_push=22945640 core_rx=68502265
BNO_CORE_EVENT kind=1 report_seq=130 uart_sequence=3354 sensor_raw=4294965496 sensor_converted=4294965496 xiao_rx=22945647 queue_push=22945648 core_rx=68503320
BNO_CORE_EVENT kind=2 report_seq=120 uart_sequence=3358 sensor_raw=4294956396 sensor_converted=4294956396 xiao_rx=22957615 queue_push=22957627 core_rx=68518474
BNO_CORE_EVENT kind=1 report_seq=131 uart_sequence=3359 sensor_raw=4294963696 sensor_converted=4294963696 xiao_rx=22957658 queue_push=22957659 core_rx=68521208
BNO_CORE_EVENT kind=2 report_seq=121 uart_sequence=3360 sensor_raw=4294954496 sensor_converted=4294954496 xiao_rx=22964790 queue_push=22964801 core_rx=68522437
BNO_CORE_EVENT kind=3 report_seq=188 uart_sequence=3361 sensor_raw=4294954496 sensor_converted=4294954496 xiao_rx=22964826 queue_push=22964827 core_rx=68523475
BNO_CORE_EVENT kind=5 report_seq=188 uart_sequence=3362 sensor_raw=4294954496 sensor_converted=4294954496 xiao_rx=22964839 queue_push=22964841 core_rx=68526242
BNO_CORE_EVENT kind=1 report_seq=132 uart_sequence=3363 sensor_raw=4294960696 sensor_converted=4294960696 xiao_rx=22964847 queue_push=22964849 core_rx=68527356
BNO_CORE_EVENT kind=2 report_seq=122 uart_sequence=3364 sensor_raw=4294964396 sensor_converted=4294964396 xiao_rx=22964855 queue_push=22964857 core_rx=68528388
BNO_CORE_EVENT kind=1 report_seq=133 uart_sequence=3365 sensor_raw=4294961696 sensor_converted=4294961696 xiao_rx=22967442 queue_push=22967447 core_rx=68529426
BNO_CORE_EVENT kind=2 report_seq=123 uart_sequence=3368 sensor_raw=4294964096 sensor_converted=4294964096 xiao_rx=22977450 queue_push=22977460 core_rx=68538443
BNO_CORE_EVENT kind=3 report_seq=189 uart_sequence=3369 sensor_raw=4294954396 sensor_converted=4294954396 xiao_rx=22984683 queue_push=22984687 core_rx=68541186
BNO_CORE_EVENT kind=5 report_seq=189 uart_sequence=3370 sensor_raw=4294954396 sensor_converted=4294954396 xiao_rx=22984709 queue_push=22984711 core_rx=68542340
BNO_CORE_EVENT kind=4 report_seq=223 uart_sequence=3371 sensor_raw=4294954396 sensor_converted=4294954396 xiao_rx=22984723 queue_push=22984725 core_rx=68543399
BNO_CORE_EVENT kind=1 report_seq=134 uart_sequence=3372 sensor_raw=4294956196 sensor_converted=4294956196 xiao_rx=22984731 queue_push=22984733 core_rx=68544973
BNO_CORE_EVENT kind=1 report_seq=135 uart_sequence=3373 sensor_raw=4294964496 sensor_converted=4294964496 xiao_rx=22984740 queue_push=22984741 core_rx=68546185
BNO_CORE_EVENT kind=2 report_seq=124 uart_sequence=3374 sensor_raw=4294964496 sensor_converted=4294964496 xiao_rx=22984749 queue_push=22984751 core_rx=68547213
BNO_CORE_EVENT kind=1 report_seq=136 uart_sequence=3376 sensor_raw=4294964996 sensor_converted=4294964996 xiao_rx=22987208 queue_push=22987211 core_rx=68549757
BNO_CORE_EVENT kind=2 report_seq=125 uart_sequence=3379 sensor_raw=4294964796 sensor_converted=4294964796 xiao_rx=22999703 queue_push=22999713 core_rx=68558455
BNO_CORE_EVENT kind=3 report_seq=190 uart_sequence=3380 sensor_raw=4294952396 sensor_converted=4294952396 xiao_rx=23007277 queue_push=23007278 core_rx=68561135
BNO_CORE_EVENT kind=5 report_seq=190 uart_sequence=3381 sensor_raw=4294952396 sensor_converted=4294952396 xiao_rx=23007294 queue_push=23007297 core_rx=68562201
BNO_CORE_EVENT kind=1 report_seq=137 uart_sequence=3382 sensor_raw=4294958196 sensor_converted=4294958196 xiao_rx=23007304 queue_push=23007306 core_rx=68563286
BNO_CORE_EVENT kind=2 report_seq=126 uart_sequence=3383 sensor_raw=4294962796 sensor_converted=4294962796 xiao_rx=23007313 queue_push=23007315 core_rx=68565273
BNO_CORE_EVENT kind=1 report_seq=138 uart_sequence=3384 sensor_raw=4294965696 sensor_converted=4294965696 xiao_rx=23007321 queue_push=23007323 core_rx=68566738
BNO_CORE_EVENT kind=2 report_seq=127 uart_sequence=3390 sensor_raw=4294964796 sensor_converted=4294964796 xiao_rx=23023275 queue_push=23023284 core_rx=68576440
BNO_CORE_EVENT kind=3 report_seq=191 uart_sequence=3392 sensor_raw=4294948896 sensor_converted=4294948896 xiao_rx=23033887 queue_push=23033893 core_rx=68590510
BNO_CORE_EVENT kind=5 report_seq=191 uart_sequence=3393 sensor_raw=4294948896 sensor_converted=4294948896 xiao_rx=23033920 queue_push=23033922 core_rx=68593143
BNO_CORE_EVENT kind=4 report_seq=224 uart_sequence=3394 sensor_raw=4294948896 sensor_converted=4294948896 xiao_rx=23033934 queue_push=23033936 core_rx=68594302
BNO_CORE_EVENT kind=1 report_seq=139 uart_sequence=3395 sensor_raw=4294949896 sensor_converted=4294949896 xiao_rx=23033942 queue_push=23033944 core_rx=68595394
BNO_CORE_EVENT kind=1 report_seq=140 uart_sequence=3396 sensor_raw=4294958296 sensor_converted=4294958296 xiao_rx=23033950 queue_push=23033952 core_rx=68597272
BNO_CORE_EVENT kind=2 report_seq=128 uart_sequence=3398 sensor_raw=4294958596 sensor_converted=4294958596 xiao_rx=23033959 queue_push=23033962 core_rx=68601744
BNO_CORE_EVENT kind=1 report_seq=141 uart_sequence=3399 sensor_raw=4294965596 sensor_converted=4294965596 xiao_rx=23033969 queue_push=23033970 core_rx=68602806
BNO_CORE_EVENT kind=2 report_seq=129 uart_sequence=3400 sensor_raw=4294958396 sensor_converted=4294958396 xiao_rx=23039878 queue_push=23039879 core_rx=68603836
BNO_CORE_EVENT kind=3 report_seq=192 uart_sequence=3401 sensor_raw=4294958396 sensor_converted=4294958396 xiao_rx=23039886 queue_push=23039888 core_rx=68604896
BNO_CORE_EVENT kind=5 report_seq=192 uart_sequence=3402 sensor_raw=4294958396 sensor_converted=4294958396 xiao_rx=23039894 queue_push=23039896 core_rx=68605929
BNO_CORE_EVENT kind=1 report_seq=142 uart_sequence=3403 sensor_raw=4294963096 sensor_converted=4294963096 xiao_rx=23039903 queue_push=23039904 core_rx=68606958
BNO_CORE_EVENT kind=2 report_seq=130 uart_sequence=3405 sensor_raw=4294961996 sensor_converted=4294961996 xiao_rx=23056696 queue_push=23056706 core_rx=68618487
BNO_CORE_EVENT kind=1 report_seq=143 uart_sequence=3406 sensor_raw=4294964896 sensor_converted=4294964896 xiao_rx=23056734 queue_push=23056736 core_rx=68621501
BNO_CORE_EVENT kind=2 report_seq=131 uart_sequence=3407 sensor_raw=4294955696 sensor_converted=4294955696 xiao_rx=23063881 queue_push=23063883 core_rx=68622695
BNO_CORE_EVENT kind=3 report_seq=193 uart_sequence=3408 sensor_raw=4294955696 sensor_converted=4294955696 xiao_rx=23063898 queue_push=23063900 core_rx=68624784
BNO_CORE_EVENT kind=5 report_seq=193 uart_sequence=3409 sensor_raw=4294955696 sensor_converted=4294955696 xiao_rx=23063907 queue_push=23063908 core_rx=68625900
BNO_CORE_EVENT kind=4 report_seq=225 uart_sequence=3410 sensor_raw=4294955696 sensor_converted=4294955696 xiao_rx=23063916 queue_push=23063918 core_rx=68626964
BNO_CORE_EVENT kind=1 report_seq=144 uart_sequence=3411 sensor_raw=4294956196 sensor_converted=4294956196 xiao_rx=23063925 queue_push=23063926 core_rx=68628015
BNO_CORE_EVENT kind=1 report_seq=145 uart_sequence=3412 sensor_raw=4294964196 sensor_converted=4294964196 xiao_rx=23063933 queue_push=23063934 core_rx=68629065
BNO_CORE_EVENT kind=2 report_seq=132 uart_sequence=3414 sensor_raw=4294957996 sensor_converted=4294957996 xiao_rx=23067937 queue_push=23067938 core_rx=68633572
BNO_CORE_EVENT kind=1 report_seq=146 uart_sequence=3415 sensor_raw=4294964696 sensor_converted=4294964696 xiao_rx=23067945 queue_push=23067947 core_rx=68634680
BNO_CORE_EVENT kind=2 report_seq=133 uart_sequence=3420 sensor_raw=4294964096 sensor_converted=4294964096 xiao_rx=23087216 queue_push=23087226 core_rx=68643456
BNO_CORE_EVENT kind=3 report_seq=194 uart_sequence=3421 sensor_raw=4294964096 sensor_converted=4294964096 xiao_rx=23087253 queue_push=23087254 core_rx=68646119
BNO_CORE_EVENT kind=5 report_seq=194 uart_sequence=3422 sensor_raw=4294944696 sensor_converted=4294944696 xiao_rx=23092433 queue_push=23092436 core_rx=68647256
BNO_CORE_EVENT kind=1 report_seq=147 uart_sequence=3423 sensor_raw=4294949196 sensor_converted=4294949196 xiao_rx=23092448 queue_push=23092449 core_rx=68648329
BNO_CORE_EVENT kind=2 report_seq=134 uart_sequence=3424 sensor_raw=4294954996 sensor_converted=4294954996 xiao_rx=23092458 queue_push=23092460 core_rx=68650225
BNO_CORE_EVENT kind=1 report_seq=148 uart_sequence=3425 sensor_raw=4294957196 sensor_converted=4294957196 xiao_rx=23092467 queue_push=23092468 core_rx=68651268
BNO_CORE_EVENT kind=2 report_seq=135 uart_sequence=3428 sensor_raw=4294959796 sensor_converted=4294959796 xiao_rx=23107686 queue_push=23107696 core_rx=68663445
BNO_CORE_EVENT kind=3 report_seq=195 uart_sequence=3429 sensor_raw=4294959796 sensor_converted=4294959796 xiao_rx=23107722 queue_push=23107724 core_rx=68666148
BNO_CORE_EVENT kind=5 report_seq=195 uart_sequence=3430 sensor_raw=4294959796 sensor_converted=4294959796 xiao_rx=23107735 queue_push=23107737 core_rx=68667220
BNO_CORE_EVENT kind=4 report_seq=226 uart_sequence=3431 sensor_raw=4294959796 sensor_converted=4294959796 xiao_rx=23107745 queue_push=23107747 core_rx=68668284
BNO_CORE_EVENT kind=1 report_seq=149 uart_sequence=3432 sensor_raw=4294959896 sensor_converted=4294959896 xiao_rx=23107753 queue_push=23107755 core_rx=68670219
BNO_CORE_EVENT kind=1 report_seq=150 uart_sequence=3433 sensor_raw=4294953996 sensor_converted=4294953996 xiao_rx=23112021 queue_push=23112026 core_rx=68671263
BNO_CORE_EVENT kind=2 report_seq=136 uart_sequence=3434 sensor_raw=4294955596 sensor_converted=4294955596 xiao_rx=23112041 queue_push=23112043 core_rx=68672293
BNO_CORE_EVENT kind=1 report_seq=151 uart_sequence=3435 sensor_raw=4294961596 sensor_converted=4294961596 xiao_rx=23112050 queue_push=23112052 core_rx=68673323
BNO_CORE_EVENT kind=2 report_seq=137 uart_sequence=3437 sensor_raw=4294959996 sensor_converted=4294959996 xiao_rx=23127006 queue_push=23127016 core_rx=68681469
BNO_CORE_EVENT kind=3 report_seq=196 uart_sequence=3438 sensor_raw=4294959996 sensor_converted=4294959996 xiao_rx=23127042 queue_push=23127044 core_rx=68684147
BNO_CORE_EVENT kind=5 report_seq=196 uart_sequence=3439 sensor_raw=4294959996 sensor_converted=4294959996 xiao_rx=23127055 queue_push=23127057 core_rx=68685195
BNO_CORE_EVENT kind=1 report_seq=152 uart_sequence=3440 sensor_raw=4294964196 sensor_converted=4294964196 xiao_rx=23127064 queue_push=23127066 core_rx=68686259
BNO_CORE_EVENT kind=2 report_seq=138 uart_sequence=3441 sensor_raw=4294955296 sensor_converted=4294955296 xiao_rx=23130397 queue_push=23130398 core_rx=68688250
BNO_CORE_EVENT kind=1 report_seq=153 uart_sequence=3442 sensor_raw=4294956896 sensor_converted=4294956896 xiao_rx=23130406 queue_push=23130407 core_rx=68689338
BNO_CORE_EVENT kind=2 report_seq=139 uart_sequence=3448 sensor_raw=4294961696 sensor_converted=4294961696 xiao_rx=23146991 queue_push=23147000 core_rx=68702443
BNO_CORE_EVENT kind=3 report_seq=197 uart_sequence=3449 sensor_raw=4294961696 sensor_converted=4294961696 xiao_rx=23147033 queue_push=23147034 core_rx=68705121
BNO_CORE_EVENT kind=1 report_seq=154 uart_sequence=3450 sensor_raw=4294961696 sensor_converted=4294961696 xiao_rx=23147049 queue_push=23147051 core_rx=68706204
BNO_CORE_EVENT kind=5 report_seq=197 uart_sequence=3451 sensor_raw=4294961696 sensor_converted=4294961696 xiao_rx=23147060 queue_push=23147061 core_rx=68707261
BNO_CORE_EVENT kind=4 report_seq=227 uart_sequence=3452 sensor_raw=4294961796 sensor_converted=4294961796 xiao_rx=23147072 queue_push=23147074 core_rx=68709210
BNO_CORE_EVENT kind=1 report_seq=155 uart_sequence=3453 sensor_raw=4294953296 sensor_converted=4294953296 xiao_rx=23151371 queue_push=23151374 core_rx=68710250
BNO_CORE_EVENT kind=2 report_seq=140 uart_sequence=3454 sensor_raw=4294955296 sensor_converted=4294955296 xiao_rx=23151395 queue_push=23151397 core_rx=68711279
BNO_CORE_EVENT kind=1 report_seq=156 uart_sequence=3455 sensor_raw=4294961296 sensor_converted=4294961296 xiao_rx=23151403 queue_push=23151405 core_rx=68712319
BNO_CORE_EVENT kind=2 report_seq=141 uart_sequence=3456 sensor_raw=4294960596 sensor_converted=4294960596 xiao_rx=23165552 queue_push=23165561 core_rx=68716454
BNO_CORE_EVENT kind=3 report_seq=198 uart_sequence=3457 sensor_raw=4294960596 sensor_converted=4294960596 xiao_rx=23165584 queue_push=23165586 core_rx=68719161
BNO_CORE_EVENT kind=5 report_seq=198 uart_sequence=3458 sensor_raw=4294960596 sensor_converted=4294960596 xiao_rx=23165601 queue_push=23165602 core_rx=68720334
BNO_CORE_EVENT kind=1 report_seq=157 uart_sequence=3459 sensor_raw=4294964396 sensor_converted=4294964396 xiao_rx=23165609 queue_push=23165611 core_rx=68721400
BNO_CORE_EVENT kind=2 report_seq=142 uart_sequence=3463 sensor_raw=4294956196 sensor_converted=4294956196 xiao_rx=23174704 queue_push=23174714 core_rx=68736475
BNO_CORE_EVENT kind=1 report_seq=158 uart_sequence=3464 sensor_raw=4294957396 sensor_converted=4294957396 xiao_rx=23174740 queue_push=23174742 core_rx=68738232
BNO_CORE_EVENT kind=1 report_seq=159 uart_sequence=3465 sensor_raw=4294965296 sensor_converted=4294965296 xiao_rx=23174749 queue_push=23174751 core_rx=68739619
BNO_CORE_EVENT kind=2 report_seq=143 uart_sequence=3466 sensor_raw=4294958196 sensor_converted=4294958196 xiao_rx=23181148 queue_push=23181151 core_rx=68740691
BNO_CORE_EVENT kind=3 report_seq=199 uart_sequence=3467 sensor_raw=4294958196 sensor_converted=4294958196 xiao_rx=23181172 queue_push=23181174 core_rx=68741744
BNO_CORE_EVENT kind=5 report_seq=199 uart_sequence=3468 sensor_raw=4294958296 sensor_converted=4294958296 xiao_rx=23181181 queue_push=23181183 core_rx=68744301
BNO_CORE_EVENT kind=4 report_seq=228 uart_sequence=3469 sensor_raw=4294958296 sensor_converted=4294958296 xiao_rx=23181191 queue_push=23181193 core_rx=68745467
BNO_CORE_EVENT kind=1 report_seq=160 uart_sequence=3470 sensor_raw=4294965696 sensor_converted=4294965696 xiao_rx=23181199 queue_push=23181201 core_rx=68746525
BNO_CORE_EVENT kind=2 report_seq=144 uart_sequence=3471 sensor_raw=4294961096 sensor_converted=4294961096 xiao_rx=23185917 queue_push=23185920 core_rx=68747555
BNO_CORE_EVENT kind=1 report_seq=161 uart_sequence=3472 sensor_raw=4294966196 sensor_converted=4294966196 xiao_rx=23185940 queue_push=23185941 core_rx=68750014
BNO_CORE_EVENT kind=2 report_seq=145 uart_sequence=3475 sensor_raw=4294964996 sensor_converted=4294964996 xiao_rx=23199911 queue_push=23199919 core_rx=68753779
BNO_CORE_EVENT kind=3 report_seq=200 uart_sequence=3479 sensor_raw=4294952096 sensor_converted=4294952096 xiao_rx=23209157 queue_push=23209166 core_rx=68769484
BNO_CORE_EVENT kind=5 report_seq=200 uart_sequence=3480 sensor_raw=4294952396 sensor_converted=4294952396 xiao_rx=23209191 queue_push=23209193 core_rx=68771222
BNO_CORE_EVENT kind=1 report_seq=162 uart_sequence=3481 sensor_raw=4294955296 sensor_converted=4294955296 xiao_rx=23209200 queue_push=23209201 core_rx=68772618
BNO_CORE_EVENT kind=2 report_seq=146 uart_sequence=3482 sensor_raw=4294962396 sensor_converted=4294962396 xiao_rx=23209210 queue_push=23209213 core_rx=68773681
BNO_CORE_EVENT kind=1 report_seq=163 uart_sequence=3483 sensor_raw=4294963296 sensor_converted=4294963296 xiao_rx=23209221 queue_push=23209222 core_rx=68774743
BNO_CORE_EVENT kind=1 report_seq=164 uart_sequence=3484 sensor_raw=4294961996 sensor_converted=4294961996 xiao_rx=23216789 queue_push=23216793 core_rx=68777291
BNO_CORE_EVENT kind=2 report_seq=147 uart_sequence=3485 sensor_raw=4294962696 sensor_converted=4294962696 xiao_rx=23216814 queue_push=23216816 core_rx=68778460
BNO_CORE_EVENT kind=3 report_seq=201 uart_sequence=3486 sensor_raw=4294962696 sensor_converted=4294962696 xiao_rx=23216822 queue_push=23216824 core_rx=68779494
BNO_CORE_EVENT kind=5 report_seq=201 uart_sequence=3487 sensor_raw=4294962696 sensor_converted=4294962696 xiao_rx=23216831 queue_push=23216832 core_rx=68780532
BNO_CORE_EVENT kind=4 report_seq=229 uart_sequence=3488 sensor_raw=4294962996 sensor_converted=4294962996 xiao_rx=23216840 queue_push=23216842 core_rx=68783018
BNO_CORE_EVENT kind=1 report_seq=165 uart_sequence=3489 sensor_raw=4294962196 sensor_converted=4294962196 xiao_rx=23219333 queue_push=23219336 core_rx=68784136
BNO_CORE_EVENT kind=2 report_seq=148 uart_sequence=3491 sensor_raw=4294962596 sensor_converted=4294962596 xiao_rx=23232764 queue_push=23232773 core_rx=68785873
BNO_CORE_EVENT kind=1 report_seq=166 uart_sequence=3494 sensor_raw=4294954696 sensor_converted=4294954696 xiao_rx=23240277 queue_push=23240282 core_rx=68796449
BNO_CORE_EVENT kind=2 report_seq=149 uart_sequence=3495 sensor_raw=4294959396 sensor_converted=4294959396 xiao_rx=23240306 queue_push=23240309 core_rx=68799198
BNO_CORE_EVENT kind=3 report_seq=202 uart_sequence=3496 sensor_raw=4294959396 sensor_converted=4294959396 xiao_rx=23240320 queue_push=23240322 core_rx=68800391
BNO_CORE_EVENT kind=5 report_seq=202 uart_sequence=3497 sensor_raw=4294959396 sensor_converted=4294959396 xiao_rx=23240328 queue_push=23240330 core_rx=68801424
BNO_CORE_EVENT kind=1 report_seq=167 uart_sequence=3498 sensor_raw=4294962196 sensor_converted=4294962196 xiao_rx=23240337 queue_push=23240338 core_rx=68802727
BNO_CORE_EVENT kind=2 report_seq=150 uart_sequence=3500 sensor_raw=4294961696 sensor_converted=4294961696 xiao_rx=23245623 queue_push=23245633 core_rx=68804669
BNO_CORE_EVENT kind=1 report_seq=168 uart_sequence=3501 sensor_raw=4294962596 sensor_converted=4294962596 xiao_rx=23245658 queue_push=23245660 core_rx=68805716
BNO_CORE_EVENT kind=1 report_seq=169 uart_sequence=3505 sensor_raw=4294964596 sensor_converted=4294964596 xiao_rx=23258816 queue_push=23258823 core_rx=68812030
BNO_CORE_EVENT kind=4 report_seq=230 uart_sequence=3506 sensor_raw=4294952896 sensor_converted=4294952896 xiao_rx=23266799 queue_push=23266802 core_rx=68819491
BNO_CORE_EVENT kind=2 report_seq=151 uart_sequence=3507 sensor_raw=4294952996 sensor_converted=4294952996 xiao_rx=23266819 queue_push=23266822 core_rx=68822169
BNO_CORE_EVENT kind=3 report_seq=203 uart_sequence=3509 sensor_raw=4294952996 sensor_converted=4294952996 xiao_rx=23266834 queue_push=23266835 core_rx=68826530
BNO_CORE_EVENT kind=5 report_seq=203 uart_sequence=3510 sensor_raw=4294952996 sensor_converted=4294952996 xiao_rx=23266843 queue_push=23266845 core_rx=68827707
BNO_CORE_EVENT kind=1 report_seq=170 uart_sequence=3511 sensor_raw=4294960196 sensor_converted=4294960196 xiao_rx=23266853 queue_push=23266854 core_rx=68828746
BNO_CORE_EVENT kind=2 report_seq=152 uart_sequence=3512 sensor_raw=4294963496 sensor_converted=4294963496 xiao_rx=23266861 queue_push=23266863 core_rx=68830748
BNO_CORE_EVENT kind=1 report_seq=171 uart_sequence=3513 sensor_raw=4294960196 sensor_converted=4294960196 xiao_rx=23269278 queue_push=23269280 core_rx=68831796
BNO_CORE_EVENT kind=2 report_seq=153 uart_sequence=3516 sensor_raw=4294962596 sensor_converted=4294962596 xiao_rx=23281759 queue_push=23281769 core_rx=68837518
BNO_CORE_EVENT kind=3 report_seq=204 uart_sequence=3517 sensor_raw=4294962596 sensor_converted=4294962596 xiao_rx=23281796 queue_push=23281797 core_rx=68840136
BNO_CORE_EVENT kind=5 report_seq=204 uart_sequence=3518 sensor_raw=4294962696 sensor_converted=4294962696 xiao_rx=23281809 queue_push=23281811 core_rx=68841193
BNO_CORE_EVENT kind=1 report_seq=172 uart_sequence=3519 sensor_raw=4294952696 sensor_converted=4294952696 xiao_rx=23286684 queue_push=23286688 core_rx=68842233
BNO_CORE_EVENT kind=2 report_seq=154 uart_sequence=3520 sensor_raw=4294960596 sensor_converted=4294960596 xiao_rx=23286700 queue_push=23286701 core_rx=68843800
BNO_CORE_EVENT kind=1 report_seq=173 uart_sequence=3521 sensor_raw=4294960596 sensor_converted=4294960596 xiao_rx=23286708 queue_push=23286709 core_rx=68844939
BNO_CORE_EVENT kind=1 report_seq=174 uart_sequence=3522 sensor_raw=4294963496 sensor_converted=4294963496 xiao_rx=23294840 queue_push=23294847 core_rx=68847491
BNO_CORE_EVENT kind=2 report_seq=155 uart_sequence=3524 sensor_raw=4294956996 sensor_converted=4294956996 xiao_rx=23301820 queue_push=23301824 core_rx=68858459
BNO_CORE_EVENT kind=3 report_seq=205 uart_sequence=3525 sensor_raw=4294956996 sensor_converted=4294956996 xiao_rx=23301841 queue_push=23301843 core_rx=68859653
BNO_CORE_EVENT kind=5 report_seq=205 uart_sequence=3526 sensor_raw=4294956996 sensor_converted=4294956996 xiao_rx=23301851 queue_push=23301853 core_rx=68861790
BNO_CORE_EVENT kind=4 report_seq=231 uart_sequence=3527 sensor_raw=4294957296 sensor_converted=4294957296 xiao_rx=23301861 queue_push=23301863 core_rx=68862868
BNO_CORE_EVENT kind=1 report_seq=175 uart_sequence=3528 sensor_raw=4294963596 sensor_converted=4294963596 xiao_rx=23301869 queue_push=23301871 core_rx=68863907
BNO_CORE_EVENT kind=2 report_seq=156 uart_sequence=3529 sensor_raw=4294959996 sensor_converted=4294959996 xiao_rx=23306603 queue_push=23306608 core_rx=68864962
BNO_CORE_EVENT kind=1 report_seq=176 uart_sequence=3530 sensor_raw=4294964196 sensor_converted=4294964196 xiao_rx=23306629 queue_push=23306631 core_rx=68866021
BNO_CORE_EVENT kind=2 report_seq=157 uart_sequence=3535 sensor_raw=4294964396 sensor_converted=4294964396 xiao_rx=23321444 queue_push=23321453 core_rx=68874443
BNO_CORE_EVENT kind=3 report_seq=206 uart_sequence=3537 sensor_raw=4294950396 sensor_converted=4294950396 xiao_rx=23329114 queue_push=23329121 core_rx=68889964
BNO_CORE_EVENT kind=1 report_seq=177 uart_sequence=3538 sensor_raw=4294952396 sensor_converted=4294952396 xiao_rx=23329146 queue_push=23329148 core_rx=68892508
BNO_CORE_EVENT kind=5 report_seq=206 uart_sequence=3539 sensor_raw=4294952396 sensor_converted=4294952396 xiao_rx=23329155 queue_push=23329156 core_rx=68895121
BNO_CORE_EVENT kind=1 report_seq=178 uart_sequence=3540 sensor_raw=4294960696 sensor_converted=4294960696 xiao_rx=23329163 queue_push=23329164 core_rx=68896214
BNO_CORE_EVENT kind=2 report_seq=158 uart_sequence=3541 sensor_raw=4294960696 sensor_converted=4294960696 xiao_rx=23329175 queue_push=23329178 core_rx=68897278
BNO_CORE_EVENT kind=1 report_seq=179 uart_sequence=3542 sensor_raw=4294961096 sensor_converted=4294961096 xiao_rx=23337679 queue_push=23337682 core_rx=68898329
BNO_CORE_EVENT kind=2 report_seq=159 uart_sequence=3543 sensor_raw=4294962696 sensor_converted=4294962696 xiao_rx=23337698 queue_push=23337699 core_rx=68900940
BNO_CORE_EVENT kind=3 report_seq=207 uart_sequence=3544 sensor_raw=4294962696 sensor_converted=4294962696 xiao_rx=23337707 queue_push=23337709 core_rx=68902122
BNO_CORE_EVENT kind=5 report_seq=207 uart_sequence=3545 sensor_raw=4294962696 sensor_converted=4294962696 xiao_rx=23337716 queue_push=23337718 core_rx=68903150
BNO_CORE_EVENT kind=4 report_seq=232 uart_sequence=3546 sensor_raw=4294963096 sensor_converted=4294963096 xiao_rx=23337726 queue_push=23337728 core_rx=68904215
BNO_CORE_EVENT kind=1 report_seq=180 uart_sequence=3547 sensor_raw=4294961696 sensor_converted=4294961696 xiao_rx=23340202 queue_push=23340204 core_rx=68905268
BNO_CORE_EVENT kind=2 report_seq=160 uart_sequence=3549 sensor_raw=4294961696 sensor_converted=4294961696 xiao_rx=23354992 queue_push=23355002 core_rx=68908454
BNO_CORE_EVENT kind=1 report_seq=181 uart_sequence=3550 sensor_raw=4294965296 sensor_converted=4294965296 xiao_rx=23355034 queue_push=23355036 core_rx=68909509
BNO_CORE_EVENT kind=2 report_seq=161 uart_sequence=3551 sensor_raw=4294957096 sensor_converted=4294957096 xiao_rx=23361957 queue_push=23361963 core_rx=68917493
BNO_CORE_EVENT kind=3 report_seq=208 uart_sequence=3552 sensor_raw=4294957096 sensor_converted=4294957096 xiao_rx=23361986 queue_push=23361988 core_rx=68918724
BNO_CORE_EVENT kind=5 report_seq=208 uart_sequence=3553 sensor_raw=4294957096 sensor_converted=4294957096 xiao_rx=23361998 queue_push=23362000 core_rx=68920780
BNO_CORE_EVENT kind=1 report_seq=182 uart_sequence=3554 sensor_raw=4294958296 sensor_converted=4294958296 xiao_rx=23362006 queue_push=23362008 core_rx=68921846
BNO_CORE_EVENT kind=1 report_seq=183 uart_sequence=3555 sensor_raw=4294959696 sensor_converted=4294959696 xiao_rx=23365319 queue_push=23365321 core_rx=68922876
BNO_CORE_EVENT kind=2 report_seq=162 uart_sequence=3556 sensor_raw=4294959996 sensor_converted=4294959996 xiao_rx=23365327 queue_push=23365329 core_rx=68923999
BNO_CORE_EVENT kind=1 report_seq=184 uart_sequence=3562 sensor_raw=4294964096 sensor_converted=4294964096 xiao_rx=23378686 queue_push=23378694 core_rx=68939465
BNO_CORE_EVENT kind=4 report_seq=233 uart_sequence=3563 sensor_raw=4294953296 sensor_converted=4294953296 xiao_rx=23386600 queue_push=23386604 core_rx=68942176
BNO_CORE_EVENT kind=2 report_seq=163 uart_sequence=3564 sensor_raw=4294953296 sensor_converted=4294953296 xiao_rx=23386622 queue_push=23386625 core_rx=68943379
BNO_CORE_EVENT kind=3 report_seq=209 uart_sequence=3565 sensor_raw=4294953296 sensor_converted=4294953296 xiao_rx=23386637 queue_push=23386639 core_rx=68944455
BNO_CORE_EVENT kind=5 report_seq=209 uart_sequence=3566 sensor_raw=4294953296 sensor_converted=4294953296 xiao_rx=23386646 queue_push=23386648 core_rx=68945752
BNO_CORE_EVENT kind=1 report_seq=185 uart_sequence=3567 sensor_raw=4294959196 sensor_converted=4294959196 xiao_rx=23386654 queue_push=23386656 core_rx=68946790
BNO_CORE_EVENT kind=2 report_seq=164 uart_sequence=3568 sensor_raw=4294963696 sensor_converted=4294963696 xiao_rx=23386662 queue_push=23386664 core_rx=68947820
BNO_CORE_EVENT kind=1 report_seq=186 uart_sequence=3569 sensor_raw=4294958596 sensor_converted=4294958596 xiao_rx=23389107 queue_push=23389112 core_rx=68948859
BNO_CORE_EVENT kind=2 report_seq=165 uart_sequence=3571 sensor_raw=4294962996 sensor_converted=4294962996 xiao_rx=23400180 queue_push=23400187 core_rx=68956470
BNO_CORE_EVENT kind=3 report_seq=210 uart_sequence=3572 sensor_raw=4294962996 sensor_converted=4294962996 xiao_rx=23400210 queue_push=23400212 core_rx=68958165
BNO_CORE_EVENT kind=5 report_seq=210 uart_sequence=3573 sensor_raw=4294962996 sensor_converted=4294962996 xiao_rx=23400223 queue_push=23400225 core_rx=68959676
BNO_CORE_EVENT kind=1 report_seq=187 uart_sequence=3574 sensor_raw=4294953096 sensor_converted=4294953096 xiao_rx=23405858 queue_push=23405864 core_rx=68960740
BNO_CORE_EVENT kind=1 report_seq=188 uart_sequence=3575 sensor_raw=4294961296 sensor_converted=4294961296 xiao_rx=23405882 queue_push=23405883 core_rx=68961771
BNO_CORE_EVENT kind=2 report_seq=166 uart_sequence=3576 sensor_raw=4294961696 sensor_converted=4294961696 xiao_rx=23405894 queue_push=23405895 core_rx=68964261
BNO_CORE_EVENT kind=1 report_seq=189 uart_sequence=3578 sensor_raw=4294963496 sensor_converted=4294963496 xiao_rx=23414464 queue_push=23414472 core_rx=68976481
BNO_CORE_EVENT kind=4 report_seq=234 uart_sequence=3579 sensor_raw=4294957296 sensor_converted=4294957296 xiao_rx=23420784 queue_push=23420787 core_rx=68979167
BNO_CORE_EVENT kind=2 report_seq=167 uart_sequence=3580 sensor_raw=4294957396 sensor_converted=4294957396 xiao_rx=23420801 queue_push=23420803 core_rx=68980376
BNO_CORE_EVENT kind=3 report_seq=211 uart_sequence=3581 sensor_raw=4294957396 sensor_converted=4294957396 xiao_rx=23420815 queue_push=23420817 core_rx=68981437
BNO_CORE_EVENT kind=5 report_seq=211 uart_sequence=3582 sensor_raw=4294957396 sensor_converted=4294957396 xiao_rx=23420824 queue_push=23420827 core_rx=68982736
BNO_CORE_EVENT kind=1 report_seq=190 uart_sequence=3583 sensor_raw=4294962896 sensor_converted=4294962896 xiao_rx=23420833 queue_push=23420835 core_rx=68983821
BNO_CORE_EVENT kind=2 report_seq=168 uart_sequence=3584 sensor_raw=4294960896 sensor_converted=4294960896 xiao_rx=23425538 queue_push=23425541 core_rx=68984876
BNO_CORE_EVENT kind=1 report_seq=191 uart_sequence=3585 sensor_raw=4294963996 sensor_converted=4294963996 xiao_rx=23425550 queue_push=23425552 core_rx=68985932
BNO_CORE_EVENT kind=2 report_seq=169 uart_sequence=3593 sensor_raw=4294964396 sensor_converted=4294964396 xiao_rx=23443487 queue_push=23443535 core_rx=69010496
BNO_CORE_EVENT kind=3 report_seq=212 uart_sequence=3594 sensor_raw=4294948396 sensor_converted=4294948396 xiao_rx=23451373 queue_push=23451377 core_rx=69013209
BNO_CORE_EVENT kind=5 report_seq=212 uart_sequence=3595 sensor_raw=4294948396 sensor_converted=4294948396 xiao_rx=23451400 queue_push=23451402 core_rx=69014404
BNO_CORE_EVENT kind=1 report_seq=192 uart_sequence=3596 sensor_raw=4294949296 sensor_converted=4294949296 xiao_rx=23451408 queue_push=23451410 core_rx=69015445
BNO_CORE_EVENT kind=1 report_seq=193 uart_sequence=3597 sensor_raw=4294957596 sensor_converted=4294957596 xiao_rx=23451417 queue_push=23451419 core_rx=69018233
BNO_CORE_EVENT kind=2 report_seq=170 uart_sequence=3598 sensor_raw=4294958896 sensor_converted=4294958896 xiao_rx=23451429 queue_push=23451431 core_rx=69019327
BNO_CORE_EVENT kind=1 report_seq=194 uart_sequence=3599 sensor_raw=4294965096 sensor_converted=4294965096 xiao_rx=23451437 queue_push=23451439 core_rx=69020378
BNO_CORE_EVENT kind=2 report_seq=171 uart_sequence=3600 sensor_raw=4294960596 sensor_converted=4294960596 xiao_rx=23458988 queue_push=23458992 core_rx=69021444
BNO_CORE_EVENT kind=3 report_seq=213 uart_sequence=3601 sensor_raw=4294960596 sensor_converted=4294960596 xiao_rx=23459003 queue_push=23459004 core_rx=69022472
BNO_CORE_EVENT kind=5 report_seq=213 uart_sequence=3602 sensor_raw=4294960596 sensor_converted=4294960596 xiao_rx=23459013 queue_push=23459014 core_rx=69023512
BNO_CORE_EVENT kind=4 report_seq=235 uart_sequence=3603 sensor_raw=4294960896 sensor_converted=4294960896 xiao_rx=23459023 queue_push=23459024 core_rx=69025045
BNO_CORE_EVENT kind=1 report_seq=195 uart_sequence=3604 sensor_raw=4294965096 sensor_converted=4294965096 xiao_rx=23459031 queue_push=23459032 core_rx=69026214
BNO_CORE_EVENT kind=2 report_seq=172 uart_sequence=3608 sensor_raw=4294962996 sensor_converted=4294962996 xiao_rx=23476424 queue_push=23476434 core_rx=69038498
BNO_CORE_EVENT kind=1 report_seq=196 uart_sequence=3609 sensor_raw=4294965496 sensor_converted=4294965496 xiao_rx=23476461 queue_push=23476463 core_rx=69041197
BNO_CORE_EVENT kind=2 report_seq=173 uart_sequence=3610 sensor_raw=4294955696 sensor_converted=4294955696 xiao_rx=23482747 queue_push=23482751 core_rx=69042333
BNO_CORE_EVENT kind=3 report_seq=214 uart_sequence=3611 sensor_raw=4294955696 sensor_converted=4294955696 xiao_rx=23482774 queue_push=23482776 core_rx=69043396
BNO_CORE_EVENT kind=5 report_seq=214 uart_sequence=3612 sensor_raw=4294955696 sensor_converted=4294955696 xiao_rx=23482783 queue_push=23482785 core_rx=69044750
BNO_CORE_EVENT kind=1 report_seq=197 uart_sequence=3613 sensor_raw=4294955796 sensor_converted=4294955796 xiao_rx=23482791 queue_push=23482793 core_rx=69045842
BNO_CORE_EVENT kind=1 report_seq=198 uart_sequence=3614 sensor_raw=4294963996 sensor_converted=4294963996 xiao_rx=23482799 queue_push=23482801 core_rx=69046896
BNO_CORE_EVENT kind=2 report_seq=174 uart_sequence=3615 sensor_raw=4294959096 sensor_converted=4294959096 xiao_rx=23487469 queue_push=23487472 core_rx=69047954
BNO_CORE_EVENT kind=1 report_seq=199 uart_sequence=3616 sensor_raw=4294965496 sensor_converted=4294965496 xiao_rx=23487483 queue_push=23487484 core_rx=69049580
BNO_CORE_EVENT kind=2 report_seq=175 uart_sequence=3621 sensor_raw=4294964596 sensor_converted=4294964596 xiao_rx=23502684 queue_push=23502694 core_rx=69071495
BNO_CORE_EVENT kind=3 report_seq=215 uart_sequence=3622 sensor_raw=4294964596 sensor_converted=4294964596 xiao_rx=23502718 queue_push=23502720 core_rx=69074194
BNO_CORE_EVENT kind=5 report_seq=215 uart_sequence=3623 sensor_raw=4294949396 sensor_converted=4294949396 xiao_rx=23510117 queue_push=23510120 core_rx=69075353
BNO_CORE_EVENT kind=4 report_seq=236 uart_sequence=3624 sensor_raw=4294949396 sensor_converted=4294949396 xiao_rx=23510135 queue_push=23510137 core_rx=69076408
BNO_CORE_EVENT kind=1 report_seq=200 uart_sequence=3625 sensor_raw=4294953396 sensor_converted=4294953396 xiao_rx=23510143 queue_push=23510145 core_rx=69077731
BNO_CORE_EVENT kind=2 report_seq=176 uart_sequence=3626 sensor_raw=4294959596 sensor_converted=4294959596 xiao_rx=23510153 queue_push=23510155 core_rx=69078790
BNO_CORE_EVENT kind=1 report_seq=201 uart_sequence=3627 sensor_raw=4294961296 sensor_converted=4294961296 xiao_rx=23510161 queue_push=23510163 core_rx=69079848
BNO_CORE_EVENT kind=1 report_seq=202 uart_sequence=3628 sensor_raw=4294961896 sensor_converted=4294961896 xiao_rx=23516858 queue_push=23516861 core_rx=69080901
BNO_CORE_EVENT kind=2 report_seq=177 uart_sequence=3629 sensor_raw=4294961896 sensor_converted=4294961896 xiao_rx=23516882 queue_push=23516884 core_rx=69083008
BNO_CORE_EVENT kind=3 report_seq=216 uart_sequence=3630 sensor_raw=4294961896 sensor_converted=4294961896 xiao_rx=23516892 queue_push=23516893 core_rx=69084078
BNO_CORE_EVENT kind=5 report_seq=216 uart_sequence=3631 sensor_raw=4294961896 sensor_converted=4294961896 xiao_rx=23516900 queue_push=23516902 core_rx=69085138
BNO_CORE_EVENT kind=1 report_seq=203 uart_sequence=3632 sensor_raw=4294962996 sensor_converted=4294962996 xiao_rx=23520256 queue_push=23520260 core_rx=69086167
BNO_CORE_EVENT kind=2 report_seq=178 uart_sequence=3633 sensor_raw=4294964996 sensor_converted=4294964996 xiao_rx=23520274 queue_push=23520275 core_rx=69087204
BNO_CORE_EVENT kind=1 report_seq=204 uart_sequence=3637 sensor_raw=4294966596 sensor_converted=4294966596 xiao_rx=23538076 queue_push=23538083 core_rx=69099487
BNO_CORE_EVENT kind=2 report_seq=179 uart_sequence=3638 sensor_raw=4294954096 sensor_converted=4294954096 xiao_rx=23545286 queue_push=23545290 core_rx=69100739
BNO_CORE_EVENT kind=3 report_seq=217 uart_sequence=3639 sensor_raw=4294954096 sensor_converted=4294954096 xiao_rx=23545317 queue_push=23545319 core_rx=69102795
BNO_CORE_EVENT kind=5 report_seq=217 uart_sequence=3640 sensor_raw=4294954096 sensor_converted=4294954096 xiao_rx=23545326 queue_push=23545328 core_rx=69103997
BNO_CORE_EVENT kind=4 report_seq=237 uart_sequence=3641 sensor_raw=4294954096 sensor_converted=4294954096 xiao_rx=23545337 queue_push=23545339 core_rx=69105106
BNO_CORE_EVENT kind=1 report_seq=205 uart_sequence=3642 sensor_raw=4294957496 sensor_converted=4294957496 xiao_rx=23545347 queue_push=23545349 core_rx=69106178
BNO_CORE_EVENT kind=2 report_seq=180 uart_sequence=3643 sensor_raw=4294963596 sensor_converted=4294963596 xiao_rx=23545356 queue_push=23545358 core_rx=69107284
BNO_CORE_EVENT kind=1 report_seq=206 uart_sequence=3644 sensor_raw=4294958396 sensor_converted=4294958396 xiao_rx=23547825 queue_push=23547828 core_rx=69108905
BNO_CORE_EVENT kind=1 report_seq=207 uart_sequence=3648 sensor_raw=4294963696 sensor_converted=4294963696 xiao_rx=23564310 queue_push=23564317 core_rx=69120487
BNO_CORE_EVENT kind=2 report_seq=181 uart_sequence=3649 sensor_raw=4294963996 sensor_converted=4294963996 xiao_rx=23564342 queue_push=23564345 core_rx=69123118
BNO_CORE_EVENT kind=3 report_seq=218 uart_sequence=3650 sensor_raw=4294963996 sensor_converted=4294963996 xiao_rx=23564356 queue_push=23564358 core_rx=69124185
BNO_CORE_EVENT kind=5 report_seq=218 uart_sequence=3651 sensor_raw=4294947596 sensor_converted=4294947596 xiao_rx=23570141 queue_push=23570142 core_rx=69125248
BNO_CORE_EVENT kind=1 report_seq=208 uart_sequence=3652 sensor_raw=4294955496 sensor_converted=4294955496 xiao_rx=23570149 queue_push=23570150 core_rx=69126765
BNO_CORE_EVENT kind=2 report_seq=182 uart_sequence=3653 sensor_raw=4294957896 sensor_converted=4294957896 xiao_rx=23570157 queue_push=23570159 core_rx=69127930
BNO_CORE_EVENT kind=1 report_seq=209 uart_sequence=3654 sensor_raw=4294963496 sensor_converted=4294963496 xiao_rx=23570165 queue_push=23570167 core_rx=69129013
BNO_CORE_EVENT kind=2 report_seq=183 uart_sequence=3658 sensor_raw=4294962396 sensor_converted=4294962396 xiao_rx=23585652 queue_push=23585662 core_rx=69136076
BNO_CORE_EVENT kind=3 report_seq=219 uart_sequence=3659 sensor_raw=4294962396 sensor_converted=4294962396 xiao_rx=23585686 queue_push=23585687 core_rx=69138144
BNO_CORE_EVENT kind=5 report_seq=219 uart_sequence=3660 sensor_raw=4294962396 sensor_converted=4294962396 xiao_rx=23585699 queue_push=23585701 core_rx=69140827
BNO_CORE_EVENT kind=4 report_seq=238 uart_sequence=3661 sensor_raw=4294962396 sensor_converted=4294962396 xiao_rx=23585709 queue_push=23585711 core_rx=69141930
BNO_CORE_EVENT kind=1 report_seq=210 uart_sequence=3662 sensor_raw=4294965096 sensor_converted=4294965096 xiao_rx=23585718 queue_push=23585719 core_rx=69143050
BNO_CORE_EVENT kind=2 report_seq=184 uart_sequence=3663 sensor_raw=4294956196 sensor_converted=4294956196 xiao_rx=23595163 queue_push=23595170 core_rx=69146052
BNO_CORE_EVENT kind=1 report_seq=211 uart_sequence=3664 sensor_raw=4294957096 sensor_converted=4294957096 xiao_rx=23595190 queue_push=23595192 core_rx=69147750
BNO_CORE_EVENT kind=1 report_seq=212 uart_sequence=3665 sensor_raw=4294964896 sensor_converted=4294964896 xiao_rx=23595198 queue_push=23595200 core_rx=69148856
BNO_CORE_EVENT kind=2 report_seq=185 uart_sequence=3667 sensor_raw=4294956396 sensor_converted=4294956396 xiao_rx=23603334 queue_push=23603344 core_rx=69158477
BNO_CORE_EVENT kind=3 report_seq=220 uart_sequence=3668 sensor_raw=4294956396 sensor_converted=4294956396 xiao_rx=23603374 queue_push=23603376 core_rx=69161192
BNO_CORE_EVENT kind=5 report_seq=220 uart_sequence=3669 sensor_raw=4294956396 sensor_converted=4294956396 xiao_rx=23603385 queue_push=23603387 core_rx=69162346
BNO_CORE_EVENT kind=1 report_seq=213 uart_sequence=3670 sensor_raw=4294963596 sensor_converted=4294963596 xiao_rx=23603393 queue_push=23603395 core_rx=69163403
BNO_CORE_EVENT kind=2 report_seq=186 uart_sequence=3672 sensor_raw=4294958396 sensor_converted=4294958396 xiao_rx=23607341 queue_push=23607344 core_rx=69165674
BNO_CORE_EVENT kind=1 report_seq=214 uart_sequence=3673 sensor_raw=4294963496 sensor_converted=4294963496 xiao_rx=23607354 queue_push=23607356 core_rx=69166725
BNO_CORE_EVENT kind=4 report_seq=239 uart_sequence=3676 sensor_raw=4294964196 sensor_converted=4294964196 xiao_rx=23619165 queue_push=23619175 core_rx=69182472
BNO_CORE_EVENT kind=2 report_seq=187 uart_sequence=3678 sensor_raw=4294952596 sensor_converted=4294952596 xiao_rx=23627678 queue_push=23627680 core_rx=69188961
BNO_CORE_EVENT kind=3 report_seq=221 uart_sequence=3679 sensor_raw=4294952596 sensor_converted=4294952596 xiao_rx=23627695 queue_push=23627697 core_rx=69190124
BNO_CORE_EVENT kind=5 report_seq=221 uart_sequence=3680 sensor_raw=4294952596 sensor_converted=4294952596 xiao_rx=23627708 queue_push=23627710 core_rx=69191173
BNO_CORE_EVENT kind=1 report_seq=215 uart_sequence=3681 sensor_raw=4294955496 sensor_converted=4294955496 xiao_rx=23627716 queue_push=23627718 core_rx=69192232
BNO_CORE_EVENT kind=2 report_seq=188 uart_sequence=3682 sensor_raw=4294962896 sensor_converted=4294962896 xiao_rx=23627725 queue_push=23627726 core_rx=69194792
BNO_CORE_EVENT kind=1 report_seq=216 uart_sequence=3683 sensor_raw=4294963496 sensor_converted=4294963496 xiao_rx=23627733 queue_push=23627734 core_rx=69195999
BNO_CORE_EVENT kind=1 report_seq=217 uart_sequence=3684 sensor_raw=4294962996 sensor_converted=4294962996 xiao_rx=23632156 queue_push=23632157 core_rx=69197027
BNO_CORE_EVENT kind=2 report_seq=189 uart_sequence=3685 sensor_raw=4294964196 sensor_converted=4294964196 xiao_rx=23632164 queue_push=23632165 core_rx=69198055
BNO_CORE_EVENT kind=3 report_seq=222 uart_sequence=3686 sensor_raw=4294964196 sensor_converted=4294964196 xiao_rx=23632172 queue_push=23632174 core_rx=69199083
BNO_CORE_EVENT kind=5 report_seq=222 uart_sequence=3690 sensor_raw=4294959696 sensor_converted=4294959696 xiao_rx=23649984 queue_push=23649992 core_rx=69215474
BNO_CORE_EVENT kind=1 report_seq=218 uart_sequence=3691 sensor_raw=4294966196 sensor_converted=4294966196 xiao_rx=23650012 queue_push=23650014 core_rx=69216722
BNO_CORE_EVENT kind=2 report_seq=190 uart_sequence=3692 sensor_raw=4294952296 sensor_converted=4294952296 xiao_rx=23659481 queue_push=23659485 core_rx=69218321
BNO_CORE_EVENT kind=1 report_seq=219 uart_sequence=3693 sensor_raw=4294956796 sensor_converted=4294956796 xiao_rx=23659495 queue_push=23659498 core_rx=69219475
BNO_CORE_EVENT kind=2 report_seq=191 uart_sequence=3695 sensor_raw=4294962196 sensor_converted=4294962196 xiao_rx=23659529 queue_push=23659530 core_rx=69224371
BNO_CORE_EVENT kind=3 report_seq=223 uart_sequence=3696 sensor_raw=4294962196 sensor_converted=4294962196 xiao_rx=23659543 queue_push=23659544 core_rx=69225578
BNO_CORE_EVENT kind=5 report_seq=223 uart_sequence=3697 sensor_raw=4294962196 sensor_converted=4294962196 xiao_rx=23659551 queue_push=23659553 core_rx=69226636
BNO_CORE_EVENT kind=4 report_seq=240 uart_sequence=3698 sensor_raw=4294962196 sensor_converted=4294962196 xiao_rx=23659561 queue_push=23659563 core_rx=69227686
BNO_CORE_EVENT kind=1 report_seq=220 uart_sequence=3699 sensor_raw=4294964396 sensor_converted=4294964396 xiao_rx=23659569 queue_push=23659571 core_rx=69229856
BNO_CORE_EVENT kind=2 report_seq=192 uart_sequence=3700 sensor_raw=4294962196 sensor_converted=4294962196 xiao_rx=23664207 queue_push=23664208 core_rx=69230945
BNO_CORE_EVENT kind=1 report_seq=221 uart_sequence=3701 sensor_raw=4294962696 sensor_converted=4294962696 xiao_rx=23664215 queue_push=23664217 core_rx=69232098
BNO_CORE_EVENT kind=1 report_seq=222 uart_sequence=3707 sensor_raw=4294965896 sensor_converted=4294965896 xiao_rx=23683808 queue_push=23683815 core_rx=69242085
BNO_CORE_EVENT kind=2 report_seq=193 uart_sequence=3708 sensor_raw=4294948496 sensor_converted=4294948496 xiao_rx=23691663 queue_push=23691667 core_rx=69244144
BNO_CORE_EVENT kind=3 report_seq=224 uart_sequence=3709 sensor_raw=4294948496 sensor_converted=4294948496 xiao_rx=23691684 queue_push=23691686 core_rx=69246824
BNO_CORE_EVENT kind=5 report_seq=224 uart_sequence=3710 sensor_raw=4294948496 sensor_converted=4294948496 xiao_rx=23691693 queue_push=23691695 core_rx=69248002
BNO_CORE_EVENT kind=1 report_seq=223 uart_sequence=3711 sensor_raw=4294954696 sensor_converted=4294954696 xiao_rx=23691702 queue_push=23691703 core_rx=69249058
BNO_CORE_EVENT kind=2 report_seq=194 uart_sequence=3712 sensor_raw=4294958396 sensor_converted=4294958396 xiao_rx=23691710 queue_push=23691711 core_rx=69250117
BNO_CORE_EVENT kind=1 report_seq=224 uart_sequence=3713 sensor_raw=4294962496 sensor_converted=4294962496 xiao_rx=23691718 queue_push=23691719 core_rx=69251149
BNO_CORE_EVENT kind=2 report_seq=195 uart_sequence=3716 sensor_raw=4294960396 sensor_converted=4294960396 xiao_rx=23703870 queue_push=23703880 core_rx=69260655
BNO_CORE_EVENT kind=3 report_seq=225 uart_sequence=3717 sensor_raw=4294960396 sensor_converted=4294960396 xiao_rx=23703904 queue_push=23703906 core_rx=69262354
BNO_CORE_EVENT kind=5 report_seq=225 uart_sequence=3718 sensor_raw=4294960396 sensor_converted=4294960396 xiao_rx=23703917 queue_push=23703919 core_rx=69263507
BNO_CORE_EVENT kind=4 report_seq=241 uart_sequence=3719 sensor_raw=4294960396 sensor_converted=4294960396 xiao_rx=23703927 queue_push=23703929 core_rx=69264549
BNO_CORE_EVENT kind=1 report_seq=225 uart_sequence=3720 sensor_raw=4294962196 sensor_converted=4294962196 xiao_rx=23703935 queue_push=23703937 core_rx=69266971
BNO_CORE_EVENT kind=1 report_seq=226 uart_sequence=3721 sensor_raw=4294958396 sensor_converted=4294958396 xiao_rx=23708808 queue_push=23708812 core_rx=69268116
BNO_CORE_EVENT kind=2 report_seq=196 uart_sequence=3722 sensor_raw=4294958396 sensor_converted=4294958396 xiao_rx=23708827 queue_push=23708828 core_rx=69269158
BNO_CORE_EVENT kind=1 report_seq=227 uart_sequence=3723 sensor_raw=4294965896 sensor_converted=4294965896 xiao_rx=23708835 queue_push=23708836 core_rx=69270187
BNO_CORE_EVENT kind=2 report_seq=197 uart_sequence=3724 sensor_raw=4294963096 sensor_converted=4294963096 xiao_rx=23720977 queue_push=23720987 core_rx=69277492
BNO_CORE_EVENT kind=3 report_seq=226 uart_sequence=3725 sensor_raw=4294963096 sensor_converted=4294963096 xiao_rx=23721009 queue_push=23721010 core_rx=69280168
BNO_CORE_EVENT kind=5 report_seq=226 uart_sequence=3726 sensor_raw=4294963096 sensor_converted=4294963096 xiao_rx=23721022 queue_push=23721024 core_rx=69281376
BNO_CORE_EVENT kind=1 report_seq=228 uart_sequence=3727 sensor_raw=4294956996 sensor_converted=4294956996 xiao_rx=23726603 queue_push=23726604 core_rx=69282427
BNO_CORE_EVENT kind=2 report_seq=198 uart_sequence=3728 sensor_raw=4294961096 sensor_converted=4294961096 xiao_rx=23726611 queue_push=23726612 core_rx=69283744
BNO_CORE_EVENT kind=1 report_seq=229 uart_sequence=3729 sensor_raw=4294964496 sensor_converted=4294964496 xiao_rx=23726619 queue_push=23726620 core_rx=69284801
BNO_CORE_EVENT kind=2 report_seq=199 uart_sequence=3734 sensor_raw=4294964796 sensor_converted=4294964796 xiao_rx=23739777 queue_push=23739789 core_rx=69304473
BNO_CORE_EVENT kind=3 report_seq=227 uart_sequence=3735 sensor_raw=4294952396 sensor_converted=4294952396 xiao_rx=23748301 queue_push=23748305 core_rx=69307162
BNO_CORE_EVENT kind=5 report_seq=227 uart_sequence=3736 sensor_raw=4294952396 sensor_converted=4294952396 xiao_rx=23748328 queue_push=23748330 core_rx=69308259
BNO_CORE_EVENT kind=4 report_seq=242 uart_sequence=3737 sensor_raw=4294952396 sensor_converted=4294952396 xiao_rx=23748341 queue_push=23748343 core_rx=69309311
BNO_CORE_EVENT kind=1 report_seq=230 uart_sequence=3738 sensor_raw=4294953796 sensor_converted=4294953796 xiao_rx=23748349 queue_push=23748351 core_rx=69310884
BNO_CORE_EVENT kind=1 report_seq=231 uart_sequence=3739 sensor_raw=4294962196 sensor_converted=4294962196 xiao_rx=23748357 queue_push=23748359 core_rx=69312079
BNO_CORE_EVENT kind=2 report_seq=200 uart_sequence=3740 sensor_raw=4294962196 sensor_converted=4294962196 xiao_rx=23748366 queue_push=23748368 core_rx=69313139
BNO_CORE_EVENT kind=1 report_seq=232 uart_sequence=3741 sensor_raw=4294961096 sensor_converted=4294961096 xiao_rx=23753724 queue_push=23753728 core_rx=69314192
BNO_CORE_EVENT kind=2 report_seq=201 uart_sequence=3742 sensor_raw=4294963396 sensor_converted=4294963396 xiao_rx=23753743 queue_push=23753745 core_rx=69315511
BNO_CORE_EVENT kind=3 report_seq=228 uart_sequence=3743 sensor_raw=4294963396 sensor_converted=4294963396 xiao_rx=23753753 queue_push=23753755 core_rx=69316570
BNO_CORE_EVENT kind=5 report_seq=228 uart_sequence=3744 sensor_raw=4294963396 sensor_converted=4294963396 xiao_rx=23753764 queue_push=23753765 core_rx=69317620
BNO_CORE_EVENT kind=1 report_seq=233 uart_sequence=3748 sensor_raw=4294963496 sensor_converted=4294963496 xiao_rx=23767382 queue_push=23767389 core_rx=69324434
BNO_CORE_EVENT kind=2 report_seq=202 uart_sequence=3749 sensor_raw=4294954996 sensor_converted=4294954996 xiao_rx=23770787 queue_push=23770793 core_rx=69326897
BNO_CORE_EVENT kind=1 report_seq=234 uart_sequence=3750 sensor_raw=4294957896 sensor_converted=4294957896 xiao_rx=23770813 queue_push=23770816 core_rx=69327957
BNO_CORE_EVENT kind=2 report_seq=203 uart_sequence=3753 sensor_raw=4294961496 sensor_converted=4294961496 xiao_rx=23779727 queue_push=23779737 core_rx=69336541
BNO_CORE_EVENT kind=3 report_seq=229 uart_sequence=3754 sensor_raw=4294961496 sensor_converted=4294961496 xiao_rx=23779765 queue_push=23779766 core_rx=69337804
BNO_CORE_EVENT kind=5 report_seq=229 uart_sequence=3755 sensor_raw=4294961496 sensor_converted=4294961496 xiao_rx=23779779 queue_push=23779781 core_rx=69339784
BNO_CORE_EVENT kind=4 report_seq=243 uart_sequence=3756 sensor_raw=4294961496 sensor_converted=4294961496 xiao_rx=23779789 queue_push=23779791 core_rx=69340850
BNO_CORE_EVENT kind=1 report_seq=235 uart_sequence=3757 sensor_raw=4294962396 sensor_converted=4294962396 xiao_rx=23779798 queue_push=23779799 core_rx=69341889
BNO_CORE_EVENT kind=1 report_seq=236 uart_sequence=3758 sensor_raw=4294961296 sensor_converted=4294961296 xiao_rx=23784455 queue_push=23784459 core_rx=69342954
BNO_CORE_EVENT kind=2 report_seq=204 uart_sequence=3759 sensor_raw=4294961996 sensor_converted=4294961996 xiao_rx=23784473 queue_push=23784475 core_rx=69343992
BNO_CORE_EVENT kind=1 report_seq=237 uart_sequence=3762 sensor_raw=4294964596 sensor_converted=4294964596 xiao_rx=23796622 queue_push=23796627 core_rx=69350442
BNO_CORE_EVENT kind=2 report_seq=205 uart_sequence=3764 sensor_raw=4294955196 sensor_converted=4294955196 xiao_rx=23803013 queue_push=23803022 core_rx=69358508
BNO_CORE_EVENT kind=3 report_seq=230 uart_sequence=3766 sensor_raw=4294955196 sensor_converted=4294955196 xiao_rx=23803057 queue_push=23803059 core_rx=69362083
BNO_CORE_EVENT kind=5 report_seq=230 uart_sequence=3767 sensor_raw=4294955196 sensor_converted=4294955196 xiao_rx=23803072 queue_push=23803074 core_rx=69363277
BNO_CORE_EVENT kind=1 report_seq=238 uart_sequence=3768 sensor_raw=4294960496 sensor_converted=4294960496 xiao_rx=23803081 queue_push=23803083 core_rx=69365260
BNO_CORE_EVENT kind=2 report_seq=206 uart_sequence=3769 sensor_raw=4294958696 sensor_converted=4294958696 xiao_rx=23807742 queue_push=23807745 core_rx=69366316
BNO_CORE_EVENT kind=1 report_seq=239 uart_sequence=3770 sensor_raw=4294961596 sensor_converted=4294961596 xiao_rx=23807757 queue_push=23807759 core_rx=69367348
BNO_CORE_EVENT kind=2 report_seq=207 uart_sequence=3771 sensor_raw=4294964596 sensor_converted=4294964596 xiao_rx=23816156 queue_push=23816166 core_rx=69373509
BNO_CORE_EVENT kind=3 report_seq=231 uart_sequence=3772 sensor_raw=4294956296 sensor_converted=4294956296 xiao_rx=23822413 queue_push=23822416 core_rx=69376206
BNO_CORE_EVENT kind=5 report_seq=231 uart_sequence=3773 sensor_raw=4294956296 sensor_converted=4294956296 xiao_rx=23822433 queue_push=23822434 core_rx=69377403
BNO_CORE_EVENT kind=4 report_seq=244 uart_sequence=3774 sensor_raw=4294956296 sensor_converted=4294956296 xiao_rx=23822444 queue_push=23822445 core_rx=69378431
BNO_CORE_EVENT kind=1 report_seq=240 uart_sequence=3775 sensor_raw=4294956396 sensor_converted=4294956396 xiao_rx=23822452 queue_push=23822453 core_rx=69379783
BNO_CORE_EVENT kind=1 report_seq=241 uart_sequence=3776 sensor_raw=4294964896 sensor_converted=4294964896 xiao_rx=23822460 queue_push=23822461 core_rx=69380858
BNO_CORE_EVENT kind=2 report_seq=208 uart_sequence=3778 sensor_raw=4294959296 sensor_converted=4294959296 xiao_rx=23831154 queue_push=23831163 core_rx=69388128
BNO_CORE_EVENT kind=1 report_seq=242 uart_sequence=3779 sensor_raw=4294965996 sensor_converted=4294965996 xiao_rx=23831192 queue_push=23831194 core_rx=69389669
BNO_CORE_EVENT kind=2 report_seq=209 uart_sequence=3780 sensor_raw=4294960896 sensor_converted=4294960896 xiao_rx=23837850 queue_push=23837854 core_rx=69391323
BNO_CORE_EVENT kind=3 report_seq=232 uart_sequence=3781 sensor_raw=4294960896 sensor_converted=4294960896 xiao_rx=23837871 queue_push=23837873 core_rx=69392482
BNO_CORE_EVENT kind=5 report_seq=232 uart_sequence=3782 sensor_raw=4294960896 sensor_converted=4294960896 xiao_rx=23837880 queue_push=23837882 core_rx=69393521
BNO_CORE_EVENT kind=1 report_seq=243 uart_sequence=3783 sensor_raw=4294965096 sensor_converted=4294965096 xiao_rx=23837889 queue_push=23837890 core_rx=69395929
BNO_CORE_EVENT kind=2 report_seq=210 uart_sequence=3787 sensor_raw=4294964096 sensor_converted=4294964096 xiao_rx=23849128 queue_push=23849137 core_rx=69404513
BNO_CORE_EVENT kind=1 report_seq=244 uart_sequence=3788 sensor_raw=4294955296 sensor_converted=4294955296 xiao_rx=23853575 queue_push=23853577 core_rx=69407169
BNO_CORE_EVENT kind=2 report_seq=211 uart_sequence=3789 sensor_raw=4294962896 sensor_converted=4294962896 xiao_rx=23853585 queue_push=23853587 core_rx=69408351
BNO_CORE_EVENT kind=3 report_seq=233 uart_sequence=3790 sensor_raw=4294962896 sensor_converted=4294962896 xiao_rx=23853598 queue_push=23853600 core_rx=69409379
BNO_CORE_EVENT kind=5 report_seq=233 uart_sequence=3795 sensor_raw=4294958396 sensor_converted=4294958396 xiao_rx=23862933 queue_push=23862942 core_rx=69426132
BNO_CORE_EVENT kind=4 report_seq=245 uart_sequence=3796 sensor_raw=4294958396 sensor_converted=4294958396 xiao_rx=23862974 queue_push=23862976 core_rx=69427659
BNO_CORE_EVENT kind=1 report_seq=245 uart_sequence=3797 sensor_raw=4294958496 sensor_converted=4294958496 xiao_rx=23862984 queue_push=23862986 core_rx=69429337
BNO_CORE_EVENT kind=1 report_seq=246 uart_sequence=3798 sensor_raw=4294966396 sensor_converted=4294966396 xiao_rx=23862994 queue_push=23862996 core_rx=69430501
BNO_CORE_EVENT kind=2 report_seq=212 uart_sequence=3799 sensor_raw=4294959296 sensor_converted=4294959296 xiao_rx=23867697 queue_push=23867702 core_rx=69431547
BNO_CORE_EVENT kind=1 report_seq=247 uart_sequence=3800 sensor_raw=4294965096 sensor_converted=4294965096 xiao_rx=23867724 queue_push=23867726 core_rx=69433917
BNO_CORE_EVENT kind=2 report_seq=213 uart_sequence=3802 sensor_raw=4294964596 sensor_converted=4294964596 xiao_rx=23871328 queue_push=23871331 core_rx=69435498
BNO_CORE_EVENT kind=3 report_seq=234 uart_sequence=3803 sensor_raw=4294964596 sensor_converted=4294964596 xiao_rx=23871367 queue_push=23871368 core_rx=69436583
BNO_CORE_EVENT kind=5 report_seq=234 uart_sequence=3804 sensor_raw=4294960896 sensor_converted=4294960896 xiao_rx=23876067 queue_push=23876071 core_rx=69437724
BNO_CORE_EVENT kind=1 report_seq=248 uart_sequence=3805 sensor_raw=4294964496 sensor_converted=4294964496 xiao_rx=23876089 queue_push=23876090 core_rx=69440078
BNO_CORE_EVENT kind=2 report_seq=214 uart_sequence=3807 sensor_raw=4294964796 sensor_converted=4294964796 xiao_rx=23888821 queue_push=23888831 core_rx=69442659
BNO_CORE_EVENT kind=1 report_seq=249 uart_sequence=3809 sensor_raw=4294955096 sensor_converted=4294955096 xiao_rx=23896191 queue_push=23896196 core_rx=69452466
BNO_CORE_EVENT kind=1 report_seq=250 uart_sequence=3810 sensor_raw=4294963096 sensor_converted=4294963096 xiao_rx=23896217 queue_push=23896218 core_rx=69455152
BNO_CORE_EVENT kind=2 report_seq=215 uart_sequence=3811 sensor_raw=4294963096 sensor_converted=4294963096 xiao_rx=23896228 queue_push=23896231 core_rx=69456205
BNO_CORE_EVENT kind=3 report_seq=235 uart_sequence=3812 sensor_raw=4294963096 sensor_converted=4294963096 xiao_rx=23896242 queue_push=23896244 core_rx=69457267
BNO_CORE_EVENT kind=5 report_seq=235 uart_sequence=3813 sensor_raw=4294955796 sensor_converted=4294955796 xiao_rx=23901338 queue_push=23901343 core_rx=69458782
BNO_CORE_EVENT kind=4 report_seq=246 uart_sequence=3814 sensor_raw=4294955796 sensor_converted=4294955796 xiao_rx=23901361 queue_push=23901363 core_rx=69459930
BNO_CORE_EVENT kind=1 report_seq=251 uart_sequence=3815 sensor_raw=4294963396 sensor_converted=4294963396 xiao_rx=23901370 queue_push=23901372 core_rx=69460985
BNO_CORE_EVENT kind=2 report_seq=216 uart_sequence=3819 sensor_raw=4294960396 sensor_converted=4294960396 xiao_rx=23916071 queue_push=23916081 core_rx=69472505
BNO_CORE_EVENT kind=1 report_seq=252 uart_sequence=3820 sensor_raw=4294966196 sensor_converted=4294966196 xiao_rx=23916108 queue_push=23916109 core_rx=69475140
BNO_CORE_EVENT kind=2 report_seq=217 uart_sequence=3821 sensor_raw=4294955896 sensor_converted=4294955896 xiao_rx=23921418 queue_push=23921420 core_rx=69476204
BNO_CORE_EVENT kind=3 report_seq=236 uart_sequence=3822 sensor_raw=4294955896 sensor_converted=4294955896 xiao_rx=23921431 queue_push=23921433 core_rx=69477232
BNO_CORE_EVENT kind=5 report_seq=236 uart_sequence=3823 sensor_raw=4294955896 sensor_converted=4294955896 xiao_rx=23921439 queue_push=23921441 core_rx=69478820
BNO_CORE_EVENT kind=1 report_seq=253 uart_sequence=3824 sensor_raw=4294959296 sensor_converted=4294959296 xiao_rx=23921447 queue_push=23921449 core_rx=69479967
BNO_CORE_EVENT kind=2 report_seq=218 uart_sequence=3826 sensor_raw=4294960396 sensor_converted=4294960396 xiao_rx=23930664 queue_push=23930674 core_rx=69489500
BNO_CORE_EVENT kind=1 report_seq=254 uart_sequence=3827 sensor_raw=4294961996 sensor_converted=4294961996 xiao_rx=23930699 queue_push=23930700 core_rx=69492142
BNO_CORE_EVENT kind=1 report_seq=255 uart_sequence=3828 sensor_raw=4294961896 sensor_converted=4294961896 xiao_rx=23938088 queue_push=23938092 core_rx=69493185
BNO_CORE_EVENT kind=2 report_seq=219 uart_sequence=3829 sensor_raw=4294961896 sensor_converted=4294961896 xiao_rx=23938107 queue_push=23938109 core_rx=69494232
BNO_CORE_EVENT kind=3 report_seq=237 uart_sequence=3830 sensor_raw=4294961896 sensor_converted=4294961896 xiao_rx=23938120 queue_push=23938122 core_rx=69495779
BNO_CORE_EVENT kind=5 report_seq=237 uart_sequence=3832 sensor_raw=4294961896 sensor_converted=4294961896 xiao_rx=23938129 queue_push=23938131 core_rx=69497792
BNO_CORE_EVENT kind=4 report_seq=247 uart_sequence=3833 sensor_raw=4294961896 sensor_converted=4294961896 xiao_rx=23938139 queue_push=23938141 core_rx=69498844
BNO_CORE_EVENT kind=1 report_seq=0 uart_sequence=3835 sensor_raw=4294961696 sensor_converted=4294961696 xiao_rx=23949014 queue_push=23949022 core_rx=69505474
XIAO UART baud=921600 rx=GPIO8 tx=GPIO9 bytes=912296 frames=1619 bytes_s=47300 frames_s=488 crc/cobs/len=0/0/0 seqgap=0 age_ms=1 type=2 log=1 q=0 rec=213 final=0
BNO_CORE_EVENT kind=2 report_seq=220 uart_sequence=3836 sensor_raw=4294963496 sensor_converted=4294963496 xiao_rx=23949047 queue_push=23949050 core_rx=69508195
BNO_CORE_EVENT kind=1 report_seq=1 uart_sequence=3837 sensor_raw=4294958696 sensor_converted=4294958696 xiao_rx=23955047 queue_push=23955049 core_rx=69509284
BNO_CORE_EVENT kind=2 report_seq=221 uart_sequence=3838 sensor_raw=4294963096 sensor_converted=4294963096 xiao_rx=23955055 queue_push=23955057 core_rx=69510335
RXDIAG max_us=6554 budget_hits=15 byte/frame/time=15/0/0 rx_buf_max=1092 loop_period_max_us=1174994 loop_exec_max_us=1168663 free_heap=138512 min_free_heap=138332 reset_reason=0 bno_kind_1to5_s=128/100/51/26/51 queue=0 high=13 drops=0
RXDETAIL service_calls=57461 service_bytes_avg=15 service_bytes_max=512 service_frames_avg=0 service_frames_avg_x1000=124 service_frames_max=7 service_bytes_s=47380 service_frames_s=489 rxbuf_full_obs=0 bno_valid=1189 bno_invalid=0 unknown=0 uart_overflow=framework_unavailable trial_rx_bytes=157136 trial_frames=1620 trial_bno=1189 trial_crc/cobs/len=0/0/0
BNO_CORE_EVENT kind=3 report_seq=238 uart_sequence=3839 sensor_raw=4294963096 sensor_converted=4294963096 xiao_rx=23955068 queue_push=23955069 core_rx=69512097
BNO_CORE_EVENT kind=5 report_seq=238 uart_sequence=3840 sensor_raw=4294963096 sensor_converted=4294963096 xiao_rx=23955076 queue_push=23955078 core_rx=69514492
RXTASK mode=decode_count read_calls=57462 zero_reads=49752 read_bytes_max=512 rx_task_max_us=6554 rx_task_continuous_max_us=6554 stack_hwm_min_bytes=4472 cobs_delimiters=7141 rx_current=120 rx_max=1092 rx_full=0 overflow=framework_unavailable
SDTASK max_process_us=102012
BNO_CORE_EVENT kind=1 report_seq=2 uart_sequence=3846 sensor_raw=4294959796 sensor_converted=4294959796 xiao_rx=23967951 queue_push=23967959 core_rx=69532464
BNO_CORE_EVENT kind=2 report_seq=222 uart_sequence=3847 sensor_raw=4294953896 sensor_converted=4294953896 xiao_rx=23974355 queue_push=23974361 core_rx=69534458
BNO_CORE_EVENT kind=1 report_seq=3 uart_sequence=3848 sensor_raw=4294955096 sensor_converted=4294955096 xiao_rx=23974386 queue_push=23974389 core_rx=69535545
BNO_CORE_EVENT kind=1 report_seq=4 uart_sequence=3849 sensor_raw=4294963396 sensor_converted=4294963396 xiao_rx=23974395 queue_push=23974397 core_rx=69537775
BNO_CORE_EVENT kind=2 report_seq=223 uart_sequence=3850 sensor_raw=4294963796 sensor_converted=4294963796 xiao_rx=23974403 queue_push=23974405 core_rx=69538917
BNO_CORE_EVENT kind=3 report_seq=239 uart_sequence=3851 sensor_raw=4294963796 sensor_converted=4294963796 xiao_rx=23974416 queue_push=23974418 core_rx=69540071
BNO_CORE_EVENT kind=5 report_seq=239 uart_sequence=3852 sensor_raw=4294957496 sensor_converted=4294957496 xiao_rx=23978797 queue_push=23978802 core_rx=69541175
BNO_CORE_EVENT kind=4 report_seq=248 uart_sequence=3853 sensor_raw=4294957496 sensor_converted=4294957496 xiao_rx=23978829 queue_push=23978831 core_rx=69542309
BNO_CORE_EVENT kind=1 report_seq=5 uart_sequence=3854 sensor_raw=4294964596 sensor_converted=4294964596 xiao_rx=23978837 queue_push=23978839 core_rx=69544384
BNO_CORE_EVENT kind=2 report_seq=224 uart_sequence=3855 sensor_raw=4294962996 sensor_converted=4294962996 xiao_rx=23981999 queue_push=23982004 core_rx=69545546
BNO_CORE_EVENT kind=1 report_seq=6 uart_sequence=3858 sensor_raw=4294964996 sensor_converted=4294964996 xiao_rx=23996672 queue_push=23996679 core_rx=69552448
BNO_CORE_EVENT kind=2 report_seq=225 uart_sequence=3859 sensor_raw=4294955996 sensor_converted=4294955996 xiao_rx=24002046 queue_push=24002050 core_rx=69555115
BNO_CORE_EVENT kind=3 report_seq=240 uart_sequence=3860 sensor_raw=4294955996 sensor_converted=4294955996 xiao_rx=24002066 queue_push=24002068 core_rx=69556223
BNO_CORE_EVENT kind=5 report_seq=240 uart_sequence=3861 sensor_raw=4294955996 sensor_converted=4294955996 xiao_rx=24002075 queue_push=24002077 core_rx=69557252
BNO_CORE_EVENT kind=1 report_seq=7 uart_sequence=3862 sensor_raw=4294958696 sensor_converted=4294958696 xiao_rx=24002084 queue_push=24002086 core_rx=69559223
BNO_CORE_EVENT kind=2 report_seq=226 uart_sequence=3864 sensor_raw=4294959696 sensor_converted=4294959696 xiao_rx=24010246 queue_push=24010256 core_rx=69571492
BNO_CORE_EVENT kind=1 report_seq=8 uart_sequence=3865 sensor_raw=4294960596 sensor_converted=4294960596 xiao_rx=24010284 queue_push=24010286 core_rx=69574141
BNO_CORE_EVENT kind=1 report_seq=9 uart_sequence=3866 sensor_raw=4294960596 sensor_converted=4294960596 xiao_rx=24017169 queue_push=24017172 core_rx=69575192
BNO_CORE_EVENT kind=2 report_seq=227 uart_sequence=3867 sensor_raw=4294961996 sensor_converted=4294961996 xiao_rx=24017188 queue_push=24017190 core_rx=69576238
BNO_CORE_EVENT kind=3 report_seq=241 uart_sequence=3868 sensor_raw=4294961996 sensor_converted=4294961996 xiao_rx=24017201 queue_push=24017203 core_rx=69578247
BNO_CORE_EVENT kind=5 report_seq=241 uart_sequence=3869 sensor_raw=4294961996 sensor_converted=4294961996 xiao_rx=24017210 queue_push=24017211 core_rx=69579317
BNO_CORE_EVENT kind=4 report_seq=249 uart_sequence=3870 sensor_raw=4294961996 sensor_converted=4294961996 xiao_rx=24017219 queue_push=24017221 core_rx=69580351
BNO_CORE_EVENT kind=1 report_seq=10 uart_sequence=3871 sensor_raw=4294961096 sensor_converted=4294961096 xiao_rx=24020554 queue_push=24020556 core_rx=69581432
BNO_CORE_EVENT kind=2 report_seq=228 uart_sequence=3872 sensor_raw=4294964296 sensor_converted=4294964296 xiao_rx=24020562 queue_push=24020564 core_rx=69584012
BNO_CORE_EVENT kind=1 report_seq=11 uart_sequence=3878 sensor_raw=4294965696 sensor_converted=4294965696 xiao_rx=24037292 queue_push=24037299 core_rx=69598470
BNO_CORE_EVENT kind=2 report_seq=229 uart_sequence=3879 sensor_raw=4294954696 sensor_converted=4294954696 xiao_rx=24043657 queue_push=24043662 core_rx=69601199
BNO_CORE_EVENT kind=3 report_seq=242 uart_sequence=3880 sensor_raw=4294954696 sensor_converted=4294954696 xiao_rx=24043685 queue_push=24043686 core_rx=69602403
BNO_CORE_EVENT kind=5 report_seq=242 uart_sequence=3881 sensor_raw=4294954696 sensor_converted=4294954696 xiao_rx=24043694 queue_push=24043695 core_rx=69603434
BNO_CORE_EVENT kind=1 report_seq=12 uart_sequence=3882 sensor_raw=4294956796 sensor_converted=4294956796 xiao_rx=24043702 queue_push=24043704 core_rx=69606282
BNO_CORE_EVENT kind=2 report_seq=230 uart_sequence=3883 sensor_raw=4294964496 sensor_converted=4294964496 xiao_rx=24043710 queue_push=24043712 core_rx=69607471
BNO_CORE_EVENT kind=1 report_seq=13 uart_sequence=3884 sensor_raw=4294958596 sensor_converted=4294958596 xiao_rx=24047699 queue_push=24047703 core_rx=69608511
BNO_CORE_EVENT kind=1 report_seq=14 uart_sequence=3885 sensor_raw=4294966396 sensor_converted=4294966396 xiao_rx=24047713 queue_push=24047715 core_rx=69609541
BNO_CORE_EVENT kind=2 report_seq=231 uart_sequence=3888 sensor_raw=4294964096 sensor_converted=4294964096 xiao_rx=24059174 queue_push=24059183 core_rx=69616496
BNO_CORE_EVENT kind=3 report_seq=243 uart_sequence=3889 sensor_raw=4294964096 sensor_converted=4294964096 xiao_rx=24059204 queue_push=24059206 core_rx=69618466
BNO_CORE_EVENT kind=5 report_seq=243 uart_sequence=3890 sensor_raw=4294952596 sensor_converted=4294952596 xiao_rx=24065969 queue_push=24065972 core_rx=69619566
BNO_CORE_EVENT kind=4 report_seq=250 uart_sequence=3891 sensor_raw=4294952596 sensor_converted=4294952596 xiao_rx=24065994 queue_push=24065995 core_rx=69621819
BNO_CORE_EVENT kind=1 report_seq=15 uart_sequence=3892 sensor_raw=4294959196 sensor_converted=4294959196 xiao_rx=24066002 queue_push=24066003 core_rx=69623050
BNO_CORE_EVENT kind=2 report_seq=232 uart_sequence=3893 sensor_raw=4294962896 sensor_converted=4294962896 xiao_rx=24066011 queue_push=24066013 core_rx=69624079
BNO_CORE_EVENT kind=1 report_seq=16 uart_sequence=3894 sensor_raw=4294966796 sensor_converted=4294966796 xiao_rx=24066020 queue_push=24066022 core_rx=69625115
BNO_CORE_EVENT kind=2 report_seq=233 uart_sequence=3898 sensor_raw=4294964596 sensor_converted=4294964596 xiao_rx=24076320 queue_push=24076330 core_rx=69631441
BNO_CORE_EVENT kind=3 report_seq=244 uart_sequence=3899 sensor_raw=4294955396 sensor_converted=4294955396 xiao_rx=24080779 queue_push=24080782 core_rx=69634162
BNO_CORE_EVENT kind=5 report_seq=244 uart_sequence=3900 sensor_raw=4294955696 sensor_converted=4294955696 xiao_rx=24080804 queue_push=24080805 core_rx=69635305
BNO_CORE_EVENT kind=1 report_seq=17 uart_sequence=3901 sensor_raw=4294957496 sensor_converted=4294957496 xiao_rx=24080812 queue_push=24080813 core_rx=69636369
BNO_CORE_EVENT kind=2 report_seq=234 uart_sequence=3904 sensor_raw=4294960896 sensor_converted=4294960896 xiao_rx=24090233 queue_push=24090241 core_rx=69642500
BNO_CORE_EVENT kind=1 report_seq=18 uart_sequence=3905 sensor_raw=4294960896 sensor_converted=4294960896 xiao_rx=24090261 queue_push=24090263 core_rx=69643823
BNO_CORE_EVENT kind=1 report_seq=19 uart_sequence=3909 sensor_raw=4294959796 sensor_converted=4294959796 xiao_rx=24101864 queue_push=24101871 core_rx=69658466
BNO_CORE_EVENT kind=2 report_seq=235 uart_sequence=3910 sensor_raw=4294961796 sensor_converted=4294961796 xiao_rx=24101913 queue_push=24101916 core_rx=69661161
BNO_CORE_EVENT kind=3 report_seq=245 uart_sequence=3911 sensor_raw=4294961796 sensor_converted=4294961796 xiao_rx=24101927 queue_push=24101928 core_rx=69662288
BNO_CORE_EVENT kind=5 report_seq=245 uart_sequence=3912 sensor_raw=4294961796 sensor_converted=4294961796 xiao_rx=24101935 queue_push=24101937 core_rx=69663366
BNO_CORE_EVENT kind=4 report_seq=251 uart_sequence=3913 sensor_raw=4294961796 sensor_converted=4294961796 xiao_rx=24101946 queue_push=24101947 core_rx=69665225
BNO_CORE_EVENT kind=1 report_seq=20 uart_sequence=3914 sensor_raw=4294955596 sensor_converted=4294955596 xiao_rx=24107545 queue_push=24107549 core_rx=69666302
BNO_CORE_EVENT kind=2 report_seq=236 uart_sequence=3915 sensor_raw=4294959796 sensor_converted=4294959796 xiao_rx=24107570 queue_push=24107572 core_rx=69667333
BNO_CORE_EVENT kind=1 report_seq=21 uart_sequence=3916 sensor_raw=4294963496 sensor_converted=4294963496 xiao_rx=24107578 queue_push=24107580 core_rx=69668369
BNO_CORE_EVENT kind=2 report_seq=237 uart_sequence=3917 sensor_raw=4294963296 sensor_converted=4294963296 xiao_rx=24117004 queue_push=24117014 core_rx=69670441
BNO_CORE_EVENT kind=3 report_seq=246 uart_sequence=3918 sensor_raw=4294954696 sensor_converted=4294954696 xiao_rx=24124971 queue_push=24124978 core_rx=69675475
BNO_CORE_EVENT kind=5 report_seq=246 uart_sequence=3919 sensor_raw=4294954696 sensor_converted=4294954696 xiao_rx=24124992 queue_push=24124994 core_rx=69678151
BNO_CORE_EVENT kind=1 report_seq=22 uart_sequence=3920 sensor_raw=4294956296 sensor_converted=4294956296 xiao_rx=24125001 queue_push=24125002 core_rx=69679252
BNO_CORE_EVENT kind=1 report_seq=23 uart_sequence=3921 sensor_raw=4294964796 sensor_converted=4294964796 xiao_rx=24125009 queue_push=24125010 core_rx=69680295
BNO_CORE_EVENT kind=2 report_seq=238 uart_sequence=3924 sensor_raw=4294956696 sensor_converted=4294956696 xiao_rx=24133666 queue_push=24133674 core_rx=69696472
BNO_CORE_EVENT kind=1 report_seq=24 uart_sequence=3925 sensor_raw=4294964196 sensor_converted=4294964196 xiao_rx=24133703 queue_push=24133705 core_rx=69699109
BNO_CORE_EVENT kind=2 report_seq=239 uart_sequence=3926 sensor_raw=4294957996 sensor_converted=4294957996 xiao_rx=24140617 queue_push=24140621 core_rx=69700183
BNO_CORE_EVENT kind=3 report_seq=247 uart_sequence=3927 sensor_raw=4294957996 sensor_converted=4294957996 xiao_rx=24140642 queue_push=24140643 core_rx=69701273
BNO_CORE_EVENT kind=5 report_seq=247 uart_sequence=3928 sensor_raw=4294957996 sensor_converted=4294957996 xiao_rx=24140651 queue_push=24140652 core_rx=69703263
BNO_CORE_EVENT kind=4 report_seq=252 uart_sequence=3930 sensor_raw=4294957996 sensor_converted=4294957996 xiao_rx=24140662 queue_push=24140663 core_rx=69705320
BNO_CORE_EVENT kind=1 report_seq=25 uart_sequence=3931 sensor_raw=4294963796 sensor_converted=4294963796 xiao_rx=24140670 queue_push=24140672 core_rx=69706513
BNO_CORE_EVENT kind=2 report_seq=240 uart_sequence=3932 sensor_raw=4294961096 sensor_converted=4294961096 xiao_rx=24145330 queue_push=24145334 core_rx=69709145
BNO_CORE_EVENT kind=1 report_seq=26 uart_sequence=3933 sensor_raw=4294964296 sensor_converted=4294964296 xiao_rx=24145346 queue_push=24145347 core_rx=69710311
BNO_CORE_EVENT kind=2 report_seq=241 uart_sequence=3937 sensor_raw=4294964796 sensor_converted=4294964796 xiao_rx=24161476 queue_push=24161485 core_rx=69724460
BNO_CORE_EVENT kind=3 report_seq=248 uart_sequence=3938 sensor_raw=4294950296 sensor_converted=4294950296 xiao_rx=24167801 queue_push=24167805 core_rx=69727164
BNO_CORE_EVENT kind=5 report_seq=248 uart_sequence=3939 sensor_raw=4294950296 sensor_converted=4294950296 xiao_rx=24167828 queue_push=24167830 core_rx=69728369
BNO_CORE_EVENT kind=1 report_seq=27 uart_sequence=3940 sensor_raw=4294951296 sensor_converted=4294951296 xiao_rx=24167836 queue_push=24167838 core_rx=69729430
BNO_CORE_EVENT kind=1 report_seq=28 uart_sequence=3941 sensor_raw=4294959796 sensor_converted=4294959796 xiao_rx=24167844 queue_push=24167846 core_rx=69731291
BNO_CORE_EVENT kind=2 report_seq=242 uart_sequence=3943 sensor_raw=4294960196 sensor_converted=4294960196 xiao_rx=24167856 queue_push=24167858 core_rx=69733358
BNO_CORE_EVENT kind=1 report_seq=29 uart_sequence=3944 sensor_raw=4294961096 sensor_converted=4294961096 xiao_rx=24173217 queue_push=24173220 core_rx=69734415
BNO_CORE_EVENT kind=4 report_seq=253 uart_sequence=3945 sensor_raw=4294963796 sensor_converted=4294963796 xiao_rx=24173235 queue_push=24173237 core_rx=69736845
BNO_CORE_EVENT kind=2 report_seq=243 uart_sequence=3946 sensor_raw=4294963996 sensor_converted=4294963996 xiao_rx=24173244 queue_push=24173246 core_rx=69737995
BNO_CORE_EVENT kind=3 report_seq=249 uart_sequence=3948 sensor_raw=4294963996 sensor_converted=4294963996 xiao_rx=24173253 queue_push=24173254 core_rx=69740939
BNO_CORE_EVENT kind=5 report_seq=249 uart_sequence=3949 sensor_raw=4294958596 sensor_converted=4294958596 xiao_rx=24187546 queue_push=24187552 core_rx=69743524
BNO_CORE_EVENT kind=1 report_seq=30 uart_sequence=3951 sensor_raw=4294963496 sensor_converted=4294963496 xiao_rx=24187565 queue_push=24187567 core_rx=69750056
BNO_CORE_EVENT kind=2 report_seq=244 uart_sequence=3952 sensor_raw=4294954496 sensor_converted=4294954496 xiao_rx=24192882 queue_push=24192885 core_rx=69751289
BNO_CORE_EVENT kind=1 report_seq=31 uart_sequence=3953 sensor_raw=4294956996 sensor_converted=4294956996 xiao_rx=24192896 queue_push=24192897 core_rx=69752329
BNO_CORE_EVENT kind=2 report_seq=245 uart_sequence=3954 sensor_raw=4294964396 sensor_converted=4294964396 xiao_rx=24192905 queue_push=24192907 core_rx=69753379
BNO_CORE_EVENT kind=3 report_seq=250 uart_sequence=3955 sensor_raw=4294964396 sensor_converted=4294964396 xiao_rx=24192920 queue_push=24192922 core_rx=69755743
BNO_CORE_EVENT kind=5 report_seq=250 uart_sequence=3958 sensor_raw=4294959096 sensor_converted=4294959096 xiao_rx=24205855 queue_push=24205862 core_rx=69760525
BNO_CORE_EVENT kind=1 report_seq=32 uart_sequence=3959 sensor_raw=4294959596 sensor_converted=4294959596 xiao_rx=24205884 queue_push=24205886 core_rx=69763173
BNO_CORE_EVENT kind=1 report_seq=33 uart_sequence=3960 sensor_raw=4294955296 sensor_converted=4294955296 xiao_rx=24210144 queue_push=24210148 core_rx=69764294
BNO_CORE_EVENT kind=2 report_seq=246 uart_sequence=3961 sensor_raw=4294955796 sensor_converted=4294955796 xiao_rx=24210162 queue_push=24210165 core_rx=69765384
BNO_CORE_EVENT kind=1 report_seq=34 uart_sequence=3962 sensor_raw=4294962896 sensor_converted=4294962896 xiao_rx=24210171 queue_push=24210173 core_rx=69768282
BNO_CORE_EVENT kind=4 report_seq=254 uart_sequence=3966 sensor_raw=4294961296 sensor_converted=4294961296 xiao_rx=24223025 queue_push=24223031 core_rx=69782491
BNO_CORE_EVENT kind=2 report_seq=247 uart_sequence=3967 sensor_raw=4294961396 sensor_converted=4294961396 xiao_rx=24223046 queue_push=24223048 core_rx=69783988
BNO_CORE_EVENT kind=3 report_seq=251 uart_sequence=3968 sensor_raw=4294961396 sensor_converted=4294961396 xiao_rx=24223061 queue_push=24223063 core_rx=69786115
BNO_CORE_EVENT kind=5 report_seq=251 uart_sequence=3969 sensor_raw=4294961396 sensor_converted=4294961396 xiao_rx=24223072 queue_push=24223074 core_rx=69787187
BNO_CORE_EVENT kind=1 report_seq=35 uart_sequence=3970 sensor_raw=4294965996 sensor_converted=4294965996 xiao_rx=24223080 queue_push=24223082 core_rx=69788240
BNO_CORE_EVENT kind=2 report_seq=248 uart_sequence=3972 sensor_raw=4294959096 sensor_converted=4294959096 xiao_rx=24227782 queue_push=24227787 core_rx=69790682
BNO_CORE_EVENT kind=1 report_seq=36 uart_sequence=3973 sensor_raw=4294961196 sensor_converted=4294961196 xiao_rx=24227810 queue_push=24227812 core_rx=69791807
BNO_CORE_EVENT kind=1 report_seq=37 uart_sequence=3974 sensor_raw=4294964396 sensor_converted=4294964396 xiao_rx=24232240 queue_push=24232244 core_rx=69792835
BNO_CORE_EVENT kind=2 report_seq=249 uart_sequence=3975 sensor_raw=4294964396 sensor_converted=4294964396 xiao_rx=24232257 queue_push=24232258 core_rx=69795113
BNO_CORE_EVENT kind=3 report_seq=252 uart_sequence=3976 sensor_raw=4294964396 sensor_converted=4294964396 xiao_rx=24232267 queue_push=24232269 core_rx=69796273
BNO_CORE_EVENT kind=5 report_seq=252 uart_sequence=3977 sensor_raw=4294959996 sensor_converted=4294959996 xiao_rx=24245468 queue_push=24245475 core_rx=69798470
BNO_CORE_EVENT kind=1 report_seq=38 uart_sequence=3978 sensor_raw=4294954396 sensor_converted=4294954396 xiao_rx=24250841 queue_push=24250844 core_rx=69801524
BNO_CORE_EVENT kind=2 report_seq=250 uart_sequence=3979 sensor_raw=4294956196 sensor_converted=4294956196 xiao_rx=24250863 queue_push=24250866 core_rx=69804113
BNO_CORE_EVENT kind=1 report_seq=39 uart_sequence=3980 sensor_raw=4294962296 sensor_converted=4294962296 xiao_rx=24250872 queue_push=24250874 core_rx=69805168
BNO_CORE_EVENT kind=2 report_seq=251 uart_sequence=3983 sensor_raw=4294960796 sensor_converted=4294960796 xiao_rx=24260705 queue_push=24260715 core_rx=69816444
BNO_CORE_EVENT kind=3 report_seq=253 uart_sequence=3984 sensor_raw=4294960796 sensor_converted=4294960796 xiao_rx=24260732 queue_push=24260734 core_rx=69819169
BNO_CORE_EVENT kind=5 report_seq=253 uart_sequence=3985 sensor_raw=4294960796 sensor_converted=4294960796 xiao_rx=24260745 queue_push=24260746 core_rx=69820367
BNO_CORE_EVENT kind=4 report_seq=255 uart_sequence=3986 sensor_raw=4294961096 sensor_converted=4294961096 xiao_rx=24260755 queue_push=24260756 core_rx=69821430
BNO_CORE_EVENT kind=1 report_seq=40 uart_sequence=3987 sensor_raw=4294964996 sensor_converted=4294964996 xiao_rx=24260763 queue_push=24260764 core_rx=69822748
BNO_CORE_EVENT kind=2 report_seq=252 uart_sequence=3989 sensor_raw=4294961496 sensor_converted=4294961496 xiao_rx=24265308 queue_push=24265316 core_rx=69824694
BNO_CORE_EVENT kind=1 report_seq=41 uart_sequence=3990 sensor_raw=4294963496 sensor_converted=4294963496 xiao_rx=24265342 queue_push=24265344 core_rx=69825746
BNO_CORE_EVENT kind=1 report_seq=42 uart_sequence=3996 sensor_raw=4294964996 sensor_converted=4294964996 xiao_rx=24279773 queue_push=24279779 core_rx=69832992
BNO_CORE_EVENT kind=2 report_seq=253 uart_sequence=3997 sensor_raw=4294951896 sensor_converted=4294951896 xiao_rx=24286843 queue_push=24286847 core_rx=69837088
BNO_CORE_EVENT kind=3 report_seq=254 uart_sequence=3998 sensor_raw=4294951896 sensor_converted=4294951896 xiao_rx=24286865 queue_push=24286867 core_rx=69838645
BNO_CORE_EVENT kind=5 report_seq=254 uart_sequence=3999 sensor_raw=4294951896 sensor_converted=4294951896 xiao_rx=24286875 queue_push=24286876 core_rx=69840340
BNO_CORE_EVENT kind=1 report_seq=43 uart_sequence=4000 sensor_raw=4294960296 sensor_converted=4294960296 xiao_rx=24286883 queue_push=24286885 core_rx=69841512
BNO_CORE_EVENT kind=2 report_seq=254 uart_sequence=4001 sensor_raw=4294962396 sensor_converted=4294962396 xiao_rx=24286891 queue_push=24286893 core_rx=69842569
BNO_CORE_EVENT kind=1 report_seq=44 uart_sequence=4003 sensor_raw=4294961096 sensor_converted=4294961096 xiao_rx=24295258 queue_push=24295266 core_rx=69847460
BNO_CORE_EVENT kind=2 report_seq=255 uart_sequence=4004 sensor_raw=4294964696 sensor_converted=4294964696 xiao_rx=24295303 queue_push=24295306 core_rx=69848680
BNO_CORE_EVENT kind=3 report_seq=255 uart_sequence=4006 sensor_raw=4294955896 sensor_converted=4294955896 xiao_rx=24301980 queue_push=24301986 core_rx=69857467
BNO_CORE_EVENT kind=5 report_seq=255 uart_sequence=4007 sensor_raw=4294955896 sensor_converted=4294955896 xiao_rx=24302017 queue_push=24302018 core_rx=69860137
BNO_CORE_EVENT kind=4 report_seq=0 uart_sequence=4008 sensor_raw=4294955996 sensor_converted=4294955996 xiao_rx=24302031 queue_push=24302032 core_rx=69861185
BNO_CORE_EVENT kind=1 report_seq=45 uart_sequence=4009 sensor_raw=4294959696 sensor_converted=4294959696 xiao_rx=24302039 queue_push=24302041 core_rx=69862250
BNO_CORE_EVENT kind=2 report_seq=0 uart_sequence=4010 sensor_raw=4294959696 sensor_converted=4294959696 xiao_rx=24306709 queue_push=24306714 core_rx=69863771
BNO_CORE_EVENT kind=1 report_seq=46 uart_sequence=4011 sensor_raw=4294961296 sensor_converted=4294961296 xiao_rx=24306733 queue_push=24306735 core_rx=69864914
BNO_CORE_EVENT kind=1 report_seq=47 uart_sequence=4013 sensor_raw=4294964596 sensor_converted=4294964596 xiao_rx=24316221 queue_push=24316228 core_rx=69868484
BNO_CORE_EVENT kind=2 report_seq=1 uart_sequence=4015 sensor_raw=4294955496 sensor_converted=4294955496 xiao_rx=24321974 queue_push=24321978 core_rx=69880482
BNO_CORE_EVENT kind=3 report_seq=0 uart_sequence=4016 sensor_raw=4294955496 sensor_converted=4294955496 xiao_rx=24321996 queue_push=24321998 core_rx=69883197
BNO_CORE_EVENT kind=5 report_seq=0 uart_sequence=4017 sensor_raw=4294955496 sensor_converted=4294955496 xiao_rx=24322007 queue_push=24322009 core_rx=69884397
BNO_CORE_EVENT kind=1 report_seq=48 uart_sequence=4018 sensor_raw=4294963296 sensor_converted=4294963296 xiao_rx=24322016 queue_push=24322018 core_rx=69885426
BNO_CORE_EVENT kind=2 report_seq=2 uart_sequence=4019 sensor_raw=4294959496 sensor_converted=4294959496 xiao_rx=24326780 queue_push=24326785 core_rx=69886779
BNO_CORE_EVENT kind=1 report_seq=49 uart_sequence=4020 sensor_raw=4294964896 sensor_converted=4294964896 xiao_rx=24326806 queue_push=24326808 core_rx=69887863
BNO_CORE_EVENT kind=4 report_seq=1 uart_sequence=4021 sensor_raw=4294964796 sensor_converted=4294964796 xiao_rx=24329265 queue_push=24329268 core_rx=69888915
BNO_CORE_EVENT kind=2 report_seq=3 uart_sequence=4025 sensor_raw=4294962396 sensor_converted=4294962396 xiao_rx=24346022 queue_push=24346032 core_rx=69901496
BNO_CORE_EVENT kind=3 report_seq=1 uart_sequence=4026 sensor_raw=4294962396 sensor_converted=4294962396 xiao_rx=24346057 queue_push=24346059 core_rx=69904197
BNO_CORE_EVENT kind=5 report_seq=1 uart_sequence=4027 sensor_raw=4294962396 sensor_converted=4294962396 xiao_rx=24346070 queue_push=24346072 core_rx=69905397
BNO_CORE_EVENT kind=1 report_seq=50 uart_sequence=4028 sensor_raw=4294965596 sensor_converted=4294965596 xiao_rx=24346078 queue_push=24346080 core_rx=69906430
BNO_CORE_EVENT kind=2 report_seq=4 uart_sequence=4029 sensor_raw=4294956096 sensor_converted=4294956096 xiao_rx=24350317 queue_push=24350319 core_rx=69907796
BNO_CORE_EVENT kind=1 report_seq=51 uart_sequence=4030 sensor_raw=4294956796 sensor_converted=4294956796 xiao_rx=24350325 queue_push=24350327 core_rx=69908885
BNO_CORE_EVENT kind=1 report_seq=52 uart_sequence=4031 sensor_raw=4294964696 sensor_converted=4294964696 xiao_rx=24350333 queue_push=24350335 core_rx=69909916
BNO_CORE_EVENT kind=2 report_seq=5 uart_sequence=4035 sensor_raw=4294961296 sensor_converted=4294961296 xiao_rx=24361080 queue_push=24361088 core_rx=69920440
BNO_CORE_EVENT kind=3 report_seq=2 uart_sequence=4036 sensor_raw=4294961296 sensor_converted=4294961296 xiao_rx=24361107 queue_push=24361109 core_rx=69923197
BNO_CORE_EVENT kind=5 report_seq=2 uart_sequence=4037 sensor_raw=4294961296 sensor_converted=4294961296 xiao_rx=24361120 queue_push=24361122 core_rx=69924386
BNO_CORE_EVENT kind=1 report_seq=53 uart_sequence=4038 sensor_raw=4294958196 sensor_converted=4294958196 xiao_rx=24366716 queue_push=24366721 core_rx=69925412
BNO_CORE_EVENT kind=2 report_seq=6 uart_sequence=4039 sensor_raw=4294961096 sensor_converted=4294961096 xiao_rx=24366746 queue_push=24366747 core_rx=69926793
BNO_CORE_EVENT kind=1 report_seq=54 uart_sequence=4040 sensor_raw=4294965696 sensor_converted=4294965696 xiao_rx=24366756 queue_push=24366757 core_rx=69927873
BNO_CORE_EVENT kind=2 report_seq=7 uart_sequence=4041 sensor_raw=4294964996 sensor_converted=4294964996 xiao_rx=24369247 queue_push=24369252 core_rx=69928910
BNO_CORE_EVENT kind=3 report_seq=3 uart_sequence=4043 sensor_raw=4294962396 sensor_converted=4294962396 xiao_rx=24381019 queue_push=24381028 core_rx=69936100
BNO_CORE_EVENT kind=5 report_seq=3 uart_sequence=4044 sensor_raw=4294962496 sensor_converted=4294962496 xiao_rx=24381055 queue_push=24381056 core_rx=69938140
BNO_CORE_EVENT kind=4 report_seq=2 uart_sequence=4045 sensor_raw=4294962496 sensor_converted=4294962496 xiao_rx=24381069 queue_push=24381070 core_rx=69940839
BNO_CORE_EVENT kind=1 report_seq=55 uart_sequence=4046 sensor_raw=4294965296 sensor_converted=4294965296 xiao_rx=24381077 queue_push=24381078 core_rx=69942041
BNO_CORE_EVENT kind=2 report_seq=8 uart_sequence=4047 sensor_raw=4294960896 sensor_converted=4294960896 xiao_rx=24385725 queue_push=24385727 core_rx=69943091
BNO_CORE_EVENT kind=1 report_seq=56 uart_sequence=4048 sensor_raw=4294961196 sensor_converted=4294961196 xiao_rx=24385734 queue_push=24385736 core_rx=69944123
BNO_CORE_EVENT kind=1 report_seq=57 uart_sequence=4052 sensor_raw=4294964396 sensor_converted=4294964396 xiao_rx=24398584 queue_push=24398590 core_rx=69952070
BNO_CORE_EVENT kind=2 report_seq=9 uart_sequence=4054 sensor_raw=4294953196 sensor_converted=4294953196 xiao_rx=24406625 queue_push=24406632 core_rx=69960503
BNO_CORE_EVENT kind=3 report_seq=4 uart_sequence=4055 sensor_raw=4294953196 sensor_converted=4294953196 xiao_rx=24406658 queue_push=24406660 core_rx=69963142
BNO_CORE_EVENT kind=5 report_seq=4 uart_sequence=4056 sensor_raw=4294953196 sensor_converted=4294953196 xiao_rx=24406669 queue_push=24406670 core_rx=69964179
BNO_CORE_EVENT kind=1 report_seq=58 uart_sequence=4057 sensor_raw=4294960096 sensor_converted=4294960096 xiao_rx=24406677 queue_push=24406679 core_rx=69965250
BNO_CORE_EVENT kind=2 report_seq=10 uart_sequence=4058 sensor_raw=4294963496 sensor_converted=4294963496 xiao_rx=24406685 queue_push=24406687 core_rx=69966774
BNO_CORE_EVENT kind=1 report_seq=59 uart_sequence=4059 sensor_raw=4294960196 sensor_converted=4294960196 xiao_rx=24409129 queue_push=24409133 core_rx=69967910
BNO_CORE_EVENT kind=2 report_seq=11 uart_sequence=4062 sensor_raw=4294962596 sensor_converted=4294962596 xiao_rx=24421648 queue_push=24421657 core_rx=69979492
BNO_CORE_EVENT kind=3 report_seq=5 uart_sequence=4063 sensor_raw=4294962596 sensor_converted=4294962596 xiao_rx=24421683 queue_push=24421685 core_rx=69981458
BNO_CORE_EVENT kind=5 report_seq=5 uart_sequence=4064 sensor_raw=4294962696 sensor_converted=4294962696 xiao_rx=24421696 queue_push=24421698 core_rx=69982533
BNO_CORE_EVENT kind=4 report_seq=3 uart_sequence=4065 sensor_raw=4294962696 sensor_converted=4294962696 xiao_rx=24421706 queue_push=24421707 core_rx=69984473
BNO_CORE_EVENT kind=1 report_seq=60 uart_sequence=4066 sensor_raw=4294952496 sensor_converted=4294952496 xiao_rx=24426582 queue_push=24426585 core_rx=69985692
BNO_CORE_EVENT kind=2 report_seq=12 uart_sequence=4067 sensor_raw=4294960396 sensor_converted=4294960396 xiao_rx=24426605 queue_push=24426607 core_rx=69986731
BNO_CORE_EVENT kind=1 report_seq=61 uart_sequence=4068 sensor_raw=4294960396 sensor_converted=4294960396 xiao_rx=24426613 queue_push=24426615 core_rx=69988891
BNO_CORE_EVENT kind=1 report_seq=62 uart_sequence=4069 sensor_raw=4294963296 sensor_converted=4294963296 xiao_rx=24429057 queue_push=24429061 core_rx=69989948
BNO_CORE_EVENT kind=2 report_seq=13 uart_sequence=4071 sensor_raw=4294962596 sensor_converted=4294962596 xiao_rx=24441085 queue_push=24441094 core_rx=69997516
BNO_CORE_EVENT kind=3 report_seq=6 uart_sequence=4072 sensor_raw=4294962596 sensor_converted=4294962596 xiao_rx=24441120 queue_push=24441121 core_rx=70000559
BNO_CORE_EVENT kind=5 report_seq=6 uart_sequence=4073 sensor_raw=4294962596 sensor_converted=4294962596 xiao_rx=24441133 queue_push=24441134 core_rx=70001673
BNO_CORE_EVENT kind=1 report_seq=63 uart_sequence=4074 sensor_raw=4294957196 sensor_converted=4294957196 xiao_rx=24446720 queue_push=24446723 core_rx=70002721
BNO_CORE_EVENT kind=2 report_seq=14 uart_sequence=4075 sensor_raw=4294960896 sensor_converted=4294960896 xiao_rx=24446737 queue_push=24446739 core_rx=70005247
BNO_CORE_EVENT kind=1 report_seq=64 uart_sequence=4076 sensor_raw=4294964596 sensor_converted=4294964596 xiao_rx=24446745 queue_push=24446747 core_rx=70006321
BNO_CORE_EVENT kind=2 report_seq=15 uart_sequence=4082 sensor_raw=4294964596 sensor_converted=4294964596 xiao_rx=24457641 queue_push=24457649 core_rx=70022506
BNO_CORE_EVENT kind=3 report_seq=7 uart_sequence=4083 sensor_raw=4294954496 sensor_converted=4294954496 xiao_rx=24463978 queue_push=24463982 core_rx=70025140
BNO_CORE_EVENT kind=5 report_seq=7 uart_sequence=4084 sensor_raw=4294954596 sensor_converted=4294954596 xiao_rx=24464004 queue_push=24464006 core_rx=70026173
BNO_CORE_EVENT kind=4 report_seq=4 uart_sequence=4085 sensor_raw=4294954596 sensor_converted=4294954596 xiao_rx=24464021 queue_push=24464023 core_rx=70027222
BNO_CORE_EVENT kind=1 report_seq=65 uart_sequence=4086 sensor_raw=4294956496 sensor_converted=4294956496 xiao_rx=24464030 queue_push=24464032 core_rx=70028766
BNO_CORE_EVENT kind=1 report_seq=66 uart_sequence=4087 sensor_raw=4294964896 sensor_converted=4294964896 xiao_rx=24464039 queue_push=24464041 core_rx=70029923
BNO_CORE_EVENT kind=2 report_seq=16 uart_sequence=4088 sensor_raw=4294957996 sensor_converted=4294957996 xiao_rx=24468083 queue_push=24468087 core_rx=70030997
BNO_CORE_EVENT kind=1 report_seq=67 uart_sequence=4089 sensor_raw=4294965496 sensor_converted=4294965496 xiao_rx=24468108 queue_push=24468110 core_rx=70032024
BNO_CORE_EVENT kind=2 report_seq=17 uart_sequence=4090 sensor_raw=4294964096 sensor_converted=4294964096 xiao_rx=24471638 queue_push=24471641 core_rx=70033658
BNO_CORE_EVENT kind=3 report_seq=8 uart_sequence=4091 sensor_raw=4294964096 sensor_converted=4294964096 xiao_rx=24471653 queue_push=24471655 core_rx=70034799
BNO_CORE_EVENT kind=5 report_seq=8 uart_sequence=4094 sensor_raw=4294960396 sensor_converted=4294960396 xiao_rx=24486012 queue_push=24486018 core_rx=70038444
BNO_CORE_EVENT kind=1 report_seq=68 uart_sequence=4095 sensor_raw=4294965696 sensor_converted=4294965696 xiao_rx=24486033 queue_push=24486034 core_rx=70039515
BNO_CORE_EVENT kind=2 report_seq=18 uart_sequence=4098 sensor_raw=4294955796 sensor_converted=4294955796 xiao_rx=24490407 queue_push=24490412 core_rx=70054488
BNO_CORE_EVENT kind=1 report_seq=69 uart_sequence=4099 sensor_raw=4294958996 sensor_converted=4294958996 xiao_rx=24490431 queue_push=24490433 core_rx=70057210
BNO_CORE_EVENT kind=2 report_seq=19 uart_sequence=4100 sensor_raw=4294961496 sensor_converted=4294961496 xiao_rx=24498928 queue_push=24498932 core_rx=70058405
BNO_CORE_EVENT kind=3 report_seq=9 uart_sequence=4101 sensor_raw=4294961496 sensor_converted=4294961496 xiao_rx=24498955 queue_push=24498957 core_rx=70059460
BNO_CORE_EVENT kind=5 report_seq=9 uart_sequence=4102 sensor_raw=4294961496 sensor_converted=4294961496 xiao_rx=24498964 queue_push=24498966 core_rx=70062233
BNO_CORE_EVENT kind=4 report_seq=5 uart_sequence=4103 sensor_raw=4294961496 sensor_converted=4294961496 xiao_rx=24498974 queue_push=24498976 core_rx=70063329
BNO_CORE_EVENT kind=1 report_seq=70 uart_sequence=4104 sensor_raw=4294962896 sensor_converted=4294962896 xiao_rx=24498983 queue_push=24498984 core_rx=70064352
BNO_CORE_EVENT kind=1 report_seq=71 uart_sequence=4105 sensor_raw=4294962196 sensor_converted=4294962196 xiao_rx=24503673 queue_push=24503677 core_rx=70065378
BNO_CORE_EVENT kind=2 report_seq=20 uart_sequence=4106 sensor_raw=4294962496 sensor_converted=4294962496 xiao_rx=24503698 queue_push=24503700 core_rx=70066440
BNO_CORE_EVENT kind=1 report_seq=72 uart_sequence=4109 sensor_raw=4294965296 sensor_converted=4294965296 xiao_rx=24517044 queue_push=24517051 core_rx=70071001
BNO_CORE_EVENT kind=2 report_seq=21 uart_sequence=4112 sensor_raw=4294954796 sensor_converted=4294954796 xiao_rx=24525648 queue_push=24525655 core_rx=70077496
BNO_CORE_EVENT kind=3 report_seq=10 uart_sequence=4113 sensor_raw=4294954796 sensor_converted=4294954796 xiao_rx=24525680 queue_push=24525681 core_rx=70078742
BNO_CORE_EVENT kind=5 report_seq=10 uart_sequence=4114 sensor_raw=4294954796 sensor_converted=4294954796 xiao_rx=24525692 queue_push=24525693 core_rx=70080801
BNO_CORE_EVENT kind=1 report_seq=73 uart_sequence=4115 sensor_raw=4294960296 sensor_converted=4294960296 xiao_rx=24525700 queue_push=24525701 core_rx=70081848
BNO_CORE_EVENT kind=2 report_seq=22 uart_sequence=4116 sensor_raw=4294964896 sensor_converted=4294964896 xiao_rx=24525708 queue_push=24525710 core_rx=70082878
BNO_CORE_EVENT kind=1 report_seq=74 uart_sequence=4118 sensor_raw=4294958896 sensor_converted=4294958896 xiao_rx=24533406 queue_push=24533414 core_rx=70096476
BNO_CORE_EVENT kind=2 report_seq=23 uart_sequence=4119 sensor_raw=4294958596 sensor_converted=4294958596 xiao_rx=24539687 queue_push=24539691 core_rx=70097708
BNO_CORE_EVENT kind=3 report_seq=11 uart_sequence=4120 sensor_raw=4294958596 sensor_converted=4294958596 xiao_rx=24539705 queue_push=24539706 core_rx=70099321
BNO_CORE_EVENT kind=5 report_seq=11 uart_sequence=4121 sensor_raw=4294958596 sensor_converted=4294958596 xiao_rx=24539713 queue_push=24539716 core_rx=70100490
BNO_CORE_EVENT kind=4 report_seq=6 uart_sequence=4122 sensor_raw=4294958596 sensor_converted=4294958596 xiao_rx=24539724 queue_push=24539725 core_rx=70101525
BNO_CORE_EVENT kind=1 report_seq=75 uart_sequence=4123 sensor_raw=4294959496 sensor_converted=4294959496 xiao_rx=24539732 queue_push=24539734 core_rx=70103934
BNO_CORE_EVENT kind=1 report_seq=76 uart_sequence=4124 sensor_raw=4294960896 sensor_converted=4294960896 xiao_rx=24544427 queue_push=24544431 core_rx=70105124
BNO_CORE_EVENT kind=2 report_seq=24 uart_sequence=4125 sensor_raw=4294961796 sensor_converted=4294961796 xiao_rx=24544442 queue_push=24544444 core_rx=70106193
BNO_CORE_EVENT kind=1 report_seq=77 uart_sequence=4127 sensor_raw=4294964396 sensor_converted=4294964396 xiao_rx=24555247 queue_push=24555253 core_rx=70110664
BNO_CORE_EVENT kind=2 report_seq=25 uart_sequence=4130 sensor_raw=4294955796 sensor_converted=4294955796 xiao_rx=24562922 queue_push=24562927 core_rx=70121491
BNO_CORE_EVENT kind=3 report_seq=12 uart_sequence=4131 sensor_raw=4294955796 sensor_converted=4294955796 xiao_rx=24562950 queue_push=24562952 core_rx=70124140
BNO_CORE_EVENT kind=5 report_seq=12 uart_sequence=4132 sensor_raw=4294955796 sensor_converted=4294955796 xiao_rx=24562961 queue_push=24562963 core_rx=70125187
BNO_CORE_EVENT kind=1 report_seq=78 uart_sequence=4133 sensor_raw=4294960996 sensor_converted=4294960996 xiao_rx=24562970 queue_push=24562971 core_rx=70126238
BNO_CORE_EVENT kind=2 report_seq=26 uart_sequence=4134 sensor_raw=4294958596 sensor_converted=4294958596 xiao_rx=24567056 queue_push=24567063 core_rx=70127756
BNO_CORE_EVENT kind=1 report_seq=79 uart_sequence=4135 sensor_raw=4294961496 sensor_converted=4294961496 xiao_rx=24567084 queue_push=24567086 core_rx=70128919
BNO_CORE_EVENT kind=2 report_seq=27 uart_sequence=4136 sensor_raw=4294964596 sensor_converted=4294964596 xiao_rx=24570649 queue_push=24570652 core_rx=70129984
BNO_CORE_EVENT kind=3 report_seq=13 uart_sequence=4137 sensor_raw=4294964596 sensor_converted=4294964596 xiao_rx=24570669 queue_push=24570670 core_rx=70131019
BNO_CORE_EVENT kind=5 report_seq=13 uart_sequence=4141 sensor_raw=4294960896 sensor_converted=4294960896 xiao_rx=24585446 queue_push=24585453 core_rx=70137447
BNO_CORE_EVENT kind=4 report_seq=7 uart_sequence=4142 sensor_raw=4294960896 sensor_converted=4294960896 xiao_rx=24585479 queue_push=24585481 core_rx=70138639
BNO_CORE_EVENT kind=1 report_seq=80 uart_sequence=4143 sensor_raw=4294961596 sensor_converted=4294961596 xiao_rx=24585488 queue_push=24585489 core_rx=70139687
BNO_CORE_EVENT kind=1 report_seq=81 uart_sequence=4145 sensor_raw=4294954996 sensor_converted=4294954996 xiao_rx=24592206 queue_push=24592212 core_rx=70149500
BNO_CORE_EVENT kind=2 report_seq=28 uart_sequence=4147 sensor_raw=4294956196 sensor_converted=4294956196 xiao_rx=24592237 queue_push=24592240 core_rx=70153115
BNO_CORE_EVENT kind=1 report_seq=82 uart_sequence=4148 sensor_raw=4294962796 sensor_converted=4294962796 xiao_rx=24592247 queue_push=24592248 core_rx=70154315
BNO_CORE_EVENT kind=2 report_seq=29 uart_sequence=4149 sensor_raw=4294959296 sensor_converted=4294959296 xiao_rx=24598939 queue_push=24598942 core_rx=70157007
BNO_CORE_EVENT kind=3 report_seq=14 uart_sequence=4150 sensor_raw=4294959296 sensor_converted=4294959296 xiao_rx=24598959 queue_push=24598961 core_rx=70158179
BNO_CORE_EVENT kind=5 report_seq=14 uart_sequence=4151 sensor_raw=4294959296 sensor_converted=4294959296 xiao_rx=24598968 queue_push=24598971 core_rx=70159213
BNO_CORE_EVENT kind=1 report_seq=83 uart_sequence=4152 sensor_raw=4294963796 sensor_converted=4294963796 xiao_rx=24598977 queue_push=24598979 core_rx=70160251
BNO_CORE_EVENT kind=2 report_seq=30 uart_sequence=4153 sensor_raw=4294962596 sensor_converted=4294962596 xiao_rx=24608974 queue_push=24608985 core_rx=70164129
BNO_CORE_EVENT kind=1 report_seq=84 uart_sequence=4154 sensor_raw=4294964896 sensor_converted=4294964896 xiao_rx=24609011 queue_push=24609013 core_rx=70165661
BNO_CORE_EVENT kind=2 report_seq=31 uart_sequence=4155 sensor_raw=4294962996 sensor_converted=4294962996 xiao_rx=24613416 queue_push=24613417 core_rx=70167337
BNO_CORE_EVENT kind=3 report_seq=15 uart_sequence=4156 sensor_raw=4294962996 sensor_converted=4294962996 xiao_rx=24613429 queue_push=24613430 core_rx=70168468
BNO_CORE_EVENT kind=5 report_seq=15 uart_sequence=4157 sensor_raw=4294962996 sensor_converted=4294962996 xiao_rx=24613437 queue_push=24613438 core_rx=70169498
BNO_CORE_EVENT kind=4 report_seq=8 uart_sequence=4159 sensor_raw=4294958596 sensor_converted=4294958596 xiao_rx=24622681 queue_push=24622688 core_rx=70177496
BNO_CORE_EVENT kind=1 report_seq=85 uart_sequence=4160 sensor_raw=4294958596 sensor_converted=4294958596 xiao_rx=24622713 queue_push=24622714 core_rx=70180189
BNO_CORE_EVENT kind=1 report_seq=86 uart_sequence=4161 sensor_raw=4294966396 sensor_converted=4294966396 xiao_rx=24622721 queue_push=24622722 core_rx=70181368
BNO_CORE_EVENT kind=2 report_seq=32 uart_sequence=4162 sensor_raw=4294959796 sensor_converted=4294959796 xiao_rx=24627208 queue_push=24627213 core_rx=70182406
BNO_CORE_EVENT kind=1 report_seq=87 uart_sequence=4163 sensor_raw=4294965596 sensor_converted=4294965596 xiao_rx=24627225 queue_push=24627227 core_rx=70183728
BNO_CORE_EVENT kind=2 report_seq=33 uart_sequence=4168 sensor_raw=4294964596 sensor_converted=4294964596 xiao_rx=24639876 queue_push=24639886 core_rx=70191491
BNO_CORE_EVENT kind=3 report_seq=16 uart_sequence=4169 sensor_raw=4294964596 sensor_converted=4294964596 xiao_rx=24639911 queue_push=24639913 core_rx=70192697
BNO_CORE_EVENT kind=5 report_seq=16 uart_sequence=4170 sensor_raw=4294951996 sensor_converted=4294951996 xiao_rx=24647849 queue_push=24647856 core_rx=70202503
BNO_CORE_EVENT kind=1 report_seq=88 uart_sequence=4171 sensor_raw=4294955796 sensor_converted=4294955796 xiao_rx=24647866 queue_push=24647868 core_rx=70204024
BNO_CORE_EVENT kind=2 report_seq=34 uart_sequence=4172 sensor_raw=4294962196 sensor_converted=4294962196 xiao_rx=24647878 queue_push=24647881 core_rx=70205663
BNO_CORE_EVENT kind=1 report_seq=89 uart_sequence=4173 sensor_raw=4294963896 sensor_converted=4294963896 xiao_rx=24647888 queue_push=24647889 core_rx=70206835
BNO_CORE_EVENT kind=1 report_seq=90 uart_sequence=4174 sensor_raw=4294963496 sensor_converted=4294963496 xiao_rx=24652292 queue_push=24652294 core_rx=70207909
BNO_CORE_EVENT kind=2 report_seq=35 uart_sequence=4175 sensor_raw=4294963596 sensor_converted=4294963596 xiao_rx=24652301 queue_push=24652303 core_rx=70210258
BNO_CORE_EVENT kind=3 report_seq=17 uart_sequence=4177 sensor_raw=4294963596 sensor_converted=4294963596 xiao_rx=24652314 queue_push=24652316 core_rx=70213615
BNO_CORE_EVENT kind=5 report_seq=17 uart_sequence=4180 sensor_raw=4294959496 sensor_converted=4294959496 xiao_rx=24663663 queue_push=24663671 core_rx=70226093
BNO_CORE_EVENT kind=4 report_seq=9 uart_sequence=4181 sensor_raw=4294959496 sensor_converted=4294959496 xiao_rx=24663693 queue_push=24663695 core_rx=70227675
BNO_CORE_EVENT kind=1 report_seq=91 uart_sequence=4182 sensor_raw=4294955796 sensor_converted=4294955796 xiao_rx=24668657 queue_push=24668660 core_rx=70229359
BNO_CORE_EVENT kind=2 report_seq=36 uart_sequence=4183 sensor_raw=4294958296 sensor_converted=4294958296 xiao_rx=24668682 queue_push=24668684 core_rx=70230535
BNO_CORE_EVENT kind=1 report_seq=92 uart_sequence=4184 sensor_raw=4294963996 sensor_converted=4294963996 xiao_rx=24668692 queue_push=24668694 core_rx=70231569
BNO_CORE_EVENT kind=2 report_seq=37 uart_sequence=4185 sensor_raw=4294963096 sensor_converted=4294963096 xiao_rx=24673168 queue_push=24673171 core_rx=70233929
BNO_CORE_EVENT kind=3 report_seq=18 uart_sequence=4186 sensor_raw=4294963096 sensor_converted=4294963096 xiao_rx=24673194 queue_push=24673196 core_rx=70235131
BNO_CORE_EVENT kind=5 report_seq=18 uart_sequence=4187 sensor_raw=4294963096 sensor_converted=4294963096 xiao_rx=24673203 queue_push=24673205 core_rx=70236193
BNO_CORE_EVENT kind=1 report_seq=93 uart_sequence=4188 sensor_raw=4294961996 sensor_converted=4294961996 xiao_rx=24676272 queue_push=24676274 core_rx=70237242
BNO_CORE_EVENT kind=2 report_seq=38 uart_sequence=4195 sensor_raw=4294964796 sensor_converted=4294964796 xiao_rx=24693659 queue_push=24693669 core_rx=70258492
BNO_CORE_EVENT kind=1 report_seq=94 uart_sequence=4196 sensor_raw=4294949396 sensor_converted=4294949396 xiao_rx=24702436 queue_push=24702440 core_rx=70261178
BNO_CORE_EVENT kind=1 report_seq=95 uart_sequence=4197 sensor_raw=4294957696 sensor_converted=4294957696 xiao_rx=24702457 queue_push=24702459 core_rx=70262369
BNO_CORE_EVENT kind=2 report_seq=39 uart_sequence=4198 sensor_raw=4294957696 sensor_converted=4294957696 xiao_rx=24702469 queue_push=24702471 core_rx=70263427
BNO_CORE_EVENT kind=3 report_seq=19 uart_sequence=4199 sensor_raw=4294957696 sensor_converted=4294957696 xiao_rx=24702482 queue_push=24702484 core_rx=70264802
BNO_CORE_EVENT kind=5 report_seq=19 uart_sequence=4200 sensor_raw=4294957696 sensor_converted=4294957696 xiao_rx=24702490 queue_push=24702492 core_rx=70265882
BNO_CORE_EVENT kind=4 report_seq=10 uart_sequence=4201 sensor_raw=4294957696 sensor_converted=4294957696 xiao_rx=24702500 queue_push=24702525 core_rx=70266918
BNO_CORE_EVENT kind=1 report_seq=96 uart_sequence=4202 sensor_raw=4294965496 sensor_converted=4294965496 xiao_rx=24702532 queue_push=24702533 core_rx=70267948
BNO_CORE_EVENT kind=2 report_seq=40 uart_sequence=4203 sensor_raw=4294959296 sensor_converted=4294959296 xiao_rx=24707168 queue_push=24707171 core_rx=70269579
BNO_CORE_EVENT kind=1 report_seq=97 uart_sequence=4204 sensor_raw=4294964396 sensor_converted=4294964396 xiao_rx=24707182 queue_push=24707185 core_rx=70270764
BNO_CORE_EVENT kind=2 report_seq=41 uart_sequence=4206 sensor_raw=4294964596 sensor_converted=4294964596 xiao_rx=24720164 queue_push=24720175 core_rx=70277171
BNO_CORE_EVENT kind=3 report_seq=20 uart_sequence=4207 sensor_raw=4294964596 sensor_converted=4294964596 xiao_rx=24720196 queue_push=24720197 core_rx=70280134
BNO_CORE_EVENT kind=5 report_seq=20 uart_sequence=4208 sensor_raw=4294951796 sensor_converted=4294951796 xiao_rx=24726706 queue_push=24726709 core_rx=70281177
BNO_CORE_EVENT kind=1 report_seq=98 uart_sequence=4209 sensor_raw=4294954696 sensor_converted=4294954696 xiao_rx=24726723 queue_push=24726725 core_rx=70282232
BNO_CORE_EVENT kind=2 report_seq=42 uart_sequence=4210 sensor_raw=4294961896 sensor_converted=4294961896 xiao_rx=24726734 queue_push=24726736 core_rx=70283745
BNO_CORE_EVENT kind=1 report_seq=99 uart_sequence=4211 sensor_raw=4294962596 sensor_converted=4294962596 xiao_rx=24726742 queue_push=24726744 core_rx=70284876
BNO_CORE_EVENT kind=1 report_seq=100 uart_sequence=4213 sensor_raw=4294964096 sensor_converted=4294964096 xiao_rx=24737341 queue_push=24737348 core_rx=70297512
BNO_CORE_EVENT kind=2 report_seq=43 uart_sequence=4214 sensor_raw=4294964796 sensor_converted=4294964796 xiao_rx=24737375 queue_push=24737378 core_rx=70300142
BNO_CORE_EVENT kind=3 report_seq=21 uart_sequence=4215 sensor_raw=4294954196 sensor_converted=4294954196 xiao_rx=24744314 queue_push=24744317 core_rx=70301185
BNO_CORE_EVENT kind=5 report_seq=21 uart_sequence=4216 sensor_raw=4294954196 sensor_converted=4294954196 xiao_rx=24744329 queue_push=24744330 core_rx=70302241
BNO_CORE_EVENT kind=4 report_seq=11 uart_sequence=4217 sensor_raw=4294954496 sensor_converted=4294954496 xiao_rx=24744340 queue_push=24744341 core_rx=70303752
BNO_CORE_EVENT kind=1 report_seq=101 uart_sequence=4218 sensor_raw=4294961696 sensor_converted=4294961696 xiao_rx=24744348 queue_push=24744349 core_rx=70304912
BNO_CORE_EVENT kind=2 report_seq=44 uart_sequence=4219 sensor_raw=4294964196 sensor_converted=4294964196 xiao_rx=24744357 queue_push=24744359 core_rx=70305972
BNO_CORE_EVENT kind=1 report_seq=102 uart_sequence=4220 sensor_raw=4294961996 sensor_converted=4294961996 xiao_rx=24746782 queue_push=24746784 core_rx=70307022
BNO_CORE_EVENT kind=2 report_seq=45 uart_sequence=4226 sensor_raw=4294963896 sensor_converted=4294963896 xiao_rx=24764182 queue_push=24764192 core_rx=70322663
BNO_CORE_EVENT kind=3 report_seq=22 uart_sequence=4227 sensor_raw=4294947296 sensor_converted=4294947296 xiao_rx=24771369 queue_push=24771372 core_rx=70324816
BNO_CORE_EVENT kind=5 report_seq=22 uart_sequence=4228 sensor_raw=4294947296 sensor_converted=4294947296 xiao_rx=24771390 queue_push=24771391 core_rx=70326049
BNO_CORE_EVENT kind=1 report_seq=103 uart_sequence=4229 sensor_raw=4294950196 sensor_converted=4294950196 xiao_rx=24771398 queue_push=24771400 core_rx=70327113
BNO_CORE_EVENT kind=2 report_seq=46 uart_sequence=4230 sensor_raw=4294957596 sensor_converted=4294957596 xiao_rx=24771408 queue_push=24771409 core_rx=70329079
BNO_CORE_EVENT kind=1 report_seq=104 uart_sequence=4231 sensor_raw=4294957996 sensor_converted=4294957996 xiao_rx=24771416 queue_push=24771418 core_rx=70330275
BNO_CORE_EVENT kind=1 report_seq=105 uart_sequence=4232 sensor_raw=4294965896 sensor_converted=4294965896 xiao_rx=24771425 queue_push=24771426 core_rx=70331342
BNO_CORE_EVENT kind=2 report_seq=47 uart_sequence=4234 sensor_raw=4294959996 sensor_converted=4294959996 xiao_rx=24784663 queue_push=24784670 core_rx=70335537
BNO_CORE_EVENT kind=3 report_seq=23 uart_sequence=4235 sensor_raw=4294959996 sensor_converted=4294959996 xiao_rx=24784690 queue_push=24784691 core_rx=70338222
BNO_CORE_EVENT kind=5 report_seq=23 uart_sequence=4236 sensor_raw=4294959996 sensor_converted=4294959996 xiao_rx=24784704 queue_push=24784706 core_rx=70339387
BNO_CORE_EVENT kind=4 report_seq=12 uart_sequence=4237 sensor_raw=4294960296 sensor_converted=4294960296 xiao_rx=24784714 queue_push=24784716 core_rx=70340442
BNO_CORE_EVENT kind=1 report_seq=106 uart_sequence=4238 sensor_raw=4294966696 sensor_converted=4294966696 xiao_rx=24784723 queue_push=24784725 core_rx=70342384
BNO_CORE_EVENT kind=2 report_seq=48 uart_sequence=4241 sensor_raw=4294957296 sensor_converted=4294957296 xiao_rx=24795741 queue_push=24795751 core_rx=70348772
BNO_CORE_EVENT kind=1 report_seq=107 uart_sequence=4242 sensor_raw=4294961596 sensor_converted=4294961596 xiao_rx=24795778 queue_push=24795779 core_rx=70350249
BNO_CORE_EVENT kind=2 report_seq=49 uart_sequence=4244 sensor_raw=4294955596 sensor_converted=4294955596 xiao_rx=24804854 queue_push=24804862 core_rx=70355521
BNO_CORE_EVENT kind=3 report_seq=24 uart_sequence=4245 sensor_raw=4294955596 sensor_converted=4294955596 xiao_rx=24804888 queue_push=24804889 core_rx=70357299
BNO_CORE_EVENT kind=5 report_seq=24 uart_sequence=4246 sensor_raw=4294955696 sensor_converted=4294955696 xiao_rx=24804900 queue_push=24804901 core_rx=70358627
BNO_CORE_EVENT kind=1 report_seq=108 uart_sequence=4247 sensor_raw=4294957896 sensor_converted=4294957896 xiao_rx=24804908 queue_push=24804909 core_rx=70360695
BNO_CORE_EVENT kind=2 report_seq=50 uart_sequence=4250 sensor_raw=4294956696 sensor_converted=4294956696 xiao_rx=24815202 queue_push=24815211 core_rx=70366064
BNO_CORE_EVENT kind=1 report_seq=109 uart_sequence=4251 sensor_raw=4294956996 sensor_converted=4294956996 xiao_rx=24815236 queue_push=24815238 core_rx=70367788
BNO_CORE_EVENT kind=1 report_seq=110 uart_sequence=4252 sensor_raw=4294964896 sensor_converted=4294964896 xiao_rx=24815244 queue_push=24815246 core_rx=70368964
BNO_CORE_EVENT kind=2 report_seq=51 uart_sequence=4254 sensor_raw=4294955696 sensor_converted=4294955696 xiao_rx=24824628 queue_push=24824637 core_rx=70375510
BNO_CORE_EVENT kind=3 report_seq=25 uart_sequence=4255 sensor_raw=4294955696 sensor_converted=4294955696 xiao_rx=24824664 queue_push=24824665 core_rx=70378115
BNO_CORE_EVENT kind=5 report_seq=25 uart_sequence=4256 sensor_raw=4294955696 sensor_converted=4294955696 xiao_rx=24824677 queue_push=24824678 core_rx=70379186
BNO_CORE_EVENT kind=4 report_seq=13 uart_sequence=4257 sensor_raw=4294955696 sensor_converted=4294955696 xiao_rx=24824686 queue_push=24824688 core_rx=70380213
BNO_CORE_EVENT kind=1 report_seq=111 uart_sequence=4258 sensor_raw=4294962396 sensor_converted=4294962396 xiao_rx=24824695 queue_push=24824696 core_rx=70381250
BNO_CORE_EVENT kind=2 report_seq=52 uart_sequence=4260 sensor_raw=4294956696 sensor_converted=4294956696 xiao_rx=24833496 queue_push=24833528 core_rx=70390498
BNO_CORE_EVENT kind=1 report_seq=112 uart_sequence=4261 sensor_raw=4294960996 sensor_converted=4294960996 xiao_rx=24833555 queue_push=24833557 core_rx=70393199
BNO_CORE_EVENT kind=2 report_seq=53 uart_sequence=4262 sensor_raw=4294957996 sensor_converted=4294957996 xiao_rx=24839557 queue_push=24839560 core_rx=70394388
BNO_CORE_EVENT kind=3 report_seq=26 uart_sequence=4263 sensor_raw=4294957996 sensor_converted=4294957996 xiao_rx=24839575 queue_push=24839577 core_rx=70395416
BNO_CORE_EVENT kind=1 report_seq=113 uart_sequence=4264 sensor_raw=4294959996 sensor_converted=4294959996 xiao_rx=24839584 queue_push=24839585 core_rx=70396771
BNO_CORE_EVENT kind=5 report_seq=26 uart_sequence=4265 sensor_raw=4294959996 sensor_converted=4294959996 xiao_rx=24839592 queue_push=24839593 core_rx=70397815
BNO_CORE_EVENT kind=1 report_seq=114 uart_sequence=4267 sensor_raw=4294961996 sensor_converted=4294961996 xiao_rx=24848050 queue_push=24848055 core_rx=70409489
BNO_CORE_EVENT kind=2 report_seq=54 uart_sequence=4268 sensor_raw=4294961996 sensor_converted=4294961996 xiao_rx=24848074 queue_push=24848077 core_rx=70412141
BNO_CORE_EVENT kind=1 report_seq=115 uart_sequence=4269 sensor_raw=4294961696 sensor_converted=4294961696 xiao_rx=24853622 queue_push=24853628 core_rx=70413192
BNO_CORE_EVENT kind=2 report_seq=55 uart_sequence=4270 sensor_raw=4294963796 sensor_converted=4294963796 xiao_rx=24853649 queue_push=24853651 core_rx=70414243
BNO_CORE_EVENT kind=3 report_seq=27 uart_sequence=4271 sensor_raw=4294963796 sensor_converted=4294963796 xiao_rx=24853662 queue_push=24853664 core_rx=70415756
BNO_CORE_EVENT kind=5 report_seq=27 uart_sequence=4272 sensor_raw=4294959496 sensor_converted=4294959496 xiao_rx=24858349 queue_push=24858352 core_rx=70416912
BNO_CORE_EVENT kind=4 report_seq=14 uart_sequence=4273 sensor_raw=4294959496 sensor_converted=4294959496 xiao_rx=24858367 queue_push=24858369 core_rx=70417980
BNO_CORE_EVENT kind=1 report_seq=116 uart_sequence=4274 sensor_raw=4294964796 sensor_converted=4294964796 xiao_rx=24858375 queue_push=24858377 core_rx=70419033
BNO_CORE_EVENT kind=2 report_seq=56 uart_sequence=4279 sensor_raw=4294963096 sensor_converted=4294963096 xiao_rx=24874671 queue_push=24874681 core_rx=70426234
BNO_CORE_EVENT kind=1 report_seq=117 uart_sequence=4283 sensor_raw=4294950496 sensor_converted=4294950496 xiao_rx=24882810 queue_push=24882814 core_rx=70440742
BNO_CORE_EVENT kind=2 report_seq=57 uart_sequence=4284 sensor_raw=4294957096 sensor_converted=4294957096 xiao_rx=24882835 queue_push=24882838 core_rx=70442498
BNO_CORE_EVENT kind=3 report_seq=28 uart_sequence=4285 sensor_raw=4294957096 sensor_converted=4294957096 xiao_rx=24882849 queue_push=24882851 core_rx=70443645
BNO_CORE_EVENT kind=5 report_seq=28 uart_sequence=4286 sensor_raw=4294957096 sensor_converted=4294957096 xiao_rx=24882857 queue_push=24882859 core_rx=70444688
BNO_CORE_EVENT kind=1 report_seq=118 uart_sequence=4287 sensor_raw=4294958396 sensor_converted=4294958396 xiao_rx=24882866 queue_push=24882867 core_rx=70447081
BNO_CORE_EVENT kind=1 report_seq=119 uart_sequence=4288 sensor_raw=4294966196 sensor_converted=4294966196 xiao_rx=24882874 queue_push=24882875 core_rx=70448328
BNO_CORE_EVENT kind=2 report_seq=58 uart_sequence=4289 sensor_raw=4294958696 sensor_converted=4294958696 xiao_rx=24886890 queue_push=24886896 core_rx=70449367
BNO_CORE_EVENT kind=1 report_seq=120 uart_sequence=4291 sensor_raw=4294966196 sensor_converted=4294966196 xiao_rx=24886912 queue_push=24886914 core_rx=70452880
BNO_CORE_EVENT kind=4 report_seq=15 uart_sequence=4292 sensor_raw=4294964396 sensor_converted=4294964396 xiao_rx=24889456 queue_push=24889460 core_rx=70454181
BNO_CORE_EVENT kind=2 report_seq=59 uart_sequence=4294 sensor_raw=4294961996 sensor_converted=4294961996 xiao_rx=24904875 queue_push=24904885 core_rx=70457501
BNO_CORE_EVENT kind=3 report_seq=29 uart_sequence=4295 sensor_raw=4294961996 sensor_converted=4294961996 xiao_rx=24904908 queue_push=24904909 core_rx=70458706
BNO_CORE_EVENT kind=5 report_seq=29 uart_sequence=4296 sensor_raw=4294961996 sensor_converted=4294961996 xiao_rx=24904921 queue_push=24904922 core_rx=70459762
BNO_CORE_EVENT kind=1 report_seq=121 uart_sequence=4298 sensor_raw=4294951996 sensor_converted=4294951996 xiao_rx=24911282 queue_push=24911287 core_rx=70473470
BNO_CORE_EVENT kind=2 report_seq=60 uart_sequence=4299 sensor_raw=4294956996 sensor_converted=4294956996 xiao_rx=24911304 queue_push=24911307 core_rx=70476129
BNO_CORE_EVENT kind=1 report_seq=122 uart_sequence=4300 sensor_raw=4294959796 sensor_converted=4294959796 xiao_rx=24911314 queue_push=24911315 core_rx=70477192
BNO_CORE_EVENT kind=2 report_seq=61 uart_sequence=4301 sensor_raw=4294960396 sensor_converted=4294960396 xiao_rx=24918660 queue_push=24918663 core_rx=70478250
BNO_CORE_EVENT kind=3 report_seq=30 uart_sequence=4302 sensor_raw=4294960396 sensor_converted=4294960396 xiao_rx=24918685 queue_push=24918687 core_rx=70479773
BNO_CORE_EVENT kind=5 report_seq=30 uart_sequence=4303 sensor_raw=4294960396 sensor_converted=4294960396 xiao_rx=24918694 queue_push=24918696 core_rx=70480924
BNO_CORE_EVENT kind=1 report_seq=123 uart_sequence=4305 sensor_raw=4294961396 sensor_converted=4294961396 xiao_rx=24918702 queue_push=24918704 core_rx=70482898
BNO_CORE_EVENT kind=1 report_seq=124 uart_sequence=4306 sensor_raw=4294962596 sensor_converted=4294962596 xiao_rx=24923159 queue_push=24923162 core_rx=70484589
BNO_CORE_EVENT kind=2 report_seq=62 uart_sequence=4307 sensor_raw=4294963496 sensor_converted=4294963496 xiao_rx=24923177 queue_push=24923178 core_rx=70485762
BNO_CORE_EVENT kind=1 report_seq=125 uart_sequence=4310 sensor_raw=4294965296 sensor_converted=4294965296 xiao_rx=24937068 queue_push=24937076 core_rx=70497514
BNO_CORE_EVENT kind=2 report_seq=63 uart_sequence=4311 sensor_raw=4294954796 sensor_converted=4294954796 xiao_rx=24944229 queue_push=24944232 core_rx=70500137
BNO_CORE_EVENT kind=3 report_seq=31 uart_sequence=4312 sensor_raw=4294954796 sensor_converted=4294954796 xiao_rx=24944249 queue_push=24944250 core_rx=70501175
BNO_CORE_EVENT kind=5 report_seq=31 uart_sequence=4313 sensor_raw=4294954796 sensor_converted=4294954796 xiao_rx=24944257 queue_push=24944259 core_rx=70502224
BNO_CORE_EVENT kind=4 report_seq=16 uart_sequence=4314 sensor_raw=4294954796 sensor_converted=4294954796 xiao_rx=24944267 queue_push=24944269 core_rx=70504260
BNO_CORE_EVENT kind=1 report_seq=126 uart_sequence=4315 sensor_raw=4294959696 sensor_converted=4294959696 xiao_rx=24944276 queue_push=24944277 core_rx=70505332
BNO_CORE_EVENT kind=2 report_seq=64 uart_sequence=4317 sensor_raw=4294964796 sensor_converted=4294964796 xiao_rx=24944284 queue_push=24944285 core_rx=70509632
BNO_CORE_EVENT kind=1 report_seq=127 uart_sequence=4318 sensor_raw=4294960196 sensor_converted=4294960196 xiao_rx=24946705 queue_push=24946706 core_rx=70510745
XIAO UART baud=921600 rx=GPIO8 tx=GPIO9 bytes=959432 frames=2104 bytes_s=47136 frames_s=485 crc/cobs/len=0/0/0 seqgap=0 age_ms=6 type=7 log=1 q=0 rec=275 final=0
RXDIAG max_us=6554 budget_hits=17 byte/frame/time=17/0/0 rx_buf_max=1092 loop_period_max_us=1174994 loop_exec_max_us=1168663 free_heap=138672 min_free_heap=137904 reset_reason=0 bno_kind_1to5_s=127/101/50/25/50 queue=0 high=13 drops=0
RXDETAIL service_calls=57895 service_bytes_avg=16 service_bytes_max=512 service_frames_avg=0 service_frames_avg_x1000=131 service_frames_max=7 service_bytes_s=46896 service_frames_s=482 rxbuf_full_obs=0 bno_valid=1539 bno_invalid=0 unknown=0 uart_overflow=framework_unavailable trial_rx_bytes=204032 trial_frames=2102 trial_bno=1539 trial_crc/cobs/len=0/0/0
RXTASK mode=decode_count read_calls=57896 zero_reads=49955 read_bytes_max=512 rx_task_max_us=6554 rx_task_continuous_max_us=6554 stack_hwm_min_bytes=4472 cobs_delimiters=7622 rx_current=0 rx_max=1092 rx_full=0 overflow=framework_unavailable
SDTASK max_process_us=102012
BNO_CORE_EVENT kind=2 report_seq=65 uart_sequence=4321 sensor_raw=4294964596 sensor_converted=4294964596 xiao_rx=24958526 queue_push=24958537 core_rx=70525501
BNO_CORE_EVENT kind=3 report_seq=32 uart_sequence=4322 sensor_raw=4294953196 sensor_converted=4294953196 xiao_rx=24966189 queue_push=24966200 core_rx=70528132
BNO_CORE_EVENT kind=5 report_seq=32 uart_sequence=4323 sensor_raw=4294953196 sensor_converted=4294953196 xiao_rx=24966227 queue_push=24966229 core_rx=70529173
BNO_CORE_EVENT kind=1 report_seq=128 uart_sequence=4324 sensor_raw=4294953696 sensor_converted=4294953696 xiao_rx=24966235 queue_push=24966237 core_rx=70530223
BNO_CORE_EVENT kind=1 report_seq=129 uart_sequence=4325 sensor_raw=4294961996 sensor_converted=4294961996 xiao_rx=24966243 queue_push=24966245 core_rx=70531796
BNO_CORE_EVENT kind=2 report_seq=66 uart_sequence=4326 sensor_raw=4294963396 sensor_converted=4294963396 xiao_rx=24966255 queue_push=24966258 core_rx=70532981
BNO_CORE_EVENT kind=1 report_seq=130 uart_sequence=4327 sensor_raw=4294961896 sensor_converted=4294961896 xiao_rx=24968822 queue_push=24968827 core_rx=70534039
BNO_CORE_EVENT kind=2 report_seq=67 uart_sequence=4328 sensor_raw=4294962796 sensor_converted=4294962796 xiao_rx=24974303 queue_push=24974310 core_rx=70535091
BNO_CORE_EVENT kind=3 report_seq=33 uart_sequence=4329 sensor_raw=4294962796 sensor_converted=4294962796 xiao_rx=24974336 queue_push=24974338 core_rx=70536530
BNO_CORE_EVENT kind=5 report_seq=33 uart_sequence=4330 sensor_raw=4294962796 sensor_converted=4294962796 xiao_rx=24974352 queue_push=24974354 core_rx=70537647
BNO_CORE_EVENT kind=4 report_seq=17 uart_sequence=4331 sensor_raw=4294963096 sensor_converted=4294963096 xiao_rx=24974365 queue_push=24974367 core_rx=70538691
BNO_CORE_EVENT kind=1 report_seq=131 uart_sequence=4338 sensor_raw=4294961496 sensor_converted=4294961496 xiao_rx=24992889 queue_push=24992896 core_rx=70555463
BNO_CORE_EVENT kind=2 report_seq=68 uart_sequence=4339 sensor_raw=4294948496 sensor_converted=4294948496 xiao_rx=25000799 queue_push=25000803 core_rx=70557450
BNO_CORE_EVENT kind=1 report_seq=132 uart_sequence=4340 sensor_raw=4294950996 sensor_converted=4294950996 xiao_rx=25000817 queue_push=25000819 core_rx=70559489
BNO_CORE_EVENT kind=2 report_seq=69 uart_sequence=4341 sensor_raw=4294958696 sensor_converted=4294958696 xiao_rx=25000826 queue_push=25000828 core_rx=70561779
BNO_CORE_EVENT kind=3 report_seq=34 uart_sequence=4342 sensor_raw=4294958696 sensor_converted=4294958696 xiao_rx=25000839 queue_push=25000841 core_rx=70562884
BNO_CORE_EVENT kind=5 report_seq=34 uart_sequence=4343 sensor_raw=4294958696 sensor_converted=4294958696 xiao_rx=25000848 queue_push=25000849 core_rx=70564030
BNO_CORE_EVENT kind=1 report_seq=133 uart_sequence=4344 sensor_raw=4294958896 sensor_converted=4294958896 xiao_rx=25000856 queue_push=25000858 core_rx=70565155
BNO_CORE_EVENT kind=1 report_seq=134 uart_sequence=4345 sensor_raw=4294958896 sensor_converted=4294958896 xiao_rx=25004957 queue_push=25004960 core_rx=70566285
BNO_CORE_EVENT kind=2 report_seq=70 uart_sequence=4346 sensor_raw=4294960696 sensor_converted=4294960696 xiao_rx=25004981 queue_push=25004983 core_rx=70567321
BNO_CORE_EVENT kind=1 report_seq=135 uart_sequence=4348 sensor_raw=4294961896 sensor_converted=4294961896 xiao_rx=25016425 queue_push=25016432 core_rx=70574465
BNO_CORE_EVENT kind=2 report_seq=71 uart_sequence=4349 sensor_raw=4294954996 sensor_converted=4294954996 xiao_rx=25023835 queue_push=25023840 core_rx=70576444
BNO_CORE_EVENT kind=3 report_seq=35 uart_sequence=4350 sensor_raw=4294954996 sensor_converted=4294954996 xiao_rx=25023857 queue_push=25023859 core_rx=70577506
BNO_CORE_EVENT kind=5 report_seq=35 uart_sequence=4351 sensor_raw=4294954996 sensor_converted=4294954996 xiao_rx=25023866 queue_push=25023868 core_rx=70579779
BNO_CORE_EVENT kind=4 report_seq=18 uart_sequence=4352 sensor_raw=4294954996 sensor_converted=4294954996 xiao_rx=25023876 queue_push=25023877 core_rx=70580946
BNO_CORE_EVENT kind=1 report_seq=136 uart_sequence=4353 sensor_raw=4294958996 sensor_converted=4294958996 xiao_rx=25023884 queue_push=25023886 core_rx=70582435
BNO_CORE_EVENT kind=2 report_seq=72 uart_sequence=4355 sensor_raw=4294957596 sensor_converted=4294957596 xiao_rx=25034174 queue_push=25034184 core_rx=70595494
BNO_CORE_EVENT kind=1 report_seq=137 uart_sequence=4356 sensor_raw=4294959596 sensor_converted=4294959596 xiao_rx=25034212 queue_push=25034213 core_rx=70598135
BNO_CORE_EVENT kind=1 report_seq=138 uart_sequence=4357 sensor_raw=4294957896 sensor_converted=4294957896 xiao_rx=25040454 queue_push=25040457 core_rx=70599176
BNO_CORE_EVENT kind=2 report_seq=73 uart_sequence=4358 sensor_raw=4294957896 sensor_converted=4294957896 xiao_rx=25040471 queue_push=25040473 core_rx=70600259
BNO_CORE_EVENT kind=3 report_seq=36 uart_sequence=4359 sensor_raw=4294957896 sensor_converted=4294957896 xiao_rx=25040484 queue_push=25040485 core_rx=70602253
BNO_CORE_EVENT kind=5 report_seq=36 uart_sequence=4360 sensor_raw=4294957896 sensor_converted=4294957896 xiao_rx=25040492 queue_push=25040493 core_rx=70603337
BNO_CORE_EVENT kind=1 report_seq=139 uart_sequence=4361 sensor_raw=4294965096 sensor_converted=4294965096 xiao_rx=25040500 queue_push=25040523 core_rx=70604366
BNO_CORE_EVENT kind=2 report_seq=74 uart_sequence=4363 sensor_raw=4294960896 sensor_converted=4294960896 xiao_rx=25044555 queue_push=25044558 core_rx=70608394
BNO_CORE_EVENT kind=1 report_seq=140 uart_sequence=4364 sensor_raw=4294966696 sensor_converted=4294966696 xiao_rx=25044564 queue_push=25044566 core_rx=70609471
BNO_CORE_EVENT kind=2 report_seq=75 uart_sequence=4369 sensor_raw=4294964996 sensor_converted=4294964996 xiao_rx=25061083 queue_push=25061095 core_rx=70627509
BNO_CORE_EVENT kind=3 report_seq=37 uart_sequence=4370 sensor_raw=4294950496 sensor_converted=4294950496 xiao_rx=25069609 queue_push=25069613 core_rx=70630177
BNO_CORE_EVENT kind=5 report_seq=37 uart_sequence=4371 sensor_raw=4294950496 sensor_converted=4294950496 xiao_rx=25069636 queue_push=25069638 core_rx=70631311
BNO_CORE_EVENT kind=4 report_seq=19 uart_sequence=4372 sensor_raw=4294950496 sensor_converted=4294950496 xiao_rx=25069650 queue_push=25069652 core_rx=70632361
BNO_CORE_EVENT kind=1 report_seq=141 uart_sequence=4373 sensor_raw=4294954096 sensor_converted=4294954096 xiao_rx=25069658 queue_push=25069660 core_rx=70634278
BNO_CORE_EVENT kind=2 report_seq=76 uart_sequence=4374 sensor_raw=4294960896 sensor_converted=4294960896 xiao_rx=25069668 queue_push=25069669 core_rx=70635388
BNO_CORE_EVENT kind=1 report_seq=142 uart_sequence=4375 sensor_raw=4294961996 sensor_converted=4294961996 xiao_rx=25069676 queue_push=25069677 core_rx=70636424
BNO_CORE_EVENT kind=1 report_seq=143 uart_sequence=4376 sensor_raw=4294961296 sensor_converted=4294961296 xiao_rx=25076321 queue_push=25076323 core_rx=70637479
BNO_CORE_EVENT kind=2 report_seq=77 uart_sequence=4378 sensor_raw=4294961796 sensor_converted=4294961796 xiao_rx=25076329 queue_push=25076331 core_rx=70642302
BNO_CORE_EVENT kind=3 report_seq=38 uart_sequence=4379 sensor_raw=4294961796 sensor_converted=4294961796 xiao_rx=25076338 queue_push=25076339 core_rx=70643455
BNO_CORE_EVENT kind=5 report_seq=38 uart_sequence=4380 sensor_raw=4294961796 sensor_converted=4294961796 xiao_rx=25076346 queue_push=25076348 core_rx=70644490
BNO_CORE_EVENT kind=1 report_seq=144 uart_sequence=4383 sensor_raw=4294962596 sensor_converted=4294962596 xiao_rx=25091842 queue_push=25091850 core_rx=70656478
BNO_CORE_EVENT kind=2 report_seq=78 uart_sequence=4384 sensor_raw=4294949696 sensor_converted=4294949696 xiao_rx=25101277 queue_push=25101284 core_rx=70658458
BNO_CORE_EVENT kind=1 report_seq=145 uart_sequence=4385 sensor_raw=4294955396 sensor_converted=4294955396 xiao_rx=25101309 queue_push=25101311 core_rx=70659531
BNO_CORE_EVENT kind=2 report_seq=79 uart_sequence=4386 sensor_raw=4294959996 sensor_converted=4294959996 xiao_rx=25101317 queue_push=25101319 core_rx=70661783
BNO_CORE_EVENT kind=3 report_seq=39 uart_sequence=4387 sensor_raw=4294959996 sensor_converted=4294959996 xiao_rx=25101331 queue_push=25101333 core_rx=70662890
BNO_CORE_EVENT kind=5 report_seq=39 uart_sequence=4388 sensor_raw=4294959996 sensor_converted=4294959996 xiao_rx=25101340 queue_push=25101341 core_rx=70663918
BNO_CORE_EVENT kind=4 report_seq=20 uart_sequence=4389 sensor_raw=4294959996 sensor_converted=4294959996 xiao_rx=25101350 queue_push=25101352 core_rx=70665035
BNO_CORE_EVENT kind=1 report_seq=146 uart_sequence=4390 sensor_raw=4294962896 sensor_converted=4294962896 xiao_rx=25101358 queue_push=25101360 core_rx=70666235
BNO_CORE_EVENT kind=2 report_seq=80 uart_sequence=4391 sensor_raw=4294960196 sensor_converted=4294960196 xiao_rx=25106023 queue_push=25106025 core_rx=70668415
BNO_CORE_EVENT kind=1 report_seq=147 uart_sequence=4392 sensor_raw=4294961196 sensor_converted=4294961196 xiao_rx=25106032 queue_push=25106033 core_rx=70669626
BNO_CORE_EVENT kind=1 report_seq=148 uart_sequence=4399 sensor_raw=4294964596 sensor_converted=4294964596 xiao_rx=25125868 queue_push=25125875 core_rx=70690471
BNO_CORE_EVENT kind=2 report_seq=81 uart_sequence=4400 sensor_raw=4294945596 sensor_converted=4294945596 xiao_rx=25133081 queue_push=25133086 core_rx=70692449
BNO_CORE_EVENT kind=3 report_seq=40 uart_sequence=4401 sensor_raw=4294945596 sensor_converted=4294945596 xiao_rx=25133109 queue_push=25133111 core_rx=70693503
BNO_CORE_EVENT kind=5 report_seq=40 uart_sequence=4402 sensor_raw=4294945596 sensor_converted=4294945596 xiao_rx=25133118 queue_push=25133120 core_rx=70695794
BNO_CORE_EVENT kind=1 report_seq=149 uart_sequence=4403 sensor_raw=4294953096 sensor_converted=4294953096 xiao_rx=25133127 queue_push=25133128 core_rx=70696903
BNO_CORE_EVENT kind=2 report_seq=82 uart_sequence=4404 sensor_raw=4294955996 sensor_converted=4294955996 xiao_rx=25133135 queue_push=25133137 core_rx=70697962
BNO_CORE_EVENT kind=1 report_seq=150 uart_sequence=4405 sensor_raw=4294960996 sensor_converted=4294960996 xiao_rx=25133143 queue_push=25133145 core_rx=70698998
BNO_CORE_EVENT kind=2 report_seq=83 uart_sequence=4406 sensor_raw=4294958396 sensor_converted=4294958396 xiao_rx=25140007 queue_push=25140011 core_rx=70700050
BNO_CORE_EVENT kind=3 report_seq=41 uart_sequence=4407 sensor_raw=4294958396 sensor_converted=4294958396 xiao_rx=25140020 queue_push=25140022 core_rx=70702345
BNO_CORE_EVENT kind=5 report_seq=41 uart_sequence=4408 sensor_raw=4294958496 sensor_converted=4294958496 xiao_rx=25140030 queue_push=25140032 core_rx=70703429
BNO_CORE_EVENT kind=4 report_seq=21 uart_sequence=4409 sensor_raw=4294958496 sensor_converted=4294958496 xiao_rx=25140041 queue_push=25140043 core_rx=70704466
BNO_CORE_EVENT kind=1 report_seq=151 uart_sequence=4410 sensor_raw=4294961096 sensor_converted=4294961096 xiao_rx=25140049 queue_push=25140051 core_rx=70705495
BNO_CORE_EVENT kind=2 report_seq=84 uart_sequence=4413 sensor_raw=4294961296 sensor_converted=4294961296 xiao_rx=25157172 queue_push=25157182 core_rx=70715733
BNO_CORE_EVENT kind=1 report_seq=152 uart_sequence=4414 sensor_raw=4294961996 sensor_converted=4294961996 xiao_rx=25157208 queue_push=25157210 core_rx=70718143
BNO_CORE_EVENT kind=1 report_seq=153 uart_sequence=4415 sensor_raw=4294953496 sensor_converted=4294953496 xiao_rx=25164371 queue_push=25164375 core_rx=70719204
BNO_CORE_EVENT kind=2 report_seq=85 uart_sequence=4416 sensor_raw=4294954696 sensor_converted=4294954696 xiao_rx=25164396 queue_push=25164398 core_rx=70720259
BNO_CORE_EVENT kind=3 report_seq=42 uart_sequence=4417 sensor_raw=4294954696 sensor_converted=4294954696 xiao_rx=25164409 queue_push=25164410 core_rx=70722276
BNO_CORE_EVENT kind=5 report_seq=42 uart_sequence=4418 sensor_raw=4294954696 sensor_converted=4294954696 xiao_rx=25164417 queue_push=25164418 core_rx=70723413
BNO_CORE_EVENT kind=1 report_seq=154 uart_sequence=4419 sensor_raw=4294961396 sensor_converted=4294961396 xiao_rx=25164425 queue_push=25164427 core_rx=70724457
BNO_CORE_EVENT kind=2 report_seq=86 uart_sequence=4420 sensor_raw=4294964596 sensor_converted=4294964596 xiao_rx=25164433 queue_push=25164435 core_rx=70725489
BNO_CORE_EVENT kind=1 report_seq=155 uart_sequence=4423 sensor_raw=4294961496 sensor_converted=4294961496 xiao_rx=25176987 queue_push=25176994 core_rx=70730780
BNO_CORE_EVENT kind=2 report_seq=87 uart_sequence=4428 sensor_raw=4294954396 sensor_converted=4294954396 xiao_rx=25184872 queue_push=25184889 core_rx=70747466
BNO_CORE_EVENT kind=3 report_seq=43 uart_sequence=4429 sensor_raw=4294954396 sensor_converted=4294954396 xiao_rx=25184921 queue_push=25184923 core_rx=70749450
BNO_CORE_EVENT kind=5 report_seq=43 uart_sequence=4430 sensor_raw=4294954496 sensor_converted=4294954496 xiao_rx=25184933 queue_push=25184935 core_rx=70750507
BNO_CORE_EVENT kind=4 report_seq=22 uart_sequence=4431 sensor_raw=4294954496 sensor_converted=4294954496 xiao_rx=25184944 queue_push=25184946 core_rx=70752791
BNO_CORE_EVENT kind=1 report_seq=156 uart_sequence=4432 sensor_raw=4294956696 sensor_converted=4294956696 xiao_rx=25184954 queue_push=25184955 core_rx=70753905
BNO_CORE_EVENT kind=1 report_seq=157 uart_sequence=4433 sensor_raw=4294964696 sensor_converted=4294964696 xiao_rx=25184962 queue_push=25184964 core_rx=70754968
BNO_CORE_EVENT kind=2 report_seq=88 uart_sequence=4434 sensor_raw=4294956896 sensor_converted=4294956896 xiao_rx=25188539 queue_push=25188544 core_rx=70756016
BNO_CORE_EVENT kind=1 report_seq=158 uart_sequence=4435 sensor_raw=4294964696 sensor_converted=4294964696 xiao_rx=25188564 queue_push=25188566 core_rx=70757050
BNO_CORE_EVENT kind=2 report_seq=89 uart_sequence=4436 sensor_raw=4294962996 sensor_converted=4294962996 xiao_rx=25193762 queue_push=25193767 core_rx=70759362
BNO_CORE_EVENT kind=3 report_seq=44 uart_sequence=4437 sensor_raw=4294962996 sensor_converted=4294962996 xiao_rx=25193789 queue_push=25193791 core_rx=70760480
BNO_CORE_EVENT kind=5 report_seq=44 uart_sequence=4438 sensor_raw=4294962996 sensor_converted=4294962996 xiao_rx=25193798 queue_push=25193800 core_rx=70761513
BNO_CORE_EVENT kind=1 report_seq=159 uart_sequence=4439 sensor_raw=4294963696 sensor_converted=4294963696 xiao_rx=25196895 queue_push=25196898 core_rx=70762544
BNO_CORE_EVENT kind=2 report_seq=90 uart_sequence=4440 sensor_raw=4294964996 sensor_converted=4294964996 xiao_rx=25209716 queue_push=25209725 core_rx=70764466
BNO_CORE_EVENT kind=1 report_seq=160 uart_sequence=4442 sensor_raw=4294955796 sensor_converted=4294955796 xiao_rx=25218879 queue_push=25218886 core_rx=70774118
BNO_CORE_EVENT kind=2 report_seq=91 uart_sequence=4443 sensor_raw=4294962196 sensor_converted=4294962196 xiao_rx=25218909 queue_push=25218912 core_rx=70775653
BNO_CORE_EVENT kind=3 report_seq=45 uart_sequence=4445 sensor_raw=4294962196 sensor_converted=4294962196 xiao_rx=25218923 queue_push=25218925 core_rx=70778213
BNO_CORE_EVENT kind=5 report_seq=45 uart_sequence=4446 sensor_raw=4294962196 sensor_converted=4294962196 xiao_rx=25218932 queue_push=25218933 core_rx=70779362
BNO_CORE_EVENT kind=4 report_seq=23 uart_sequence=4447 sensor_raw=4294962196 sensor_converted=4294962196 xiao_rx=25218941 queue_push=25218943 core_rx=70781965
BNO_CORE_EVENT kind=1 report_seq=161 uart_sequence=4448 sensor_raw=4294963696 sensor_converted=4294963696 xiao_rx=25218950 queue_push=25218952 core_rx=70783150
BNO_CORE_EVENT kind=1 report_seq=162 uart_sequence=4449 sensor_raw=4294962596 sensor_converted=4294962596 xiao_rx=25223603 queue_push=25223607 core_rx=70784205
BNO_CORE_EVENT kind=2 report_seq=92 uart_sequence=4450 sensor_raw=4294962596 sensor_converted=4294962596 xiao_rx=25223625 queue_push=25223627 core_rx=70785256
BNO_CORE_EVENT kind=1 report_seq=163 uart_sequence=4454 sensor_raw=4294965696 sensor_converted=4294965696 xiao_rx=25238564 queue_push=25238573 core_rx=70796512
BNO_CORE_EVENT kind=2 report_seq=93 uart_sequence=4455 sensor_raw=4294953296 sensor_converted=4294953296 xiao_rx=25245525 queue_push=25245528 core_rx=70799198
BNO_CORE_EVENT kind=3 report_seq=46 uart_sequence=4456 sensor_raw=4294953296 sensor_converted=4294953296 xiao_rx=25245539 queue_push=25245540 core_rx=70800402
BNO_CORE_EVENT kind=5 report_seq=46 uart_sequence=4457 sensor_raw=4294953296 sensor_converted=4294953296 xiao_rx=25245547 queue_push=25245549 core_rx=70801431
BNO_CORE_EVENT kind=1 report_seq=164 uart_sequence=4459 sensor_raw=4294958996 sensor_converted=4294958996 xiao_rx=25245556 queue_push=25245557 core_rx=70804926
BNO_CORE_EVENT kind=2 report_seq=94 uart_sequence=4460 sensor_raw=4294963196 sensor_converted=4294963196 xiao_rx=25245564 queue_push=25245565 core_rx=70805965
BNO_CORE_EVENT kind=1 report_seq=165 uart_sequence=4462 sensor_raw=4294959296 sensor_converted=4294959296 xiao_rx=25256038 queue_push=25256045 core_rx=70817004
BNO_CORE_EVENT kind=2 report_seq=95 uart_sequence=4463 sensor_raw=4294955696 sensor_converted=4294955696 xiao_rx=25263275 queue_push=25263280 core_rx=70819136
BNO_CORE_EVENT kind=3 report_seq=47 uart_sequence=4464 sensor_raw=4294955696 sensor_converted=4294955696 xiao_rx=25263307 queue_push=25263309 core_rx=70820693
BNO_CORE_EVENT kind=5 report_seq=47 uart_sequence=4465 sensor_raw=4294955696 sensor_converted=4294955696 xiao_rx=25263316 queue_push=25263318 core_rx=70821777
BNO_CORE_EVENT kind=4 report_seq=24 uart_sequence=4466 sensor_raw=4294955696 sensor_converted=4294955696 xiao_rx=25263326 queue_push=25263327 core_rx=70822831
BNO_CORE_EVENT kind=1 report_seq=166 uart_sequence=4467 sensor_raw=4294956896 sensor_converted=4294956896 xiao_rx=25263334 queue_push=25263336 core_rx=70825280
BNO_CORE_EVENT kind=1 report_seq=167 uart_sequence=4468 sensor_raw=4294964996 sensor_converted=4294964996 xiao_rx=25263342 queue_push=25263344 core_rx=70826457
BNO_CORE_EVENT kind=2 report_seq=96 uart_sequence=4469 sensor_raw=4294957996 sensor_converted=4294957996 xiao_rx=25267328 queue_push=25267331 core_rx=70827494
BNO_CORE_EVENT kind=1 report_seq=168 uart_sequence=4470 sensor_raw=4294965496 sensor_converted=4294965496 xiao_rx=25267342 queue_push=25267343 core_rx=70828569
BNO_CORE_EVENT kind=2 report_seq=97 uart_sequence=4471 sensor_raw=4294964096 sensor_converted=4294964096 xiao_rx=25278842 queue_push=25278849 core_rx=70830453
BNO_CORE_EVENT kind=3 report_seq=48 uart_sequence=4472 sensor_raw=4294964096 sensor_converted=4294964096 xiao_rx=25278869 queue_push=25278871 core_rx=70831528
BNO_CORE_EVENT kind=5 report_seq=48 uart_sequence=4478 sensor_raw=4294952496 sensor_converted=4294952496 xiao_rx=25289734 queue_push=25289742 core_rx=70852495
BNO_CORE_EVENT kind=1 report_seq=169 uart_sequence=4479 sensor_raw=4294958196 sensor_converted=4294958196 xiao_rx=25289765 queue_push=25289766 core_rx=70855204
BNO_CORE_EVENT kind=2 report_seq=98 uart_sequence=4480 sensor_raw=4294962896 sensor_converted=4294962896 xiao_rx=25289778 queue_push=25289781 core_rx=70856404
BNO_CORE_EVENT kind=1 report_seq=170 uart_sequence=4481 sensor_raw=4294965596 sensor_converted=4294965596 xiao_rx=25289788 queue_push=25289789 core_rx=70857431
BNO_CORE_EVENT kind=2 report_seq=99 uart_sequence=4482 sensor_raw=4294962196 sensor_converted=4294962196 xiao_rx=25297331 queue_push=25297334 core_rx=70860257
BNO_CORE_EVENT kind=3 report_seq=49 uart_sequence=4483 sensor_raw=4294962196 sensor_converted=4294962196 xiao_rx=25297358 queue_push=25297359 core_rx=70861313
BNO_CORE_EVENT kind=5 report_seq=49 uart_sequence=4484 sensor_raw=4294962196 sensor_converted=4294962196 xiao_rx=25297366 queue_push=25297368 core_rx=70862370
BNO_CORE_EVENT kind=4 report_seq=25 uart_sequence=4485 sensor_raw=4294962196 sensor_converted=4294962196 xiao_rx=25297376 queue_push=25297378 core_rx=70863421
BNO_CORE_EVENT kind=1 report_seq=171 uart_sequence=4486 sensor_raw=4294962896 sensor_converted=4294962896 xiao_rx=25297384 queue_push=25297386 core_rx=70864478
BNO_CORE_EVENT kind=1 report_seq=172 uart_sequence=4487 sensor_raw=4294963096 sensor_converted=4294963096 xiao_rx=25301430 queue_push=25301433 core_rx=70865509
BNO_CORE_EVENT kind=2 report_seq=100 uart_sequence=4488 sensor_raw=4294963996 sensor_converted=4294963996 xiao_rx=25301446 queue_push=25301448 core_rx=70867036
BNO_CORE_EVENT kind=1 report_seq=173 uart_sequence=4493 sensor_raw=4294966596 sensor_converted=4294966596 xiao_rx=25317984 queue_push=25317992 core_rx=70875465
BNO_CORE_EVENT kind=2 report_seq=101 uart_sequence=4494 sensor_raw=4294953696 sensor_converted=4294953696 xiao_rx=25324283 queue_push=25324287 core_rx=70878204
BNO_CORE_EVENT kind=3 report_seq=50 uart_sequence=4495 sensor_raw=4294953696 sensor_converted=4294953696 xiao_rx=25324309 queue_push=25324311 core_rx=70879411
BNO_CORE_EVENT kind=5 report_seq=50 uart_sequence=4496 sensor_raw=4294953696 sensor_converted=4294953696 xiao_rx=25324318 queue_push=25324320 core_rx=70880449
BNO_CORE_EVENT kind=1 report_seq=174 uart_sequence=4497 sensor_raw=4294958596 sensor_converted=4294958596 xiao_rx=25324326 queue_push=25324328 core_rx=70881796
BNO_CORE_EVENT kind=2 report_seq=102 uart_sequence=4498 sensor_raw=4294963796 sensor_converted=4294963796 xiao_rx=25324335 queue_push=25324336 core_rx=70882859
BNO_CORE_EVENT kind=1 report_seq=175 uart_sequence=4500 sensor_raw=4294959796 sensor_converted=4294959796 xiao_rx=25334136 queue_push=25334144 core_rx=70891507
BNO_CORE_EVENT kind=2 report_seq=103 uart_sequence=4501 sensor_raw=4294957596 sensor_converted=4294957596 xiao_rx=25341288 queue_push=25341291 core_rx=70893231
BNO_CORE_EVENT kind=3 report_seq=51 uart_sequence=4502 sensor_raw=4294957596 sensor_converted=4294957596 xiao_rx=25341305 queue_push=25341306 core_rx=70894620
BNO_CORE_EVENT kind=5 report_seq=51 uart_sequence=4503 sensor_raw=4294957596 sensor_converted=4294957596 xiao_rx=25341313 queue_push=25341314 core_rx=70895688
BNO_CORE_EVENT kind=4 report_seq=26 uart_sequence=4504 sensor_raw=4294957596 sensor_converted=4294957596 xiao_rx=25341323 queue_push=25341324 core_rx=70896738
BNO_CORE_EVENT kind=1 report_seq=176 uart_sequence=4505 sensor_raw=4294957896 sensor_converted=4294957896 xiao_rx=25341331 queue_push=25341332 core_rx=70899296
BNO_CORE_EVENT kind=1 report_seq=177 uart_sequence=4506 sensor_raw=4294965796 sensor_converted=4294965796 xiao_rx=25341339 queue_push=25341340 core_rx=70900476
BNO_CORE_EVENT kind=2 report_seq=104 uart_sequence=4511 sensor_raw=4294959996 sensor_converted=4294959996 xiao_rx=25357244 queue_push=25357254 core_rx=70917472
BNO_CORE_EVENT kind=1 report_seq=178 uart_sequence=4512 sensor_raw=4294966496 sensor_converted=4294966496 xiao_rx=25357283 queue_push=25357284 core_rx=70920161
BNO_CORE_EVENT kind=2 report_seq=105 uart_sequence=4513 sensor_raw=4294954696 sensor_converted=4294954696 xiao_rx=25363554 queue_push=25363557 core_rx=70921255
BNO_CORE_EVENT kind=3 report_seq=52 uart_sequence=4514 sensor_raw=4294954696 sensor_converted=4294954696 xiao_rx=25363573 queue_push=25363574 core_rx=70922304
BNO_CORE_EVENT kind=5 report_seq=52 uart_sequence=4515 sensor_raw=4294954696 sensor_converted=4294954696 xiao_rx=25363581 queue_push=25363583 core_rx=70923876
BNO_CORE_EVENT kind=1 report_seq=179 uart_sequence=4516 sensor_raw=4294958696 sensor_converted=4294958696 xiao_rx=25363589 queue_push=25363591 core_rx=70925019
BNO_CORE_EVENT kind=2 report_seq=106 uart_sequence=4517 sensor_raw=4294964596 sensor_converted=4294964596 xiao_rx=25363598 queue_push=25363599 core_rx=70926076
BNO_CORE_EVENT kind=1 report_seq=180 uart_sequence=4518 sensor_raw=4294960196 sensor_converted=4294960196 xiao_rx=25366710 queue_push=25366714 core_rx=70927108
BNO_CORE_EVENT kind=1 report_seq=181 uart_sequence=4520 sensor_raw=4294964996 sensor_converted=4294964996 xiao_rx=25377092 queue_push=25377097 core_rx=70929443
BNO_CORE_EVENT kind=2 report_seq=107 uart_sequence=4523 sensor_raw=4294954496 sensor_converted=4294954496 xiao_rx=25383898 queue_push=25383907 core_rx=70938492
BNO_CORE_EVENT kind=3 report_seq=53 uart_sequence=4524 sensor_raw=4294954496 sensor_converted=4294954496 xiao_rx=25383936 queue_push=25383938 core_rx=70940201
BNO_CORE_EVENT kind=5 report_seq=53 uart_sequence=4525 sensor_raw=4294954496 sensor_converted=4294954496 xiao_rx=25383947 queue_push=25383949 core_rx=70941663
BNO_CORE_EVENT kind=4 report_seq=27 uart_sequence=4526 sensor_raw=4294954496 sensor_converted=4294954496 xiao_rx=25383957 queue_push=25383959 core_rx=70942737
BNO_CORE_EVENT kind=1 report_seq=182 uart_sequence=4527 sensor_raw=4294962796 sensor_converted=4294962796 xiao_rx=25383966 queue_push=25383967 core_rx=70943805
BNO_CORE_EVENT kind=2 report_seq=108 uart_sequence=4528 sensor_raw=4294957796 sensor_converted=4294957796 xiao_rx=25387958 queue_push=25387964 core_rx=70946264
BNO_CORE_EVENT kind=1 report_seq=183 uart_sequence=4530 sensor_raw=4294963396 sensor_converted=4294963396 xiao_rx=25387982 queue_push=25387984 core_rx=70948249
BNO_CORE_EVENT kind=2 report_seq=109 uart_sequence=4532 sensor_raw=4294964096 sensor_converted=4294964096 xiao_rx=25398829 queue_push=25398839 core_rx=70956503
BNO_CORE_EVENT kind=3 report_seq=54 uart_sequence=4533 sensor_raw=4294964096 sensor_converted=4294964096 xiao_rx=25398865 queue_push=25398866 core_rx=70959195
BNO_CORE_EVENT kind=5 report_seq=54 uart_sequence=4534 sensor_raw=4294953096 sensor_converted=4294953096 xiao_rx=25405354 queue_push=25405355 core_rx=70960386
BNO_CORE_EVENT kind=1 report_seq=184 uart_sequence=4535 sensor_raw=4294956496 sensor_converted=4294956496 xiao_rx=25405362 queue_push=25405363 core_rx=70961413
BNO_CORE_EVENT kind=2 report_seq=110 uart_sequence=4536 sensor_raw=4294962896 sensor_converted=4294962896 xiao_rx=25405370 queue_push=25405372 core_rx=70962741
BNO_CORE_EVENT kind=1 report_seq=185 uart_sequence=4537 sensor_raw=4294964296 sensor_converted=4294964296 xiao_rx=25405378 queue_push=25405380 core_rx=70963818
BNO_CORE_EVENT kind=1 report_seq=186 uart_sequence=4540 sensor_raw=4294965496 sensor_converted=4294965496 xiao_rx=25417717 queue_push=25417723 core_rx=70970323
BNO_CORE_EVENT kind=2 report_seq=111 uart_sequence=4542 sensor_raw=4294953696 sensor_converted=4294953696 xiao_rx=25426936 queue_push=25426943 core_rx=70982527
BNO_CORE_EVENT kind=3 report_seq=55 uart_sequence=4543 sensor_raw=4294953696 sensor_converted=4294953696 xiao_rx=25426971 queue_push=25426972 core_rx=70985204
BNO_CORE_EVENT kind=5 report_seq=55 uart_sequence=4544 sensor_raw=4294953996 sensor_converted=4294953996 xiao_rx=25426981 queue_push=25426983 core_rx=70986404
BNO_CORE_EVENT kind=4 report_seq=28 uart_sequence=4545 sensor_raw=4294953996 sensor_converted=4294953996 xiao_rx=25426991 queue_push=25426993 core_rx=70987434
BNO_CORE_EVENT kind=1 report_seq=187 uart_sequence=4546 sensor_raw=4294961896 sensor_converted=4294961896 xiao_rx=25426999 queue_push=25427001 core_rx=70988750
BNO_CORE_EVENT kind=2 report_seq=112 uart_sequence=4547 sensor_raw=4294963996 sensor_converted=4294963996 xiao_rx=25427007 queue_push=25427009 core_rx=70989826
BNO_CORE_EVENT kind=1 report_seq=188 uart_sequence=4548 sensor_raw=4294960796 sensor_converted=4294960796 xiao_rx=25431480 queue_push=25431484 core_rx=70990854
BNO_CORE_EVENT kind=2 report_seq=113 uart_sequence=4549 sensor_raw=4294964396 sensor_converted=4294964396 xiao_rx=25431497 queue_push=25431499 core_rx=70991892
BNO_CORE_EVENT kind=3 report_seq=56 uart_sequence=4550 sensor_raw=4294964396 sensor_converted=4294964396 xiao_rx=25431527 queue_push=25431528 core_rx=70993999
BNO_CORE_EVENT kind=5 report_seq=56 uart_sequence=4552 sensor_raw=4294959796 sensor_converted=4294959796 xiao_rx=25444928 queue_push=25444938 core_rx=70997540
BNO_CORE_EVENT kind=1 report_seq=189 uart_sequence=4554 sensor_raw=4294963396 sensor_converted=4294963396 xiao_rx=25444967 queue_push=25444968 core_rx=71002174
BNO_CORE_EVENT kind=2 report_seq=114 uart_sequence=4557 sensor_raw=4294956096 sensor_converted=4294956096 xiao_rx=25455481 queue_push=25455489 core_rx=71017499
BNO_CORE_EVENT kind=1 report_seq=190 uart_sequence=4558 sensor_raw=4294957096 sensor_converted=4294957096 xiao_rx=25455604 queue_push=25455606 core_rx=71020198
BNO_CORE_EVENT kind=1 report_seq=191 uart_sequence=4559 sensor_raw=4294965096 sensor_converted=4294965096 xiao_rx=25455612 queue_push=25455614 core_rx=71021398
BNO_CORE_EVENT kind=2 report_seq=115 uart_sequence=4560 sensor_raw=4294955696 sensor_converted=4294955696 xiao_rx=25461892 queue_push=25461896 core_rx=71022425
BNO_CORE_EVENT kind=3 report_seq=57 uart_sequence=4561 sensor_raw=4294955696 sensor_converted=4294955696 xiao_rx=25461914 queue_push=25461916 core_rx=71024062
BNO_CORE_EVENT kind=5 report_seq=57 uart_sequence=4562 sensor_raw=4294955696 sensor_converted=4294955696 xiao_rx=25461923 queue_push=25461925 core_rx=71025169
BNO_CORE_EVENT kind=4 report_seq=29 uart_sequence=4563 sensor_raw=4294955996 sensor_converted=4294955996 xiao_rx=25461933 queue_push=25461935 core_rx=71026233
BNO_CORE_EVENT kind=1 report_seq=192 uart_sequence=4564 sensor_raw=4294963496 sensor_converted=4294963496 xiao_rx=25461941 queue_push=25461943 core_rx=71027286
BNO_CORE_EVENT kind=2 report_seq=116 uart_sequence=4565 sensor_raw=4294959496 sensor_converted=4294959496 xiao_rx=25466642 queue_push=25466646 core_rx=71030067
BNO_CORE_EVENT kind=1 report_seq=193 uart_sequence=4566 sensor_raw=4294964796 sensor_converted=4294964796 xiao_rx=25466656 queue_push=25466658 core_rx=71031293
BNO_CORE_EVENT kind=2 report_seq=117 uart_sequence=4572 sensor_raw=4294964396 sensor_converted=4294964396 xiao_rx=25479864 queue_push=25479874 core_rx=71048496
BNO_CORE_EVENT kind=3 report_seq=58 uart_sequence=4573 sensor_raw=4294951596 sensor_converted=4294951596 xiao_rx=25487544 queue_push=25487548 core_rx=71051145
BNO_CORE_EVENT kind=5 report_seq=58 uart_sequence=4574 sensor_raw=4294951596 sensor_converted=4294951596 xiao_rx=25487576 queue_push=25487578 core_rx=71052195
BNO_CORE_EVENT kind=1 report_seq=194 uart_sequence=4575 sensor_raw=4294954696 sensor_converted=4294954696 xiao_rx=25487584 queue_push=25487586 core_rx=71053242
BNO_CORE_EVENT kind=2 report_seq=118 uart_sequence=4576 sensor_raw=4294961996 sensor_converted=4294961996 xiao_rx=25487596 queue_push=25487598 core_rx=71054764
BNO_CORE_EVENT kind=1 report_seq=195 uart_sequence=4577 sensor_raw=4294962696 sensor_converted=4294962696 xiao_rx=25487605 queue_push=25487606 core_rx=71055925
BNO_CORE_EVENT kind=1 report_seq=196 uart_sequence=4578 sensor_raw=4294962996 sensor_converted=4294962996 xiao_rx=25493017 queue_push=25493020 core_rx=71056981
BNO_CORE_EVENT kind=2 report_seq=119 uart_sequence=4579 sensor_raw=4294963896 sensor_converted=4294963896 xiao_rx=25493056 queue_push=25493059 core_rx=71058033
BNO_CORE_EVENT kind=3 report_seq=59 uart_sequence=4580 sensor_raw=4294963896 sensor_converted=4294963896 xiao_rx=25493069 queue_push=25493071 core_rx=71059681
BNO_CORE_EVENT kind=5 report_seq=59 uart_sequence=4581 sensor_raw=4294963896 sensor_converted=4294963896 xiao_rx=25493077 queue_push=25493079 core_rx=71060883
BNO_CORE_EVENT kind=4 report_seq=30 uart_sequence=4582 sensor_raw=4294958696 sensor_converted=4294958696 xiao_rx=25497062 queue_push=25497066 core_rx=71061916
BNO_CORE_EVENT kind=1 report_seq=197 uart_sequence=4583 sensor_raw=4294965196 sensor_converted=4294965196 xiao_rx=25497076 queue_push=25497079 core_rx=71062944
BNO_CORE_EVENT kind=2 report_seq=120 uart_sequence=4587 sensor_raw=4294964196 sensor_converted=4294964196 xiao_rx=25512899 queue_push=25512909 core_rx=71075139
BNO_CORE_EVENT kind=1 report_seq=198 uart_sequence=4588 sensor_raw=4294953696 sensor_converted=4294953696 xiao_rx=25519820 queue_push=25519823 core_rx=71076663
BNO_CORE_EVENT kind=2 report_seq=121 uart_sequence=4589 sensor_raw=4294958696 sensor_converted=4294958696 xiao_rx=25519838 queue_push=25519839 core_rx=71078801
BNO_CORE_EVENT kind=3 report_seq=60 uart_sequence=4590 sensor_raw=4294958696 sensor_converted=4294958696 xiao_rx=25519851 queue_push=25519852 core_rx=71079901
BNO_CORE_EVENT kind=5 report_seq=60 uart_sequence=4591 sensor_raw=4294958696 sensor_converted=4294958696 xiao_rx=25519859 queue_push=25519861 core_rx=71080952
BNO_CORE_EVENT kind=1 report_seq=199 uart_sequence=4592 sensor_raw=4294960996 sensor_converted=4294960996 xiao_rx=25519867 queue_push=25519869 core_rx=71082516
BNO_CORE_EVENT kind=2 report_seq=122 uart_sequence=4593 sensor_raw=4294961296 sensor_converted=4294961296 xiao_rx=25524577 queue_push=25524580 core_rx=71083715
BNO_CORE_EVENT kind=1 report_seq=200 uart_sequence=4594 sensor_raw=4294962196 sensor_converted=4294962196 xiao_rx=25524600 queue_push=25524601 core_rx=71084761
BNO_CORE_EVENT kind=1 report_seq=201 uart_sequence=4597 sensor_raw=4294965296 sensor_converted=4294965296 xiao_rx=25536790 queue_push=25536797 core_rx=71089427
BNO_CORE_EVENT kind=2 report_seq=123 uart_sequence=4599 sensor_raw=4294954496 sensor_converted=4294954496 xiao_rx=25545546 queue_push=25545553 core_rx=71096998
BNO_CORE_EVENT kind=3 report_seq=61 uart_sequence=4600 sensor_raw=4294954496 sensor_converted=4294954496 xiao_rx=25545577 queue_push=25545579 core_rx=71098735
BNO_CORE_EVENT kind=5 report_seq=61 uart_sequence=4601 sensor_raw=4294954496 sensor_converted=4294954496 xiao_rx=25545589 queue_push=25545590 core_rx=71099887
BNO_CORE_EVENT kind=4 report_seq=31 uart_sequence=4602 sensor_raw=4294954496 sensor_converted=4294954496 xiao_rx=25545598 queue_push=25545600 core_rx=71100965
BNO_CORE_EVENT kind=1 report_seq=202 uart_sequence=4603 sensor_raw=4294961496 sensor_converted=4294961496 xiao_rx=25545606 queue_push=25545608 core_rx=71103252
BNO_CORE_EVENT kind=2 report_seq=124 uart_sequence=4604 sensor_raw=4294964896 sensor_converted=4294964896 xiao_rx=25545614 queue_push=25545616 core_rx=71104305
BNO_CORE_EVENT kind=1 report_seq=203 uart_sequence=4607 sensor_raw=4294960796 sensor_converted=4294960796 xiao_rx=25555869 queue_push=25555877 core_rx=71111474
BNO_CORE_EVENT kind=2 report_seq=125 uart_sequence=4608 sensor_raw=4294955396 sensor_converted=4294955396 xiao_rx=25561238 queue_push=25561242 core_rx=71113451
BNO_CORE_EVENT kind=3 report_seq=62 uart_sequence=4609 sensor_raw=4294955396 sensor_converted=4294955396 xiao_rx=25561259 queue_push=25561260 core_rx=71114538
BNO_CORE_EVENT kind=5 report_seq=62 uart_sequence=4610 sensor_raw=4294955696 sensor_converted=4294955696 xiao_rx=25561268 queue_push=25561270 core_rx=71116335
BNO_CORE_EVENT kind=1 report_seq=204 uart_sequence=4611 sensor_raw=4294957696 sensor_converted=4294957696 xiao_rx=25561277 queue_push=25561279 core_rx=71117525
BNO_CORE_EVENT kind=2 report_seq=126 uart_sequence=4614 sensor_raw=4294960196 sensor_converted=4294960196 xiao_rx=25569241 queue_push=25569249 core_rx=71131495
BNO_CORE_EVENT kind=1 report_seq=205 uart_sequence=4615 sensor_raw=4294960296 sensor_converted=4294960296 xiao_rx=25569271 queue_push=25569273 core_rx=71134150
BNO_CORE_EVENT kind=1 report_seq=206 uart_sequence=4616 sensor_raw=4294960596 sensor_converted=4294960596 xiao_rx=25576229 queue_push=25576233 core_rx=71135194
BNO_CORE_EVENT kind=2 report_seq=127 uart_sequence=4617 sensor_raw=4294962296 sensor_converted=4294962296 xiao_rx=25576245 queue_push=25576247 core_rx=71136248
BNO_CORE_EVENT kind=3 report_seq=63 uart_sequence=4618 sensor_raw=4294962296 sensor_converted=4294962296 xiao_rx=25576259 queue_push=25576261 core_rx=71137786
BNO_CORE_EVENT kind=5 report_seq=63 uart_sequence=4619 sensor_raw=4294962296 sensor_converted=4294962296 xiao_rx=25576268 queue_push=25576270 core_rx=71138978
BNO_CORE_EVENT kind=4 report_seq=32 uart_sequence=4620 sensor_raw=4294962296 sensor_converted=4294962296 xiao_rx=25576278 queue_push=25576280 core_rx=71140041
BNO_CORE_EVENT kind=1 report_seq=207 uart_sequence=4621 sensor_raw=4294961096 sensor_converted=4294961096 xiao_rx=25580140 queue_push=25580143 core_rx=71141079
BNO_CORE_EVENT kind=2 report_seq=128 uart_sequence=4626 sensor_raw=4294961296 sensor_converted=4294961296 xiao_rx=25595155 queue_push=25595164 core_rx=71148444
BNO_CORE_EVENT kind=1 report_seq=208 uart_sequence=4627 sensor_raw=4294965496 sensor_converted=4294965496 xiao_rx=25595192 queue_push=25595194 core_rx=71149600
BNO_CORE_EVENT kind=2 report_seq=129 uart_sequence=4628 sensor_raw=4294956096 sensor_converted=4294956096 xiao_rx=25604028 queue_push=25604033 core_rx=71154501
BNO_CORE_EVENT kind=3 report_seq=64 uart_sequence=4629 sensor_raw=4294956096 sensor_converted=4294956096 xiao_rx=25604059 queue_push=25604061 core_rx=71156021
BNO_CORE_EVENT kind=5 report_seq=64 uart_sequence=4630 sensor_raw=4294956096 sensor_converted=4294956096 xiao_rx=25604070 queue_push=25604071 core_rx=71157827
BNO_CORE_EVENT kind=1 report_seq=209 uart_sequence=4631 sensor_raw=4294957696 sensor_converted=4294957696 xiao_rx=25604078 queue_push=25604079 core_rx=71159070
BNO_CORE_EVENT kind=1 report_seq=210 uart_sequence=4632 sensor_raw=4294965596 sensor_converted=4294965596 xiao_rx=25604086 queue_push=25604088 core_rx=71160123
BNO_CORE_EVENT kind=2 report_seq=130 uart_sequence=4634 sensor_raw=4294957296 sensor_converted=4294957296 xiao_rx=25611226 queue_push=25611236 core_rx=71165162
BNO_CORE_EVENT kind=1 report_seq=211 uart_sequence=4635 sensor_raw=4294964896 sensor_converted=4294964896 xiao_rx=25611262 queue_push=25611264 core_rx=71166630
BNO_CORE_EVENT kind=4 report_seq=33 uart_sequence=4636 sensor_raw=4294959996 sensor_converted=4294959996 xiao_rx=25613720 queue_push=25613724 core_rx=71167679
BNO_CORE_EVENT kind=2 report_seq=131 uart_sequence=4639 sensor_raw=4294957496 sensor_converted=4294957496 xiao_rx=25622449 queue_push=25622459 core_rx=71179572
BNO_CORE_EVENT kind=3 report_seq=65 uart_sequence=4640 sensor_raw=4294957496 sensor_converted=4294957496 xiao_rx=25622485 queue_push=25622487 core_rx=71182149
BNO_CORE_EVENT kind=5 report_seq=65 uart_sequence=4641 sensor_raw=4294957496 sensor_converted=4294957496 xiao_rx=25622498 queue_push=25622500 core_rx=71183204
BNO_CORE_EVENT kind=1 report_seq=212 uart_sequence=4642 sensor_raw=4294954696 sensor_converted=4294954696 xiao_rx=25628098 queue_push=25628101 core_rx=71184240
BNO_CORE_EVENT kind=2 report_seq=132 uart_sequence=4643 sensor_raw=4294958896 sensor_converted=4294958896 xiao_rx=25628113 queue_push=25628115 core_rx=71185770
BNO_CORE_EVENT kind=1 report_seq=213 uart_sequence=4644 sensor_raw=4294962896 sensor_converted=4294962896 xiao_rx=25628121 queue_push=25628123 core_rx=71186943
BNO_CORE_EVENT kind=2 report_seq=133 uart_sequence=4645 sensor_raw=4294963496 sensor_converted=4294963496 xiao_rx=25636193 queue_push=25636202 core_rx=71189482
BNO_CORE_EVENT kind=3 report_seq=66 uart_sequence=4648 sensor_raw=4294955396 sensor_converted=4294955396 xiao_rx=25645602 queue_push=25645610 core_rx=71199503
BNO_CORE_EVENT kind=5 report_seq=66 uart_sequence=4649 sensor_raw=4294955396 sensor_converted=4294955396 xiao_rx=25645638 queue_push=25645639 core_rx=71202148
BNO_CORE_EVENT kind=1 report_seq=214 uart_sequence=4650 sensor_raw=4294956396 sensor_converted=4294956396 xiao_rx=25645646 queue_push=25645647 core_rx=71203192
BNO_CORE_EVENT kind=1 report_seq=215 uart_sequence=4651 sensor_raw=4294964896 sensor_converted=4294964896 xiao_rx=25645654 queue_push=25645656 core_rx=71204243
BNO_CORE_EVENT kind=2 report_seq=134 uart_sequence=4652 sensor_raw=4294955696 sensor_converted=4294955696 xiao_rx=25649016 queue_push=25649021 core_rx=71205789
BNO_CORE_EVENT kind=1 report_seq=216 uart_sequence=4653 sensor_raw=4294963096 sensor_converted=4294963096 xiao_rx=25649037 queue_push=25649039 core_rx=71206917
BNO_CORE_EVENT kind=4 report_seq=34 uart_sequence=4656 sensor_raw=4294962196 sensor_converted=4294962196 xiao_rx=25661637 queue_push=25661647 core_rx=71217516
BNO_CORE_EVENT kind=2 report_seq=135 uart_sequence=4657 sensor_raw=4294962196 sensor_converted=4294962196 xiao_rx=25661668 queue_push=25661671 core_rx=71219261
BNO_CORE_EVENT kind=3 report_seq=67 uart_sequence=4658 sensor_raw=4294962196 sensor_converted=4294962196 xiao_rx=25661683 queue_push=25661684 core_rx=71222160
BNO_CORE_EVENT kind=5 report_seq=67 uart_sequence=4659 sensor_raw=4294962196 sensor_converted=4294962196 xiao_rx=25661696 queue_push=25661698 core_rx=71223355
BNO_CORE_EVENT kind=1 report_seq=217 uart_sequence=4660 sensor_raw=4294955596 sensor_converted=4294955596 xiao_rx=25667223 queue_push=25667225 core_rx=71224412
BNO_CORE_EVENT kind=2 report_seq=136 uart_sequence=4661 sensor_raw=4294960196 sensor_converted=4294960196 xiao_rx=25667231 queue_push=25667233 core_rx=71225464
BNO_CORE_EVENT kind=1 report_seq=218 uart_sequence=4662 sensor_raw=4294962896 sensor_converted=4294962896 xiao_rx=25667239 queue_push=25667241 core_rx=71228308
BNO_CORE_EVENT kind=2 report_seq=137 uart_sequence=4665 sensor_raw=4294964196 sensor_converted=4294964196 xiao_rx=25677313 queue_push=25677321 core_rx=71235498
BNO_CORE_EVENT kind=3 report_seq=68 uart_sequence=4667 sensor_raw=4294964196 sensor_converted=4294964196 xiao_rx=25677345 queue_push=25677347 core_rx=71238911
BNO_CORE_EVENT kind=5 report_seq=68 uart_sequence=4668 sensor_raw=4294954196 sensor_converted=4294954196 xiao_rx=25683212 queue_push=25683215 core_rx=71240062
BNO_CORE_EVENT kind=1 report_seq=219 uart_sequence=4669 sensor_raw=4294955096 sensor_converted=4294955096 xiao_rx=25683225 queue_push=25683227 core_rx=71241119
BNO_CORE_EVENT kind=1 report_seq=220 uart_sequence=4670 sensor_raw=4294963396 sensor_converted=4294963396 xiao_rx=25683233 queue_push=25683235 core_rx=71242148
BNO_CORE_EVENT kind=2 report_seq=138 uart_sequence=4671 sensor_raw=4294963996 sensor_converted=4294963996 xiao_rx=25683244 queue_push=25683245 core_rx=71243196
BNO_CORE_EVENT kind=1 report_seq=221 uart_sequence=4675 sensor_raw=4294964996 sensor_converted=4294964996 xiao_rx=25696232 queue_push=25696242 core_rx=71253498
BNO_CORE_EVENT kind=2 report_seq=139 uart_sequence=4676 sensor_raw=4294955496 sensor_converted=4294955496 xiao_rx=25702478 queue_push=25702481 core_rx=71256140
BNO_CORE_EVENT kind=3 report_seq=69 uart_sequence=4677 sensor_raw=4294955496 sensor_converted=4294955496 xiao_rx=25702493 queue_push=25702494 core_rx=71257194
BNO_CORE_EVENT kind=5 report_seq=69 uart_sequence=4678 sensor_raw=4294955496 sensor_converted=4294955496 xiao_rx=25702521 queue_push=25702523 core_rx=71258256
BNO_CORE_EVENT kind=4 report_seq=35 uart_sequence=4679 sensor_raw=4294955496 sensor_converted=4294955496 xiao_rx=25702531 queue_push=25702533 core_rx=71259796
BNO_CORE_EVENT kind=1 report_seq=222 uart_sequence=4680 sensor_raw=4294960596 sensor_converted=4294960596 xiao_rx=25702540 queue_push=25702541 core_rx=71260921
BNO_CORE_EVENT kind=2 report_seq=140 uart_sequence=4683 sensor_raw=4294959096 sensor_converted=4294959096 xiao_rx=25711107 queue_push=25711117 core_rx=71277467
BNO_CORE_EVENT kind=1 report_seq=223 uart_sequence=4684 sensor_raw=4294961396 sensor_converted=4294961396 xiao_rx=25711146 queue_push=25711148 core_rx=71278691
BNO_CORE_EVENT kind=2 report_seq=141 uart_sequence=4685 sensor_raw=4294960596 sensor_converted=4294960596 xiao_rx=25717830 queue_push=25717834 core_rx=71280804
BNO_CORE_EVENT kind=3 report_seq=70 uart_sequence=4686 sensor_raw=4294960596 sensor_converted=4294960596 xiao_rx=25717850 queue_push=25717852 core_rx=71282024
BNO_CORE_EVENT kind=5 report_seq=70 uart_sequence=4687 sensor_raw=4294960596 sensor_converted=4294960596 xiao_rx=25717859 queue_push=25717861 core_rx=71283123
BNO_CORE_EVENT kind=1 report_seq=224 uart_sequence=4688 sensor_raw=4294960696 sensor_converted=4294960696 xiao_rx=25717867 queue_push=25717869 core_rx=71284182
BNO_CORE_EVENT kind=1 report_seq=225 uart_sequence=4689 sensor_raw=4294962796 sensor_converted=4294962796 xiao_rx=25722574 queue_push=25722577 core_rx=71285213
BNO_CORE_EVENT kind=2 report_seq=142 uart_sequence=4690 sensor_raw=4294963496 sensor_converted=4294963496 xiao_rx=25722597 queue_push=25722599 core_rx=71286889
BNO_CORE_EVENT kind=1 report_seq=226 uart_sequence=4691 sensor_raw=4294965296 sensor_converted=4294965296 xiao_rx=25725677 queue_push=25725680 core_rx=71288106
BNO_CORE_EVENT kind=4 report_seq=36 uart_sequence=4694 sensor_raw=4294965196 sensor_converted=4294965196 xiao_rx=25737846 queue_push=25737854 core_rx=71292475
BNO_CORE_EVENT kind=2 report_seq=143 uart_sequence=4698 sensor_raw=4294953596 sensor_converted=4294953596 xiao_rx=25747444 queue_push=25747451 core_rx=71306488
BNO_CORE_EVENT kind=3 report_seq=71 uart_sequence=4699 sensor_raw=4294953596 sensor_converted=4294953596 xiao_rx=25747480 queue_push=25747481 core_rx=71308456
BNO_CORE_EVENT kind=5 report_seq=71 uart_sequence=4700 sensor_raw=4294953596 sensor_converted=4294953596 xiao_rx=25747493 queue_push=25747494 core_rx=71309525
BNO_CORE_EVENT kind=1 report_seq=227 uart_sequence=4701 sensor_raw=4294958496 sensor_converted=4294958496 xiao_rx=25747522 queue_push=25747524 core_rx=71311378
BNO_CORE_EVENT kind=2 report_seq=144 uart_sequence=4702 sensor_raw=4294963896 sensor_converted=4294963896 xiao_rx=25747530 queue_push=25747532 core_rx=71312564
BNO_CORE_EVENT kind=1 report_seq=228 uart_sequence=4703 sensor_raw=4294956296 sensor_converted=4294956296 xiao_rx=25751995 queue_push=25751999 core_rx=71313622
BNO_CORE_EVENT kind=2 report_seq=145 uart_sequence=4704 sensor_raw=4294964196 sensor_converted=4294964196 xiao_rx=25752019 queue_push=25752021 core_rx=71315893
BNO_CORE_EVENT kind=3 report_seq=72 uart_sequence=4705 sensor_raw=4294964196 sensor_converted=4294964196 xiao_rx=25752028 queue_push=25752030 core_rx=71316953
BNO_CORE_EVENT kind=5 report_seq=72 uart_sequence=4706 sensor_raw=4294959696 sensor_converted=4294959696 xiao_rx=25756054 queue_push=25756058 core_rx=71317992
BNO_CORE_EVENT kind=1 report_seq=229 uart_sequence=4707 sensor_raw=4294959696 sensor_converted=4294959696 xiao_rx=25756068 queue_push=25756070 core_rx=71319019
BNO_CORE_EVENT kind=1 report_seq=230 uart_sequence=4710 sensor_raw=4294964096 sensor_converted=4294964096 xiao_rx=25768492 queue_push=25768525 core_rx=71330464
BNO_CORE_EVENT kind=2 report_seq=146 uart_sequence=4711 sensor_raw=4294952796 sensor_converted=4294952796 xiao_rx=25775708 queue_push=25775716 core_rx=71331694
BNO_CORE_EVENT kind=1 report_seq=231 uart_sequence=4712 sensor_raw=4294959296 sensor_converted=4294959296 xiao_rx=25775742 queue_push=25775743 core_rx=71333788
BNO_CORE_EVENT kind=2 report_seq=147 uart_sequence=4713 sensor_raw=4294963096 sensor_converted=4294963096 xiao_rx=25775751 queue_push=25775753 core_rx=71334988
BNO_CORE_EVENT kind=3 report_seq=73 uart_sequence=4714 sensor_raw=4294963096 sensor_converted=4294963096 xiao_rx=25775772 queue_push=25775774 core_rx=71336202
BNO_CORE_EVENT kind=5 report_seq=73 uart_sequence=4715 sensor_raw=4294963096 sensor_converted=4294963096 xiao_rx=25775781 queue_push=25775783 core_rx=71337277
BNO_CORE_EVENT kind=4 report_seq=37 uart_sequence=4716 sensor_raw=4294956196 sensor_converted=4294956196 xiao_rx=25779136 queue_push=25779139 core_rx=71338315
BNO_CORE_EVENT kind=1 report_seq=232 uart_sequence=4717 sensor_raw=4294959796 sensor_converted=4294959796 xiao_rx=25779150 queue_push=25779152 core_rx=71339898
BNO_CORE_EVENT kind=2 report_seq=148 uart_sequence=4721 sensor_raw=4294962196 sensor_converted=4294962196 xiao_rx=25789165 queue_push=25789183 core_rx=71349505
BNO_CORE_EVENT kind=1 report_seq=233 uart_sequence=4722 sensor_raw=4294963996 sensor_converted=4294963996 xiao_rx=25789226 queue_push=25789228 core_rx=71352198
BNO_CORE_EVENT kind=1 report_seq=234 uart_sequence=4723 sensor_raw=4294962396 sensor_converted=4294962396 xiao_rx=25795864 queue_push=25795868 core_rx=71353368
BNO_CORE_EVENT kind=2 report_seq=149 uart_sequence=4724 sensor_raw=4294962396 sensor_converted=4294962396 xiao_rx=25795892 queue_push=25795893 core_rx=71354399
BNO_CORE_EVENT kind=3 report_seq=74 uart_sequence=4725 sensor_raw=4294962396 sensor_converted=4294962396 xiao_rx=25795904 queue_push=25795906 core_rx=71355765
BNO_CORE_EVENT kind=5 report_seq=74 uart_sequence=4726 sensor_raw=4294962396 sensor_converted=4294962396 xiao_rx=25795913 queue_push=25795915 core_rx=71356839
BNO_CORE_EVENT kind=1 report_seq=235 uart_sequence=4727 sensor_raw=4294963096 sensor_converted=4294963096 xiao_rx=25798337 queue_push=25798338 core_rx=71357899
BNO_CORE_EVENT kind=2 report_seq=150 uart_sequence=4731 sensor_raw=4294962796 sensor_converted=4294962796 xiao_rx=25813585 queue_push=25813594 core_rx=71366471
BNO_CORE_EVENT kind=1 report_seq=236 uart_sequence=4733 sensor_raw=4294953896 sensor_converted=4294953896 xiao_rx=25821829 queue_push=25821834 core_rx=71377496
BNO_CORE_EVENT kind=2 report_seq=151 uart_sequence=4734 sensor_raw=4294957996 sensor_converted=4294957996 xiao_rx=25821859 queue_push=25821862 core_rx=71380144
BNO_CORE_EVENT kind=3 report_seq=75 uart_sequence=4735 sensor_raw=4294957996 sensor_converted=4294957996 xiao_rx=25821875 queue_push=25821877 core_rx=71381182
BNO_CORE_EVENT kind=5 report_seq=75 uart_sequence=4736 sensor_raw=4294957996 sensor_converted=4294957996 xiao_rx=25821883 queue_push=25821885 core_rx=71382342
BNO_CORE_EVENT kind=1 report_seq=237 uart_sequence=4737 sensor_raw=4294961296 sensor_converted=4294961296 xiao_rx=25821891 queue_push=25821893 core_rx=71383974
BNO_CORE_EVENT kind=4 report_seq=38 uart_sequence=4738 sensor_raw=4294961296 sensor_converted=4294961296 xiao_rx=25821901 queue_push=25821903 core_rx=71385167
BNO_CORE_EVENT kind=2 report_seq=152 uart_sequence=4739 sensor_raw=4294959996 sensor_converted=4294959996 xiao_rx=25826583 queue_push=25826586 core_rx=71386252
BNO_CORE_EVENT kind=1 report_seq=238 uart_sequence=4740 sensor_raw=4294960896 sensor_converted=4294960896 xiao_rx=25826596 queue_push=25826598 core_rx=71387286
BNO_CORE_EVENT kind=1 report_seq=239 uart_sequence=4741 sensor_raw=4294964396 sensor_converted=4294964396 xiao_rx=25838425 queue_push=25838429 core_rx=71389501
BNO_CORE_EVENT kind=2 report_seq=153 uart_sequence=4742 sensor_raw=4294964496 sensor_converted=4294964496 xiao_rx=25838447 queue_push=25838450 core_rx=71392143
BNO_CORE_EVENT kind=3 report_seq=76 uart_sequence=4743 sensor_raw=4294964496 sensor_converted=4294964496 xiao_rx=25838462 queue_push=25838464 core_rx=71393204
BNO_CORE_EVENT kind=5 report_seq=76 uart_sequence=4746 sensor_raw=4294953296 sensor_converted=4294953296 xiao_rx=25848119 queue_push=25848126 core_rx=71408498
BNO_CORE_EVENT kind=1 report_seq=240 uart_sequence=4747 sensor_raw=4294960496 sensor_converted=4294960496 xiao_rx=25848148 queue_push=25848149 core_rx=71411141
BNO_CORE_EVENT kind=2 report_seq=154 uart_sequence=4748 sensor_raw=4294962896 sensor_converted=4294962896 xiao_rx=25848160 queue_push=25848163 core_rx=71412179
BNO_CORE_EVENT kind=1 report_seq=241 uart_sequence=4749 sensor_raw=4294958796 sensor_converted=4294958796 xiao_rx=25853554 queue_push=25853558 core_rx=71413237
BNO_CORE_EVENT kind=2 report_seq=155 uart_sequence=4750 sensor_raw=4294963096 sensor_converted=4294963096 xiao_rx=25853580 queue_push=25853582 core_rx=71414758
BNO_CORE_EVENT kind=3 report_seq=77 uart_sequence=4751 sensor_raw=4294963096 sensor_converted=4294963096 xiao_rx=25853593 queue_push=25853594 core_rx=71415915
BNO_CORE_EVENT kind=5 report_seq=77 uart_sequence=4752 sensor_raw=4294963096 sensor_converted=4294963096 xiao_rx=25853601 queue_push=25853603 core_rx=71416973
BNO_CORE_EVENT kind=4 report_seq=39 uart_sequence=4753 sensor_raw=4294957796 sensor_converted=4294957796 xiao_rx=25857566 queue_push=25857569 core_rx=71418022
BNO_CORE_EVENT kind=1 report_seq=242 uart_sequence=4754 sensor_raw=4294960896 sensor_converted=4294960896 xiao_rx=25857579 queue_push=25857582 core_rx=71419641
BNO_CORE_EVENT kind=2 report_seq=156 uart_sequence=4758 sensor_raw=4294964096 sensor_converted=4294964096 xiao_rx=25872934 queue_push=25872944 core_rx=71426450
BNO_CORE_EVENT kind=1 report_seq=243 uart_sequence=4761 sensor_raw=4294949396 sensor_converted=4294949396 xiao_rx=25883723 queue_push=25883728 core_rx=71438489
BNO_CORE_EVENT kind=1 report_seq=244 uart_sequence=4762 sensor_raw=4294957796 sensor_converted=4294957796 xiao_rx=25883742 queue_push=25883744 core_rx=71441199
BNO_CORE_EVENT kind=2 report_seq=157 uart_sequence=4763 sensor_raw=4294958296 sensor_converted=4294958296 xiao_rx=25883754 queue_push=25883757 core_rx=71442403
BNO_CORE_EVENT kind=3 report_seq=78 uart_sequence=4765 sensor_raw=4294958296 sensor_converted=4294958296 xiao_rx=25883768 queue_push=25883770 core_rx=71445343
BNO_CORE_EVENT kind=5 report_seq=78 uart_sequence=4766 sensor_raw=4294958296 sensor_converted=4294958296 xiao_rx=25883777 queue_push=25883778 core_rx=71446397
BNO_CORE_EVENT kind=1 report_seq=245 uart_sequence=4767 sensor_raw=4294965096 sensor_converted=4294965096 xiao_rx=25883785 queue_push=25883787 core_rx=71447424
BNO_CORE_EVENT kind=2 report_seq=158 uart_sequence=4768 sensor_raw=4294957996 sensor_converted=4294957996 xiao_rx=25887792 queue_push=25887795 core_rx=71448452
BNO_CORE_EVENT kind=1 report_seq=246 uart_sequence=4769 sensor_raw=4294962296 sensor_converted=4294962296 xiao_rx=25887816 queue_push=25887818 core_rx=71449507
BNO_CORE_EVENT kind=2 report_seq=159 uart_sequence=4771 sensor_raw=4294964096 sensor_converted=4294964096 xiao_rx=25900191 queue_push=25900201 core_rx=71458514
BNO_CORE_EVENT kind=3 report_seq=79 uart_sequence=4772 sensor_raw=4294964096 sensor_converted=4294964096 xiao_rx=25900221 queue_push=25900223 core_rx=71461137
BNO_CORE_EVENT kind=5 report_seq=79 uart_sequence=4773 sensor_raw=4294951496 sensor_converted=4294951496 xiao_rx=25907646 queue_push=25907648 core_rx=71462182
BNO_CORE_EVENT kind=4 report_seq=40 uart_sequence=4774 sensor_raw=4294951496 sensor_converted=4294951496 xiao_rx=25907657 queue_push=25907658 core_rx=71463240
BNO_CORE_EVENT kind=1 report_seq=247 uart_sequence=4775 sensor_raw=4294953596 sensor_converted=4294953596 xiao_rx=25907665 queue_push=25907667 core_rx=71464765
BNO_CORE_EVENT kind=2 report_seq=160 uart_sequence=4777 sensor_raw=4294961396 sensor_converted=4294961396 xiao_rx=25907673 queue_push=25907675 core_rx=71469778
BNO_CORE_EVENT kind=1 report_seq=248 uart_sequence=4778 sensor_raw=4294961596 sensor_converted=4294961596 xiao_rx=25907681 queue_push=25907683 core_rx=71470928
BNO_CORE_EVENT kind=1 report_seq=249 uart_sequence=4781 sensor_raw=4294961996 sensor_converted=4294961996 xiao_rx=25923922 queue_push=25923929 core_rx=71478490
BNO_CORE_EVENT kind=2 report_seq=161 uart_sequence=4782 sensor_raw=4294963396 sensor_converted=4294963396 xiao_rx=25923956 queue_push=25923959 core_rx=71481192
BNO_CORE_EVENT kind=3 report_seq=80 uart_sequence=4783 sensor_raw=4294963396 sensor_converted=4294963396 xiao_rx=25923970 queue_push=25923972 core_rx=71482389
BNO_CORE_EVENT kind=5 report_seq=80 uart_sequence=4784 sensor_raw=4294963396 sensor_converted=4294963396 xiao_rx=25923978 queue_push=25923980 core_rx=71483498
BNO_CORE_EVENT kind=1 report_seq=250 uart_sequence=4785 sensor_raw=4294954096 sensor_converted=4294954096 xiao_rx=25928239 queue_push=25928242 core_rx=71486278
BNO_CORE_EVENT kind=2 report_seq=162 uart_sequence=4786 sensor_raw=4294957496 sensor_converted=4294957496 xiao_rx=25928255 queue_push=25928257 core_rx=71487444
BNO_CORE_EVENT kind=1 report_seq=251 uart_sequence=4787 sensor_raw=4294961996 sensor_converted=4294961996 xiao_rx=25928263 queue_push=25928265 core_rx=71488525
BNO_CORE_EVENT kind=2 report_seq=163 uart_sequence=4790 sensor_raw=4294962996 sensor_converted=4294962996 xiao_rx=25938783 queue_push=25938789 core_rx=71494319
BNO_CORE_EVENT kind=3 report_seq=81 uart_sequence=4791 sensor_raw=4294962996 sensor_converted=4294962996 xiao_rx=25938813 queue_push=25938815 core_rx=71495528
BNO_CORE_EVENT kind=5 report_seq=81 uart_sequence=4795 sensor_raw=4294952596 sensor_converted=4294952596 xiao_rx=25949893 queue_push=25949901 core_rx=71509513
BNO_CORE_EVENT kind=4 report_seq=41 uart_sequence=4796 sensor_raw=4294952596 sensor_converted=4294952596 xiao_rx=25949931 queue_push=25949932 core_rx=71512152
BNO_CORE_EVENT kind=1 report_seq=252 uart_sequence=4797 sensor_raw=4294954696 sensor_converted=4294954696 xiao_rx=25949939 queue_push=25949940 core_rx=71513204
BNO_CORE_EVENT kind=1 report_seq=253 uart_sequence=4798 sensor_raw=4294962896 sensor_converted=4294962896 xiao_rx=25949947 queue_push=25949949 core_rx=71514265
BNO_CORE_EVENT kind=2 report_seq=164 uart_sequence=4799 sensor_raw=4294962896 sensor_converted=4294962896 xiao_rx=25949956 queue_push=25949959 core_rx=71516248
BNO_CORE_EVENT kind=1 report_seq=254 uart_sequence=4800 sensor_raw=4294959796 sensor_converted=4294959796 xiao_rx=25955929 queue_push=25955933 core_rx=71517309
BNO_CORE_EVENT kind=2 report_seq=165 uart_sequence=4801 sensor_raw=4294961196 sensor_converted=4294961196 xiao_rx=25955954 queue_push=25955955 core_rx=71518361
BNO_CORE_EVENT kind=3 report_seq=82 uart_sequence=4802 sensor_raw=4294961196 sensor_converted=4294961196 xiao_rx=25955967 queue_push=25955968 core_rx=71519421
BNO_CORE_EVENT kind=5 report_seq=82 uart_sequence=4803 sensor_raw=4294961196 sensor_converted=4294961196 xiao_rx=25955975 queue_push=25955976 core_rx=71522015
BNO_CORE_EVENT kind=1 report_seq=255 uart_sequence=4804 sensor_raw=4294961996 sensor_converted=4294961996 xiao_rx=25958460 queue_push=25958464 core_rx=71523130
XIAO UART baud=921600 rx=GPIO8 tx=GPIO9 bytes=1007024 frames=2592 bytes_s=47592 frames_s=488 crc/cobs/len=0/0/0 seqgap=0 age_ms=0 type=7 log=1 q=0 rec=335 final=0
RXDIAG max_us=6554 budget_hits=21 byte/frame/time=21/0/0 rx_buf_max=1092 loop_period_max_us=1174994 loop_exec_max_us=1168663 free_heap=138672 min_free_heap=137904 reset_reason=0 bno_kind_1to5_s=128/101/51/25/51 queue=0 high=13 drops=0
BNO_CORE_EVENT kind=2 report_seq=166 uart_sequence=4809 sensor_raw=4294962596 sensor_converted=4294962596 xiao_rx=25974619 queue_push=25974634 core_rx=71540521
RXDETAIL service_calls=58330 service_bytes_avg=17 service_bytes_max=512 service_frames_avg=0 service_frames_avg_x1000=139 service_frames_max=7 service_bytes_s=47592 service_frames_s=488 rxbuf_full_obs=0 bno_valid=1895 bno_invalid=0 unknown=0 uart_overflow=framework_unavailable trial_rx_bytes=251624 trial_frames=2590 trial_bno=1895 trial_crc/cobs/len=0/0/0
BNO_CORE_EVENT kind=1 report_seq=0 uart_sequence=4810 sensor_raw=4294950596 sensor_converted=4294950596 xiao_rx=25982040 queue_push=25982047 core_rx=71543173
BNO_CORE_EVENT kind=2 report_seq=167 uart_sequence=4811 sensor_raw=4294956896 sensor_converted=4294956896 xiao_rx=25982081 queue_push=25982084 core_rx=71545462
BNO_CORE_EVENT kind=3 report_seq=83 uart_sequence=4812 sensor_raw=4294956896 sensor_converted=4294956896 xiao_rx=25982103 queue_push=25982105 core_rx=71546524
RXTASK mode=decode_count read_calls=58332 zero_reads=50174 read_bytes_max=512 rx_task_max_us=6554 rx_task_continuous_max_us=6554 stack_hwm_min_bytes=4472 cobs_delimiters=8112 rx_current=120 rx_max=1092 rx_full=0 overflow=framework_unavailable
SDTASK max_process_us=117824
BNO_CORE_EVENT kind=5 report_seq=83 uart_sequence=4813 sensor_raw=4294956896 sensor_converted=4294956896 xiao_rx=25982114 queue_push=25982115 core_rx=71549232
BNO_CORE_EVENT kind=4 report_seq=42 uart_sequence=4814 sensor_raw=4294956896 sensor_converted=4294956896 xiao_rx=25982126 queue_push=25982128 core_rx=71550311
BNO_CORE_EVENT kind=1 report_seq=1 uart_sequence=4815 sensor_raw=4294958496 sensor_converted=4294958496 xiao_rx=25982136 queue_push=25982137 core_rx=71551357
BNO_CORE_EVENT kind=1 report_seq=2 uart_sequence=4816 sensor_raw=4294958896 sensor_converted=4294958896 xiao_rx=25986345 queue_push=25986351 core_rx=71552393
BNO_CORE_EVENT kind=2 report_seq=168 uart_sequence=4817 sensor_raw=4294958996 sensor_converted=4294958996 xiao_rx=25986373 queue_push=25986376 core_rx=71553422
BNO_CORE_EVENT kind=1 report_seq=3 uart_sequence=4818 sensor_raw=4294962796 sensor_converted=4294962796 xiao_rx=25988881 queue_push=25988884 core_rx=71554449
BNO_CORE_EVENT kind=2 report_seq=169 uart_sequence=4822 sensor_raw=4294962396 sensor_converted=4294962396 xiao_rx=26005744 queue_push=26005754 core_rx=71561472
BNO_CORE_EVENT kind=3 report_seq=84 uart_sequence=4823 sensor_raw=4294962396 sensor_converted=4294962396 xiao_rx=26005783 queue_push=26005784 core_rx=71564144
BNO_CORE_EVENT kind=5 report_seq=84 uart_sequence=4824 sensor_raw=4294962396 sensor_converted=4294962396 xiao_rx=26005796 queue_push=26005797 core_rx=71565201
BNO_CORE_EVENT kind=1 report_seq=4 uart_sequence=4825 sensor_raw=4294951496 sensor_converted=4294951496 xiao_rx=26010042 queue_push=26010043 core_rx=71566252
BNO_CORE_EVENT kind=2 report_seq=170 uart_sequence=4826 sensor_raw=4294955796 sensor_converted=4294955796 xiao_rx=26010050 queue_push=26010052 core_rx=71568224
BNO_CORE_EVENT kind=1 report_seq=5 uart_sequence=4827 sensor_raw=4294958996 sensor_converted=4294958996 xiao_rx=26010058 queue_push=26010060 core_rx=71569269
BNO_CORE_EVENT kind=2 report_seq=171 uart_sequence=4830 sensor_raw=4294961296 sensor_converted=4294961296 xiao_rx=26022729 queue_push=26022739 core_rx=71578469
BNO_CORE_EVENT kind=3 report_seq=85 uart_sequence=4831 sensor_raw=4294961296 sensor_converted=4294961296 xiao_rx=26022764 queue_push=26022765 core_rx=71581146
BNO_CORE_EVENT kind=5 report_seq=85 uart_sequence=4832 sensor_raw=4294961296 sensor_converted=4294961296 xiao_rx=26022777 queue_push=26022779 core_rx=71582214
BNO_CORE_EVENT kind=4 report_seq=43 uart_sequence=4833 sensor_raw=4294961296 sensor_converted=4294961296 xiao_rx=26022787 queue_push=26022788 core_rx=71583265
BNO_CORE_EVENT kind=1 report_seq=6 uart_sequence=4834 sensor_raw=4294962496 sensor_converted=4294962496 xiao_rx=26022795 queue_push=26022796 core_rx=71585250
BNO_CORE_EVENT kind=1 report_seq=7 uart_sequence=4835 sensor_raw=4294958396 sensor_converted=4294958396 xiao_rx=26027770 queue_push=26027773 core_rx=71586349
BNO_CORE_EVENT kind=2 report_seq=172 uart_sequence=4836 sensor_raw=4294958396 sensor_converted=4294958396 xiao_rx=26027786 queue_push=26027788 core_rx=71587478
BNO_CORE_EVENT kind=1 report_seq=8 uart_sequence=4837 sensor_raw=4294965896 sensor_converted=4294965896 xiao_rx=26027794 queue_push=26027796 core_rx=71588643
BNO_CORE_EVENT kind=2 report_seq=173 uart_sequence=4841 sensor_raw=4294963296 sensor_converted=4294963296 xiao_rx=26040212 queue_push=26040222 core_rx=71597477
BNO_CORE_EVENT kind=3 report_seq=86 uart_sequence=4842 sensor_raw=4294963296 sensor_converted=4294963296 xiao_rx=26040253 queue_push=26040255 core_rx=71599732
BNO_CORE_EVENT kind=5 report_seq=86 uart_sequence=4843 sensor_raw=4294950896 sensor_converted=4294950896 xiao_rx=26046668 queue_push=26046671 core_rx=71600848
BNO_CORE_EVENT kind=1 report_seq=9 uart_sequence=4844 sensor_raw=4294956496 sensor_converted=4294956496 xiao_rx=26046682 queue_push=26046683 core_rx=71601921
BNO_CORE_EVENT kind=2 report_seq=174 uart_sequence=4845 sensor_raw=4294961196 sensor_converted=4294961196 xiao_rx=26046691 queue_push=26046693 core_rx=71603849
BNO_CORE_EVENT kind=1 report_seq=10 uart_sequence=4847 sensor_raw=4294963996 sensor_converted=4294963996 xiao_rx=26046700 queue_push=26046701 core_rx=71605912
BNO_CORE_EVENT kind=2 report_seq=175 uart_sequence=4849 sensor_raw=4294964796 sensor_converted=4294964796 xiao_rx=26056149 queue_push=26056159 core_rx=71613481
BNO_CORE_EVENT kind=3 report_seq=87 uart_sequence=4850 sensor_raw=4294955396 sensor_converted=4294955396 xiao_rx=26062398 queue_push=26062401 core_rx=71616131
BNO_CORE_EVENT kind=5 report_seq=87 uart_sequence=4851 sensor_raw=4294955396 sensor_converted=4294955396 xiao_rx=26062416 queue_push=26062418 core_rx=71617178
BNO_CORE_EVENT kind=4 report_seq=44 uart_sequence=4852 sensor_raw=4294955396 sensor_converted=4294955396 xiao_rx=26062427 queue_push=26062429 core_rx=71618209
BNO_CORE_EVENT kind=1 report_seq=11 uart_sequence=4853 sensor_raw=4294956296 sensor_converted=4294956296 xiao_rx=26062435 queue_push=26062437 core_rx=71620254
BNO_CORE_EVENT kind=1 report_seq=12 uart_sequence=4854 sensor_raw=4294964596 sensor_converted=4294964596 xiao_rx=26062443 queue_push=26062445 core_rx=71621326
BNO_CORE_EVENT kind=2 report_seq=176 uart_sequence=4857 sensor_raw=4294958696 sensor_converted=4294958696 xiao_rx=26071155 queue_push=26071164 core_rx=71633123
BNO_CORE_EVENT kind=1 report_seq=13 uart_sequence=4858 sensor_raw=4294965596 sensor_converted=4294965596 xiao_rx=26071191 queue_push=26071194 core_rx=71634730
BNO_CORE_EVENT kind=2 report_seq=177 uart_sequence=4859 sensor_raw=4294960396 sensor_converted=4294960396 xiao_rx=26077846 queue_push=26077850 core_rx=71635944
BNO_CORE_EVENT kind=3 report_seq=88 uart_sequence=4860 sensor_raw=4294960396 sensor_converted=4294960396 xiao_rx=26077870 queue_push=26077871 core_rx=71637001
BNO_CORE_EVENT kind=5 report_seq=88 uart_sequence=4861 sensor_raw=4294960396 sensor_converted=4294960396 xiao_rx=26077879 queue_push=26077880 core_rx=71639296
BNO_CORE_EVENT kind=1 report_seq=14 uart_sequence=4862 sensor_raw=4294964696 sensor_converted=4294964696 xiao_rx=26077887 queue_push=26077888 core_rx=71640473
BNO_CORE_EVENT kind=2 report_seq=178 uart_sequence=4863 sensor_raw=4294963296 sensor_converted=4294963296 xiao_rx=26081054 queue_push=26081057 core_rx=71641505
BNO_CORE_EVENT kind=1 report_seq=15 uart_sequence=4866 sensor_raw=4294962796 sensor_converted=4294962796 xiao_rx=26094803 queue_push=26094811 core_rx=71647467
BNO_CORE_EVENT kind=2 report_seq=179 uart_sequence=4869 sensor_raw=4294956096 sensor_converted=4294956096 xiao_rx=26102772 queue_push=26102776 core_rx=71660445
BNO_CORE_EVENT kind=3 report_seq=89 uart_sequence=4870 sensor_raw=4294956096 sensor_converted=4294956096 xiao_rx=26102795 queue_push=26102797 core_rx=71663181
BNO_CORE_EVENT kind=5 report_seq=89 uart_sequence=4871 sensor_raw=4294956096 sensor_converted=4294956096 xiao_rx=26102805 queue_push=26102807 core_rx=71664401
BNO_CORE_EVENT kind=4 report_seq=45 uart_sequence=4872 sensor_raw=4294956096 sensor_converted=4294956096 xiao_rx=26102815 queue_push=26102816 core_rx=71665461
BNO_CORE_EVENT kind=1 report_seq=16 uart_sequence=4873 sensor_raw=4294956396 sensor_converted=4294956396 xiao_rx=26102823 queue_push=26102825 core_rx=71668302
BNO_CORE_EVENT kind=1 report_seq=17 uart_sequence=4874 sensor_raw=4294964896 sensor_converted=4294964896 xiao_rx=26102831 queue_push=26102833 core_rx=71669426
BNO_CORE_EVENT kind=2 report_seq=180 uart_sequence=4876 sensor_raw=4294958396 sensor_converted=4294958396 xiao_rx=26106895 queue_push=26106901 core_rx=71671314
BNO_CORE_EVENT kind=1 report_seq=18 uart_sequence=4877 sensor_raw=4294964796 sensor_converted=4294964796 xiao_rx=26106922 queue_push=26106924 core_rx=71672356
BNO_CORE_EVENT kind=2 report_seq=181 uart_sequence=4878 sensor_raw=4294964196 sensor_converted=4294964196 xiao_rx=26109367 queue_push=26109371 core_rx=71674729
BNO_CORE_EVENT kind=3 report_seq=90 uart_sequence=4880 sensor_raw=4294961696 sensor_converted=4294961696 xiao_rx=26125110 queue_push=26125118 core_rx=71676771
BNO_CORE_EVENT kind=5 report_seq=90 uart_sequence=4881 sensor_raw=4294961696 sensor_converted=4294961696 xiao_rx=26125144 queue_push=26125145 core_rx=71679131
BNO_CORE_EVENT kind=1 report_seq=19 uart_sequence=4882 sensor_raw=4294965996 sensor_converted=4294965996 xiao_rx=26125152 queue_push=26125154 core_rx=71680273
BNO_CORE_EVENT kind=2 report_seq=182 uart_sequence=4883 sensor_raw=4294955996 sensor_converted=4294955996 xiao_rx=26130888 queue_push=26130894 core_rx=71682514
BNO_CORE_EVENT kind=1 report_seq=20 uart_sequence=4884 sensor_raw=4294957996 sensor_converted=4294957996 xiao_rx=26130912 queue_push=26130914 core_rx=71683733
BNO_CORE_EVENT kind=2 report_seq=183 uart_sequence=4886 sensor_raw=4294960596 sensor_converted=4294960596 xiao_rx=26138599 queue_push=26138607 core_rx=71694464
BNO_CORE_EVENT kind=3 report_seq=91 uart_sequence=4887 sensor_raw=4294960596 sensor_converted=4294960596 xiao_rx=26138632 queue_push=26138634 core_rx=71697123
BNO_CORE_EVENT kind=1 report_seq=21 uart_sequence=4888 sensor_raw=4294960596 sensor_converted=4294960596 xiao_rx=26138645 queue_push=26138647 core_rx=71698269
BNO_CORE_EVENT kind=5 report_seq=91 uart_sequence=4889 sensor_raw=4294960596 sensor_converted=4294960596 xiao_rx=26138653 queue_push=26138655 core_rx=71699399
BNO_CORE_EVENT kind=4 report_seq=46 uart_sequence=4890 sensor_raw=4294960596 sensor_converted=4294960596 xiao_rx=26138663 queue_push=26138665 core_rx=71701259
BNO_CORE_EVENT kind=1 report_seq=22 uart_sequence=4891 sensor_raw=4294961096 sensor_converted=4294961096 xiao_rx=26143290 queue_push=26143294 core_rx=71702333
BNO_CORE_EVENT kind=2 report_seq=184 uart_sequence=4893 sensor_raw=4294962496 sensor_converted=4294962496 xiao_rx=26143306 queue_push=26143307 core_rx=71704232
BNO_CORE_EVENT kind=1 report_seq=23 uart_sequence=4896 sensor_raw=4294964596 sensor_converted=4294964596 xiao_rx=26156402 queue_push=26156409 core_rx=71712486
BNO_CORE_EVENT kind=2 report_seq=185 uart_sequence=4897 sensor_raw=4294955096 sensor_converted=4294955096 xiao_rx=26161747 queue_push=26161750 core_rx=71716088
BNO_CORE_EVENT kind=3 report_seq=92 uart_sequence=4898 sensor_raw=4294955096 sensor_converted=4294955096 xiao_rx=26161764 queue_push=26161765 core_rx=71718515
BNO_CORE_EVENT kind=5 report_seq=92 uart_sequence=4899 sensor_raw=4294955096 sensor_converted=4294955096 xiao_rx=26161772 queue_push=26161774 core_rx=71719652
BNO_CORE_EVENT kind=1 report_seq=24 uart_sequence=4900 sensor_raw=4294958696 sensor_converted=4294958696 xiao_rx=26161781 queue_push=26161783 core_rx=71720681
BNO_CORE_EVENT kind=2 report_seq=186 uart_sequence=4904 sensor_raw=4294959496 sensor_converted=4294959496 xiao_rx=26169236 queue_push=26169243 core_rx=71735488
BNO_CORE_EVENT kind=1 report_seq=25 uart_sequence=4905 sensor_raw=4294961096 sensor_converted=4294961096 xiao_rx=26169269 queue_push=26169270 core_rx=71737449
BNO_CORE_EVENT kind=1 report_seq=26 uart_sequence=4906 sensor_raw=4294962196 sensor_converted=4294962196 xiao_rx=26176872 queue_push=26176876 core_rx=71738513
BNO_CORE_EVENT kind=2 report_seq=187 uart_sequence=4907 sensor_raw=4294962196 sensor_converted=4294962196 xiao_rx=26176900 queue_push=26176902 core_rx=71740752
BNO_CORE_EVENT kind=3 report_seq=93 uart_sequence=4908 sensor_raw=4294962196 sensor_converted=4294962196 xiao_rx=26176914 queue_push=26176916 core_rx=71741854
BNO_CORE_EVENT kind=5 report_seq=93 uart_sequence=4909 sensor_raw=4294962196 sensor_converted=4294962196 xiao_rx=26176923 queue_push=26176924 core_rx=71742920
BNO_CORE_EVENT kind=4 report_seq=47 uart_sequence=4910 sensor_raw=4294962196 sensor_converted=4294962196 xiao_rx=26176932 queue_push=26176934 core_rx=71743950
BNO_CORE_EVENT kind=1 report_seq=27 uart_sequence=4911 sensor_raw=4294961996 sensor_converted=4294961996 xiao_rx=26181000 queue_push=26181004 core_rx=71745018
BNO_CORE_EVENT kind=2 report_seq=188 uart_sequence=4912 sensor_raw=4294964096 sensor_converted=4294964096 xiao_rx=26181030 queue_push=26181032 core_rx=71746948
BNO_CORE_EVENT kind=1 report_seq=28 uart_sequence=4913 sensor_raw=4294965696 sensor_converted=4294965696 xiao_rx=26184834 queue_push=26184837 core_rx=71748151
BNO_CORE_EVENT kind=2 report_seq=189 uart_sequence=4918 sensor_raw=4294964396 sensor_converted=4294964396 xiao_rx=26198476 queue_push=26198486 core_rx=71759489
BNO_CORE_EVENT kind=3 report_seq=94 uart_sequence=4919 sensor_raw=4294952696 sensor_converted=4294952696 xiao_rx=26206111 queue_push=26206114 core_rx=71762117
BNO_CORE_EVENT kind=5 report_seq=94 uart_sequence=4920 sensor_raw=4294952696 sensor_converted=4294952696 xiao_rx=26206135 queue_push=26206137 core_rx=71763181
BNO_CORE_EVENT kind=1 report_seq=29 uart_sequence=4921 sensor_raw=4294956296 sensor_converted=4294956296 xiao_rx=26206144 queue_push=26206145 core_rx=71764247
BNO_CORE_EVENT kind=2 report_seq=190 uart_sequence=4922 sensor_raw=4294963096 sensor_converted=4294963096 xiao_rx=26206156 queue_push=26206158 core_rx=71765799
BNO_CORE_EVENT kind=1 report_seq=30 uart_sequence=4923 sensor_raw=4294964196 sensor_converted=4294964196 xiao_rx=26206164 queue_push=26206166 core_rx=71766954
BNO_CORE_EVENT kind=1 report_seq=31 uart_sequence=4924 sensor_raw=4294964396 sensor_converted=4294964396 xiao_rx=26208605 queue_push=26208609 core_rx=71767990
BNO_CORE_EVENT kind=2 report_seq=191 uart_sequence=4927 sensor_raw=4294962596 sensor_converted=4294962596 xiao_rx=26224362 queue_push=26224372 core_rx=71775049
BNO_CORE_EVENT kind=3 report_seq=95 uart_sequence=4928 sensor_raw=4294962596 sensor_converted=4294962596 xiao_rx=26224399 queue_push=26224400 core_rx=71776666
BNO_CORE_EVENT kind=5 report_seq=95 uart_sequence=4929 sensor_raw=4294962596 sensor_converted=4294962596 xiao_rx=26224412 queue_push=26224413 core_rx=71778841
BNO_CORE_EVENT kind=4 report_seq=48 uart_sequence=4930 sensor_raw=4294962696 sensor_converted=4294962696 xiao_rx=26224421 queue_push=26224423 core_rx=71780026
BNO_CORE_EVENT kind=1 report_seq=32 uart_sequence=4932 sensor_raw=4294954396 sensor_converted=4294954396 xiao_rx=26232850 queue_push=26232855 core_rx=71794524
BNO_CORE_EVENT kind=2 report_seq=192 uart_sequence=4933 sensor_raw=4294956996 sensor_converted=4294956996 xiao_rx=26232880 queue_push=26232883 core_rx=71797185
BNO_CORE_EVENT kind=1 report_seq=33 uart_sequence=4934 sensor_raw=4294961996 sensor_converted=4294961996 xiao_rx=26232889 queue_push=26232891 core_rx=71799500
BNO_CORE_EVENT kind=2 report_seq=193 uart_sequence=4936 sensor_raw=4294958196 sensor_converted=4294958196 xiao_rx=26238894 queue_push=26238897 core_rx=71803314
BNO_CORE_EVENT kind=3 report_seq=96 uart_sequence=4937 sensor_raw=4294958196 sensor_converted=4294958196 xiao_rx=26238919 queue_push=26238921 core_rx=71804444
BNO_CORE_EVENT kind=5 report_seq=96 uart_sequence=4938 sensor_raw=4294958496 sensor_converted=4294958496 xiao_rx=26238929 queue_push=26238931 core_rx=71805478
BNO_CORE_EVENT kind=1 report_seq=34 uart_sequence=4939 sensor_raw=4294961396 sensor_converted=4294961396 xiao_rx=26238937 queue_push=26238939 core_rx=71806505
BNO_CORE_EVENT kind=2 report_seq=194 uart_sequence=4940 sensor_raw=4294962196 sensor_converted=4294962196 xiao_rx=26243607 queue_push=26243611 core_rx=71807534
BNO_CORE_EVENT kind=1 report_seq=35 uart_sequence=4941 sensor_raw=4294963196 sensor_converted=4294963196 xiao_rx=26243627 queue_push=26243629 core_rx=71808599
BNO_CORE_EVENT kind=1 report_seq=36 uart_sequence=4943 sensor_raw=4294966396 sensor_converted=4294966396 xiao_rx=26256363 queue_push=26256370 core_rx=71813468
BNO_CORE_EVENT kind=2 report_seq=195 uart_sequence=4944 sensor_raw=4294955296 sensor_converted=4294955296 xiao_rx=26262605 queue_push=26262608 core_rx=71816207
BNO_CORE_EVENT kind=3 report_seq=97 uart_sequence=4945 sensor_raw=4294955296 sensor_converted=4294955296 xiao_rx=26262619 queue_push=26262621 core_rx=71817434
BNO_CORE_EVENT kind=5 report_seq=97 uart_sequence=4946 sensor_raw=4294955296 sensor_converted=4294955296 xiao_rx=26262628 queue_push=26262629 core_rx=71818461
BNO_CORE_EVENT kind=4 report_seq=49 uart_sequence=4947 sensor_raw=4294955296 sensor_converted=4294955296 xiao_rx=26262637 queue_push=26262639 core_rx=71821271
BNO_CORE_EVENT kind=1 report_seq=37 uart_sequence=4948 sensor_raw=4294961996 sensor_converted=4294961996 xiao_rx=26262646 queue_push=26262647 core_rx=71822378
BNO_CORE_EVENT kind=2 report_seq=196 uart_sequence=4953 sensor_raw=4294958696 sensor_converted=4294958696 xiao_rx=26277567 queue_push=26277598 core_rx=71840489
BNO_CORE_EVENT kind=1 report_seq=38 uart_sequence=4954 sensor_raw=4294963196 sensor_converted=4294963196 xiao_rx=26277842 queue_push=26277844 core_rx=71843204
BNO_CORE_EVENT kind=2 report_seq=197 uart_sequence=4955 sensor_raw=4294953996 sensor_converted=4294953996 xiao_rx=26285594 queue_push=26285598 core_rx=71844407
BNO_CORE_EVENT kind=3 report_seq=98 uart_sequence=4956 sensor_raw=4294953996 sensor_converted=4294953996 xiao_rx=26285621 queue_push=26285623 core_rx=71845432
BNO_CORE_EVENT kind=5 report_seq=98 uart_sequence=4957 sensor_raw=4294953996 sensor_converted=4294953996 xiao_rx=26285630 queue_push=26285632 core_rx=71848225
BNO_CORE_EVENT kind=1 report_seq=39 uart_sequence=4958 sensor_raw=4294956096 sensor_converted=4294956096 xiao_rx=26285638 queue_push=26285640 core_rx=71849277
BNO_CORE_EVENT kind=2 report_seq=198 uart_sequence=4959 sensor_raw=4294963596 sensor_converted=4294963596 xiao_rx=26285646 queue_push=26285648 core_rx=71850339
BNO_CORE_EVENT kind=1 report_seq=40 uart_sequence=4960 sensor_raw=4294956196 sensor_converted=4294956196 xiao_rx=26289006 queue_push=26289009 core_rx=71851390
BNO_CORE_EVENT kind=1 report_seq=41 uart_sequence=4961 sensor_raw=4294963996 sensor_converted=4294963996 xiao_rx=26289020 queue_push=26289021 core_rx=71852421
BNO_CORE_EVENT kind=2 report_seq=199 uart_sequence=4965 sensor_raw=4294961996 sensor_converted=4294961996 xiao_rx=26303837 queue_push=26303847 core_rx=71859484
BNO_CORE_EVENT kind=3 report_seq=99 uart_sequence=4966 sensor_raw=4294961996 sensor_converted=4294961996 xiao_rx=26303872 queue_push=26303874 core_rx=71862206
BNO_CORE_EVENT kind=5 report_seq=99 uart_sequence=4967 sensor_raw=4294961996 sensor_converted=4294961996 xiao_rx=26303885 queue_push=26303887 core_rx=71863404
BNO_CORE_EVENT kind=4 report_seq=50 uart_sequence=4968 sensor_raw=4294961996 sensor_converted=4294961996 xiao_rx=26303895 queue_push=26303897 core_rx=71864444
BNO_CORE_EVENT kind=1 report_seq=42 uart_sequence=4969 sensor_raw=4294954196 sensor_converted=4294954196 xiao_rx=26308156 queue_push=26308159 core_rx=71867244
BNO_CORE_EVENT kind=2 report_seq=200 uart_sequence=4970 sensor_raw=4294957696 sensor_converted=4294957696 xiao_rx=26308172 queue_push=26308174 core_rx=71868297
BNO_CORE_EVENT kind=1 report_seq=43 uart_sequence=4971 sensor_raw=4294961996 sensor_converted=4294961996 xiao_rx=26308181 queue_push=26308182 core_rx=71869325
BNO_CORE_EVENT kind=2 report_seq=201 uart_sequence=4975 sensor_raw=4294962996 sensor_converted=4294962996 xiao_rx=26322827 queue_push=26322837 core_rx=71875287
BNO_CORE_EVENT kind=3 report_seq=100 uart_sequence=4976 sensor_raw=4294962996 sensor_converted=4294962996 xiao_rx=26322861 queue_push=26322862 core_rx=71876448
BNO_CORE_EVENT kind=5 report_seq=100 uart_sequence=4980 sensor_raw=4294948596 sensor_converted=4294948596 xiao_rx=26332112 queue_push=26332118 core_rx=71896472
BNO_CORE_EVENT kind=1 report_seq=44 uart_sequence=4981 sensor_raw=4294950596 sensor_converted=4294950596 xiao_rx=26332136 queue_push=26332137 core_rx=71897694
BNO_CORE_EVENT kind=1 report_seq=45 uart_sequence=4982 sensor_raw=4294958696 sensor_converted=4294958696 xiao_rx=26332144 queue_push=26332146 core_rx=71899333
BNO_CORE_EVENT kind=2 report_seq=202 uart_sequence=4983 sensor_raw=4294958696 sensor_converted=4294958696 xiao_rx=26332155 queue_push=26332158 core_rx=71900540
BNO_CORE_EVENT kind=1 report_seq=46 uart_sequence=4984 sensor_raw=4294966396 sensor_converted=4294966396 xiao_rx=26332164 queue_push=26332166 core_rx=71901602
BNO_CORE_EVENT kind=2 report_seq=203 uart_sequence=4985 sensor_raw=4294959296 sensor_converted=4294959296 xiao_rx=26339776 queue_push=26339781 core_rx=71903920
BNO_CORE_EVENT kind=3 report_seq=101 uart_sequence=4986 sensor_raw=4294959296 sensor_converted=4294959296 xiao_rx=26339802 queue_push=26339804 core_rx=71905097
BNO_CORE_EVENT kind=5 report_seq=101 uart_sequence=4987 sensor_raw=4294959296 sensor_converted=4294959296 xiao_rx=26339812 queue_push=26339814 core_rx=71906132
BNO_CORE_EVENT kind=4 report_seq=51 uart_sequence=4988 sensor_raw=4294959296 sensor_converted=4294959296 xiao_rx=26339822 queue_push=26339823 core_rx=71907169
BNO_CORE_EVENT kind=1 report_seq=47 uart_sequence=4989 sensor_raw=4294964896 sensor_converted=4294964896 xiao_rx=26339830 queue_push=26339831 core_rx=71908215
BNO_CORE_EVENT kind=2 report_seq=204 uart_sequence=4990 sensor_raw=4294961896 sensor_converted=4294961896 xiao_rx=26344589 queue_push=26344593 core_rx=71909250
BNO_CORE_EVENT kind=1 report_seq=48 uart_sequence=4991 sensor_raw=4294965296 sensor_converted=4294965296 xiao_rx=26344611 queue_push=26344613 core_rx=71911116
BNO_CORE_EVENT kind=2 report_seq=205 uart_sequence=4993 sensor_raw=4294964996 sensor_converted=4294964996 xiao_rx=26358615 queue_push=26358623 core_rx=71912893
BNO_CORE_EVENT kind=3 report_seq=102 uart_sequence=4995 sensor_raw=4294952796 sensor_converted=4294952796 xiao_rx=26367692 queue_push=26367700 core_rx=71922231
BNO_CORE_EVENT kind=5 report_seq=102 uart_sequence=4996 sensor_raw=4294952796 sensor_converted=4294952796 xiao_rx=26367721 queue_push=26367722 core_rx=71925138
BNO_CORE_EVENT kind=1 report_seq=49 uart_sequence=4997 sensor_raw=4294954196 sensor_converted=4294954196 xiao_rx=26367729 queue_push=26367730 core_rx=71926176
BNO_CORE_EVENT kind=1 report_seq=50 uart_sequence=4998 sensor_raw=4294962696 sensor_converted=4294962696 xiao_rx=26367737 queue_push=26367739 core_rx=71927228
BNO_CORE_EVENT kind=2 report_seq=206 uart_sequence=4999 sensor_raw=4294962696 sensor_converted=4294962696 xiao_rx=26367748 queue_push=26367751 core_rx=71928777
BNO_CORE_EVENT kind=1 report_seq=51 uart_sequence=5000 sensor_raw=4294961896 sensor_converted=4294961896 xiao_rx=26372207 queue_push=26372211 core_rx=71929947
BNO_CORE_EVENT kind=2 report_seq=207 uart_sequence=5001 sensor_raw=4294963996 sensor_converted=4294963996 xiao_rx=26372228 queue_push=26372229 core_rx=71931000
BNO_CORE_EVENT kind=3 report_seq=103 uart_sequence=5002 sensor_raw=4294963996 sensor_converted=4294963996 xiao_rx=26372236 queue_push=26372238 core_rx=71932048
BNO_CORE_EVENT kind=5 report_seq=103 uart_sequence=5007 sensor_raw=4294958696 sensor_converted=4294958696 xiao_rx=26388059 queue_push=26388066 core_rx=71942495
BNO_CORE_EVENT kind=4 report_seq=52 uart_sequence=5008 sensor_raw=4294958796 sensor_converted=4294958796 xiao_rx=26388097 queue_push=26388099 core_rx=71945119
BNO_CORE_EVENT kind=1 report_seq=52 uart_sequence=5009 sensor_raw=4294964296 sensor_converted=4294964296 xiao_rx=26388105 queue_push=26388107 core_rx=71946169
BNO_CORE_EVENT kind=2 report_seq=208 uart_sequence=5010 sensor_raw=4294953496 sensor_converted=4294953496 xiao_rx=26391451 queue_push=26391454 core_rx=71947210
BNO_CORE_EVENT kind=1 report_seq=53 uart_sequence=5011 sensor_raw=4294956596 sensor_converted=4294956596 xiao_rx=26391461 queue_push=26391463 core_rx=71948248
BNO_CORE_EVENT kind=2 report_seq=209 uart_sequence=5015 sensor_raw=4294960196 sensor_converted=4294960196 xiao_rx=26401201 queue_push=26401209 core_rx=71956044
BNO_CORE_EVENT kind=3 report_seq=104 uart_sequence=5016 sensor_raw=4294960196 sensor_converted=4294960196 xiao_rx=26401238 queue_push=26401240 core_rx=71958454
BNO_CORE_EVENT kind=5 report_seq=104 uart_sequence=5017 sensor_raw=4294960196 sensor_converted=4294960196 xiao_rx=26401253 queue_push=26401254 core_rx=71959532
BNO_CORE_EVENT kind=1 report_seq=54 uart_sequence=5018 sensor_raw=4294960896 sensor_converted=4294960896 xiao_rx=26401261 queue_push=26401263 core_rx=71961388
BNO_CORE_EVENT kind=1 report_seq=55 uart_sequence=5019 sensor_raw=4294959696 sensor_converted=4294959696 xiao_rx=26405891 queue_push=26405895 core_rx=71962576
BNO_CORE_EVENT kind=2 report_seq=210 uart_sequence=5020 sensor_raw=4294959796 sensor_converted=4294959796 xiao_rx=26405915 queue_push=26405917 core_rx=71963623
BNO_CORE_EVENT kind=1 report_seq=56 uart_sequence=5021 sensor_raw=4294962396 sensor_converted=4294962396 xiao_rx=26415243 queue_push=26415251 core_rx=71965005
BNO_CORE_EVENT kind=4 report_seq=53 uart_sequence=5022 sensor_raw=4294964896 sensor_converted=4294964896 xiao_rx=26415275 queue_push=26415277 core_rx=71967520
BNO_CORE_EVENT kind=2 report_seq=211 uart_sequence=5025 sensor_raw=4294955896 sensor_converted=4294955896 xiao_rx=26425120 queue_push=26425126 core_rx=71976502
BNO_CORE_EVENT kind=3 report_seq=105 uart_sequence=5026 sensor_raw=4294955896 sensor_converted=4294955896 xiao_rx=26425149 queue_push=26425151 core_rx=71979169
BNO_CORE_EVENT kind=5 report_seq=105 uart_sequence=5027 sensor_raw=4294955896 sensor_converted=4294955896 xiao_rx=26425161 queue_push=26425163 core_rx=71980347
BNO_CORE_EVENT kind=1 report_seq=57 uart_sequence=5028 sensor_raw=4294961496 sensor_converted=4294961496 xiao_rx=26425169 queue_push=26425171 core_rx=71981385
BNO_CORE_EVENT kind=2 report_seq=212 uart_sequence=5030 sensor_raw=4294955796 sensor_converted=4294955796 xiao_rx=26433331 queue_push=26433341 core_rx=71991068
BNO_CORE_EVENT kind=1 report_seq=58 uart_sequence=5031 sensor_raw=4294958896 sensor_converted=4294958896 xiao_rx=26433368 queue_push=26433369 core_rx=71993143
BNO_CORE_EVENT kind=2 report_seq=213 uart_sequence=5032 sensor_raw=4294957696 sensor_converted=4294957696 xiao_rx=26440378 queue_push=26440381 core_rx=71995906
BNO_CORE_EVENT kind=3 report_seq=106 uart_sequence=5033 sensor_raw=4294957696 sensor_converted=4294957696 xiao_rx=26440400 queue_push=26440401 core_rx=71997206
BNO_CORE_EVENT kind=5 report_seq=106 uart_sequence=5034 sensor_raw=4294957696 sensor_converted=4294957696 xiao_rx=26440409 queue_push=26440410 core_rx=71998303
BNO_CORE_EVENT kind=1 report_seq=59 uart_sequence=5035 sensor_raw=4294958696 sensor_converted=4294958696 xiao_rx=26440417 queue_push=26440418 core_rx=71999422
BNO_CORE_EVENT kind=1 report_seq=60 uart_sequence=5036 sensor_raw=4294966696 sensor_converted=4294966696 xiao_rx=26440425 queue_push=26440427 core_rx=72000461
BNO_CORE_EVENT kind=2 report_seq=214 uart_sequence=5040 sensor_raw=4294961096 sensor_converted=4294961096 xiao_rx=26454110 queue_push=26454120 core_rx=72007487
BNO_CORE_EVENT kind=1 report_seq=61 uart_sequence=5042 sensor_raw=4294954296 sensor_converted=4294954296 xiao_rx=26462800 queue_push=26462805 core_rx=72021476
BNO_CORE_EVENT kind=2 report_seq=215 uart_sequence=5043 sensor_raw=4294957296 sensor_converted=4294957296 xiao_rx=26462827 queue_push=26462830 core_rx=72024142
BNO_CORE_EVENT kind=3 report_seq=107 uart_sequence=5044 sensor_raw=4294957296 sensor_converted=4294957296 xiao_rx=26462841 queue_push=26462842 core_rx=72025258
BNO_CORE_EVENT kind=5 report_seq=107 uart_sequence=5045 sensor_raw=4294957296 sensor_converted=4294957296 xiao_rx=26462849 queue_push=26462851 core_rx=72026325
BNO_CORE_EVENT kind=4 report_seq=54 uart_sequence=5046 sensor_raw=4294957296 sensor_converted=4294957296 xiao_rx=26462859 queue_push=26462861 core_rx=72027871
BNO_CORE_EVENT kind=1 report_seq=62 uart_sequence=5047 sensor_raw=4294962296 sensor_converted=4294962296 xiao_rx=26462868 queue_push=26462869 core_rx=72029082
BNO_CORE_EVENT kind=2 report_seq=216 uart_sequence=5048 sensor_raw=4294958396 sensor_converted=4294958396 xiao_rx=26467666 queue_push=26467669 core_rx=72030135
BNO_CORE_EVENT kind=1 report_seq=63 uart_sequence=5049 sensor_raw=4294960896 sensor_converted=4294960896 xiao_rx=26467689 queue_push=26467690 core_rx=72031195
BNO_CORE_EVENT kind=2 report_seq=217 uart_sequence=5051 sensor_raw=4294964096 sensor_converted=4294964096 xiao_rx=26471228 queue_push=26471231 core_rx=72033403
BNO_CORE_EVENT kind=3 report_seq=108 uart_sequence=5052 sensor_raw=4294964096 sensor_converted=4294964096 xiao_rx=26471244 queue_push=26471245 core_rx=72034453
BNO_CORE_EVENT kind=5 report_seq=108 uart_sequence=5054 sensor_raw=4294959796 sensor_converted=4294959796 xiao_rx=26484129 queue_push=26484137 core_rx=72037479
BNO_CORE_EVENT kind=1 report_seq=64 uart_sequence=5055 sensor_raw=4294960496 sensor_converted=4294960496 xiao_rx=26484158 queue_push=26484160 core_rx=72038630
BNO_CORE_EVENT kind=1 report_seq=65 uart_sequence=5056 sensor_raw=4294955796 sensor_converted=4294955796 xiao_rx=26489395 queue_push=26489398 core_rx=72040003
BNO_CORE_EVENT kind=2 report_seq=218 uart_sequence=5057 sensor_raw=4294957196 sensor_converted=4294957196 xiao_rx=26489420 queue_push=26489422 core_rx=72041669
BNO_CORE_EVENT kind=1 report_seq=66 uart_sequence=5058 sensor_raw=4294963796 sensor_converted=4294963796 xiao_rx=26489429 queue_push=26489431 core_rx=72042839
BNO_CORE_EVENT kind=2 report_seq=219 uart_sequence=5061 sensor_raw=4294961696 sensor_converted=4294961696 xiao_rx=26499318 queue_push=26499328 core_rx=72055486
BNO_CORE_EVENT kind=3 report_seq=109 uart_sequence=5062 sensor_raw=4294961696 sensor_converted=4294961696 xiao_rx=26499357 queue_push=26499358 core_rx=72058197
BNO_CORE_EVENT kind=5 report_seq=109 uart_sequence=5063 sensor_raw=4294961696 sensor_converted=4294961696 xiao_rx=26499370 queue_push=26499372 core_rx=72059399
BNO_CORE_EVENT kind=4 report_seq=55 uart_sequence=5064 sensor_raw=4294961796 sensor_converted=4294961796 xiao_rx=26499380 queue_push=26499381 core_rx=72060430
BNO_CORE_EVENT kind=1 report_seq=67 uart_sequence=5065 sensor_raw=4294965996 sensor_converted=4294965996 xiao_rx=26499388 queue_push=26499389 core_rx=72061803
BNO_CORE_EVENT kind=2 report_seq=220 uart_sequence=5066 sensor_raw=4294961696 sensor_converted=4294961696 xiao_rx=26504007 queue_push=26504011 core_rx=72062872
BNO_CORE_EVENT kind=1 report_seq=68 uart_sequence=5067 sensor_raw=4294963996 sensor_converted=4294963996 xiao_rx=26504029 queue_push=26504031 core_rx=72063922
BNO_CORE_EVENT kind=2 report_seq=221 uart_sequence=5071 sensor_raw=4294964996 sensor_converted=4294964996 xiao_rx=26517451 queue_push=26517460 core_rx=72075472
BNO_CORE_EVENT kind=3 report_seq=110 uart_sequence=5072 sensor_raw=4294953596 sensor_converted=4294953596 xiao_rx=26524450 queue_push=26524452 core_rx=72078140
BNO_CORE_EVENT kind=5 report_seq=110 uart_sequence=5073 sensor_raw=4294953596 sensor_converted=4294953596 xiao_rx=26524468 queue_push=26524471 core_rx=72079178
BNO_CORE_EVENT kind=1 report_seq=69 uart_sequence=5074 sensor_raw=4294953696 sensor_converted=4294953696 xiao_rx=26524478 queue_push=26524479 core_rx=72080240
BNO_CORE_EVENT kind=1 report_seq=70 uart_sequence=5075 sensor_raw=4294962096 sensor_converted=4294962096 xiao_rx=26524486 queue_push=26524487 core_rx=72081759
BNO_CORE_EVENT kind=2 report_seq=222 uart_sequence=5076 sensor_raw=4294963996 sensor_converted=4294963996 xiao_rx=26524497 queue_push=26524498 core_rx=72082930
BNO_CORE_EVENT kind=1 report_seq=71 uart_sequence=5079 sensor_raw=4294962596 sensor_converted=4294962596 xiao_rx=26535001 queue_push=26535009 core_rx=72089049
BNO_CORE_EVENT kind=2 report_seq=223 uart_sequence=5081 sensor_raw=4294955796 sensor_converted=4294955796 xiao_rx=26541906 queue_push=26541911 core_rx=72097495
BNO_CORE_EVENT kind=3 report_seq=111 uart_sequence=5082 sensor_raw=4294955796 sensor_converted=4294955796 xiao_rx=26541937 queue_push=26541939 core_rx=72100170
BNO_CORE_EVENT kind=5 report_seq=111 uart_sequence=5083 sensor_raw=4294955796 sensor_converted=4294955796 xiao_rx=26541949 queue_push=26541951 core_rx=72101386
BNO_CORE_EVENT kind=4 report_seq=56 uart_sequence=5084 sensor_raw=4294956096 sensor_converted=4294956096 xiao_rx=26541959 queue_push=26541961 core_rx=72102462
BNO_CORE_EVENT kind=1 report_seq=72 uart_sequence=5085 sensor_raw=4294959796 sensor_converted=4294959796 xiao_rx=26541967 queue_push=26541969 core_rx=72105290
BNO_CORE_EVENT kind=2 report_seq=224 uart_sequence=5086 sensor_raw=4294959096 sensor_converted=4294959096 xiao_rx=26546673 queue_push=26546677 core_rx=72106475
BNO_CORE_EVENT kind=1 report_seq=73 uart_sequence=5087 sensor_raw=4294960896 sensor_converted=4294960896 xiao_rx=26546697 queue_push=26546699 core_rx=72107512
BNO_CORE_EVENT kind=1 report_seq=74 uart_sequence=5088 sensor_raw=4294964596 sensor_converted=4294964596 xiao_rx=26557593 queue_push=26557599 core_rx=72113489
BNO_CORE_EVENT kind=2 report_seq=225 uart_sequence=5089 sensor_raw=4294964596 sensor_converted=4294964596 xiao_rx=26557619 queue_push=26557622 core_rx=72116113
BNO_CORE_EVENT kind=3 report_seq=112 uart_sequence=5090 sensor_raw=4294964596 sensor_converted=4294964596 xiao_rx=26557634 queue_push=26557635 core_rx=72117177
BNO_CORE_EVENT kind=5 report_seq=112 uart_sequence=5092 sensor_raw=4294953796 sensor_converted=4294953796 xiao_rx=26563189 queue_push=26563190 core_rx=72121320
BNO_CORE_EVENT kind=1 report_seq=75 uart_sequence=5093 sensor_raw=4294961696 sensor_converted=4294961696 xiao_rx=26563198 queue_push=26563200 core_rx=72122506
BNO_CORE_EVENT kind=2 report_seq=226 uart_sequence=5094 sensor_raw=4294963496 sensor_converted=4294963496 xiao_rx=26563206 queue_push=26563208 core_rx=72124765
BNO_CORE_EVENT kind=1 report_seq=76 uart_sequence=5100 sensor_raw=4294963696 sensor_converted=4294963696 xiao_rx=26577078 queue_push=26577086 core_rx=72135464
BNO_CORE_EVENT kind=2 report_seq=227 uart_sequence=5101 sensor_raw=4294954196 sensor_converted=4294954196 xiao_rx=26584315 queue_push=26584319 core_rx=72138200
BNO_CORE_EVENT kind=3 report_seq=113 uart_sequence=5102 sensor_raw=4294954196 sensor_converted=4294954196 xiao_rx=26584344 queue_push=26584345 core_rx=72139342
BNO_CORE_EVENT kind=5 report_seq=113 uart_sequence=5103 sensor_raw=4294954196 sensor_converted=4294954196 xiao_rx=26584353 queue_push=26584355 core_rx=72141459
BNO_CORE_EVENT kind=1 report_seq=77 uart_sequence=5104 sensor_raw=4294957396 sensor_converted=4294957396 xiao_rx=26584362 queue_push=26584363 core_rx=72144326
BNO_CORE_EVENT kind=4 report_seq=57 uart_sequence=5105 sensor_raw=4294957396 sensor_converted=4294957396 xiao_rx=26584371 queue_push=26584373 core_rx=72145524
BNO_CORE_EVENT kind=2 report_seq=228 uart_sequence=5106 sensor_raw=4294964396 sensor_converted=4294964396 xiao_rx=26584380 queue_push=26584381 core_rx=72146561
BNO_CORE_EVENT kind=1 report_seq=78 uart_sequence=5107 sensor_raw=4294957996 sensor_converted=4294957996 xiao_rx=26594403 queue_push=26594411 core_rx=72148469
BNO_CORE_EVENT kind=1 report_seq=79 uart_sequence=5108 sensor_raw=4294965996 sensor_converted=4294965996 xiao_rx=26594429 queue_push=26594431 core_rx=72149527
BNO_CORE_EVENT kind=2 report_seq=229 uart_sequence=5111 sensor_raw=4294956596 sensor_converted=4294956596 xiao_rx=26601368 queue_push=26601374 core_rx=72157056
BNO_CORE_EVENT kind=3 report_seq=114 uart_sequence=5112 sensor_raw=4294956596 sensor_converted=4294956596 xiao_rx=26601397 queue_push=26601399 core_rx=72159150
BNO_CORE_EVENT kind=5 report_seq=114 uart_sequence=5113 sensor_raw=4294956596 sensor_converted=4294956596 xiao_rx=26601411 queue_push=26601412 core_rx=72162807
BNO_CORE_EVENT kind=1 report_seq=80 uart_sequence=5114 sensor_raw=4294963996 sensor_converted=4294963996 xiao_rx=26601419 queue_push=26601420 core_rx=72164009
BNO_CORE_EVENT kind=2 report_seq=230 uart_sequence=5115 sensor_raw=4294959696 sensor_converted=4294959696 xiao_rx=26606089 queue_push=26606093 core_rx=72165035
BNO_CORE_EVENT kind=1 report_seq=81 uart_sequence=5116 sensor_raw=4294964996 sensor_converted=4294964996 xiao_rx=26606105 queue_push=26606106 core_rx=72166073
BNO_CORE_EVENT kind=4 report_seq=58 uart_sequence=5118 sensor_raw=4294964796 sensor_converted=4294964796 xiao_rx=26616232 queue_push=26616242 core_rx=72172502
BNO_CORE_EVENT kind=2 report_seq=231 uart_sequence=5119 sensor_raw=4294954896 sensor_converted=4294954896 xiao_rx=26621579 queue_push=26621582 core_rx=72175207
BNO_CORE_EVENT kind=3 report_seq=115 uart_sequence=5120 sensor_raw=4294954896 sensor_converted=4294954896 xiao_rx=26621595 queue_push=26621597 core_rx=72176402
BNO_CORE_EVENT kind=5 report_seq=115 uart_sequence=5121 sensor_raw=4294954896 sensor_converted=4294954896 xiao_rx=26621608 queue_push=26621610 core_rx=72177464
BNO_CORE_EVENT kind=1 report_seq=82 uart_sequence=5122 sensor_raw=4294957996 sensor_converted=4294957996 xiao_rx=26621616 queue_push=26621618 core_rx=72180255
BNO_CORE_EVENT kind=2 report_seq=232 uart_sequence=5127 sensor_raw=4294959996 sensor_converted=4294959996 xiao_rx=26633310 queue_push=26633319 core_rx=72197467
BNO_CORE_EVENT kind=1 report_seq=83 uart_sequence=5128 sensor_raw=4294960296 sensor_converted=4294960296 xiao_rx=26633346 queue_push=26633347 core_rx=72198696
BNO_CORE_EVENT kind=1 report_seq=84 uart_sequence=5129 sensor_raw=4294957196 sensor_converted=4294957196 xiao_rx=26640257 queue_push=26640260 core_rx=72200836
BNO_CORE_EVENT kind=2 report_seq=233 uart_sequence=5130 sensor_raw=4294957696 sensor_converted=4294957696 xiao_rx=26640282 queue_push=26640284 core_rx=72202005
BNO_CORE_EVENT kind=3 report_seq=116 uart_sequence=5131 sensor_raw=4294957696 sensor_converted=4294957696 xiao_rx=26640298 queue_push=26640300 core_rx=72203089
BNO_CORE_EVENT kind=5 report_seq=116 uart_sequence=5132 sensor_raw=4294957696 sensor_converted=4294957696 xiao_rx=26640307 queue_push=26640309 core_rx=72204197
BNO_CORE_EVENT kind=1 report_seq=85 uart_sequence=5133 sensor_raw=4294964496 sensor_converted=4294964496 xiao_rx=26640316 queue_push=26640318 core_rx=72205238
BNO_CORE_EVENT kind=2 report_seq=234 uart_sequence=5134 sensor_raw=4294961296 sensor_converted=4294961296 xiao_rx=26644992 queue_push=26644995 core_rx=72206928
BNO_CORE_EVENT kind=1 report_seq=86 uart_sequence=5135 sensor_raw=4294965596 sensor_converted=4294965596 xiao_rx=26645015 queue_push=26645017 core_rx=72208118
BNO_CORE_EVENT kind=2 report_seq=235 uart_sequence=5137 sensor_raw=4294963896 sensor_converted=4294963896 xiao_rx=26657654 queue_push=26657663 core_rx=72211137
BNO_CORE_EVENT kind=3 report_seq=117 uart_sequence=5139 sensor_raw=4294953596 sensor_converted=4294953596 xiao_rx=26666019 queue_push=26666028 core_rx=72220484
BNO_CORE_EVENT kind=5 report_seq=117 uart_sequence=5140 sensor_raw=4294953596 sensor_converted=4294953596 xiao_rx=26666052 queue_push=26666054 core_rx=72223144
BNO_CORE_EVENT kind=4 report_seq=59 uart_sequence=5141 sensor_raw=4294953596 sensor_converted=4294953596 xiao_rx=26666066 queue_push=26666068 core_rx=72224201
BNO_CORE_EVENT kind=1 report_seq=87 uart_sequence=5142 sensor_raw=4294955896 sensor_converted=4294955896 xiao_rx=26666074 queue_push=26666076 core_rx=72225272
BNO_CORE_EVENT kind=2 report_seq=236 uart_sequence=5143 sensor_raw=4294963596 sensor_converted=4294963596 xiao_rx=26666083 queue_push=26666086 core_rx=72226766
BNO_CORE_EVENT kind=1 report_seq=88 uart_sequence=5144 sensor_raw=4294955596 sensor_converted=4294955596 xiao_rx=26669433 queue_push=26669437 core_rx=72227878
BNO_CORE_EVENT kind=1 report_seq=89 uart_sequence=5145 sensor_raw=4294963496 sensor_converted=4294963496 xiao_rx=26669448 queue_push=26669450 core_rx=72228923
BNO_CORE_EVENT kind=2 report_seq=237 uart_sequence=5147 sensor_raw=4294961496 sensor_converted=4294961496 xiao_rx=26681045 queue_push=26681054 core_rx=72237489
BNO_CORE_EVENT kind=3 report_seq=118 uart_sequence=5148 sensor_raw=4294961496 sensor_converted=4294961496 xiao_rx=26681081 queue_push=26681083 core_rx=72240169
BNO_CORE_EVENT kind=5 report_seq=118 uart_sequence=5149 sensor_raw=4294961496 sensor_converted=4294961496 xiao_rx=26681094 queue_push=26681096 core_rx=72241348
BNO_CORE_EVENT kind=1 report_seq=90 uart_sequence=5150 sensor_raw=4294956796 sensor_converted=4294956796 xiao_rx=26686674 queue_push=26686678 core_rx=72242403
BNO_CORE_EVENT kind=2 report_seq=238 uart_sequence=5151 sensor_raw=4294960296 sensor_converted=4294960296 xiao_rx=26686691 queue_push=26686692 core_rx=72243781
BNO_CORE_EVENT kind=1 report_seq=91 uart_sequence=5152 sensor_raw=4294964196 sensor_converted=4294964196 xiao_rx=26686699 queue_push=26686701 core_rx=72244843
BNO_CORE_EVENT kind=2 report_seq=239 uart_sequence=5159 sensor_raw=4294964196 sensor_converted=4294964196 xiao_rx=26698699 queue_push=26698707 core_rx=72259465
BNO_CORE_EVENT kind=3 report_seq=119 uart_sequence=5160 sensor_raw=4294964196 sensor_converted=4294964196 xiao_rx=26698731 queue_push=26698732 core_rx=72262137
BNO_CORE_EVENT kind=5 report_seq=119 uart_sequence=5161 sensor_raw=4294952596 sensor_converted=4294952596 xiao_rx=26706065 queue_push=26706070 core_rx=72263177
BNO_CORE_EVENT kind=4 report_seq=60 uart_sequence=5162 sensor_raw=4294952596 sensor_converted=4294952596 xiao_rx=26706093 queue_push=26706095 core_rx=72264256
BNO_CORE_EVENT kind=1 report_seq=92 uart_sequence=5163 sensor_raw=4294954596 sensor_converted=4294954596 xiao_rx=26706102 queue_push=26706104 core_rx=72265768
BNO_CORE_EVENT kind=1 report_seq=93 uart_sequence=5164 sensor_raw=4294962696 sensor_converted=4294962696 xiao_rx=26706111 queue_push=26706112 core_rx=72266883
BNO_CORE_EVENT kind=2 report_seq=240 uart_sequence=5165 sensor_raw=4294962696 sensor_converted=4294962696 xiao_rx=26706120 queue_push=26706122 core_rx=72267914
BNO_CORE_EVENT kind=1 report_seq=94 uart_sequence=5166 sensor_raw=4294962996 sensor_converted=4294962996 xiao_rx=26708627 queue_push=26708631 core_rx=72268955
BNO_CORE_EVENT kind=2 report_seq=241 uart_sequence=5167 sensor_raw=4294962396 sensor_converted=4294962396 xiao_rx=26721010 queue_push=26721019 core_rx=72277505
BNO_CORE_EVENT kind=3 report_seq=120 uart_sequence=5168 sensor_raw=4294962396 sensor_converted=4294962396 xiao_rx=26721042 queue_push=26721043 core_rx=72280191
BNO_CORE_EVENT kind=5 report_seq=120 uart_sequence=5169 sensor_raw=4294962396 sensor_converted=4294962396 xiao_rx=26721055 queue_push=26721056 core_rx=72281351
BNO_CORE_EVENT kind=1 report_seq=95 uart_sequence=5170 sensor_raw=4294956396 sensor_converted=4294956396 xiao_rx=26726606 queue_push=26726608 core_rx=72282415
BNO_CORE_EVENT kind=2 report_seq=242 uart_sequence=5172 sensor_raw=4294960296 sensor_converted=4294960296 xiao_rx=26726615 queue_push=26726616 core_rx=72285910
BNO_CORE_EVENT kind=1 report_seq=96 uart_sequence=5173 sensor_raw=4294963796 sensor_converted=4294963796 xiao_rx=26726623 queue_push=26726625 core_rx=72286945
BNO_CORE_EVENT kind=2 report_seq=243 uart_sequence=5175 sensor_raw=4294964396 sensor_converted=4294964396 xiao_rx=26737337 queue_push=26737350 core_rx=72298504
BNO_CORE_EVENT kind=3 report_seq=121 uart_sequence=5176 sensor_raw=4294953796 sensor_converted=4294953796 xiao_rx=26745248 queue_push=26745252 core_rx=72301199
BNO_CORE_EVENT kind=5 report_seq=121 uart_sequence=5177 sensor_raw=4294953796 sensor_converted=4294953796 xiao_rx=26745283 queue_push=26745285 core_rx=72302391
BNO_CORE_EVENT kind=4 report_seq=61 uart_sequence=5178 sensor_raw=4294953796 sensor_converted=4294953796 xiao_rx=26745296 queue_push=26745298 core_rx=72303490
BNO_CORE_EVENT kind=1 report_seq=97 uart_sequence=5179 sensor_raw=4294955396 sensor_converted=4294955396 xiao_rx=26745304 queue_push=26745306 core_rx=72306308
BNO_CORE_EVENT kind=1 report_seq=98 uart_sequence=5180 sensor_raw=4294963796 sensor_converted=4294963796 xiao_rx=26745313 queue_push=26745314 core_rx=72307448
BNO_CORE_EVENT kind=2 report_seq=244 uart_sequence=5181 sensor_raw=4294963796 sensor_converted=4294963796 xiao_rx=26745322 queue_push=26745323 core_rx=72308512
BNO_CORE_EVENT kind=1 report_seq=99 uart_sequence=5182 sensor_raw=4294963496 sensor_converted=4294963496 xiao_rx=26747772 queue_push=26747775 core_rx=72309543
BNO_CORE_EVENT kind=2 report_seq=245 uart_sequence=5187 sensor_raw=4294963096 sensor_converted=4294963096 xiao_rx=26764670 queue_push=26764679 core_rx=72319490
BNO_CORE_EVENT kind=3 report_seq=122 uart_sequence=5188 sensor_raw=4294963096 sensor_converted=4294963096 xiao_rx=26764704 queue_push=26764706 core_rx=72320688
BNO_CORE_EVENT kind=5 report_seq=122 uart_sequence=5189 sensor_raw=4294963096 sensor_converted=4294963096 xiao_rx=26764717 queue_push=26764719 core_rx=72321743
BNO_CORE_EVENT kind=1 report_seq=100 uart_sequence=5191 sensor_raw=4294951696 sensor_converted=4294951696 xiao_rx=26771275 queue_push=26771281 core_rx=72334503
BNO_CORE_EVENT kind=2 report_seq=246 uart_sequence=5192 sensor_raw=4294956096 sensor_converted=4294956096 xiao_rx=26771307 queue_push=26771310 core_rx=72337114
BNO_CORE_EVENT kind=1 report_seq=101 uart_sequence=5193 sensor_raw=4294959196 sensor_converted=4294959196 xiao_rx=26771318 queue_push=26771319 core_rx=72338191
BNO_CORE_EVENT kind=2 report_seq=247 uart_sequence=5194 sensor_raw=4294959996 sensor_converted=4294959996 xiao_rx=26778941 queue_push=26778944 core_rx=72339243
BNO_CORE_EVENT kind=3 report_seq=123 uart_sequence=5195 sensor_raw=4294959996 sensor_converted=4294959996 xiao_rx=26778966 queue_push=26778968 core_rx=72340774
BNO_CORE_EVENT kind=5 report_seq=123 uart_sequence=5196 sensor_raw=4294959996 sensor_converted=4294959996 xiao_rx=26778975 queue_push=26778977 core_rx=72341946
BNO_CORE_EVENT kind=4 report_seq=62 uart_sequence=5197 sensor_raw=4294959996 sensor_converted=4294959996 xiao_rx=26778985 queue_push=26778987 core_rx=72342993
BNO_CORE_EVENT kind=1 report_seq=102 uart_sequence=5198 sensor_raw=4294960996 sensor_converted=4294960996 xiao_rx=26778993 queue_push=26778995 core_rx=72344020
BNO_CORE_EVENT kind=1 report_seq=103 uart_sequence=5199 sensor_raw=4294961696 sensor_converted=4294961696 xiao_rx=26783681 queue_push=26783685 core_rx=72345736
BNO_CORE_EVENT kind=2 report_seq=248 uart_sequence=5200 sensor_raw=4294961996 sensor_converted=4294961996 xiao_rx=26783697 queue_push=26783698 core_rx=72346932
BNO_CORE_EVENT kind=1 report_seq=104 uart_sequence=5206 sensor_raw=4294964596 sensor_converted=4294964596 xiao_rx=26796680 queue_push=26796686 core_rx=72357462
BNO_CORE_EVENT kind=2 report_seq=249 uart_sequence=5207 sensor_raw=4294954896 sensor_converted=4294954896 xiao_rx=26802112 queue_push=26802118 core_rx=72359149
BNO_CORE_EVENT kind=3 report_seq=124 uart_sequence=5208 sensor_raw=4294954896 sensor_converted=4294954896 xiao_rx=26802140 queue_push=26802141 core_rx=72360627
BNO_CORE_EVENT kind=5 report_seq=124 uart_sequence=5209 sensor_raw=4294954896 sensor_converted=4294954896 xiao_rx=26802149 queue_push=26802151 core_rx=72361697
BNO_CORE_EVENT kind=1 report_seq=105 uart_sequence=5210 sensor_raw=4294960396 sensor_converted=4294960396 xiao_rx=26802158 queue_push=26802160 core_rx=72362755
BNO_CORE_EVENT kind=2 report_seq=250 uart_sequence=5211 sensor_raw=4294958896 sensor_converted=4294958896 xiao_rx=26806920 queue_push=26806924 core_rx=72365266
BNO_CORE_EVENT kind=1 report_seq=106 uart_sequence=5212 sensor_raw=4294961796 sensor_converted=4294961796 xiao_rx=26806946 queue_push=26806947 core_rx=72366425
BNO_CORE_EVENT kind=2 report_seq=251 uart_sequence=5216 sensor_raw=4294964596 sensor_converted=4294964596 xiao_rx=26818134 queue_push=26818144 core_rx=72386094
BNO_CORE_EVENT kind=3 report_seq=125 uart_sequence=5217 sensor_raw=4294953396 sensor_converted=4294953396 xiao_rx=26826622 queue_push=26826624 core_rx=72388455
BNO_CORE_EVENT kind=5 report_seq=125 uart_sequence=5218 sensor_raw=4294953396 sensor_converted=4294953396 xiao_rx=26826635 queue_push=26826637 core_rx=72389527
BNO_CORE_EVENT kind=4 report_seq=63 uart_sequence=5219 sensor_raw=4294953396 sensor_converted=4294953396 xiao_rx=26826645 queue_push=26826647 core_rx=72391384
BNO_CORE_EVENT kind=1 report_seq=107 uart_sequence=5220 sensor_raw=4294953696 sensor_converted=4294953696 xiao_rx=26826653 queue_push=26826655 core_rx=72392627
BNO_CORE_EVENT kind=1 report_seq=108 uart_sequence=5221 sensor_raw=4294962196 sensor_converted=4294962196 xiao_rx=26826661 queue_push=26826663 core_rx=72393687
BNO_CORE_EVENT kind=2 report_seq=252 uart_sequence=5222 sensor_raw=4294962696 sensor_converted=4294962696 xiao_rx=26826670 queue_push=26826672 core_rx=72395895
BNO_CORE_EVENT kind=1 report_seq=109 uart_sequence=5223 sensor_raw=4294961296 sensor_converted=4294961296 xiao_rx=26830036 queue_push=26830040 core_rx=72396972
BNO_CORE_EVENT kind=2 report_seq=253 uart_sequence=5225 sensor_raw=4294964396 sensor_converted=4294964396 xiao_rx=26830058 queue_push=26830060 core_rx=72398880
BNO_CORE_EVENT kind=3 report_seq=126 uart_sequence=5226 sensor_raw=4294960896 sensor_converted=4294960896 xiao_rx=26835852 queue_push=26835854 core_rx=72399919
BNO_CORE_EVENT kind=5 report_seq=126 uart_sequence=5227 sensor_raw=4294960896 sensor_converted=4294960896 xiao_rx=26835867 queue_push=26835871 core_rx=72400948
BNO_CORE_EVENT kind=1 report_seq=110 uart_sequence=5228 sensor_raw=4294965596 sensor_converted=4294965596 xiao_rx=26835878 queue_push=26835880 core_rx=72402788
BNO_CORE_EVENT kind=2 report_seq=254 uart_sequence=5229 sensor_raw=4294964996 sensor_converted=4294964996 xiao_rx=26849888 queue_push=26849898 core_rx=72403988
BNO_CORE_EVENT kind=1 report_seq=111 uart_sequence=5231 sensor_raw=4294953796 sensor_converted=4294953796 xiao_rx=26858955 queue_push=26858959 core_rx=72416468
BNO_CORE_EVENT kind=2 report_seq=255 uart_sequence=5232 sensor_raw=4294961396 sensor_converted=4294961396 xiao_rx=26858980 queue_push=26858983 core_rx=72419202
BNO_CORE_EVENT kind=3 report_seq=127 uart_sequence=5233 sensor_raw=4294961396 sensor_converted=4294961396 xiao_rx=26858995 queue_push=26858996 core_rx=72420380
BNO_CORE_EVENT kind=5 report_seq=127 uart_sequence=5234 sensor_raw=4294961396 sensor_converted=4294961396 xiao_rx=26859003 queue_push=26859004 core_rx=72421440
BNO_CORE_EVENT kind=4 report_seq=64 uart_sequence=5235 sensor_raw=4294961396 sensor_converted=4294961396 xiao_rx=26859013 queue_push=26859014 core_rx=72424239
BNO_CORE_EVENT kind=1 report_seq=112 uart_sequence=5236 sensor_raw=4294961596 sensor_converted=4294961596 xiao_rx=26859021 queue_push=26859022 core_rx=72425314
BNO_CORE_EVENT kind=1 report_seq=113 uart_sequence=5237 sensor_raw=4294960796 sensor_converted=4294960796 xiao_rx=26863006 queue_push=26863011 core_rx=72426366
BNO_CORE_EVENT kind=2 report_seq=0 uart_sequence=5239 sensor_raw=4294961796 sensor_converted=4294961796 xiao_rx=26863038 queue_push=26863040 core_rx=72428297
BNO_CORE_EVENT kind=1 report_seq=114 uart_sequence=5240 sensor_raw=4294964196 sensor_converted=4294964196 xiao_rx=26866129 queue_push=26866133 core_rx=72430756
BNO_CORE_EVENT kind=2 report_seq=1 uart_sequence=5244 sensor_raw=4294964796 sensor_converted=4294964796 xiao_rx=26882700 queue_push=26882710 core_rx=72440490
BNO_CORE_EVENT kind=3 report_seq=128 uart_sequence=5245 sensor_raw=4294948396 sensor_converted=4294948396 xiao_rx=26889615 queue_push=26889616 core_rx=72443196
BNO_CORE_EVENT kind=5 report_seq=128 uart_sequence=5246 sensor_raw=4294948396 sensor_converted=4294948396 xiao_rx=26889628 queue_push=26889629 core_rx=72444375
BNO_CORE_EVENT kind=1 report_seq=115 uart_sequence=5247 sensor_raw=4294952596 sensor_converted=4294952596 xiao_rx=26889636 queue_push=26889637 core_rx=72445429
BNO_CORE_EVENT kind=2 report_seq=2 uart_sequence=5248 sensor_raw=4294958496 sensor_converted=4294958496 xiao_rx=26889644 queue_push=26889645 core_rx=72446807
BNO_CORE_EVENT kind=1 report_seq=116 uart_sequence=5249 sensor_raw=4294960396 sensor_converted=4294960396 xiao_rx=26889652 queue_push=26889654 core_rx=72447850
BNO_CORE_EVENT kind=2 report_seq=3 uart_sequence=5254 sensor_raw=4294961496 sensor_converted=4294961496 xiao_rx=26903700 queue_push=26903708 core_rx=72463491
BNO_CORE_EVENT kind=3 report_seq=129 uart_sequence=5255 sensor_raw=4294961496 sensor_converted=4294961496 xiao_rx=26903737 queue_push=26903739 core_rx=72466143
BNO_CORE_EVENT kind=1 report_seq=117 uart_sequence=5256 sensor_raw=4294961496 sensor_converted=4294961496 xiao_rx=26903750 queue_push=26903752 core_rx=72467195
BNO_CORE_EVENT kind=5 report_seq=129 uart_sequence=5257 sensor_raw=4294961496 sensor_converted=4294961496 xiao_rx=26903759 queue_push=26903760 core_rx=72468247
BNO_CORE_EVENT kind=4 report_seq=65 uart_sequence=5258 sensor_raw=4294961496 sensor_converted=4294961496 xiao_rx=26903769 queue_push=26903770 core_rx=72469763
BNO_CORE_EVENT kind=1 report_seq=118 uart_sequence=5259 sensor_raw=4294955696 sensor_converted=4294955696 xiao_rx=26908118 queue_push=26908122 core_rx=72470941
BNO_CORE_EVENT kind=2 report_seq=4 uart_sequence=5260 sensor_raw=4294957596 sensor_converted=4294957596 xiao_rx=26908142 queue_push=26908143 core_rx=72471982
BNO_CORE_EVENT kind=1 report_seq=119 uart_sequence=5261 sensor_raw=4294963096 sensor_converted=4294963096 xiao_rx=26908150 queue_push=26908152 core_rx=72473008
BNO_CORE_EVENT kind=2 report_seq=5 uart_sequence=5262 sensor_raw=4294962796 sensor_converted=4294962796 xiao_rx=26912595 queue_push=26912598 core_rx=72474623
BNO_CORE_EVENT kind=3 report_seq=130 uart_sequence=5263 sensor_raw=4294962796 sensor_converted=4294962796 xiao_rx=26912609 queue_push=26912611 core_rx=72475808
BNO_CORE_EVENT kind=5 report_seq=130 uart_sequence=5264 sensor_raw=4294962796 sensor_converted=4294962796 xiao_rx=26912618 queue_push=26912621 core_rx=72476875
BNO_CORE_EVENT kind=1 report_seq=120 uart_sequence=5265 sensor_raw=4294962196 sensor_converted=4294962196 xiao_rx=26925840 queue_push=26925846 core_rx=72479472
BNO_CORE_EVENT kind=2 report_seq=6 uart_sequence=5270 sensor_raw=4294955496 sensor_converted=4294955496 xiao_rx=26935867 queue_push=26935875 core_rx=72497057
BNO_CORE_EVENT kind=1 report_seq=121 uart_sequence=5271 sensor_raw=4294956896 sensor_converted=4294956896 xiao_rx=26935899 queue_push=26935901 core_rx=72498758
BNO_CORE_EVENT kind=1 report_seq=122 uart_sequence=5272 sensor_raw=4294965496 sensor_converted=4294965496 xiao_rx=26935907 queue_push=26935909 core_rx=72500404
BNO_CORE_EVENT kind=2 report_seq=7 uart_sequence=5273 sensor_raw=4294955396 sensor_converted=4294955396 xiao_rx=26942176 queue_push=26942179 core_rx=72501622
BNO_CORE_EVENT kind=3 report_seq=131 uart_sequence=5274 sensor_raw=4294955396 sensor_converted=4294955396 xiao_rx=26942202 queue_push=26942204 core_rx=72502690
BNO_CORE_EVENT kind=5 report_seq=131 uart_sequence=5275 sensor_raw=4294955396 sensor_converted=4294955396 xiao_rx=26942213 queue_push=26942215 core_rx=72504933
BNO_CORE_EVENT kind=4 report_seq=66 uart_sequence=5276 sensor_raw=4294955396 sensor_converted=4294955396 xiao_rx=26942223 queue_push=26942225 core_rx=72506088
BNO_CORE_EVENT kind=1 report_seq=123 uart_sequence=5277 sensor_raw=4294963096 sensor_converted=4294963096 xiao_rx=26942231 queue_push=26942233 core_rx=72507149
BNO_CORE_EVENT kind=2 report_seq=8 uart_sequence=5278 sensor_raw=4294958696 sensor_converted=4294958696 xiao_rx=26946211 queue_push=26946214 core_rx=72508236
BNO_CORE_EVENT kind=1 report_seq=124 uart_sequence=5279 sensor_raw=4294964296 sensor_converted=4294964296 xiao_rx=26946225 queue_push=26946226 core_rx=72509393
BNO_CORE_EVENT kind=2 report_seq=9 uart_sequence=5280 sensor_raw=4294964396 sensor_converted=4294964396 xiao_rx=26957815 queue_push=26957823 core_rx=72511483
BNO_CORE_EVENT kind=3 report_seq=132 uart_sequence=5283 sensor_raw=4294953296 sensor_converted=4294953296 xiao_rx=26965145 queue_push=26965153 core_rx=72516881
BNO_CORE_EVENT kind=5 report_seq=132 uart_sequence=5284 sensor_raw=4294953296 sensor_converted=4294953296 xiao_rx=26965179 queue_push=26965180 core_rx=72517969
BNO_CORE_EVENT kind=1 report_seq=125 uart_sequence=5285 sensor_raw=4294956696 sensor_converted=4294956696 xiao_rx=26965187 queue_push=26965188 core_rx=72519792
BNO_CORE_EVENT kind=2 report_seq=10 uart_sequence=5286 sensor_raw=4294963696 sensor_converted=4294963696 xiao_rx=26965199 queue_push=26965202 core_rx=72520908
BNO_CORE_EVENT kind=1 report_seq=126 uart_sequence=5288 sensor_raw=4294957196 sensor_converted=4294957196 xiao_rx=26972764 queue_push=26972772 core_rx=72535500
BNO_CORE_EVENT kind=1 report_seq=127 uart_sequence=5289 sensor_raw=4294965096 sensor_converted=4294965096 xiao_rx=26972795 queue_push=26972797 core_rx=72538149
BNO_CORE_EVENT kind=2 report_seq=11 uart_sequence=5290 sensor_raw=4294958196 sensor_converted=4294958196 xiao_rx=26979776 queue_push=26979792 core_rx=72539252
BNO_CORE_EVENT kind=3 report_seq=133 uart_sequence=5291 sensor_raw=4294958196 sensor_converted=4294958196 xiao_rx=26979826 queue_push=26979827 core_rx=72540313
BNO_CORE_EVENT kind=5 report_seq=133 uart_sequence=5292 sensor_raw=4294958196 sensor_converted=4294958196 xiao_rx=26979839 queue_push=26979841 core_rx=72542241
BNO_CORE_EVENT kind=4 report_seq=67 uart_sequence=5293 sensor_raw=4294958496 sensor_converted=4294958496 xiao_rx=26979850 queue_push=26979852 core_rx=72543324
BNO_CORE_EVENT kind=1 report_seq=128 uart_sequence=5294 sensor_raw=4294965496 sensor_converted=4294965496 xiao_rx=26979859 queue_push=26979861 core_rx=72544351
BNO_CORE_EVENT kind=2 report_seq=12 uart_sequence=5295 sensor_raw=4294961096 sensor_converted=4294961096 xiao_rx=26984482 queue_push=26984489 core_rx=72545412
BNO_CORE_EVENT kind=1 report_seq=129 uart_sequence=5296 sensor_raw=4294966196 sensor_converted=4294966196 xiao_rx=26984526 queue_push=26984527 core_rx=72548013
XIAO UART baud=921600 rx=GPIO8 tx=GPIO9 bytes=1054996 frames=3087 bytes_s=47972 frames_s=495 crc/cobs/len=0/0/0 seqgap=0 age_ms=4 type=7 log=1 q=0 rec=394 final=0
RXDIAG max_us=6560 budget_hits=24 byte/frame/time=24/0/0 rx_buf_max=1092 loop_period_max_us=1174994 loop_exec_max_us=1168663 free_heap=138672 min_free_heap=137904 reset_reason=0 bno_kind_1to5_s=130/103/51/26/51 queue=0 high=13 drops=0
RXDETAIL service_calls=58751 service_bytes_avg=17 service_bytes_max=512 service_frames_avg=0 service_frames_avg_x1000=146 service_frames_max=7 service_bytes_s=47972 service_frames_s=495 rxbuf_full_obs=0 bno_valid=2256 bno_invalid=0 unknown=0 uart_overflow=framework_unavailable trial_rx_bytes=299596 trial_frames=3085 trial_bno=2256 trial_crc/cobs/len=0/0/0
RXTASK mode=decode_count read_calls=58752 zero_reads=50370 read_bytes_max=512 rx_task_max_us=6560 rx_task_continuous_max_us=6560 stack_hwm_min_bytes=4472 cobs_delimiters=8605 rx_current=0 rx_max=1092 rx_full=0 overflow=framework_unavailable
SDTASK max_process_us=117824
BNO_CORE_EVENT kind=2 report_seq=13 uart_sequence=5304 sensor_raw=4294964396 sensor_converted=4294964396 xiao_rx=27001734 queue_push=27001743 core_rx=72570483
BNO_CORE_EVENT kind=3 report_seq=134 uart_sequence=5305 sensor_raw=4294949396 sensor_converted=4294949396 xiao_rx=27008567 queue_push=27008570 core_rx=72573195
BNO_CORE_EVENT kind=5 report_seq=134 uart_sequence=5306 sensor_raw=4294949396 sensor_converted=4294949396 xiao_rx=27008590 queue_push=27008592 core_rx=72574438
BNO_CORE_EVENT kind=1 report_seq=130 uart_sequence=5307 sensor_raw=4294952296 sensor_converted=4294952296 xiao_rx=27008599 queue_push=27008601 core_rx=72575495
BNO_CORE_EVENT kind=2 report_seq=14 uart_sequence=5308 sensor_raw=4294959796 sensor_converted=4294959796 xiao_rx=27008609 queue_push=27008611 core_rx=72578234
BNO_CORE_EVENT kind=1 report_seq=131 uart_sequence=5309 sensor_raw=4294960296 sensor_converted=4294960296 xiao_rx=27008617 queue_push=27008619 core_rx=72579324
BNO_CORE_EVENT kind=1 report_seq=132 uart_sequence=5310 sensor_raw=4294961296 sensor_converted=4294961296 xiao_rx=27016250 queue_push=27016253 core_rx=72580387
BNO_CORE_EVENT kind=2 report_seq=15 uart_sequence=5312 sensor_raw=4294962296 sensor_converted=4294962296 xiao_rx=27016275 queue_push=27016277 core_rx=72585237
BNO_CORE_EVENT kind=3 report_seq=135 uart_sequence=5313 sensor_raw=4294962296 sensor_converted=4294962296 xiao_rx=27016284 queue_push=27016285 core_rx=72586286
BNO_CORE_EVENT kind=5 report_seq=135 uart_sequence=5314 sensor_raw=4294962296 sensor_converted=4294962296 xiao_rx=27016292 queue_push=27016294 core_rx=72587321
BNO_CORE_EVENT kind=4 report_seq=68 uart_sequence=5315 sensor_raw=4294962696 sensor_converted=4294962696 xiao_rx=27016302 queue_push=27016304 core_rx=72588378
BNO_CORE_EVENT kind=1 report_seq=133 uart_sequence=5316 sensor_raw=4294961696 sensor_converted=4294961696 xiao_rx=27019634 queue_push=27019636 core_rx=72589406
BNO_CORE_EVENT kind=2 report_seq=16 uart_sequence=5317 sensor_raw=4294964796 sensor_converted=4294964796 xiao_rx=27019643 queue_push=27019645 core_rx=72590443
BNO_CORE_EVENT kind=1 report_seq=134 uart_sequence=5320 sensor_raw=4294966096 sensor_converted=4294966096 xiao_rx=27037261 queue_push=27037268 core_rx=72597473
BNO_CORE_EVENT kind=2 report_seq=17 uart_sequence=5321 sensor_raw=4294954096 sensor_converted=4294954096 xiao_rx=27043575 queue_push=27043580 core_rx=72599447
BNO_CORE_EVENT kind=3 report_seq=136 uart_sequence=5322 sensor_raw=4294954096 sensor_converted=4294954096 xiao_rx=27043603 queue_push=27043605 core_rx=72600515
BNO_CORE_EVENT kind=5 report_seq=136 uart_sequence=5323 sensor_raw=4294954096 sensor_converted=4294954096 xiao_rx=27043612 queue_push=27043614 core_rx=72602778
BNO_CORE_EVENT kind=1 report_seq=135 uart_sequence=5324 sensor_raw=4294956396 sensor_converted=4294956396 xiao_rx=27043620 queue_push=27043622 core_rx=72603856
BNO_CORE_EVENT kind=2 report_seq=18 uart_sequence=5325 sensor_raw=4294964196 sensor_converted=4294964196 xiao_rx=27043628 queue_push=27043630 core_rx=72604920
BNO_CORE_EVENT kind=1 report_seq=136 uart_sequence=5326 sensor_raw=4294957796 sensor_converted=4294957796 xiao_rx=27046986 queue_push=27046990 core_rx=72605992
BNO_CORE_EVENT kind=1 report_seq=137 uart_sequence=5327 sensor_raw=4294965796 sensor_converted=4294965796 xiao_rx=27047000 queue_push=27047002 core_rx=72607029
BNO_CORE_EVENT kind=2 report_seq=19 uart_sequence=5333 sensor_raw=4294963896 sensor_converted=4294963896 xiao_rx=27061491 queue_push=27061523 core_rx=72621173
BNO_CORE_EVENT kind=3 report_seq=137 uart_sequence=5334 sensor_raw=4294963896 sensor_converted=4294963896 xiao_rx=27061551 queue_push=27061552 core_rx=72623824
BNO_CORE_EVENT kind=5 report_seq=137 uart_sequence=5335 sensor_raw=4294949396 sensor_converted=4294949396 xiao_rx=27068942 queue_push=27068945 core_rx=72624884
BNO_CORE_EVENT kind=4 report_seq=69 uart_sequence=5336 sensor_raw=4294949696 sensor_converted=4294949696 xiao_rx=27068962 queue_push=27068963 core_rx=72625915
BNO_CORE_EVENT kind=1 report_seq=138 uart_sequence=5337 sensor_raw=4294956196 sensor_converted=4294956196 xiao_rx=27068970 queue_push=27068972 core_rx=72626967
BNO_CORE_EVENT kind=2 report_seq=20 uart_sequence=5338 sensor_raw=4294959796 sensor_converted=4294959796 xiao_rx=27068980 queue_push=27068982 core_rx=72627998
BNO_CORE_EVENT kind=1 report_seq=139 uart_sequence=5339 sensor_raw=4294963796 sensor_converted=4294963796 xiao_rx=27068988 queue_push=27068990 core_rx=72630421
BNO_CORE_EVENT kind=2 report_seq=21 uart_sequence=5340 sensor_raw=4294961896 sensor_converted=4294961896 xiao_rx=27080922 queue_push=27080932 core_rx=72635481
BNO_CORE_EVENT kind=3 report_seq=138 uart_sequence=5341 sensor_raw=4294961896 sensor_converted=4294961896 xiao_rx=27080959 queue_push=27080961 core_rx=72637469
BNO_CORE_EVENT kind=5 report_seq=138 uart_sequence=5342 sensor_raw=4294961996 sensor_converted=4294961996 xiao_rx=27080973 queue_push=27080974 core_rx=72638565
BNO_CORE_EVENT kind=1 report_seq=140 uart_sequence=5343 sensor_raw=4294963996 sensor_converted=4294963996 xiao_rx=27080981 queue_push=27080982 core_rx=72640776
BNO_CORE_EVENT kind=1 report_seq=141 uart_sequence=5344 sensor_raw=4294960396 sensor_converted=4294960396 xiao_rx=27084934 queue_push=27084936 core_rx=72641841
BNO_CORE_EVENT kind=2 report_seq=22 uart_sequence=5345 sensor_raw=4294960396 sensor_converted=4294960396 xiao_rx=27084942 queue_push=27084944 core_rx=72642879
BNO_CORE_EVENT kind=1 report_seq=142 uart_sequence=5349 sensor_raw=4294963696 sensor_converted=4294963696 xiao_rx=27092665 queue_push=27092673 core_rx=72654440
BNO_CORE_EVENT kind=2 report_seq=23 uart_sequence=5350 sensor_raw=4294958696 sensor_converted=4294958696 xiao_rx=27099358 queue_push=27099365 core_rx=72657145
BNO_CORE_EVENT kind=3 report_seq=139 uart_sequence=5351 sensor_raw=4294958696 sensor_converted=4294958696 xiao_rx=27099396 queue_push=27099397 core_rx=72658223
BNO_CORE_EVENT kind=5 report_seq=139 uart_sequence=5352 sensor_raw=4294958696 sensor_converted=4294958696 xiao_rx=27099405 queue_push=27099407 core_rx=72659276
BNO_CORE_EVENT kind=4 report_seq=70 uart_sequence=5353 sensor_raw=4294958996 sensor_converted=4294958996 xiao_rx=27099417 queue_push=27099419 core_rx=72661247
BNO_CORE_EVENT kind=1 report_seq=143 uart_sequence=5354 sensor_raw=4294964896 sensor_converted=4294964896 xiao_rx=27099426 queue_push=27099428 core_rx=72662292
BNO_CORE_EVENT kind=2 report_seq=24 uart_sequence=5355 sensor_raw=4294961696 sensor_converted=4294961696 xiao_rx=27104092 queue_push=27104095 core_rx=72663344
BNO_CORE_EVENT kind=1 report_seq=144 uart_sequence=5356 sensor_raw=4294965496 sensor_converted=4294965496 xiao_rx=27104115 queue_push=27104116 core_rx=72664412
BNO_CORE_EVENT kind=2 report_seq=25 uart_sequence=5362 sensor_raw=4294964396 sensor_converted=4294964396 xiao_rx=27117735 queue_push=27117748 core_rx=72680241
BNO_CORE_EVENT kind=3 report_seq=140 uart_sequence=5363 sensor_raw=4294953196 sensor_converted=4294953196 xiao_rx=27125684 queue_push=27125687 core_rx=72682906
BNO_CORE_EVENT kind=5 report_seq=140 uart_sequence=5364 sensor_raw=4294953196 sensor_converted=4294953196 xiao_rx=27125707 queue_push=27125709 core_rx=72684018
BNO_CORE_EVENT kind=1 report_seq=145 uart_sequence=5365 sensor_raw=4294954996 sensor_converted=4294954996 xiao_rx=27125715 queue_push=27125717 core_rx=72685063
BNO_CORE_EVENT kind=1 report_seq=146 uart_sequence=5366 sensor_raw=4294963296 sensor_converted=4294963296 xiao_rx=27125723 queue_push=27125725 core_rx=72686091
BNO_CORE_EVENT kind=2 report_seq=26 uart_sequence=5367 sensor_raw=4294963296 sensor_converted=4294963296 xiao_rx=27125735 queue_push=27125736 core_rx=72687128
BNO_CORE_EVENT kind=1 report_seq=147 uart_sequence=5368 sensor_raw=4294963096 sensor_converted=4294963096 xiao_rx=27128269 queue_push=27128273 core_rx=72689447
BNO_CORE_EVENT kind=2 report_seq=27 uart_sequence=5370 sensor_raw=4294962596 sensor_converted=4294962596 xiao_rx=27141299 queue_push=27141309 core_rx=72697482
BNO_CORE_EVENT kind=3 report_seq=141 uart_sequence=5371 sensor_raw=4294962596 sensor_converted=4294962596 xiao_rx=27141335 queue_push=27141337 core_rx=72699450
BNO_CORE_EVENT kind=5 report_seq=141 uart_sequence=5372 sensor_raw=4294962596 sensor_converted=4294962596 xiao_rx=27141348 queue_push=27141350 core_rx=72700513
BNO_CORE_EVENT kind=4 report_seq=71 uart_sequence=5373 sensor_raw=4294962696 sensor_converted=4294962696 xiao_rx=27141358 queue_push=27141359 core_rx=72702778
BNO_CORE_EVENT kind=1 report_seq=148 uart_sequence=5374 sensor_raw=4294955596 sensor_converted=4294955596 xiao_rx=27146901 queue_push=27146903 core_rx=72703847
BNO_CORE_EVENT kind=2 report_seq=28 uart_sequence=5375 sensor_raw=4294959996 sensor_converted=4294959996 xiao_rx=27146916 queue_push=27146917 core_rx=72704878
BNO_CORE_EVENT kind=1 report_seq=149 uart_sequence=5376 sensor_raw=4294962896 sensor_converted=4294962896 xiao_rx=27146924 queue_push=27146925 core_rx=72705914
BNO_CORE_EVENT kind=2 report_seq=29 uart_sequence=5378 sensor_raw=4294964196 sensor_converted=4294964196 xiao_rx=27156628 queue_push=27156635 core_rx=72712479
BNO_CORE_EVENT kind=3 report_seq=142 uart_sequence=5379 sensor_raw=4294964196 sensor_converted=4294964196 xiao_rx=27156657 queue_push=27156658 core_rx=72715190
BNO_CORE_EVENT kind=5 report_seq=142 uart_sequence=5380 sensor_raw=4294954396 sensor_converted=4294954396 xiao_rx=27160975 queue_push=27160980 core_rx=72716428
BNO_CORE_EVENT kind=1 report_seq=150 uart_sequence=5381 sensor_raw=4294955596 sensor_converted=4294955596 xiao_rx=27160997 queue_push=27160999 core_rx=72717470
BNO_CORE_EVENT kind=1 report_seq=151 uart_sequence=5382 sensor_raw=4294963796 sensor_converted=4294963796 xiao_rx=27161006 queue_push=27161007 core_rx=72720249
BNO_CORE_EVENT kind=2 report_seq=30 uart_sequence=5386 sensor_raw=4294959796 sensor_converted=4294959796 xiao_rx=27173570 queue_push=27173580 core_rx=72736023
BNO_CORE_EVENT kind=1 report_seq=152 uart_sequence=5387 sensor_raw=4294954496 sensor_converted=4294954496 xiao_rx=27180747 queue_push=27180750 core_rx=72738153
BNO_CORE_EVENT kind=2 report_seq=31 uart_sequence=5388 sensor_raw=4294957596 sensor_converted=4294957596 xiao_rx=27180763 queue_push=27180764 core_rx=72740827
BNO_CORE_EVENT kind=3 report_seq=143 uart_sequence=5389 sensor_raw=4294957596 sensor_converted=4294957596 xiao_rx=27180776 queue_push=27180777 core_rx=72742025
BNO_CORE_EVENT kind=5 report_seq=143 uart_sequence=5390 sensor_raw=4294957596 sensor_converted=4294957596 xiao_rx=27180784 queue_push=27180785 core_rx=72743085
BNO_CORE_EVENT kind=4 report_seq=72 uart_sequence=5391 sensor_raw=4294957596 sensor_converted=4294957596 xiao_rx=27180793 queue_push=27180795 core_rx=72744113
BNO_CORE_EVENT kind=1 report_seq=153 uart_sequence=5392 sensor_raw=4294962896 sensor_converted=4294962896 xiao_rx=27180802 queue_push=27180804 core_rx=72745173
BNO_CORE_EVENT kind=2 report_seq=32 uart_sequence=5393 sensor_raw=4294960196 sensor_converted=4294960196 xiao_rx=27185464 queue_push=27185465 core_rx=72747371
BNO_CORE_EVENT kind=1 report_seq=154 uart_sequence=5394 sensor_raw=4294963296 sensor_converted=4294963296 xiao_rx=27185472 queue_push=27185474 core_rx=72748478
BNO_CORE_EVENT kind=2 report_seq=33 uart_sequence=5398 sensor_raw=4294964596 sensor_converted=4294964596 xiao_rx=27199132 queue_push=27199142 core_rx=72754478
BNO_CORE_EVENT kind=3 report_seq=144 uart_sequence=5400 sensor_raw=4294951796 sensor_converted=4294951796 xiao_rx=27208179 queue_push=27208185 core_rx=72765491
BNO_CORE_EVENT kind=5 report_seq=144 uart_sequence=5401 sensor_raw=4294951796 sensor_converted=4294951796 xiao_rx=27208209 queue_push=27208210 core_rx=72768543
BNO_CORE_EVENT kind=1 report_seq=155 uart_sequence=5402 sensor_raw=4294952696 sensor_converted=4294952696 xiao_rx=27208217 queue_push=27208219 core_rx=72769672
BNO_CORE_EVENT kind=1 report_seq=156 uart_sequence=5403 sensor_raw=4294960996 sensor_converted=4294960996 xiao_rx=27208225 queue_push=27208227 core_rx=72770706
BNO_CORE_EVENT kind=2 report_seq=34 uart_sequence=5404 sensor_raw=4294962296 sensor_converted=4294962296 xiao_rx=27208237 queue_push=27208239 core_rx=72773233
BNO_CORE_EVENT kind=1 report_seq=157 uart_sequence=5405 sensor_raw=4294959796 sensor_converted=4294959796 xiao_rx=27214494 queue_push=27214497 core_rx=72774297
BNO_CORE_EVENT kind=2 report_seq=35 uart_sequence=5406 sensor_raw=4294962696 sensor_converted=4294962696 xiao_rx=27214530 queue_push=27214532 core_rx=72775351
BNO_CORE_EVENT kind=3 report_seq=145 uart_sequence=5407 sensor_raw=4294962696 sensor_converted=4294962696 xiao_rx=27214539 queue_push=27214540 core_rx=72776402
BNO_CORE_EVENT kind=5 report_seq=145 uart_sequence=5408 sensor_raw=4294962696 sensor_converted=4294962696 xiao_rx=27214547 queue_push=27214548 core_rx=72777466
BNO_CORE_EVENT kind=4 report_seq=73 uart_sequence=5409 sensor_raw=4294963196 sensor_converted=4294963196 xiao_rx=27214556 queue_push=27214558 core_rx=72778495
BNO_CORE_EVENT kind=1 report_seq=158 uart_sequence=5415 sensor_raw=4294960596 sensor_converted=4294960596 xiao_rx=27234158 queue_push=27234166 core_rx=72788799
BNO_CORE_EVENT kind=2 report_seq=36 uart_sequence=5418 sensor_raw=4294946696 sensor_converted=4294946696 xiao_rx=27244222 queue_push=27244227 core_rx=72798500
BNO_CORE_EVENT kind=1 report_seq=159 uart_sequence=5419 sensor_raw=4294949196 sensor_converted=4294949196 xiao_rx=27244252 queue_push=27244253 core_rx=72801202
BNO_CORE_EVENT kind=2 report_seq=37 uart_sequence=5420 sensor_raw=4294956896 sensor_converted=4294956896 xiao_rx=27244260 queue_push=27244261 core_rx=72802401
BNO_CORE_EVENT kind=3 report_seq=146 uart_sequence=5421 sensor_raw=4294956896 sensor_converted=4294956896 xiao_rx=27244272 queue_push=27244274 core_rx=72803430
BNO_CORE_EVENT kind=5 report_seq=146 uart_sequence=5422 sensor_raw=4294956896 sensor_converted=4294956896 xiao_rx=27244281 queue_push=27244282 core_rx=72804788
BNO_CORE_EVENT kind=1 report_seq=160 uart_sequence=5423 sensor_raw=4294957096 sensor_converted=4294957096 xiao_rx=27244289 queue_push=27244290 core_rx=72805872
BNO_CORE_EVENT kind=1 report_seq=161 uart_sequence=5424 sensor_raw=4294965496 sensor_converted=4294965496 xiao_rx=27244297 queue_push=27244299 core_rx=72806934
BNO_CORE_EVENT kind=2 report_seq=38 uart_sequence=5425 sensor_raw=4294956696 sensor_converted=4294956696 xiao_rx=27247677 queue_push=27247678 core_rx=72807973
BNO_CORE_EVENT kind=1 report_seq=162 uart_sequence=5426 sensor_raw=4294962896 sensor_converted=4294962896 xiao_rx=27247685 queue_push=27247686 core_rx=72809549
BNO_CORE_EVENT kind=4 report_seq=74 uart_sequence=5429 sensor_raw=4294962996 sensor_converted=4294962996 xiao_rx=27259924 queue_push=27259934 core_rx=72820009
BNO_CORE_EVENT kind=2 report_seq=39 uart_sequence=5430 sensor_raw=4294963096 sensor_converted=4294963096 xiao_rx=27259955 queue_push=27259958 core_rx=72822483
BNO_CORE_EVENT kind=3 report_seq=147 uart_sequence=5431 sensor_raw=4294963096 sensor_converted=4294963096 xiao_rx=27259970 queue_push=27259972 core_rx=72823625
BNO_CORE_EVENT kind=5 report_seq=147 uart_sequence=5432 sensor_raw=4294950896 sensor_converted=4294950896 xiao_rx=27266466 queue_push=27266469 core_rx=72825789
BNO_CORE_EVENT kind=1 report_seq=163 uart_sequence=5433 sensor_raw=4294955096 sensor_converted=4294955096 xiao_rx=27266481 queue_push=27266483 core_rx=72826886
BNO_CORE_EVENT kind=2 report_seq=40 uart_sequence=5434 sensor_raw=4294961296 sensor_converted=4294961296 xiao_rx=27266491 queue_push=27266493 core_rx=72827941
BNO_CORE_EVENT kind=1 report_seq=164 uart_sequence=5435 sensor_raw=4294963096 sensor_converted=4294963096 xiao_rx=27266500 queue_push=27266592 core_rx=72828978
BNO_CORE_EVENT kind=2 report_seq=41 uart_sequence=5436 sensor_raw=4294964396 sensor_converted=4294964396 xiao_rx=27270176 queue_push=27270180 core_rx=72830032
BNO_CORE_EVENT kind=3 report_seq=148 uart_sequence=5437 sensor_raw=4294964396 sensor_converted=4294964396 xiao_rx=27270198 queue_push=27270200 core_rx=72832390
BNO_CORE_EVENT kind=1 report_seq=165 uart_sequence=5440 sensor_raw=4294960796 sensor_converted=4294960796 xiao_rx=27285248 queue_push=27285255 core_rx=72840505
BNO_CORE_EVENT kind=5 report_seq=148 uart_sequence=5441 sensor_raw=4294960796 sensor_converted=4294960796 xiao_rx=27285273 queue_push=27285274 core_rx=72843199
BNO_CORE_EVENT kind=1 report_seq=166 uart_sequence=5442 sensor_raw=4294953996 sensor_converted=4294953996 xiao_rx=27289495 queue_push=27289497 core_rx=72844356
BNO_CORE_EVENT kind=2 report_seq=42 uart_sequence=5443 sensor_raw=4294955896 sensor_converted=4294955896 xiao_rx=27289529 queue_push=27289531 core_rx=72846481
BNO_CORE_EVENT kind=1 report_seq=167 uart_sequence=5444 sensor_raw=4294961896 sensor_converted=4294961896 xiao_rx=27289538 queue_push=27289539 core_rx=72849277
BNO_CORE_EVENT kind=2 report_seq=43 uart_sequence=5448 sensor_raw=4294961296 sensor_converted=4294961296 xiao_rx=27302547 queue_push=27302556 core_rx=72857507
BNO_CORE_EVENT kind=3 report_seq=149 uart_sequence=5449 sensor_raw=4294961296 sensor_converted=4294961296 xiao_rx=27302585 queue_push=27302587 core_rx=72860137
BNO_CORE_EVENT kind=5 report_seq=149 uart_sequence=5450 sensor_raw=4294961296 sensor_converted=4294961296 xiao_rx=27302598 queue_push=27302600 core_rx=72861213
BNO_CORE_EVENT kind=4 report_seq=75 uart_sequence=5451 sensor_raw=4294961396 sensor_converted=4294961396 xiao_rx=27302608 queue_push=27302609 core_rx=72862242
BNO_CORE_EVENT kind=1 report_seq=168 uart_sequence=5452 sensor_raw=4294965096 sensor_converted=4294965096 xiao_rx=27302616 queue_push=27302618 core_rx=72863767
BNO_CORE_EVENT kind=2 report_seq=44 uart_sequence=5453 sensor_raw=4294958696 sensor_converted=4294958696 xiao_rx=27306589 queue_push=27306592 core_rx=72864894
BNO_CORE_EVENT kind=1 report_seq=169 uart_sequence=5454 sensor_raw=4294960096 sensor_converted=4294960096 xiao_rx=27306603 queue_push=27306604 core_rx=72865935
BNO_CORE_EVENT kind=2 report_seq=45 uart_sequence=5455 sensor_raw=4294964196 sensor_converted=4294964196 xiao_rx=27316572 queue_push=27316581 core_rx=72873489
BNO_CORE_EVENT kind=3 report_seq=150 uart_sequence=5456 sensor_raw=4294964196 sensor_converted=4294964196 xiao_rx=27316604 queue_push=27316606 core_rx=72876196
BNO_CORE_EVENT kind=1 report_seq=170 uart_sequence=5457 sensor_raw=4294954396 sensor_converted=4294954396 xiao_rx=27322460 queue_push=27322461 core_rx=72877346
BNO_CORE_EVENT kind=5 report_seq=150 uart_sequence=5458 sensor_raw=4294954396 sensor_converted=4294954396 xiao_rx=27322468 queue_push=27322470 core_rx=72878403
BNO_CORE_EVENT kind=1 report_seq=171 uart_sequence=5459 sensor_raw=4294962296 sensor_converted=4294962296 xiao_rx=27322476 queue_push=27322478 core_rx=72879755
BNO_CORE_EVENT kind=2 report_seq=46 uart_sequence=5461 sensor_raw=4294964296 sensor_converted=4294964296 xiao_rx=27322484 queue_push=27322486 core_rx=72884789
BNO_CORE_EVENT kind=1 report_seq=172 uart_sequence=5467 sensor_raw=4294963896 sensor_converted=4294963896 xiao_rx=27337452 queue_push=27337460 core_rx=72899054
BNO_CORE_EVENT kind=2 report_seq=47 uart_sequence=5468 sensor_raw=4294953896 sensor_converted=4294953896 xiao_rx=27345481 queue_push=27345485 core_rx=72901144
BNO_CORE_EVENT kind=3 report_seq=151 uart_sequence=5469 sensor_raw=4294953896 sensor_converted=4294953896 xiao_rx=27345531 queue_push=27345532 core_rx=72903823
BNO_CORE_EVENT kind=5 report_seq=151 uart_sequence=5470 sensor_raw=4294953896 sensor_converted=4294953896 xiao_rx=27345540 queue_push=27345541 core_rx=72905017
BNO_CORE_EVENT kind=4 report_seq=76 uart_sequence=5471 sensor_raw=4294953896 sensor_converted=4294953896 xiao_rx=27345549 queue_push=27345551 core_rx=72906068
BNO_CORE_EVENT kind=1 report_seq=173 uart_sequence=5472 sensor_raw=4294956996 sensor_converted=4294956996 xiao_rx=27345558 queue_push=27345559 core_rx=72907096
BNO_CORE_EVENT kind=2 report_seq=48 uart_sequence=5473 sensor_raw=4294963896 sensor_converted=4294963896 xiao_rx=27345566 queue_push=27345567 core_rx=72908167
BNO_CORE_EVENT kind=1 report_seq=174 uart_sequence=5474 sensor_raw=4294956696 sensor_converted=4294956696 xiao_rx=27348903 queue_push=27348904 core_rx=72910330
BNO_CORE_EVENT kind=1 report_seq=175 uart_sequence=5475 sensor_raw=4294964496 sensor_converted=4294964496 xiao_rx=27348911 queue_push=27348912 core_rx=72911384
BNO_CORE_EVENT kind=2 report_seq=49 uart_sequence=5478 sensor_raw=4294961996 sensor_converted=4294961996 xiao_rx=27363383 queue_push=27363393 core_rx=72922528
BNO_CORE_EVENT kind=3 report_seq=152 uart_sequence=5479 sensor_raw=4294961996 sensor_converted=4294961996 xiao_rx=27363419 queue_push=27363421 core_rx=72924090
BNO_CORE_EVENT kind=5 report_seq=152 uart_sequence=5480 sensor_raw=4294961996 sensor_converted=4294961996 xiao_rx=27363432 queue_push=27363434 core_rx=72925648
BNO_CORE_EVENT kind=1 report_seq=176 uart_sequence=5481 sensor_raw=4294954996 sensor_converted=4294954996 xiao_rx=27368337 queue_push=27368340 core_rx=72926811
BNO_CORE_EVENT kind=2 report_seq=50 uart_sequence=5482 sensor_raw=4294957796 sensor_converted=4294957796 xiao_rx=27368362 queue_push=27368363 core_rx=72927871
BNO_CORE_EVENT kind=1 report_seq=177 uart_sequence=5483 sensor_raw=4294962896 sensor_converted=4294962896 xiao_rx=27368370 queue_push=27368371 core_rx=72930271
BNO_CORE_EVENT kind=2 report_seq=51 uart_sequence=5484 sensor_raw=4294963096 sensor_converted=4294963096 xiao_rx=27371903 queue_push=27371906 core_rx=72931428
BNO_CORE_EVENT kind=3 report_seq=153 uart_sequence=5485 sensor_raw=4294963096 sensor_converted=4294963096 xiao_rx=27371917 queue_push=27371919 core_rx=72932462
BNO_CORE_EVENT kind=5 report_seq=153 uart_sequence=5486 sensor_raw=4294959496 sensor_converted=4294959496 xiao_rx=27384086 queue_push=27384091 core_rx=72934473
BNO_CORE_EVENT kind=4 report_seq=77 uart_sequence=5487 sensor_raw=4294959496 sensor_converted=4294959496 xiao_rx=27384110 queue_push=27384112 core_rx=72937205
BNO_CORE_EVENT kind=1 report_seq=178 uart_sequence=5488 sensor_raw=4294961796 sensor_converted=4294961796 xiao_rx=27384119 queue_push=27384120 core_rx=72938425
BNO_CORE_EVENT kind=2 report_seq=52 uart_sequence=5494 sensor_raw=4294957096 sensor_converted=4294957096 xiao_rx=27396932 queue_push=27396941 core_rx=72954486
BNO_CORE_EVENT kind=1 report_seq=179 uart_sequence=5495 sensor_raw=4294957596 sensor_converted=4294957596 xiao_rx=27396969 queue_push=27396971 core_rx=72956159
BNO_CORE_EVENT kind=1 report_seq=180 uart_sequence=5496 sensor_raw=4294965496 sensor_converted=4294965496 xiao_rx=27396978 queue_push=27396979 core_rx=72957652
BNO_CORE_EVENT kind=2 report_seq=53 uart_sequence=5497 sensor_raw=4294953696 sensor_converted=4294953696 xiao_rx=27403962 queue_push=27403965 core_rx=72958735
BNO_CORE_EVENT kind=3 report_seq=154 uart_sequence=5498 sensor_raw=4294953696 sensor_converted=4294953696 xiao_rx=27403988 queue_push=27403990 core_rx=72959793
BNO_CORE_EVENT kind=5 report_seq=154 uart_sequence=5499 sensor_raw=4294953696 sensor_converted=4294953696 xiao_rx=27403997 queue_push=27403999 core_rx=72962269
BNO_CORE_EVENT kind=1 report_seq=181 uart_sequence=5500 sensor_raw=4294960896 sensor_converted=4294960896 xiao_rx=27404005 queue_push=27404007 core_rx=72963408
BNO_CORE_EVENT kind=2 report_seq=54 uart_sequence=5501 sensor_raw=4294963796 sensor_converted=4294963796 xiao_rx=27404014 queue_push=27404016 core_rx=72964473
BNO_CORE_EVENT kind=1 report_seq=182 uart_sequence=5503 sensor_raw=4294961496 sensor_converted=4294961496 xiao_rx=27414950 queue_push=27414956 core_rx=72967452
BNO_CORE_EVENT kind=4 report_seq=78 uart_sequence=5505 sensor_raw=4294955696 sensor_converted=4294955696 xiao_rx=27422700 queue_push=27422707 core_rx=72977452
BNO_CORE_EVENT kind=2 report_seq=55 uart_sequence=5506 sensor_raw=4294955696 sensor_converted=4294955696 xiao_rx=27422726 queue_push=27422729 core_rx=72980200
BNO_CORE_EVENT kind=3 report_seq=155 uart_sequence=5507 sensor_raw=4294955696 sensor_converted=4294955696 xiao_rx=27422741 queue_push=27422743 core_rx=72981378
BNO_CORE_EVENT kind=5 report_seq=155 uart_sequence=5508 sensor_raw=4294955696 sensor_converted=4294955696 xiao_rx=27422753 queue_push=27422755 core_rx=72982452
BNO_CORE_EVENT kind=1 report_seq=183 uart_sequence=5509 sensor_raw=4294958196 sensor_converted=4294958196 xiao_rx=27422761 queue_push=27422763 core_rx=72985259
BNO_CORE_EVENT kind=2 report_seq=56 uart_sequence=5511 sensor_raw=4294958896 sensor_converted=4294958896 xiao_rx=27426575 queue_push=27426580 core_rx=72987270
BNO_CORE_EVENT kind=1 report_seq=184 uart_sequence=5512 sensor_raw=4294959396 sensor_converted=4294959396 xiao_rx=27426594 queue_push=27426596 core_rx=72988295
BNO_CORE_EVENT kind=1 report_seq=185 uart_sequence=5515 sensor_raw=4294962596 sensor_converted=4294962596 xiao_rx=27440286 queue_push=27440294 core_rx=72997106
BNO_CORE_EVENT kind=2 report_seq=57 uart_sequence=5516 sensor_raw=4294964196 sensor_converted=4294964196 xiao_rx=27440322 queue_push=27440325 core_rx=72998636
BNO_CORE_EVENT kind=3 report_seq=156 uart_sequence=5517 sensor_raw=4294964196 sensor_converted=4294964196 xiao_rx=27440336 queue_push=27440338 core_rx=73000335
BNO_CORE_EVENT kind=5 report_seq=156 uart_sequence=5518 sensor_raw=4294950596 sensor_converted=4294950596 xiao_rx=27446796 queue_push=27446798 core_rx=73001509
BNO_CORE_EVENT kind=1 report_seq=186 uart_sequence=5519 sensor_raw=4294957196 sensor_converted=4294957196 xiao_rx=27446805 queue_push=27446807 core_rx=73002550
BNO_CORE_EVENT kind=2 report_seq=58 uart_sequence=5520 sensor_raw=4294960896 sensor_converted=4294960896 xiao_rx=27446813 queue_push=27446815 core_rx=73004927
BNO_CORE_EVENT kind=1 report_seq=187 uart_sequence=5521 sensor_raw=4294964696 sensor_converted=4294964696 xiao_rx=27446823 queue_push=27446824 core_rx=73006116
BNO_CORE_EVENT kind=2 report_seq=59 uart_sequence=5526 sensor_raw=4294964096 sensor_converted=4294964096 xiao_rx=27462742 queue_push=27462752 core_rx=73028493
BNO_CORE_EVENT kind=3 report_seq=157 uart_sequence=5527 sensor_raw=4294964096 sensor_converted=4294964096 xiao_rx=27462779 queue_push=27462781 core_rx=73031168
BNO_CORE_EVENT kind=5 report_seq=157 uart_sequence=5528 sensor_raw=4294948296 sensor_converted=4294948296 xiao_rx=27470409 queue_push=27470412 core_rx=73032362
BNO_CORE_EVENT kind=4 report_seq=79 uart_sequence=5529 sensor_raw=4294948296 sensor_converted=4294948296 xiao_rx=27470435 queue_push=27470437 core_rx=73033424
BNO_CORE_EVENT kind=1 report_seq=188 uart_sequence=5530 sensor_raw=4294950096 sensor_converted=4294950096 xiao_rx=27470443 queue_push=27470445 core_rx=73034726
BNO_CORE_EVENT kind=1 report_seq=189 uart_sequence=5531 sensor_raw=4294958396 sensor_converted=4294958396 xiao_rx=27470451 queue_push=27470453 core_rx=73035788
BNO_CORE_EVENT kind=2 report_seq=60 uart_sequence=5532 sensor_raw=4294958396 sensor_converted=4294958396 xiao_rx=27470461 queue_push=27470462 core_rx=73036840
BNO_CORE_EVENT kind=1 report_seq=190 uart_sequence=5533 sensor_raw=4294965996 sensor_converted=4294965996 xiao_rx=27470469 queue_push=27470470 core_rx=73037901
BNO_CORE_EVENT kind=2 report_seq=61 uart_sequence=5534 sensor_raw=4294960396 sensor_converted=4294960396 xiao_rx=27477113 queue_push=27477116 core_rx=73040007
BNO_CORE_EVENT kind=3 report_seq=158 uart_sequence=5535 sensor_raw=4294960396 sensor_converted=4294960396 xiao_rx=27477127 queue_push=27477129 core_rx=73041059
BNO_CORE_EVENT kind=5 report_seq=158 uart_sequence=5536 sensor_raw=4294960396 sensor_converted=4294960396 xiao_rx=27477136 queue_push=27477139 core_rx=73042087
BNO_CORE_EVENT kind=1 report_seq=191 uart_sequence=5537 sensor_raw=4294966196 sensor_converted=4294966196 xiao_rx=27477145 queue_push=27477147 core_rx=73043125
BNO_CORE_EVENT kind=2 report_seq=62 uart_sequence=5539 sensor_raw=4294963696 sensor_converted=4294963696 xiao_rx=27494389 queue_push=27494399 core_rx=73047200
BNO_CORE_EVENT kind=1 report_seq=192 uart_sequence=5542 sensor_raw=4294950396 sensor_converted=4294950396 xiao_rx=27503750 queue_push=27503756 core_rx=73054509
BNO_CORE_EVENT kind=2 report_seq=63 uart_sequence=5543 sensor_raw=4294956196 sensor_converted=4294956196 xiao_rx=27503780 queue_push=27503783 core_rx=73057198
BNO_CORE_EVENT kind=3 report_seq=159 uart_sequence=5544 sensor_raw=4294956196 sensor_converted=4294956196 xiao_rx=27503794 queue_push=27503796 core_rx=73058404
BNO_CORE_EVENT kind=5 report_seq=159 uart_sequence=5545 sensor_raw=4294956196 sensor_converted=4294956196 xiao_rx=27503802 queue_push=27503804 core_rx=73059434
BNO_CORE_EVENT kind=4 report_seq=80 uart_sequence=5546 sensor_raw=4294956196 sensor_converted=4294956196 xiao_rx=27503812 queue_push=27503814 core_rx=73060731
BNO_CORE_EVENT kind=1 report_seq=193 uart_sequence=5547 sensor_raw=4294957596 sensor_converted=4294957596 xiao_rx=27503821 queue_push=27503823 core_rx=73061799
BNO_CORE_EVENT kind=1 report_seq=194 uart_sequence=5548 sensor_raw=4294965496 sensor_converted=4294965496 xiao_rx=27503829 queue_push=27503831 core_rx=73062835
BNO_CORE_EVENT kind=2 report_seq=64 uart_sequence=5552 sensor_raw=4294957096 sensor_converted=4294957096 xiao_rx=27516366 queue_push=27516375 core_rx=73076470
BNO_CORE_EVENT kind=1 report_seq=195 uart_sequence=5553 sensor_raw=4294964596 sensor_converted=4294964596 xiao_rx=27516394 queue_push=27516396 core_rx=73079121
BNO_CORE_EVENT kind=2 report_seq=65 uart_sequence=5554 sensor_raw=4294954396 sensor_converted=4294954396 xiao_rx=27522638 queue_push=27522641 core_rx=73080188
BNO_CORE_EVENT kind=3 report_seq=160 uart_sequence=5555 sensor_raw=4294954396 sensor_converted=4294954396 xiao_rx=27522664 queue_push=27522666 core_rx=73081246
BNO_CORE_EVENT kind=5 report_seq=160 uart_sequence=5556 sensor_raw=4294954396 sensor_converted=4294954396 xiao_rx=27522674 queue_push=27522676 core_rx=73082757
BNO_CORE_EVENT kind=1 report_seq=196 uart_sequence=5557 sensor_raw=4294960296 sensor_converted=4294960296 xiao_rx=27522682 queue_push=27522684 core_rx=73083904
BNO_CORE_EVENT kind=2 report_seq=66 uart_sequence=5558 sensor_raw=4294964396 sensor_converted=4294964396 xiao_rx=27522691 queue_push=27522692 core_rx=73084940
BNO_CORE_EVENT kind=1 report_seq=197 uart_sequence=5559 sensor_raw=4294961696 sensor_converted=4294961696 xiao_rx=27525770 queue_push=27525774 core_rx=73085978
BNO_CORE_EVENT kind=2 report_seq=67 uart_sequence=5562 sensor_raw=4294964596 sensor_converted=4294964596 xiao_rx=27535492 queue_push=27535538 core_rx=73097507
BNO_CORE_EVENT kind=3 report_seq=161 uart_sequence=5563 sensor_raw=4294955296 sensor_converted=4294955296 xiao_rx=27541939 queue_push=27541942 core_rx=73100139
BNO_CORE_EVENT kind=5 report_seq=161 uart_sequence=5564 sensor_raw=4294955296 sensor_converted=4294955296 xiao_rx=27541967 queue_push=27541968 core_rx=73101178
BNO_CORE_EVENT kind=4 report_seq=81 uart_sequence=5565 sensor_raw=4294955296 sensor_converted=4294955296 xiao_rx=27541981 queue_push=27541982 core_rx=73102240
BNO_CORE_EVENT kind=1 report_seq=198 uart_sequence=5566 sensor_raw=4294956496 sensor_converted=4294956496 xiao_rx=27541989 queue_push=27541990 core_rx=73103756
BNO_CORE_EVENT kind=1 report_seq=199 uart_sequence=5567 sensor_raw=4294964896 sensor_converted=4294964896 xiao_rx=27541997 queue_push=27541999 core_rx=73104920
BNO_CORE_EVENT kind=2 report_seq=68 uart_sequence=5568 sensor_raw=4294958896 sensor_converted=4294958896 xiao_rx=27546710 queue_push=27546712 core_rx=73105979
BNO_CORE_EVENT kind=1 report_seq=200 uart_sequence=5569 sensor_raw=4294965996 sensor_converted=4294965996 xiao_rx=27546718 queue_push=27546720 core_rx=73107036
BNO_CORE_EVENT kind=2 report_seq=69 uart_sequence=5573 sensor_raw=4294964596 sensor_converted=4294964596 xiao_rx=27563220 queue_push=27563238 core_rx=73120497
BNO_CORE_EVENT kind=3 report_seq=162 uart_sequence=5574 sensor_raw=4294964596 sensor_converted=4294964596 xiao_rx=27563283 queue_push=27563285 core_rx=73123200
BNO_CORE_EVENT kind=5 report_seq=162 uart_sequence=5575 sensor_raw=4294947996 sensor_converted=4294947996 xiao_rx=27569091 queue_push=27569094 core_rx=73124389
BNO_CORE_EVENT kind=1 report_seq=201 uart_sequence=5576 sensor_raw=4294952496 sensor_converted=4294952496 xiao_rx=27569110 queue_push=27569112 core_rx=73125483
BNO_CORE_EVENT kind=2 report_seq=70 uart_sequence=5577 sensor_raw=4294957796 sensor_converted=4294957796 xiao_rx=27569122 queue_push=27569124 core_rx=73128281
BNO_CORE_EVENT kind=1 report_seq=202 uart_sequence=5578 sensor_raw=4294960396 sensor_converted=4294960396 xiao_rx=27569130 queue_push=27569132 core_rx=73129486
BNO_CORE_EVENT kind=2 report_seq=71 uart_sequence=5582 sensor_raw=4294962196 sensor_converted=4294962196 xiao_rx=27586031 queue_push=27586041 core_rx=73143516
BNO_CORE_EVENT kind=3 report_seq=163 uart_sequence=5583 sensor_raw=4294962196 sensor_converted=4294962196 xiao_rx=27586068 queue_push=27586069 core_rx=73146142
BNO_CORE_EVENT kind=5 report_seq=163 uart_sequence=5584 sensor_raw=4294962196 sensor_converted=4294962196 xiao_rx=27586081 queue_push=27586082 core_rx=73147195
BNO_CORE_EVENT kind=4 report_seq=82 uart_sequence=5585 sensor_raw=4294962196 sensor_converted=4294962196 xiao_rx=27586093 queue_push=27586095 core_rx=73148250
BNO_CORE_EVENT kind=1 report_seq=203 uart_sequence=5586 sensor_raw=4294962496 sensor_converted=4294962496 xiao_rx=27586102 queue_push=27586103 core_rx=73149784
BNO_CORE_EVENT kind=1 report_seq=204 uart_sequence=5587 sensor_raw=4294954096 sensor_converted=4294954096 xiao_rx=27592245 queue_push=27592249 core_rx=73150942
BNO_CORE_EVENT kind=2 report_seq=72 uart_sequence=5589 sensor_raw=4294955296 sensor_converted=4294955296 xiao_rx=27592264 queue_push=27592266 core_rx=73152888
BNO_CORE_EVENT kind=1 report_seq=205 uart_sequence=5590 sensor_raw=4294961596 sensor_converted=4294961596 xiao_rx=27592273 queue_push=27592275 core_rx=73154634
BNO_CORE_EVENT kind=2 report_seq=73 uart_sequence=5591 sensor_raw=4294964796 sensor_converted=4294964796 xiao_rx=27592281 queue_push=27592283 core_rx=73155790
BNO_CORE_EVENT kind=3 report_seq=164 uart_sequence=5593 sensor_raw=4294958596 sensor_converted=4294958596 xiao_rx=27607451 queue_push=27607460 core_rx=73163506
BNO_CORE_EVENT kind=5 report_seq=164 uart_sequence=5594 sensor_raw=4294958596 sensor_converted=4294958596 xiao_rx=27607486 queue_push=27607487 core_rx=73166234
BNO_CORE_EVENT kind=1 report_seq=206 uart_sequence=5595 sensor_raw=4294963096 sensor_converted=4294963096 xiao_rx=27607494 queue_push=27607496 core_rx=73168476
BNO_CORE_EVENT kind=2 report_seq=74 uart_sequence=5596 sensor_raw=4294953696 sensor_converted=4294953696 xiao_rx=27612838 queue_push=27612841 core_rx=73169542
BNO_CORE_EVENT kind=1 report_seq=207 uart_sequence=5597 sensor_raw=4294955796 sensor_converted=4294955796 xiao_rx=27612847 queue_push=27612849 core_rx=73172283
BNO_CORE_EVENT kind=2 report_seq=75 uart_sequence=5598 sensor_raw=4294963596 sensor_converted=4294963596 xiao_rx=27612855 queue_push=27612857 core_rx=73173495
BNO_CORE_EVENT kind=3 report_seq=165 uart_sequence=5599 sensor_raw=4294963596 sensor_converted=4294963596 xiao_rx=27612864 queue_push=27612865 core_rx=73174524
BNO_CORE_EVENT kind=5 report_seq=165 uart_sequence=5604 sensor_raw=4294958196 sensor_converted=4294958196 xiao_rx=27628151 queue_push=27628159 core_rx=73185770
BNO_CORE_EVENT kind=4 report_seq=83 uart_sequence=5605 sensor_raw=4294958196 sensor_converted=4294958196 xiao_rx=27628187 queue_push=27628188 core_rx=73187452
BNO_CORE_EVENT kind=1 report_seq=208 uart_sequence=5606 sensor_raw=4294958296 sensor_converted=4294958296 xiao_rx=27628195 queue_push=27628197 core_rx=73188603
BNO_CORE_EVENT kind=1 report_seq=209 uart_sequence=5607 sensor_raw=4294966196 sensor_converted=4294966196 xiao_rx=27628203 queue_push=27628205 core_rx=73189669
BNO_CORE_EVENT kind=2 report_seq=76 uart_sequence=5608 sensor_raw=4294953096 sensor_converted=4294953096 xiao_rx=27634717 queue_push=27634722 core_rx=73192055
BNO_CORE_EVENT kind=1 report_seq=210 uart_sequence=5609 sensor_raw=4294959296 sensor_converted=4294959296 xiao_rx=27634742 queue_push=27634743 core_rx=73193250
BNO_CORE_EVENT kind=2 report_seq=77 uart_sequence=5610 sensor_raw=4294962796 sensor_converted=4294962796 xiao_rx=27634750 queue_push=27634752 core_rx=73194330
BNO_CORE_EVENT kind=3 report_seq=166 uart_sequence=5611 sensor_raw=4294962796 sensor_converted=4294962796 xiao_rx=27634763 queue_push=27634765 core_rx=73195359
BNO_CORE_EVENT kind=5 report_seq=166 uart_sequence=5612 sensor_raw=4294962796 sensor_converted=4294962796 xiao_rx=27634771 queue_push=27634773 core_rx=73197780
BNO_CORE_EVENT kind=1 report_seq=211 uart_sequence=5616 sensor_raw=4294959996 sensor_converted=4294959996 xiao_rx=27647996 queue_push=27648003 core_rx=73209490
BNO_CORE_EVENT kind=2 report_seq=78 uart_sequence=5617 sensor_raw=4294952796 sensor_converted=4294952796 xiao_rx=27654967 queue_push=27654972 core_rx=73211180
BNO_CORE_EVENT kind=1 report_seq=212 uart_sequence=5618 sensor_raw=4294954796 sensor_converted=4294954796 xiao_rx=27654989 queue_push=27654991 core_rx=73212659
BNO_CORE_EVENT kind=1 report_seq=213 uart_sequence=5619 sensor_raw=4294962896 sensor_converted=4294962896 xiao_rx=27654998 queue_push=27654999 core_rx=73213727
BNO_CORE_EVENT kind=2 report_seq=79 uart_sequence=5620 sensor_raw=4294962896 sensor_converted=4294962896 xiao_rx=27655006 queue_push=27655008 core_rx=73214786
BNO_CORE_EVENT kind=3 report_seq=167 uart_sequence=5621 sensor_raw=4294962896 sensor_converted=4294962896 xiao_rx=27655021 queue_push=27655023 core_rx=73217294
BNO_CORE_EVENT kind=5 report_seq=167 uart_sequence=5622 sensor_raw=4294955996 sensor_converted=4294955996 xiao_rx=27659286 queue_push=27659290 core_rx=73218455
BNO_CORE_EVENT kind=4 report_seq=84 uart_sequence=5624 sensor_raw=4294955996 sensor_converted=4294955996 xiao_rx=27659304 queue_push=27659306 core_rx=73220360
BNO_CORE_EVENT kind=1 report_seq=214 uart_sequence=5625 sensor_raw=4294963596 sensor_converted=4294963596 xiao_rx=27659312 queue_push=27659314 core_rx=73223049
BNO_CORE_EVENT kind=2 report_seq=80 uart_sequence=5627 sensor_raw=4294961296 sensor_converted=4294961296 xiao_rx=27672637 queue_push=27672646 core_rx=73225635
BNO_CORE_EVENT kind=1 report_seq=215 uart_sequence=5629 sensor_raw=4294953996 sensor_converted=4294953996 xiao_rx=27679958 queue_push=27679963 core_rx=73238464
BNO_CORE_EVENT kind=2 report_seq=81 uart_sequence=5630 sensor_raw=4294958296 sensor_converted=4294958296 xiao_rx=27679983 queue_push=27679986 core_rx=73241123
BNO_CORE_EVENT kind=3 report_seq=168 uart_sequence=5631 sensor_raw=4294958296 sensor_converted=4294958296 xiao_rx=27679997 queue_push=27679998 core_rx=73242194
BNO_CORE_EVENT kind=5 report_seq=168 uart_sequence=5632 sensor_raw=4294958296 sensor_converted=4294958296 xiao_rx=27680005 queue_push=27680007 core_rx=73243256
BNO_CORE_EVENT kind=1 report_seq=216 uart_sequence=5633 sensor_raw=4294961696 sensor_converted=4294961696 xiao_rx=27680013 queue_push=27680015 core_rx=73244778
BNO_CORE_EVENT kind=2 report_seq=82 uart_sequence=5634 sensor_raw=4294961296 sensor_converted=4294961296 xiao_rx=27685692 queue_push=27685696 core_rx=73245945
BNO_CORE_EVENT kind=1 report_seq=217 uart_sequence=5635 sensor_raw=4294962496 sensor_converted=4294962496 xiao_rx=27685715 queue_push=27685717 core_rx=73247016
BNO_CORE_EVENT kind=1 report_seq=218 uart_sequence=5636 sensor_raw=4294965296 sensor_converted=4294965296 xiao_rx=27688166 queue_push=27688169 core_rx=73248075
BNO_CORE_EVENT kind=2 report_seq=83 uart_sequence=5641 sensor_raw=4294962596 sensor_converted=4294962596 xiao_rx=27704469 queue_push=27704479 core_rx=73255116
BNO_CORE_EVENT kind=3 report_seq=169 uart_sequence=5642 sensor_raw=4294962596 sensor_converted=4294962596 xiao_rx=27704530 queue_push=27704531 core_rx=73256673
BNO_CORE_EVENT kind=5 report_seq=169 uart_sequence=5643 sensor_raw=4294962896 sensor_converted=4294962896 xiao_rx=27704543 queue_push=27704545 core_rx=73258488
BNO_CORE_EVENT kind=4 report_seq=85 uart_sequence=5644 sensor_raw=4294962896 sensor_converted=4294962896 xiao_rx=27704553 queue_push=27704554 core_rx=73259689
BNO_CORE_EVENT kind=1 report_seq=219 uart_sequence=5645 sensor_raw=4294953696 sensor_converted=4294953696 xiao_rx=27712853 queue_push=27712857 core_rx=73263029
BNO_CORE_EVENT kind=2 report_seq=84 uart_sequence=5646 sensor_raw=4294956096 sensor_converted=4294956096 xiao_rx=27712877 queue_push=27712880 core_rx=73264726
BNO_CORE_EVENT kind=1 report_seq=220 uart_sequence=5647 sensor_raw=4294961596 sensor_converted=4294961596 xiao_rx=27712886 queue_push=27712888 core_rx=73265875
BNO_CORE_EVENT kind=2 report_seq=85 uart_sequence=5650 sensor_raw=4294957996 sensor_converted=4294957996 xiao_rx=27720909 queue_push=27720917 core_rx=73276499
BNO_CORE_EVENT kind=3 report_seq=170 uart_sequence=5651 sensor_raw=4294957996 sensor_converted=4294957996 xiao_rx=27720941 queue_push=27720943 core_rx=73279164
BNO_CORE_EVENT kind=5 report_seq=170 uart_sequence=5652 sensor_raw=4294957996 sensor_converted=4294957996 xiao_rx=27720952 queue_push=27720954 core_rx=73280275
BNO_CORE_EVENT kind=1 report_seq=221 uart_sequence=5653 sensor_raw=4294961196 sensor_converted=4294961196 xiao_rx=27720960 queue_push=27720962 core_rx=73281301
BNO_CORE_EVENT kind=2 report_seq=86 uart_sequence=5654 sensor_raw=4294960196 sensor_converted=4294960196 xiao_rx=27725663 queue_push=27725668 core_rx=73282900
BNO_CORE_EVENT kind=1 report_seq=222 uart_sequence=5655 sensor_raw=4294961096 sensor_converted=4294961096 xiao_rx=27725682 queue_push=27725683 core_rx=73284070
BNO_CORE_EVENT kind=1 report_seq=223 uart_sequence=5658 sensor_raw=4294964596 sensor_converted=4294964596 xiao_rx=27733337 queue_push=27733351 core_rx=73295508
BNO_CORE_EVENT kind=2 report_seq=87 uart_sequence=5659 sensor_raw=4294957596 sensor_converted=4294957596 xiao_rx=27739687 queue_push=27739692 core_rx=73298143
BNO_CORE_EVENT kind=3 report_seq=171 uart_sequence=5660 sensor_raw=4294957596 sensor_converted=4294957596 xiao_rx=27739717 queue_push=27739719 core_rx=73299195
BNO_CORE_EVENT kind=5 report_seq=171 uart_sequence=5661 sensor_raw=4294957596 sensor_converted=4294957596 xiao_rx=27739727 queue_push=27739729 core_rx=73300247
BNO_CORE_EVENT kind=4 report_seq=86 uart_sequence=5662 sensor_raw=4294957696 sensor_converted=4294957696 xiao_rx=27739737 queue_push=27739739 core_rx=73301764
BNO_CORE_EVENT kind=1 report_seq=224 uart_sequence=5663 sensor_raw=4294964996 sensor_converted=4294964996 xiao_rx=27739745 queue_push=27739747 core_rx=73302929
BNO_CORE_EVENT kind=2 report_seq=88 uart_sequence=5664 sensor_raw=4294961096 sensor_converted=4294961096 xiao_rx=27744401 queue_push=27744403 core_rx=73303995
BNO_CORE_EVENT kind=1 report_seq=225 uart_sequence=5665 sensor_raw=4294965996 sensor_converted=4294965996 xiao_rx=27744409 queue_push=27744411 core_rx=73305046
BNO_CORE_EVENT kind=2 report_seq=89 uart_sequence=5670 sensor_raw=4294964396 sensor_converted=4294964396 xiao_rx=27759567 queue_push=27759578 core_rx=73323477
BNO_CORE_EVENT kind=3 report_seq=172 uart_sequence=5671 sensor_raw=4294951096 sensor_converted=4294951096 xiao_rx=27767183 queue_push=27767187 core_rx=73326147
BNO_CORE_EVENT kind=5 report_seq=172 uart_sequence=5672 sensor_raw=4294951096 sensor_converted=4294951096 xiao_rx=27767210 queue_push=27767212 core_rx=73327249
BNO_CORE_EVENT kind=1 report_seq=226 uart_sequence=5673 sensor_raw=4294953996 sensor_converted=4294953996 xiao_rx=27767218 queue_push=27767220 core_rx=73328407
BNO_CORE_EVENT kind=2 report_seq=90 uart_sequence=5674 sensor_raw=4294961596 sensor_converted=4294961596 xiao_rx=27767229 queue_push=27767231 core_rx=73330125
BNO_CORE_EVENT kind=1 report_seq=227 uart_sequence=5675 sensor_raw=4294961896 sensor_converted=4294961896 xiao_rx=27767238 queue_push=27767239 core_rx=73331308
BNO_CORE_EVENT kind=1 report_seq=228 uart_sequence=5676 sensor_raw=4294962196 sensor_converted=4294962196 xiao_rx=27772587 queue_push=27772591 core_rx=73332375
BNO_CORE_EVENT kind=2 report_seq=91 uart_sequence=5677 sensor_raw=4294963396 sensor_converted=4294963396 xiao_rx=27772605 queue_push=27772607 core_rx=73333431
BNO_CORE_EVENT kind=3 report_seq=173 uart_sequence=5678 sensor_raw=4294963396 sensor_converted=4294963396 xiao_rx=27772613 queue_push=27772615 core_rx=73336038
BNO_CORE_EVENT kind=5 report_seq=173 uart_sequence=5679 sensor_raw=4294963396 sensor_converted=4294963396 xiao_rx=27772622 queue_push=27772624 core_rx=73337168
BNO_CORE_EVENT kind=4 report_seq=87 uart_sequence=5682 sensor_raw=4294958596 sensor_converted=4294958596 xiao_rx=27788939 queue_push=27788949 core_rx=73343454
BNO_CORE_EVENT kind=1 report_seq=229 uart_sequence=5683 sensor_raw=4294964996 sensor_converted=4294964996 xiao_rx=27788973 queue_push=27788974 core_rx=73344519
BNO_CORE_EVENT kind=2 report_seq=92 uart_sequence=5686 sensor_raw=4294952096 sensor_converted=4294952096 xiao_rx=27798398 queue_push=27798403 core_rx=73354490
BNO_CORE_EVENT kind=1 report_seq=230 uart_sequence=5687 sensor_raw=4294956796 sensor_converted=4294956796 xiao_rx=27798426 queue_push=27798428 core_rx=73357147
BNO_CORE_EVENT kind=2 report_seq=93 uart_sequence=5688 sensor_raw=4294962196 sensor_converted=4294962196 xiao_rx=27798434 queue_push=27798436 core_rx=73358204
BNO_CORE_EVENT kind=3 report_seq=174 uart_sequence=5689 sensor_raw=4294962196 sensor_converted=4294962196 xiao_rx=27798447 queue_push=27798449 core_rx=73359255
BNO_CORE_EVENT kind=5 report_seq=174 uart_sequence=5690 sensor_raw=4294962196 sensor_converted=4294962196 xiao_rx=27798456 queue_push=27798457 core_rx=73360755
BNO_CORE_EVENT kind=1 report_seq=231 uart_sequence=5691 sensor_raw=4294964196 sensor_converted=4294964196 xiao_rx=27798464 queue_push=27798465 core_rx=73361901
BNO_CORE_EVENT kind=2 report_seq=94 uart_sequence=5692 sensor_raw=4294962396 sensor_converted=4294962396 xiao_rx=27803142 queue_push=27803146 core_rx=73362965
BNO_CORE_EVENT kind=1 report_seq=232 uart_sequence=5693 sensor_raw=4294962696 sensor_converted=4294962696 xiao_rx=27803166 queue_push=27803167 core_rx=73363993
BNO_CORE_EVENT kind=1 report_seq=233 uart_sequence=5697 sensor_raw=4294965896 sensor_converted=4294965896 xiao_rx=27816169 queue_push=27816177 core_rx=73374501
BNO_CORE_EVENT kind=2 report_seq=95 uart_sequence=5698 sensor_raw=4294955096 sensor_converted=4294955096 xiao_rx=27823887 queue_push=27823892 core_rx=73376169
BNO_CORE_EVENT kind=3 report_seq=175 uart_sequence=5699 sensor_raw=4294955096 sensor_converted=4294955096 xiao_rx=27823911 queue_push=27823913 core_rx=73377829
BNO_CORE_EVENT kind=5 report_seq=175 uart_sequence=5700 sensor_raw=4294955096 sensor_converted=4294955096 xiao_rx=27823920 queue_push=27823922 core_rx=73379013
BNO_CORE_EVENT kind=4 report_seq=88 uart_sequence=5701 sensor_raw=4294955096 sensor_converted=4294955096 xiao_rx=27823930 queue_push=27823932 core_rx=73380078
BNO_CORE_EVENT kind=1 report_seq=234 uart_sequence=5702 sensor_raw=4294961196 sensor_converted=4294961196 xiao_rx=27823939 queue_push=27823941 core_rx=73382251
BNO_CORE_EVENT kind=2 report_seq=96 uart_sequence=5706 sensor_raw=4294957096 sensor_converted=4294957096 xiao_rx=27835006 queue_push=27835020 core_rx=73395489
BNO_CORE_EVENT kind=1 report_seq=235 uart_sequence=5707 sensor_raw=4294961596 sensor_converted=4294961596 xiao_rx=27835059 queue_push=27835061 core_rx=73398204
BNO_CORE_EVENT kind=2 report_seq=97 uart_sequence=5708 sensor_raw=4294955796 sensor_converted=4294955796 xiao_rx=27840436 queue_push=27840440 core_rx=73399397
BNO_CORE_EVENT kind=3 report_seq=176 uart_sequence=5709 sensor_raw=4294955796 sensor_converted=4294955796 xiao_rx=27840462 queue_push=27840464 core_rx=73400442
BNO_CORE_EVENT kind=5 report_seq=176 uart_sequence=5710 sensor_raw=4294956096 sensor_converted=4294956096 xiao_rx=27840471 queue_push=27840473 core_rx=73401793
BNO_CORE_EVENT kind=1 report_seq=236 uart_sequence=5711 sensor_raw=4294957796 sensor_converted=4294957796 xiao_rx=27840479 queue_push=27840481 core_rx=73402873
BNO_CORE_EVENT kind=2 report_seq=98 uart_sequence=5712 sensor_raw=4294960196 sensor_converted=4294960196 xiao_rx=27844477 queue_push=27844479 core_rx=73403927
BNO_CORE_EVENT kind=1 report_seq=237 uart_sequence=5713 sensor_raw=4294960296 sensor_converted=4294960296 xiao_rx=27844485 queue_push=27844487 core_rx=73404955
BNO_CORE_EVENT kind=1 report_seq=238 uart_sequence=5716 sensor_raw=4294963896 sensor_converted=4294963896 xiao_rx=27855181 queue_push=27855188 core_rx=73416114
BNO_CORE_EVENT kind=4 report_seq=89 uart_sequence=5717 sensor_raw=4294955496 sensor_converted=4294955496 xiao_rx=27861455 queue_push=27861458 core_rx=73418453
BNO_CORE_EVENT kind=2 report_seq=99 uart_sequence=5718 sensor_raw=4294955496 sensor_converted=4294955496 xiao_rx=27861472 queue_push=27861475 core_rx=73419515
BNO_CORE_EVENT kind=3 report_seq=177 uart_sequence=5719 sensor_raw=4294955496 sensor_converted=4294955496 xiao_rx=27861486 queue_push=27861488 core_rx=73421362
BNO_CORE_EVENT kind=5 report_seq=177 uart_sequence=5720 sensor_raw=4294955496 sensor_converted=4294955496 xiao_rx=27861495 queue_push=27861497 core_rx=73422589
BNO_CORE_EVENT kind=1 report_seq=239 uart_sequence=5721 sensor_raw=4294961696 sensor_converted=4294961696 xiao_rx=27861527 queue_push=27861529 core_rx=73423660
BNO_CORE_EVENT kind=2 report_seq=100 uart_sequence=5722 sensor_raw=4294959296 sensor_converted=4294959296 xiao_rx=27866239 queue_push=27866242 core_rx=73425895
BNO_CORE_EVENT kind=1 report_seq=240 uart_sequence=5723 sensor_raw=4294963096 sensor_converted=4294963096 xiao_rx=27866262 queue_push=27866263 core_rx=73426953
BNO_CORE_EVENT kind=2 report_seq=101 uart_sequence=5726 sensor_raw=4294964396 sensor_converted=4294964396 xiao_rx=27878262 queue_push=27878271 core_rx=73432557
BNO_CORE_EVENT kind=3 report_seq=178 uart_sequence=5730 sensor_raw=4294952596 sensor_converted=4294952596 xiao_rx=27887420 queue_push=27887426 core_rx=73444470
BNO_CORE_EVENT kind=5 report_seq=178 uart_sequence=5731 sensor_raw=4294952596 sensor_converted=4294952596 xiao_rx=27887452 queue_push=27887454 core_rx=73447204
BNO_CORE_EVENT kind=1 report_seq=241 uart_sequence=5732 sensor_raw=4294954196 sensor_converted=4294954196 xiao_rx=27887460 queue_push=27887462 core_rx=73448411
BNO_CORE_EVENT kind=1 report_seq=242 uart_sequence=5733 sensor_raw=4294962596 sensor_converted=4294962596 xiao_rx=27887469 queue_push=27887470 core_rx=73449455
BNO_CORE_EVENT kind=2 report_seq=102 uart_sequence=5734 sensor_raw=4294962596 sensor_converted=4294962596 xiao_rx=27887481 queue_push=27887483 core_rx=73452232
BNO_CORE_EVENT kind=1 report_seq=243 uart_sequence=5735 sensor_raw=4294961096 sensor_converted=4294961096 xiao_rx=27893579 queue_push=27893583 core_rx=73453302
BNO_CORE_EVENT kind=2 report_seq=103 uart_sequence=5736 sensor_raw=4294963196 sensor_converted=4294963196 xiao_rx=27893603 queue_push=27893604 core_rx=73454333
BNO_CORE_EVENT kind=3 report_seq=179 uart_sequence=5737 sensor_raw=4294963196 sensor_converted=4294963196 xiao_rx=27893612 queue_push=27893613 core_rx=73455364
BNO_CORE_EVENT kind=5 report_seq=179 uart_sequence=5738 sensor_raw=4294963196 sensor_converted=4294963196 xiao_rx=27893620 queue_push=27893622 core_rx=73456403
BNO_CORE_EVENT kind=4 report_seq=90 uart_sequence=5740 sensor_raw=4294957096 sensor_converted=4294957096 xiao_rx=27905897 queue_push=27905906 core_rx=73459534
BNO_CORE_EVENT kind=1 report_seq=244 uart_sequence=5741 sensor_raw=4294962496 sensor_converted=4294962496 xiao_rx=27905933 queue_push=27905935 core_rx=73462115
BNO_CORE_EVENT kind=2 report_seq=104 uart_sequence=5742 sensor_raw=4294954796 sensor_converted=4294954796 xiao_rx=27909265 queue_push=27909268 core_rx=73463158
BNO_CORE_EVENT kind=1 report_seq=245 uart_sequence=5743 sensor_raw=4294958996 sensor_converted=4294958996 xiao_rx=27909275 queue_push=27909277 core_rx=73464222
BNO_CORE_EVENT kind=2 report_seq=105 uart_sequence=5745 sensor_raw=4294961296 sensor_converted=4294961296 xiao_rx=27917671 queue_push=27917680 core_rx=73473472
BNO_CORE_EVENT kind=3 report_seq=180 uart_sequence=5746 sensor_raw=4294961296 sensor_converted=4294961296 xiao_rx=27917705 queue_push=27917707 core_rx=73476212
BNO_CORE_EVENT kind=5 report_seq=180 uart_sequence=5747 sensor_raw=4294961296 sensor_converted=4294961296 xiao_rx=27917718 queue_push=27917720 core_rx=73477454
BNO_CORE_EVENT kind=1 report_seq=246 uart_sequence=5748 sensor_raw=4294962496 sensor_converted=4294962496 xiao_rx=27917726 queue_push=27917728 core_rx=73478578
BNO_CORE_EVENT kind=1 report_seq=247 uart_sequence=5749 sensor_raw=4294962196 sensor_converted=4294962196 xiao_rx=27922388 queue_push=27922392 core_rx=73481282
BNO_CORE_EVENT kind=2 report_seq=106 uart_sequence=5751 sensor_raw=4294963096 sensor_converted=4294963096 xiao_rx=27922404 queue_push=27922405 core_rx=73483425
BNO_CORE_EVENT kind=1 report_seq=248 uart_sequence=5754 sensor_raw=4294965496 sensor_converted=4294965496 xiao_rx=27935417 queue_push=27935425 core_rx=73492523
BNO_CORE_EVENT kind=2 report_seq=107 uart_sequence=5755 sensor_raw=4294955596 sensor_converted=4294955596 xiao_rx=27941664 queue_push=27941666 core_rx=73495140
BNO_CORE_EVENT kind=3 report_seq=181 uart_sequence=5756 sensor_raw=4294955596 sensor_converted=4294955596 xiao_rx=27941679 queue_push=27941680 core_rx=73496194
BNO_CORE_EVENT kind=5 report_seq=181 uart_sequence=5757 sensor_raw=4294955596 sensor_converted=4294955596 xiao_rx=27941687 queue_push=27941689 core_rx=73497276
BNO_CORE_EVENT kind=4 report_seq=91 uart_sequence=5758 sensor_raw=4294955596 sensor_converted=4294955596 xiao_rx=27941697 queue_push=27941698 core_rx=73498809
BNO_CORE_EVENT kind=1 report_seq=249 uart_sequence=5759 sensor_raw=4294960796 sensor_converted=4294960796 xiao_rx=27941705 queue_push=27941706 core_rx=73499926
BNO_CORE_EVENT kind=2 report_seq=108 uart_sequence=5763 sensor_raw=4294959096 sensor_converted=4294959096 xiao_rx=27950127 queue_push=27950137 core_rx=73516008
BNO_CORE_EVENT kind=1 report_seq=250 uart_sequence=5764 sensor_raw=4294961796 sensor_converted=4294961796 xiao_rx=27950162 queue_push=27950163 core_rx=73517830
BNO_CORE_EVENT kind=2 report_seq=109 uart_sequence=5765 sensor_raw=4294961096 sensor_converted=4294961096 xiao_rx=27956841 queue_push=27956844 core_rx=73520800
BNO_CORE_EVENT kind=3 report_seq=182 uart_sequence=5766 sensor_raw=4294961096 sensor_converted=4294961096 xiao_rx=27956870 queue_push=27956872 core_rx=73521945
BNO_CORE_EVENT kind=5 report_seq=182 uart_sequence=5767 sensor_raw=4294961096 sensor_converted=4294961096 xiao_rx=27956880 queue_push=27956882 core_rx=73523000
BNO_CORE_EVENT kind=1 report_seq=251 uart_sequence=5768 sensor_raw=4294961396 sensor_converted=4294961396 xiao_rx=27956888 queue_push=27956890 core_rx=73524032
BNO_CORE_EVENT kind=1 report_seq=252 uart_sequence=5769 sensor_raw=4294962796 sensor_converted=4294962796 xiao_rx=27961608 queue_push=27961612 core_rx=73525061
BNO_CORE_EVENT kind=2 report_seq=110 uart_sequence=5770 sensor_raw=4294963796 sensor_converted=4294963796 xiao_rx=27961633 queue_push=27961636 core_rx=73527377
BNO_CORE_EVENT kind=1 report_seq=253 uart_sequence=5772 sensor_raw=4294965896 sensor_converted=4294965896 xiao_rx=27965430 queue_push=27965433 core_rx=73529086
BNO_CORE_EVENT kind=2 report_seq=111 uart_sequence=5773 sensor_raw=4294964796 sensor_converted=4294964796 xiao_rx=27977045 queue_push=27977055 core_rx=73530125
BNO_CORE_EVENT kind=3 report_seq=183 uart_sequence=5776 sensor_raw=4294953796 sensor_converted=4294953796 xiao_rx=27986721 queue_push=27986730 core_rx=73548515
BNO_CORE_EVENT kind=5 report_seq=183 uart_sequence=5777 sensor_raw=4294953796 sensor_converted=4294953796 xiao_rx=27986755 queue_push=27986757 core_rx=73551153
BNO_CORE_EVENT kind=4 report_seq=92 uart_sequence=5778 sensor_raw=4294953796 sensor_converted=4294953796 xiao_rx=27986768 queue_push=27986769 core_rx=73552254
BNO_CORE_EVENT kind=1 report_seq=254 uart_sequence=5779 sensor_raw=4294958096 sensor_converted=4294958096 xiao_rx=27986776 queue_push=27986778 core_rx=73553305
BNO_CORE_EVENT kind=2 report_seq=112 uart_sequence=5780 sensor_raw=4294963996 sensor_converted=4294963996 xiao_rx=27986785 queue_push=27986788 core_rx=73555264
BNO_CORE_EVENT kind=1 report_seq=255 uart_sequence=5781 sensor_raw=4294956596 sensor_converted=4294956596 xiao_rx=27991395 queue_push=27991408 core_rx=73556355
BNO_CORE_EVENT kind=2 report_seq=113 uart_sequence=5783 sensor_raw=4294964396 sensor_converted=4294964396 xiao_rx=27991448 queue_push=27991453 core_rx=73558268
BNO_CORE_EVENT kind=3 report_seq=184 uart_sequence=5784 sensor_raw=4294964396 sensor_converted=4294964396 xiao_rx=27991462 queue_push=27991464 core_rx=73561053
BNO_CORE_EVENT kind=5 report_seq=184 uart_sequence=5785 sensor_raw=4294959696 sensor_converted=4294959696 xiao_rx=27995486 queue_push=27995490 core_rx=73562129
BNO_CORE_EVENT kind=1 report_seq=0 uart_sequence=5786 sensor_raw=4294959796 sensor_converted=4294959796 xiao_rx=27995533 queue_push=27995538 core_rx=73563167
BNO_CORE_EVENT kind=1 report_seq=1 uart_sequence=5787 sensor_raw=4294964096 sensor_converted=4294964096 xiao_rx=27998103 queue_push=27998108 core_rx=73564214
BNO_CORE_EVENT kind=2 report_seq=114 uart_sequence=5791 sensor_raw=4294962596 sensor_converted=4294962596 xiao_rx=28015103 queue_push=28015113 core_rx=73569049
BNO_CORE_EVENT kind=1 report_seq=2 uart_sequence=5793 sensor_raw=4294952196 sensor_converted=4294952196 xiao_rx=28023729 queue_push=28023734 core_rx=73574473
BNO_CORE_EVENT kind=2 report_seq=115 uart_sequence=5794 sensor_raw=4294955796 sensor_converted=4294955796 xiao_rx=28023758 queue_push=28023761 core_rx=73577144
BNO_CORE_EVENT kind=3 report_seq=185 uart_sequence=5795 sensor_raw=4294955796 sensor_converted=4294955796 xiao_rx=28023772 queue_push=28023773 core_rx=73578203
BNO_CORE_EVENT kind=5 report_seq=185 uart_sequence=5796 sensor_raw=4294955796 sensor_converted=4294955796 xiao_rx=28023780 queue_push=28023782 core_rx=73579284
BNO_CORE_EVENT kind=4 report_seq=93 uart_sequence=5797 sensor_raw=4294955796 sensor_converted=4294955796 xiao_rx=28023790 queue_push=28023791 core_rx=73581219
BNO_CORE_EVENT kind=1 report_seq=3 uart_sequence=5798 sensor_raw=4294959596 sensor_converted=4294959596 xiao_rx=28023798 queue_push=28023799 core_rx=73582259
BNO_CORE_EVENT kind=2 report_seq=116 uart_sequence=5801 sensor_raw=4294956896 sensor_converted=4294956896 xiao_rx=28034382 queue_push=28034392 core_rx=73586454
BNO_CORE_EVENT kind=1 report_seq=4 uart_sequence=5802 sensor_raw=4294958996 sensor_converted=4294958996 xiao_rx=28034419 queue_push=28034420 core_rx=73587548
XIAO UART baud=921600 rx=GPIO8 tx=GPIO9 bytes=1103544 frames=3587 bytes_s=48548 frames_s=500 crc/cobs/len=0/0/0 seqgap=0 age_ms=5 type=56 log=1 q=0 rec=456 final=0
RXDIAG max_us=6560 budget_hits=27 byte/frame/time=27/0/0 rx_buf_max=1092 loop_period_max_us=1174994 loop_exec_max_us=1168663 free_heap=138672 min_free_heap=137904 reset_reason=0 bno_kind_1to5_s=131/104/52/26/52 queue=0 high=13 drops=0
RXDETAIL service_calls=59179 service_bytes_avg=18 service_bytes_max=512 service_frames_avg=0 service_frames_avg_x1000=153 service_frames_max=7 service_bytes_s=48668 service_frames_s=500 rxbuf_full_obs=0 bno_valid=2621 bno_invalid=0 unknown=0 uart_overflow=framework_unavailable trial_rx_bytes=348264 trial_frames=3585 trial_bno=2621 trial_crc/cobs/len=0/0/0
RXTASK mode=decode_count read_calls=59180 zero_reads=50571 read_bytes_max=512 rx_task_max_us=6560 rx_task_continuous_max_us=6560 stack_hwm_min_bytes=4472 cobs_delimiters=9106 rx_current=0 rx_max=1092 rx_full=0 overflow=framework_unavailable
SDTASK max_process_us=117824
BNO_CORE_EVENT kind=2 report_seq=117 uart_sequence=5807 sensor_raw=4294955896 sensor_converted=4294955896 xiao_rx=28045399 queue_push=28045407 core_rx=73610463
BNO_CORE_EVENT kind=3 report_seq=186 uart_sequence=5808 sensor_raw=4294955896 sensor_converted=4294955896 xiao_rx=28045430 queue_push=28045432 core_rx=73613147
BNO_CORE_EVENT kind=5 report_seq=186 uart_sequence=5809 sensor_raw=4294955896 sensor_converted=4294955896 xiao_rx=28045443 queue_push=28045445 core_rx=73615463
BNO_CORE_EVENT kind=1 report_seq=5 uart_sequence=5810 sensor_raw=4294955896 sensor_converted=4294955896 xiao_rx=28045452 queue_push=28045453 core_rx=73616540
BNO_CORE_EVENT kind=1 report_seq=6 uart_sequence=5811 sensor_raw=4294963796 sensor_converted=4294963796 xiao_rx=28045460 queue_push=28045462 core_rx=73619233
BNO_CORE_EVENT kind=2 report_seq=118 uart_sequence=5812 sensor_raw=4294955396 sensor_converted=4294955396 xiao_rx=28049733 queue_push=28049736 core_rx=73620326
BNO_CORE_EVENT kind=1 report_seq=7 uart_sequence=5813 sensor_raw=4294961796 sensor_converted=4294961796 xiao_rx=28049748 queue_push=28049750 core_rx=73621375
BNO_CORE_EVENT kind=4 report_seq=94 uart_sequence=5814 sensor_raw=4294965096 sensor_converted=4294965096 xiao_rx=28049758 queue_push=28049760 core_rx=73622438
BNO_CORE_EVENT kind=2 report_seq=119 uart_sequence=5815 sensor_raw=4294960896 sensor_converted=4294960896 xiao_rx=28056653 queue_push=28056665 core_rx=73623470
BNO_CORE_EVENT kind=3 report_seq=187 uart_sequence=5816 sensor_raw=4294960896 sensor_converted=4294960896 xiao_rx=28056692 queue_push=28056694 core_rx=73624510
BNO_CORE_EVENT kind=5 report_seq=187 uart_sequence=5817 sensor_raw=4294960896 sensor_converted=4294960896 xiao_rx=28056705 queue_push=28056707 core_rx=73627154
BNO_CORE_EVENT kind=1 report_seq=8 uart_sequence=5818 sensor_raw=4294964696 sensor_converted=4294964696 xiao_rx=28056713 queue_push=28056715 core_rx=73628219
BNO_CORE_EVENT kind=2 report_seq=120 uart_sequence=5819 sensor_raw=4294964096 sensor_converted=4294964096 xiao_rx=28059224 queue_push=28059227 core_rx=73629275
BNO_CORE_EVENT kind=1 report_seq=9 uart_sequence=5823 sensor_raw=4294963096 sensor_converted=4294963096 xiao_rx=28075731 queue_push=28075738 core_rx=73636444
BNO_CORE_EVENT kind=1 report_seq=10 uart_sequence=5824 sensor_raw=4294955096 sensor_converted=4294955096 xiao_rx=28081990 queue_push=28081995 core_rx=73639163
BNO_CORE_EVENT kind=2 report_seq=121 uart_sequence=5825 sensor_raw=4294955096 sensor_converted=4294955096 xiao_rx=28082018 queue_push=28082021 core_rx=73640305
BNO_CORE_EVENT kind=3 report_seq=188 uart_sequence=5826 sensor_raw=4294955096 sensor_converted=4294955096 xiao_rx=28082037 queue_push=28082038 core_rx=73641359
BNO_CORE_EVENT kind=5 report_seq=188 uart_sequence=5827 sensor_raw=4294955096 sensor_converted=4294955096 xiao_rx=28082046 queue_push=28082048 core_rx=73643243
BNO_CORE_EVENT kind=1 report_seq=11 uart_sequence=5828 sensor_raw=4294962996 sensor_converted=4294962996 xiao_rx=28082056 queue_push=28082057 core_rx=73644298
BNO_CORE_EVENT kind=2 report_seq=122 uart_sequence=5829 sensor_raw=4294958696 sensor_converted=4294958696 xiao_rx=28086040 queue_push=28086043 core_rx=73645335
BNO_CORE_EVENT kind=1 report_seq=12 uart_sequence=5831 sensor_raw=4294963996 sensor_converted=4294963996 xiao_rx=28086056 queue_push=28086058 core_rx=73648035
BNO_CORE_EVENT kind=2 report_seq=123 uart_sequence=5834 sensor_raw=4294964596 sensor_converted=4294964596 xiao_rx=28099150 queue_push=28099160 core_rx=73662443
BNO_CORE_EVENT kind=3 report_seq=189 uart_sequence=5835 sensor_raw=4294964596 sensor_converted=4294964596 xiao_rx=28099186 queue_push=28099188 core_rx=73665152
BNO_CORE_EVENT kind=5 report_seq=189 uart_sequence=5836 sensor_raw=4294951496 sensor_converted=4294951496 xiao_rx=28106595 queue_push=28106599 core_rx=73666204
BNO_CORE_EVENT kind=4 report_seq=95 uart_sequence=5837 sensor_raw=4294951496 sensor_converted=4294951496 xiao_rx=28106617 queue_push=28106619 core_rx=73667259
BNO_CORE_EVENT kind=1 report_seq=13 uart_sequence=5838 sensor_raw=4294954696 sensor_converted=4294954696 xiao_rx=28106626 queue_push=28106628 core_rx=73669248
BNO_CORE_EVENT kind=2 report_seq=124 uart_sequence=5839 sensor_raw=4294961796 sensor_converted=4294961796 xiao_rx=28106635 queue_push=28106637 core_rx=73670318
BNO_CORE_EVENT kind=1 report_seq=14 uart_sequence=5840 sensor_raw=4294962696 sensor_converted=4294962696 xiao_rx=28106643 queue_push=28106645 core_rx=73671360
BNO_CORE_EVENT kind=1 report_seq=15 uart_sequence=5841 sensor_raw=4294963096 sensor_converted=4294963096 xiao_rx=28111054 queue_push=28111056 core_rx=73672412
BNO_CORE_EVENT kind=2 report_seq=125 uart_sequence=5843 sensor_raw=4294963996 sensor_converted=4294963996 xiao_rx=28111063 queue_push=28111065 core_rx=73677192
BNO_CORE_EVENT kind=3 report_seq=190 uart_sequence=5844 sensor_raw=4294963996 sensor_converted=4294963996 xiao_rx=28111072 queue_push=28111073 core_rx=73678252
BNO_CORE_EVENT kind=5 report_seq=190 uart_sequence=5848 sensor_raw=4294959696 sensor_converted=4294959696 xiao_rx=28129796 queue_push=28129804 core_rx=73694506
BNO_CORE_EVENT kind=1 report_seq=16 uart_sequence=5849 sensor_raw=4294966596 sensor_converted=4294966596 xiao_rx=28129825 queue_push=28129827 core_rx=73697177
BNO_CORE_EVENT kind=2 report_seq=126 uart_sequence=5850 sensor_raw=4294951196 sensor_converted=4294951196 xiao_rx=28139203 queue_push=28139207 core_rx=73698278
BNO_CORE_EVENT kind=1 report_seq=17 uart_sequence=5852 sensor_raw=4294956296 sensor_converted=4294956296 xiao_rx=28139217 queue_push=28139219 core_rx=73702700
BNO_CORE_EVENT kind=2 report_seq=127 uart_sequence=5853 sensor_raw=4294961296 sensor_converted=4294961296 xiao_rx=28139225 queue_push=28139227 core_rx=73703812
BNO_CORE_EVENT kind=3 report_seq=191 uart_sequence=5854 sensor_raw=4294961296 sensor_converted=4294961296 xiao_rx=28139238 queue_push=28139240 core_rx=73705363
BNO_CORE_EVENT kind=5 report_seq=191 uart_sequence=5855 sensor_raw=4294961296 sensor_converted=4294961296 xiao_rx=28139246 queue_push=28139248 core_rx=73706522
BNO_CORE_EVENT kind=4 report_seq=96 uart_sequence=5856 sensor_raw=4294961296 sensor_converted=4294961296 xiao_rx=28139256 queue_push=28139258 core_rx=73707596
BNO_CORE_EVENT kind=1 report_seq=18 uart_sequence=5857 sensor_raw=4294963796 sensor_converted=4294963796 xiao_rx=28139264 queue_push=28139266 core_rx=73708633
BNO_CORE_EVENT kind=2 report_seq=128 uart_sequence=5858 sensor_raw=4294961296 sensor_converted=4294961296 xiao_rx=28143910 queue_push=28143912 core_rx=73709669
BNO_CORE_EVENT kind=1 report_seq=19 uart_sequence=5859 sensor_raw=4294962196 sensor_converted=4294962196 xiao_rx=28143918 queue_push=28143920 core_rx=73710698
BNO_CORE_EVENT kind=1 report_seq=20 uart_sequence=5862 sensor_raw=4294965296 sensor_converted=4294965296 xiao_rx=28162394 queue_push=28162402 core_rx=73728515
BNO_CORE_EVENT kind=2 report_seq=129 uart_sequence=5863 sensor_raw=4294948196 sensor_converted=4294948196 xiao_rx=28170205 queue_push=28170209 core_rx=73731189
BNO_CORE_EVENT kind=3 report_seq=192 uart_sequence=5865 sensor_raw=4294948196 sensor_converted=4294948196 xiao_rx=28170224 queue_push=28170226 core_rx=73735920
BNO_CORE_EVENT kind=5 report_seq=192 uart_sequence=5866 sensor_raw=4294948196 sensor_converted=4294948196 xiao_rx=28170232 queue_push=28170234 core_rx=73737134
BNO_CORE_EVENT kind=1 report_seq=21 uart_sequence=5867 sensor_raw=4294955196 sensor_converted=4294955196 xiao_rx=28170241 queue_push=28170242 core_rx=73738312
BNO_CORE_EVENT kind=2 report_seq=130 uart_sequence=5868 sensor_raw=4294958496 sensor_converted=4294958496 xiao_rx=28170249 queue_push=28170251 core_rx=73740784
BNO_CORE_EVENT kind=1 report_seq=22 uart_sequence=5869 sensor_raw=4294962696 sensor_converted=4294962696 xiao_rx=28170257 queue_push=28170259 core_rx=73742024
BNO_CORE_EVENT kind=2 report_seq=131 uart_sequence=5870 sensor_raw=4294960396 sensor_converted=4294960396 xiao_rx=28177852 queue_push=28177854 core_rx=73743052
BNO_CORE_EVENT kind=3 report_seq=193 uart_sequence=5871 sensor_raw=4294960396 sensor_converted=4294960396 xiao_rx=28177862 queue_push=28177864 core_rx=73744088
BNO_CORE_EVENT kind=5 report_seq=193 uart_sequence=5872 sensor_raw=4294960496 sensor_converted=4294960496 xiao_rx=28177871 queue_push=28177873 core_rx=73745117
BNO_CORE_EVENT kind=4 report_seq=97 uart_sequence=5873 sensor_raw=4294960496 sensor_converted=4294960496 xiao_rx=28177881 queue_push=28177883 core_rx=73746164
BNO_CORE_EVENT kind=1 report_seq=23 uart_sequence=5874 sensor_raw=4294962696 sensor_converted=4294962696 xiao_rx=28177889 queue_push=28177891 core_rx=73747194
BNO_CORE_EVENT kind=2 report_seq=132 uart_sequence=5879 sensor_raw=4294962796 sensor_converted=4294962796 xiao_rx=28196254 queue_push=28196264 core_rx=73755465
BNO_CORE_EVENT kind=1 report_seq=24 uart_sequence=5880 sensor_raw=4294963296 sensor_converted=4294963296 xiao_rx=28196291 queue_push=28196293 core_rx=73758195
BNO_CORE_EVENT kind=1 report_seq=25 uart_sequence=5881 sensor_raw=4294953096 sensor_converted=4294953096 xiao_rx=28204260 queue_push=28204263 core_rx=73759393
BNO_CORE_EVENT kind=2 report_seq=133 uart_sequence=5882 sensor_raw=4294954696 sensor_converted=4294954696 xiao_rx=28204284 queue_push=28204286 core_rx=73760422
BNO_CORE_EVENT kind=3 report_seq=194 uart_sequence=5883 sensor_raw=4294954696 sensor_converted=4294954696 xiao_rx=28204297 queue_push=28204299 core_rx=73761785
BNO_CORE_EVENT kind=5 report_seq=194 uart_sequence=5884 sensor_raw=4294954696 sensor_converted=4294954696 xiao_rx=28204305 queue_push=28204307 core_rx=73762865
BNO_CORE_EVENT kind=1 report_seq=26 uart_sequence=5885 sensor_raw=4294960996 sensor_converted=4294960996 xiao_rx=28204313 queue_push=28204315 core_rx=73763921
BNO_CORE_EVENT kind=2 report_seq=134 uart_sequence=5886 sensor_raw=4294964196 sensor_converted=4294964196 xiao_rx=28204321 queue_push=28204323 core_rx=73764971
BNO_CORE_EVENT kind=1 report_seq=27 uart_sequence=5891 sensor_raw=4294960396 sensor_converted=4294960396 xiao_rx=28219896 queue_push=28219903 core_rx=73786498
BNO_CORE_EVENT kind=4 report_seq=98 uart_sequence=5892 sensor_raw=4294950696 sensor_converted=4294950696 xiao_rx=28229331 queue_push=28229335 core_rx=73789142
BNO_CORE_EVENT kind=2 report_seq=135 uart_sequence=5893 sensor_raw=4294950696 sensor_converted=4294950696 xiao_rx=28229355 queue_push=28229358 core_rx=73790188
BNO_CORE_EVENT kind=3 report_seq=195 uart_sequence=5894 sensor_raw=4294950696 sensor_converted=4294950696 xiao_rx=28229370 queue_push=28229372 core_rx=73791240
BNO_CORE_EVENT kind=1 report_seq=28 uart_sequence=5895 sensor_raw=4294952796 sensor_converted=4294952796 xiao_rx=28229378 queue_push=28229380 core_rx=73792770
BNO_CORE_EVENT kind=5 report_seq=195 uart_sequence=5896 sensor_raw=4294952796 sensor_converted=4294952796 xiao_rx=28229386 queue_push=28229388 core_rx=73793923
BNO_CORE_EVENT kind=1 report_seq=29 uart_sequence=5897 sensor_raw=4294960996 sensor_converted=4294960996 xiao_rx=28229394 queue_push=28229396 core_rx=73794977
BNO_CORE_EVENT kind=2 report_seq=136 uart_sequence=5898 sensor_raw=4294960996 sensor_converted=4294960996 xiao_rx=28229402 queue_push=28229404 core_rx=73796029
BNO_CORE_EVENT kind=1 report_seq=30 uart_sequence=5899 sensor_raw=4294959796 sensor_converted=4294959796 xiao_rx=28235445 queue_push=28235449 core_rx=73797675
BNO_CORE_EVENT kind=2 report_seq=137 uart_sequence=5900 sensor_raw=4294961196 sensor_converted=4294961196 xiao_rx=28235461 queue_push=28235463 core_rx=73798865
BNO_CORE_EVENT kind=3 report_seq=196 uart_sequence=5901 sensor_raw=4294961196 sensor_converted=4294961196 xiao_rx=28235469 queue_push=28235471 core_rx=73799927
BNO_CORE_EVENT kind=5 report_seq=196 uart_sequence=5902 sensor_raw=4294961196 sensor_converted=4294961196 xiao_rx=28235478 queue_push=28235480 core_rx=73800978
BNO_CORE_EVENT kind=1 report_seq=31 uart_sequence=5908 sensor_raw=4294961096 sensor_converted=4294961096 xiao_rx=28254899 queue_push=28254907 core_rx=73818506
BNO_CORE_EVENT kind=2 report_seq=138 uart_sequence=5909 sensor_raw=4294945596 sensor_converted=4294945596 xiao_rx=28264015 queue_push=28264020 core_rx=73821195
BNO_CORE_EVENT kind=1 report_seq=32 uart_sequence=5910 sensor_raw=4294949896 sensor_converted=4294949896 xiao_rx=28264039 queue_push=28264041 core_rx=73822387
BNO_CORE_EVENT kind=2 report_seq=139 uart_sequence=5911 sensor_raw=4294955996 sensor_converted=4294955996 xiao_rx=28264047 queue_push=28264049 core_rx=73823417
BNO_CORE_EVENT kind=3 report_seq=197 uart_sequence=5912 sensor_raw=4294955996 sensor_converted=4294955996 xiao_rx=28264060 queue_push=28264062 core_rx=73825067
BNO_CORE_EVENT kind=5 report_seq=197 uart_sequence=5913 sensor_raw=4294955996 sensor_converted=4294955996 xiao_rx=28264068 queue_push=28264070 core_rx=73826176
BNO_CORE_EVENT kind=4 report_seq=99 uart_sequence=5914 sensor_raw=4294955996 sensor_converted=4294955996 xiao_rx=28264078 queue_push=28264080 core_rx=73827241
BNO_CORE_EVENT kind=1 report_seq=33 uart_sequence=5915 sensor_raw=4294957196 sensor_converted=4294957196 xiao_rx=28264086 queue_push=28264088 core_rx=73828293
BNO_CORE_EVENT kind=1 report_seq=34 uart_sequence=5916 sensor_raw=4294965096 sensor_converted=4294965096 xiao_rx=28264095 queue_push=28264096 core_rx=73831065
BNO_CORE_EVENT kind=2 report_seq=140 uart_sequence=5917 sensor_raw=4294956496 sensor_converted=4294956496 xiao_rx=28267455 queue_push=28267457 core_rx=73832268
BNO_CORE_EVENT kind=1 report_seq=35 uart_sequence=5918 sensor_raw=4294963996 sensor_converted=4294963996 xiao_rx=28267465 queue_push=28267466 core_rx=73833320
BNO_CORE_EVENT kind=2 report_seq=141 uart_sequence=5923 sensor_raw=4294963096 sensor_converted=4294963096 xiao_rx=28287357 queue_push=28287375 core_rx=73844516
BNO_CORE_EVENT kind=3 report_seq=198 uart_sequence=5924 sensor_raw=4294963096 sensor_converted=4294963096 xiao_rx=28287420 queue_push=28287421 core_rx=73846271
BNO_CORE_EVENT kind=5 report_seq=198 uart_sequence=5925 sensor_raw=4294963096 sensor_converted=4294963096 xiao_rx=28287433 queue_push=28287435 core_rx=73847411
BNO_CORE_EVENT kind=1 report_seq=36 uart_sequence=5926 sensor_raw=4294949096 sensor_converted=4294949096 xiao_rx=28293835 queue_push=28293838 core_rx=73849896
BNO_CORE_EVENT kind=2 report_seq=142 uart_sequence=5927 sensor_raw=4294953596 sensor_converted=4294953596 xiao_rx=28293857 queue_push=28293859 core_rx=73851365
BNO_CORE_EVENT kind=1 report_seq=37 uart_sequence=5928 sensor_raw=4294956596 sensor_converted=4294956596 xiao_rx=28293865 queue_push=28293867 core_rx=73852491
BNO_CORE_EVENT kind=2 report_seq=143 uart_sequence=5929 sensor_raw=4294963496 sensor_converted=4294963496 xiao_rx=28293874 queue_push=28293875 core_rx=73853522
BNO_CORE_EVENT kind=3 report_seq=199 uart_sequence=5930 sensor_raw=4294963496 sensor_converted=4294963496 xiao_rx=28293882 queue_push=28293884 core_rx=73854554
BNO_CORE_EVENT kind=5 report_seq=199 uart_sequence=5934 sensor_raw=4294956896 sensor_converted=4294956896 xiao_rx=28307970 queue_push=28307977 core_rx=73868515
BNO_CORE_EVENT kind=4 report_seq=100 uart_sequence=5935 sensor_raw=4294956896 sensor_converted=4294956896 xiao_rx=28307996 queue_push=28307998 core_rx=73871198
BNO_CORE_EVENT kind=1 report_seq=38 uart_sequence=5936 sensor_raw=4294957796 sensor_converted=4294957796 xiao_rx=28308005 queue_push=28308006 core_rx=73872430
BNO_CORE_EVENT kind=1 report_seq=39 uart_sequence=5937 sensor_raw=4294965596 sensor_converted=4294965596 xiao_rx=28308013 queue_push=28308015 core_rx=73874461
BNO_CORE_EVENT kind=2 report_seq=144 uart_sequence=5938 sensor_raw=4294952596 sensor_converted=4294952596 xiao_rx=28314919 queue_push=28314924 core_rx=73877290
BNO_CORE_EVENT kind=1 report_seq=40 uart_sequence=5939 sensor_raw=4294960096 sensor_converted=4294960096 xiao_rx=28314944 queue_push=28314946 core_rx=73878521
BNO_CORE_EVENT kind=2 report_seq=145 uart_sequence=5940 sensor_raw=4294962696 sensor_converted=4294962696 xiao_rx=28314952 queue_push=28314954 core_rx=73879555
BNO_CORE_EVENT kind=3 report_seq=200 uart_sequence=5941 sensor_raw=4294962696 sensor_converted=4294962696 xiao_rx=28314965 queue_push=28314967 core_rx=73880629
BNO_CORE_EVENT kind=5 report_seq=200 uart_sequence=5943 sensor_raw=4294962696 sensor_converted=4294962696 xiao_rx=28314974 queue_push=28314975 core_rx=73882599
BNO_CORE_EVENT kind=1 report_seq=41 uart_sequence=5944 sensor_raw=4294961096 sensor_converted=4294961096 xiao_rx=28317425 queue_push=28317428 core_rx=73885207
BNO_CORE_EVENT kind=2 report_seq=146 uart_sequence=5946 sensor_raw=4294963096 sensor_converted=4294963096 xiao_rx=28332865 queue_push=28332875 core_rx=73888053
BNO_CORE_EVENT kind=1 report_seq=42 uart_sequence=5948 sensor_raw=4294950696 sensor_converted=4294950696 xiao_rx=28341746 queue_push=28341749 core_rx=73900514
BNO_CORE_EVENT kind=2 report_seq=147 uart_sequence=5949 sensor_raw=4294957996 sensor_converted=4294957996 xiao_rx=28341769 queue_push=28341772 core_rx=73902082
BNO_CORE_EVENT kind=3 report_seq=201 uart_sequence=5950 sensor_raw=4294957996 sensor_converted=4294957996 xiao_rx=28341784 queue_push=28341785 core_rx=73903658
BNO_CORE_EVENT kind=5 report_seq=201 uart_sequence=5951 sensor_raw=4294957996 sensor_converted=4294957996 xiao_rx=28341792 queue_push=28341793 core_rx=73904860
BNO_CORE_EVENT kind=4 report_seq=101 uart_sequence=5952 sensor_raw=4294957996 sensor_converted=4294957996 xiao_rx=28341801 queue_push=28341803 core_rx=73906038
BNO_CORE_EVENT kind=1 report_seq=43 uart_sequence=5953 sensor_raw=4294958496 sensor_converted=4294958496 xiao_rx=28341810 queue_push=28341811 core_rx=73908295
BNO_CORE_EVENT kind=1 report_seq=44 uart_sequence=5954 sensor_raw=4294966396 sensor_converted=4294966396 xiao_rx=28341818 queue_push=28341819 core_rx=73909495
BNO_CORE_EVENT kind=2 report_seq=148 uart_sequence=5956 sensor_raw=4294959296 sensor_converted=4294959296 xiao_rx=28346540 queue_push=28346549 core_rx=73911461
BNO_CORE_EVENT kind=1 report_seq=45 uart_sequence=5957 sensor_raw=4294965496 sensor_converted=4294965496 xiao_rx=28346568 queue_push=28346570 core_rx=73914062
BNO_CORE_EVENT kind=2 report_seq=149 uart_sequence=5958 sensor_raw=4294964596 sensor_converted=4294964596 xiao_rx=28350108 queue_push=28350111 core_rx=73915128
BNO_CORE_EVENT kind=3 report_seq=202 uart_sequence=5959 sensor_raw=4294964596 sensor_converted=4294964596 xiao_rx=28350124 queue_push=28350126 core_rx=73916157
BNO_CORE_EVENT kind=5 report_seq=202 uart_sequence=5962 sensor_raw=4294960896 sensor_converted=4294960896 xiao_rx=28366925 queue_push=28366932 core_rx=73922512
BNO_CORE_EVENT kind=1 report_seq=46 uart_sequence=5963 sensor_raw=4294964896 sensor_converted=4294964896 xiao_rx=28366951 queue_push=28366953 core_rx=73924332
BNO_CORE_EVENT kind=2 report_seq=150 uart_sequence=5964 sensor_raw=4294953996 sensor_converted=4294953996 xiao_rx=28372290 queue_push=28372293 core_rx=73925549
BNO_CORE_EVENT kind=1 report_seq=47 uart_sequence=5965 sensor_raw=4294956096 sensor_converted=4294956096 xiao_rx=28372301 queue_push=28372302 core_rx=73927829
BNO_CORE_EVENT kind=2 report_seq=151 uart_sequence=5966 sensor_raw=4294964096 sensor_converted=4294964096 xiao_rx=28372309 queue_push=28372311 core_rx=73929010
BNO_CORE_EVENT kind=3 report_seq=203 uart_sequence=5967 sensor_raw=4294964096 sensor_converted=4294964096 xiao_rx=28372322 queue_push=28372323 core_rx=73930108
BNO_CORE_EVENT kind=5 report_seq=203 uart_sequence=5969 sensor_raw=4294958696 sensor_converted=4294958696 xiao_rx=28382657 queue_push=28382664 core_rx=73937506
BNO_CORE_EVENT kind=4 report_seq=102 uart_sequence=5970 sensor_raw=4294958696 sensor_converted=4294958696 xiao_rx=28382691 queue_push=28382693 core_rx=73940207
BNO_CORE_EVENT kind=1 report_seq=48 uart_sequence=5971 sensor_raw=4294958696 sensor_converted=4294958696 xiao_rx=28382699 queue_push=28382701 core_rx=73941415
BNO_CORE_EVENT kind=1 report_seq=49 uart_sequence=5972 sensor_raw=4294966496 sensor_converted=4294966496 xiao_rx=28382707 queue_push=28382709 core_rx=73942523
BNO_CORE_EVENT kind=2 report_seq=152 uart_sequence=5974 sensor_raw=4294958396 sensor_converted=4294958396 xiao_rx=28386696 queue_push=28386700 core_rx=73946179
BNO_CORE_EVENT kind=1 report_seq=50 uart_sequence=5975 sensor_raw=4294964196 sensor_converted=4294964196 xiao_rx=28386712 queue_push=28386714 core_rx=73947306
BNO_CORE_EVENT kind=2 report_seq=153 uart_sequence=5979 sensor_raw=4294964096 sensor_converted=4294964096 xiao_rx=28398336 queue_push=28398346 core_rx=73955508
BNO_CORE_EVENT kind=3 report_seq=204 uart_sequence=5980 sensor_raw=4294964096 sensor_converted=4294964096 xiao_rx=28398372 queue_push=28398374 core_rx=73957051
BNO_CORE_EVENT kind=5 report_seq=204 uart_sequence=5981 sensor_raw=4294952596 sensor_converted=4294952596 xiao_rx=28404856 queue_push=28404859 core_rx=73958693
BNO_CORE_EVENT kind=1 report_seq=51 uart_sequence=5982 sensor_raw=4294956396 sensor_converted=4294956396 xiao_rx=28404871 queue_push=28404873 core_rx=73959829
BNO_CORE_EVENT kind=2 report_seq=154 uart_sequence=5983 sensor_raw=4294962696 sensor_converted=4294962696 xiao_rx=28404879 queue_push=28404881 core_rx=73960871
BNO_CORE_EVENT kind=1 report_seq=52 uart_sequence=5984 sensor_raw=4294964396 sensor_converted=4294964396 xiao_rx=28404888 queue_push=28404889 core_rx=73963269
BNO_CORE_EVENT kind=1 report_seq=53 uart_sequence=5987 sensor_raw=4294965496 sensor_converted=4294965496 xiao_rx=28413656 queue_push=28413664 core_rx=73975492
BNO_CORE_EVENT kind=2 report_seq=155 uart_sequence=5988 sensor_raw=4294956996 sensor_converted=4294956996 xiao_rx=28420359 queue_push=28420364 core_rx=73978144
BNO_CORE_EVENT kind=3 report_seq=205 uart_sequence=5989 sensor_raw=4294956996 sensor_converted=4294956996 xiao_rx=28420383 queue_push=28420385 core_rx=73979205
BNO_CORE_EVENT kind=5 report_seq=205 uart_sequence=5990 sensor_raw=4294957096 sensor_converted=4294957096 xiao_rx=28420393 queue_push=28420396 core_rx=73980259
BNO_CORE_EVENT kind=4 report_seq=103 uart_sequence=5991 sensor_raw=4294957096 sensor_converted=4294957096 xiao_rx=28420404 queue_push=28420406 core_rx=73981832
BNO_CORE_EVENT kind=1 report_seq=54 uart_sequence=5992 sensor_raw=4294965296 sensor_converted=4294965296 xiao_rx=28420413 queue_push=28420414 core_rx=73982978
BNO_CORE_EVENT kind=2 report_seq=156 uart_sequence=5993 sensor_raw=4294960196 sensor_converted=4294960196 xiao_rx=28425098 queue_push=28425101 core_rx=73984051
BNO_CORE_EVENT kind=1 report_seq=55 uart_sequence=5994 sensor_raw=4294965996 sensor_converted=4294965996 xiao_rx=28425121 queue_push=28425122 core_rx=73985084
BNO_CORE_EVENT kind=2 report_seq=157 uart_sequence=5996 sensor_raw=4294964396 sensor_converted=4294964396 xiao_rx=28435512 queue_push=28435530 core_rx=73990006
BNO_CORE_EVENT kind=3 report_seq=206 uart_sequence=5997 sensor_raw=4294955196 sensor_converted=4294955196 xiao_rx=28439950 queue_push=28439952 core_rx=73992488
BNO_CORE_EVENT kind=5 report_seq=206 uart_sequence=5998 sensor_raw=4294955196 sensor_converted=4294955196 xiao_rx=28439963 queue_push=28439965 core_rx=73993660
BNO_CORE_EVENT kind=1 report_seq=56 uart_sequence=5999 sensor_raw=4294958796 sensor_converted=4294958796 xiao_rx=28439971 queue_push=28439973 core_rx=73995783
BNO_CORE_EVENT kind=2 report_seq=158 uart_sequence=6002 sensor_raw=4294960596 sensor_converted=4294960596 xiao_rx=28451442 queue_push=28451451 core_rx=74003462
BNO_CORE_EVENT kind=1 report_seq=57 uart_sequence=6003 sensor_raw=4294962196 sensor_converted=4294962196 xiao_rx=28451479 queue_push=28451481 core_rx=74004646
BNO_CORE_EVENT kind=1 report_seq=58 uart_sequence=6006 sensor_raw=4294959096 sensor_converted=4294959096 xiao_rx=28461968 queue_push=28461973 core_rx=74016495
BNO_CORE_EVENT kind=2 report_seq=159 uart_sequence=6007 sensor_raw=4294959096 sensor_converted=4294959096 xiao_rx=28461999 queue_push=28462001 core_rx=74019204
BNO_CORE_EVENT kind=3 report_seq=207 uart_sequence=6008 sensor_raw=4294959096 sensor_converted=4294959096 xiao_rx=28462013 queue_push=28462015 core_rx=74020406
BNO_CORE_EVENT kind=5 report_seq=207 uart_sequence=6009 sensor_raw=4294959096 sensor_converted=4294959096 xiao_rx=28462021 queue_push=28462023 core_rx=74021438
BNO_CORE_EVENT kind=4 report_seq=104 uart_sequence=6010 sensor_raw=4294959096 sensor_converted=4294959096 xiao_rx=28462031 queue_push=28462033 core_rx=74022767
BNO_CORE_EVENT kind=1 report_seq=59 uart_sequence=6011 sensor_raw=4294966596 sensor_converted=4294966596 xiao_rx=28462039 queue_push=28462041 core_rx=74023798
BNO_CORE_EVENT kind=2 report_seq=160 uart_sequence=6012 sensor_raw=4294958896 sensor_converted=4294958896 xiao_rx=28465970 queue_push=28465972 core_rx=74024845
BNO_CORE_EVENT kind=1 report_seq=60 uart_sequence=6013 sensor_raw=4294963796 sensor_converted=4294963796 xiao_rx=28465978 queue_push=28465980 core_rx=74025895
BNO_CORE_EVENT kind=2 report_seq=161 uart_sequence=6016 sensor_raw=4294964396 sensor_converted=4294964396 xiao_rx=28478120 queue_push=28478130 core_rx=74035500
BNO_CORE_EVENT kind=3 report_seq=208 uart_sequence=6018 sensor_raw=4294964396 sensor_converted=4294964396 xiao_rx=28478154 queue_push=28478155 core_rx=74039090
BNO_CORE_EVENT kind=5 report_seq=208 uart_sequence=6019 sensor_raw=4294952796 sensor_converted=4294952796 xiao_rx=28484650 queue_push=28484653 core_rx=74040317
BNO_CORE_EVENT kind=1 report_seq=61 uart_sequence=6020 sensor_raw=4294955896 sensor_converted=4294955896 xiao_rx=28484665 queue_push=28484667 core_rx=74042287
BNO_CORE_EVENT kind=2 report_seq=162 uart_sequence=6021 sensor_raw=4294962896 sensor_converted=4294962896 xiao_rx=28484676 queue_push=28484677 core_rx=74043348
BNO_CORE_EVENT kind=1 report_seq=62 uart_sequence=6022 sensor_raw=4294963696 sensor_converted=4294963696 xiao_rx=28484684 queue_push=28484686 core_rx=74044432
BNO_CORE_EVENT kind=1 report_seq=63 uart_sequence=6025 sensor_raw=4294964796 sensor_converted=4294964796 xiao_rx=28495356 queue_push=28495363 core_rx=74052498
BNO_CORE_EVENT kind=2 report_seq=163 uart_sequence=6026 sensor_raw=4294955096 sensor_converted=4294955096 xiao_rx=28501606 queue_push=28501608 core_rx=74055144
BNO_CORE_EVENT kind=3 report_seq=209 uart_sequence=6027 sensor_raw=4294955096 sensor_converted=4294955096 xiao_rx=28501620 queue_push=28501621 core_rx=74056186
BNO_CORE_EVENT kind=5 report_seq=209 uart_sequence=6028 sensor_raw=4294955096 sensor_converted=4294955096 xiao_rx=28501628 queue_push=28501629 core_rx=74057241
BNO_CORE_EVENT kind=4 report_seq=105 uart_sequence=6029 sensor_raw=4294955396 sensor_converted=4294955396 xiao_rx=28501637 queue_push=28501639 core_rx=74058784
BNO_CORE_EVENT kind=1 report_seq=64 uart_sequence=6030 sensor_raw=4294962596 sensor_converted=4294962596 xiao_rx=28501646 queue_push=28501648 core_rx=74059940
BNO_CORE_EVENT kind=2 report_seq=164 uart_sequence=6035 sensor_raw=4294959096 sensor_converted=4294959096 xiao_rx=28516085 queue_push=28516094 core_rx=74076493
BNO_CORE_EVENT kind=1 report_seq=65 uart_sequence=6036 sensor_raw=4294963796 sensor_converted=4294963796 xiao_rx=28516120 queue_push=28516122 core_rx=74079145
BNO_CORE_EVENT kind=2 report_seq=165 uart_sequence=6037 sensor_raw=4294954896 sensor_converted=4294954896 xiao_rx=28522397 queue_push=28522400 core_rx=74080195
BNO_CORE_EVENT kind=3 report_seq=210 uart_sequence=6038 sensor_raw=4294954896 sensor_converted=4294954896 xiao_rx=28522423 queue_push=28522425 core_rx=74081266
BNO_CORE_EVENT kind=5 report_seq=210 uart_sequence=6039 sensor_raw=4294954896 sensor_converted=4294954896 xiao_rx=28522433 queue_push=28522434 core_rx=74082765
BNO_CORE_EVENT kind=1 report_seq=66 uart_sequence=6040 sensor_raw=4294957196 sensor_converted=4294957196 xiao_rx=28522441 queue_push=28522442 core_rx=74083881
BNO_CORE_EVENT kind=2 report_seq=166 uart_sequence=6041 sensor_raw=4294964596 sensor_converted=4294964596 xiao_rx=28522449 queue_push=28522451 core_rx=74084948
BNO_CORE_EVENT kind=1 report_seq=67 uart_sequence=6042 sensor_raw=4294958896 sensor_converted=4294958896 xiao_rx=28525595 queue_push=28525598 core_rx=74085981
BNO_CORE_EVENT kind=1 report_seq=68 uart_sequence=6043 sensor_raw=4294963696 sensor_converted=4294963696 xiao_rx=28535478 queue_push=28535484 core_rx=74088483
BNO_CORE_EVENT kind=2 report_seq=167 uart_sequence=6045 sensor_raw=4294955596 sensor_converted=4294955596 xiao_rx=28543595 queue_push=28543602 core_rx=74095452
BNO_CORE_EVENT kind=3 report_seq=211 uart_sequence=6046 sensor_raw=4294955596 sensor_converted=4294955596 xiao_rx=28543624 queue_push=28543626 core_rx=74096662
BNO_CORE_EVENT kind=5 report_seq=211 uart_sequence=6047 sensor_raw=4294955596 sensor_converted=4294955596 xiao_rx=28543635 queue_push=28543637 core_rx=74098320
BNO_CORE_EVENT kind=4 report_seq=106 uart_sequence=6048 sensor_raw=4294955596 sensor_converted=4294955596 xiao_rx=28543645 queue_push=28543646 core_rx=74099452
BNO_CORE_EVENT kind=1 report_seq=69 uart_sequence=6049 sensor_raw=4294962096 sensor_converted=4294962096 xiao_rx=28543653 queue_push=28543654 core_rx=74100517
BNO_CORE_EVENT kind=2 report_seq=168 uart_sequence=6052 sensor_raw=4294956896 sensor_converted=4294956896 xiao_rx=28553271 queue_push=28553284 core_rx=74109480
BNO_CORE_EVENT kind=1 report_seq=70 uart_sequence=6053 sensor_raw=4294961596 sensor_converted=4294961596 xiao_rx=28553312 queue_push=28553314 core_rx=74112142
BNO_CORE_EVENT kind=2 report_seq=169 uart_sequence=6054 sensor_raw=4294957396 sensor_converted=4294957396 xiao_rx=28558672 queue_push=28558674 core_rx=74113192
BNO_CORE_EVENT kind=3 report_seq=212 uart_sequence=6055 sensor_raw=4294957396 sensor_converted=4294957396 xiao_rx=28558691 queue_push=28558692 core_rx=74114242
BNO_CORE_EVENT kind=5 report_seq=212 uart_sequence=6056 sensor_raw=4294957396 sensor_converted=4294957396 xiao_rx=28558699 queue_push=28558701 core_rx=74115762
BNO_CORE_EVENT kind=1 report_seq=71 uart_sequence=6057 sensor_raw=4294959696 sensor_converted=4294959696 xiao_rx=28558707 queue_push=28558709 core_rx=74116876
BNO_CORE_EVENT kind=2 report_seq=170 uart_sequence=6060 sensor_raw=4294961896 sensor_converted=4294961896 xiao_rx=28569211 queue_push=28569219 core_rx=74131485
BNO_CORE_EVENT kind=1 report_seq=72 uart_sequence=6061 sensor_raw=4294962196 sensor_converted=4294962196 xiao_rx=28569241 queue_push=28569242 core_rx=74134167
BNO_CORE_EVENT kind=1 report_seq=73 uart_sequence=6062 sensor_raw=4294960096 sensor_converted=4294960096 xiao_rx=28576179 queue_push=28576183 core_rx=74135284
BNO_CORE_EVENT kind=2 report_seq=171 uart_sequence=6063 sensor_raw=4294961796 sensor_converted=4294961796 xiao_rx=28576204 queue_push=28576206 core_rx=74136324
BNO_CORE_EVENT kind=3 report_seq=213 uart_sequence=6064 sensor_raw=4294961796 sensor_converted=4294961796 xiao_rx=28576217 queue_push=28576219 core_rx=74137900
BNO_CORE_EVENT kind=5 report_seq=213 uart_sequence=6065 sensor_raw=4294961796 sensor_converted=4294961796 xiao_rx=28576225 queue_push=28576227 core_rx=74139047
BNO_CORE_EVENT kind=4 report_seq=107 uart_sequence=6066 sensor_raw=4294961796 sensor_converted=4294961796 xiao_rx=28576235 queue_push=28576237 core_rx=74140121
BNO_CORE_EVENT kind=1 report_seq=74 uart_sequence=6067 sensor_raw=4294961096 sensor_converted=4294961096 xiao_rx=28580315 queue_push=28580319 core_rx=74141151
BNO_CORE_EVENT kind=2 report_seq=172 uart_sequence=6068 sensor_raw=4294964196 sensor_converted=4294964196 xiao_rx=28580332 queue_push=28580333 core_rx=74142507
BNO_CORE_EVENT kind=1 report_seq=75 uart_sequence=6072 sensor_raw=4294964596 sensor_converted=4294964596 xiao_rx=28595219 queue_push=28595226 core_rx=74155073
BNO_CORE_EVENT kind=2 report_seq=173 uart_sequence=6073 sensor_raw=4294955496 sensor_converted=4294955496 xiao_rx=28601489 queue_push=28601491 core_rx=74157143
BNO_CORE_EVENT kind=3 report_seq=214 uart_sequence=6074 sensor_raw=4294955496 sensor_converted=4294955496 xiao_rx=28601523 queue_push=28601525 core_rx=74159827
BNO_CORE_EVENT kind=5 report_seq=214 uart_sequence=6075 sensor_raw=4294955496 sensor_converted=4294955496 xiao_rx=28601531 queue_push=28601533 core_rx=74161011
BNO_CORE_EVENT kind=1 report_seq=76 uart_sequence=6076 sensor_raw=4294957296 sensor_converted=4294957296 xiao_rx=28601540 queue_push=28601541 core_rx=74162079
BNO_CORE_EVENT kind=1 report_seq=77 uart_sequence=6078 sensor_raw=4294965396 sensor_converted=4294965396 xiao_rx=28601548 queue_push=28601549 core_rx=74166975
BNO_CORE_EVENT kind=2 report_seq=174 uart_sequence=6080 sensor_raw=4294959296 sensor_converted=4294959296 xiao_rx=28604667 queue_push=28604668 core_rx=74168417
BNO_CORE_EVENT kind=1 report_seq=78 uart_sequence=6083 sensor_raw=4294963696 sensor_converted=4294963696 xiao_rx=28616981 queue_push=28616989 core_rx=74174470
BNO_CORE_EVENT kind=2 report_seq=175 uart_sequence=6084 sensor_raw=4294953396 sensor_converted=4294953396 xiao_rx=28624187 queue_push=28624192 core_rx=74176451
BNO_CORE_EVENT kind=3 report_seq=215 uart_sequence=6085 sensor_raw=4294953396 sensor_converted=4294953396 xiao_rx=28624216 queue_push=28624218 core_rx=74177511
BNO_CORE_EVENT kind=5 report_seq=215 uart_sequence=6086 sensor_raw=4294953396 sensor_converted=4294953396 xiao_rx=28624225 queue_push=28624227 core_rx=74179822
BNO_CORE_EVENT kind=4 report_seq=108 uart_sequence=6087 sensor_raw=4294953696 sensor_converted=4294953696 xiao_rx=28624235 queue_push=28624237 core_rx=74181017
BNO_CORE_EVENT kind=1 report_seq=79 uart_sequence=6088 sensor_raw=4294959596 sensor_converted=4294959596 xiao_rx=28624244 queue_push=28624245 core_rx=74182058
BNO_CORE_EVENT kind=2 report_seq=176 uart_sequence=6089 sensor_raw=4294963796 sensor_converted=4294963796 xiao_rx=28624252 queue_push=28624254 core_rx=74183086
BNO_CORE_EVENT kind=1 report_seq=80 uart_sequence=6091 sensor_raw=4294959296 sensor_converted=4294959296 xiao_rx=28634607 queue_push=28634614 core_rx=74187334
BNO_CORE_EVENT kind=2 report_seq=177 uart_sequence=6093 sensor_raw=4294955996 sensor_converted=4294955996 xiao_rx=28641873 queue_push=28641880 core_rx=74196494
BNO_CORE_EVENT kind=3 report_seq=216 uart_sequence=6094 sensor_raw=4294955996 sensor_converted=4294955996 xiao_rx=28641903 queue_push=28641905 core_rx=74198175
BNO_CORE_EVENT kind=5 report_seq=216 uart_sequence=6095 sensor_raw=4294955996 sensor_converted=4294955996 xiao_rx=28641914 queue_push=28641915 core_rx=74199637
BNO_CORE_EVENT kind=1 report_seq=81 uart_sequence=6096 sensor_raw=4294957196 sensor_converted=4294957196 xiao_rx=28641922 queue_push=28641923 core_rx=74200725
BNO_CORE_EVENT kind=1 report_seq=82 uart_sequence=6097 sensor_raw=4294965296 sensor_converted=4294965296 xiao_rx=28641930 queue_push=28641931 core_rx=74201780
BNO_CORE_EVENT kind=2 report_seq=178 uart_sequence=6098 sensor_raw=4294958596 sensor_converted=4294958596 xiao_rx=28645910 queue_push=28645916 core_rx=74204269
BNO_CORE_EVENT kind=1 report_seq=83 uart_sequence=6099 sensor_raw=4294966096 sensor_converted=4294966096 xiao_rx=28645929 queue_push=28645931 core_rx=74205392
BNO_CORE_EVENT kind=4 report_seq=109 uart_sequence=6101 sensor_raw=4294964396 sensor_converted=4294964396 xiao_rx=28655557 queue_push=28655567 core_rx=74211516
BNO_CORE_EVENT kind=2 report_seq=179 uart_sequence=6102 sensor_raw=4294954896 sensor_converted=4294954896 xiao_rx=28660921 queue_push=28660925 core_rx=74214197
BNO_CORE_EVENT kind=3 report_seq=217 uart_sequence=6103 sensor_raw=4294954896 sensor_converted=4294954896 xiao_rx=28660941 queue_push=28660943 core_rx=74215394
BNO_CORE_EVENT kind=5 report_seq=217 uart_sequence=6104 sensor_raw=4294954896 sensor_converted=4294954896 xiao_rx=28660956 queue_push=28660958 core_rx=74216424
BNO_CORE_EVENT kind=1 report_seq=84 uart_sequence=6105 sensor_raw=4294960596 sensor_converted=4294960596 xiao_rx=28660965 queue_push=28660966 core_rx=74217767
BNO_CORE_EVENT kind=2 report_seq=180 uart_sequence=6109 sensor_raw=4294959696 sensor_converted=4294959696 xiao_rx=28669936 queue_push=28669944 core_rx=74232496
BNO_CORE_EVENT kind=1 report_seq=85 uart_sequence=6110 sensor_raw=4294962796 sensor_converted=4294962796 xiao_rx=28669965 queue_push=28669967 core_rx=74235174
BNO_CORE_EVENT kind=2 report_seq=181 uart_sequence=6111 sensor_raw=4294960896 sensor_converted=4294960896 xiao_rx=28676680 queue_push=28676684 core_rx=74236287
BNO_CORE_EVENT kind=3 report_seq=218 uart_sequence=6113 sensor_raw=4294960896 sensor_converted=4294960896 xiao_rx=28676708 queue_push=28676710 core_rx=74238832
BNO_CORE_EVENT kind=5 report_seq=218 uart_sequence=6114 sensor_raw=4294960896 sensor_converted=4294960896 xiao_rx=28676719 queue_push=28676721 core_rx=74240059
BNO_CORE_EVENT kind=1 report_seq=86 uart_sequence=6115 sensor_raw=4294961596 sensor_converted=4294961596 xiao_rx=28676727 queue_push=28676729 core_rx=74241124
BNO_CORE_EVENT kind=1 report_seq=87 uart_sequence=6116 sensor_raw=4294962796 sensor_converted=4294962796 xiao_rx=28681447 queue_push=28681451 core_rx=74242182
BNO_CORE_EVENT kind=2 report_seq=182 uart_sequence=6117 sensor_raw=4294963696 sensor_converted=4294963696 xiao_rx=28681464 queue_push=28681467 core_rx=74243702
BNO_CORE_EVENT kind=1 report_seq=88 uart_sequence=6121 sensor_raw=4294965896 sensor_converted=4294965896 xiao_rx=28695944 queue_push=28695952 core_rx=74252531
BNO_CORE_EVENT kind=2 report_seq=183 uart_sequence=6122 sensor_raw=4294954696 sensor_converted=4294954696 xiao_rx=28702217 queue_push=28702220 core_rx=74254012
BNO_CORE_EVENT kind=3 report_seq=219 uart_sequence=6123 sensor_raw=4294954696 sensor_converted=4294954696 xiao_rx=28702231 queue_push=28702232 core_rx=74256112
BNO_CORE_EVENT kind=5 report_seq=219 uart_sequence=6124 sensor_raw=4294954696 sensor_converted=4294954696 xiao_rx=28702239 queue_push=28702241 core_rx=74257167
BNO_CORE_EVENT kind=4 report_seq=110 uart_sequence=6125 sensor_raw=4294954696 sensor_converted=4294954696 xiao_rx=28702249 queue_push=28702250 core_rx=74258219
BNO_CORE_EVENT kind=1 report_seq=89 uart_sequence=6126 sensor_raw=4294959796 sensor_converted=4294959796 xiao_rx=28702257 queue_push=28702259 core_rx=74259257
BNO_CORE_EVENT kind=2 report_seq=184 uart_sequence=6130 sensor_raw=4294958696 sensor_converted=4294958696 xiao_rx=28710765 queue_push=28710774 core_rx=74272097
BNO_CORE_EVENT kind=1 report_seq=90 uart_sequence=6131 sensor_raw=4294960996 sensor_converted=4294960996 xiao_rx=28710797 queue_push=28710799 core_rx=74273627
BNO_CORE_EVENT kind=2 report_seq=185 uart_sequence=6132 sensor_raw=4294960796 sensor_converted=4294960796 xiao_rx=28716617 queue_push=28716620 core_rx=74275333
BNO_CORE_EVENT kind=3 report_seq=220 uart_sequence=6133 sensor_raw=4294960796 sensor_converted=4294960796 xiao_rx=28716643 queue_push=28716645 core_rx=74276522
BNO_CORE_EVENT kind=5 report_seq=220 uart_sequence=6134 sensor_raw=4294960796 sensor_converted=4294960796 xiao_rx=28716652 queue_push=28716654 core_rx=74277558
BNO_CORE_EVENT kind=1 report_seq=91 uart_sequence=6135 sensor_raw=4294961096 sensor_converted=4294961096 xiao_rx=28716660 queue_push=28716662 core_rx=74279925
BNO_CORE_EVENT kind=1 report_seq=92 uart_sequence=6136 sensor_raw=4294962596 sensor_converted=4294962596 xiao_rx=28721441 queue_push=28721444 core_rx=74281064
BNO_CORE_EVENT kind=2 report_seq=186 uart_sequence=6137 sensor_raw=4294963796 sensor_converted=4294963796 xiao_rx=28721464 queue_push=28721466 core_rx=74282128
BNO_CORE_EVENT kind=1 report_seq=93 uart_sequence=6139 sensor_raw=4294965696 sensor_converted=4294965696 xiao_rx=28733109 queue_push=28733116 core_rx=74285453
BNO_CORE_EVENT kind=2 report_seq=187 uart_sequence=6141 sensor_raw=4294957596 sensor_converted=4294957596 xiao_rx=28740238 queue_push=28740246 core_rx=74295490
BNO_CORE_EVENT kind=3 report_seq=221 uart_sequence=6142 sensor_raw=4294957596 sensor_converted=4294957596 xiao_rx=28740275 queue_push=28740276 core_rx=74297450
BNO_CORE_EVENT kind=5 report_seq=221 uart_sequence=6143 sensor_raw=4294957596 sensor_converted=4294957596 xiao_rx=28740286 queue_push=28740287 core_rx=74298519
BNO_CORE_EVENT kind=4 report_seq=111 uart_sequence=6144 sensor_raw=4294957596 sensor_converted=4294957596 xiao_rx=28740295 queue_push=28740297 core_rx=74300383
BNO_CORE_EVENT kind=1 report_seq=94 uart_sequence=6145 sensor_raw=4294961796 sensor_converted=4294961796 xiao_rx=28740304 queue_push=28740306 core_rx=74301571
BNO_CORE_EVENT kind=2 report_seq=188 uart_sequence=6146 sensor_raw=4294960196 sensor_converted=4294960196 xiao_rx=28744937 queue_push=28744940 core_rx=74302647
BNO_CORE_EVENT kind=1 report_seq=95 uart_sequence=6147 sensor_raw=4294962496 sensor_converted=4294962496 xiao_rx=28744953 queue_push=28744955 core_rx=74304890
BNO_CORE_EVENT kind=2 report_seq=189 uart_sequence=6150 sensor_raw=4294964796 sensor_converted=4294964796 xiao_rx=28756147 queue_push=28756157 core_rx=74316510
BNO_CORE_EVENT kind=3 report_seq=222 uart_sequence=6151 sensor_raw=4294954196 sensor_converted=4294954196 xiao_rx=28762407 queue_push=28762410 core_rx=74319142
BNO_CORE_EVENT kind=5 report_seq=222 uart_sequence=6152 sensor_raw=4294954196 sensor_converted=4294954196 xiao_rx=28762426 queue_push=28762428 core_rx=74320192
BNO_CORE_EVENT kind=1 report_seq=96 uart_sequence=6153 sensor_raw=4294954496 sensor_converted=4294954496 xiao_rx=28762434 queue_push=28762436 core_rx=74321250
BNO_CORE_EVENT kind=1 report_seq=97 uart_sequence=6154 sensor_raw=4294962996 sensor_converted=4294962996 xiao_rx=28762443 queue_push=28762444 core_rx=74322793
BNO_CORE_EVENT kind=2 report_seq=190 uart_sequence=6155 sensor_raw=4294964696 sensor_converted=4294964696 xiao_rx=28762453 queue_push=28762455 core_rx=74323921
BNO_CORE_EVENT kind=1 report_seq=98 uart_sequence=6156 sensor_raw=4294964196 sensor_converted=4294964196 xiao_rx=28765564 queue_push=28765565 core_rx=74324950
BNO_CORE_EVENT kind=2 report_seq=191 uart_sequence=6158 sensor_raw=4294964796 sensor_converted=4294964796 xiao_rx=28776096 queue_push=28776106 core_rx=74329444
BNO_CORE_EVENT kind=3 report_seq=223 uart_sequence=6160 sensor_raw=4294954496 sensor_converted=4294954496 xiao_rx=28785236 queue_push=28785243 core_rx=74339502
BNO_CORE_EVENT kind=5 report_seq=223 uart_sequence=6161 sensor_raw=4294954496 sensor_converted=4294954496 xiao_rx=28785270 queue_push=28785271 core_rx=74342207
BNO_CORE_EVENT kind=4 report_seq=112 uart_sequence=6162 sensor_raw=4294954596 sensor_converted=4294954596 xiao_rx=28785284 queue_push=28785286 core_rx=74343399
BNO_CORE_EVENT kind=1 report_seq=99 uart_sequence=6163 sensor_raw=4294958296 sensor_converted=4294958296 xiao_rx=28785295 queue_push=28785297 core_rx=74344436
BNO_CORE_EVENT kind=2 report_seq=192 uart_sequence=6164 sensor_raw=4294964696 sensor_converted=4294964696 xiao_rx=28785305 queue_push=28785308 core_rx=74345726
BNO_CORE_EVENT kind=1 report_seq=100 uart_sequence=6165 sensor_raw=4294957096 sensor_converted=4294957096 xiao_rx=28788665 queue_push=28788669 core_rx=74346789
BNO_CORE_EVENT kind=1 report_seq=101 uart_sequence=6166 sensor_raw=4294965096 sensor_converted=4294965096 xiao_rx=28788681 queue_push=28788683 core_rx=74347835
BNO_CORE_EVENT kind=2 report_seq=193 uart_sequence=6170 sensor_raw=4294961696 sensor_converted=4294961696 xiao_rx=28802978 queue_push=28802988 core_rx=74358512
BNO_CORE_EVENT kind=3 report_seq=224 uart_sequence=6171 sensor_raw=4294961696 sensor_converted=4294961696 xiao_rx=28803011 queue_push=28803012 core_rx=74360227
BNO_CORE_EVENT kind=5 report_seq=224 uart_sequence=6172 sensor_raw=4294961996 sensor_converted=4294961996 xiao_rx=28803024 queue_push=28803026 core_rx=74361347
BNO_CORE_EVENT kind=1 report_seq=102 uart_sequence=6173 sensor_raw=4294955796 sensor_converted=4294955796 xiao_rx=28807909 queue_push=28807910 core_rx=74363828
BNO_CORE_EVENT kind=2 report_seq=194 uart_sequence=6174 sensor_raw=4294957896 sensor_converted=4294957896 xiao_rx=28807917 queue_push=28807918 core_rx=74365021
BNO_CORE_EVENT kind=1 report_seq=103 uart_sequence=6175 sensor_raw=4294963496 sensor_converted=4294963496 xiao_rx=28807925 queue_push=28807927 core_rx=74366082
BNO_CORE_EVENT kind=2 report_seq=195 uart_sequence=6180 sensor_raw=4294963096 sensor_converted=4294963096 xiao_rx=28823096 queue_push=28823106 core_rx=74379091
BNO_CORE_EVENT kind=3 report_seq=225 uart_sequence=6181 sensor_raw=4294963096 sensor_converted=4294963096 xiao_rx=28823134 queue_push=28823135 core_rx=74380650
BNO_CORE_EVENT kind=5 report_seq=225 uart_sequence=6182 sensor_raw=4294963096 sensor_converted=4294963096 xiao_rx=28823147 queue_push=28823148 core_rx=74382329
BNO_CORE_EVENT kind=4 report_seq=113 uart_sequence=6183 sensor_raw=4294948096 sensor_converted=4294948096 xiao_rx=28828400 queue_push=28828403 core_rx=74383495
BNO_CORE_EVENT kind=1 report_seq=104 uart_sequence=6184 sensor_raw=4294950996 sensor_converted=4294950996 xiao_rx=28828424 queue_push=28828426 core_rx=74384531
BNO_CORE_EVENT kind=2 report_seq=196 uart_sequence=6185 sensor_raw=4294957796 sensor_converted=4294957796 xiao_rx=28828433 queue_push=28828435 core_rx=74386918
BNO_CORE_EVENT kind=1 report_seq=105 uart_sequence=6186 sensor_raw=4294958896 sensor_converted=4294958896 xiao_rx=28828443 queue_push=28828444 core_rx=74388101
BNO_CORE_EVENT kind=1 report_seq=106 uart_sequence=6188 sensor_raw=4294961496 sensor_converted=4294961496 xiao_rx=28840081 queue_push=28840091 core_rx=74396507
BNO_CORE_EVENT kind=2 report_seq=197 uart_sequence=6189 sensor_raw=4294961996 sensor_converted=4294961996 xiao_rx=28840116 queue_push=28840119 core_rx=74399141
BNO_CORE_EVENT kind=3 report_seq=226 uart_sequence=6190 sensor_raw=4294961996 sensor_converted=4294961996 xiao_rx=28840130 queue_push=28840132 core_rx=74400184
BNO_CORE_EVENT kind=5 report_seq=226 uart_sequence=6191 sensor_raw=4294962196 sensor_converted=4294962196 xiao_rx=28840139 queue_push=28840141 core_rx=74401247
BNO_CORE_EVENT kind=1 report_seq=107 uart_sequence=6192 sensor_raw=4294958196 sensor_converted=4294958196 xiao_rx=28845659 queue_push=28845662 core_rx=74402776
BNO_CORE_EVENT kind=2 report_seq=198 uart_sequence=6194 sensor_raw=4294960696 sensor_converted=4294960696 xiao_rx=28845674 queue_push=28845676 core_rx=74404760
BNO_CORE_EVENT kind=1 report_seq=108 uart_sequence=6195 sensor_raw=4294965696 sensor_converted=4294965696 xiao_rx=28845682 queue_push=28845684 core_rx=74405790
BNO_CORE_EVENT kind=2 report_seq=199 uart_sequence=6197 sensor_raw=4294964596 sensor_converted=4294964596 xiao_rx=28856087 queue_push=28856097 core_rx=74413515
BNO_CORE_EVENT kind=3 report_seq=227 uart_sequence=6198 sensor_raw=4294954196 sensor_converted=4294954196 xiao_rx=28862349 queue_push=28862351 core_rx=74416193
BNO_CORE_EVENT kind=5 report_seq=227 uart_sequence=6199 sensor_raw=4294954496 sensor_converted=4294954496 xiao_rx=28862364 queue_push=28862366 core_rx=74417397
BNO_CORE_EVENT kind=4 report_seq=114 uart_sequence=6200 sensor_raw=4294954496 sensor_converted=4294954496 xiao_rx=28862374 queue_push=28862376 core_rx=74418427
BNO_CORE_EVENT kind=1 report_seq=109 uart_sequence=6201 sensor_raw=4294957396 sensor_converted=4294957396 xiao_rx=28862382 queue_push=28862384 core_rx=74419731
BNO_CORE_EVENT kind=2 report_seq=200 uart_sequence=6202 sensor_raw=4294964696 sensor_converted=4294964696 xiao_rx=28862390 queue_push=28862392 core_rx=74420786
BNO_CORE_EVENT kind=1 report_seq=110 uart_sequence=6207 sensor_raw=4294959296 sensor_converted=4294959296 xiao_rx=28875796 queue_push=28875802 core_rx=74437472
BNO_CORE_EVENT kind=1 report_seq=111 uart_sequence=6208 sensor_raw=4294953596 sensor_converted=4294953596 xiao_rx=28882093 queue_push=28882096 core_rx=74438704
BNO_CORE_EVENT kind=2 report_seq=201 uart_sequence=6209 sensor_raw=4294954996 sensor_converted=4294954996 xiao_rx=28882118 queue_push=28882121 core_rx=74440782
BNO_CORE_EVENT kind=3 report_seq=228 uart_sequence=6210 sensor_raw=4294954996 sensor_converted=4294954996 xiao_rx=28882132 queue_push=28882134 core_rx=74441843
BNO_CORE_EVENT kind=5 report_seq=228 uart_sequence=6211 sensor_raw=4294954996 sensor_converted=4294954996 xiao_rx=28882141 queue_push=28882142 core_rx=74442881
BNO_CORE_EVENT kind=1 report_seq=112 uart_sequence=6212 sensor_raw=4294961896 sensor_converted=4294961896 xiao_rx=28882149 queue_push=28882151 core_rx=74443910
BNO_CORE_EVENT kind=2 report_seq=202 uart_sequence=6213 sensor_raw=4294958696 sensor_converted=4294958696 xiao_rx=28886109 queue_push=28886112 core_rx=74444946
BNO_CORE_EVENT kind=1 report_seq=113 uart_sequence=6214 sensor_raw=4294963196 sensor_converted=4294963196 xiao_rx=28886122 queue_push=28886124 core_rx=74447389
BNO_CORE_EVENT kind=2 report_seq=203 uart_sequence=6215 sensor_raw=4294964196 sensor_converted=4294964196 xiao_rx=28896676 queue_push=28896686 core_rx=74451996
BNO_CORE_EVENT kind=3 report_seq=229 uart_sequence=6216 sensor_raw=4294964196 sensor_converted=4294964196 xiao_rx=28896705 queue_push=28896707 core_rx=74453733
BNO_CORE_EVENT kind=5 report_seq=229 uart_sequence=6217 sensor_raw=4294954096 sensor_converted=4294954096 xiao_rx=28901853 queue_push=28901855 core_rx=74455841
BNO_CORE_EVENT kind=4 report_seq=115 uart_sequence=6219 sensor_raw=4294954096 sensor_converted=4294954096 xiao_rx=28901863 queue_push=28901865 core_rx=74460053
BNO_CORE_EVENT kind=1 report_seq=114 uart_sequence=6220 sensor_raw=4294956596 sensor_converted=4294956596 xiao_rx=28901871 queue_push=28901873 core_rx=74461298
BNO_CORE_EVENT kind=2 report_seq=204 uart_sequence=6221 sensor_raw=4294963996 sensor_converted=4294963996 xiao_rx=28901879 queue_push=28901881 core_rx=74462353
BNO_CORE_EVENT kind=1 report_seq=115 uart_sequence=6227 sensor_raw=4294959296 sensor_converted=4294959296 xiao_rx=28915417 queue_push=28915425 core_rx=74477479
BNO_CORE_EVENT kind=1 report_seq=116 uart_sequence=6228 sensor_raw=4294953596 sensor_converted=4294953596 xiao_rx=28921740 queue_push=28921744 core_rx=74480195
BNO_CORE_EVENT kind=2 report_seq=205 uart_sequence=6229 sensor_raw=4294955396 sensor_converted=4294955396 xiao_rx=28921765 queue_push=28921768 core_rx=74481374
BNO_CORE_EVENT kind=3 report_seq=230 uart_sequence=6230 sensor_raw=4294955396 sensor_converted=4294955396 xiao_rx=28921779 queue_push=28921780 core_rx=74482446
BNO_CORE_EVENT kind=5 report_seq=230 uart_sequence=6231 sensor_raw=4294955396 sensor_converted=4294955396 xiao_rx=28921787 queue_push=28921789 core_rx=74485241
BNO_CORE_EVENT kind=1 report_seq=117 uart_sequence=6232 sensor_raw=4294961896 sensor_converted=4294961896 xiao_rx=28921795 queue_push=28921797 core_rx=74486333
BNO_CORE_EVENT kind=2 report_seq=206 uart_sequence=6233 sensor_raw=4294959096 sensor_converted=4294959096 xiao_rx=28926522 queue_push=28926524 core_rx=74487393
BNO_CORE_EVENT kind=1 report_seq=118 uart_sequence=6234 sensor_raw=4294963096 sensor_converted=4294963096 xiao_rx=28926534 queue_push=28926535 core_rx=74488424
BNO_CORE_EVENT kind=2 report_seq=207 uart_sequence=6238 sensor_raw=4294964396 sensor_converted=4294964396 xiao_rx=28938267 queue_push=28938283 core_rx=74503516
BNO_CORE_EVENT kind=3 report_seq=231 uart_sequence=6239 sensor_raw=4294952996 sensor_converted=4294952996 xiao_rx=28946765 queue_push=28946768 core_rx=74506207
BNO_CORE_EVENT kind=5 report_seq=231 uart_sequence=6240 sensor_raw=4294952996 sensor_converted=4294952996 xiao_rx=28946792 queue_push=28946793 core_rx=74507403
BNO_CORE_EVENT kind=4 report_seq=116 uart_sequence=6241 sensor_raw=4294952996 sensor_converted=4294952996 xiao_rx=28946805 queue_push=28946806 core_rx=74508435
BNO_CORE_EVENT kind=1 report_seq=119 uart_sequence=6242 sensor_raw=4294954596 sensor_converted=4294954596 xiao_rx=28946813 queue_push=28946814 core_rx=74509737
BNO_CORE_EVENT kind=1 report_seq=120 uart_sequence=6243 sensor_raw=4294962596 sensor_converted=4294962596 xiao_rx=28946821 queue_push=28946823 core_rx=74510808
BNO_CORE_EVENT kind=2 report_seq=208 uart_sequence=6244 sensor_raw=4294962596 sensor_converted=4294962596 xiao_rx=28946830 queue_push=28946832 core_rx=74511846
BNO_CORE_EVENT kind=1 report_seq=121 uart_sequence=6245 sensor_raw=4294961896 sensor_converted=4294961896 xiao_rx=28952209 queue_push=28952213 core_rx=74512874
BNO_CORE_EVENT kind=2 report_seq=209 uart_sequence=6246 sensor_raw=4294963496 sensor_converted=4294963496 xiao_rx=28952227 queue_push=28952229 core_rx=74515001
BNO_CORE_EVENT kind=3 report_seq=232 uart_sequence=6247 sensor_raw=4294963496 sensor_converted=4294963496 xiao_rx=28952236 queue_push=28952238 core_rx=74516045
BNO_CORE_EVENT kind=5 report_seq=232 uart_sequence=6248 sensor_raw=4294963496 sensor_converted=4294963496 xiao_rx=28952245 queue_push=28952246 core_rx=74517074
BNO_CORE_EVENT kind=1 report_seq=122 uart_sequence=6249 sensor_raw=4294964196 sensor_converted=4294964196 xiao_rx=28965132 queue_push=28965137 core_rx=74519492
BNO_CORE_EVENT kind=2 report_seq=210 uart_sequence=6251 sensor_raw=4294955696 sensor_converted=4294955696 xiao_rx=28968471 queue_push=28968474 core_rx=74525962
BNO_CORE_EVENT kind=1 report_seq=123 uart_sequence=6252 sensor_raw=4294959296 sensor_converted=4294959296 xiao_rx=28968482 queue_push=28968483 core_rx=74527066
BNO_CORE_EVENT kind=2 report_seq=211 uart_sequence=6255 sensor_raw=4294962196 sensor_converted=4294962196 xiao_rx=28980643 queue_push=28980652 core_rx=74546515
BNO_CORE_EVENT kind=3 report_seq=233 uart_sequence=6256 sensor_raw=4294962196 sensor_converted=4294962196 xiao_rx=28980681 queue_push=28980683 core_rx=74548445
BNO_CORE_EVENT kind=5 report_seq=233 uart_sequence=6257 sensor_raw=4294962196 sensor_converted=4294962196 xiao_rx=28980694 queue_push=28980696 core_rx=74549509
BNO_CORE_EVENT kind=4 report_seq=117 uart_sequence=6258 sensor_raw=4294962196 sensor_converted=4294962196 xiao_rx=28980704 queue_push=28980706 core_rx=74551785
BNO_CORE_EVENT kind=1 report_seq=124 uart_sequence=6259 sensor_raw=4294963796 sensor_converted=4294963796 xiao_rx=28980712 queue_push=28980714 core_rx=74552870
BNO_CORE_EVENT kind=1 report_seq=125 uart_sequence=6260 sensor_raw=4294960196 sensor_converted=4294960196 xiao_rx=28984702 queue_push=28984706 core_rx=74553909
BNO_CORE_EVENT kind=2 report_seq=212 uart_sequence=6261 sensor_raw=4294960196 sensor_converted=4294960196 xiao_rx=28984722 queue_push=28984723 core_rx=74554991
BNO_CORE_EVENT kind=1 report_seq=126 uart_sequence=6262 sensor_raw=4294964096 sensor_converted=4294964096 xiao_rx=28987358 queue_push=28987364 core_rx=74556100
BNO_CORE_EVENT kind=2 report_seq=213 uart_sequence=6263 sensor_raw=4294963096 sensor_converted=4294963096 xiao_rx=28992646 queue_push=28992658 core_rx=74558358
BNO_CORE_EVENT kind=3 report_seq=234 uart_sequence=6264 sensor_raw=4294963096 sensor_converted=4294963096 xiao_rx=28992694 queue_push=28992696 core_rx=74559485
BNO_CORE_EVENT kind=5 report_seq=234 uart_sequence=6265 sensor_raw=4294963096 sensor_converted=4294963096 xiao_rx=28992707 queue_push=28992709 core_rx=74560546
BNO_CORE_EVENT kind=1 report_seq=127 uart_sequence=6266 sensor_raw=4294963496 sensor_converted=4294963496 xiao_rx=28995845 queue_push=28995850 core_rx=74561591
BNO_CORE_EVENT kind=2 report_seq=214 uart_sequence=6271 sensor_raw=4294964596 sensor_converted=4294964596 xiao_rx=29012399 queue_push=29012409 core_rx=74575472
BNO_CORE_EVENT kind=1 report_seq=128 uart_sequence=6272 sensor_raw=4294951696 sensor_converted=4294951696 xiao_rx=29020247 queue_push=29020251 core_rx=74578196
BNO_CORE_EVENT kind=2 report_seq=215 uart_sequence=6273 sensor_raw=4294958496 sensor_converted=4294958496 xiao_rx=29020271 queue_push=29020272 core_rx=74579449
BNO_CORE_EVENT kind=3 report_seq=235 uart_sequence=6274 sensor_raw=4294958496 sensor_converted=4294958496 xiao_rx=29020283 queue_push=29020285 core_rx=74580475
BNO_CORE_EVENT kind=5 report_seq=235 uart_sequence=6275 sensor_raw=4294958496 sensor_converted=4294958496 xiao_rx=29020292 queue_push=29020294 core_rx=74583286
BNO_CORE_EVENT kind=4 report_seq=118 uart_sequence=6276 sensor_raw=4294958496 sensor_converted=4294958496 xiao_rx=29020302 queue_push=29020303 core_rx=74584563
BNO_CORE_EVENT kind=1 report_seq=129 uart_sequence=6278 sensor_raw=4294959596 sensor_converted=4294959596 xiao_rx=29020310 queue_push=29020311 core_rx=74587888
BNO_CORE_EVENT kind=1 report_seq=130 uart_sequence=6279 sensor_raw=4294960396 sensor_converted=4294960396 xiao_rx=29024263 queue_push=29024265 core_rx=74590193
BNO_CORE_EVENT kind=2 report_seq=216 uart_sequence=6280 sensor_raw=4294960396 sensor_converted=4294960396 xiao_rx=29024271 queue_push=29024273 core_rx=74591283
XIAO UART baud=921600 rx=GPIO8 tx=GPIO9 bytes=1150076 frames=4067 bytes_s=46532 frames_s=480 crc/cobs/len=0/0/0 seqgap=0 age_ms=8 type=7 log=1 q=0 rec=512 final=0
RXDIAG max_us=6746 budget_hits=32 byte/frame/time=32/0/0 rx_buf_max=1092 loop_period_max_us=1174994 loop_exec_max_us=1168663 free_heap=138672 min_free_heap=137792 reset_reason=0 bno_kind_1to5_s=126/100/50/25/50 queue=0 high=13 drops=0
RXDETAIL service_calls=59610 service_bytes_avg=19 service_bytes_max=512 service_frames_avg=0 service_frames_avg_x1000=160 service_frames_max=7 service_bytes_s=46412 service_frames_s=480 rxbuf_full_obs=0 bno_valid=2972 bno_invalid=0 unknown=0 uart_overflow=framework_unavailable trial_rx_bytes=394676 trial_frames=4065 trial_bno=2972 trial_crc/cobs/len=0/0/0
RXTASK mode=decode_count read_calls=59613 zero_reads=50790 read_bytes_max=512 rx_task_max_us=6746 rx_task_continuous_max_us=6746 stack_hwm_min_bytes=4472 cobs_delimiters=9585 rx_current=0 rx_max=1092 rx_full=0 overflow=framework_unavailable
SDTASK max_process_us=117824
BNO_CORE_EVENT kind=1 report_seq=131 uart_sequence=6284 sensor_raw=4294963896 sensor_converted=4294963896 xiao_rx=29041327 queue_push=29041334 core_rx=74612505
BNO_CORE_EVENT kind=2 report_seq=217 uart_sequence=6285 sensor_raw=4294949096 sensor_converted=4294949096 xiao_rx=29049868 queue_push=29049872 core_rx=74614446
BNO_CORE_EVENT kind=3 report_seq=236 uart_sequence=6286 sensor_raw=4294949096 sensor_converted=4294949096 xiao_rx=29049889 queue_push=29049891 core_rx=74616476
BNO_CORE_EVENT kind=5 report_seq=236 uart_sequence=6287 sensor_raw=4294949096 sensor_converted=4294949096 xiao_rx=29049898 queue_push=29049900 core_rx=74618809
BNO_CORE_EVENT kind=1 report_seq=132 uart_sequence=6288 sensor_raw=4294954696 sensor_converted=4294954696 xiao_rx=29049907 queue_push=29049909 core_rx=74619867
BNO_CORE_EVENT kind=2 report_seq=218 uart_sequence=6289 sensor_raw=4294959496 sensor_converted=4294959496 xiao_rx=29049915 queue_push=29049917 core_rx=74620934
BNO_CORE_EVENT kind=1 report_seq=133 uart_sequence=6290 sensor_raw=4294962196 sensor_converted=4294962196 xiao_rx=29049923 queue_push=29049925 core_rx=74621984
BNO_CORE_EVENT kind=2 report_seq=219 uart_sequence=6291 sensor_raw=4294960896 sensor_converted=4294960896 xiao_rx=29057524 queue_push=29057527 core_rx=74623038
BNO_CORE_EVENT kind=3 report_seq=237 uart_sequence=6292 sensor_raw=4294960896 sensor_converted=4294960896 xiao_rx=29057539 queue_push=29057540 core_rx=74625357
BNO_CORE_EVENT kind=5 report_seq=237 uart_sequence=6294 sensor_raw=4294960896 sensor_converted=4294960896 xiao_rx=29057548 queue_push=29057550 core_rx=74628654
BNO_CORE_EVENT kind=4 report_seq=119 uart_sequence=6295 sensor_raw=4294960896 sensor_converted=4294960896 xiao_rx=29057558 queue_push=29057560 core_rx=74629705
BNO_CORE_EVENT kind=1 report_seq=134 uart_sequence=6296 sensor_raw=4294961596 sensor_converted=4294961596 xiao_rx=29057567 queue_push=29057569 core_rx=74632003
BNO_CORE_EVENT kind=1 report_seq=135 uart_sequence=6297 sensor_raw=4294961896 sensor_converted=4294961896 xiao_rx=29062249 queue_push=29062251 core_rx=74633066
BNO_CORE_EVENT kind=2 report_seq=220 uart_sequence=6299 sensor_raw=4294962896 sensor_converted=4294962896 xiao_rx=29062258 queue_push=29062259 core_rx=74634964
BNO_CORE_EVENT kind=1 report_seq=136 uart_sequence=6303 sensor_raw=4294965196 sensor_converted=4294965196 xiao_rx=29085010 queue_push=29085023 core_rx=74649345
BNO_CORE_EVENT kind=2 report_seq=221 uart_sequence=6304 sensor_raw=4294945796 sensor_converted=4294945796 xiao_rx=29092193 queue_push=29092197 core_rx=74652122
BNO_CORE_EVENT kind=3 report_seq=238 uart_sequence=6305 sensor_raw=4294945796 sensor_converted=4294945796 xiao_rx=29092212 queue_push=29092214 core_rx=74653186
BNO_CORE_EVENT kind=5 report_seq=238 uart_sequence=6306 sensor_raw=4294945796 sensor_converted=4294945796 xiao_rx=29092221 queue_push=29092222 core_rx=74654247
BNO_CORE_EVENT kind=1 report_seq=137 uart_sequence=6307 sensor_raw=4294950896 sensor_converted=4294950896 xiao_rx=29092229 queue_push=29092230 core_rx=74655805
BNO_CORE_EVENT kind=2 report_seq=222 uart_sequence=6308 sensor_raw=4294955796 sensor_converted=4294955796 xiao_rx=29092237 queue_push=29092239 core_rx=74657022
BNO_CORE_EVENT kind=1 report_seq=138 uart_sequence=6309 sensor_raw=4294958196 sensor_converted=4294958196 xiao_rx=29092245 queue_push=29092247 core_rx=74658109
BNO_CORE_EVENT kind=2 report_seq=223 uart_sequence=6311 sensor_raw=4294958396 sensor_converted=4294958396 xiao_rx=29099197 queue_push=29099199 core_rx=74662288
BNO_CORE_EVENT kind=3 report_seq=239 uart_sequence=6312 sensor_raw=4294958396 sensor_converted=4294958396 xiao_rx=29099206 queue_push=29099208 core_rx=74663490
BNO_CORE_EVENT kind=5 report_seq=239 uart_sequence=6313 sensor_raw=4294958396 sensor_converted=4294958396 xiao_rx=29099214 queue_push=29099216 core_rx=74664523
BNO_CORE_EVENT kind=4 report_seq=120 uart_sequence=6314 sensor_raw=4294958396 sensor_converted=4294958396 xiao_rx=29099224 queue_push=29099225 core_rx=74665553
BNO_CORE_EVENT kind=1 report_seq=139 uart_sequence=6315 sensor_raw=4294958696 sensor_converted=4294958696 xiao_rx=29099232 queue_push=29099234 core_rx=74667956
BNO_CORE_EVENT kind=1 report_seq=140 uart_sequence=6320 sensor_raw=4294959796 sensor_converted=4294959796 xiao_rx=29116744 queue_push=29116752 core_rx=74674446
BNO_CORE_EVENT kind=2 report_seq=224 uart_sequence=6321 sensor_raw=4294961596 sensor_converted=4294961596 xiao_rx=29116778 queue_push=29116781 core_rx=74677115
BNO_CORE_EVENT kind=1 report_seq=141 uart_sequence=6322 sensor_raw=4294950796 sensor_converted=4294950796 xiao_rx=29124050 queue_push=29124054 core_rx=74678205
BNO_CORE_EVENT kind=2 report_seq=225 uart_sequence=6323 sensor_raw=4294954096 sensor_converted=4294954096 xiao_rx=29124075 queue_push=29124077 core_rx=74679269
BNO_CORE_EVENT kind=3 report_seq=240 uart_sequence=6324 sensor_raw=4294954096 sensor_converted=4294954096 xiao_rx=29124088 queue_push=29124089 core_rx=74681241
BNO_CORE_EVENT kind=5 report_seq=240 uart_sequence=6325 sensor_raw=4294954096 sensor_converted=4294954096 xiao_rx=29124096 queue_push=29124097 core_rx=74682293
BNO_CORE_EVENT kind=1 report_seq=142 uart_sequence=6326 sensor_raw=4294958196 sensor_converted=4294958196 xiao_rx=29124104 queue_push=29124106 core_rx=74683357
BNO_CORE_EVENT kind=2 report_seq=226 uart_sequence=6327 sensor_raw=4294963996 sensor_converted=4294963996 xiao_rx=29124112 queue_push=29124114 core_rx=74684418
BNO_CORE_EVENT kind=1 report_seq=143 uart_sequence=6331 sensor_raw=4294957996 sensor_converted=4294957996 xiao_rx=29135675 queue_push=29135683 core_rx=74697475
BNO_CORE_EVENT kind=2 report_seq=227 uart_sequence=6332 sensor_raw=4294954996 sensor_converted=4294954996 xiao_rx=29142882 queue_push=29142886 core_rx=74699457
BNO_CORE_EVENT kind=3 report_seq=241 uart_sequence=6333 sensor_raw=4294954996 sensor_converted=4294954996 xiao_rx=29142902 queue_push=29142903 core_rx=74700545
BNO_CORE_EVENT kind=1 report_seq=144 uart_sequence=6334 sensor_raw=4294954996 sensor_converted=4294954996 xiao_rx=29142910 queue_push=29142912 core_rx=74702802
BNO_CORE_EVENT kind=5 report_seq=241 uart_sequence=6335 sensor_raw=4294954996 sensor_converted=4294954996 xiao_rx=29142919 queue_push=29142921 core_rx=74704007
BNO_CORE_EVENT kind=4 report_seq=121 uart_sequence=6336 sensor_raw=4294954996 sensor_converted=4294954996 xiao_rx=29142929 queue_push=29142931 core_rx=74705068
BNO_CORE_EVENT kind=1 report_seq=145 uart_sequence=6337 sensor_raw=4294963296 sensor_converted=4294963296 xiao_rx=29142937 queue_push=29142939 core_rx=74706095
BNO_CORE_EVENT kind=2 report_seq=228 uart_sequence=6338 sensor_raw=4294957596 sensor_converted=4294957596 xiao_rx=29147052 queue_push=29147056 core_rx=74707134
BNO_CORE_EVENT kind=1 report_seq=146 uart_sequence=6339 sensor_raw=4294963396 sensor_converted=4294963396 xiao_rx=29147076 queue_push=29147077 core_rx=74709342
BNO_CORE_EVENT kind=2 report_seq=229 uart_sequence=6341 sensor_raw=4294964096 sensor_converted=4294964096 xiao_rx=29159720 queue_push=29159729 core_rx=74717504
BNO_CORE_EVENT kind=3 report_seq=242 uart_sequence=6342 sensor_raw=4294964096 sensor_converted=4294964096 xiao_rx=29159752 queue_push=29159754 core_rx=74720167
BNO_CORE_EVENT kind=5 report_seq=242 uart_sequence=6344 sensor_raw=4294951196 sensor_converted=4294951196 xiao_rx=29166252 queue_push=29166254 core_rx=74724916
BNO_CORE_EVENT kind=1 report_seq=147 uart_sequence=6345 sensor_raw=4294954396 sensor_converted=4294954396 xiao_rx=29166260 queue_push=29166262 core_rx=74726046
BNO_CORE_EVENT kind=2 report_seq=230 uart_sequence=6346 sensor_raw=4294960896 sensor_converted=4294960896 xiao_rx=29166268 queue_push=29166270 core_rx=74727075
BNO_CORE_EVENT kind=1 report_seq=148 uart_sequence=6347 sensor_raw=4294962296 sensor_converted=4294962296 xiao_rx=29166277 queue_push=29166278 core_rx=74729784
BNO_CORE_EVENT kind=1 report_seq=149 uart_sequence=6350 sensor_raw=4294964096 sensor_converted=4294964096 xiao_rx=29179621 queue_push=29179629 core_rx=74737525
BNO_CORE_EVENT kind=2 report_seq=231 uart_sequence=6351 sensor_raw=4294964196 sensor_converted=4294964196 xiao_rx=29179654 queue_push=29179657 core_rx=74740140
BNO_CORE_EVENT kind=3 report_seq=243 uart_sequence=6352 sensor_raw=4294964196 sensor_converted=4294964196 xiao_rx=29179670 queue_push=29179671 core_rx=74741194
BNO_CORE_EVENT kind=5 report_seq=243 uart_sequence=6353 sensor_raw=4294951096 sensor_converted=4294951096 xiao_rx=29187054 queue_push=29187057 core_rx=74742247
BNO_CORE_EVENT kind=4 report_seq=122 uart_sequence=6354 sensor_raw=4294951096 sensor_converted=4294951096 xiao_rx=29187072 queue_push=29187074 core_rx=74744291
BNO_CORE_EVENT kind=1 report_seq=150 uart_sequence=6355 sensor_raw=4294958996 sensor_converted=4294958996 xiao_rx=29187080 queue_push=29187082 core_rx=74745397
BNO_CORE_EVENT kind=2 report_seq=232 uart_sequence=6356 sensor_raw=4294961296 sensor_converted=4294961296 xiao_rx=29187090 queue_push=29187091 core_rx=74746426
BNO_CORE_EVENT kind=1 report_seq=151 uart_sequence=6357 sensor_raw=4294966396 sensor_converted=4294966396 xiao_rx=29187098 queue_push=29187099 core_rx=74747454
BNO_CORE_EVENT kind=2 report_seq=233 uart_sequence=6360 sensor_raw=4294963296 sensor_converted=4294963296 xiao_rx=29200225 queue_push=29200235 core_rx=74756489
BNO_CORE_EVENT kind=3 report_seq=244 uart_sequence=6361 sensor_raw=4294963296 sensor_converted=4294963296 xiao_rx=29200255 queue_push=29200256 core_rx=74758228
BNO_CORE_EVENT kind=5 report_seq=244 uart_sequence=6362 sensor_raw=4294963296 sensor_converted=4294963296 xiao_rx=29200268 queue_push=29200270 core_rx=74761234
BNO_CORE_EVENT kind=1 report_seq=152 uart_sequence=6363 sensor_raw=4294953896 sensor_converted=4294953896 xiao_rx=29205836 queue_push=29205840 core_rx=74762460
BNO_CORE_EVENT kind=2 report_seq=234 uart_sequence=6364 sensor_raw=4294960596 sensor_converted=4294960596 xiao_rx=29205860 queue_push=29205861 core_rx=74763524
BNO_CORE_EVENT kind=1 report_seq=153 uart_sequence=6365 sensor_raw=4294961696 sensor_converted=4294961696 xiao_rx=29205868 queue_push=29205869 core_rx=74764597
BNO_CORE_EVENT kind=1 report_seq=154 uart_sequence=6369 sensor_raw=4294963896 sensor_converted=4294963896 xiao_rx=29216135 queue_push=29216143 core_rx=74775513
BNO_CORE_EVENT kind=2 report_seq=235 uart_sequence=6370 sensor_raw=4294964596 sensor_converted=4294964596 xiao_rx=29216171 queue_push=29216173 core_rx=74777193
BNO_CORE_EVENT kind=3 report_seq=245 uart_sequence=6371 sensor_raw=4294964596 sensor_converted=4294964596 xiao_rx=29216185 queue_push=29216186 core_rx=74778625
BNO_CORE_EVENT kind=5 report_seq=245 uart_sequence=6372 sensor_raw=4294954296 sensor_converted=4294954296 xiao_rx=29222112 queue_push=29222115 core_rx=74779687
BNO_CORE_EVENT kind=4 report_seq=123 uart_sequence=6373 sensor_raw=4294954396 sensor_converted=4294954396 xiao_rx=29222138 queue_push=29222140 core_rx=74780749
BNO_CORE_EVENT kind=1 report_seq=155 uart_sequence=6374 sensor_raw=4294961996 sensor_converted=4294961996 xiao_rx=29222146 queue_push=29222148 core_rx=74783287
BNO_CORE_EVENT kind=2 report_seq=236 uart_sequence=6375 sensor_raw=4294964196 sensor_converted=4294964196 xiao_rx=29222155 queue_push=29222157 core_rx=74784461
BNO_CORE_EVENT kind=1 report_seq=156 uart_sequence=6376 sensor_raw=4294963496 sensor_converted=4294963496 xiao_rx=29225249 queue_push=29225250 core_rx=74785495
BNO_CORE_EVENT kind=2 report_seq=237 uart_sequence=6380 sensor_raw=4294964196 sensor_converted=4294964196 xiao_rx=29238332 queue_push=29238342 core_rx=74791975
BNO_CORE_EVENT kind=3 report_seq=246 uart_sequence=6382 sensor_raw=4294952096 sensor_converted=4294952096 xiao_rx=29246997 queue_push=29247002 core_rx=74803490
BNO_CORE_EVENT kind=5 report_seq=246 uart_sequence=6383 sensor_raw=4294952096 sensor_converted=4294952096 xiao_rx=29247036 queue_push=29247038 core_rx=74806195
BNO_CORE_EVENT kind=1 report_seq=157 uart_sequence=6384 sensor_raw=4294955196 sensor_converted=4294955196 xiao_rx=29247047 queue_push=29247049 core_rx=74807376
BNO_CORE_EVENT kind=2 report_seq=238 uart_sequence=6385 sensor_raw=4294962396 sensor_converted=4294962396 xiao_rx=29247065 queue_push=29247068 core_rx=74808417
BNO_CORE_EVENT kind=1 report_seq=158 uart_sequence=6386 sensor_raw=4294963096 sensor_converted=4294963096 xiao_rx=29247077 queue_push=29247078 core_rx=74809735
BNO_CORE_EVENT kind=1 report_seq=159 uart_sequence=6387 sensor_raw=4294962396 sensor_converted=4294962396 xiao_rx=29252416 queue_push=29252420 core_rx=74810805
BNO_CORE_EVENT kind=2 report_seq=239 uart_sequence=6388 sensor_raw=4294963296 sensor_converted=4294963296 xiao_rx=29252433 queue_push=29252435 core_rx=74811859
BNO_CORE_EVENT kind=3 report_seq=247 uart_sequence=6389 sensor_raw=4294963296 sensor_converted=4294963296 xiao_rx=29252442 queue_push=29252443 core_rx=74812922
BNO_CORE_EVENT kind=5 report_seq=247 uart_sequence=6390 sensor_raw=4294963296 sensor_converted=4294963296 xiao_rx=29252451 queue_push=29252452 core_rx=74815034
BNO_CORE_EVENT kind=4 report_seq=124 uart_sequence=6394 sensor_raw=4294958196 sensor_converted=4294958196 xiao_rx=29267763 queue_push=29267777 core_rx=74823466
BNO_CORE_EVENT kind=1 report_seq=160 uart_sequence=6395 sensor_raw=4294964696 sensor_converted=4294964696 xiao_rx=29267824 queue_push=29267826 core_rx=74826196
BNO_CORE_EVENT kind=2 report_seq=240 uart_sequence=6396 sensor_raw=4294953096 sensor_converted=4294953096 xiao_rx=29273171 queue_push=29273175 core_rx=74827402
BNO_CORE_EVENT kind=1 report_seq=161 uart_sequence=6397 sensor_raw=4294957896 sensor_converted=4294957896 xiao_rx=29273185 queue_push=29273187 core_rx=74828434
BNO_CORE_EVENT kind=2 report_seq=241 uart_sequence=6398 sensor_raw=4294963096 sensor_converted=4294963096 xiao_rx=29273194 queue_push=29273195 core_rx=74829793
BNO_CORE_EVENT kind=3 report_seq=248 uart_sequence=6399 sensor_raw=4294963096 sensor_converted=4294963096 xiao_rx=29273206 queue_push=29273208 core_rx=74830835
BNO_CORE_EVENT kind=5 report_seq=248 uart_sequence=6401 sensor_raw=4294957496 sensor_converted=4294957496 xiao_rx=29283143 queue_push=29283148 core_rx=74834523
BNO_CORE_EVENT kind=1 report_seq=162 uart_sequence=6402 sensor_raw=4294959596 sensor_converted=4294959596 xiao_rx=29283169 queue_push=29283170 core_rx=74835708
BNO_CORE_EVENT kind=2 report_seq=242 uart_sequence=6405 sensor_raw=4294957196 sensor_converted=4294957196 xiao_rx=29290107 queue_push=29290114 core_rx=74847508
BNO_CORE_EVENT kind=1 report_seq=163 uart_sequence=6406 sensor_raw=4294957896 sensor_converted=4294957896 xiao_rx=29290137 queue_push=29290139 core_rx=74849167
BNO_CORE_EVENT kind=1 report_seq=164 uart_sequence=6407 sensor_raw=4294965796 sensor_converted=4294965796 xiao_rx=29290145 queue_push=29290147 core_rx=74850661
BNO_CORE_EVENT kind=4 report_seq=125 uart_sequence=6408 sensor_raw=4294960196 sensor_converted=4294960196 xiao_rx=29297059 queue_push=29297060 core_rx=74851737
BNO_CORE_EVENT kind=2 report_seq=243 uart_sequence=6409 sensor_raw=4294960296 sensor_converted=4294960296 xiao_rx=29297067 queue_push=29297069 core_rx=74852800
BNO_CORE_EVENT kind=3 report_seq=249 uart_sequence=6410 sensor_raw=4294960296 sensor_converted=4294960296 xiao_rx=29297080 queue_push=29297081 core_rx=74855270
BNO_CORE_EVENT kind=5 report_seq=249 uart_sequence=6411 sensor_raw=4294960296 sensor_converted=4294960296 xiao_rx=29297088 queue_push=29297090 core_rx=74856391
BNO_CORE_EVENT kind=1 report_seq=165 uart_sequence=6412 sensor_raw=4294966696 sensor_converted=4294966696 xiao_rx=29297096 queue_push=29297098 core_rx=74857424
BNO_CORE_EVENT kind=2 report_seq=244 uart_sequence=6415 sensor_raw=4294963096 sensor_converted=4294963096 xiao_rx=29309036 queue_push=29309044 core_rx=74863372
BNO_CORE_EVENT kind=1 report_seq=166 uart_sequence=6419 sensor_raw=4294956196 sensor_converted=4294956196 xiao_rx=29317937 queue_push=29317943 core_rx=74873472
BNO_CORE_EVENT kind=2 report_seq=245 uart_sequence=6420 sensor_raw=4294961296 sensor_converted=4294961296 xiao_rx=29317971 queue_push=29317974 core_rx=74876209
BNO_CORE_EVENT kind=3 report_seq=250 uart_sequence=6421 sensor_raw=4294961296 sensor_converted=4294961296 xiao_rx=29317986 queue_push=29317987 core_rx=74877387
BNO_CORE_EVENT kind=5 report_seq=250 uart_sequence=6422 sensor_raw=4294961296 sensor_converted=4294961296 xiao_rx=29317995 queue_push=29317996 core_rx=74878427
BNO_CORE_EVENT kind=2 report_seq=246 uart_sequence=6423 sensor_raw=4294962396 sensor_converted=4294962396 xiao_rx=29322614 queue_push=29322617 core_rx=74879752
BNO_CORE_EVENT kind=1 report_seq=167 uart_sequence=6424 sensor_raw=4294962696 sensor_converted=4294962696 xiao_rx=29322627 queue_push=29322629 core_rx=74880790
BNO_CORE_EVENT kind=1 report_seq=168 uart_sequence=6425 sensor_raw=4294965896 sensor_converted=4294965896 xiao_rx=29330987 queue_push=29330993 core_rx=74883472
BNO_CORE_EVENT kind=2 report_seq=247 uart_sequence=6428 sensor_raw=4294959696 sensor_converted=4294959696 xiao_rx=29338983 queue_push=29338990 core_rx=74895440
BNO_CORE_EVENT kind=3 report_seq=251 uart_sequence=6429 sensor_raw=4294959696 sensor_converted=4294959696 xiao_rx=29339021 queue_push=29339022 core_rx=74896855
BNO_CORE_EVENT kind=5 report_seq=251 uart_sequence=6430 sensor_raw=4294959696 sensor_converted=4294959696 xiao_rx=29339037 queue_push=29339039 core_rx=74899862
BNO_CORE_EVENT kind=4 report_seq=126 uart_sequence=6431 sensor_raw=4294959696 sensor_converted=4294959696 xiao_rx=29339050 queue_push=29339052 core_rx=74901056
BNO_CORE_EVENT kind=1 report_seq=169 uart_sequence=6432 sensor_raw=4294965296 sensor_converted=4294965296 xiao_rx=29339059 queue_push=29339061 core_rx=74902094
BNO_CORE_EVENT kind=2 report_seq=248 uart_sequence=6433 sensor_raw=4294961696 sensor_converted=4294961696 xiao_rx=29343743 queue_push=29343747 core_rx=74903123
BNO_CORE_EVENT kind=1 report_seq=170 uart_sequence=6434 sensor_raw=4294965296 sensor_converted=4294965296 xiao_rx=29343763 queue_push=29343765 core_rx=74904182
BNO_CORE_EVENT kind=2 report_seq=249 uart_sequence=6436 sensor_raw=4294964596 sensor_converted=4294964596 xiao_rx=29354165 queue_push=29354173 core_rx=74907452
BNO_CORE_EVENT kind=3 report_seq=252 uart_sequence=6437 sensor_raw=4294956096 sensor_converted=4294956096 xiao_rx=29360985 queue_push=29360990 core_rx=74914044
BNO_CORE_EVENT kind=5 report_seq=252 uart_sequence=6438 sensor_raw=4294956096 sensor_converted=4294956096 xiao_rx=29361009 queue_push=29361011 core_rx=74916142
BNO_CORE_EVENT kind=1 report_seq=171 uart_sequence=6439 sensor_raw=4294957696 sensor_converted=4294957696 xiao_rx=29361017 queue_push=29361019 core_rx=74917223
BNO_CORE_EVENT kind=1 report_seq=172 uart_sequence=6441 sensor_raw=4294965596 sensor_converted=4294965596 xiao_rx=29361025 queue_push=29361027 core_rx=74921370
BNO_CORE_EVENT kind=2 report_seq=250 uart_sequence=6442 sensor_raw=4294959296 sensor_converted=4294959296 xiao_rx=29364127 queue_push=29364130 core_rx=74924102
BNO_CORE_EVENT kind=1 report_seq=173 uart_sequence=6446 sensor_raw=4294963496 sensor_converted=4294963496 xiao_rx=29376682 queue_push=29376690 core_rx=74930064
BNO_CORE_EVENT kind=4 report_seq=127 uart_sequence=6447 sensor_raw=4294953496 sensor_converted=4294953496 xiao_rx=29386231 queue_push=29386235 core_rx=74941505
BNO_CORE_EVENT kind=2 report_seq=251 uart_sequence=6448 sensor_raw=4294953596 sensor_converted=4294953596 xiao_rx=29386253 queue_push=29386256 core_rx=74944198
BNO_CORE_EVENT kind=3 report_seq=253 uart_sequence=6449 sensor_raw=4294953596 sensor_converted=4294953596 xiao_rx=29386268 queue_push=29386270 core_rx=74945412
BNO_CORE_EVENT kind=5 report_seq=253 uart_sequence=6450 sensor_raw=4294953596 sensor_converted=4294953596 xiao_rx=29386279 queue_push=29386281 core_rx=74946440
BNO_CORE_EVENT kind=1 report_seq=174 uart_sequence=6451 sensor_raw=4294959596 sensor_converted=4294959596 xiao_rx=29386287 queue_push=29386289 core_rx=74949259
BNO_CORE_EVENT kind=2 report_seq=252 uart_sequence=6452 sensor_raw=4294963996 sensor_converted=4294963996 xiao_rx=29386295 queue_push=29386297 core_rx=74950333
BNO_CORE_EVENT kind=1 report_seq=175 uart_sequence=6453 sensor_raw=4294957596 sensor_converted=4294957596 xiao_rx=29390717 queue_push=29390719 core_rx=74951370
BNO_CORE_EVENT kind=2 report_seq=253 uart_sequence=6454 sensor_raw=4294964296 sensor_converted=4294964296 xiao_rx=29390726 queue_push=29390727 core_rx=74952403
BNO_CORE_EVENT kind=3 report_seq=254 uart_sequence=6455 sensor_raw=4294964296 sensor_converted=4294964296 xiao_rx=29390734 queue_push=29390736 core_rx=74953451
BNO_CORE_EVENT kind=5 report_seq=254 uart_sequence=6457 sensor_raw=4294959796 sensor_converted=4294959796 xiao_rx=29404240 queue_push=29404247 core_rx=74957569
BNO_CORE_EVENT kind=1 report_seq=176 uart_sequence=6458 sensor_raw=4294960996 sensor_converted=4294960996 xiao_rx=29404268 queue_push=29404270 core_rx=74958751
BNO_CORE_EVENT kind=1 report_seq=177 uart_sequence=6463 sensor_raw=4294955696 sensor_converted=4294955696 xiao_rx=29410379 queue_push=29410384 core_rx=74973514
BNO_CORE_EVENT kind=2 report_seq=254 uart_sequence=6464 sensor_raw=4294955796 sensor_converted=4294955796 xiao_rx=29410407 queue_push=29410410 core_rx=74976142
BNO_CORE_EVENT kind=1 report_seq=178 uart_sequence=6465 sensor_raw=4294963696 sensor_converted=4294963696 xiao_rx=29410417 queue_push=29410418 core_rx=74977195
BNO_CORE_EVENT kind=4 report_seq=128 uart_sequence=6466 sensor_raw=4294959696 sensor_converted=4294959696 xiao_rx=29418044 queue_push=29418050 core_rx=74978254
BNO_CORE_EVENT kind=2 report_seq=255 uart_sequence=6467 sensor_raw=4294959796 sensor_converted=4294959796 xiao_rx=29418069 queue_push=29418070 core_rx=74979783
BNO_CORE_EVENT kind=3 report_seq=255 uart_sequence=6468 sensor_raw=4294959796 sensor_converted=4294959796 xiao_rx=29418083 queue_push=29418085 core_rx=74980947
BNO_CORE_EVENT kind=5 report_seq=255 uart_sequence=6469 sensor_raw=4294959796 sensor_converted=4294959796 xiao_rx=29418093 queue_push=29418095 core_rx=74982005
BNO_CORE_EVENT kind=1 report_seq=179 uart_sequence=6470 sensor_raw=4294965096 sensor_converted=4294965096 xiao_rx=29418102 queue_push=29418103 core_rx=74983098
BNO_CORE_EVENT kind=2 report_seq=0 uart_sequence=6471 sensor_raw=4294962196 sensor_converted=4294962196 xiao_rx=29422765 queue_push=29422768 core_rx=74984560
BNO_CORE_EVENT kind=1 report_seq=180 uart_sequence=6472 sensor_raw=4294965296 sensor_converted=4294965296 xiao_rx=29422784 queue_push=29422785 core_rx=74985643
BNO_CORE_EVENT kind=2 report_seq=1 uart_sequence=6475 sensor_raw=4294964396 sensor_converted=4294964396 xiao_rx=29438258 queue_push=29438270 core_rx=74992051
BNO_CORE_EVENT kind=3 report_seq=0 uart_sequence=6477 sensor_raw=4294952696 sensor_converted=4294952696 xiao_rx=29446353 queue_push=29446360 core_rx=75002502
BNO_CORE_EVENT kind=5 report_seq=0 uart_sequence=6478 sensor_raw=4294952696 sensor_converted=4294952696 xiao_rx=29446387 queue_push=29446389 core_rx=75005143
BNO_CORE_EVENT kind=1 report_seq=181 uart_sequence=6479 sensor_raw=4294952996 sensor_converted=4294952996 xiao_rx=29446396 queue_push=29446397 core_rx=75006192
BNO_CORE_EVENT kind=1 report_seq=182 uart_sequence=6480 sensor_raw=4294961396 sensor_converted=4294961396 xiao_rx=29446404 queue_push=29446405 core_rx=75007246
BNO_CORE_EVENT kind=2 report_seq=2 uart_sequence=6481 sensor_raw=4294961996 sensor_converted=4294961996 xiao_rx=29446416 queue_push=29446418 core_rx=75008762
BNO_CORE_EVENT kind=1 report_seq=183 uart_sequence=6482 sensor_raw=4294961296 sensor_converted=4294961296 xiao_rx=29451787 queue_push=29451790 core_rx=75009928
BNO_CORE_EVENT kind=4 report_seq=129 uart_sequence=6483 sensor_raw=4294963796 sensor_converted=4294963796 xiao_rx=29451806 queue_push=29451808 core_rx=75010964
BNO_CORE_EVENT kind=2 report_seq=3 uart_sequence=6484 sensor_raw=4294963996 sensor_converted=4294963996 xiao_rx=29451815 queue_push=29451817 core_rx=75012017
BNO_CORE_EVENT kind=3 report_seq=1 uart_sequence=6485 sensor_raw=4294963996 sensor_converted=4294963996 xiao_rx=29451824 queue_push=29451826 core_rx=75013653
BNO_CORE_EVENT kind=5 report_seq=1 uart_sequence=6488 sensor_raw=4294958596 sensor_converted=4294958596 xiao_rx=29465000 queue_push=29465007 core_rx=75019476
BNO_CORE_EVENT kind=1 report_seq=184 uart_sequence=6489 sensor_raw=4294963296 sensor_converted=4294963296 xiao_rx=29465034 queue_push=29465036 core_rx=75020533
BNO_CORE_EVENT kind=2 report_seq=4 uart_sequence=6490 sensor_raw=4294955696 sensor_converted=4294955696 xiao_rx=29468404 queue_push=29468408 core_rx=75023168
BNO_CORE_EVENT kind=1 report_seq=185 uart_sequence=6491 sensor_raw=4294957996 sensor_converted=4294957996 xiao_rx=29468419 queue_push=29468421 core_rx=75024359
BNO_CORE_EVENT kind=2 report_seq=5 uart_sequence=6494 sensor_raw=4294961996 sensor_converted=4294961996 xiao_rx=29478611 queue_push=29478621 core_rx=75033504
BNO_CORE_EVENT kind=3 report_seq=2 uart_sequence=6495 sensor_raw=4294961996 sensor_converted=4294961996 xiao_rx=29478646 queue_push=29478647 core_rx=75036137
BNO_CORE_EVENT kind=5 report_seq=2 uart_sequence=6496 sensor_raw=4294961996 sensor_converted=4294961996 xiao_rx=29478659 queue_push=29478660 core_rx=75037178
BNO_CORE_EVENT kind=1 report_seq=186 uart_sequence=6497 sensor_raw=4294962296 sensor_converted=4294962296 xiao_rx=29478667 queue_push=29478668 core_rx=75038228
BNO_CORE_EVENT kind=1 report_seq=187 uart_sequence=6498 sensor_raw=4294960796 sensor_converted=4294960796 xiao_rx=29482643 queue_push=29482646 core_rx=75039771
BNO_CORE_EVENT kind=2 report_seq=6 uart_sequence=6499 sensor_raw=4294961996 sensor_converted=4294961996 xiao_rx=29482660 queue_push=29482661 core_rx=75040901
BNO_CORE_EVENT kind=1 report_seq=188 uart_sequence=6502 sensor_raw=4294964096 sensor_converted=4294964096 xiao_rx=29494016 queue_push=29494022 core_rx=75045022
BNO_CORE_EVENT kind=2 report_seq=7 uart_sequence=6504 sensor_raw=4294956296 sensor_converted=4294956296 xiao_rx=29500886 queue_push=29500893 core_rx=75056490
BNO_CORE_EVENT kind=3 report_seq=3 uart_sequence=6505 sensor_raw=4294956296 sensor_converted=4294956296 xiao_rx=29500917 queue_push=29500918 core_rx=75059146
BNO_CORE_EVENT kind=5 report_seq=3 uart_sequence=6506 sensor_raw=4294956296 sensor_converted=4294956296 xiao_rx=29500927 queue_push=29500929 core_rx=75060195
BNO_CORE_EVENT kind=4 report_seq=130 uart_sequence=6507 sensor_raw=4294956296 sensor_converted=4294956296 xiao_rx=29500937 queue_push=29500939 core_rx=75061241
BNO_CORE_EVENT kind=1 report_seq=189 uart_sequence=6508 sensor_raw=4294960096 sensor_converted=4294960096 xiao_rx=29500945 queue_push=29500947 core_rx=75062770
BNO_CORE_EVENT kind=2 report_seq=8 uart_sequence=6510 sensor_raw=4294959296 sensor_converted=4294959296 xiao_rx=29505621 queue_push=29505625 core_rx=75064772
BNO_CORE_EVENT kind=1 report_seq=190 uart_sequence=6511 sensor_raw=4294961596 sensor_converted=4294961596 xiao_rx=29505639 queue_push=29505640 core_rx=75065817
BNO_CORE_EVENT kind=2 report_seq=9 uart_sequence=6514 sensor_raw=4294964396 sensor_converted=4294964396 xiao_rx=29516056 queue_push=29516066 core_rx=75073522
BNO_CORE_EVENT kind=3 report_seq=4 uart_sequence=6515 sensor_raw=4294954196 sensor_converted=4294954196 xiao_rx=29522299 queue_push=29522302 core_rx=75076136
BNO_CORE_EVENT kind=5 report_seq=4 uart_sequence=6516 sensor_raw=4294954196 sensor_converted=4294954196 xiao_rx=29522321 queue_push=29522322 core_rx=75077195
BNO_CORE_EVENT kind=1 report_seq=191 uart_sequence=6517 sensor_raw=4294954296 sensor_converted=4294954296 xiao_rx=29522329 queue_push=29522331 core_rx=75078240
BNO_CORE_EVENT kind=1 report_seq=192 uart_sequence=6518 sensor_raw=4294962596 sensor_converted=4294962596 xiao_rx=29522337 queue_push=29522339 core_rx=75079802
BNO_CORE_EVENT kind=2 report_seq=10 uart_sequence=6519 sensor_raw=4294964496 sensor_converted=4294964496 xiao_rx=29522346 queue_push=29522348 core_rx=75080939
BNO_CORE_EVENT kind=1 report_seq=193 uart_sequence=6523 sensor_raw=4294964096 sensor_converted=4294964096 xiao_rx=29530694 queue_push=29530701 core_rx=75093489
BNO_CORE_EVENT kind=2 report_seq=11 uart_sequence=6524 sensor_raw=4294960596 sensor_converted=4294960596 xiao_rx=29538112 queue_push=29538117 core_rx=75096148
BNO_CORE_EVENT kind=3 report_seq=5 uart_sequence=6525 sensor_raw=4294960596 sensor_converted=4294960596 xiao_rx=29538142 queue_push=29538143 core_rx=75097191
BNO_CORE_EVENT kind=5 report_seq=5 uart_sequence=6526 sensor_raw=4294960596 sensor_converted=4294960596 xiao_rx=29538151 queue_push=29538153 core_rx=75098241
BNO_CORE_EVENT kind=4 report_seq=131 uart_sequence=6527 sensor_raw=4294960596 sensor_converted=4294960596 xiao_rx=29538161 queue_push=29538163 core_rx=75099784
BNO_CORE_EVENT kind=1 report_seq=194 uart_sequence=6528 sensor_raw=4294963996 sensor_converted=4294963996 xiao_rx=29538170 queue_push=29538171 core_rx=75100974
BNO_CORE_EVENT kind=2 report_seq=12 uart_sequence=6529 sensor_raw=4294962196 sensor_converted=4294962196 xiao_rx=29542827 queue_push=29542831 core_rx=75102007
BNO_CORE_EVENT kind=1 report_seq=195 uart_sequence=6530 sensor_raw=4294963996 sensor_converted=4294963996 xiao_rx=29542851 queue_push=29542853 core_rx=75103045
BNO_CORE_EVENT kind=1 report_seq=196 uart_sequence=6532 sensor_raw=4294964996 sensor_converted=4294964996 xiao_rx=29554688 queue_push=29554696 core_rx=75110501
BNO_CORE_EVENT kind=2 report_seq=13 uart_sequence=6533 sensor_raw=4294955596 sensor_converted=4294955596 xiao_rx=29560028 queue_push=29560031 core_rx=75112194
BNO_CORE_EVENT kind=3 report_seq=6 uart_sequence=6534 sensor_raw=4294955596 sensor_converted=4294955596 xiao_rx=29560042 queue_push=29560044 core_rx=75113651
BNO_CORE_EVENT kind=5 report_seq=6 uart_sequence=6535 sensor_raw=4294955596 sensor_converted=4294955596 xiao_rx=29560050 queue_push=29560052 core_rx=75114716
BNO_CORE_EVENT kind=1 report_seq=197 uart_sequence=6536 sensor_raw=4294963596 sensor_converted=4294963596 xiao_rx=29560058 queue_push=29560060 core_rx=75115762
BNO_CORE_EVENT kind=2 report_seq=14 uart_sequence=6540 sensor_raw=4294960196 sensor_converted=4294960196 xiao_rx=29571379 queue_push=29571389 core_rx=75134466
BNO_CORE_EVENT kind=1 report_seq=198 uart_sequence=6541 sensor_raw=4294965796 sensor_converted=4294965796 xiao_rx=29571416 queue_push=29571417 core_rx=75137199
BNO_CORE_EVENT kind=2 report_seq=15 uart_sequence=6542 sensor_raw=4294959096 sensor_converted=4294959096 xiao_rx=29579026 queue_push=29579029 core_rx=75138363
BNO_CORE_EVENT kind=3 report_seq=7 uart_sequence=6543 sensor_raw=4294959096 sensor_converted=4294959096 xiao_rx=29579062 queue_push=29579064 core_rx=75139414
BNO_CORE_EVENT kind=5 report_seq=7 uart_sequence=6544 sensor_raw=4294959096 sensor_converted=4294959096 xiao_rx=29579071 queue_push=29579073 core_rx=75140778
BNO_CORE_EVENT kind=4 report_seq=132 uart_sequence=6545 sensor_raw=4294959096 sensor_converted=4294959096 xiao_rx=29579081 queue_push=29579083 core_rx=75141872
BNO_CORE_EVENT kind=1 report_seq=199 uart_sequence=6546 sensor_raw=4294962296 sensor_converted=4294962296 xiao_rx=29579090 queue_push=29579091 core_rx=75142900
BNO_CORE_EVENT kind=2 report_seq=16 uart_sequence=6547 sensor_raw=4294961696 sensor_converted=4294961696 xiao_rx=29583798 queue_push=29583802 core_rx=75143931
BNO_CORE_EVENT kind=1 report_seq=200 uart_sequence=6548 sensor_raw=4294962596 sensor_converted=4294962596 xiao_rx=29583813 queue_push=29583815 core_rx=75145577
BNO_CORE_EVENT kind=1 report_seq=201 uart_sequence=6552 sensor_raw=4294964996 sensor_converted=4294964996 xiao_rx=29596703 queue_push=29596710 core_rx=75159488
BNO_CORE_EVENT kind=2 report_seq=17 uart_sequence=6553 sensor_raw=4294954596 sensor_converted=4294954596 xiao_rx=29602774 queue_push=29602779 core_rx=75161457
BNO_CORE_EVENT kind=3 report_seq=8 uart_sequence=6554 sensor_raw=4294954596 sensor_converted=4294954596 xiao_rx=29602800 queue_push=29602802 core_rx=75163177
BNO_CORE_EVENT kind=5 report_seq=8 uart_sequence=6555 sensor_raw=4294954596 sensor_converted=4294954596 xiao_rx=29602809 queue_push=29602812 core_rx=75165833
BNO_CORE_EVENT kind=1 report_seq=202 uart_sequence=6556 sensor_raw=4294962196 sensor_converted=4294962196 xiao_rx=29602818 queue_push=29602820 core_rx=75166891
BNO_CORE_EVENT kind=2 report_seq=18 uart_sequence=6557 sensor_raw=4294957796 sensor_converted=4294957796 xiao_rx=29606873 queue_push=29606876 core_rx=75167959
BNO_CORE_EVENT kind=1 report_seq=203 uart_sequence=6558 sensor_raw=4294962496 sensor_converted=4294962496 xiao_rx=29606897 queue_push=29606898 core_rx=75168987
BNO_CORE_EVENT kind=2 report_seq=19 uart_sequence=6559 sensor_raw=4294964096 sensor_converted=4294964096 xiao_rx=29609341 queue_push=29609344 core_rx=75170024
BNO_CORE_EVENT kind=3 report_seq=9 uart_sequence=6565 sensor_raw=4294961496 sensor_converted=4294961496 xiao_rx=29625226 queue_push=29625233 core_rx=75187488
BNO_CORE_EVENT kind=5 report_seq=9 uart_sequence=6566 sensor_raw=4294961496 sensor_converted=4294961496 xiao_rx=29625254 queue_push=29625256 core_rx=75189233
BNO_CORE_EVENT kind=4 report_seq=133 uart_sequence=6567 sensor_raw=4294961496 sensor_converted=4294961496 xiao_rx=29625268 queue_push=29625270 core_rx=75190619
BNO_CORE_EVENT kind=1 report_seq=204 uart_sequence=6568 sensor_raw=4294963796 sensor_converted=4294963796 xiao_rx=29625276 queue_push=29625278 core_rx=75191687
BNO_CORE_EVENT kind=2 report_seq=20 uart_sequence=6569 sensor_raw=4294955296 sensor_converted=4294955296 xiao_rx=29629694 queue_push=29629699 core_rx=75192737
BNO_CORE_EVENT kind=1 report_seq=205 uart_sequence=6570 sensor_raw=4294955996 sensor_converted=4294955996 xiao_rx=29629714 queue_push=29629716 core_rx=75195287
BNO_CORE_EVENT kind=1 report_seq=206 uart_sequence=6572 sensor_raw=4294963796 sensor_converted=4294963796 xiao_rx=29629722 queue_push=29629724 core_rx=75197320
BNO_CORE_EVENT kind=2 report_seq=21 uart_sequence=6573 sensor_raw=4294960796 sensor_converted=4294960796 xiao_rx=29634762 queue_push=29634766 core_rx=75198360
BNO_CORE_EVENT kind=3 report_seq=10 uart_sequence=6574 sensor_raw=4294960796 sensor_converted=4294960796 xiao_rx=29634787 queue_push=29634789 core_rx=75201048
BNO_CORE_EVENT kind=5 report_seq=10 uart_sequence=6575 sensor_raw=4294960796 sensor_converted=4294960796 xiao_rx=29634798 queue_push=29634800 core_rx=75202098
BNO_CORE_EVENT kind=1 report_seq=207 uart_sequence=6576 sensor_raw=4294962996 sensor_converted=4294962996 xiao_rx=29637262 queue_push=29637266 core_rx=75203124
BNO_CORE_EVENT kind=2 report_seq=22 uart_sequence=6577 sensor_raw=4294962796 sensor_converted=4294962796 xiao_rx=29649910 queue_push=29649920 core_rx=75204155
BNO_CORE_EVENT kind=1 report_seq=208 uart_sequence=6579 sensor_raw=4294955496 sensor_converted=4294955496 xiao_rx=29658890 queue_push=29658893 core_rx=75213950
BNO_CORE_EVENT kind=2 report_seq=23 uart_sequence=6580 sensor_raw=4294960496 sensor_converted=4294960496 xiao_rx=29658913 queue_push=29658916 core_rx=75215758
BNO_CORE_EVENT kind=3 report_seq=11 uart_sequence=6581 sensor_raw=4294960496 sensor_converted=4294960496 xiao_rx=29658927 queue_push=29658929 core_rx=75217778
BNO_CORE_EVENT kind=5 report_seq=11 uart_sequence=6582 sensor_raw=4294960496 sensor_converted=4294960496 xiao_rx=29658936 queue_push=29658937 core_rx=75218849
BNO_CORE_EVENT kind=4 report_seq=134 uart_sequence=6583 sensor_raw=4294960496 sensor_converted=4294960496 xiao_rx=29658945 queue_push=29658947 core_rx=75219910
BNO_CORE_EVENT kind=1 report_seq=209 uart_sequence=6584 sensor_raw=4294962896 sensor_converted=4294962896 xiao_rx=29658954 queue_push=29658955 core_rx=75221429
BNO_CORE_EVENT kind=2 report_seq=24 uart_sequence=6585 sensor_raw=4294961296 sensor_converted=4294961296 xiao_rx=29663654 queue_push=29663659 core_rx=75222620
BNO_CORE_EVENT kind=1 report_seq=210 uart_sequence=6586 sensor_raw=4294961796 sensor_converted=4294961796 xiao_rx=29663678 queue_push=29663679 core_rx=75223676
BNO_CORE_EVENT kind=1 report_seq=211 uart_sequence=6590 sensor_raw=4294965196 sensor_converted=4294965196 xiao_rx=29677046 queue_push=29677058 core_rx=75234508
BNO_CORE_EVENT kind=2 report_seq=25 uart_sequence=6591 sensor_raw=4294953296 sensor_converted=4294953296 xiao_rx=29683958 queue_push=29683963 core_rx=75236050
BNO_CORE_EVENT kind=3 report_seq=12 uart_sequence=6592 sensor_raw=4294953296 sensor_converted=4294953296 xiao_rx=29683978 queue_push=29683980 core_rx=75237684
BNO_CORE_EVENT kind=5 report_seq=12 uart_sequence=6593 sensor_raw=4294953296 sensor_converted=4294953296 xiao_rx=29683987 queue_push=29683989 core_rx=75238817
BNO_CORE_EVENT kind=1 report_seq=212 uart_sequence=6594 sensor_raw=4294960096 sensor_converted=4294960096 xiao_rx=29683995 queue_push=29683997 core_rx=75239859
BNO_CORE_EVENT kind=2 report_seq=26 uart_sequence=6595 sensor_raw=4294963696 sensor_converted=4294963696 xiao_rx=29684004 queue_push=29684005 core_rx=75242265
BNO_CORE_EVENT kind=1 report_seq=213 uart_sequence=6596 sensor_raw=4294960596 sensor_converted=4294960596 xiao_rx=29691217 queue_push=29691222 core_rx=75243446
BNO_CORE_EVENT kind=2 report_seq=27 uart_sequence=6601 sensor_raw=4294959096 sensor_converted=4294959096 xiao_rx=29699916 queue_push=29699925 core_rx=75255682
BNO_CORE_EVENT kind=3 report_seq=13 uart_sequence=6602 sensor_raw=4294959096 sensor_converted=4294959096 xiao_rx=29699951 queue_push=29699953 core_rx=75257374
BNO_CORE_EVENT kind=5 report_seq=13 uart_sequence=6603 sensor_raw=4294959096 sensor_converted=4294959096 xiao_rx=29699964 queue_push=29699966 core_rx=75258522
BNO_CORE_EVENT kind=4 report_seq=135 uart_sequence=6604 sensor_raw=4294959096 sensor_converted=4294959096 xiao_rx=29699974 queue_push=29699975 core_rx=75259577
BNO_CORE_EVENT kind=1 report_seq=214 uart_sequence=6605 sensor_raw=4294961096 sensor_converted=4294961096 xiao_rx=29699982 queue_push=29699984 core_rx=75261969
BNO_CORE_EVENT kind=1 report_seq=215 uart_sequence=6606 sensor_raw=4294960796 sensor_converted=4294960796 xiao_rx=29703936 queue_push=29703939 core_rx=75263167
BNO_CORE_EVENT kind=2 report_seq=28 uart_sequence=6607 sensor_raw=4294960796 sensor_converted=4294960796 xiao_rx=29703953 queue_push=29703954 core_rx=75264201
BNO_CORE_EVENT kind=1 report_seq=216 uart_sequence=6608 sensor_raw=4294963896 sensor_converted=4294963896 xiao_rx=29714210 queue_push=29714218 core_rx=75266453
BNO_CORE_EVENT kind=2 report_seq=29 uart_sequence=6610 sensor_raw=4294955696 sensor_converted=4294955696 xiao_rx=29719986 queue_push=29719990 core_rx=75275522
BNO_CORE_EVENT kind=3 report_seq=14 uart_sequence=6611 sensor_raw=4294955696 sensor_converted=4294955696 xiao_rx=29720014 queue_push=29720016 core_rx=75278563
BNO_CORE_EVENT kind=5 report_seq=14 uart_sequence=6612 sensor_raw=4294955696 sensor_converted=4294955696 xiao_rx=29720024 queue_push=29720026 core_rx=75279688
BNO_CORE_EVENT kind=1 report_seq=217 uart_sequence=6613 sensor_raw=4294962196 sensor_converted=4294962196 xiao_rx=29720032 queue_push=29720034 core_rx=75280751
BNO_CORE_EVENT kind=2 report_seq=30 uart_sequence=6615 sensor_raw=4294960196 sensor_converted=4294960196 xiao_rx=29724706 queue_push=29724707 core_rx=75285431
BNO_CORE_EVENT kind=1 report_seq=218 uart_sequence=6616 sensor_raw=4294964196 sensor_converted=4294964196 xiao_rx=29724714 queue_push=29724716 core_rx=75286499
BNO_CORE_EVENT kind=2 report_seq=31 uart_sequence=6621 sensor_raw=4294964396 sensor_converted=4294964396 xiao_rx=29737780 queue_push=29737791 core_rx=75301031
BNO_CORE_EVENT kind=3 report_seq=15 uart_sequence=6622 sensor_raw=4294952396 sensor_converted=4294952396 xiao_rx=29746337 queue_push=29746341 core_rx=75303157
BNO_CORE_EVENT kind=5 report_seq=15 uart_sequence=6623 sensor_raw=4294952396 sensor_converted=4294952396 xiao_rx=29746366 queue_push=29746367 core_rx=75305823
BNO_CORE_EVENT kind=4 report_seq=136 uart_sequence=6624 sensor_raw=4294952396 sensor_converted=4294952396 xiao_rx=29746379 queue_push=29746381 core_rx=75307035
BNO_CORE_EVENT kind=1 report_seq=219 uart_sequence=6625 sensor_raw=4294954196 sensor_converted=4294954196 xiao_rx=29746388 queue_push=29746389 core_rx=75308093
BNO_CORE_EVENT kind=1 report_seq=220 uart_sequence=6626 sensor_raw=4294962496 sensor_converted=4294962496 xiao_rx=29746396 queue_push=29746398 core_rx=75309131
BNO_CORE_EVENT kind=2 report_seq=32 uart_sequence=6627 sensor_raw=4294962496 sensor_converted=4294962496 xiao_rx=29746405 queue_push=29746407 core_rx=75310186
BNO_CORE_EVENT kind=1 report_seq=221 uart_sequence=6628 sensor_raw=4294961496 sensor_converted=4294961496 xiao_rx=29750842 queue_push=29750844 core_rx=75312339
BNO_CORE_EVENT kind=2 report_seq=33 uart_sequence=6629 sensor_raw=4294963796 sensor_converted=4294963796 xiao_rx=29750850 queue_push=29750852 core_rx=75313408
BNO_CORE_EVENT kind=3 report_seq=16 uart_sequence=6630 sensor_raw=4294963796 sensor_converted=4294963796 xiao_rx=29750859 queue_push=29750860 core_rx=75314448
BNO_CORE_EVENT kind=5 report_seq=16 uart_sequence=6632 sensor_raw=4294959296 sensor_converted=4294959296 xiao_rx=29763815 queue_push=29763822 core_rx=75318097
BNO_CORE_EVENT kind=1 report_seq=222 uart_sequence=6633 sensor_raw=4294964696 sensor_converted=4294964696 xiao_rx=29763841 queue_push=29763843 core_rx=75319274
BNO_CORE_EVENT kind=2 report_seq=34 uart_sequence=6635 sensor_raw=4294955996 sensor_converted=4294955996 xiao_rx=29768449 queue_push=29768454 core_rx=75331473
BNO_CORE_EVENT kind=1 report_seq=223 uart_sequence=6636 sensor_raw=4294959096 sensor_converted=4294959096 xiao_rx=29768476 queue_push=29768478 core_rx=75334124
BNO_CORE_EVENT kind=2 report_seq=35 uart_sequence=6637 sensor_raw=4294961996 sensor_converted=4294961996 xiao_rx=29776135 queue_push=29776138 core_rx=75335201
BNO_CORE_EVENT kind=3 report_seq=17 uart_sequence=6638 sensor_raw=4294961996 sensor_converted=4294961996 xiao_rx=29776162 queue_push=29776164 core_rx=75336258
BNO_CORE_EVENT kind=5 report_seq=17 uart_sequence=6639 sensor_raw=4294961996 sensor_converted=4294961996 xiao_rx=29776172 queue_push=29776174 core_rx=75337767
BNO_CORE_EVENT kind=4 report_seq=137 uart_sequence=6640 sensor_raw=4294961996 sensor_converted=4294961996 xiao_rx=29776182 queue_push=29776183 core_rx=75338913
BNO_CORE_EVENT kind=1 report_seq=224 uart_sequence=6641 sensor_raw=4294962996 sensor_converted=4294962996 xiao_rx=29776190 queue_push=29776191 core_rx=75339968
BNO_CORE_EVENT kind=1 report_seq=225 uart_sequence=6642 sensor_raw=4294963496 sensor_converted=4294963496 xiao_rx=29780239 queue_push=29780243 core_rx=75341021
BNO_CORE_EVENT kind=2 report_seq=36 uart_sequence=6643 sensor_raw=4294963996 sensor_converted=4294963996 xiao_rx=29780255 queue_push=29780257 core_rx=75342635
BNO_CORE_EVENT kind=1 report_seq=226 uart_sequence=6647 sensor_raw=4294966796 sensor_converted=4294966796 xiao_rx=29795259 queue_push=29795266 core_rx=75351496
BNO_CORE_EVENT kind=2 report_seq=37 uart_sequence=6648 sensor_raw=4294955296 sensor_converted=4294955296 xiao_rx=29800634 queue_push=29800638 core_rx=75354198
BNO_CORE_EVENT kind=3 report_seq=18 uart_sequence=6649 sensor_raw=4294955296 sensor_converted=4294955296 xiao_rx=29800655 queue_push=29800657 core_rx=75355381
BNO_CORE_EVENT kind=5 report_seq=18 uart_sequence=6650 sensor_raw=4294955296 sensor_converted=4294955296 xiao_rx=29800664 queue_push=29800667 core_rx=75356424
BNO_CORE_EVENT kind=1 report_seq=227 uart_sequence=6652 sensor_raw=4294960396 sensor_converted=4294960396 xiao_rx=29800673 queue_push=29800675 core_rx=75358618
BNO_CORE_EVENT kind=2 report_seq=38 uart_sequence=6654 sensor_raw=4294959996 sensor_converted=4294959996 xiao_rx=29810763 queue_push=29810773 core_rx=75368511
BNO_CORE_EVENT kind=1 report_seq=228 uart_sequence=6655 sensor_raw=4294962496 sensor_converted=4294962496 xiao_rx=29810797 queue_push=29810799 core_rx=75371139
BNO_CORE_EVENT kind=2 report_seq=39 uart_sequence=6656 sensor_raw=4294959796 sensor_converted=4294959796 xiao_rx=29817669 queue_push=29817672 core_rx=75372188
BNO_CORE_EVENT kind=3 report_seq=19 uart_sequence=6657 sensor_raw=4294959796 sensor_converted=4294959796 xiao_rx=29817688 queue_push=29817690 core_rx=75373249
BNO_CORE_EVENT kind=5 report_seq=19 uart_sequence=6658 sensor_raw=4294959796 sensor_converted=4294959796 xiao_rx=29817696 queue_push=29817698 core_rx=75374763
BNO_CORE_EVENT kind=4 report_seq=138 uart_sequence=6659 sensor_raw=4294959796 sensor_converted=4294959796 xiao_rx=29817706 queue_push=29817708 core_rx=75375985
BNO_CORE_EVENT kind=1 report_seq=229 uart_sequence=6660 sensor_raw=4294960296 sensor_converted=4294960296 xiao_rx=29817714 queue_push=29817716 core_rx=75377164
BNO_CORE_EVENT kind=1 report_seq=230 uart_sequence=6663 sensor_raw=4294961496 sensor_converted=4294961496 xiao_rx=29827685 queue_push=29827693 core_rx=75384465
BNO_CORE_EVENT kind=2 report_seq=40 uart_sequence=6664 sensor_raw=4294962496 sensor_converted=4294962496 xiao_rx=29827719 queue_push=29827722 core_rx=75385713
BNO_CORE_EVENT kind=1 report_seq=231 uart_sequence=6665 sensor_raw=4294960096 sensor_converted=4294960096 xiao_rx=29833068 queue_push=29833072 core_rx=75387338
BNO_CORE_EVENT kind=2 report_seq=41 uart_sequence=6666 sensor_raw=4294963096 sensor_converted=4294963096 xiao_rx=29833084 queue_push=29833086 core_rx=75388547
BNO_CORE_EVENT kind=3 report_seq=20 uart_sequence=6667 sensor_raw=4294963096 sensor_converted=4294963096 xiao_rx=29833097 queue_push=29833098 core_rx=75389582
BNO_CORE_EVENT kind=5 report_seq=20 uart_sequence=6668 sensor_raw=4294963096 sensor_converted=4294963096 xiao_rx=29833105 queue_push=29833107 core_rx=75391913
BNO_CORE_EVENT kind=1 report_seq=232 uart_sequence=6672 sensor_raw=4294961896 sensor_converted=4294961896 xiao_rx=29843479 queue_push=29843486 core_rx=75397452
BNO_CORE_EVENT kind=2 report_seq=42 uart_sequence=6674 sensor_raw=4294956696 sensor_converted=4294956696 xiao_rx=29849486 queue_push=29849492 core_rx=75408511
BNO_CORE_EVENT kind=1 report_seq=233 uart_sequence=6675 sensor_raw=4294959196 sensor_converted=4294959196 xiao_rx=29849532 queue_push=29849534 core_rx=75411200
BNO_CORE_EVENT kind=2 report_seq=43 uart_sequence=6676 sensor_raw=4294960596 sensor_converted=4294960596 xiao_rx=29857146 queue_push=29857148 core_rx=75412402
BNO_CORE_EVENT kind=3 report_seq=21 uart_sequence=6677 sensor_raw=4294960596 sensor_converted=4294960596 xiao_rx=29857159 queue_push=29857161 core_rx=75413430
BNO_CORE_EVENT kind=5 report_seq=21 uart_sequence=6678 sensor_raw=4294960596 sensor_converted=4294960596 xiao_rx=29857167 queue_push=29857169 core_rx=75414849
BNO_CORE_EVENT kind=4 report_seq=139 uart_sequence=6679 sensor_raw=4294960596 sensor_converted=4294960596 xiao_rx=29857177 queue_push=29857179 core_rx=75415902
BNO_CORE_EVENT kind=1 report_seq=234 uart_sequence=6680 sensor_raw=4294961096 sensor_converted=4294961096 xiao_rx=29857185 queue_push=29857187 core_rx=75416932
BNO_CORE_EVENT kind=1 report_seq=235 uart_sequence=6683 sensor_raw=4294961696 sensor_converted=4294961696 xiao_rx=29869445 queue_push=29869452 core_rx=75432497
BNO_CORE_EVENT kind=2 report_seq=44 uart_sequence=6684 sensor_raw=4294962896 sensor_converted=4294962896 xiao_rx=29869478 queue_push=29869481 core_rx=75435140
BNO_CORE_EVENT kind=1 report_seq=236 uart_sequence=6685 sensor_raw=4294957596 sensor_converted=4294957596 xiao_rx=29877070 queue_push=29877074 core_rx=75436176
BNO_CORE_EVENT kind=2 report_seq=45 uart_sequence=6686 sensor_raw=4294960996 sensor_converted=4294960996 xiao_rx=29877089 queue_push=29877091 core_rx=75437238
BNO_CORE_EVENT kind=3 report_seq=22 uart_sequence=6687 sensor_raw=4294960996 sensor_converted=4294960996 xiao_rx=29877102 queue_push=29877103 core_rx=75438770
BNO_CORE_EVENT kind=5 report_seq=22 uart_sequence=6688 sensor_raw=4294960996 sensor_converted=4294960996 xiao_rx=29877110 queue_push=29877112 core_rx=75439955
BNO_CORE_EVENT kind=1 report_seq=237 uart_sequence=6689 sensor_raw=4294965096 sensor_converted=4294965096 xiao_rx=29877118 queue_push=29877120 core_rx=75441108
BNO_CORE_EVENT kind=2 report_seq=46 uart_sequence=6690 sensor_raw=4294963096 sensor_converted=4294963096 xiao_rx=29881789 queue_push=29881792 core_rx=75442166
BNO_CORE_EVENT kind=1 report_seq=238 uart_sequence=6691 sensor_raw=4294965196 sensor_converted=4294965196 xiao_rx=29881803 queue_push=29881805 core_rx=75443194
BNO_CORE_EVENT kind=1 report_seq=239 uart_sequence=6693 sensor_raw=4294966396 sensor_converted=4294966396 xiao_rx=29893675 queue_push=29893682 core_rx=75450042
BNO_CORE_EVENT kind=2 report_seq=47 uart_sequence=6694 sensor_raw=4294957396 sensor_converted=4294957396 xiao_rx=29899943 queue_push=29899947 core_rx=75451809
BNO_CORE_EVENT kind=3 report_seq=23 uart_sequence=6695 sensor_raw=4294957396 sensor_converted=4294957396 xiao_rx=29899963 queue_push=29899965 core_rx=75453782
BNO_CORE_EVENT kind=5 report_seq=23 uart_sequence=6696 sensor_raw=4294957396 sensor_converted=4294957396 xiao_rx=29899972 queue_push=29899975 core_rx=75454879
BNO_CORE_EVENT kind=4 report_seq=140 uart_sequence=6697 sensor_raw=4294957396 sensor_converted=4294957396 xiao_rx=29899983 queue_push=29899984 core_rx=75455936
BNO_CORE_EVENT kind=1 report_seq=240 uart_sequence=6698 sensor_raw=4294965296 sensor_converted=4294965296 xiao_rx=29899991 queue_push=29899992 core_rx=75457490
BNO_CORE_EVENT kind=2 report_seq=48 uart_sequence=6703 sensor_raw=4294959996 sensor_converted=4294959996 xiao_rx=29914008 queue_push=29914019 core_rx=75465470
BNO_CORE_EVENT kind=1 report_seq=241 uart_sequence=6704 sensor_raw=4294965996 sensor_converted=4294965996 xiao_rx=29914045 queue_push=29914047 core_rx=75468162
BNO_CORE_EVENT kind=2 report_seq=49 uart_sequence=6707 sensor_raw=4294956096 sensor_converted=4294956096 xiao_rx=29924116 queue_push=29924124 core_rx=75475503
BNO_CORE_EVENT kind=3 report_seq=24 uart_sequence=6708 sensor_raw=4294956096 sensor_converted=4294956096 xiao_rx=29924149 queue_push=29924151 core_rx=75478281
BNO_CORE_EVENT kind=5 report_seq=24 uart_sequence=6709 sensor_raw=4294956096 sensor_converted=4294956096 xiao_rx=29924162 queue_push=29924164 core_rx=75479513
BNO_CORE_EVENT kind=1 report_seq=242 uart_sequence=6710 sensor_raw=4294959696 sensor_converted=4294959696 xiao_rx=29924170 queue_push=29924172 core_rx=75480574
BNO_CORE_EVENT kind=2 report_seq=50 uart_sequence=6712 sensor_raw=4294955896 sensor_converted=4294955896 xiao_rx=29934070 queue_push=29934080 core_rx=75486051
BNO_CORE_EVENT kind=1 report_seq=243 uart_sequence=6713 sensor_raw=4294957696 sensor_converted=4294957696 xiao_rx=29934107 queue_push=29934109 core_rx=75487903
BNO_CORE_EVENT kind=1 report_seq=244 uart_sequence=6716 sensor_raw=4294955496 sensor_converted=4294955496 xiao_rx=29944978 queue_push=29944986 core_rx=75499499
BNO_CORE_EVENT kind=2 report_seq=51 uart_sequence=6717 sensor_raw=4294955796 sensor_converted=4294955796 xiao_rx=29945013 queue_push=29945016 core_rx=75502137
BNO_CORE_EVENT kind=3 report_seq=25 uart_sequence=6718 sensor_raw=4294955796 sensor_converted=4294955796 xiao_rx=29945027 queue_push=29945028 core_rx=75503175
BNO_CORE_EVENT kind=5 report_seq=25 uart_sequence=6719 sensor_raw=4294955796 sensor_converted=4294955796 xiao_rx=29945035 queue_push=29945036 core_rx=75504229
BNO_CORE_EVENT kind=4 report_seq=141 uart_sequence=6720 sensor_raw=4294955796 sensor_converted=4294955796 xiao_rx=29945045 queue_push=29945046 core_rx=75506277
BNO_CORE_EVENT kind=1 report_seq=245 uart_sequence=6721 sensor_raw=4294963796 sensor_converted=4294963796 xiao_rx=29945053 queue_push=29945054 core_rx=75507395
BNO_CORE_EVENT kind=2 report_seq=52 uart_sequence=6722 sensor_raw=4294955296 sensor_converted=4294955296 xiao_rx=29948411 queue_push=29948413 core_rx=75508455
BNO_CORE_EVENT kind=1 report_seq=246 uart_sequence=6723 sensor_raw=4294960696 sensor_converted=4294960696 xiao_rx=29948420 queue_push=29948422 core_rx=75509508
BNO_CORE_EVENT kind=2 report_seq=53 uart_sequence=6728 sensor_raw=4294961696 sensor_converted=4294961696 xiao_rx=29967553 queue_push=29967563 core_rx=75532488
BNO_CORE_EVENT kind=3 report_seq=26 uart_sequence=6729 sensor_raw=4294961696 sensor_converted=4294961696 xiao_rx=29967588 queue_push=29967590 core_rx=75535152
BNO_CORE_EVENT kind=5 report_seq=26 uart_sequence=6730 sensor_raw=4294961696 sensor_converted=4294961696 xiao_rx=29967601 queue_push=29967603 core_rx=75536253
BNO_CORE_EVENT kind=1 report_seq=247 uart_sequence=6731 sensor_raw=4294965096 sensor_converted=4294965096 xiao_rx=29967610 queue_push=29967611 core_rx=75537283
BNO_CORE_EVENT kind=2 report_seq=54 uart_sequence=6732 sensor_raw=4294952996 sensor_converted=4294952996 xiao_rx=29977069 queue_push=29977072 core_rx=75539229
BNO_CORE_EVENT kind=1 report_seq=248 uart_sequence=6733 sensor_raw=4294953896 sensor_converted=4294953896 xiao_rx=29977091 queue_push=29977093 core_rx=75540330
BNO_CORE_EVENT kind=1 report_seq=249 uart_sequence=6734 sensor_raw=4294962496 sensor_converted=4294962496 xiao_rx=29977100 queue_push=29977101 core_rx=75541360
BNO_CORE_EVENT kind=2 report_seq=55 uart_sequence=6735 sensor_raw=4294962496 sensor_converted=4294962496 xiao_rx=29977108 queue_push=29977110 core_rx=75542422
BNO_CORE_EVENT kind=3 report_seq=27 uart_sequence=6736 sensor_raw=4294962496 sensor_converted=4294962496 xiao_rx=29977117 queue_push=29977119 core_rx=75545062
BNO_CORE_EVENT kind=5 report_seq=27 uart_sequence=6737 sensor_raw=4294962696 sensor_converted=4294962696 xiao_rx=29977125 queue_push=29977127 core_rx=75546278
BNO_CORE_EVENT kind=4 report_seq=142 uart_sequence=6739 sensor_raw=4294962696 sensor_converted=4294962696 xiao_rx=29977135 queue_push=29977137 core_rx=75549471
BNO_CORE_EVENT kind=1 report_seq=250 uart_sequence=6740 sensor_raw=4294960196 sensor_converted=4294960196 xiao_rx=29981080 queue_push=29981082 core_rx=75550535
BNO_CORE_EVENT kind=2 report_seq=56 uart_sequence=6741 sensor_raw=4294963096 sensor_converted=4294963096 xiao_rx=29981089 queue_push=29981091 core_rx=75552453
BNO_CORE_EVENT kind=1 report_seq=251 uart_sequence=6744 sensor_raw=4294964196 sensor_converted=4294964196 xiao_rx=29998278 queue_push=29998288 core_rx=75566468
BNO_CORE_EVENT kind=2 report_seq=57 uart_sequence=6745 sensor_raw=4294952396 sensor_converted=4294952396 xiao_rx=30006755 queue_push=30006761 core_rx=75568089
BNO_CORE_EVENT kind=3 report_seq=28 uart_sequence=6746 sensor_raw=4294952396 sensor_converted=4294952396 xiao_rx=30006782 queue_push=30006784 core_rx=75569665
BNO_CORE_EVENT kind=5 report_seq=28 uart_sequence=6747 sensor_raw=4294952396 sensor_converted=4294952396 xiao_rx=30006796 queue_push=30006798 core_rx=75570758
BNO_CORE_EVENT kind=1 report_seq=252 uart_sequence=6748 sensor_raw=4294955096 sensor_converted=4294955096 xiao_rx=30006804 queue_push=30006806 core_rx=75571820
BNO_CORE_EVENT kind=2 report_seq=58 uart_sequence=6749 sensor_raw=4294962396 sensor_converted=4294962396 xiao_rx=30006812 queue_push=30006814 core_rx=75574289
BNO_CORE_EVENT kind=1 report_seq=253 uart_sequence=6750 sensor_raw=4294962896 sensor_converted=4294962896 xiao_rx=30006820 queue_push=30006822 core_rx=75575448
BNO_CORE_EVENT kind=1 report_seq=254 uart_sequence=6751 sensor_raw=4294962196 sensor_converted=4294962196 xiao_rx=30012229 queue_push=30012232 core_rx=75576484
BNO_CORE_EVENT kind=2 report_seq=59 uart_sequence=6752 sensor_raw=4294963396 sensor_converted=4294963396 xiao_rx=30012254 queue_push=30012255 core_rx=75577536
BNO_CORE_EVENT kind=3 report_seq=29 uart_sequence=6753 sensor_raw=4294963396 sensor_converted=4294963396 xiao_rx=30012263 queue_push=30012264 core_rx=75580071
BNO_CORE_EVENT kind=5 report_seq=29 uart_sequence=6754 sensor_raw=4294963396 sensor_converted=4294963396 xiao_rx=30012271 queue_push=30012273 core_rx=75581290
BNO_CORE_EVENT kind=4 report_seq=143 uart_sequence=6755 sensor_raw=4294958196 sensor_converted=4294958196 xiao_rx=30016262 queue_push=30016263 core_rx=75582390
BNO_CORE_EVENT kind=1 report_seq=255 uart_sequence=6756 sensor_raw=4294964696 sensor_converted=4294964696 xiao_rx=30016270 queue_push=30016271 core_rx=75583551
BNO_CORE_EVENT kind=2 report_seq=60 uart_sequence=6763 sensor_raw=4294964096 sensor_converted=4294964096 xiao_rx=30038196 queue_push=30038206 core_rx=75594863
BNO_CORE_EVENT kind=1 report_seq=0 uart_sequence=6766 sensor_raw=4294946996 sensor_converted=4294946996 xiao_rx=30048888 queue_push=30048894 core_rx=75611288
XIAO UART baud=921600 rx=GPIO8 tx=GPIO9 bytes=1197132 frames=4550 bytes_s=47056 frames_s=483 crc/cobs/len=0/0/0 seqgap=0 age_ms=0 type=2 log=1 q=0 rec=570 final=0
RXDIAG max_us=6746 budget_hits=37 byte/frame/time=37/0/0 rx_buf_max=1092 loop_period_max_us=1174994 loop_exec_max_us=1168663 free_heap=138672 min_free_heap=137792 reset_reason=0 bno_kind_1to5_s=126/100/50/25/50 queue=0 high=13 drops=0
BNO_CORE_EVENT kind=2 report_seq=61 uart_sequence=6767 sensor_raw=4294952196 sensor_converted=4294952196 xiao_rx=30048918 queue_push=30048921 core_rx=75614165
BNO_CORE_EVENT kind=3 report_seq=30 uart_sequence=6768 sensor_raw=4294952196 sensor_converted=4294952196 xiao_rx=30048932 queue_push=30048934 core_rx=75615291
BNO_CORE_EVENT kind=5 report_seq=30 uart_sequence=6769 sensor_raw=4294952196 sensor_converted=4294952196 xiao_rx=30048940 queue_push=30048942 core_rx=75616320
RXDETAIL service_calls=60044 service_bytes_avg=19 service_bytes_max=512 service_frames_avg=0 service_frames_avg_x1000=167 service_frames_max=7 service_bytes_s=47296 service_frames_s=486 rxbuf_full_obs=0 bno_valid=3326 bno_invalid=0 unknown=0 uart_overflow=framework_unavailable trial_rx_bytes=441972 trial_frames=4551 trial_bno=3326 trial_crc/cobs/len=0/0/0
BNO_CORE_EVENT kind=1 report_seq=1 uart_sequence=6770 sensor_raw=4294954396 sensor_converted=4294954396 xiao_rx=30048948 queue_push=30048950 core_rx=75617959
BNO_CORE_EVENT kind=2 report_seq=62 uart_sequence=6771 sensor_raw=4294962296 sensor_converted=4294962296 xiao_rx=30048957 queue_push=30048958 core_rx=75620474
BNO_CORE_EVENT kind=1 report_seq=2 uart_sequence=6772 sensor_raw=4294962296 sensor_converted=4294962296 xiao_rx=30048965 queue_push=30048966 core_rx=75621532
BNO_CORE_EVENT kind=1 report_seq=3 uart_sequence=6773 sensor_raw=4294959796 sensor_converted=4294959796 xiao_rx=30055964 queue_push=30055969 core_rx=75622582
RXTASK mode=decode_count read_calls=60045 zero_reads=51001 read_bytes_max=512 rx_task_max_us=6746 rx_task_continuous_max_us=6746 stack_hwm_min_bytes=4472 cobs_delimiters=10072 rx_current=120 rx_max=1092 rx_full=0 overflow=framework_unavailable
SDTASK max_process_us=117824
BNO_CORE_EVENT kind=2 report_seq=63 uart_sequence=6774 sensor_raw=4294961196 sensor_converted=4294961196 xiao_rx=30055981 queue_push=30055983 core_rx=75625005
BNO_CORE_EVENT kind=3 report_seq=31 uart_sequence=6775 sensor_raw=4294961196 sensor_converted=4294961196 xiao_rx=30055990 queue_push=30055992 core_rx=75626107
BNO_CORE_EVENT kind=5 report_seq=31 uart_sequence=6776 sensor_raw=4294961196 sensor_converted=4294961196 xiao_rx=30055998 queue_push=30056000 core_rx=75627133
BNO_CORE_EVENT kind=4 report_seq=144 uart_sequence=6777 sensor_raw=4294961596 sensor_converted=4294961596 xiao_rx=30056008 queue_push=30056010 core_rx=75628159
BNO_CORE_EVENT kind=1 report_seq=4 uart_sequence=6778 sensor_raw=4294960896 sensor_converted=4294960896 xiao_rx=30060444 queue_push=30060448 core_rx=75629196
BNO_CORE_EVENT kind=2 report_seq=64 uart_sequence=6779 sensor_raw=4294963996 sensor_converted=4294963996 xiao_rx=30060468 queue_push=30060470 core_rx=75630222
BNO_CORE_EVENT kind=1 report_seq=5 uart_sequence=6782 sensor_raw=4294964396 sensor_converted=4294964396 xiao_rx=30076958 queue_push=30076966 core_rx=75645293
BNO_CORE_EVENT kind=2 report_seq=65 uart_sequence=6784 sensor_raw=4294953596 sensor_converted=4294953596 xiao_rx=30085526 queue_push=30085529 core_rx=75647369
BNO_CORE_EVENT kind=3 report_seq=32 uart_sequence=6785 sensor_raw=4294953596 sensor_converted=4294953596 xiao_rx=30085540 queue_push=30085542 core_rx=75648428
BNO_CORE_EVENT kind=5 report_seq=32 uart_sequence=6786 sensor_raw=4294953596 sensor_converted=4294953596 xiao_rx=30085549 queue_push=30085550 core_rx=75651151
BNO_CORE_EVENT kind=1 report_seq=6 uart_sequence=6787 sensor_raw=4294955396 sensor_converted=4294955396 xiao_rx=30085557 queue_push=30085558 core_rx=75652242
BNO_CORE_EVENT kind=1 report_seq=7 uart_sequence=6788 sensor_raw=4294963696 sensor_converted=4294963696 xiao_rx=30085565 queue_push=30085567 core_rx=75653268
BNO_CORE_EVENT kind=2 report_seq=66 uart_sequence=6789 sensor_raw=4294963696 sensor_converted=4294963696 xiao_rx=30085573 queue_push=30085575 core_rx=75654356
BNO_CORE_EVENT kind=1 report_seq=8 uart_sequence=6790 sensor_raw=4294962596 sensor_converted=4294962596 xiao_rx=30090008 queue_push=30090012 core_rx=75655392
BNO_CORE_EVENT kind=2 report_seq=67 uart_sequence=6791 sensor_raw=4294964596 sensor_converted=4294964596 xiao_rx=30090022 queue_push=30090024 core_rx=75656417
BNO_CORE_EVENT kind=3 report_seq=33 uart_sequence=6792 sensor_raw=4294964596 sensor_converted=4294964596 xiao_rx=30090031 queue_push=30090033 core_rx=75658329
BNO_CORE_EVENT kind=5 report_seq=33 uart_sequence=6796 sensor_raw=4294959996 sensor_converted=4294959996 xiao_rx=30110017 queue_push=30110024 core_rx=75669478
BNO_CORE_EVENT kind=4 report_seq=145 uart_sequence=6797 sensor_raw=4294960296 sensor_converted=4294960296 xiao_rx=30110051 queue_push=30110053 core_rx=75672205
BNO_CORE_EVENT kind=1 report_seq=9 uart_sequence=6798 sensor_raw=4294965796 sensor_converted=4294965796 xiao_rx=30110060 queue_push=30110061 core_rx=75673427
BNO_CORE_EVENT kind=2 report_seq=68 uart_sequence=6799 sensor_raw=4294950496 sensor_converted=4294950496 xiao_rx=30118524 queue_push=30118526 core_rx=75674481
BNO_CORE_EVENT kind=1 report_seq=10 uart_sequence=6800 sensor_raw=4294954496 sensor_converted=4294954496 xiao_rx=30118534 queue_push=30118536 core_rx=75677272
BNO_CORE_EVENT kind=2 report_seq=69 uart_sequence=6801 sensor_raw=4294960596 sensor_converted=4294960596 xiao_rx=30118543 queue_push=30118544 core_rx=75678347
BNO_CORE_EVENT kind=3 report_seq=34 uart_sequence=6802 sensor_raw=4294960596 sensor_converted=4294960596 xiao_rx=30118556 queue_push=30118557 core_rx=75679396
BNO_CORE_EVENT kind=5 report_seq=34 uart_sequence=6804 sensor_raw=4294960596 sensor_converted=4294960596 xiao_rx=30118564 queue_push=30118565 core_rx=75684213
BNO_CORE_EVENT kind=1 report_seq=11 uart_sequence=6805 sensor_raw=4294961796 sensor_converted=4294961796 xiao_rx=30118572 queue_push=30118573 core_rx=75685473
BNO_CORE_EVENT kind=1 report_seq=12 uart_sequence=6810 sensor_raw=4294961096 sensor_converted=4294961096 xiao_rx=30136195 queue_push=30136202 core_rx=75695480
BNO_CORE_EVENT kind=2 report_seq=70 uart_sequence=6811 sensor_raw=4294961396 sensor_converted=4294961396 xiao_rx=30136228 queue_push=30136230 core_rx=75698159
BNO_CORE_EVENT kind=1 report_seq=13 uart_sequence=6812 sensor_raw=4294951996 sensor_converted=4294951996 xiao_rx=30144314 queue_push=30144318 core_rx=75699292
BNO_CORE_EVENT kind=2 report_seq=71 uart_sequence=6813 sensor_raw=4294954196 sensor_converted=4294954196 xiao_rx=30144331 queue_push=30144332 core_rx=75700324
BNO_CORE_EVENT kind=3 report_seq=35 uart_sequence=6814 sensor_raw=4294954196 sensor_converted=4294954196 xiao_rx=30144344 queue_push=30144345 core_rx=75702218
BNO_CORE_EVENT kind=5 report_seq=35 uart_sequence=6815 sensor_raw=4294954196 sensor_converted=4294954196 xiao_rx=30144352 queue_push=30144354 core_rx=75703250
BNO_CORE_EVENT kind=4 report_seq=146 uart_sequence=6816 sensor_raw=4294954196 sensor_converted=4294954196 xiao_rx=30144362 queue_push=30144363 core_rx=75704302
BNO_CORE_EVENT kind=1 report_seq=14 uart_sequence=6817 sensor_raw=4294959896 sensor_converted=4294959896 xiao_rx=30144370 queue_push=30144371 core_rx=75705353
BNO_CORE_EVENT kind=2 report_seq=72 uart_sequence=6818 sensor_raw=4294964596 sensor_converted=4294964596 xiao_rx=30144378 queue_push=30144380 core_rx=75706390
BNO_CORE_EVENT kind=1 report_seq=15 uart_sequence=6822 sensor_raw=4294958896 sensor_converted=4294958896 xiao_rx=30154931 queue_push=30154937 core_rx=75726494
BNO_CORE_EVENT kind=2 report_seq=73 uart_sequence=6823 sensor_raw=4294955796 sensor_converted=4294955796 xiao_rx=30162839 queue_push=30162844 core_rx=75729143
BNO_CORE_EVENT kind=3 report_seq=36 uart_sequence=6824 sensor_raw=4294955796 sensor_converted=4294955796 xiao_rx=30162867 queue_push=30162869 core_rx=75730184
BNO_CORE_EVENT kind=5 report_seq=36 uart_sequence=6825 sensor_raw=4294955796 sensor_converted=4294955796 xiao_rx=30162877 queue_push=30162879 core_rx=75731247
BNO_CORE_EVENT kind=1 report_seq=16 uart_sequence=6826 sensor_raw=4294956696 sensor_converted=4294956696 xiao_rx=30162885 queue_push=30162887 core_rx=75732786
BNO_CORE_EVENT kind=1 report_seq=17 uart_sequence=6827 sensor_raw=4294964996 sensor_converted=4294964996 xiao_rx=30162895 queue_push=30162898 core_rx=75733954
BNO_CORE_EVENT kind=2 report_seq=74 uart_sequence=6828 sensor_raw=4294957096 sensor_converted=4294957096 xiao_rx=30166304 queue_push=30166308 core_rx=75735005
BNO_CORE_EVENT kind=1 report_seq=18 uart_sequence=6829 sensor_raw=4294964396 sensor_converted=4294964396 xiao_rx=30166329 queue_push=30166331 core_rx=75736058
BNO_CORE_EVENT kind=4 report_seq=147 uart_sequence=6830 sensor_raw=4294963696 sensor_converted=4294963696 xiao_rx=30171146 queue_push=30171154 core_rx=75737743
BNO_CORE_EVENT kind=2 report_seq=75 uart_sequence=6831 sensor_raw=4294963796 sensor_converted=4294963796 xiao_rx=30171177 queue_push=30171180 core_rx=75738951
BNO_CORE_EVENT kind=3 report_seq=37 uart_sequence=6832 sensor_raw=4294963796 sensor_converted=4294963796 xiao_rx=30171190 queue_push=30171192 core_rx=75740011
BNO_CORE_EVENT kind=5 report_seq=37 uart_sequence=6833 sensor_raw=4294958896 sensor_converted=4294958896 xiao_rx=30175885 queue_push=30175889 core_rx=75741080
BNO_CORE_EVENT kind=1 report_seq=19 uart_sequence=6834 sensor_raw=4294963996 sensor_converted=4294963996 xiao_rx=30175903 queue_push=30175905 core_rx=75742116
BNO_CORE_EVENT kind=2 report_seq=76 uart_sequence=6839 sensor_raw=4294964596 sensor_converted=4294964596 xiao_rx=30195022 queue_push=30195038 core_rx=75757498
BNO_CORE_EVENT kind=1 report_seq=20 uart_sequence=6840 sensor_raw=4294948096 sensor_converted=4294948096 xiao_rx=30202237 queue_push=30202240 core_rx=75760199
BNO_CORE_EVENT kind=2 report_seq=77 uart_sequence=6841 sensor_raw=4294955596 sensor_converted=4294955596 xiao_rx=30202261 queue_push=30202262 core_rx=75761381
BNO_CORE_EVENT kind=3 report_seq=38 uart_sequence=6842 sensor_raw=4294955596 sensor_converted=4294955596 xiao_rx=30202277 queue_push=30202278 core_rx=75762416
BNO_CORE_EVENT kind=5 report_seq=38 uart_sequence=6843 sensor_raw=4294955596 sensor_converted=4294955596 xiao_rx=30202285 queue_push=30202287 core_rx=75763789
BNO_CORE_EVENT kind=1 report_seq=21 uart_sequence=6844 sensor_raw=4294955896 sensor_converted=4294955896 xiao_rx=30202294 queue_push=30202296 core_rx=75764844
BNO_CORE_EVENT kind=1 report_seq=22 uart_sequence=6845 sensor_raw=4294964396 sensor_converted=4294964396 xiao_rx=30202302 queue_push=30202304 core_rx=75765876
BNO_CORE_EVENT kind=2 report_seq=78 uart_sequence=6846 sensor_raw=4294957796 sensor_converted=4294957796 xiao_rx=30206316 queue_push=30206319 core_rx=75766915
BNO_CORE_EVENT kind=1 report_seq=23 uart_sequence=6847 sensor_raw=4294964496 sensor_converted=4294964496 xiao_rx=30206331 queue_push=30206333 core_rx=75767941
BNO_CORE_EVENT kind=2 report_seq=79 uart_sequence=6849 sensor_raw=4294964096 sensor_converted=4294964096 xiao_rx=30217975 queue_push=30217984 core_rx=75776459
BNO_CORE_EVENT kind=3 report_seq=39 uart_sequence=6850 sensor_raw=4294964096 sensor_converted=4294964096 xiao_rx=30218005 queue_push=30218006 core_rx=75779195
BNO_CORE_EVENT kind=5 report_seq=39 uart_sequence=6851 sensor_raw=4294952496 sensor_converted=4294952496 xiao_rx=30225430 queue_push=30225435 core_rx=75780366
BNO_CORE_EVENT kind=4 report_seq=148 uart_sequence=6852 sensor_raw=4294952496 sensor_converted=4294952496 xiao_rx=30225457 queue_push=30225459 core_rx=75781415
BNO_CORE_EVENT kind=1 report_seq=24 uart_sequence=6853 sensor_raw=4294956796 sensor_converted=4294956796 xiao_rx=30225465 queue_push=30225467 core_rx=75782739
BNO_CORE_EVENT kind=2 report_seq=80 uart_sequence=6854 sensor_raw=4294962596 sensor_converted=4294962596 xiao_rx=30225474 queue_push=30225476 core_rx=75783814
BNO_CORE_EVENT kind=1 report_seq=25 uart_sequence=6855 sensor_raw=4294964696 sensor_converted=4294964696 xiao_rx=30225482 queue_push=30225484 core_rx=75784906
BNO_CORE_EVENT kind=2 report_seq=81 uart_sequence=6859 sensor_raw=4294964796 sensor_converted=4294964796 xiao_rx=30237286 queue_push=30237296 core_rx=75789990
BNO_CORE_EVENT kind=3 report_seq=40 uart_sequence=6862 sensor_raw=4294952996 sensor_converted=4294952996 xiao_rx=30247757 queue_push=30247763 core_rx=75807958
BNO_CORE_EVENT kind=5 report_seq=40 uart_sequence=6863 sensor_raw=4294952996 sensor_converted=4294952996 xiao_rx=30247790 queue_push=30247792 core_rx=75809726
BNO_CORE_EVENT kind=1 report_seq=26 uart_sequence=6864 sensor_raw=4294953096 sensor_converted=4294953096 xiao_rx=30247798 queue_push=30247800 core_rx=75811783
BNO_CORE_EVENT kind=1 report_seq=27 uart_sequence=6865 sensor_raw=4294961496 sensor_converted=4294961496 xiao_rx=30247807 queue_push=30247808 core_rx=75812869
BNO_CORE_EVENT kind=2 report_seq=82 uart_sequence=6866 sensor_raw=4294963096 sensor_converted=4294963096 xiao_rx=30247817 queue_push=30247820 core_rx=75813923
BNO_CORE_EVENT kind=1 report_seq=28 uart_sequence=6867 sensor_raw=4294959096 sensor_converted=4294959096 xiao_rx=30255653 queue_push=30255658 core_rx=75815442
BNO_CORE_EVENT kind=2 report_seq=83 uart_sequence=6868 sensor_raw=4294962196 sensor_converted=4294962196 xiao_rx=30255678 queue_push=30255680 core_rx=75816617
BNO_CORE_EVENT kind=3 report_seq=41 uart_sequence=6869 sensor_raw=4294962196 sensor_converted=4294962196 xiao_rx=30255688 queue_push=30255689 core_rx=75817675
BNO_CORE_EVENT kind=5 report_seq=41 uart_sequence=6870 sensor_raw=4294962196 sensor_converted=4294962196 xiao_rx=30255696 queue_push=30255697 core_rx=75818723
BNO_CORE_EVENT kind=4 report_seq=149 uart_sequence=6872 sensor_raw=4294962496 sensor_converted=4294962496 xiao_rx=30255706 queue_push=30255708 core_rx=75821216
BNO_CORE_EVENT kind=1 report_seq=29 uart_sequence=6873 sensor_raw=4294959696 sensor_converted=4294959696 xiao_rx=30258157 queue_push=30258160 core_rx=75822358
BNO_CORE_EVENT kind=2 report_seq=84 uart_sequence=6875 sensor_raw=4294961896 sensor_converted=4294961896 xiao_rx=30273683 queue_push=30273693 core_rx=75826167
BNO_CORE_EVENT kind=1 report_seq=30 uart_sequence=6876 sensor_raw=4294963996 sensor_converted=4294963996 xiao_rx=30273714 queue_push=30273715 core_rx=75827284
BNO_CORE_EVENT kind=1 report_seq=31 uart_sequence=6877 sensor_raw=4294956096 sensor_converted=4294956096 xiao_rx=30281308 queue_push=30281312 core_rx=75834519
BNO_CORE_EVENT kind=2 report_seq=85 uart_sequence=6878 sensor_raw=4294956096 sensor_converted=4294956096 xiao_rx=30281329 queue_push=30281331 core_rx=75836186
BNO_CORE_EVENT kind=3 report_seq=42 uart_sequence=6879 sensor_raw=4294956096 sensor_converted=4294956096 xiao_rx=30281343 queue_push=30281345 core_rx=75837642
BNO_CORE_EVENT kind=5 report_seq=42 uart_sequence=6880 sensor_raw=4294956096 sensor_converted=4294956096 xiao_rx=30281352 queue_push=30281353 core_rx=75839822
BNO_CORE_EVENT kind=1 report_seq=32 uart_sequence=6881 sensor_raw=4294963996 sensor_converted=4294963996 xiao_rx=30281360 queue_push=30281362 core_rx=75841022
BNO_CORE_EVENT kind=2 report_seq=86 uart_sequence=6882 sensor_raw=4294958696 sensor_converted=4294958696 xiao_rx=30285335 queue_push=30285337 core_rx=75842076
BNO_CORE_EVENT kind=1 report_seq=33 uart_sequence=6884 sensor_raw=4294964496 sensor_converted=4294964496 xiao_rx=30285345 queue_push=30285346 core_rx=75845640
BNO_CORE_EVENT kind=4 report_seq=150 uart_sequence=6888 sensor_raw=4294964396 sensor_converted=4294964396 xiao_rx=30297712 queue_push=30297722 core_rx=75861498
BNO_CORE_EVENT kind=2 report_seq=87 uart_sequence=6889 sensor_raw=4294952396 sensor_converted=4294952396 xiao_rx=30306195 queue_push=30306200 core_rx=75864207
BNO_CORE_EVENT kind=3 report_seq=43 uart_sequence=6890 sensor_raw=4294952396 sensor_converted=4294952396 xiao_rx=30306224 queue_push=30306226 core_rx=75865403
BNO_CORE_EVENT kind=5 report_seq=43 uart_sequence=6891 sensor_raw=4294952396 sensor_converted=4294952396 xiao_rx=30306238 queue_push=30306240 core_rx=75866443
BNO_CORE_EVENT kind=1 report_seq=34 uart_sequence=6892 sensor_raw=4294956196 sensor_converted=4294956196 xiao_rx=30306246 queue_push=30306248 core_rx=75869257
BNO_CORE_EVENT kind=2 report_seq=88 uart_sequence=6893 sensor_raw=4294962796 sensor_converted=4294962796 xiao_rx=30306254 queue_push=30306256 core_rx=75870311
BNO_CORE_EVENT kind=1 report_seq=35 uart_sequence=6894 sensor_raw=4294963996 sensor_converted=4294963996 xiao_rx=30306262 queue_push=30306264 core_rx=75871379
BNO_CORE_EVENT kind=1 report_seq=36 uart_sequence=6895 sensor_raw=4294963496 sensor_converted=4294963496 xiao_rx=30310726 queue_push=30310728 core_rx=75872415
BNO_CORE_EVENT kind=2 report_seq=89 uart_sequence=6896 sensor_raw=4294963796 sensor_converted=4294963796 xiao_rx=30310735 queue_push=30310737 core_rx=75873443
BNO_CORE_EVENT kind=3 report_seq=44 uart_sequence=6897 sensor_raw=4294963796 sensor_converted=4294963796 xiao_rx=30310744 queue_push=30310746 core_rx=75874479
BNO_CORE_EVENT kind=5 report_seq=44 uart_sequence=6900 sensor_raw=4294959496 sensor_converted=4294959496 xiao_rx=30325472 queue_push=30325480 core_rx=75880492
BNO_CORE_EVENT kind=1 report_seq=37 uart_sequence=6901 sensor_raw=4294952096 sensor_converted=4294952096 xiao_rx=30329769 queue_push=30329772 core_rx=75883156
BNO_CORE_EVENT kind=2 report_seq=90 uart_sequence=6903 sensor_raw=4294954896 sensor_converted=4294954896 xiao_rx=30329788 queue_push=30329791 core_rx=75885083
BNO_CORE_EVENT kind=1 report_seq=38 uart_sequence=6904 sensor_raw=4294960396 sensor_converted=4294960396 xiao_rx=30329798 queue_push=30329800 core_rx=75886982
BNO_CORE_EVENT kind=2 report_seq=91 uart_sequence=6908 sensor_raw=4294960796 sensor_converted=4294960796 xiao_rx=30343650 queue_push=30343659 core_rx=75894523
BNO_CORE_EVENT kind=3 report_seq=45 uart_sequence=6909 sensor_raw=4294960796 sensor_converted=4294960796 xiao_rx=30343686 queue_push=30343687 core_rx=75897141
BNO_CORE_EVENT kind=5 report_seq=45 uart_sequence=6910 sensor_raw=4294960796 sensor_converted=4294960796 xiao_rx=30343699 queue_push=30343701 core_rx=75898178
BNO_CORE_EVENT kind=4 report_seq=151 uart_sequence=6911 sensor_raw=4294960796 sensor_converted=4294960796 xiao_rx=30343709 queue_push=30343711 core_rx=75899247
BNO_CORE_EVENT kind=1 report_seq=39 uart_sequence=6912 sensor_raw=4294963696 sensor_converted=4294963696 xiao_rx=30343718 queue_push=30343719 core_rx=75900761
BNO_CORE_EVENT kind=2 report_seq=92 uart_sequence=6915 sensor_raw=4294956196 sensor_converted=4294956196 xiao_rx=30354695 queue_push=30354705 core_rx=75911509
BNO_CORE_EVENT kind=1 report_seq=40 uart_sequence=6916 sensor_raw=4294957096 sensor_converted=4294957096 xiao_rx=30354730 queue_push=30354732 core_rx=75914185
BNO_CORE_EVENT kind=1 report_seq=41 uart_sequence=6917 sensor_raw=4294964896 sensor_converted=4294964896 xiao_rx=30354739 queue_push=30354740 core_rx=75915370
BNO_CORE_EVENT kind=2 report_seq=93 uart_sequence=6918 sensor_raw=4294955696 sensor_converted=4294955696 xiao_rx=30360086 queue_push=30360090 core_rx=75916416
BNO_CORE_EVENT kind=3 report_seq=46 uart_sequence=6919 sensor_raw=4294955696 sensor_converted=4294955696 xiao_rx=30360105 queue_push=30360107 core_rx=75917798
BNO_CORE_EVENT kind=5 report_seq=46 uart_sequence=6920 sensor_raw=4294955696 sensor_converted=4294955696 xiao_rx=30360114 queue_push=30360116 core_rx=75918865
BNO_CORE_EVENT kind=1 report_seq=42 uart_sequence=6921 sensor_raw=4294963096 sensor_converted=4294963096 xiao_rx=30360122 queue_push=30360124 core_rx=75919897
BNO_CORE_EVENT kind=2 report_seq=94 uart_sequence=6923 sensor_raw=4294959996 sensor_converted=4294959996 xiao_rx=30372297 queue_push=30372308 core_rx=75930520
BNO_CORE_EVENT kind=1 report_seq=43 uart_sequence=6924 sensor_raw=4294964896 sensor_converted=4294964896 xiao_rx=30372335 queue_push=30372336 core_rx=75933147
BNO_CORE_EVENT kind=2 report_seq=95 uart_sequence=6925 sensor_raw=4294958196 sensor_converted=4294958196 xiao_rx=30379234 queue_push=30379236 core_rx=75934195
BNO_CORE_EVENT kind=3 report_seq=47 uart_sequence=6926 sensor_raw=4294958196 sensor_converted=4294958196 xiao_rx=30379247 queue_push=30379248 core_rx=75935246
BNO_CORE_EVENT kind=5 report_seq=47 uart_sequence=6927 sensor_raw=4294958196 sensor_converted=4294958196 xiao_rx=30379255 queue_push=30379257 core_rx=75936785
BNO_CORE_EVENT kind=4 report_seq=152 uart_sequence=6928 sensor_raw=4294958196 sensor_converted=4294958196 xiao_rx=30379265 queue_push=30379266 core_rx=75937952
BNO_CORE_EVENT kind=1 report_seq=44 uart_sequence=6929 sensor_raw=4294960696 sensor_converted=4294960696 xiao_rx=30379273 queue_push=30379275 core_rx=75938999
BNO_CORE_EVENT kind=2 report_seq=96 uart_sequence=6933 sensor_raw=4294961296 sensor_converted=4294961296 xiao_rx=30392901 queue_push=30392911 core_rx=75946443
BNO_CORE_EVENT kind=1 report_seq=45 uart_sequence=6934 sensor_raw=4294961596 sensor_converted=4294961596 xiao_rx=30392937 queue_push=30392939 core_rx=75947590
BNO_CORE_EVENT kind=1 report_seq=46 uart_sequence=6936 sensor_raw=4294956196 sensor_converted=4294956196 xiao_rx=30400888 queue_push=30400894 core_rx=75956489
BNO_CORE_EVENT kind=2 report_seq=97 uart_sequence=6937 sensor_raw=4294957596 sensor_converted=4294957596 xiao_rx=30400920 queue_push=30400922 core_rx=75959112
BNO_CORE_EVENT kind=3 report_seq=48 uart_sequence=6938 sensor_raw=4294957596 sensor_converted=4294957596 xiao_rx=30400934 queue_push=30400935 core_rx=75960176
BNO_CORE_EVENT kind=5 report_seq=48 uart_sequence=6939 sensor_raw=4294957596 sensor_converted=4294957596 xiao_rx=30400942 queue_push=30400944 core_rx=75961233
BNO_CORE_EVENT kind=1 report_seq=47 uart_sequence=6940 sensor_raw=4294963996 sensor_converted=4294963996 xiao_rx=30400950 queue_push=30400952 core_rx=75962792
BNO_CORE_EVENT kind=2 report_seq=98 uart_sequence=6941 sensor_raw=4294959096 sensor_converted=4294959096 xiao_rx=30405628 queue_push=30405631 core_rx=75963925
BNO_CORE_EVENT kind=1 report_seq=48 uart_sequence=6942 sensor_raw=4294963796 sensor_converted=4294963796 xiao_rx=30405641 queue_push=30405644 core_rx=75964956
BNO_CORE_EVENT kind=2 report_seq=99 uart_sequence=6945 sensor_raw=4294964596 sensor_converted=4294964596 xiao_rx=30416559 queue_push=30416566 core_rx=75977494
BNO_CORE_EVENT kind=3 report_seq=49 uart_sequence=6946 sensor_raw=4294953596 sensor_converted=4294953596 xiao_rx=30422817 queue_push=30422822 core_rx=75980197
BNO_CORE_EVENT kind=5 report_seq=49 uart_sequence=6947 sensor_raw=4294953596 sensor_converted=4294953596 xiao_rx=30422841 queue_push=30422843 core_rx=75981399
BNO_CORE_EVENT kind=4 report_seq=153 uart_sequence=6948 sensor_raw=4294953596 sensor_converted=4294953596 xiao_rx=30422855 queue_push=30422857 core_rx=75982439
BNO_CORE_EVENT kind=1 report_seq=49 uart_sequence=6949 sensor_raw=4294955896 sensor_converted=4294955896 xiao_rx=30422863 queue_push=30422865 core_rx=75985268
BNO_CORE_EVENT kind=2 report_seq=100 uart_sequence=6951 sensor_raw=4294963796 sensor_converted=4294963796 xiao_rx=30422872 queue_push=30422874 core_rx=75987213
BNO_CORE_EVENT kind=1 report_seq=50 uart_sequence=6952 sensor_raw=4294957596 sensor_converted=4294957596 xiao_rx=30426223 queue_push=30426225 core_rx=75988256
BNO_CORE_EVENT kind=1 report_seq=51 uart_sequence=6953 sensor_raw=4294965596 sensor_converted=4294965596 xiao_rx=30426238 queue_push=30426240 core_rx=75989331
BNO_CORE_EVENT kind=2 report_seq=101 uart_sequence=6957 sensor_raw=4294963896 sensor_converted=4294963896 xiao_rx=30441835 queue_push=30441845 core_rx=75998476
BNO_CORE_EVENT kind=3 report_seq=50 uart_sequence=6958 sensor_raw=4294963896 sensor_converted=4294963896 xiao_rx=30441869 queue_push=30441871 core_rx=76001203
BNO_CORE_EVENT kind=5 report_seq=50 uart_sequence=6959 sensor_raw=4294948396 sensor_converted=4294948396 xiao_rx=30447658 queue_push=30447660 core_rx=76002379
BNO_CORE_EVENT kind=1 report_seq=52 uart_sequence=6960 sensor_raw=4294954996 sensor_converted=4294954996 xiao_rx=30447667 queue_push=30447669 core_rx=76003433
BNO_CORE_EVENT kind=2 report_seq=102 uart_sequence=6961 sensor_raw=4294958696 sensor_converted=4294958696 xiao_rx=30447675 queue_push=30447677 core_rx=76006234
BNO_CORE_EVENT kind=1 report_seq=53 uart_sequence=6962 sensor_raw=4294962396 sensor_converted=4294962396 xiao_rx=30447683 queue_push=30447685 core_rx=76007293
BNO_CORE_EVENT kind=2 report_seq=103 uart_sequence=6965 sensor_raw=4294962396 sensor_converted=4294962396 xiao_rx=30460693 queue_push=30460702 core_rx=76018501
BNO_CORE_EVENT kind=3 report_seq=51 uart_sequence=6966 sensor_raw=4294962396 sensor_converted=4294962396 xiao_rx=30460729 queue_push=30460731 core_rx=76021142
BNO_CORE_EVENT kind=5 report_seq=51 uart_sequence=6967 sensor_raw=4294962496 sensor_converted=4294962496 xiao_rx=30460742 queue_push=30460744 core_rx=76022192
BNO_CORE_EVENT kind=4 report_seq=154 uart_sequence=6968 sensor_raw=4294962496 sensor_converted=4294962496 xiao_rx=30460752 queue_push=30460754 core_rx=76023242
BNO_CORE_EVENT kind=1 report_seq=54 uart_sequence=6969 sensor_raw=4294951496 sensor_converted=4294951496 xiao_rx=30465055 queue_push=30465058 core_rx=76024762
BNO_CORE_EVENT kind=1 report_seq=55 uart_sequence=6970 sensor_raw=4294959796 sensor_converted=4294959796 xiao_rx=30465076 queue_push=30465077 core_rx=76025931
BNO_CORE_EVENT kind=2 report_seq=104 uart_sequence=6971 sensor_raw=4294959796 sensor_converted=4294959796 xiao_rx=30465090 queue_push=30465092 core_rx=76026972
BNO_CORE_EVENT kind=1 report_seq=56 uart_sequence=6972 sensor_raw=4294962996 sensor_converted=4294962996 xiao_rx=30467551 queue_push=30467555 core_rx=76028000
BNO_CORE_EVENT kind=2 report_seq=105 uart_sequence=6977 sensor_raw=4294962396 sensor_converted=4294962396 xiao_rx=30481483 queue_push=30481491 core_rx=76051514
BNO_CORE_EVENT kind=3 report_seq=52 uart_sequence=6978 sensor_raw=4294962396 sensor_converted=4294962396 xiao_rx=30481538 queue_push=30481539 core_rx=76054163
BNO_CORE_EVENT kind=5 report_seq=52 uart_sequence=6979 sensor_raw=4294962396 sensor_converted=4294962396 xiao_rx=30481551 queue_push=30481553 core_rx=76055277
BNO_CORE_EVENT kind=1 report_seq=57 uart_sequence=6980 sensor_raw=4294954796 sensor_converted=4294954796 xiao_rx=30486684 queue_push=30486688 core_rx=76056332
BNO_CORE_EVENT kind=2 report_seq=106 uart_sequence=6981 sensor_raw=4294958896 sensor_converted=4294958896 xiao_rx=30486703 queue_push=30486705 core_rx=76058276
BNO_CORE_EVENT kind=1 report_seq=58 uart_sequence=6982 sensor_raw=4294962896 sensor_converted=4294962896 xiao_rx=30486711 queue_push=30486713 core_rx=76059410
BNO_CORE_EVENT kind=2 report_seq=107 uart_sequence=6983 sensor_raw=4294963696 sensor_converted=4294963696 xiao_rx=30490340 queue_push=30490344 core_rx=76060440
BNO_CORE_EVENT kind=3 report_seq=53 uart_sequence=6984 sensor_raw=4294963696 sensor_converted=4294963696 xiao_rx=30490365 queue_push=30490367 core_rx=76061488
BNO_CORE_EVENT kind=5 report_seq=53 uart_sequence=6985 sensor_raw=4294959796 sensor_converted=4294959796 xiao_rx=30495997 queue_push=30496001 core_rx=76064037
BNO_CORE_EVENT kind=4 report_seq=155 uart_sequence=6986 sensor_raw=4294959796 sensor_converted=4294959796 xiao_rx=30496031 queue_push=30496033 core_rx=76065251
BNO_CORE_EVENT kind=1 report_seq=59 uart_sequence=6987 sensor_raw=4294961196 sensor_converted=4294961196 xiao_rx=30496040 queue_push=30496042 core_rx=76066297
BNO_CORE_EVENT kind=1 report_seq=60 uart_sequence=6988 sensor_raw=4294963696 sensor_converted=4294963696 xiao_rx=30500138 queue_push=30500141 core_rx=76067357
BNO_CORE_EVENT kind=2 report_seq=108 uart_sequence=6989 sensor_raw=4294963996 sensor_converted=4294963996 xiao_rx=30500155 queue_push=30500156 core_rx=76068405
BNO_CORE_EVENT kind=1 report_seq=61 uart_sequence=6991 sensor_raw=4294966796 sensor_converted=4294966796 xiao_rx=30515723 queue_push=30515731 core_rx=76071473
BNO_CORE_EVENT kind=2 report_seq=109 uart_sequence=6993 sensor_raw=4294954596 sensor_converted=4294954596 xiao_rx=30522876 queue_push=30522882 core_rx=76076477
BNO_CORE_EVENT kind=3 report_seq=54 uart_sequence=6994 sensor_raw=4294954596 sensor_converted=4294954596 xiao_rx=30522905 queue_push=30522907 core_rx=76077638
BNO_CORE_EVENT kind=5 report_seq=54 uart_sequence=6995 sensor_raw=4294954596 sensor_converted=4294954596 xiao_rx=30522917 queue_push=30522919 core_rx=76078688
BNO_CORE_EVENT kind=1 report_seq=62 uart_sequence=6996 sensor_raw=4294960196 sensor_converted=4294960196 xiao_rx=30522925 queue_push=30522927 core_rx=76079723
BNO_CORE_EVENT kind=2 report_seq=110 uart_sequence=6997 sensor_raw=4294964696 sensor_converted=4294964696 xiao_rx=30522933 queue_push=30522935 core_rx=76080765
BNO_CORE_EVENT kind=1 report_seq=63 uart_sequence=7001 sensor_raw=4294960396 sensor_converted=4294960396 xiao_rx=30532438 queue_push=30532445 core_rx=76089485
BNO_CORE_EVENT kind=2 report_seq=111 uart_sequence=7002 sensor_raw=4294957996 sensor_converted=4294957996 xiao_rx=30538847 queue_push=30538852 core_rx=76092296
BNO_CORE_EVENT kind=3 report_seq=55 uart_sequence=7003 sensor_raw=4294957996 sensor_converted=4294957996 xiao_rx=30538872 queue_push=30538874 core_rx=76093533
BNO_CORE_EVENT kind=5 report_seq=55 uart_sequence=7004 sensor_raw=4294957996 sensor_converted=4294957996 xiao_rx=30538881 queue_push=30538883 core_rx=76094637
BNO_CORE_EVENT kind=4 report_seq=156 uart_sequence=7005 sensor_raw=4294957996 sensor_converted=4294957996 xiao_rx=30538891 queue_push=30538893 core_rx=76097256
BNO_CORE_EVENT kind=1 report_seq=64 uart_sequence=7006 sensor_raw=4294958896 sensor_converted=4294958896 xiao_rx=30538899 queue_push=30538901 core_rx=76098323
BNO_CORE_EVENT kind=1 report_seq=65 uart_sequence=7011 sensor_raw=4294960196 sensor_converted=4294960196 xiao_rx=30549423 queue_push=30549427 core_rx=76113025
BNO_CORE_EVENT kind=2 report_seq=112 uart_sequence=7012 sensor_raw=4294960896 sensor_converted=4294960896 xiao_rx=30549448 queue_push=30549451 core_rx=76114273
BNO_CORE_EVENT kind=1 report_seq=66 uart_sequence=7013 sensor_raw=4294958096 sensor_converted=4294958096 xiao_rx=30557062 queue_push=30557065 core_rx=76115679
BNO_CORE_EVENT kind=2 report_seq=113 uart_sequence=7014 sensor_raw=4294960896 sensor_converted=4294960896 xiao_rx=30557083 queue_push=30557085 core_rx=76116760
BNO_CORE_EVENT kind=3 report_seq=56 uart_sequence=7015 sensor_raw=4294960896 sensor_converted=4294960896 xiao_rx=30557096 queue_push=30557098 core_rx=76117819
BNO_CORE_EVENT kind=5 report_seq=56 uart_sequence=7016 sensor_raw=4294960896 sensor_converted=4294960896 xiao_rx=30557104 queue_push=30557106 core_rx=76120253
BNO_CORE_EVENT kind=1 report_seq=67 uart_sequence=7017 sensor_raw=4294965596 sensor_converted=4294965596 xiao_rx=30557112 queue_push=30557114 core_rx=76121439
BNO_CORE_EVENT kind=2 report_seq=114 uart_sequence=7018 sensor_raw=4294962996 sensor_converted=4294962996 xiao_rx=30561802 queue_push=30561806 core_rx=76122471
BNO_CORE_EVENT kind=1 report_seq=68 uart_sequence=7019 sensor_raw=4294965896 sensor_converted=4294965896 xiao_rx=30561822 queue_push=30561824 core_rx=76123508
BNO_CORE_EVENT kind=2 report_seq=115 uart_sequence=7021 sensor_raw=4294964796 sensor_converted=4294964796 xiao_rx=30573467 queue_push=30573478 core_rx=76130517
BNO_CORE_EVENT kind=3 report_seq=57 uart_sequence=7022 sensor_raw=4294956996 sensor_converted=4294956996 xiao_rx=30579808 queue_push=30579810 core_rx=76133206
BNO_CORE_EVENT kind=5 report_seq=57 uart_sequence=7023 sensor_raw=4294956996 sensor_converted=4294956996 xiao_rx=30579821 queue_push=30579823 core_rx=76134404
BNO_CORE_EVENT kind=4 report_seq=157 uart_sequence=7024 sensor_raw=4294956996 sensor_converted=4294956996 xiao_rx=30579831 queue_push=30579833 core_rx=76135443
BNO_CORE_EVENT kind=1 report_seq=69 uart_sequence=7025 sensor_raw=4294957496 sensor_converted=4294957496 xiao_rx=30579839 queue_push=30579841 core_rx=76138312
BNO_CORE_EVENT kind=1 report_seq=70 uart_sequence=7026 sensor_raw=4294965296 sensor_converted=4294965296 xiao_rx=30579847 queue_push=30579849 core_rx=76139387
TYPE23_IDENTIFIED rx_us=76145517 uart_sequence=7029 type=23 payload_length=16 payload_hex=06 05 00 00 02 01 00 00 00 00 00 00 74 1B 00 00  encoded_bytes=44 crc=ok cobs=ok length=ok previous_type=5 boundary_ack=1
TRIAL_STOP_ACK ack_sequence=7029 last_sequence=7028 capture_id=1286
SDTRACE count=66 write_calls=161
SDTRACE us=65324272 src=log_start op=mkdir ok=1 rec=0 q=0 req=0 actual=0
SDTRACE us=65328412 src=log_start op=exists ok=1 rec=0 q=0 req=0 actual=0
SDTRACE us=65335899 src=log_start op=exists ok=1 rec=0 q=0 req=0 actual=0
SDTRACE us=65342125 src=log_start op=exists ok=1 rec=0 q=0 req=0 actual=0
SDTRACE us=65347163 src=log_start op=exists ok=1 rec=0 q=0 req=0 actual=0
SDTRACE us=65351943 src=log_start op=exists ok=1 rec=0 q=0 req=0 actual=0
SDTRACE us=65356884 src=log_start op=exists ok=1 rec=0 q=0 req=0 actual=0
SDTRACE us=65365793 src=log_start op=exists ok=1 rec=0 q=0 req=0 actual=0
SDTRACE us=65372905 src=log_start op=exists ok=1 rec=0 q=0 req=0 actual=0
SDTRACE us=65377897 src=log_start op=exists ok=1 rec=0 q=0 req=0 actual=0
SDTRACE us=65388084 src=log_start op=exists ok=1 rec=0 q=0 req=0 actual=0
SDTRACE us=65399101 src=log_start op=exists ok=1 rec=0 q=0 req=0 actual=0
SDTRACE us=65409239 src=log_start op=exists ok=1 rec=0 q=0 req=0 actual=0
SDTRACE us=65421464 src=log_start op=exists ok=1 rec=0 q=0 req=0 actual=0
SDTRACE us=65432564 src=log_start op=exists ok=1 rec=0 q=0 req=0 actual=0
SDTRACE us=65442572 src=log_start op=exists ok=1 rec=0 q=0 req=0 actual=0
SDTRACE us=65452495 src=log_start op=exists ok=1 rec=0 q=0 req=0 actual=0
SDTRACE us=65462503 src=log_start op=exists ok=1 rec=0 q=0 req=0 actual=0
SDTRACE us=65479395 src=log_start op=exists ok=1 rec=0 q=0 req=0 actual=0
SDTRACE us=65493054 src=log_start op=exists ok=1 rec=0 q=0 req=0 actual=0
SDTRACE us=65508224 src=log_start op=exists ok=1 rec=0 q=0 req=0 actual=0
SDTRACE us=65523977 src=log_start op=exists ok=1 rec=0 q=0 req=0 actual=0
SDTRACE us=65539440 src=log_start op=exists ok=1 rec=0 q=0 req=0 actual=0
SDTRACE us=65553292 src=log_start op=exists ok=1 rec=0 q=0 req=0 actual=0
SDTRACE us=65567983 src=log_start op=exists ok=1 rec=0 q=0 req=0 actual=0
SDTRACE us=65583963 src=log_start op=exists ok=1 rec=0 q=0 req=0 actual=0
SDTRACE us=65604650 src=log_start op=exists ok=1 rec=0 q=0 req=0 actual=0
SDTRACE us=65620961 src=log_start op=exists ok=1 rec=0 q=0 req=0 actual=0
SDTRACE us=65642352 src=log_start op=exists ok=1 rec=0 q=0 req=0 actual=0
SDTRACE us=65659526 src=log_start op=exists ok=1 rec=0 q=0 req=0 actual=0
SDTRACE us=65678499 src=log_start op=exists ok=1 rec=0 q=0 req=0 actual=0
SDTRACE us=65699410 src=log_start op=exists ok=1 rec=0 q=0 req=0 actual=0
SDTRACE us=65716957 src=log_start op=exists ok=1 rec=0 q=0 req=0 actual=0
SDTRACE us=65739253 src=log_start op=exists ok=1 rec=0 q=0 req=0 actual=0
SDTRACE us=65760919 src=log_start op=exists ok=1 rec=0 q=0 req=0 actual=0
SDTRACE us=65780962 src=log_start op=exists ok=1 rec=0 q=0 req=0 actual=0
SDTRACE us=65808160 src=log_start op=exists ok=1 rec=0 q=0 req=0 actual=0
SDTRACE us=65830353 src=log_start op=exists ok=1 rec=0 q=0 req=0 actual=0
SDTRACE us=65853301 src=log_start op=exists ok=1 rec=0 q=0 req=0 actual=0
SDTRACE us=65875861 src=log_start op=exists ok=1 rec=0 q=0 req=0 actual=0
SDTRACE us=65897153 src=log_start op=exists ok=1 rec=0 q=0 req=0 actual=0
SDTRACE us=65923088 src=log_start op=exists ok=1 rec=0 q=0 req=0 actual=0
SDTRACE us=65947381 src=log_start op=exists ok=1 rec=0 q=0 req=0 actual=0
SDTRACE us=65975990 src=log_start op=exists ok=1 rec=0 q=0 req=0 actual=0
SDTRACE us=66001871 src=log_start op=exists ok=1 rec=0 q=0 req=0 actual=0
SDTRACE us=66032894 src=log_start op=exists ok=1 rec=0 q=0 req=0 actual=0
SDTRACE us=66056488 src=log_start op=exists ok=0 rec=0 q=0 req=0 actual=0
SDTRACE us=66123269 src=log_start op=open ok=1 rec=0 q=0 req=0 actual=0
SDTRACE us=66681097 src=writer op=write ok=1 rec=58 q=2 req=512 actual=512
SDTRACE us=66681138 src=writer op=write ok=1 rec=58 q=2 req=512 actual=512
SDTRACE us=66681174 src=writer op=write ok=1 rec=58 q=2 req=512 actual=512
SDTRACE us=66782902 src=writer op=write ok=1 rec=58 q=13 req=512 actual=512
SDTRACE us=67644914 src=writer op=write ok=1 rec=117 q=9 req=512 actual=512
SDTRACE us=68659916 src=writer op=write ok=1 rec=176 q=7 req=512 actual=512
SDTRACE us=69690809 src=writer op=write ok=1 rec=235 q=9 req=512 actual=512
SDTRACE us=70738559 src=writer op=write ok=1 rec=294 q=9 req=512 actual=512
SDTRACE us=71726862 src=writer op=write ok=1 rec=352 q=8 req=512 actual=512
SDTRACE us=72761092 src=writer op=write ok=1 rec=412 q=10 req=512 actual=512
SDTRACE us=73739739 src=writer op=write ok=1 rec=470 q=8 req=512 actual=512
SDTRACE us=74769173 src=writer op=write ok=1 rec=530 q=3 req=512 actual=512
SDTRACE us=76087249 src=writer op=write ok=1 rec=590 q=0 req=512 actual=512
SDTRACE us=76156090 src=writer op=flush ok=1 rec=592 q=0 req=0 actual=0
SDTRACE us=76156405 src=writer op=close ok=1 rec=592 q=0 req=0 actual=0
SDTRACE us=76220188 src=summary op=open ok=1 rec=592 q=0 req=0 actual=0
SDTRACE us=76223446 src=summary op=write ok=1 rec=592 q=0 req=0 actual=0
SDTRACE us=76234024 src=summary op=close ok=1 rec=592 q=0 req=0 actual=0
TRIAL_END mode=decode_count rx_bytes=468692 service_bytes=468736 frames=4824 bno_valid=3518 seq_gap=0 crc/cobs/len=0/0/0 unknown=0 bno_invalid=0 rxbuf_full=0 service_calls=4418 read_calls=4418 zero_reads=2248 delimiters=4824 bno_kind=1264/1001/501/251/501 bno_log_enqueue=0
TRIALTYPE type=2 name=BnoAccel frames=1264 encoded_bytes=106176
TRIALTYPE type=3 name=BnoGyro frames=1001 encoded_bytes=84084
TRIALTYPE type=4 name=BnoQuaternion frames=1002 encoded_bytes=84168
TRIALTYPE type=5 name=TofFrame frames=303 encoded_bytes=67872
TRIALTYPE type=7 name=VescStatus frames=306 encoded_bytes=26928
TRIALTYPE type=11 name=TimeSyncReply frames=10 encoded_bytes=560
TRIALTYPE type=16 name=GnssProcessResult frames=88 encoded_bytes=8448
TRIALTYPE type=20 name=BnoMagnetic frames=251 encoded_bytes=21084
TRIALTYPE type=22 name=EstimatedState frames=92 encoded_bytes=13616
TRIALTYPE type=23 name=P1Capture frames=1 encoded_bytes=44
TRIALTYPE type=24 name=PrimaryImuSnapshot frames=168 encoded_bytes=15456
TRIALTYPE type=32 name=Heartbeat frames=101 encoded_bytes=4040
TRIALTYPE type=56 name=EskfState frames=171 encoded_bytes=31464
TRIALTYPE type=57 name=EskfInnovation frames=17 encoded_bytes=1224
TRIALTYPE type=58 name=EskfHealth frames=49 encoded_bytes=3528
TRIAL_SEQUENCE first=2219 last=7028 valid=1
TRIAL_BOUNDARY start_ack=2218 expected_first=2219 stop_ack=7029 expected_last=7028 stop_ack_received=1
BNO_CORE_TS kind=1 count=1264 first_rx_us=66142522 last_rx_us=76139387 delta_us=1005/7915.17/69184
BNO_CORE_TS kind=2 count=1001 first_rx_us=66136508 last_rx_us=76130517 delta_us=2061/9994.01/72239
BNO_CORE_TS kind=3 count=501 first_rx_us=66138006 last_rx_us=76133206 delta_us=6771/19990.40/82099
BNO_CORE_TS kind=4 count=251 first_rx_us=66141486 last_rx_us=76135443 delta_us=22401/39975.83/85464
BNO_CORE_TS kind=5 count=501 first_rx_us=66140281 last_rx_us=76134404 delta_us=7055/19988.25/80874
SEQUENCE_STATE gaps=0 duplicates=0 out_of_order=0 wraps=0
XIAO UART baud=921600 rx=GPIO8 tx=GPIO9 bytes=1226108 frames=4843 bytes_s=28976 frames_s=293 crc/cobs/len=0/0/0 seqgap=0 age_ms=12 type=56 log=0 q=0 rec=592 final=0
RXDIAG max_us=6746 budget_hits=39 byte/frame/time=39/0/0 rx_buf_max=1092 loop_period_max_us=1174994 loop_exec_max_us=1168663 free_heap=142776 min_free_heap=137792 reset_reason=0 bno_kind_1to5_s=70/55/28/14/28 queue=0 high=13 drops=0
RXDETAIL service_calls=60690 service_bytes_avg=20 service_bytes_max=512 service_frames_avg=0 service_frames_avg_x1000=170 service_frames_max=7 service_bytes_s=28736 service_frames_s=290 rxbuf_full_obs=0 bno_valid=3518 bno_invalid=0 unknown=0 uart_overflow=framework_unavailable trial_rx_bytes=470708 trial_frames=4841 trial_bno=3518 trial_crc/cobs/len=0/0/0
RXTASK mode=decode_count read_calls=60691 zero_reads=51503 read_bytes_max=512 rx_task_max_us=6746 rx_task_continuous_max_us=6746 stack_hwm_min_bytes=4472 cobs_delimiters=10361 rx_current=0 rx_max=1092 rx_full=0 overflow=framework_unavailable
SDTASK max_process_us=210255
XIAO UART baud=921600 rx=GPIO8 tx=GPIO9 bytes=1237284 frames=4933 bytes_s=11176 frames_s=90 crc/cobs/len=0/0/0 seqgap=0 age_ms=10 type=7 log=0 q=0 rec=592 final=0
RXDIAG max_us=6746 budget_hits=39 byte/frame/time=39/0/0 rx_buf_max=1092 loop_period_max_us=1174994 loop_exec_max_us=1168663 free_heap=142776 min_free_heap=137792 reset_reason=0 bno_kind_1to5_s=0/0/0/0/0 queue=0 high=13 drops=0
RXDETAIL service_calls=61575 service_bytes_avg=20 service_bytes_max=512 service_frames_avg=0 service_frames_avg_x1000=169 service_frames_max=7 service_bytes_s=11324 service_frames_s=91 rxbuf_full_obs=0 bno_valid=3518 bno_invalid=0 unknown=0 uart_overflow=framework_unavailable trial_rx_bytes=482032 trial_frames=4932 trial_bno=3518 trial_crc/cobs/len=0/0/0
RXTASK mode=decode_count read_calls=61577 zero_reads=52290 read_bytes_max=512 rx_task_max_us=6746 rx_task_continuous_max_us=6746 stack_hwm_min_bytes=4472 cobs_delimiters=10452 rx_current=0 rx_max=1092 rx_full=0 overflow=framework_unavailable
SDTASK max_process_us=210255
XIAO UART baud=921600 rx=GPIO8 tx=GPIO9 bytes=1255664 frames=5072 bytes_s=18380 frames_s=139 crc/cobs/len=0/0/0 seqgap=0 age_ms=12 type=7 log=0 q=0 rec=592 final=0
RXDIAG max_us=6746 budget_hits=39 byte/frame/time=39/0/0 rx_buf_max=1092 loop_period_max_us=1174994 loop_exec_max_us=1168663 free_heap=142776 min_free_heap=137792 reset_reason=0 bno_kind_1to5_s=0/0/0/0/0 queue=0 high=13 drops=0
RXDETAIL service_calls=62396 service_bytes_avg=20 service_bytes_max=512 service_frames_avg=0 service_frames_avg_x1000=169 service_frames_max=7 service_bytes_s=18232 service_frames_s=138 rxbuf_full_obs=0 bno_valid=3518 bno_invalid=0 unknown=0 uart_overflow=framework_unavailable trial_rx_bytes=500264 trial_frames=5070 trial_bno=3518 trial_crc/cobs/len=0/0/0
RXTASK mode=decode_count read_calls=62397 zero_reads=52951 read_bytes_max=512 rx_task_max_us=6746 rx_task_continuous_max_us=6746 stack_hwm_min_bytes=4472 cobs_delimiters=10590 rx_current=0 rx_max=1092 rx_full=0 overflow=framework_unavailable
SDTASK max_process_us=210255
XIAO UART baud=921600 rx=GPIO8 tx=GPIO9 bytes=1273884 frames=5209 bytes_s=18220 frames_s=137 crc/cobs/len=0/0/0 seqgap=0 age_ms=10 type=7 log=0 q=0 rec=592 final=0
RXDIAG max_us=6746 budget_hits=39 byte/frame/time=39/0/0 rx_buf_max=1092 loop_period_max_us=1174994 loop_exec_max_us=1168663 free_heap=142776 min_free_heap=137792 reset_reason=0 bno_kind_1to5_s=0/0/0/0/0 queue=0 high=13 drops=0
RXDETAIL service_calls=63220 service_bytes_avg=20 service_bytes_max=512 service_frames_avg=0 service_frames_avg_x1000=169 service_frames_max=7 service_bytes_s=18260 service_frames_s=138 rxbuf_full_obs=0 bno_valid=3518 bno_invalid=0 unknown=0 uart_overflow=framework_unavailable trial_rx_bytes=518524 trial_frames=5208 trial_bno=3518 trial_crc/cobs/len=0/0/0
RXTASK mode=decode_count read_calls=63221 zero_reads=53610 read_bytes_max=512 rx_task_max_us=6746 rx_task_continuous_max_us=6746 stack_hwm_min_bytes=4472 cobs_delimiters=10728 rx_current=0 rx_max=1092 rx_full=0 overflow=framework_unavailable
SDTASK max_process_us=210255
XIAO UART baud=921600 rx=GPIO8 tx=GPIO9 bytes=1292144 frames=5347 bytes_s=18260 frames_s=138 crc/cobs/len=0/0/0 seqgap=0 age_ms=3 type=7 log=0 q=0 rec=592 final=0
RXDIAG max_us=6746 budget_hits=39 byte/frame/time=39/0/0 rx_buf_max=1092 loop_period_max_us=1174994 loop_exec_max_us=1168663 free_heap=142552 min_free_heap=137792 reset_reason=0 bno_kind_1to5_s=0/0/0/0/0 queue=0 high=13 drops=0
RXDETAIL service_calls=64027 service_bytes_avg=20 service_bytes_max=512 service_frames_avg=0 service_frames_avg_x1000=169 service_frames_max=7 service_bytes_s=18220 service_frames_s=137 rxbuf_full_obs=0 bno_valid=3518 bno_invalid=0 unknown=0 uart_overflow=framework_unavailable trial_rx_bytes=536744 trial_frames=5345 trial_bno=3518 trial_crc/cobs/len=0/0/0
RXTASK mode=decode_count read_calls=64029 zero_reads=54259 read_bytes_max=512 rx_task_max_us=6746 rx_task_continuous_max_us=6746 stack_hwm_min_bytes=4472 cobs_delimiters=10865 rx_current=0 rx_max=1092 rx_full=0 overflow=framework_unavailable
SDTASK max_process_us=210255
XIAO UART baud=921600 rx=GPIO8 tx=GPIO9 bytes=1310180 frames=5482 bytes_s=18036 frames_s=135 crc/cobs/len=0/0/0 seqgap=0 age_ms=0 type=5 log=0 q=0 rec=592 final=0
RXDIAG max_us=6746 budget_hits=39 byte/frame/time=39/0/0 rx_buf_max=1092 loop_period_max_us=1174994 loop_exec_max_us=1168663 free_heap=142552 min_free_heap=137792 reset_reason=0 bno_kind_1to5_s=0/0/0/0/0 queue=0 high=13 drops=0
RXDETAIL service_calls=64842 service_bytes_avg=20 service_bytes_max=512 service_frames_avg=0 service_frames_avg_x1000=169 service_frames_max=7 service_bytes_s=18036 service_frames_s=135 rxbuf_full_obs=0 bno_valid=3518 bno_invalid=0 unknown=0 uart_overflow=framework_unavailable trial_rx_bytes=554780 trial_frames=5480 trial_bno=3518 trial_crc/cobs/len=0/0/0
RXTASK mode=decode_count read_calls=64843 zero_reads=54919 read_bytes_max=512 rx_task_max_us=6746 rx_task_continuous_max_us=6746 stack_hwm_min_bytes=4472 cobs_delimiters=11000 rx_current=96 rx_max=1092 rx_full=0 overflow=framework_unavailable
SDTASK max_process_us=210255
XIAO UART baud=921600 rx=GPIO8 tx=GPIO9 bytes=1327916 frames=5615 bytes_s=17736 frames_s=133 crc/cobs/len=0/0/0 seqgap=0 age_ms=12 type=7 log=0 q=0 rec=592 final=0
RXDIAG max_us=6746 budget_hits=39 byte/frame/time=39/0/0 rx_buf_max=1092 loop_period_max_us=1174994 loop_exec_max_us=1168663 free_heap=142552 min_free_heap=137792 reset_reason=0 bno_kind_1to5_s=0/0/0/0/0 queue=0 high=13 drops=0
RXDETAIL service_calls=65659 service_bytes_avg=20 service_bytes_max=512 service_frames_avg=0 service_frames_avg_x1000=169 service_frames_max=7 service_bytes_s=17892 service_frames_s=135 rxbuf_full_obs=0 bno_valid=3518 bno_invalid=0 unknown=0 uart_overflow=framework_unavailable trial_rx_bytes=572672 trial_frames=5615 trial_bno=3518 trial_crc/cobs/len=0/0/0
RXTASK mode=decode_count read_calls=65661 zero_reads=55578 read_bytes_max=512 rx_task_max_us=6746 rx_task_continuous_max_us=6746 stack_hwm_min_bytes=4472 cobs_delimiters=11135 rx_current=0 rx_max=1092 rx_full=0 overflow=framework_unavailable
SDTASK max_process_us=210255
XIAO UART baud=921600 rx=GPIO8 tx=GPIO9 bytes=1346284 frames=5754 bytes_s=18368 frames_s=139 crc/cobs/len=0/0/0 seqgap=0 age_ms=2 type=24 log=0 q=0 rec=592 final=0
RXDIAG max_us=6746 budget_hits=39 byte/frame/time=39/0/0 rx_buf_max=1092 loop_period_max_us=1174994 loop_exec_max_us=1168663 free_heap=142552 min_free_heap=137792 reset_reason=0 bno_kind_1to5_s=0/0/0/0/0 queue=0 high=13 drops=0
RXDETAIL service_calls=66476 service_bytes_avg=20 service_bytes_max=512 service_frames_avg=0 service_frames_avg_x1000=169 service_frames_max=7 service_bytes_s=18212 service_frames_s=137 rxbuf_full_obs=0 bno_valid=3518 bno_invalid=0 unknown=0 uart_overflow=framework_unavailable trial_rx_bytes=590884 trial_frames=5752 trial_bno=3518 trial_crc/cobs/len=0/0/0
RXTASK mode=decode_count read_calls=66477 zero_reads=56239 read_bytes_max=512 rx_task_max_us=6746 rx_task_continuous_max_us=6746 stack_hwm_min_bytes=4472 cobs_delimiters=11272 rx_current=0 rx_max=1092 rx_full=0 overflow=framework_unavailable
SDTASK max_process_us=210255
XIAO UART baud=921600 rx=GPIO8 tx=GPIO9 bytes=1364480 frames=5891 bytes_s=18196 frames_s=137 crc/cobs/len=0/0/0 seqgap=0 age_ms=0 type=7 log=0 q=0 rec=592 final=0
RXDIAG max_us=6746 budget_hits=39 byte/frame/time=39/0/0 rx_buf_max=1092 loop_period_max_us=1174994 loop_exec_max_us=1168663 free_heap=142552 min_free_heap=137792 reset_reason=0 bno_kind_1to5_s=0/0/0/0/0 queue=0 high=13 drops=0
RXDETAIL service_calls=67291 service_bytes_avg=20 service_bytes_max=512 service_frames_avg=0 service_frames_avg_x1000=169 service_frames_max=7 service_bytes_s=18196 service_frames_s=137 rxbuf_full_obs=0 bno_valid=3518 bno_invalid=0 unknown=0 uart_overflow=framework_unavailable trial_rx_bytes=609080 trial_frames=5889 trial_bno=3518 trial_crc/cobs/len=0/0/0
RXTASK mode=decode_count read_calls=67292 zero_reads=56893 read_bytes_max=512 rx_task_max_us=6746 rx_task_continuous_max_us=6746 stack_hwm_min_bytes=4472 cobs_delimiters=11409 rx_current=0 rx_max=1092 rx_full=0 overflow=framework_unavailable
SDTASK max_process_us=210255
XIAO UART baud=921600 rx=GPIO8 tx=GPIO9 bytes=1382048 frames=6023 bytes_s=17568 frames_s=132 crc/cobs/len=0/0/0 seqgap=0 age_ms=20 type=24 log=0 q=0 rec=592 final=0
RXDIAG max_us=6746 budget_hits=39 byte/frame/time=39/0/0 rx_buf_max=1092 loop_period_max_us=1174994 loop_exec_max_us=1168663 free_heap=142552 min_free_heap=137792 reset_reason=0 bno_kind_1to5_s=0/0/0/0/0 queue=0 high=13 drops=0
RXDETAIL service_calls=68106 service_bytes_avg=20 service_bytes_max=512 service_frames_avg=0 service_frames_avg_x1000=169 service_frames_max=7 service_bytes_s=17688 service_frames_s=132 rxbuf_full_obs=0 bno_valid=3518 bno_invalid=0 unknown=0 uart_overflow=framework_unavailable trial_rx_bytes=626768 trial_frames=6021 trial_bno=3518 trial_crc/cobs/len=0/0/0
RXTASK mode=decode_count read_calls=68107 zero_reads=57557 read_bytes_max=512 rx_task_max_us=6746 rx_task_continuous_max_us=6746 stack_hwm_min_bytes=4472 cobs_delimiters=11542 rx_current=0 rx_max=1092 rx_full=0 overflow=framework_unavailable
SDTASK max_process_us=210255
XIAO UART baud=921600 rx=GPIO8 tx=GPIO9 bytes=1400172 frames=6159 bytes_s=18124 frames_s=136 crc/cobs/len=0/0/0 seqgap=0 age_ms=14 type=7 log=0 q=0 rec=592 final=0
RXDIAG max_us=6746 budget_hits=39 byte/frame/time=39/0/0 rx_buf_max=1092 loop_period_max_us=1174994 loop_exec_max_us=1168663 free_heap=142552 min_free_heap=137792 reset_reason=0 bno_kind_1to5_s=0/0/0/0/0 queue=0 high=13 drops=0
RXDETAIL service_calls=68924 service_bytes_avg=20 service_bytes_max=512 service_frames_avg=0 service_frames_avg_x1000=169 service_frames_max=7 service_bytes_s=18004 service_frames_s=136 rxbuf_full_obs=0 bno_valid=3518 bno_invalid=0 unknown=0 uart_overflow=framework_unavailable trial_rx_bytes=644772 trial_frames=6157 trial_bno=3518 trial_crc/cobs/len=0/0/0
RXTASK mode=decode_count read_calls=68925 zero_reads=58227 read_bytes_max=512 rx_task_max_us=6746 rx_task_continuous_max_us=6746 stack_hwm_min_bytes=4472 cobs_delimiters=11677 rx_current=0 rx_max=1092 rx_full=0 overflow=framework_unavailable
SDTASK max_process_us=210255
XIAO UART baud=921600 rx=GPIO8 tx=GPIO9 bytes=1418296 frames=6295 bytes_s=18124 frames_s=136 crc/cobs/len=0/0/0 seqgap=0 age_ms=4 type=7 log=0 q=0 rec=592 final=0
RXDIAG max_us=6746 budget_hits=39 byte/frame/time=39/0/0 rx_buf_max=1092 loop_period_max_us=1174994 loop_exec_max_us=1168663 free_heap=142552 min_free_heap=137792 reset_reason=0 bno_kind_1to5_s=0/0/0/0/0 queue=0 high=13 drops=0
RXDETAIL service_calls=69740 service_bytes_avg=20 service_bytes_max=512 service_frames_avg=0 service_frames_avg_x1000=169 service_frames_max=7 service_bytes_s=18124 service_frames_s=136 rxbuf_full_obs=0 bno_valid=3518 bno_invalid=0 unknown=0 uart_overflow=framework_unavailable trial_rx_bytes=662896 trial_frames=6293 trial_bno=3518 trial_crc/cobs/len=0/0/0
RXTASK mode=decode_count read_calls=69741 zero_reads=58889 read_bytes_max=512 rx_task_max_us=6746 rx_task_continuous_max_us=6746 stack_hwm_min_bytes=4472 cobs_delimiters=11813 rx_current=0 rx_max=1092 rx_full=0 overflow=framework_unavailable
SDTASK max_process_us=210255
XIAO UART baud=921600 rx=GPIO8 tx=GPIO9 bytes=1436556 frames=6433 bytes_s=18260 frames_s=138 crc/cobs/len=0/0/0 seqgap=0 age_ms=2 type=7 log=0 q=0 rec=592 final=0
RXDIAG max_us=6746 budget_hits=39 byte/frame/time=39/0/0 rx_buf_max=1092 loop_period_max_us=1174994 loop_exec_max_us=1168663 free_heap=142552 min_free_heap=137792 reset_reason=0 bno_kind_1to5_s=0/0/0/0/0 queue=0 high=13 drops=0
RXDETAIL service_calls=70556 service_bytes_avg=20 service_bytes_max=512 service_frames_avg=0 service_frames_avg_x1000=169 service_frames_max=7 service_bytes_s=18260 service_frames_s=138 rxbuf_full_obs=0 bno_valid=3518 bno_invalid=0 unknown=0 uart_overflow=framework_unavailable trial_rx_bytes=681156 trial_frames=6431 trial_bno=3518 trial_crc/cobs/len=0/0/0
RXTASK mode=decode_count read_calls=70557 zero_reads=59548 read_bytes_max=512 rx_task_max_us=6746 rx_task_continuous_max_us=6746 stack_hwm_min_bytes=4472 cobs_delimiters=11951 rx_current=0 rx_max=1092 rx_full=0 overflow=framework_unavailable
SDTASK max_process_us=210255
XIAO UART baud=921600 rx=GPIO8 tx=GPIO9 bytes=1454848 frames=6571 bytes_s=18292 frames_s=138 crc/cobs/len=0/0/0 seqgap=0 age_ms=3 type=5 log=0 q=0 rec=592 final=0
RXDIAG max_us=6746 budget_hits=39 byte/frame/time=39/0/0 rx_buf_max=1092 loop_period_max_us=1174994 loop_exec_max_us=1168663 free_heap=142552 min_free_heap=137792 reset_reason=0 bno_kind_1to5_s=0/0/0/0/0 queue=0 high=13 drops=0
RXDETAIL service_calls=71369 service_bytes_avg=20 service_bytes_max=512 service_frames_avg=0 service_frames_avg_x1000=169 service_frames_max=7 service_bytes_s=18292 service_frames_s=138 rxbuf_full_obs=0 bno_valid=3518 bno_invalid=0 unknown=0 uart_overflow=framework_unavailable trial_rx_bytes=699448 trial_frames=6569 trial_bno=3518 trial_crc/cobs/len=0/0/0
RXTASK mode=decode_count read_calls=71370 zero_reads=60195 read_bytes_max=512 rx_task_max_us=6746 rx_task_continuous_max_us=6746 stack_hwm_min_bytes=4472 cobs_delimiters=12090 rx_current=0 rx_max=1092 rx_full=0 overflow=framework_unavailable
SDTASK max_process_us=210255
XIAO UART baud=921600 rx=GPIO8 tx=GPIO9 bytes=1472728 frames=6706 bytes_s=17880 frames_s=135 crc/cobs/len=0/0/0 seqgap=0 age_ms=3 type=22 log=0 q=0 rec=592 final=0
RXDIAG max_us=6746 budget_hits=39 byte/frame/time=39/0/0 rx_buf_max=1092 loop_period_max_us=1174994 loop_exec_max_us=1168663 free_heap=142552 min_free_heap=137792 reset_reason=0 bno_kind_1to5_s=0/0/0/0/0 queue=0 high=13 drops=0
RXDETAIL service_calls=72188 service_bytes_avg=20 service_bytes_max=512 service_frames_avg=0 service_frames_avg_x1000=169 service_frames_max=7 service_bytes_s=17880 service_frames_s=135 rxbuf_full_obs=0 bno_valid=3518 bno_invalid=0 unknown=0 uart_overflow=framework_unavailable trial_rx_bytes=717328 trial_frames=6704 trial_bno=3518 trial_crc/cobs/len=0/0/0
RXTASK mode=decode_count read_calls=72189 zero_reads=60856 read_bytes_max=512 rx_task_max_us=6746 rx_task_continuous_max_us=6746 stack_hwm_min_bytes=4472 cobs_delimiters=12224 rx_current=0 rx_max=1092 rx_full=0 overflow=framework_unavailable
SDTASK max_process_us=210255
XIAO UART baud=921600 rx=GPIO8 tx=GPIO9 bytes=1490964 frames=6844 bytes_s=18236 frames_s=138 crc/cobs/len=0/0/0 seqgap=0 age_ms=2 type=7 log=0 q=0 rec=592 final=0
RXDIAG max_us=6746 budget_hits=39 byte/frame/time=39/0/0 rx_buf_max=1092 loop_period_max_us=1174994 loop_exec_max_us=1168663 free_heap=142552 min_free_heap=137792 reset_reason=0 bno_kind_1to5_s=0/0/0/0/0 queue=0 high=13 drops=0
RXDETAIL service_calls=72998 service_bytes_avg=20 service_bytes_max=512 service_frames_avg=0 service_frames_avg_x1000=169 service_frames_max=7 service_bytes_s=18236 service_frames_s=138 rxbuf_full_obs=0 bno_valid=3518 bno_invalid=0 unknown=0 uart_overflow=framework_unavailable trial_rx_bytes=735564 trial_frames=6842 trial_bno=3518 trial_crc/cobs/len=0/0/0
RXTASK mode=decode_count read_calls=72999 zero_reads=61508 read_bytes_max=512 rx_task_max_us=6746 rx_task_continuous_max_us=6746 stack_hwm_min_bytes=4472 cobs_delimiters=12362 rx_current=0 rx_max=1092 rx_full=0 overflow=framework_unavailable
SDTASK max_process_us=210255
XIAO UART baud=921600 rx=GPIO8 tx=GPIO9 bytes=1509184 frames=6981 bytes_s=18220 frames_s=137 crc/cobs/len=0/0/0 seqgap=0 age_ms=2 type=7 log=0 q=0 rec=592 final=0
RXDIAG max_us=6746 budget_hits=39 byte/frame/time=39/0/0 rx_buf_max=1092 loop_period_max_us=1174994 loop_exec_max_us=1168663 free_heap=142552 min_free_heap=137792 reset_reason=0 bno_kind_1to5_s=0/0/0/0/0 queue=0 high=13 drops=0
RXDETAIL service_calls=73815 service_bytes_avg=20 service_bytes_max=512 service_frames_avg=0 service_frames_avg_x1000=169 service_frames_max=7 service_bytes_s=18220 service_frames_s=137 rxbuf_full_obs=0 bno_valid=3518 bno_invalid=0 unknown=0 uart_overflow=framework_unavailable trial_rx_bytes=753784 trial_frames=6979 trial_bno=3518 trial_crc/cobs/len=0/0/0
RXTASK mode=decode_count read_calls=73816 zero_reads=62164 read_bytes_max=512 rx_task_max_us=6746 rx_task_continuous_max_us=6746 stack_hwm_min_bytes=4472 cobs_delimiters=12499 rx_current=0 rx_max=1092 rx_full=0 overflow=framework_unavailable
SDTASK max_process_us=210255
XIAO UART baud=921600 rx=GPIO8 tx=GPIO9 bytes=1527316 frames=7117 bytes_s=18132 frames_s=136 crc/cobs/len=0/0/0 seqgap=0 age_ms=3 type=5 log=0 q=0 rec=592 final=0
RXDIAG max_us=6746 budget_hits=39 byte/frame/time=39/0/0 rx_buf_max=1092 loop_period_max_us=1174994 loop_exec_max_us=1168663 free_heap=142552 min_free_heap=137792 reset_reason=0 bno_kind_1to5_s=0/0/0/0/0 queue=0 high=13 drops=0
RXDETAIL service_calls=74628 service_bytes_avg=20 service_bytes_max=512 service_frames_avg=0 service_frames_avg_x1000=169 service_frames_max=7 service_bytes_s=18132 service_frames_s=136 rxbuf_full_obs=0 bno_valid=3518 bno_invalid=0 unknown=0 uart_overflow=framework_unavailable trial_rx_bytes=771916 trial_frames=7115 trial_bno=3518 trial_crc/cobs/len=0/0/0
RXTASK mode=decode_count read_calls=74629 zero_reads=62814 read_bytes_max=512 rx_task_max_us=6746 rx_task_continuous_max_us=6746 stack_hwm_min_bytes=4472 cobs_delimiters=12635 rx_current=0 rx_max=1092 rx_full=0 overflow=framework_unavailable
SDTASK max_process_us=210255
XIAO UART baud=921600 rx=GPIO8 tx=GPIO9 bytes=1545580 frames=7255 bytes_s=18264 frames_s=138 crc/cobs/len=0/0/0 seqgap=0 age_ms=9 type=24 log=0 q=0 rec=592 final=0
RXDIAG max_us=6746 budget_hits=39 byte/frame/time=39/0/0 rx_buf_max=1092 loop_period_max_us=1174994 loop_exec_max_us=1168663 free_heap=142552 min_free_heap=137792 reset_reason=0 bno_kind_1to5_s=0/0/0/0/0 queue=0 high=13 drops=0
RXDETAIL service_calls=75444 service_bytes_avg=20 service_bytes_max=512 service_frames_avg=0 service_frames_avg_x1000=169 service_frames_max=7 service_bytes_s=18264 service_frames_s=138 rxbuf_full_obs=0 bno_valid=3518 bno_invalid=0 unknown=0 uart_overflow=framework_unavailable trial_rx_bytes=790180 trial_frames=7253 trial_bno=3518 trial_crc/cobs/len=0/0/0
RXTASK mode=decode_count read_calls=75445 zero_reads=63454 read_bytes_max=512 rx_task_max_us=6746 rx_task_continuous_max_us=6746 stack_hwm_min_bytes=4472 cobs_delimiters=12773 rx_current=0 rx_max=1092 rx_full=0 overflow=framework_unavailable
SDTASK max_process_us=210255
XIAO UART baud=921600 rx=GPIO8 tx=GPIO9 bytes=1563708 frames=7391 bytes_s=18128 frames_s=136 crc/cobs/len=0/0/0 seqgap=0 age_ms=11 type=7 log=0 q=0 rec=592 final=0
RXDIAG max_us=6746 budget_hits=39 byte/frame/time=39/0/0 rx_buf_max=1092 loop_period_max_us=1174994 loop_exec_max_us=1168663 free_heap=142328 min_free_heap=137792 reset_reason=0 bno_kind_1to5_s=0/0/0/0/0 queue=0 high=13 drops=0
RXDETAIL service_calls=76260 service_bytes_avg=20 service_bytes_max=512 service_frames_avg=0 service_frames_avg_x1000=169 service_frames_max=7 service_bytes_s=18128 service_frames_s=136 rxbuf_full_obs=0 bno_valid=3518 bno_invalid=0 unknown=0 uart_overflow=framework_unavailable trial_rx_bytes=808308 trial_frames=7389 trial_bno=3518 trial_crc/cobs/len=0/0/0
RXTASK mode=decode_count read_calls=76261 zero_reads=64091 read_bytes_max=512 rx_task_max_us=6746 rx_task_continuous_max_us=6746 stack_hwm_min_bytes=4472 cobs_delimiters=12909 rx_current=0 rx_max=1092 rx_full=0 overflow=framework_unavailable
SDTASK max_process_us=210255
XIAO UART baud=921600 rx=GPIO8 tx=GPIO9 bytes=1582052 frames=7530 bytes_s=18344 frames_s=139 crc/cobs/len=0/0/0 seqgap=0 age_ms=0 type=24 log=0 q=0 rec=592 final=0
RXDIAG max_us=6746 budget_hits=39 byte/frame/time=39/0/0 rx_buf_max=1092 loop_period_max_us=1174994 loop_exec_max_us=1168663 free_heap=142328 min_free_heap=137792 reset_reason=0 bno_kind_1to5_s=0/0/0/0/0 queue=0 high=13 drops=0
RXDETAIL service_calls=77086 service_bytes_avg=20 service_bytes_max=512 service_frames_avg=0 service_frames_avg_x1000=169 service_frames_max=7 service_bytes_s=18344 service_frames_s=139 rxbuf_full_obs=0 bno_valid=3518 bno_invalid=0 unknown=0 uart_overflow=framework_unavailable trial_rx_bytes=826652 trial_frames=7528 trial_bno=3518 trial_crc/cobs/len=0/0/0
RXTASK mode=decode_count read_calls=77087 zero_reads=64735 read_bytes_max=512 rx_task_max_us=6746 rx_task_continuous_max_us=6746 stack_hwm_min_bytes=4472 cobs_delimiters=13048 rx_current=0 rx_max=1092 rx_full=0 overflow=framework_unavailable
SDTASK max_process_us=210255
XIAO UART baud=921600 rx=GPIO8 tx=GPIO9 bytes=1600152 frames=7666 bytes_s=18100 frames_s=136 crc/cobs/len=0/0/0 seqgap=0 age_ms=0 type=24 log=0 q=0 rec=592 final=0
RXDIAG max_us=6746 budget_hits=39 byte/frame/time=39/0/0 rx_buf_max=1092 loop_period_max_us=1174994 loop_exec_max_us=1168663 free_heap=142328 min_free_heap=137792 reset_reason=0 bno_kind_1to5_s=0/0/0/0/0 queue=0 high=13 drops=0
RXDETAIL service_calls=77905 service_bytes_avg=20 service_bytes_max=512 service_frames_avg=0 service_frames_avg_x1000=169 service_frames_max=7 service_bytes_s=18100 service_frames_s=136 rxbuf_full_obs=0 bno_valid=3518 bno_invalid=0 unknown=0 uart_overflow=framework_unavailable trial_rx_bytes=844752 trial_frames=7664 trial_bno=3518 trial_crc/cobs/len=0/0/0
RXTASK mode=decode_count read_calls=77907 zero_reads=65375 read_bytes_max=512 rx_task_max_us=6746 rx_task_continuous_max_us=6746 stack_hwm_min_bytes=4472 cobs_delimiters=13184 rx_current=0 rx_max=1092 rx_full=0 overflow=framework_unavailable
SDTASK max_process_us=210255
XIAO UART baud=921600 rx=GPIO8 tx=GPIO9 bytes=1618252 frames=7802 bytes_s=18100 frames_s=136 crc/cobs/len=0/0/0 seqgap=0 age_ms=0 type=5 log=0 q=0 rec=592 final=0
RXDIAG max_us=6746 budget_hits=39 byte/frame/time=39/0/0 rx_buf_max=1092 loop_period_max_us=1174994 loop_exec_max_us=1168663 free_heap=142328 min_free_heap=137792 reset_reason=0 bno_kind_1to5_s=0/0/0/0/0 queue=0 high=13 drops=0
RXDETAIL service_calls=78727 service_bytes_avg=20 service_bytes_max=512 service_frames_avg=0 service_frames_avg_x1000=169 service_frames_max=7 service_bytes_s=18196 service_frames_s=137 rxbuf_full_obs=0 bno_valid=3518 bno_invalid=0 unknown=0 uart_overflow=framework_unavailable trial_rx_bytes=862948 trial_frames=7801 trial_bno=3518 trial_crc/cobs/len=0/0/0
RXTASK mode=decode_count read_calls=78728 zero_reads=66015 read_bytes_max=512 rx_task_max_us=6746 rx_task_continuous_max_us=6746 stack_hwm_min_bytes=4472 cobs_delimiters=13321 rx_current=56 rx_max=1092 rx_full=0 overflow=framework_unavailable
SDTASK max_process_us=210255
XIAO UART baud=921600 rx=GPIO8 tx=GPIO9 bytes=1635888 frames=7935 bytes_s=17636 frames_s=133 crc/cobs/len=0/0/0 seqgap=0 age_ms=8 type=56 log=0 q=0 rec=592 final=0
RXDIAG max_us=6746 budget_hits=39 byte/frame/time=39/0/0 rx_buf_max=1092 loop_period_max_us=1174994 loop_exec_max_us=1168663 free_heap=142328 min_free_heap=137792 reset_reason=0 bno_kind_1to5_s=0/0/0/0/0 queue=0 high=13 drops=0
RXDETAIL service_calls=79545 service_bytes_avg=20 service_bytes_max=512 service_frames_avg=0 service_frames_avg_x1000=169 service_frames_max=7 service_bytes_s=17540 service_frames_s=132 rxbuf_full_obs=0 bno_valid=3518 bno_invalid=0 unknown=0 uart_overflow=framework_unavailable trial_rx_bytes=880488 trial_frames=7933 trial_bno=3518 trial_crc/cobs/len=0/0/0
RXTASK mode=decode_count read_calls=79546 zero_reads=66663 read_bytes_max=512 rx_task_max_us=6746 rx_task_continuous_max_us=6746 stack_hwm_min_bytes=4472 cobs_delimiters=13453 rx_current=0 rx_max=1092 rx_full=0 overflow=framework_unavailable
SDTASK max_process_us=210255
XIAO UART baud=921600 rx=GPIO8 tx=GPIO9 bytes=1653820 frames=8069 bytes_s=17932 frames_s=134 crc/cobs/len=0/0/0 seqgap=0 age_ms=4 type=7 log=0 q=0 rec=592 final=0
RXDIAG max_us=6746 budget_hits=39 byte/frame/time=39/0/0 rx_buf_max=1092 loop_period_max_us=1174994 loop_exec_max_us=1168663 free_heap=142328 min_free_heap=137792 reset_reason=0 bno_kind_1to5_s=0/0/0/0/0 queue=0 high=13 drops=0
RXDETAIL service_calls=80364 service_bytes_avg=20 service_bytes_max=512 service_frames_avg=0 service_frames_avg_x1000=169 service_frames_max=7 service_bytes_s=17932 service_frames_s=134 rxbuf_full_obs=0 bno_valid=3518 bno_invalid=0 unknown=0 uart_overflow=framework_unavailable trial_rx_bytes=898420 trial_frames=8067 trial_bno=3518 trial_crc/cobs/len=0/0/0
RXTASK mode=decode_count read_calls=80365 zero_reads=67305 read_bytes_max=512 rx_task_max_us=6746 rx_task_continuous_max_us=6746 stack_hwm_min_bytes=4472 cobs_delimiters=13587 rx_current=0 rx_max=1092 rx_full=0 overflow=framework_unavailable
SDTASK max_process_us=210255
XIAO UART baud=921600 rx=GPIO8 tx=GPIO9 bytes=1671856 frames=8204 bytes_s=18036 frames_s=135 crc/cobs/len=0/0/0 seqgap=0 age_ms=0 type=5 log=0 q=0 rec=592 final=0
RXDIAG max_us=6746 budget_hits=39 byte/frame/time=39/0/0 rx_buf_max=1092 loop_period_max_us=1174994 loop_exec_max_us=1168663 free_heap=142328 min_free_heap=137792 reset_reason=0 bno_kind_1to5_s=0/0/0/0/0 queue=0 high=13 drops=0
RXDETAIL service_calls=81185 service_bytes_avg=20 service_bytes_max=512 service_frames_avg=0 service_frames_avg_x1000=169 service_frames_max=7 service_bytes_s=18132 service_frames_s=136 rxbuf_full_obs=0 bno_valid=3518 bno_invalid=0 unknown=0 uart_overflow=framework_unavailable trial_rx_bytes=916552 trial_frames=8203 trial_bno=3518 trial_crc/cobs/len=0/0/0
RXTASK mode=decode_count read_calls=81186 zero_reads=67956 read_bytes_max=512 rx_task_max_us=6746 rx_task_continuous_max_us=6746 stack_hwm_min_bytes=4472 cobs_delimiters=13723 rx_current=0 rx_max=1092 rx_full=0 overflow=framework_unavailable
SDTASK max_process_us=210255
XIAO UART baud=921600 rx=GPIO8 tx=GPIO9 bytes=1689652 frames=8339 bytes_s=17796 frames_s=135 crc/cobs/len=0/0/0 seqgap=0 age_ms=20 type=7 log=0 q=0 rec=592 final=0
RXDIAG max_us=6746 budget_hits=39 byte/frame/time=39/0/0 rx_buf_max=1092 loop_period_max_us=1174994 loop_exec_max_us=1168663 free_heap=142328 min_free_heap=137792 reset_reason=0 bno_kind_1to5_s=0/0/0/0/0 queue=0 high=13 drops=0
RXDETAIL service_calls=82008 service_bytes_avg=20 service_bytes_max=512 service_frames_avg=0 service_frames_avg_x1000=168 service_frames_max=7 service_bytes_s=17820 service_frames_s=134 rxbuf_full_obs=0 bno_valid=3518 bno_invalid=0 unknown=0 uart_overflow=framework_unavailable trial_rx_bytes=934372 trial_frames=8337 trial_bno=3518 trial_crc/cobs/len=0/0/0
RXTASK mode=decode_count read_calls=82009 zero_reads=68614 read_bytes_max=512 rx_task_max_us=6746 rx_task_continuous_max_us=6746 stack_hwm_min_bytes=4472 cobs_delimiters=13858 rx_current=0 rx_max=1092 rx_full=0 overflow=framework_unavailable
SDTASK max_process_us=210255
XIAO UART baud=921600 rx=GPIO8 tx=GPIO9 bytes=1707776 frames=8475 bytes_s=18124 frames_s=136 crc/cobs/len=0/0/0 seqgap=0 age_ms=11 type=7 log=0 q=0 rec=592 final=0
RXDIAG max_us=6746 budget_hits=39 byte/frame/time=39/0/0 rx_buf_max=1092 loop_period_max_us=1174994 loop_exec_max_us=1168663 free_heap=142328 min_free_heap=137792 reset_reason=0 bno_kind_1to5_s=0/0/0/0/0 queue=0 high=13 drops=0
RXDETAIL service_calls=82828 service_bytes_avg=20 service_bytes_max=512 service_frames_avg=0 service_frames_avg_x1000=168 service_frames_max=7 service_bytes_s=18004 service_frames_s=136 rxbuf_full_obs=0 bno_valid=3518 bno_invalid=0 unknown=0 uart_overflow=framework_unavailable trial_rx_bytes=952376 trial_frames=8473 trial_bno=3518 trial_crc/cobs/len=0/0/0
RXTASK mode=decode_count read_calls=82829 zero_reads=69272 read_bytes_max=512 rx_task_max_us=6746 rx_task_continuous_max_us=6746 stack_hwm_min_bytes=4472 cobs_delimiters=13993 rx_current=0 rx_max=1092 rx_full=0 overflow=framework_unavailable
SDTASK max_process_us=210255
XIAO UART baud=921600 rx=GPIO8 tx=GPIO9 bytes=1725900 frames=8610 bytes_s=18124 frames_s=135 crc/cobs/len=0/0/0 seqgap=0 age_ms=2 type=5 log=0 q=0 rec=592 final=0
RXDIAG max_us=6746 budget_hits=39 byte/frame/time=39/0/0 rx_buf_max=1092 loop_period_max_us=1174994 loop_exec_max_us=1168663 free_heap=142328 min_free_heap=137792 reset_reason=0 bno_kind_1to5_s=0/0/0/0/0 queue=0 high=13 drops=0
RXDETAIL service_calls=83637 service_bytes_avg=20 service_bytes_max=512 service_frames_avg=0 service_frames_avg_x1000=168 service_frames_max=7 service_bytes_s=18124 service_frames_s=135 rxbuf_full_obs=0 bno_valid=3518 bno_invalid=0 unknown=0 uart_overflow=framework_unavailable trial_rx_bytes=970500 trial_frames=8608 trial_bno=3518 trial_crc/cobs/len=0/0/0
RXTASK mode=decode_count read_calls=83639 zero_reads=69909 read_bytes_max=512 rx_task_max_us=6746 rx_task_continuous_max_us=6746 stack_hwm_min_bytes=4472 cobs_delimiters=14129 rx_current=0 rx_max=1092 rx_full=0 overflow=framework_unavailable
SDTASK max_process_us=210255
XIAO UART baud=921600 rx=GPIO8 tx=GPIO9 bytes=1743836 frames=8746 bytes_s=17936 frames_s=136 crc/cobs/len=0/0/0 seqgap=0 age_ms=0 type=24 log=0 q=0 rec=592 final=0
RXDIAG max_us=6746 budget_hits=39 byte/frame/time=39/0/0 rx_buf_max=1092 loop_period_max_us=1174994 loop_exec_max_us=1168663 free_heap=142328 min_free_heap=137792 reset_reason=0 bno_kind_1to5_s=0/0/0/0/0 queue=0 high=13 drops=0
RXDETAIL service_calls=84456 service_bytes_avg=20 service_bytes_max=512 service_frames_avg=0 service_frames_avg_x1000=168 service_frames_max=7 service_bytes_s=17936 service_frames_s=136 rxbuf_full_obs=0 bno_valid=3518 bno_invalid=0 unknown=0 uart_overflow=framework_unavailable trial_rx_bytes=988436 trial_frames=8744 trial_bno=3518 trial_crc/cobs/len=0/0/0
RXTASK mode=decode_count read_calls=84457 zero_reads=70551 read_bytes_max=512 rx_task_max_us=6746 rx_task_continuous_max_us=6746 stack_hwm_min_bytes=4472 cobs_delimiters=14264 rx_current=0 rx_max=1092 rx_full=0 overflow=framework_unavailable
SDTASK max_process_us=210255
XIAO UART baud=921600 rx=GPIO8 tx=GPIO9 bytes=1761764 frames=8880 bytes_s=17928 frames_s=134 crc/cobs/len=0/0/0 seqgap=0 age_ms=0 type=7 log=0 q=0 rec=592 final=0
RXDIAG max_us=6746 budget_hits=39 byte/frame/time=39/0/0 rx_buf_max=1092 loop_period_max_us=1174994 loop_exec_max_us=1168663 free_heap=142328 min_free_heap=137792 reset_reason=0 bno_kind_1to5_s=0/0/0/0/0 queue=0 high=13 drops=0
RXDETAIL service_calls=85266 service_bytes_avg=20 service_bytes_max=512 service_frames_avg=0 service_frames_avg_x1000=168 service_frames_max=7 service_bytes_s=17928 service_frames_s=134 rxbuf_full_obs=0 bno_valid=3518 bno_invalid=0 unknown=0 uart_overflow=framework_unavailable trial_rx_bytes=1006364 trial_frames=8878 trial_bno=3518 trial_crc/cobs/len=0/0/0
RXTASK mode=decode_count read_calls=85267 zero_reads=71190 read_bytes_max=512 rx_task_max_us=6746 rx_task_continuous_max_us=6746 stack_hwm_min_bytes=4472 cobs_delimiters=14398 rx_current=0 rx_max=1092 rx_full=0 overflow=framework_unavailable
SDTASK max_process_us=210255
XIAO UART baud=921600 rx=GPIO8 tx=GPIO9 bytes=1779960 frames=9017 bytes_s=18196 frames_s=137 crc/cobs/len=0/0/0 seqgap=0 age_ms=0 type=7 log=0 q=0 rec=592 final=0
RXDIAG max_us=6746 budget_hits=39 byte/frame/time=39/0/0 rx_buf_max=1092 loop_period_max_us=1174994 loop_exec_max_us=1168663 free_heap=142328 min_free_heap=137792 reset_reason=0 bno_kind_1to5_s=0/0/0/0/0 queue=0 high=13 drops=0
RXDETAIL service_calls=86095 service_bytes_avg=20 service_bytes_max=512 service_frames_avg=0 service_frames_avg_x1000=168 service_frames_max=7 service_bytes_s=18196 service_frames_s=137 rxbuf_full_obs=0 bno_valid=3518 bno_invalid=0 unknown=0 uart_overflow=framework_unavailable trial_rx_bytes=1024560 trial_frames=9015 trial_bno=3518 trial_crc/cobs/len=0/0/0
RXTASK mode=decode_count read_calls=86096 zero_reads=71846 read_bytes_max=512 rx_task_max_us=6746 rx_task_continuous_max_us=6746 stack_hwm_min_bytes=4472 cobs_delimiters=14535 rx_current=0 rx_max=1092 rx_full=0 overflow=framework_unavailable
SDTASK max_process_us=210255
XIAO UART baud=921600 rx=GPIO8 tx=GPIO9 bytes=1797696 frames=9151 bytes_s=17736 frames_s=134 crc/cobs/len=0/0/0 seqgap=0 age_ms=8 type=56 log=0 q=0 rec=592 final=0
RXDIAG max_us=6746 budget_hits=39 byte/frame/time=39/0/0 rx_buf_max=1092 loop_period_max_us=1174994 loop_exec_max_us=1168663 free_heap=142328 min_free_heap=137792 reset_reason=0 bno_kind_1to5_s=0/0/0/0/0 queue=0 high=13 drops=0
RXDETAIL service_calls=86909 service_bytes_avg=20 service_bytes_max=512 service_frames_avg=0 service_frames_avg_x1000=168 service_frames_max=7 service_bytes_s=17736 service_frames_s=134 rxbuf_full_obs=0 bno_valid=3518 bno_invalid=0 unknown=0 uart_overflow=framework_unavailable trial_rx_bytes=1042296 trial_frames=9149 trial_bno=3518 trial_crc/cobs/len=0/0/0
RXTASK mode=decode_count read_calls=86910 zero_reads=72495 read_bytes_max=512 rx_task_max_us=6746 rx_task_continuous_max_us=6746 stack_hwm_min_bytes=4472 cobs_delimiters=14669 rx_current=104 rx_max=1092 rx_full=0 overflow=framework_unavailable
SDTASK max_process_us=210255
XIAO UART baud=921600 rx=GPIO8 tx=GPIO9 bytes=1815916 frames=9288 bytes_s=18220 frames_s=137 crc/cobs/len=0/0/0 seqgap=0 age_ms=11 type=7 log=0 q=0 rec=592 final=0
RXDIAG max_us=6746 budget_hits=39 byte/frame/time=39/0/0 rx_buf_max=1092 loop_period_max_us=1174994 loop_exec_max_us=1168663 free_heap=142328 min_free_heap=137792 reset_reason=0 bno_kind_1to5_s=0/0/0/0/0 queue=0 high=13 drops=0
RXDETAIL service_calls=87723 service_bytes_avg=20 service_bytes_max=512 service_frames_avg=0 service_frames_avg_x1000=168 service_frames_max=7 service_bytes_s=18220 service_frames_s=137 rxbuf_full_obs=0 bno_valid=3518 bno_invalid=0 unknown=0 uart_overflow=framework_unavailable trial_rx_bytes=1060516 trial_frames=9286 trial_bno=3518 trial_crc/cobs/len=0/0/0
RXTASK mode=decode_count read_calls=87724 zero_reads=73142 read_bytes_max=512 rx_task_max_us=6746 rx_task_continuous_max_us=6746 stack_hwm_min_bytes=4472 cobs_delimiters=14806 rx_current=0 rx_max=1092 rx_full=0 overflow=framework_unavailable
SDTASK max_process_us=210255
XIAO UART baud=921600 rx=GPIO8 tx=GPIO9 bytes=1833760 frames=9421 bytes_s=17844 frames_s=133 crc/cobs/len=0/0/0 seqgap=0 age_ms=4 type=5 log=0 q=0 rec=592 final=0
RXDIAG max_us=6746 budget_hits=39 byte/frame/time=39/0/0 rx_buf_max=1092 loop_period_max_us=1174994 loop_exec_max_us=1168663 free_heap=142104 min_free_heap=137792 reset_reason=0 bno_kind_1to5_s=0/0/0/0/0 queue=0 high=13 drops=0
RXDETAIL service_calls=88539 service_bytes_avg=20 service_bytes_max=512 service_frames_avg=0 service_frames_avg_x1000=168 service_frames_max=7 service_bytes_s=17932 service_frames_s=134 rxbuf_full_obs=0 bno_valid=3518 bno_invalid=0 unknown=0 uart_overflow=framework_unavailable trial_rx_bytes=1078448 trial_frames=9420 trial_bno=3518 trial_crc/cobs/len=0/0/0
RXTASK mode=decode_count read_calls=88540 zero_reads=73800 read_bytes_max=512 rx_task_max_us=6746 rx_task_continuous_max_us=6746 stack_hwm_min_bytes=4472 cobs_delimiters=14940 rx_current=0 rx_max=1092 rx_full=0 overflow=framework_unavailable
SDTASK max_process_us=210255
XIAO UART baud=921600 rx=GPIO8 tx=GPIO9 bytes=1851568 frames=9555 bytes_s=17808 frames_s=134 crc/cobs/len=0/0/0 seqgap=0 age_ms=18 type=7 log=0 q=0 rec=592 final=0
RXDIAG max_us=6746 budget_hits=39 byte/frame/time=39/0/0 rx_buf_max=1092 loop_period_max_us=1174994 loop_exec_max_us=1168663 free_heap=142104 min_free_heap=137792 reset_reason=0 bno_kind_1to5_s=0/0/0/0/0 queue=0 high=13 drops=0
RXDETAIL service_calls=89358 service_bytes_avg=20 service_bytes_max=512 service_frames_avg=0 service_frames_avg_x1000=168 service_frames_max=7 service_bytes_s=17840 service_frames_s=133 rxbuf_full_obs=0 bno_valid=3518 bno_invalid=0 unknown=0 uart_overflow=framework_unavailable trial_rx_bytes=1096288 trial_frames=9553 trial_bno=3518 trial_crc/cobs/len=0/0/0
RXTASK mode=decode_count read_calls=89359 zero_reads=74455 read_bytes_max=512 rx_task_max_us=6746 rx_task_continuous_max_us=6746 stack_hwm_min_bytes=4472 cobs_delimiters=15074 rx_current=76 rx_max=1092 rx_full=0 overflow=framework_unavailable
SDTASK max_process_us=210255
XIAO UART baud=921600 rx=GPIO8 tx=GPIO9 bytes=1869784 frames=9692 bytes_s=18216 frames_s=137 crc/cobs/len=0/0/0 seqgap=0 age_ms=3 type=24 log=0 q=0 rec=592 final=0
RXDIAG max_us=6746 budget_hits=39 byte/frame/time=39/0/0 rx_buf_max=1092 loop_period_max_us=1174994 loop_exec_max_us=1168663 free_heap=142104 min_free_heap=137792 reset_reason=0 bno_kind_1to5_s=0/0/0/0/0 queue=0 high=13 drops=0
RXDETAIL service_calls=90177 service_bytes_avg=20 service_bytes_max=512 service_frames_avg=0 service_frames_avg_x1000=168 service_frames_max=7 service_bytes_s=18096 service_frames_s=137 rxbuf_full_obs=0 bno_valid=3518 bno_invalid=0 unknown=0 uart_overflow=framework_unavailable trial_rx_bytes=1114384 trial_frames=9690 trial_bno=3518 trial_crc/cobs/len=0/0/0
RXTASK mode=decode_count read_calls=90178 zero_reads=75104 read_bytes_max=512 rx_task_max_us=6746 rx_task_continuous_max_us=6746 stack_hwm_min_bytes=4472 cobs_delimiters=15210 rx_current=0 rx_max=1092 rx_full=0 overflow=framework_unavailable
SDTASK max_process_us=210255
XIAO UART baud=921600 rx=GPIO8 tx=GPIO9 bytes=1887996 frames=9828 bytes_s=18212 frames_s=136 crc/cobs/len=0/0/0 seqgap=0 age_ms=2 type=56 log=0 q=0 rec=592 final=0
RXDIAG max_us=6746 budget_hits=39 byte/frame/time=39/0/0 rx_buf_max=1092 loop_period_max_us=1174994 loop_exec_max_us=1168663 free_heap=142104 min_free_heap=137792 reset_reason=0 bno_kind_1to5_s=0/0/0/0/0 queue=0 high=13 drops=0
RXDETAIL service_calls=90992 service_bytes_avg=20 service_bytes_max=512 service_frames_avg=0 service_frames_avg_x1000=168 service_frames_max=7 service_bytes_s=18252 service_frames_s=137 rxbuf_full_obs=0 bno_valid=3518 bno_invalid=0 unknown=0 uart_overflow=framework_unavailable trial_rx_bytes=1132636 trial_frames=9827 trial_bno=3518 trial_crc/cobs/len=0/0/0
RXTASK mode=decode_count read_calls=90994 zero_reads=75745 read_bytes_max=512 rx_task_max_us=6746 rx_task_continuous_max_us=6746 stack_hwm_min_bytes=4472 cobs_delimiters=15347 rx_current=0 rx_max=1092 rx_full=0 overflow=framework_unavailable
SDTASK max_process_us=210255
XIAO UART baud=921600 rx=GPIO8 tx=GPIO9 bytes=1906232 frames=9966 bytes_s=18236 frames_s=138 crc/cobs/len=0/0/0 seqgap=0 age_ms=0 type=7 log=0 q=0 rec=592 final=0
RXDIAG max_us=6746 budget_hits=39 byte/frame/time=39/0/0 rx_buf_max=1092 loop_period_max_us=1174994 loop_exec_max_us=1168663 free_heap=142104 min_free_heap=137792 reset_reason=0 bno_kind_1to5_s=0/0/0/0/0 queue=0 high=13 drops=0
RXDETAIL service_calls=91812 service_bytes_avg=20 service_bytes_max=512 service_frames_avg=0 service_frames_avg_x1000=168 service_frames_max=7 service_bytes_s=18196 service_frames_s=137 rxbuf_full_obs=0 bno_valid=3518 bno_invalid=0 unknown=0 uart_overflow=framework_unavailable trial_rx_bytes=1150832 trial_frames=9964 trial_bno=3518 trial_crc/cobs/len=0/0/0
RXTASK mode=decode_count read_calls=91813 zero_reads=76385 read_bytes_max=512 rx_task_max_us=6746 rx_task_continuous_max_us=6746 stack_hwm_min_bytes=4472 cobs_delimiters=15484 rx_current=0 rx_max=1092 rx_full=0 overflow=framework_unavailable
SDTASK max_process_us=210255
XIAO UART baud=921600 rx=GPIO8 tx=GPIO9 bytes=1924332 frames=10102 bytes_s=18100 frames_s=136 crc/cobs/len=0/0/0 seqgap=0 age_ms=2 type=5 log=0 q=0 rec=592 final=0
RXDIAG max_us=6746 budget_hits=39 byte/frame/time=39/0/0 rx_buf_max=1092 loop_period_max_us=1174994 loop_exec_max_us=1168663 free_heap=142104 min_free_heap=137792 reset_reason=0 bno_kind_1to5_s=0/0/0/0/0 queue=0 high=13 drops=0
RXDETAIL service_calls=92636 service_bytes_avg=20 service_bytes_max=512 service_frames_avg=0 service_frames_avg_x1000=168 service_frames_max=7 service_bytes_s=18100 service_frames_s=136 rxbuf_full_obs=0 bno_valid=3518 bno_invalid=0 unknown=0 uart_overflow=framework_unavailable trial_rx_bytes=1168932 trial_frames=10100 trial_bno=3518 trial_crc/cobs/len=0/0/0
RXTASK mode=decode_count read_calls=92638 zero_reads=77046 read_bytes_max=512 rx_task_max_us=6746 rx_task_continuous_max_us=6746 stack_hwm_min_bytes=4472 cobs_delimiters=15620 rx_current=0 rx_max=1092 rx_full=0 overflow=framework_unavailable
SDTASK max_process_us=210255
XIAO UART baud=921600 rx=GPIO8 tx=GPIO9 bytes=1942260 frames=10238 bytes_s=17928 frames_s=136 crc/cobs/len=0/0/0 seqgap=0 age_ms=9 type=56 log=0 q=0 rec=592 final=0
RXDIAG max_us=6746 budget_hits=39 byte/frame/time=39/0/0 rx_buf_max=1092 loop_period_max_us=1174994 loop_exec_max_us=1168663 free_heap=142104 min_free_heap=137792 reset_reason=0 bno_kind_1to5_s=0/0/0/0/0 queue=0 high=13 drops=0
RXDETAIL service_calls=93452 service_bytes_avg=20 service_bytes_max=512 service_frames_avg=0 service_frames_avg_x1000=168 service_frames_max=7 service_bytes_s=18076 service_frames_s=137 rxbuf_full_obs=0 bno_valid=3518 bno_invalid=0 unknown=0 uart_overflow=framework_unavailable trial_rx_bytes=1187008 trial_frames=10237 trial_bno=3518 trial_crc/cobs/len=0/0/0
RXTASK mode=decode_count read_calls=93453 zero_reads=77681 read_bytes_max=512 rx_task_max_us=6746 rx_task_continuous_max_us=6746 stack_hwm_min_bytes=4472 cobs_delimiters=15757 rx_current=0 rx_max=1092 rx_full=0 overflow=framework_unavailable
SDTASK max_process_us=210255
XIAO UART baud=921600 rx=GPIO8 tx=GPIO9 bytes=1960476 frames=10375 bytes_s=18216 frames_s=137 crc/cobs/len=0/0/0 seqgap=0 age_ms=10 type=24 log=0 q=0 rec=592 final=0
RXDIAG max_us=6746 budget_hits=39 byte/frame/time=39/0/0 rx_buf_max=1092 loop_period_max_us=1174994 loop_exec_max_us=1168663 free_heap=142104 min_free_heap=137792 reset_reason=0 bno_kind_1to5_s=0/0/0/0/0 queue=0 high=13 drops=0
RXDETAIL service_calls=94274 service_bytes_avg=20 service_bytes_max=512 service_frames_avg=0 service_frames_avg_x1000=168 service_frames_max=7 service_bytes_s=18068 service_frames_s=136 rxbuf_full_obs=0 bno_valid=3518 bno_invalid=0 unknown=0 uart_overflow=framework_unavailable trial_rx_bytes=1205076 trial_frames=10373 trial_bno=3518 trial_crc/cobs/len=0/0/0
RXTASK mode=decode_count read_calls=94275 zero_reads=78331 read_bytes_max=512 rx_task_max_us=6746 rx_task_continuous_max_us=6746 stack_hwm_min_bytes=4472 cobs_delimiters=15893 rx_current=0 rx_max=1092 rx_full=0 overflow=framework_unavailable
SDTASK max_process_us=210255
XIAO UART baud=921600 rx=GPIO8 tx=GPIO9 bytes=1978228 frames=10507 bytes_s=17752 frames_s=132 crc/cobs/len=0/0/0 seqgap=0 age_ms=3 type=5 log=0 q=0 rec=592 final=0
RXDIAG max_us=6746 budget_hits=39 byte/frame/time=39/0/0 rx_buf_max=1092 loop_period_max_us=1174994 loop_exec_max_us=1168663 free_heap=142104 min_free_heap=137792 reset_reason=0 bno_kind_1to5_s=0/0/0/0/0 queue=0 high=13 drops=0
RXDETAIL service_calls=95087 service_bytes_avg=20 service_bytes_max=512 service_frames_avg=0 service_frames_avg_x1000=168 service_frames_max=7 service_bytes_s=17752 service_frames_s=132 rxbuf_full_obs=0 bno_valid=3518 bno_invalid=0 unknown=0 uart_overflow=framework_unavailable trial_rx_bytes=1222828 trial_frames=10505 trial_bno=3518 trial_crc/cobs/len=0/0/0
RXTASK mode=decode_count read_calls=95088 zero_reads=78979 read_bytes_max=512 rx_task_max_us=6746 rx_task_continuous_max_us=6746 stack_hwm_min_bytes=4472 cobs_delimiters=16025 rx_current=88 rx_max=1092 rx_full=0 overflow=framework_unavailable
SDTASK max_process_us=210255
XIAO UART baud=921600 rx=GPIO8 tx=GPIO9 bytes=1996240 frames=10642 bytes_s=18012 frames_s=135 crc/cobs/len=0/0/0 seqgap=0 age_ms=12 type=24 log=0 q=0 rec=592 final=0
RXDIAG max_us=6746 budget_hits=39 byte/frame/time=39/0/0 rx_buf_max=1092 loop_period_max_us=1174994 loop_exec_max_us=1168663 free_heap=142104 min_free_heap=137792 reset_reason=0 bno_kind_1to5_s=0/0/0/0/0 queue=0 high=13 drops=0
RXDETAIL service_calls=95908 service_bytes_avg=20 service_bytes_max=512 service_frames_avg=0 service_frames_avg_x1000=168 service_frames_max=7 service_bytes_s=18116 service_frames_s=136 rxbuf_full_obs=0 bno_valid=3518 bno_invalid=0 unknown=0 uart_overflow=framework_unavailable trial_rx_bytes=1240944 trial_frames=10641 trial_bno=3518 trial_crc/cobs/len=0/0/0
RXTASK mode=decode_count read_calls=95909 zero_reads=79642 read_bytes_max=512 rx_task_max_us=6746 rx_task_continuous_max_us=6746 stack_hwm_min_bytes=4472 cobs_delimiters=16161 rx_current=0 rx_max=1092 rx_full=0 overflow=framework_unavailable
SDTASK max_process_us=210255
XIAO UART baud=921600 rx=GPIO8 tx=GPIO9 bytes=2014052 frames=10776 bytes_s=17812 frames_s=134 crc/cobs/len=0/0/0 seqgap=0 age_ms=7 type=24 log=0 q=0 rec=592 final=0
RXDIAG max_us=6746 budget_hits=39 byte/frame/time=39/0/0 rx_buf_max=1092 loop_period_max_us=1174994 loop_exec_max_us=1168663 free_heap=142104 min_free_heap=137792 reset_reason=0 bno_kind_1to5_s=0/0/0/0/0 queue=0 high=13 drops=0
RXDETAIL service_calls=96729 service_bytes_avg=20 service_bytes_max=512 service_frames_avg=0 service_frames_avg_x1000=168 service_frames_max=7 service_bytes_s=17708 service_frames_s=133 rxbuf_full_obs=0 bno_valid=3518 bno_invalid=0 unknown=0 uart_overflow=framework_unavailable trial_rx_bytes=1258652 trial_frames=10774 trial_bno=3518 trial_crc/cobs/len=0/0/0
RXTASK mode=decode_count read_calls=96730 zero_reads=80304 read_bytes_max=512 rx_task_max_us=6746 rx_task_continuous_max_us=6746 stack_hwm_min_bytes=4472 cobs_delimiters=16294 rx_current=0 rx_max=1092 rx_full=0 overflow=framework_unavailable
SDTASK max_process_us=210255
XIAO UART baud=921600 rx=GPIO8 tx=GPIO9 bytes=2032264 frames=10913 bytes_s=18212 frames_s=137 crc/cobs/len=0/0/0 seqgap=0 age_ms=2 type=24 log=0 q=0 rec=592 final=0
RXDIAG max_us=6746 budget_hits=39 byte/frame/time=39/0/0 rx_buf_max=1092 loop_period_max_us=1174994 loop_exec_max_us=1168663 free_heap=142104 min_free_heap=137792 reset_reason=0 bno_kind_1to5_s=0/0/0/0/0 queue=0 high=13 drops=0
RXDETAIL service_calls=97546 service_bytes_avg=20 service_bytes_max=512 service_frames_avg=0 service_frames_avg_x1000=168 service_frames_max=7 service_bytes_s=18212 service_frames_s=137 rxbuf_full_obs=0 bno_valid=3518 bno_invalid=0 unknown=0 uart_overflow=framework_unavailable trial_rx_bytes=1276864 trial_frames=10911 trial_bno=3518 trial_crc/cobs/len=0/0/0
RXTASK mode=decode_count read_calls=97547 zero_reads=80947 read_bytes_max=512 rx_task_max_us=6746 rx_task_continuous_max_us=6746 stack_hwm_min_bytes=4472 cobs_delimiters=16431 rx_current=0 rx_max=1092 rx_full=0 overflow=framework_unavailable
SDTASK max_process_us=210255
XIAO UART baud=921600 rx=GPIO8 tx=GPIO9 bytes=2050428 frames=11050 bytes_s=18164 frames_s=137 crc/cobs/len=0/0/0 seqgap=0 age_ms=0 type=32 log=0 q=0 rec=592 final=0
RXDIAG max_us=6746 budget_hits=39 byte/frame/time=39/0/0 rx_buf_max=1092 loop_period_max_us=1174994 loop_exec_max_us=1168663 free_heap=142104 min_free_heap=137792 reset_reason=0 bno_kind_1to5_s=0/0/0/0/0 queue=0 high=13 drops=0
RXDETAIL service_calls=98359 service_bytes_avg=20 service_bytes_max=512 service_frames_avg=0 service_frames_avg_x1000=168 service_frames_max=7 service_bytes_s=18252 service_frames_s=138 rxbuf_full_obs=0 bno_valid=3518 bno_invalid=0 unknown=0 uart_overflow=framework_unavailable trial_rx_bytes=1295116 trial_frames=11049 trial_bno=3518 trial_crc/cobs/len=0/0/0
RXTASK mode=decode_count read_calls=98361 zero_reads=81590 read_bytes_max=512 rx_task_max_us=6746 rx_task_continuous_max_us=6746 stack_hwm_min_bytes=4472 cobs_delimiters=16569 rx_current=96 rx_max=1092 rx_full=0 overflow=framework_unavailable
SDTASK max_process_us=210255
XIAO UART baud=921600 rx=GPIO8 tx=GPIO9 bytes=2068372 frames=11185 bytes_s=17944 frames_s=135 crc/cobs/len=0/0/0 seqgap=0 age_ms=8 type=32 log=0 q=0 rec=592 final=0
RXDIAG max_us=6746 budget_hits=39 byte/frame/time=39/0/0 rx_buf_max=1092 loop_period_max_us=1174994 loop_exec_max_us=1168663 free_heap=142104 min_free_heap=137792 reset_reason=0 bno_kind_1to5_s=0/0/0/0/0 queue=0 high=13 drops=0
RXDETAIL service_calls=99170 service_bytes_avg=20 service_bytes_max=512 service_frames_avg=0 service_frames_avg_x1000=168 service_frames_max=7 service_bytes_s=17920 service_frames_s=135 rxbuf_full_obs=0 bno_valid=3518 bno_invalid=0 unknown=0 uart_overflow=framework_unavailable trial_rx_bytes=1313036 trial_frames=11184 trial_bno=3518 trial_crc/cobs/len=0/0/0
RXTASK mode=decode_count read_calls=99171 zero_reads=82231 read_bytes_max=512 rx_task_max_us=6746 rx_task_continuous_max_us=6746 stack_hwm_min_bytes=4472 cobs_delimiters=16704 rx_current=120 rx_max=1092 rx_full=0 overflow=framework_unavailable
SDTASK max_process_us=210255
XIAO UART baud=921600 rx=GPIO8 tx=GPIO9 bytes=2086632 frames=11323 bytes_s=18260 frames_s=138 crc/cobs/len=0/0/0 seqgap=0 age_ms=2 type=56 log=0 q=0 rec=592 final=0
RXDIAG max_us=6746 budget_hits=39 byte/frame/time=39/0/0 rx_buf_max=1092 loop_period_max_us=1174994 loop_exec_max_us=1168663 free_heap=142104 min_free_heap=137792 reset_reason=0 bno_kind_1to5_s=0/0/0/0/0 queue=0 high=13 drops=0
RXDETAIL service_calls=99981 service_bytes_avg=20 service_bytes_max=512 service_frames_avg=0 service_frames_avg_x1000=168 service_frames_max=7 service_bytes_s=18196 service_frames_s=137 rxbuf_full_obs=0 bno_valid=3518 bno_invalid=0 unknown=0 uart_overflow=framework_unavailable trial_rx_bytes=1331232 trial_frames=11321 trial_bno=3518 trial_crc/cobs/len=0/0/0
RXTASK mode=decode_count read_calls=99982 zero_reads=82875 read_bytes_max=512 rx_task_max_us=6746 rx_task_continuous_max_us=6746 stack_hwm_min_bytes=4472 cobs_delimiters=16841 rx_current=0 rx_max=1092 rx_full=0 overflow=framework_unavailable
SDTASK max_process_us=210255
XIAO UART baud=921600 rx=GPIO8 tx=GPIO9 bytes=2104756 frames=11459 bytes_s=18124 frames_s=136 crc/cobs/len=0/0/0 seqgap=0 age_ms=2 type=7 log=0 q=0 rec=592 final=0
RXDIAG max_us=6746 budget_hits=39 byte/frame/time=39/0/0 rx_buf_max=1092 loop_period_max_us=1174994 loop_exec_max_us=1168663 free_heap=141880 min_free_heap=137792 reset_reason=0 bno_kind_1to5_s=0/0/0/0/0 queue=0 high=13 drops=0
RXDETAIL service_calls=100798 service_bytes_avg=20 service_bytes_max=512 service_frames_avg=0 service_frames_avg_x1000=168 service_frames_max=7 service_bytes_s=18124 service_frames_s=136 rxbuf_full_obs=0 bno_valid=3518 bno_invalid=0 unknown=0 uart_overflow=framework_unavailable trial_rx_bytes=1349356 trial_frames=11457 trial_bno=3518 trial_crc/cobs/len=0/0/0
RXTASK mode=decode_count read_calls=100799 zero_reads=83537 read_bytes_max=512 rx_task_max_us=6746 rx_task_continuous_max_us=6746 stack_hwm_min_bytes=4472 cobs_delimiters=16977 rx_current=0 rx_max=1092 rx_full=0 overflow=framework_unavailable
SDTASK max_process_us=210255
XIAO UART baud=921600 rx=GPIO8 tx=GPIO9 bytes=2122888 frames=11595 bytes_s=18132 frames_s=136 crc/cobs/len=0/0/0 seqgap=0 age_ms=0 type=5 log=0 q=0 rec=592 final=0
RXDIAG max_us=6746 budget_hits=39 byte/frame/time=39/0/0 rx_buf_max=1092 loop_period_max_us=1174994 loop_exec_max_us=1168663 free_heap=141880 min_free_heap=137792 reset_reason=0 bno_kind_1to5_s=0/0/0/0/0 queue=0 high=13 drops=0
RXDETAIL service_calls=101605 service_bytes_avg=20 service_bytes_max=512 service_frames_avg=0 service_frames_avg_x1000=168 service_frames_max=7 service_bytes_s=18132 service_frames_s=136 rxbuf_full_obs=0 bno_valid=3518 bno_invalid=0 unknown=0 uart_overflow=framework_unavailable trial_rx_bytes=1367488 trial_frames=11593 trial_bno=3518 trial_crc/cobs/len=0/0/0
RXTASK mode=decode_count read_calls=101606 zero_reads=84184 read_bytes_max=512 rx_task_max_us=6746 rx_task_continuous_max_us=6746 stack_hwm_min_bytes=4472 cobs_delimiters=17113 rx_current=0 rx_max=1092 rx_full=0 overflow=framework_unavailable
SDTASK max_process_us=210255
XIAO UART baud=921600 rx=GPIO8 tx=GPIO9 bytes=2140876 frames=11731 bytes_s=17988 frames_s=136 crc/cobs/len=0/0/0 seqgap=0 age_ms=4 type=24 log=0 q=0 rec=592 final=0
RXDIAG max_us=6746 budget_hits=39 byte/frame/time=39/0/0 rx_buf_max=1092 loop_period_max_us=1174994 loop_exec_max_us=1168663 free_heap=141880 min_free_heap=137792 reset_reason=0 bno_kind_1to5_s=0/0/0/0/0 queue=0 high=13 drops=0
RXDETAIL service_calls=102411 service_bytes_avg=20 service_bytes_max=512 service_frames_avg=0 service_frames_avg_x1000=168 service_frames_max=7 service_bytes_s=17988 service_frames_s=136 rxbuf_full_obs=0 bno_valid=3518 bno_invalid=0 unknown=0 uart_overflow=framework_unavailable trial_rx_bytes=1385476 trial_frames=11729 trial_bno=3518 trial_crc/cobs/len=0/0/0
RXTASK mode=decode_count read_calls=102412 zero_reads=84839 read_bytes_max=512 rx_task_max_us=6746 rx_task_continuous_max_us=6746 stack_hwm_min_bytes=4472 cobs_delimiters=17249 rx_current=0 rx_max=1092 rx_full=0 overflow=framework_unavailable
SDTASK max_process_us=210255
XIAO UART baud=921600 rx=GPIO8 tx=GPIO9 bytes=2158812 frames=11865 bytes_s=17936 frames_s=134 crc/cobs/len=0/0/0 seqgap=0 age_ms=2 type=7 log=0 q=0 rec=592 final=0
RXDIAG max_us=6746 budget_hits=39 byte/frame/time=39/0/0 rx_buf_max=1092 loop_period_max_us=1174994 loop_exec_max_us=1168663 free_heap=141880 min_free_heap=137792 reset_reason=0 bno_kind_1to5_s=0/0/0/0/0 queue=0 high=13 drops=0
RXDETAIL service_calls=103231 service_bytes_avg=20 service_bytes_max=512 service_frames_avg=0 service_frames_avg_x1000=168 service_frames_max=7 service_bytes_s=17936 service_frames_s=134 rxbuf_full_obs=0 bno_valid=3518 bno_invalid=0 unknown=0 uart_overflow=framework_unavailable trial_rx_bytes=1403412 trial_frames=11863 trial_bno=3518 trial_crc/cobs/len=0/0/0
RXTASK mode=decode_count read_calls=103232 zero_reads=85501 read_bytes_max=512 rx_task_max_us=6746 rx_task_continuous_max_us=6746 stack_hwm_min_bytes=4472 cobs_delimiters=17383 rx_current=0 rx_max=1092 rx_full=0 overflow=framework_unavailable
SDTASK max_process_us=210255
XIAO UART baud=921600 rx=GPIO8 tx=GPIO9 bytes=2176664 frames=11999 bytes_s=17852 frames_s=134 crc/cobs/len=0/0/0 seqgap=0 age_ms=6 type=5 log=0 q=0 rec=592 final=0
RXDIAG max_us=6746 budget_hits=39 byte/frame/time=39/0/0 rx_buf_max=1092 loop_period_max_us=1174994 loop_exec_max_us=1168663 free_heap=141880 min_free_heap=137792 reset_reason=0 bno_kind_1to5_s=0/0/0/0/0 queue=0 high=13 drops=0
RXDETAIL service_calls=104050 service_bytes_avg=20 service_bytes_max=512 service_frames_avg=0 service_frames_avg_x1000=168 service_frames_max=7 service_bytes_s=17940 service_frames_s=135 rxbuf_full_obs=0 bno_valid=3518 bno_invalid=0 unknown=0 uart_overflow=framework_unavailable trial_rx_bytes=1421352 trial_frames=11998 trial_bno=3518 trial_crc/cobs/len=0/0/0
RXTASK mode=decode_count read_calls=104051 zero_reads=86161 read_bytes_max=512 rx_task_max_us=6746 rx_task_continuous_max_us=6746 stack_hwm_min_bytes=4472 cobs_delimiters=17518 rx_current=0 rx_max=1092 rx_full=0 overflow=framework_unavailable
SDTASK max_process_us=210255
XIAO UART baud=921600 rx=GPIO8 tx=GPIO9 bytes=2194652 frames=12135 bytes_s=17988 frames_s=136 crc/cobs/len=0/0/0 seqgap=0 age_ms=7 type=22 log=0 q=0 rec=592 final=0
RXDIAG max_us=6746 budget_hits=39 byte/frame/time=39/0/0 rx_buf_max=1092 loop_period_max_us=1174994 loop_exec_max_us=1168663 free_heap=141880 min_free_heap=137792 reset_reason=0 bno_kind_1to5_s=0/0/0/0/0 queue=0 high=13 drops=0
RXDETAIL service_calls=104861 service_bytes_avg=20 service_bytes_max=512 service_frames_avg=0 service_frames_avg_x1000=168 service_frames_max=7 service_bytes_s=18020 service_frames_s=135 rxbuf_full_obs=0 bno_valid=3518 bno_invalid=0 unknown=0 uart_overflow=framework_unavailable trial_rx_bytes=1439372 trial_frames=12133 trial_bno=3518 trial_crc/cobs/len=0/0/0
RXTASK mode=decode_count read_calls=104862 zero_reads=86817 read_bytes_max=512 rx_task_max_us=6746 rx_task_continuous_max_us=6746 stack_hwm_min_bytes=4472 cobs_delimiters=17654 rx_current=96 rx_max=1092 rx_full=0 overflow=framework_unavailable
SDTASK max_process_us=210255
XIAO UART baud=921600 rx=GPIO8 tx=GPIO9 bytes=2213012 frames=12274 bytes_s=18360 frames_s=139 crc/cobs/len=0/0/0 seqgap=0 age_ms=3 type=32 log=0 q=0 rec=592 final=0
RXDIAG max_us=6746 budget_hits=39 byte/frame/time=39/0/0 rx_buf_max=1092 loop_period_max_us=1174994 loop_exec_max_us=1168663 free_heap=141880 min_free_heap=137792 reset_reason=0 bno_kind_1to5_s=0/0/0/0/0 queue=0 high=13 drops=0
RXDETAIL service_calls=105675 service_bytes_avg=20 service_bytes_max=512 service_frames_avg=0 service_frames_avg_x1000=168 service_frames_max=7 service_bytes_s=18388 service_frames_s=140 rxbuf_full_obs=0 bno_valid=3518 bno_invalid=0 unknown=0 uart_overflow=framework_unavailable trial_rx_bytes=1457760 trial_frames=12273 trial_bno=3518 trial_crc/cobs/len=0/0/0
RXTASK mode=decode_count read_calls=105677 zero_reads=87471 read_bytes_max=512 rx_task_max_us=6746 rx_task_continuous_max_us=6746 stack_hwm_min_bytes=4472 cobs_delimiters=17793 rx_current=0 rx_max=1092 rx_full=0 overflow=framework_unavailable
SDTASK max_process_us=210255
XIAO UART baud=921600 rx=GPIO8 tx=GPIO9 bytes=2231128 frames=12410 bytes_s=18116 frames_s=136 crc/cobs/len=0/0/0 seqgap=0 age_ms=0 type=7 log=0 q=0 rec=592 final=0
RXDIAG max_us=6746 budget_hits=39 byte/frame/time=39/0/0 rx_buf_max=1092 loop_period_max_us=1174994 loop_exec_max_us=1168663 free_heap=141880 min_free_heap=137792 reset_reason=0 bno_kind_1to5_s=0/0/0/0/0 queue=0 high=13 drops=0
RXDETAIL service_calls=106486 service_bytes_avg=20 service_bytes_max=512 service_frames_avg=0 service_frames_avg_x1000=168 service_frames_max=7 service_bytes_s=17968 service_frames_s=135 rxbuf_full_obs=0 bno_valid=3518 bno_invalid=0 unknown=0 uart_overflow=framework_unavailable trial_rx_bytes=1475728 trial_frames=12408 trial_bno=3518 trial_crc/cobs/len=0/0/0
RXTASK mode=decode_count read_calls=106487 zero_reads=88119 read_bytes_max=512 rx_task_max_us=6746 rx_task_continuous_max_us=6746 stack_hwm_min_bytes=4472 cobs_delimiters=17928 rx_current=0 rx_max=1092 rx_full=0 overflow=framework_unavailable
SDTASK max_process_us=210255
XIAO UART baud=921600 rx=GPIO8 tx=GPIO9 bytes=2248932 frames=12544 bytes_s=17804 frames_s=134 crc/cobs/len=0/0/0 seqgap=0 age_ms=0 type=58 log=0 q=0 rec=592 final=0
RXDIAG max_us=6746 budget_hits=39 byte/frame/time=39/0/0 rx_buf_max=1092 loop_period_max_us=1174994 loop_exec_max_us=1168663 free_heap=141880 min_free_heap=137792 reset_reason=0 bno_kind_1to5_s=0/0/0/0/0 queue=0 high=13 drops=0
RXDETAIL service_calls=107298 service_bytes_avg=20 service_bytes_max=512 service_frames_avg=0 service_frames_avg_x1000=168 service_frames_max=7 service_bytes_s=17804 service_frames_s=134 rxbuf_full_obs=0 bno_valid=3518 bno_invalid=0 unknown=0 uart_overflow=framework_unavailable trial_rx_bytes=1493532 trial_frames=12542 trial_bno=3518 trial_crc/cobs/len=0/0/0
RXTASK mode=decode_count read_calls=107299 zero_reads=88780 read_bytes_max=512 rx_task_max_us=6746 rx_task_continuous_max_us=6746 stack_hwm_min_bytes=4472 cobs_delimiters=18062 rx_current=0 rx_max=1092 rx_full=0 overflow=framework_unavailable
SDTASK max_process_us=210255
XIAO UART baud=921600 rx=GPIO8 tx=GPIO9 bytes=2267056 frames=12680 bytes_s=18124 frames_s=136 crc/cobs/len=0/0/0 seqgap=0 age_ms=0 type=58 log=0 q=0 rec=592 final=0
RXDIAG max_us=6746 budget_hits=39 byte/frame/time=39/0/0 rx_buf_max=1092 loop_period_max_us=1174994 loop_exec_max_us=1168663 free_heap=141880 min_free_heap=137792 reset_reason=0 bno_kind_1to5_s=0/0/0/0/0 queue=0 high=13 drops=0
RXDETAIL service_calls=108119 service_bytes_avg=20 service_bytes_max=512 service_frames_avg=0 service_frames_avg_x1000=168 service_frames_max=7 service_bytes_s=18124 service_frames_s=136 rxbuf_full_obs=0 bno_valid=3518 bno_invalid=0 unknown=0 uart_overflow=framework_unavailable trial_rx_bytes=1511656 trial_frames=12678 trial_bno=3518 trial_crc/cobs/len=0/0/0
RXTASK mode=decode_count read_calls=108121 zero_reads=89449 read_bytes_max=512 rx_task_max_us=6746 rx_task_continuous_max_us=6746 stack_hwm_min_bytes=4472 cobs_delimiters=18198 rx_current=0 rx_max=1092 rx_full=0 overflow=framework_unavailable
SDTASK max_process_us=210255
XIAO UART baud=921600 rx=GPIO8 tx=GPIO9 bytes=2314308 frames=13027 bytes_s=47252 frames_s=347 crc/cobs/len=0/0/0 seqgap=0 age_ms=14 type=24 log=0 q=0 rec=592 final=0
RXDIAG max_us=6746 budget_hits=39 byte/frame/time=39/0/0 rx_buf_max=1092 loop_period_max_us=1174994 loop_exec_max_us=1733819 free_heap=141164 min_free_heap=137792 reset_reason=0 bno_kind_1to5_s=0/0/0/0/0 queue=0 high=13 drops=0
RXDETAIL service_calls=110351 service_bytes_avg=20 service_bytes_max=512 service_frames_avg=0 service_frames_avg_x1000=168 service_frames_max=7 service_bytes_s=47356 service_frames_s=348 rxbuf_full_obs=0 bno_valid=3518 bno_invalid=0 unknown=0 uart_overflow=framework_unavailable trial_rx_bytes=1559012 trial_frames=13026 trial_bno=3518 trial_crc/cobs/len=0/0/0
RXTASK mode=decode_count read_calls=110352 zero_reads=91280 read_bytes_max=512 rx_task_max_us=6746 rx_task_continuous_max_us=6746 stack_hwm_min_bytes=4472 cobs_delimiters=18546 rx_current=0 rx_max=1092 rx_full=0 overflow=framework_unavailable
SDTASK max_process_us=210255
