DIAG state=FAULT dry=1 bno_ready=1 addr=0x4A init/reinit/poll=1/0/443 event A/G/M=0/0/221 age_rx_us=4294967295/4294967295/16304
IMU cand/pair/call/ok=0/0/0/0 reject=0 dup/order/stale/dt/nonfinite/norm/queue=0/0/0/0/0/0/0 last_ok_age_us=4294967295 dt_us=0 align_samples=0 align_elapsed_us=0
HEALTH state=0 health=0 reason=imu_stale mount=0 imu_age_us=4294967295 imu_gaps=0 reversals=0 covariance=1 finite=1 gnss_age_us=4294967295 tof_age_us=4294967295 obs=1
BNO_TS ACCEL events=0 unique=0 exact=1 overflow=0 dup=0 reverse=0 rollover=0 sensor_dt_us=0/0.00/0 rx_dt_us=0/0.00/0 pair_first=0/0 pair_last=0/0
BNO_TS GYRO events=0 unique=0 exact=1 overflow=0 dup=0 reverse=0 rollover=0 sensor_dt_us=0/0.00/0 rx_dt_us=0/0.00/0 pair_first=0/0 pair_last=0/0
BNO_TS MAG events=221 unique=4 exact=1 overflow=0 dup=193 reverse=13 rollover=0 sensor_dt_us=-200/31.36/6900 rx_dt_us=43007/49934.63/53756 pair_first=4294959696/4686070 pair_last=4294966596/15671688
BNO_VEC ACCEL_SENSOR_AND_ESKF_INPUT events=0 nonfinite=0
BNO_VEC GYRO_SENSOR_AND_ESKF_INPUT events=0 nonfinite=0
BNO_VEC MAG_SENSOR events=221 nonfinite=0 xyz_mean_sd=[1.534785,4.408450][-23.429299,5.107047][12.537048,5.708740] xyz_minmax=[-8.750000,6.937500][-36.187500,-14.125000][1.250000,22.875000] norm_mean_sd_minmax=27.932435/2.519979/24.595556/37.136311
LINK queue/drop/high=1/0/3 tof=334
TXDIAG frames_s=118 bytes_s=16499 total_frames=1450 total_bytes=191796 queue=0 high=3 drops=0 bno_drop=0 partial=0 zero=0 write_calls=26271 max_write_us=0 free_heap=166976 min_free_heap=166976 usage_pct=17.90
BNO_TX kind=1 event=0 req=0 enq=0 drop=0 done=0 bytes=0
BNO_REPORT kind=1 report_id=0 interval_us=0 requested_hz=0.000 enable_ok=0 enable_fail=0 callback=0 switch=0 kind_convert=0 events=0 tx_req=0 tx_enq=0 tx_done=0 tx_drop=0 event_drop=0 reset_reconfig=0 effective_hz=0.000
BNO_TX kind=2 event=0 req=0 enq=0 drop=0 done=0 bytes=0
BNO_REPORT kind=2 report_id=0 interval_us=0 requested_hz=0.000 enable_ok=0 enable_fail=0 callback=0 switch=0 kind_convert=0 events=0 tx_req=0 tx_enq=0 tx_done=0 tx_drop=0 event_drop=0 reset_reconfig=0 effective_hz=0.000
BNO_TX kind=3 event=0 req=0 enq=0 drop=0 done=0 bytes=0
BNO_REPORT kind=3 report_id=0 interval_us=0 requested_hz=0.000 enable_ok=0 enable_fail=0 callback=0 switch=0 kind_convert=0 events=0 tx_req=0 tx_enq=0 tx_done=0 tx_drop=0 event_drop=0 reset_reconfig=0 effective_hz=0.000
BNO_TX kind=4 event=0 req=0 enq=0 drop=0 done=0 bytes=0
BNO_REPORT kind=4 report_id=3 interval_us=50000 requested_hz=20.000 enable_ok=2 enable_fail=0 callback=221 switch=221 kind_convert=221 events=221 tx_req=0 tx_enq=0 tx_done=0 tx_drop=0 event_drop=0 reset_reconfig=1 effective_hz=20.026
BNO_TX kind=5 event=0 req=0 enq=0 drop=0 done=0 bytes=0
BNO_REPORT kind=5 report_id=0 interval_us=0 requested_hz=0.000 enable_ok=0 enable_fail=0 callback=0 switch=0 kind_convert=0 events=0 tx_req=0 tx_enq=0 tx_done=0 tx_drop=0 event_drop=0 reset_reconfig=0 effective_hz=0.000
DIAG state=FAULT dry=1 bno_ready=1 addr=0x4A init/reinit/poll=1/0/483 event A/G/M=0/0/241 age_rx_us=4294967295/4294967295/16159
IMU cand/pair/call/ok=0/0/0/0 reject=0 dup/order/stale/dt/nonfinite/norm/queue=0/0/0/0/0/0/0 last_ok_age_us=4294967295 dt_us=0 align_samples=0 align_elapsed_us=0
HEALTH state=0 health=0 reason=imu_stale mount=0 imu_age_us=4294967295 imu_gaps=0 reversals=0 covariance=1 finite=1 gnss_age_us=4294967295 tof_age_us=4294967295 obs=1
BNO_TS ACCEL events=0 unique=0 exact=1 overflow=0 dup=0 reverse=0 rollover=0 sensor_dt_us=0/0.00/0 rx_dt_us=0/0.00/0 pair_first=0/0 pair_last=0/0
BNO_TS GYRO events=0 unique=0 exact=1 overflow=0 dup=0 reverse=0 rollover=0 sensor_dt_us=0/0.00/0 rx_dt_us=0/0.00/0 pair_first=0/0 pair_last=0/0
BNO_TS MAG events=241 unique=4 exact=1 overflow=0 dup=209 reverse=15 rollover=0 sensor_dt_us=-200/28.75/6900 rx_dt_us=43007/49937.60/53756 pair_first=4294959696/4686070 pair_last=4294966596/16671093
BNO_VEC ACCEL_SENSOR_AND_ESKF_INPUT events=0 nonfinite=0
BNO_VEC GYRO_SENSOR_AND_ESKF_INPUT events=0 nonfinite=0
BNO_VEC MAG_SENSOR events=241 nonfinite=0 xyz_mean_sd=[1.146784,4.732947][-24.256743,5.693129][12.677127,5.600568] xyz_minmax=[-11.250000,6.937500][-37.562500,-14.125000][1.250000,22.875000] norm_mean_sd_minmax=28.701669/3.578726/24.595556/41.656425
LINK queue/drop/high=2/0/3 tof=364
TXDIAG frames_s=115 bytes_s=16124 total_frames=1565 total_bytes=207888 queue=0 high=3 drops=0 bno_drop=0 partial=0 zero=0 write_calls=28519 max_write_us=0 free_heap=166976 min_free_heap=166976 usage_pct=17.50
BNO_TX kind=1 event=0 req=0 enq=0 drop=0 done=0 bytes=0
BNO_REPORT kind=1 report_id=0 interval_us=0 requested_hz=0.000 enable_ok=0 enable_fail=0 callback=0 switch=0 kind_convert=0 events=0 tx_req=0 tx_enq=0 tx_done=0 tx_drop=0 event_drop=0 reset_reconfig=0 effective_hz=0.000
BNO_TX kind=2 event=0 req=0 enq=0 drop=0 done=0 bytes=0
BNO_REPORT kind=2 report_id=0 interval_us=0 requested_hz=0.000 enable_ok=0 enable_fail=0 callback=0 switch=0 kind_convert=0 events=0 tx_req=0 tx_enq=0 tx_done=0 tx_drop=0 event_drop=0 reset_reconfig=0 effective_hz=0.000
BNO_TX kind=3 event=0 req=0 enq=0 drop=0 done=0 bytes=0
BNO_REPORT kind=3 report_id=0 interval_us=0 requested_hz=0.000 enable_ok=0 enable_fail=0 callback=0 switch=0 kind_convert=0 events=0 tx_req=0 tx_enq=0 tx_done=0 tx_drop=0 event_drop=0 reset_reconfig=0 effective_hz=0.000
BNO_TX kind=4 event=0 req=0 enq=0 drop=0 done=0 bytes=0
BNO_REPORT kind=4 report_id=3 interval_us=50000 requested_hz=20.000 enable_ok=2 enable_fail=0 callback=241 switch=241 kind_convert=241 events=241 tx_req=0 tx_enq=0 tx_done=0 tx_drop=0 event_drop=0 reset_reconfig=1 effective_hz=20.025
BNO_TX kind=5 event=0 req=0 enq=0 drop=0 done=0 bytes=0
BNO_REPORT kind=5 report_id=0 interval_us=0 requested_hz=0.000 enable_ok=0 enable_fail=0 callback=0 switch=0 kind_convert=0 events=0 tx_req=0 tx_enq=0 tx_done=0 tx_drop=0 event_drop=0 reset_reconfig=0 effective_hz=0.000
DIAG state=FAULT dry=1 bno_ready=1 addr=0x4A init/reinit/poll=1/0/523 event A/G/M=0/0/261 age_rx_us=4294967295/4294967295/26453
IMU cand/pair/call/ok=0/0/0/0 reject=0 dup/order/stale/dt/nonfinite/norm/queue=0/0/0/0/0/0/0 last_ok_age_us=4294967295 dt_us=0 align_samples=0 align_elapsed_us=0
HEALTH state=0 health=0 reason=imu_stale mount=0 imu_age_us=4294967295 imu_gaps=0 reversals=0 covariance=1 finite=1 gnss_age_us=4294967295 tof_age_us=4294967295 obs=1
BNO_TS ACCEL events=0 unique=0 exact=1 overflow=0 dup=0 reverse=0 rollover=0 sensor_dt_us=0/0.00/0 rx_dt_us=0/0.00/0 pair_first=0/0 pair_last=0/0
BNO_TS GYRO events=0 unique=0 exact=1 overflow=0 dup=0 reverse=0 rollover=0 sensor_dt_us=0/0.00/0 rx_dt_us=0/0.00/0 pair_first=0/0 pair_last=0/0
BNO_TS MAG events=261 unique=4 exact=1 overflow=0 dup=224 reverse=18 rollover=0 sensor_dt_us=-200/25.77/6900 rx_dt_us=43007/49940.13/53756 pair_first=4294959696/4686070 pair_last=4294966396/17670503
BNO_VEC ACCEL_SENSOR_AND_ESKF_INPUT events=0 nonfinite=0
BNO_VEC GYRO_SENSOR_AND_ESKF_INPUT events=0 nonfinite=0
BNO_VEC MAG_SENSOR events=261 nonfinite=0 xyz_mean_sd=[1.770354,5.042930][-24.188458,5.482232][13.355843,5.888247] xyz_minmax=[-11.250000,11.062500][-37.562500,-14.125000][1.250000,24.625000] norm_mean_sd_minmax=29.042778/3.642623/24.595556/41.656425
LINK queue/drop/high=1/0/3 tof=395
TXDIAG frames_s=117 bytes_s=16577 total_frames=1684 total_bytes=224664 queue=1 high=3 drops=0 bno_drop=0 partial=0 zero=0 write_calls=30973 max_write_us=0 free_heap=166976 min_free_heap=166976 usage_pct=17.99
BNO_TX kind=1 event=0 req=0 enq=0 drop=0 done=0 bytes=0
BNO_REPORT kind=1 report_id=0 interval_us=0 requested_hz=0.000 enable_ok=0 enable_fail=0 callback=0 switch=0 kind_convert=0 events=0 tx_req=0 tx_enq=0 tx_done=0 tx_drop=0 event_drop=0 reset_reconfig=0 effective_hz=0.000
BNO_TX kind=2 event=0 req=0 enq=0 drop=0 done=0 bytes=0
BNO_REPORT kind=2 report_id=0 interval_us=0 requested_hz=0.000 enable_ok=0 enable_fail=0 callback=0 switch=0 kind_convert=0 events=0 tx_req=0 tx_enq=0 tx_done=0 tx_drop=0 event_drop=0 reset_reconfig=0 effective_hz=0.000
BNO_TX kind=3 event=0 req=0 enq=0 drop=0 done=0 bytes=0
BNO_REPORT kind=3 report_id=0 interval_us=0 requested_hz=0.000 enable_ok=0 enable_fail=0 callback=0 switch=0 kind_convert=0 events=0 tx_req=0 tx_enq=0 tx_done=0 tx_drop=0 event_drop=0 reset_reconfig=0 effective_hz=0.000
BNO_TX kind=4 event=0 req=0 enq=0 drop=0 done=0 bytes=0
BNO_REPORT kind=4 report_id=3 interval_us=50000 requested_hz=20.000 enable_ok=2 enable_fail=0 callback=261 switch=261 kind_convert=261 events=261 tx_req=0 tx_enq=0 tx_done=0 tx_drop=0 event_drop=0 reset_reconfig=1 effective_hz=20.024
BNO_TX kind=5 event=0 req=0 enq=0 drop=0 done=0 bytes=0
BNO_REPORT kind=5 report_id=0 interval_us=0 requested_hz=0.000 enable_ok=0 enable_fail=0 callback=0 switch=0 kind_convert=0 events=0 tx_req=0 tx_enq=0 tx_done=0 tx_drop=0 event_drop=0 reset_reconfig=0 effective_hz=0.000
DIAG state=FAULT dry=1 bno_ready=1 addr=0x4A init/reinit/poll=1/0/563 event A/G/M=0/0/281 age_rx_us=4294967295/4294967295/26492
IMU cand/pair/call/ok=0/0/0/0 reject=0 dup/order/stale/dt/nonfinite/norm/queue=0/0/0/0/0/0/0 last_ok_age_us=4294967295 dt_us=0 align_samples=0 align_elapsed_us=0
HEALTH state=0 health=0 reason=imu_stale mount=0 imu_age_us=4294967295 imu_gaps=0 reversals=0 covariance=1 finite=1 gnss_age_us=4294967295 tof_age_us=4294967295 obs=1
BNO_TS ACCEL events=0 unique=0 exact=1 overflow=0 dup=0 reverse=0 rollover=0 sensor_dt_us=0/0.00/0 rx_dt_us=0/0.00/0 pair_first=0/0 pair_last=0/0
BNO_TS GYRO events=0 unique=0 exact=1 overflow=0 dup=0 reverse=0 rollover=0 sensor_dt_us=0/0.00/0 rx_dt_us=0/0.00/0 pair_first=0/0 pair_last=0/0
BNO_TS MAG events=281 unique=4 exact=1 overflow=0 dup=242 reverse=19 rollover=0 sensor_dt_us=-200/23.93/6900 rx_dt_us=43007/49942.21/53756 pair_first=4294959696/4686070 pair_last=4294966396/18669889
BNO_VEC ACCEL_SENSOR_AND_ESKF_INPUT events=0 nonfinite=0
BNO_VEC GYRO_SENSOR_AND_ESKF_INPUT events=0 nonfinite=0
BNO_VEC MAG_SENSOR events=281 nonfinite=0 xyz_mean_sd=[2.169039,5.075394][-23.988879,5.339147][14.048932,6.204971] xyz_minmax=[-11.250000,11.062500][-37.562500,-14.125000][1.250000,24.625000] norm_mean_sd_minmax=29.277895/3.621627/24.595556/41.656425
LINK queue/drop/high=0/0/3 tof=425
TXDIAG frames_s=116 bytes_s=16008 total_frames=1800 total_bytes=240672 queue=0 high=3 drops=0 bno_drop=0 partial=0 zero=0 write_calls=33182 max_write_us=0 free_heap=166976 min_free_heap=166976 usage_pct=17.37
BNO_TX kind=1 event=0 req=0 enq=0 drop=0 done=0 bytes=0
BNO_REPORT kind=1 report_id=0 interval_us=0 requested_hz=0.000 enable_ok=0 enable_fail=0 callback=0 switch=0 kind_convert=0 events=0 tx_req=0 tx_enq=0 tx_done=0 tx_drop=0 event_drop=0 reset_reconfig=0 effective_hz=0.000
BNO_TX kind=2 event=0 req=0 enq=0 drop=0 done=0 bytes=0
BNO_REPORT kind=2 report_id=0 interval_us=0 requested_hz=0.000 enable_ok=0 enable_fail=0 callback=0 switch=0 kind_convert=0 events=0 tx_req=0 tx_enq=0 tx_done=0 tx_drop=0 event_drop=0 reset_reconfig=0 effective_hz=0.000
BNO_TX kind=3 event=0 req=0 enq=0 drop=0 done=0 bytes=0
BNO_REPORT kind=3 report_id=0 interval_us=0 requested_hz=0.000 enable_ok=0 enable_fail=0 callback=0 switch=0 kind_convert=0 events=0 tx_req=0 tx_enq=0 tx_done=0 tx_drop=0 event_drop=0 reset_reconfig=0 effective_hz=0.000
BNO_TX kind=4 event=0 req=0 enq=0 drop=0 done=0 bytes=0
BNO_REPORT kind=4 report_id=3 interval_us=50000 requested_hz=20.000 enable_ok=2 enable_fail=0 callback=281 switch=281 kind_convert=281 events=281 tx_req=0 tx_enq=0 tx_done=0 tx_drop=0 event_drop=0 reset_reconfig=1 effective_hz=20.023
BNO_TX kind=5 event=0 req=0 enq=0 drop=0 done=0 bytes=0
BNO_REPORT kind=5 report_id=0 interval_us=0 requested_hz=0.000 enable_ok=0 enable_fail=0 callback=0 switch=0 kind_convert=0 events=0 tx_req=0 tx_enq=0 tx_done=0 tx_drop=0 event_drop=0 reset_reconfig=0 effective_hz=0.000
DIAG state=FAULT dry=1 bno_ready=1 addr=0x4A init/reinit/poll=1/0/603 event A/G/M=0/0/301 age_rx_us=4294967295/4294967295/36691
IMU cand/pair/call/ok=0/0/0/0 reject=0 dup/order/stale/dt/nonfinite/norm/queue=0/0/0/0/0/0/0 last_ok_age_us=4294967295 dt_us=0 align_samples=0 align_elapsed_us=0
HEALTH state=0 health=0 reason=imu_stale mount=0 imu_age_us=4294967295 imu_gaps=0 reversals=0 covariance=1 finite=1 gnss_age_us=4294967295 tof_age_us=4294967295 obs=1
BNO_TS ACCEL events=0 unique=0 exact=1 overflow=0 dup=0 reverse=0 rollover=0 sensor_dt_us=0/0.00/0 rx_dt_us=0/0.00/0 pair_first=0/0 pair_last=0/0
BNO_TS GYRO events=0 unique=0 exact=1 overflow=0 dup=0 reverse=0 rollover=0 sensor_dt_us=0/0.00/0 rx_dt_us=0/0.00/0 pair_first=0/0 pair_last=0/0
BNO_TS MAG events=301 unique=4 exact=1 overflow=0 dup=262 reverse=19 rollover=0 sensor_dt_us=-200/22.33/6900 rx_dt_us=43007/49943.91/53756 pair_first=4294959696/4686070 pair_last=4294966396/19669243
BNO_VEC ACCEL_SENSOR_AND_ESKF_INPUT events=0 nonfinite=0
BNO_VEC GYRO_SENSOR_AND_ESKF_INPUT events=0 nonfinite=0
BNO_VEC MAG_SENSOR events=301 nonfinite=0 xyz_mean_sd=[2.463663,5.028327][-23.739826,5.246374][14.632060,6.383872] xyz_minmax=[-11.250000,11.062500][-37.562500,-14.125000][1.250000,24.625000] norm_mean_sd_minmax=29.407130/3.539654/24.595556/41.656425
LINK queue/drop/high=1/0/3 tof=456
TXDIAG frames_s=116 bytes_s=16349 total_frames=1917 total_bytes=257136 queue=0 high=3 drops=0 bno_drop=0 partial=0 zero=0 write_calls=35426 max_write_us=0 free_heap=166976 min_free_heap=166976 usage_pct=17.74
BNO_TX kind=1 event=0 req=0 enq=0 drop=0 done=0 bytes=0
BNO_REPORT kind=1 report_id=0 interval_us=0 requested_hz=0.000 enable_ok=0 enable_fail=0 callback=0 switch=0 kind_convert=0 events=0 tx_req=0 tx_enq=0 tx_done=0 tx_drop=0 event_drop=0 reset_reconfig=0 effective_hz=0.000
BNO_TX kind=2 event=0 req=0 enq=0 drop=0 done=0 bytes=0
BNO_REPORT kind=2 report_id=0 interval_us=0 requested_hz=0.000 enable_ok=0 enable_fail=0 callback=0 switch=0 kind_convert=0 events=0 tx_req=0 tx_enq=0 tx_done=0 tx_drop=0 event_drop=0 reset_reconfig=0 effective_hz=0.000
BNO_TX kind=3 event=0 req=0 enq=0 drop=0 done=0 bytes=0
BNO_REPORT kind=3 report_id=0 interval_us=0 requested_hz=0.000 enable_ok=0 enable_fail=0 callback=0 switch=0 kind_convert=0 events=0 tx_req=0 tx_enq=0 tx_done=0 tx_drop=0 event_drop=0 reset_reconfig=0 effective_hz=0.000
BNO_TX kind=4 event=0 req=0 enq=0 drop=0 done=0 bytes=0
BNO_REPORT kind=4 report_id=3 interval_us=50000 requested_hz=20.000 enable_ok=2 enable_fail=0 callback=301 switch=301 kind_convert=301 events=301 tx_req=0 tx_enq=0 tx_done=0 tx_drop=0 event_drop=0 reset_reconfig=1 effective_hz=20.022
BNO_TX kind=5 event=0 req=0 enq=0 drop=0 done=0 bytes=0
BNO_REPORT kind=5 report_id=0 interval_us=0 requested_hz=0.000 enable_ok=0 enable_fail=0 callback=0 switch=0 kind_convert=0 events=0 tx_req=0 tx_enq=0 tx_done=0 tx_drop=0 event_drop=0 reset_reconfig=0 effective_hz=0.000
P1_START_ACK sequence=1970 first_sequence=1971 queued=1
P1_CAPTURE_STATS_RESET
TX_DIAG_RESET
DIAG state=FAULT dry=1 bno_ready=1 addr=0x4A init/reinit/poll=0/0/20 event A/G/M=0/0/10 age_rx_us=4294967295/4294967295/35968
IMU cand/pair/call/ok=0/0/0/0 reject=0 dup/order/stale/dt/nonfinite/norm/queue=0/0/0/0/0/0/0 last_ok_age_us=4294967295 dt_us=0 align_samples=0 align_elapsed_us=0
HEALTH state=0 health=0 reason=imu_stale mount=0 imu_age_us=4294967295 imu_gaps=0 reversals=0 covariance=1 finite=1 gnss_age_us=4294967295 tof_age_us=4294967295 obs=1
BNO_TS ACCEL events=0 unique=0 exact=1 overflow=0 dup=0 reverse=0 rollover=0 sensor_dt_us=0/0.00/0 rx_dt_us=0/0.00/0 pair_first=0/0 pair_last=0/0
BNO_TS GYRO events=0 unique=0 exact=1 overflow=0 dup=0 reverse=0 rollover=0 sensor_dt_us=0/0.00/0 rx_dt_us=0/0.00/0 pair_first=0/0 pair_last=0/0
BNO_TS MAG events=10 unique=1 exact=1 overflow=0 dup=9 reverse=0 rollover=0 sensor_dt_us=0/0.00/0 rx_dt_us=48562/50040.67/51345 pair_first=4294966396/20219038 pair_last=4294966396/20669404
BNO_VEC ACCEL_SENSOR_AND_ESKF_INPUT events=0 nonfinite=0
BNO_VEC GYRO_SENSOR_AND_ESKF_INPUT events=0 nonfinite=0
BNO_VEC MAG_SENSOR events=10 nonfinite=0 xyz_mean_sd=[6.331250,0.432155][-20.187500,0.448957][22.537500,0.661556] xyz_minmax=[5.750000,7.000000][-20.812500,-19.312500][21.500000,23.562500] norm_mean_sd_minmax=30.922212/0.448971/30.192352/31.786766
LINK queue/drop/high=0/0/3 tof=486
TXDIAG frames_s=70000 bytes_s=9136000 total_frames=70 total_bytes=9136 queue=0 high=3 drops=0 bno_drop=0 partial=0 zero=0 write_calls=1042 max_write_us=0 free_heap=166976 min_free_heap=166976 usage_pct=9913.19
BNO_TX kind=1 event=0 req=0 enq=0 drop=0 done=0 bytes=0
BNO_REPORT kind=1 report_id=0 interval_us=0 requested_hz=0.000 enable_ok=0 enable_fail=0 callback=0 switch=0 kind_convert=0 events=0 tx_req=0 tx_enq=0 tx_done=0 tx_drop=0 event_drop=0 reset_reconfig=0 effective_hz=0.000
BNO_TX kind=2 event=0 req=0 enq=0 drop=0 done=0 bytes=0
BNO_REPORT kind=2 report_id=0 interval_us=0 requested_hz=0.000 enable_ok=0 enable_fail=0 callback=0 switch=0 kind_convert=0 events=0 tx_req=0 tx_enq=0 tx_done=0 tx_drop=0 event_drop=0 reset_reconfig=0 effective_hz=0.000
BNO_TX kind=3 event=0 req=0 enq=0 drop=0 done=0 bytes=0
BNO_REPORT kind=3 report_id=0 interval_us=0 requested_hz=0.000 enable_ok=0 enable_fail=0 callback=0 switch=0 kind_convert=0 events=0 tx_req=0 tx_enq=0 tx_done=0 tx_drop=0 event_drop=0 reset_reconfig=0 effective_hz=0.000
BNO_TX kind=4 event=10 req=10 enq=10 drop=0 done=10 bytes=840
BNO_REPORT kind=4 report_id=3 interval_us=50000 requested_hz=20.000 enable_ok=2 enable_fail=0 callback=10 switch=10 kind_convert=10 events=10 tx_req=10 tx_enq=10 tx_done=10 tx_drop=0 event_drop=0 reset_reconfig=1 effective_hz=19.984
BNO_TX kind=5 event=0 req=0 enq=0 drop=0 done=0 bytes=0
BNO_REPORT kind=5 report_id=0 interval_us=0 requested_hz=0.000 enable_ok=0 enable_fail=0 callback=0 switch=0 kind_convert=0 events=0 tx_req=0 tx_enq=0 tx_done=0 tx_drop=0 event_drop=0 reset_reconfig=0 effective_hz=0.000
DIAG state=FAULT dry=1 bno_ready=1 addr=0x4A init/reinit/poll=0/0/61 event A/G/M=0/0/30 age_rx_us=4294967295/4294967295/46954
IMU cand/pair/call/ok=0/0/0/0 reject=0 dup/order/stale/dt/nonfinite/norm/queue=0/0/0/0/0/0/0 last_ok_age_us=4294967295 dt_us=0 align_samples=0 align_elapsed_us=0
HEALTH state=0 health=0 reason=imu_stale mount=0 imu_age_us=4294967295 imu_gaps=0 reversals=0 covariance=1 finite=1 gnss_age_us=4294967295 tof_age_us=4294967295 obs=1
BNO_TS ACCEL events=0 unique=0 exact=1 overflow=0 dup=0 reverse=0 rollover=0 sensor_dt_us=0/0.00/0 rx_dt_us=0/0.00/0 pair_first=0/0 pair_last=0/0
BNO_TS GYRO events=0 unique=0 exact=1 overflow=0 dup=0 reverse=0 rollover=0 sensor_dt_us=0/0.00/0 rx_dt_us=0/0.00/0 pair_first=0/0 pair_last=0/0
BNO_TS MAG events=30 unique=2 exact=1 overflow=0 dup=27 reverse=1 rollover=0 sensor_dt_us=-100/0.00/100 rx_dt_us=48562/49964.90/51345 pair_first=4294966396/20219038 pair_last=4294966396/21668020
BNO_VEC ACCEL_SENSOR_AND_ESKF_INPUT events=0 nonfinite=0
BNO_VEC GYRO_SENSOR_AND_ESKF_INPUT events=0 nonfinite=0
BNO_VEC MAG_SENSOR events=30 nonfinite=0 xyz_mean_sd=[6.370833,0.524636][-20.191667,0.563872][22.614583,0.669865] xyz_minmax=[5.375000,7.687500][-21.625000,-19.250000][21.437500,23.625000] norm_mean_sd_minmax=30.988978/0.659890/29.615108/32.797256
LINK queue/drop/high=1/0/3 tof=517
TXDIAG frames_s=138 bytes_s=18238 total_frames=210 total_bytes=27520 queue=0 high=3 drops=0 bno_drop=0 partial=0 zero=0 write_calls=3357 max_write_us=0 free_heap=166976 min_free_heap=166976 usage_pct=19.79
BNO_TX kind=1 event=0 req=0 enq=0 drop=0 done=0 bytes=0
BNO_REPORT kind=1 report_id=0 interval_us=0 requested_hz=0.000 enable_ok=0 enable_fail=0 callback=0 switch=0 kind_convert=0 events=0 tx_req=0 tx_enq=0 tx_done=0 tx_drop=0 event_drop=0 reset_reconfig=0 effective_hz=0.000
BNO_TX kind=2 event=0 req=0 enq=0 drop=0 done=0 bytes=0
BNO_REPORT kind=2 report_id=0 interval_us=0 requested_hz=0.000 enable_ok=0 enable_fail=0 callback=0 switch=0 kind_convert=0 events=0 tx_req=0 tx_enq=0 tx_done=0 tx_drop=0 event_drop=0 reset_reconfig=0 effective_hz=0.000
BNO_TX kind=3 event=0 req=0 enq=0 drop=0 done=0 bytes=0
BNO_REPORT kind=3 report_id=0 interval_us=0 requested_hz=0.000 enable_ok=0 enable_fail=0 callback=0 switch=0 kind_convert=0 events=0 tx_req=0 tx_enq=0 tx_done=0 tx_drop=0 event_drop=0 reset_reconfig=0 effective_hz=0.000
BNO_TX kind=4 event=30 req=30 enq=30 drop=0 done=30 bytes=2520
BNO_REPORT kind=4 report_id=3 interval_us=50000 requested_hz=20.000 enable_ok=2 enable_fail=0 callback=31 switch=31 kind_convert=31 events=31 tx_req=30 tx_enq=30 tx_done=30 tx_drop=0 event_drop=0 reset_reconfig=1 effective_hz=19.998
BNO_TX kind=5 event=0 req=0 enq=0 drop=0 done=0 bytes=0
BNO_REPORT kind=5 report_id=0 interval_us=0 requested_hz=0.000 enable_ok=0 enable_fail=0 callback=0 switch=0 kind_convert=0 events=0 tx_req=0 tx_enq=0 tx_done=0 tx_drop=0 event_drop=0 reset_reconfig=0 effective_hz=0.000
DIAG state=FAULT dry=1 bno_ready=1 addr=0x4A init/reinit/poll=0/0/101 event A/G/M=0/0/50 age_rx_us=4294967295/4294967295/47931
IMU cand/pair/call/ok=0/0/0/0 reject=0 dup/order/stale/dt/nonfinite/norm/queue=0/0/0/0/0/0/0 last_ok_age_us=4294967295 dt_us=0 align_samples=0 align_elapsed_us=0
HEALTH state=0 health=0 reason=imu_stale mount=0 imu_age_us=4294967295 imu_gaps=0 reversals=0 covariance=1 finite=1 gnss_age_us=4294967295 tof_age_us=4294967295 obs=1
BNO_TS ACCEL events=0 unique=0 exact=1 overflow=0 dup=0 reverse=0 rollover=0 sensor_dt_us=0/0.00/0 rx_dt_us=0/0.00/0 pair_first=0/0 pair_last=0/0
BNO_TS GYRO events=0 unique=0 exact=1 overflow=0 dup=0 reverse=0 rollover=0 sensor_dt_us=0/0.00/0 rx_dt_us=0/0.00/0 pair_first=0/0 pair_last=0/0
BNO_TS MAG events=50 unique=2 exact=1 overflow=0 dup=47 reverse=1 rollover=0 sensor_dt_us=-100/0.00/100 rx_dt_us=48562/49966.69/51345 pair_first=4294966396/20219038 pair_last=4294966396/22667406
BNO_VEC ACCEL_SENSOR_AND_ESKF_INPUT events=0 nonfinite=0
BNO_VEC GYRO_SENSOR_AND_ESKF_INPUT events=0 nonfinite=0
BNO_VEC MAG_SENSOR events=50 nonfinite=0 xyz_mean_sd=[6.375000,0.631219][-20.147500,0.569644][22.651250,0.600532] xyz_minmax=[4.750000,8.062500][-21.625000,-18.875000][21.437500,23.625000] norm_mean_sd_minmax=30.989453/0.615512/29.615108/32.797256
LINK queue/drop/high=1/0/3 tof=547
TXDIAG frames_s=141 bytes_s=18449 total_frames=352 total_bytes=45988 queue=0 high=3 drops=0 bno_drop=0 partial=0 zero=0 write_calls=5599 max_write_us=0 free_heap=166976 min_free_heap=166976 usage_pct=20.02
BNO_TX kind=1 event=0 req=0 enq=0 drop=0 done=0 bytes=0
BNO_REPORT kind=1 report_id=0 interval_us=0 requested_hz=0.000 enable_ok=0 enable_fail=0 callback=0 switch=0 kind_convert=0 events=0 tx_req=0 tx_enq=0 tx_done=0 tx_drop=0 event_drop=0 reset_reconfig=0 effective_hz=0.000
BNO_TX kind=2 event=0 req=0 enq=0 drop=0 done=0 bytes=0
BNO_REPORT kind=2 report_id=0 interval_us=0 requested_hz=0.000 enable_ok=0 enable_fail=0 callback=0 switch=0 kind_convert=0 events=0 tx_req=0 tx_enq=0 tx_done=0 tx_drop=0 event_drop=0 reset_reconfig=0 effective_hz=0.000
BNO_TX kind=3 event=0 req=0 enq=0 drop=0 done=0 bytes=0
BNO_REPORT kind=3 report_id=0 interval_us=0 requested_hz=0.000 enable_ok=0 enable_fail=0 callback=0 switch=0 kind_convert=0 events=0 tx_req=0 tx_enq=0 tx_done=0 tx_drop=0 event_drop=0 reset_reconfig=0 effective_hz=0.000
BNO_TX kind=4 event=51 req=51 enq=51 drop=0 done=51 bytes=4284
BNO_REPORT kind=4 report_id=3 interval_us=50000 requested_hz=20.000 enable_ok=2 enable_fail=0 callback=51 switch=51 kind_convert=51 events=51 tx_req=51 tx_enq=51 tx_done=51 tx_drop=0 event_drop=0 reset_reconfig=1 effective_hz=20.007
BNO_TX kind=5 event=0 req=0 enq=0 drop=0 done=0 bytes=0
BNO_REPORT kind=5 report_id=0 interval_us=0 requested_hz=0.000 enable_ok=0 enable_fail=0 callback=0 switch=0 kind_convert=0 events=0 tx_req=0 tx_enq=0 tx_done=0 tx_drop=0 event_drop=0 reset_reconfig=0 effective_hz=0.000
DIAG state=FAULT dry=1 bno_ready=1 addr=0x4A init/reinit/poll=0/0/142 event A/G/M=0/0/71 age_rx_us=4294967295/4294967295/7298
IMU cand/pair/call/ok=0/0/0/0 reject=0 dup/order/stale/dt/nonfinite/norm/queue=0/0/0/0/0/0/0 last_ok_age_us=4294967295 dt_us=0 align_samples=0 align_elapsed_us=0
HEALTH state=0 health=0 reason=imu_stale mount=0 imu_age_us=4294967295 imu_gaps=0 reversals=0 covariance=1 finite=1 gnss_age_us=4294967295 tof_age_us=4294967295 obs=1
BNO_TS ACCEL events=0 unique=0 exact=1 overflow=0 dup=0 reverse=0 rollover=0 sensor_dt_us=0/0.00/0 rx_dt_us=0/0.00/0 pair_first=0/0 pair_last=0/0
BNO_TS GYRO events=0 unique=0 exact=1 overflow=0 dup=0 reverse=0 rollover=0 sensor_dt_us=0/0.00/0 rx_dt_us=0/0.00/0 pair_first=0/0 pair_last=0/0
BNO_TS MAG events=71 unique=2 exact=1 overflow=0 dup=66 reverse=2 rollover=0 sensor_dt_us=-100/0.00/100 rx_dt_us=48562/49968.49/51345 pair_first=4294966396/20219038 pair_last=4294966396/23716832
BNO_VEC ACCEL_SENSOR_AND_ESKF_INPUT events=0 nonfinite=0
BNO_VEC GYRO_SENSOR_AND_ESKF_INPUT events=0 nonfinite=0
BNO_VEC MAG_SENSOR events=71 nonfinite=0 xyz_mean_sd=[6.427817,0.600822][-20.098592,0.591409][22.703345,0.669270] xyz_minmax=[4.750000,8.062500][-21.625000,-18.500000][20.687500,24.437500] norm_mean_sd_minmax=31.008103/0.606871/29.615108/32.797256
LINK queue/drop/high=1/0/3 tof=578
TXDIAG frames_s=139 bytes_s=18320 total_frames=493 total_bytes=64492 queue=0 high=3 drops=0 bno_drop=0 partial=0 zero=0 write_calls=7924 max_write_us=0 free_heap=166976 min_free_heap=166976 usage_pct=19.88
BNO_TX kind=1 event=0 req=0 enq=0 drop=0 done=0 bytes=0
BNO_REPORT kind=1 report_id=0 interval_us=0 requested_hz=0.000 enable_ok=0 enable_fail=0 callback=0 switch=0 kind_convert=0 events=0 tx_req=0 tx_enq=0 tx_done=0 tx_drop=0 event_drop=0 reset_reconfig=0 effective_hz=0.000
BNO_TX kind=2 event=0 req=0 enq=0 drop=0 done=0 bytes=0
BNO_REPORT kind=2 report_id=0 interval_us=0 requested_hz=0.000 enable_ok=0 enable_fail=0 callback=0 switch=0 kind_convert=0 events=0 tx_req=0 tx_enq=0 tx_done=0 tx_drop=0 event_drop=0 reset_reconfig=0 effective_hz=0.000
BNO_TX kind=3 event=0 req=0 enq=0 drop=0 done=0 bytes=0
BNO_REPORT kind=3 report_id=0 interval_us=0 requested_hz=0.000 enable_ok=0 enable_fail=0 callback=0 switch=0 kind_convert=0 events=0 tx_req=0 tx_enq=0 tx_done=0 tx_drop=0 event_drop=0 reset_reconfig=0 effective_hz=0.000
BNO_TX kind=4 event=71 req=71 enq=71 drop=0 done=71 bytes=5964
BNO_REPORT kind=4 report_id=3 interval_us=50000 requested_hz=20.000 enable_ok=2 enable_fail=0 callback=71 switch=71 kind_convert=71 events=71 tx_req=71 tx_enq=71 tx_done=71 tx_drop=0 event_drop=0 reset_reconfig=1 effective_hz=20.013
BNO_TX kind=5 event=0 req=0 enq=0 drop=0 done=0 bytes=0
BNO_REPORT kind=5 report_id=0 interval_us=0 requested_hz=0.000 enable_ok=0 enable_fail=0 callback=0 switch=0 kind_convert=0 events=0 tx_req=0 tx_enq=0 tx_done=0 tx_drop=0 event_drop=0 reset_reconfig=0 effective_hz=0.000
DIAG state=FAULT dry=1 bno_ready=1 addr=0x4A init/reinit/poll=0/0/182 event A/G/M=0/0/91 age_rx_us=4294967295/4294967295/7142
IMU cand/pair/call/ok=0/0/0/0 reject=0 dup/order/stale/dt/nonfinite/norm/queue=0/0/0/0/0/0/0 last_ok_age_us=4294967295 dt_us=0 align_samples=0 align_elapsed_us=0
HEALTH state=0 health=0 reason=imu_stale mount=0 imu_age_us=4294967295 imu_gaps=0 reversals=0 covariance=1 finite=1 gnss_age_us=4294967295 tof_age_us=4294967295 obs=1
BNO_TS ACCEL events=0 unique=0 exact=1 overflow=0 dup=0 reverse=0 rollover=0 sensor_dt_us=0/0.00/0 rx_dt_us=0/0.00/0 pair_first=0/0 pair_last=0/0
BNO_TS GYRO events=0 unique=0 exact=1 overflow=0 dup=0 reverse=0 rollover=0 sensor_dt_us=0/0.00/0 rx_dt_us=0/0.00/0 pair_first=0/0 pair_last=0/0
BNO_TS MAG events=91 unique=2 exact=1 overflow=0 dup=84 reverse=3 rollover=0 sensor_dt_us=-100/0.00/100 rx_dt_us=48562/49979.54/51345 pair_first=4294966396/20219038 pair_last=4294966396/24717197
BNO_VEC ACCEL_SENSOR_AND_ESKF_INPUT events=0 nonfinite=0
BNO_VEC GYRO_SENSOR_AND_ESKF_INPUT events=0 nonfinite=0
BNO_VEC MAG_SENSOR events=91 nonfinite=0 xyz_mean_sd=[6.462912,0.663380][-20.049451,0.647700][22.702610,0.685614] xyz_minmax=[4.750000,8.062500][-21.625000,-18.437500][20.687500,24.437500] norm_mean_sd_minmax=30.985087/0.642047/29.615108/32.797256
LINK queue/drop/high=0/0/3 tof=608
TXDIAG frames_s=142 bytes_s=18503 total_frames=635 total_bytes=82940 queue=0 high=3 drops=0 bno_drop=0 partial=0 zero=0 write_calls=10347 max_write_us=0 free_heap=166976 min_free_heap=166976 usage_pct=20.08
BNO_TX kind=1 event=0 req=0 enq=0 drop=0 done=0 bytes=0
BNO_REPORT kind=1 report_id=0 interval_us=0 requested_hz=0.000 enable_ok=0 enable_fail=0 callback=0 switch=0 kind_convert=0 events=0 tx_req=0 tx_enq=0 tx_done=0 tx_drop=0 event_drop=0 reset_reconfig=0 effective_hz=0.000
BNO_TX kind=2 event=0 req=0 enq=0 drop=0 done=0 bytes=0
BNO_REPORT kind=2 report_id=0 interval_us=0 requested_hz=0.000 enable_ok=0 enable_fail=0 callback=0 switch=0 kind_convert=0 events=0 tx_req=0 tx_enq=0 tx_done=0 tx_drop=0 event_drop=0 reset_reconfig=0 effective_hz=0.000
BNO_TX kind=3 event=0 req=0 enq=0 drop=0 done=0 bytes=0
BNO_REPORT kind=3 report_id=0 interval_us=0 requested_hz=0.000 enable_ok=0 enable_fail=0 callback=0 switch=0 kind_convert=0 events=0 tx_req=0 tx_enq=0 tx_done=0 tx_drop=0 event_drop=0 reset_reconfig=0 effective_hz=0.000
BNO_TX kind=4 event=91 req=91 enq=91 drop=0 done=91 bytes=7644
BNO_REPORT kind=4 report_id=3 interval_us=50000 requested_hz=20.000 enable_ok=2 enable_fail=0 callback=91 switch=91 kind_convert=91 events=91 tx_req=91 tx_enq=91 tx_done=91 tx_drop=0 event_drop=0 reset_reconfig=1 effective_hz=20.008
BNO_TX kind=5 event=0 req=0 enq=0 drop=0 done=0 bytes=0
BNO_REPORT kind=5 report_id=0 interval_us=0 requested_hz=0.000 enable_ok=0 enable_fail=0 callback=0 switch=0 kind_convert=0 events=0 tx_req=0 tx_enq=0 tx_done=0 tx_drop=0 event_drop=0 reset_reconfig=0 effective_hz=0.000
DIAG state=FAULT dry=1 bno_ready=1 addr=0x4A init/reinit/poll=0/0/222 event A/G/M=0/0/111 age_rx_us=4294967295/4294967295/16616
IMU cand/pair/call/ok=0/0/0/0 reject=0 dup/order/stale/dt/nonfinite/norm/queue=0/0/0/0/0/0/0 last_ok_age_us=4294967295 dt_us=0 align_samples=0 align_elapsed_us=0
HEALTH state=0 health=0 reason=imu_stale mount=0 imu_age_us=4294967295 imu_gaps=0 reversals=0 covariance=1 finite=1 gnss_age_us=4294967295 tof_age_us=4294967295 obs=1
BNO_TS ACCEL events=0 unique=0 exact=1 overflow=0 dup=0 reverse=0 rollover=0 sensor_dt_us=0/0.00/0 rx_dt_us=0/0.00/0 pair_first=0/0 pair_last=0/0
BNO_TS GYRO events=0 unique=0 exact=1 overflow=0 dup=0 reverse=0 rollover=0 sensor_dt_us=0/0.00/0 rx_dt_us=0/0.00/0 pair_first=0/0 pair_last=0/0
BNO_TS MAG events=111 unique=3 exact=1 overflow=0 dup=99 reverse=6 rollover=0 sensor_dt_us=-200/-0.91/200 rx_dt_us=48562/49975.79/51345 pair_first=4294966396/20219038 pair_last=4294966296/25716375
BNO_VEC ACCEL_SENSOR_AND_ESKF_INPUT events=0 nonfinite=0
BNO_VEC GYRO_SENSOR_AND_ESKF_INPUT events=0 nonfinite=0
BNO_VEC MAG_SENSOR events=111 nonfinite=0 xyz_mean_sd=[6.499437,0.658425][-19.996059,0.672637][22.679054,0.661091] xyz_minmax=[4.750000,8.062500][-21.625000,-18.062500][20.687500,24.437500] norm_mean_sd_minmax=30.940804/0.643573/29.292837/32.797256
LINK queue/drop/high=1/0/3 tof=639
TXDIAG frames_s=139 bytes_s=18318 total_frames=776 total_bytes=101460 queue=0 high=3 drops=0 bno_drop=0 partial=0 zero=0 write_calls=12727 max_write_us=0 free_heap=166976 min_free_heap=166976 usage_pct=19.88
BNO_TX kind=1 event=0 req=0 enq=0 drop=0 done=0 bytes=0
BNO_REPORT kind=1 report_id=0 interval_us=0 requested_hz=0.000 enable_ok=0 enable_fail=0 callback=0 switch=0 kind_convert=0 events=0 tx_req=0 tx_enq=0 tx_done=0 tx_drop=0 event_drop=0 reset_reconfig=0 effective_hz=0.000
BNO_TX kind=2 event=0 req=0 enq=0 drop=0 done=0 bytes=0
BNO_REPORT kind=2 report_id=0 interval_us=0 requested_hz=0.000 enable_ok=0 enable_fail=0 callback=0 switch=0 kind_convert=0 events=0 tx_req=0 tx_enq=0 tx_done=0 tx_drop=0 event_drop=0 reset_reconfig=0 effective_hz=0.000
BNO_TX kind=3 event=0 req=0 enq=0 drop=0 done=0 bytes=0
BNO_REPORT kind=3 report_id=0 interval_us=0 requested_hz=0.000 enable_ok=0 enable_fail=0 callback=0 switch=0 kind_convert=0 events=0 tx_req=0 tx_enq=0 tx_done=0 tx_drop=0 event_drop=0 reset_reconfig=0 effective_hz=0.000
BNO_TX kind=4 event=111 req=111 enq=111 drop=0 done=111 bytes=9324
BNO_REPORT kind=4 report_id=3 interval_us=50000 requested_hz=20.000 enable_ok=2 enable_fail=0 callback=111 switch=111 kind_convert=111 events=111 tx_req=111 tx_enq=111 tx_done=111 tx_drop=0 event_drop=0 reset_reconfig=1 effective_hz=20.010
BNO_TX kind=5 event=0 req=0 enq=0 drop=0 done=0 bytes=0
BNO_REPORT kind=5 report_id=0 interval_us=0 requested_hz=0.000 enable_ok=0 enable_fail=0 callback=0 switch=0 kind_convert=0 events=0 tx_req=0 tx_enq=0 tx_done=0 tx_drop=0 event_drop=0 reset_reconfig=0 effective_hz=0.000
DIAG state=FAULT dry=1 bno_ready=1 addr=0x4A init/reinit/poll=0/0/262 event A/G/M=0/0/131 age_rx_us=4294967295/4294967295/17428
IMU cand/pair/call/ok=0/0/0/0 reject=0 dup/order/stale/dt/nonfinite/norm/queue=0/0/0/0/0/0/0 last_ok_age_us=4294967295 dt_us=0 align_samples=0 align_elapsed_us=0
HEALTH state=0 health=0 reason=imu_stale mount=0 imu_age_us=4294967295 imu_gaps=0 reversals=0 covariance=1 finite=1 gnss_age_us=4294967295 tof_age_us=4294967295 obs=1
BNO_TS ACCEL events=0 unique=0 exact=1 overflow=0 dup=0 reverse=0 rollover=0 sensor_dt_us=0/0.00/0 rx_dt_us=0/0.00/0 pair_first=0/0 pair_last=0/0
BNO_TS GYRO events=0 unique=0 exact=1 overflow=0 dup=0 reverse=0 rollover=0 sensor_dt_us=0/0.00/0 rx_dt_us=0/0.00/0 pair_first=0/0 pair_last=0/0
BNO_TS MAG events=131 unique=3 exact=1 overflow=0 dup=118 reverse=6 rollover=0 sensor_dt_us=-200/0.00/200 rx_dt_us=48562/49968.51/51345 pair_first=4294966396/20219038 pair_last=4294966396/26714944
BNO_VEC ACCEL_SENSOR_AND_ESKF_INPUT events=0 nonfinite=0
BNO_VEC GYRO_SENSOR_AND_ESKF_INPUT events=0 nonfinite=0
BNO_VEC MAG_SENSOR events=131 nonfinite=0 xyz_mean_sd=[6.507156,0.643785][-19.976145,0.671170][22.658874,0.671605] xyz_minmax=[4.750000,8.062500][-21.625000,-18.062500][20.687500,24.437500] norm_mean_sd_minmax=30.914337/0.658597/29.292837/32.797256
LINK queue/drop/high=0/0/3 tof=669
TXDIAG frames_s=139 bytes_s=18112 total_frames=915 total_bytes=119572 queue=0 high=3 drops=0 bno_drop=0 partial=0 zero=0 write_calls=15061 max_write_us=0 free_heap=166976 min_free_heap=166976 usage_pct=19.65
BNO_TX kind=1 event=0 req=0 enq=0 drop=0 done=0 bytes=0
BNO_REPORT kind=1 report_id=0 interval_us=0 requested_hz=0.000 enable_ok=0 enable_fail=0 callback=0 switch=0 kind_convert=0 events=0 tx_req=0 tx_enq=0 tx_done=0 tx_drop=0 event_drop=0 reset_reconfig=0 effective_hz=0.000
BNO_TX kind=2 event=0 req=0 enq=0 drop=0 done=0 bytes=0
BNO_REPORT kind=2 report_id=0 interval_us=0 requested_hz=0.000 enable_ok=0 enable_fail=0 callback=0 switch=0 kind_convert=0 events=0 tx_req=0 tx_enq=0 tx_done=0 tx_drop=0 event_drop=0 reset_reconfig=0 effective_hz=0.000
BNO_TX kind=3 event=0 req=0 enq=0 drop=0 done=0 bytes=0
BNO_REPORT kind=3 report_id=0 interval_us=0 requested_hz=0.000 enable_ok=0 enable_fail=0 callback=0 switch=0 kind_convert=0 events=0 tx_req=0 tx_enq=0 tx_done=0 tx_drop=0 event_drop=0 reset_reconfig=0 effective_hz=0.000
BNO_TX kind=4 event=131 req=131 enq=131 drop=0 done=131 bytes=11004
BNO_REPORT kind=4 report_id=3 interval_us=50000 requested_hz=20.000 enable_ok=2 enable_fail=0 callback=131 switch=131 kind_convert=131 events=131 tx_req=131 tx_enq=131 tx_done=131 tx_drop=0 event_drop=0 reset_reconfig=1 effective_hz=20.013
BNO_TX kind=5 event=0 req=0 enq=0 drop=0 done=0 bytes=0
BNO_REPORT kind=5 report_id=0 interval_us=0 requested_hz=0.000 enable_ok=0 enable_fail=0 callback=0 switch=0 kind_convert=0 events=0 tx_req=0 tx_enq=0 tx_done=0 tx_drop=0 event_drop=0 reset_reconfig=0 effective_hz=0.000
DIAG state=FAULT dry=1 bno_ready=1 addr=0x4A init/reinit/poll=0/0/302 event A/G/M=0/0/151 age_rx_us=4294967295/4294967295/26754
IMU cand/pair/call/ok=0/0/0/0 reject=0 dup/order/stale/dt/nonfinite/norm/queue=0/0/0/0/0/0/0 last_ok_age_us=4294967295 dt_us=0 align_samples=0 align_elapsed_us=0
HEALTH state=0 health=0 reason=imu_stale mount=0 imu_age_us=4294967295 imu_gaps=0 reversals=0 covariance=1 finite=1 gnss_age_us=4294967295 tof_age_us=4294967295 obs=1
BNO_TS ACCEL events=0 unique=0 exact=1 overflow=0 dup=0 reverse=0 rollover=0 sensor_dt_us=0/0.00/0 rx_dt_us=0/0.00/0 pair_first=0/0 pair_last=0/0
BNO_TS GYRO events=0 unique=0 exact=1 overflow=0 dup=0 reverse=0 rollover=0 sensor_dt_us=0/0.00/0 rx_dt_us=0/0.00/0 pair_first=0/0 pair_last=0/0
BNO_TS MAG events=151 unique=3 exact=1 overflow=0 dup=130 reverse=10 rollover=0 sensor_dt_us=-200/0.00/200 rx_dt_us=48562/49974.69/51345 pair_first=4294966396/20219038 pair_last=4294966396/27715241
BNO_VEC ACCEL_SENSOR_AND_ESKF_INPUT events=0 nonfinite=0
BNO_VEC GYRO_SENSOR_AND_ESKF_INPUT events=0 nonfinite=0
BNO_VEC MAG_SENSOR events=151 nonfinite=0 xyz_mean_sd=[6.530215,0.681998][-20.038907,0.751163][22.621275,0.679047] xyz_minmax=[4.750000,8.312500][-22.750000,-18.062500][20.687500,24.437500] norm_mean_sd_minmax=30.933932/0.711260/29.168556/32.797256
LINK queue/drop/high=1/0/3 tof=700
TXDIAG frames_s=139 bytes_s=18373 total_frames=1056 total_bytes=138092 queue=0 high=3 drops=0 bno_drop=0 partial=0 zero=0 write_calls=17408 max_write_us=0 free_heap=166976 min_free_heap=166976 usage_pct=19.94
BNO_TX kind=1 event=0 req=0 enq=0 drop=0 done=0 bytes=0
BNO_REPORT kind=1 report_id=0 interval_us=0 requested_hz=0.000 enable_ok=0 enable_fail=0 callback=0 switch=0 kind_convert=0 events=0 tx_req=0 tx_enq=0 tx_done=0 tx_drop=0 event_drop=0 reset_reconfig=0 effective_hz=0.000
BNO_TX kind=2 event=0 req=0 enq=0 drop=0 done=0 bytes=0
BNO_REPORT kind=2 report_id=0 interval_us=0 requested_hz=0.000 enable_ok=0 enable_fail=0 callback=0 switch=0 kind_convert=0 events=0 tx_req=0 tx_enq=0 tx_done=0 tx_drop=0 event_drop=0 reset_reconfig=0 effective_hz=0.000
BNO_TX kind=3 event=0 req=0 enq=0 drop=0 done=0 bytes=0
BNO_REPORT kind=3 report_id=0 interval_us=0 requested_hz=0.000 enable_ok=0 enable_fail=0 callback=0 switch=0 kind_convert=0 events=0 tx_req=0 tx_enq=0 tx_done=0 tx_drop=0 event_drop=0 reset_reconfig=0 effective_hz=0.000
BNO_TX kind=4 event=151 req=151 enq=151 drop=0 done=151 bytes=12684
BNO_REPORT kind=4 report_id=3 interval_us=50000 requested_hz=20.000 enable_ok=2 enable_fail=0 callback=151 switch=151 kind_convert=151 events=151 tx_req=151 tx_enq=151 tx_done=151 tx_drop=0 event_drop=0 reset_reconfig=1 effective_hz=20.010
BNO_TX kind=5 event=0 req=0 enq=0 drop=0 done=0 bytes=0
BNO_REPORT kind=5 report_id=0 interval_us=0 requested_hz=0.000 enable_ok=0 enable_fail=0 callback=0 switch=0 kind_convert=0 events=0 tx_req=0 tx_enq=0 tx_done=0 tx_drop=0 event_drop=0 reset_reconfig=0 effective_hz=0.000
DIAG state=FAULT dry=1 bno_ready=1 addr=0x4A init/reinit/poll=0/0/342 event A/G/M=0/0/171 age_rx_us=4294967295/4294967295/26896
IMU cand/pair/call/ok=0/0/0/0 reject=0 dup/order/stale/dt/nonfinite/norm/queue=0/0/0/0/0/0/0 last_ok_age_us=4294967295 dt_us=0 align_samples=0 align_elapsed_us=0
HEALTH state=0 health=0 reason=imu_stale mount=0 imu_age_us=4294967295 imu_gaps=0 reversals=0 covariance=1 finite=1 gnss_age_us=4294967295 tof_age_us=4294967295 obs=1
BNO_TS ACCEL events=0 unique=0 exact=1 overflow=0 dup=0 reverse=0 rollover=0 sensor_dt_us=0/0.00/0 rx_dt_us=0/0.00/0 pair_first=0/0 pair_last=0/0
BNO_TS GYRO events=0 unique=0 exact=1 overflow=0 dup=0 reverse=0 rollover=0 sensor_dt_us=0/0.00/0 rx_dt_us=0/0.00/0 pair_first=0/0 pair_last=0/0
BNO_TS MAG events=171 unique=3 exact=1 overflow=0 dup=147 reverse=12 rollover=0 sensor_dt_us=-200/0.00/300 rx_dt_us=48526/49973.29/51496 pair_first=4294966396/20219038 pair_last=4294966396/28714498
BNO_VEC ACCEL_SENSOR_AND_ESKF_INPUT events=0 nonfinite=0
BNO_VEC GYRO_SENSOR_AND_ESKF_INPUT events=0 nonfinite=0
BNO_VEC MAG_SENSOR events=171 nonfinite=0 xyz_mean_sd=[6.519371,0.677047][-20.084795,0.755602][22.543129,0.695914] xyz_minmax=[4.750000,8.312500][-22.750000,-18.062500][20.687500,24.437500] norm_mean_sd_minmax=30.904679/0.712939/29.168556/32.797256
LINK queue/drop/high=0/0/3 tof=730
TXDIAG frames_s=140 bytes_s=18349 total_frames=1197 total_bytes=156460 queue=0 high=3 drops=0 bno_drop=0 partial=0 zero=0 write_calls=20018 max_write_us=0 free_heap=166976 min_free_heap=166976 usage_pct=19.91
BNO_TX kind=1 event=0 req=0 enq=0 drop=0 done=0 bytes=0
BNO_REPORT kind=1 report_id=0 interval_us=0 requested_hz=0.000 enable_ok=0 enable_fail=0 callback=0 switch=0 kind_convert=0 events=0 tx_req=0 tx_enq=0 tx_done=0 tx_drop=0 event_drop=0 reset_reconfig=0 effective_hz=0.000
BNO_TX kind=2 event=0 req=0 enq=0 drop=0 done=0 bytes=0
BNO_REPORT kind=2 report_id=0 interval_us=0 requested_hz=0.000 enable_ok=0 enable_fail=0 callback=0 switch=0 kind_convert=0 events=0 tx_req=0 tx_enq=0 tx_done=0 tx_drop=0 event_drop=0 reset_reconfig=0 effective_hz=0.000
BNO_TX kind=3 event=0 req=0 enq=0 drop=0 done=0 bytes=0
BNO_REPORT kind=3 report_id=0 interval_us=0 requested_hz=0.000 enable_ok=0 enable_fail=0 callback=0 switch=0 kind_convert=0 events=0 tx_req=0 tx_enq=0 tx_done=0 tx_drop=0 event_drop=0 reset_reconfig=0 effective_hz=0.000
BNO_TX kind=4 event=171 req=171 enq=171 drop=0 done=171 bytes=14364
BNO_REPORT kind=4 report_id=3 interval_us=50000 requested_hz=20.000 enable_ok=2 enable_fail=0 callback=171 switch=171 kind_convert=171 events=171 tx_req=171 tx_enq=171 tx_done=171 tx_drop=0 event_drop=0 reset_reconfig=1 effective_hz=20.011
BNO_TX kind=5 event=0 req=0 enq=0 drop=0 done=0 bytes=0
BNO_REPORT kind=5 report_id=0 interval_us=0 requested_hz=0.000 enable_ok=0 enable_fail=0 callback=0 switch=0 kind_convert=0 events=0 tx_req=0 tx_enq=0 tx_done=0 tx_drop=0 event_drop=0 reset_reconfig=0 effective_hz=0.000
DIAG state=FAULT dry=1 bno_ready=1 addr=0x4A init/reinit/poll=0/0/382 event A/G/M=0/0/191 age_rx_us=4294967295/4294967295/37803
IMU cand/pair/call/ok=0/0/0/0 reject=0 dup/order/stale/dt/nonfinite/norm/queue=0/0/0/0/0/0/0 last_ok_age_us=4294967295 dt_us=0 align_samples=0 align_elapsed_us=0
HEALTH state=0 health=0 reason=imu_stale mount=0 imu_age_us=4294967295 imu_gaps=0 reversals=0 covariance=1 finite=1 gnss_age_us=4294967295 tof_age_us=4294967295 obs=1
BNO_TS ACCEL events=0 unique=0 exact=1 overflow=0 dup=0 reverse=0 rollover=0 sensor_dt_us=0/0.00/0 rx_dt_us=0/0.00/0 pair_first=0/0 pair_last=0/0
BNO_TS GYRO events=0 unique=0 exact=1 overflow=0 dup=0 reverse=0 rollover=0 sensor_dt_us=0/0.00/0 rx_dt_us=0/0.00/0 pair_first=0/0 pair_last=0/0
BNO_TS MAG events=191 unique=3 exact=1 overflow=0 dup=165 reverse=13 rollover=0 sensor_dt_us=-200/0.00/300 rx_dt_us=48526/49969.08/51496 pair_first=4294966396/20219038 pair_last=4294966396/29713163
BNO_VEC ACCEL_SENSOR_AND_ESKF_INPUT events=0 nonfinite=0
BNO_VEC GYRO_SENSOR_AND_ESKF_INPUT events=0 nonfinite=0
BNO_VEC MAG_SENSOR events=191 nonfinite=0 xyz_mean_sd=[6.517997,0.658046][-20.082134,0.736700][22.480694,0.728094] xyz_minmax=[4.750000,8.312500][-22.750000,-18.062500][20.687500,24.437500] norm_mean_sd_minmax=30.856946/0.716053/29.168556/32.797256
LINK queue/drop/high=1/0/3 tof=761
TXDIAG frames_s=140 bytes_s=18375 total_frames=1338 total_bytes=174964 queue=0 high=3 drops=0 bno_drop=0 partial=0 zero=0 write_calls=22363 max_write_us=0 free_heap=166976 min_free_heap=166976 usage_pct=19.94
BNO_TX kind=1 event=0 req=0 enq=0 drop=0 done=0 bytes=0
BNO_REPORT kind=1 report_id=0 interval_us=0 requested_hz=0.000 enable_ok=0 enable_fail=0 callback=0 switch=0 kind_convert=0 events=0 tx_req=0 tx_enq=0 tx_done=0 tx_drop=0 event_drop=0 reset_reconfig=0 effective_hz=0.000
BNO_TX kind=2 event=0 req=0 enq=0 drop=0 done=0 bytes=0
BNO_REPORT kind=2 report_id=0 interval_us=0 requested_hz=0.000 enable_ok=0 enable_fail=0 callback=0 switch=0 kind_convert=0 events=0 tx_req=0 tx_enq=0 tx_done=0 tx_drop=0 event_drop=0 reset_reconfig=0 effective_hz=0.000
BNO_TX kind=3 event=0 req=0 enq=0 drop=0 done=0 bytes=0
BNO_REPORT kind=3 report_id=0 interval_us=0 requested_hz=0.000 enable_ok=0 enable_fail=0 callback=0 switch=0 kind_convert=0 events=0 tx_req=0 tx_enq=0 tx_done=0 tx_drop=0 event_drop=0 reset_reconfig=0 effective_hz=0.000
BNO_TX kind=4 event=191 req=191 enq=191 drop=0 done=191 bytes=16044
BNO_REPORT kind=4 report_id=3 interval_us=50000 requested_hz=20.000 enable_ok=2 enable_fail=0 callback=191 switch=191 kind_convert=191 events=191 tx_req=191 tx_enq=191 tx_done=191 tx_drop=0 event_drop=0 reset_reconfig=1 effective_hz=20.012
BNO_TX kind=5 event=0 req=0 enq=0 drop=0 done=0 bytes=0
BNO_REPORT kind=5 report_id=0 interval_us=0 requested_hz=0.000 enable_ok=0 enable_fail=0 callback=0 switch=0 kind_convert=0 events=0 tx_req=0 tx_enq=0 tx_done=0 tx_drop=0 event_drop=0 reset_reconfig=0 effective_hz=0.000
P1_STOP_ACK sequence=3372 last_sequence=3371 queued=1
P1_CAPTURE_SEQUENCE first=1971 last=3371 valid=1
TX_CAPTURE_SUPPRESSED count=0
P1_CAPTURE_STATS_STOP
BNO_CAPTURE_REPORT kind=1 report_id=0 interval_us=0 requested_hz=0.000 enable_ok=0 enable_fail=0 callback=0 switch=0 kind_convert=0 events=0 tx_event=0 tx_req=0 tx_enq=0 tx_done=0 tx_drop=0 event_drop=0 reset_reconfig=0 effective_hz=0.000
BNO_CAPTURE_REPORT kind=2 report_id=0 interval_us=0 requested_hz=0.000 enable_ok=0 enable_fail=0 callback=0 switch=0 kind_convert=0 events=0 tx_event=0 tx_req=0 tx_enq=0 tx_done=0 tx_drop=0 event_drop=0 reset_reconfig=0 effective_hz=0.000
BNO_CAPTURE_REPORT kind=3 report_id=0 interval_us=0 requested_hz=0.000 enable_ok=0 enable_fail=0 callback=0 switch=0 kind_convert=0 events=0 tx_event=0 tx_req=0 tx_enq=0 tx_done=0 tx_drop=0 event_drop=0 reset_reconfig=0 effective_hz=0.000
BNO_CAPTURE_REPORT kind=4 report_id=3 interval_us=50000 requested_hz=20.000 enable_ok=2 enable_fail=0 callback=202 switch=202 kind_convert=202 events=202 tx_event=200 tx_req=200 tx_enq=200 tx_done=200 tx_drop=0 event_drop=0 reset_reconfig=1 effective_hz=20.012
BNO_CAPTURE_REPORT kind=5 report_id=0 interval_us=0 requested_hz=0.000 enable_ok=0 enable_fail=0 callback=0 switch=0 kind_convert=0 events=0 tx_event=0 tx_req=0 tx_enq=0 tx_done=0 tx_drop=0 event_drop=0 reset_reconfig=0 effective_hz=0.000
BNO_TS_TRIAL kind=1 events=0 dup=0 reverse=0 sensor_dt_us=0/0.00/0 rx_dt_us=0/0.00/0 first_sensor_rx_us=0/0 last_sensor_rx_us=0/0
BNO_TS_TRIAL kind=2 events=0 dup=0 reverse=0 sensor_dt_us=0/0.00/0 rx_dt_us=0/0.00/0 first_sensor_rx_us=0/0 last_sensor_rx_us=0/0
BNO_TS_TRIAL kind=3 events=0 dup=0 reverse=0 sensor_dt_us=0/0.00/0 rx_dt_us=0/0.00/0 first_sensor_rx_us=0/0 last_sensor_rx_us=0/0
BNO_TS_TRIAL kind=4 events=200 dup=174 reverse=13 sensor_dt_us=-200/0.00/300 rx_dt_us=48526/49972.80/51496 first_sensor_rx_us=4294966396/20219038 last_sensor_rx_us=4294966396/30163626
BNO_TS_TRIAL kind=5 events=0 dup=0 reverse=0 sensor_dt_us=0/0.00/0 rx_dt_us=0/0.00/0 first_sensor_rx_us=0/0 last_sensor_rx_us=0/0
TXTYPE type=5 name=TofFrame req=303 enq=303 done=303 bytes=67872
TXTYPE type=7 name=VescStatus req=318 enq=318 done=318 bytes=27984
TXTYPE type=11 name=TimeSyncReply req=10 enq=10 done=10 bytes=560
TXTYPE type=16 name=GnssProcessResult req=96 enq=96 done=96 bytes=9216
TXTYPE type=20 name=BnoMagnetic req=200 enq=200 done=200 bytes=16800
TXTYPE type=22 name=EstimatedState req=101 enq=101 done=101 bytes=14948
TXTYPE type=32 name=Heartbeat req=101 enq=101 done=101 bytes=4040
TXTYPE type=56 name=EskfState req=200 enq=200 done=200 bytes=36800
TXTYPE type=57 name=EskfInnovation req=26 enq=26 done=26 bytes=1872
TXTYPE type=58 name=EskfHealth req=51 enq=51 done=51 bytes=3672
TX_HISTORY sequence=2048 type=5 flags=0x07 encoded_bytes=224 allocated_us=20759752 enqueue_us=20759843 write_start_us=20760540 write_end_us=20761605
TX_HISTORY sequence=2049 type=20 flags=0x07 encoded_bytes=84 allocated_us=20768787 enqueue_us=20768847 write_start_us=20769551 write_end_us=20769593
TX_HISTORY sequence=2050 type=7 flags=0x07 encoded_bytes=88 allocated_us=20770301 enqueue_us=20770339 write_start_us=20770540 write_end_us=20770567
TX_HISTORY sequence=2051 type=56 flags=0x07 encoded_bytes=184 allocated_us=20783577 enqueue_us=20783656 write_start_us=20784540 write_end_us=20785180
TX_HISTORY sequence=2052 type=5 flags=0x07 encoded_bytes=224 allocated_us=20792777 enqueue_us=20792862 write_start_us=20793535 write_end_us=20794589
TX_HISTORY sequence=2053 type=7 flags=0x07 encoded_bytes=88 allocated_us=20803171 enqueue_us=20803216 write_start_us=20803540 write_end_us=20803572
TX_HISTORY sequence=2054 type=32 flags=0x07 encoded_bytes=40 allocated_us=20817539 enqueue_us=20817572 write_start_us=20817590 write_end_us=20817614
TX_HISTORY sequence=2055 type=20 flags=0x07 encoded_bytes=84 allocated_us=20818787 enqueue_us=20818839 write_start_us=20819548 write_end_us=20819579
TX_HISTORY sequence=2056 type=22 flags=0x07 encoded_bytes=148 allocated_us=20823574 enqueue_us=20823631 write_start_us=20824539 write_end_us=20824786
TX_HISTORY sequence=2057 type=5 flags=0x07 encoded_bytes=224 allocated_us=20825839 enqueue_us=20825919 write_start_us=20826535 write_end_us=20827598
TX_HISTORY sequence=2058 type=56 flags=0x07 encoded_bytes=184 allocated_us=20833578 enqueue_us=20833660 write_start_us=20834597 write_end_us=20835266
TX_HISTORY sequence=2059 type=16 flags=0x07 encoded_bytes=96 allocated_us=20837027 enqueue_us=20837070 write_start_us=20837557 write_end_us=20837582
TX_HISTORY sequence=2060 type=7 flags=0x07 encoded_bytes=88 allocated_us=20840275 enqueue_us=20840324 write_start_us=20840543 write_end_us=20840575
TX_HISTORY sequence=2061 type=58 flags=0x07 encoded_bytes=72 allocated_us=20851590 enqueue_us=20851632 write_start_us=20852538 write_end_us=20852566
TX_HISTORY sequence=2062 type=5 flags=0x07 encoded_bytes=224 allocated_us=20858770 enqueue_us=20858851 write_start_us=20859535 write_end_us=20860599
TX_HISTORY sequence=2063 type=20 flags=0x07 encoded_bytes=84 allocated_us=20868759 enqueue_us=20868818 write_start_us=20869548 write_end_us=20869589
TX_HISTORY sequence=2064 type=7 flags=0x07 encoded_bytes=88 allocated_us=20869245 enqueue_us=20869279 write_start_us=20869616 write_end_us=20870088
TX_HISTORY sequence=2065 type=56 flags=0x07 encoded_bytes=184 allocated_us=20883574 enqueue_us=20883651 write_start_us=20884539 write_end_us=20885177
TX_HISTORY sequence=2066 type=5 flags=0x07 encoded_bytes=224 allocated_us=20891777 enqueue_us=20891856 write_start_us=20892534 write_end_us=20893600
TX_HISTORY sequence=2067 type=7 flags=0x07 encoded_bytes=88 allocated_us=20902183 enqueue_us=20902235 write_start_us=20902544 write_end_us=20902578
TX_HISTORY sequence=2068 type=32 flags=0x07 encoded_bytes=40 allocated_us=20917540 enqueue_us=20917565 write_start_us=20917580 write_end_us=20917601
TX_HISTORY sequence=2069 type=20 flags=0x07 encoded_bytes=84 allocated_us=20918945 enqueue_us=20918991 write_start_us=20919552 write_end_us=20919585
TX_HISTORY sequence=2070 type=22 flags=0x07 encoded_bytes=148 allocated_us=20923576 enqueue_us=20923633 write_start_us=20924539 write_end_us=20924771
TX_HISTORY sequence=2071 type=5 flags=0x07 encoded_bytes=224 allocated_us=20924854 enqueue_us=20924936 write_start_us=20925534 write_end_us=20927216
TX_HISTORY sequence=2072 type=56 flags=0x07 encoded_bytes=184 allocated_us=20934585 enqueue_us=20934667 write_start_us=20935542 write_end_us=20936218
TX_HISTORY sequence=2073 type=7 flags=0x07 encoded_bytes=88 allocated_us=20935187 enqueue_us=20935219 write_start_us=20936245 write_end_us=20937129
TX_HISTORY sequence=2074 type=5 flags=0x07 encoded_bytes=224 allocated_us=20957732 enqueue_us=20957826 write_start_us=20958543 write_end_us=20959607
TX_HISTORY sequence=2075 type=16 flags=0x07 encoded_bytes=96 allocated_us=20969344 enqueue_us=20969440 write_start_us=20969583 write_end_us=20969662
TX_HISTORY sequence=2076 type=20 flags=0x07 encoded_bytes=84 allocated_us=20969744 enqueue_us=20969774 write_start_us=20970536 write_end_us=20970559
TX_HISTORY sequence=2077 type=57 flags=0x07 encoded_bytes=72 allocated_us=20969801 enqueue_us=20969829 write_start_us=20970571 write_end_us=20970991
TX_HISTORY sequence=2078 type=7 flags=0x07 encoded_bytes=88 allocated_us=20972892 enqueue_us=20972946 write_start_us=20973543 write_end_us=20973568
TX_HISTORY sequence=2079 type=56 flags=0x07 encoded_bytes=184 allocated_us=20984578 enqueue_us=20984653 write_start_us=20985537 write_end_us=20986179
TX_HISTORY sequence=2080 type=5 flags=0x07 encoded_bytes=224 allocated_us=20990795 enqueue_us=20990874 write_start_us=20991535 write_end_us=20992617
TX_HISTORY sequence=2081 type=7 flags=0x07 encoded_bytes=88 allocated_us=21001177 enqueue_us=21001228 write_start_us=21001541 write_end_us=21001572
TX_HISTORY sequence=2082 type=32 flags=0x07 encoded_bytes=40 allocated_us=21017539 enqueue_us=21017568 write_start_us=21017584 write_end_us=21017607
TX_HISTORY sequence=2083 type=20 flags=0x07 encoded_bytes=84 allocated_us=21018640 enqueue_us=21018680 write_start_us=21019550 write_end_us=21019582
TX_HISTORY sequence=2084 type=22 flags=0x07 encoded_bytes=148 allocated_us=21023571 enqueue_us=21023629 write_start_us=21024541 write_end_us=21024783
TX_HISTORY sequence=2085 type=5 flags=0x07 encoded_bytes=224 allocated_us=21023828 enqueue_us=21023908 write_start_us=21024795 write_end_us=21027215
TX_HISTORY sequence=2086 type=7 flags=0x07 encoded_bytes=88 allocated_us=21034188 enqueue_us=21034239 write_start_us=21034543 write_end_us=21034570
TX_HISTORY sequence=2087 type=56 flags=0x07 encoded_bytes=184 allocated_us=21034623 enqueue_us=21034688 write_start_us=21035536 write_end_us=21036208
TX_HISTORY sequence=2088 type=58 flags=0x07 encoded_bytes=72 allocated_us=21052588 enqueue_us=21052623 write_start_us=21053537 write_end_us=21053564
TX_HISTORY sequence=2089 type=5 flags=0x07 encoded_bytes=224 allocated_us=21056769 enqueue_us=21056853 write_start_us=21057536 write_end_us=21058592
TX_HISTORY sequence=2090 type=16 flags=0x07 encoded_bytes=96 allocated_us=21067484 enqueue_us=21067539 write_start_us=21067561 write_end_us=21067679
TX_HISTORY sequence=2091 type=20 flags=0x07 encoded_bytes=84 allocated_us=21068665 enqueue_us=21068719 write_start_us=21069547 write_end_us=21069587
TX_HISTORY sequence=2092 type=7 flags=0x07 encoded_bytes=88 allocated_us=21071047 enqueue_us=21071102 write_start_us=21071538 write_end_us=21071565
TX_HISTORY sequence=2093 type=56 flags=0x07 encoded_bytes=184 allocated_us=21085576 enqueue_us=21085644 write_start_us=21086540 write_end_us=21087166
TX_HISTORY sequence=2094 type=5 flags=0x07 encoded_bytes=224 allocated_us=21088785 enqueue_us=21088868 write_start_us=21089535 write_end_us=21090603
TX_HISTORY sequence=2095 type=7 flags=0x07 encoded_bytes=88 allocated_us=21099187 enqueue_us=21099240 write_start_us=21099540 write_end_us=21099571
TX_HISTORY sequence=2096 type=32 flags=0x07 encoded_bytes=40 allocated_us=21117539 enqueue_us=21117562 write_start_us=21117579 write_end_us=21117600
TX_HISTORY sequence=2097 type=20 flags=0x07 encoded_bytes=84 allocated_us=21118572 enqueue_us=21118620 write_start_us=21119549 write_end_us=21119579
TX_HISTORY sequence=2098 type=5 flags=0x07 encoded_bytes=224 allocated_us=21121840 enqueue_us=21121926 write_start_us=21122535 write_end_us=21123605
TX_HISTORY sequence=2099 type=22 flags=0x07 encoded_bytes=148 allocated_us=21123635 enqueue_us=21123690 write_start_us=21124540 write_end_us=21125215
TX_HISTORY sequence=2100 type=7 flags=0x07 encoded_bytes=88 allocated_us=21132187 enqueue_us=21132242 write_start_us=21132542 write_end_us=21132569
TX_HISTORY sequence=2101 type=56 flags=0x07 encoded_bytes=184 allocated_us=21135577 enqueue_us=21135646 write_start_us=21136543 write_end_us=21137193
TX_HISTORY sequence=2102 type=5 flags=0x07 encoded_bytes=224 allocated_us=21154738 enqueue_us=21154826 write_start_us=21155539 write_end_us=21156597
TX_HISTORY sequence=2103 type=7 flags=0x07 encoded_bytes=88 allocated_us=21165179 enqueue_us=21165255 write_start_us=21165544 write_end_us=21165573
TX_HISTORY sequence=2104 type=20 flags=0x07 encoded_bytes=84 allocated_us=21169275 enqueue_us=21169335 write_start_us=21169556 write_end_us=21169601
TX_HISTORY sequence=2105 type=16 flags=0x07 encoded_bytes=96 allocated_us=21170469 enqueue_us=21170537 write_start_us=21170566 write_end_us=21170599
TX_HISTORY sequence=2106 type=57 flags=0x07 encoded_bytes=72 allocated_us=21170836 enqueue_us=21170865 write_start_us=21171590 write_end_us=21171614
TX_HISTORY sequence=2107 type=56 flags=0x07 encoded_bytes=184 allocated_us=21185580 enqueue_us=21185655 write_start_us=21186540 write_end_us=21187176
TX_HISTORY sequence=2108 type=5 flags=0x07 encoded_bytes=224 allocated_us=21187787 enqueue_us=21187871 write_start_us=21188537 write_end_us=21189615
TX_HISTORY sequence=2109 type=7 flags=0x07 encoded_bytes=88 allocated_us=21198196 enqueue_us=21198245 write_start_us=21198540 write_end_us=21198568
TX_HISTORY sequence=2110 type=32 flags=0x07 encoded_bytes=40 allocated_us=21217540 enqueue_us=21217571 write_start_us=21217586 write_end_us=21217609
TX_HISTORY sequence=2111 type=20 flags=0x07 encoded_bytes=84 allocated_us=21218496 enqueue_us=21218622 write_start_us=21218569 write_end_us=21218593
TX_HISTORY sequence=2112 type=5 flags=0x07 encoded_bytes=224 allocated_us=21220865 enqueue_us=21220954 write_start_us=21221539 write_end_us=21222607
TX_HISTORY sequence=2113 type=22 flags=0x07 encoded_bytes=148 allocated_us=21224560 enqueue_us=21224621 write_start_us=21225541 write_end_us=21225788
TX_HISTORY sequence=2114 type=7 flags=0x07 encoded_bytes=88 allocated_us=21231187 enqueue_us=21231236 write_start_us=21231540 write_end_us=21231569
TX_HISTORY sequence=2115 type=56 flags=0x07 encoded_bytes=184 allocated_us=21236579 enqueue_us=21236649 write_start_us=21237540 write_end_us=21238176
TX_HISTORY sequence=2116 type=58 flags=0x07 encoded_bytes=72 allocated_us=21252584 enqueue_us=21252617 write_start_us=21253541 write_end_us=21253565
TX_HISTORY sequence=2117 type=5 flags=0x07 encoded_bytes=224 allocated_us=21253747 enqueue_us=21253830 write_start_us=21254536 write_end_us=21255625
TX_HISTORY sequence=2118 type=7 flags=0x07 encoded_bytes=88 allocated_us=21264175 enqueue_us=21264228 write_start_us=21264541 write_end_us=21264572
TX_HISTORY sequence=2119 type=20 flags=0x07 encoded_bytes=84 allocated_us=21269209 enqueue_us=21269265 write_start_us=21269587 write_end_us=21269658
TX_HISTORY sequence=2120 type=16 flags=0x07 encoded_bytes=96 allocated_us=21270595 enqueue_us=21270638 write_start_us=21271578 write_end_us=21271610
TX_HISTORY sequence=2121 type=5 flags=0x07 encoded_bytes=224 allocated_us=21286820 enqueue_us=21286921 write_start_us=21287544 write_end_us=21288606
TX_HISTORY sequence=2122 type=56 flags=0x07 encoded_bytes=184 allocated_us=21288657 enqueue_us=21288720 write_start_us=21289536 write_end_us=21290589
TX_HISTORY sequence=2123 type=7 flags=0x07 encoded_bytes=88 allocated_us=21297180 enqueue_us=21297226 write_start_us=21297540 write_end_us=21297571
TX_HISTORY sequence=2124 type=32 flags=0x07 encoded_bytes=40 allocated_us=21317539 enqueue_us=21317570 write_start_us=21317587 write_end_us=21317612
TX_HISTORY sequence=2125 type=20 flags=0x07 encoded_bytes=84 allocated_us=21318406 enqueue_us=21318463 write_start_us=21318560 write_end_us=21318591
TX_HISTORY sequence=2126 type=5 flags=0x07 encoded_bytes=224 allocated_us=21319870 enqueue_us=21319951 write_start_us=21320536 write_end_us=21321586
TX_HISTORY sequence=2127 type=22 flags=0x07 encoded_bytes=148 allocated_us=21325557 enqueue_us=21325620 write_start_us=21326541 write_end_us=21326793
TX_HISTORY sequence=2128 type=7 flags=0x07 encoded_bytes=88 allocated_us=21330200 enqueue_us=21330246 write_start_us=21330541 write_end_us=21330572
TX_HISTORY sequence=2129 type=56 flags=0x07 encoded_bytes=184 allocated_us=21339578 enqueue_us=21339650 write_start_us=21340538 write_end_us=21341176
TX_HISTORY sequence=2130 type=5 flags=0x07 encoded_bytes=224 allocated_us=21352748 enqueue_us=21352832 write_start_us=21353536 write_end_us=21354586
TX_HISTORY sequence=2131 type=7 flags=0x07 encoded_bytes=88 allocated_us=21363178 enqueue_us=21363228 write_start_us=21363540 write_end_us=21363573
TX_HISTORY sequence=2132 type=20 flags=0x07 encoded_bytes=84 allocated_us=21368757 enqueue_us=21368811 write_start_us=21369549 write_end_us=21369617
TX_HISTORY sequence=2133 type=16 flags=0x07 encoded_bytes=96 allocated_us=21371557 enqueue_us=21371602 write_start_us=21372543 write_end_us=21372578
TX_HISTORY sequence=2134 type=5 flags=0x07 encoded_bytes=224 allocated_us=21386395 enqueue_us=21386488 write_start_us=21386549 write_end_us=21387612
TX_HISTORY sequence=2135 type=56 flags=0x07 encoded_bytes=184 allocated_us=21389576 enqueue_us=21389648 write_start_us=21390543 write_end_us=21391194
TX_HISTORY sequence=2136 type=7 flags=0x07 encoded_bytes=88 allocated_us=21396186 enqueue_us=21396237 write_start_us=21396539 write_end_us=21396572
TX_HISTORY sequence=2137 type=32 flags=0x07 encoded_bytes=40 allocated_us=21417540 enqueue_us=21417568 write_start_us=21417586 write_end_us=21417608
TX_HISTORY sequence=2138 type=20 flags=0x07 encoded_bytes=84 allocated_us=21418470 enqueue_us=21418515 write_start_us=21418550 write_end_us=21418580
TX_HISTORY sequence=2139 type=5 flags=0x07 encoded_bytes=224 allocated_us=21418801 enqueue_us=21418881 write_start_us=21419536 write_end_us=21420596
TX_HISTORY sequence=2140 type=22 flags=0x07 encoded_bytes=148 allocated_us=21426570 enqueue_us=21426644 write_start_us=21427549 write_end_us=21427788
TX_HISTORY sequence=2141 type=7 flags=0x07 encoded_bytes=88 allocated_us=21429247 enqueue_us=21429290 write_start_us=21429534 write_end_us=21429554
TX_HISTORY sequence=2142 type=11 flags=0x07 encoded_bytes=56 allocated_us=21430959 enqueue_us=21430983 write_start_us=21431540 write_end_us=21431559
TX_HISTORY sequence=2143 type=56 flags=0x07 encoded_bytes=184 allocated_us=21440575 enqueue_us=21440652 write_start_us=21441541 write_end_us=21442172
TX_HISTORY sequence=2144 type=5 flags=0x07 encoded_bytes=224 allocated_us=21451757 enqueue_us=21451837 write_start_us=21452535 write_end_us=21453598
TX_HISTORY sequence=2145 type=58 flags=0x07 encoded_bytes=72 allocated_us=21453664 enqueue_us=21453697 write_start_us=21454541 write_end_us=21454562
TX_HISTORY sequence=2146 type=7 flags=0x07 encoded_bytes=88 allocated_us=21462192 enqueue_us=21462241 write_start_us=21462540 write_end_us=21462572
TX_HISTORY sequence=2147 type=20 flags=0x07 encoded_bytes=84 allocated_us=21469109 enqueue_us=21469167 write_start_us=21469602 write_end_us=21469674
TX_HISTORY sequence=2148 type=16 flags=0x07 encoded_bytes=96 allocated_us=21471627 enqueue_us=21471670 write_start_us=21472579 write_end_us=21472608
TX_HISTORY sequence=2149 type=5 flags=0x07 encoded_bytes=224 allocated_us=21486472 enqueue_us=21486572 write_start_us=21486596 write_end_us=21487674
TX_HISTORY sequence=2150 type=56 flags=0x07 encoded_bytes=184 allocated_us=21491577 enqueue_us=21491646 write_start_us=21492541 write_end_us=21493193
TX_HISTORY sequence=2151 type=7 flags=0x07 encoded_bytes=88 allocated_us=21496211 enqueue_us=21496261 write_start_us=21496541 write_end_us=21496572
TX_HISTORY sequence=2152 type=32 flags=0x07 encoded_bytes=40 allocated_us=21517539 enqueue_us=21517564 write_start_us=21517580 write_end_us=21517602
TX_HISTORY sequence=2153 type=5 flags=0x07 encoded_bytes=224 allocated_us=21517754 enqueue_us=21517837 write_start_us=21518546 write_end_us=21519612
TX_HISTORY sequence=2154 type=20 flags=0x07 encoded_bytes=84 allocated_us=21518317 enqueue_us=21518359 write_start_us=21519624 write_end_us=21520530
TX_HISTORY sequence=2155 type=22 flags=0x07 encoded_bytes=148 allocated_us=21526587 enqueue_us=21526663 write_start_us=21527541 write_end_us=21527778
TX_HISTORY sequence=2156 type=7 flags=0x07 encoded_bytes=88 allocated_us=21528215 enqueue_us=21528248 write_start_us=21528534 write_end_us=21528729
TX_HISTORY sequence=2157 type=56 flags=0x07 encoded_bytes=184 allocated_us=21542581 enqueue_us=21542657 write_start_us=21543543 write_end_us=21544172
TX_HISTORY sequence=2158 type=5 flags=0x07 encoded_bytes=224 allocated_us=21549744 enqueue_us=21549823 write_start_us=21550535 write_end_us=21551605
TX_HISTORY sequence=2159 type=7 flags=0x07 encoded_bytes=88 allocated_us=21560185 enqueue_us=21560235 write_start_us=21560540 write_end_us=21560570
TX_HISTORY sequence=2160 type=20 flags=0x07 encoded_bytes=84 allocated_us=21568276 enqueue_us=21568344 write_start_us=21568542 write_end_us=21568583
TX_HISTORY sequence=2161 type=5 flags=0x07 encoded_bytes=224 allocated_us=21582876 enqueue_us=21582968 write_start_us=21583541 write_end_us=21584671
TX_HISTORY sequence=2162 type=16 flags=0x07 encoded_bytes=96 allocated_us=21586963 enqueue_us=21587008 write_start_us=21587546 write_end_us=21587572
TX_HISTORY sequence=2163 type=56 flags=0x07 encoded_bytes=184 allocated_us=21592582 enqueue_us=21592670 write_start_us=21593540 write_end_us=21594180
TX_HISTORY sequence=2164 type=7 flags=0x07 encoded_bytes=88 allocated_us=21593184 enqueue_us=21593220 write_start_us=21594190 write_end_us=21595144
TX_HISTORY sequence=2165 type=5 flags=0x07 encoded_bytes=224 allocated_us=21615754 enqueue_us=21615846 write_start_us=21616541 write_end_us=21617609
TX_HISTORY sequence=2166 type=20 flags=0x07 encoded_bytes=84 allocated_us=21618266 enqueue_us=21618319 write_start_us=21618566 write_end_us=21618605
TX_HISTORY sequence=2167 type=32 flags=0x07 encoded_bytes=40 allocated_us=21618533 enqueue_us=21618550 write_start_us=21618628 write_end_us=21618945
TX_HISTORY sequence=2168 type=7 flags=0x07 encoded_bytes=88 allocated_us=21626200 enqueue_us=21626255 write_start_us=21626544 write_end_us=21626575
TX_HISTORY sequence=2169 type=22 flags=0x07 encoded_bytes=148 allocated_us=21626636 enqueue_us=21626689 write_start_us=21627537 write_end_us=21627783
TX_HISTORY sequence=2170 type=56 flags=0x07 encoded_bytes=184 allocated_us=21642583 enqueue_us=21642654 write_start_us=21643539 write_end_us=21644185
TX_HISTORY sequence=2171 type=5 flags=0x07 encoded_bytes=224 allocated_us=21648765 enqueue_us=21648846 write_start_us=21649535 write_end_us=21650604
TX_HISTORY sequence=2172 type=58 flags=0x07 encoded_bytes=72 allocated_us=21654588 enqueue_us=21654621 write_start_us=21655541 write_end_us=21655565
TX_HISTORY sequence=2173 type=7 flags=0x07 encoded_bytes=88 allocated_us=21659199 enqueue_us=21659255 write_start_us=21659541 write_end_us=21659574
TX_HISTORY sequence=2174 type=20 flags=0x07 encoded_bytes=84 allocated_us=21668204 enqueue_us=21668258 write_start_us=21668551 write_end_us=21668587
TX_HISTORY sequence=2175 type=5 flags=0x07 encoded_bytes=224 allocated_us=21681859 enqueue_us=21681946 write_start_us=21682542 write_end_us=21683615
TX_HISTORY sequence=2176 type=16 flags=0x07 encoded_bytes=96 allocated_us=21686007 enqueue_us=21686063 write_start_us=21686586 write_end_us=21686614
TX_HISTORY sequence=2177 type=7 flags=0x07 encoded_bytes=88 allocated_us=21692180 enqueue_us=21692233 write_start_us=21692541 write_end_us=21692575
TX_HISTORY sequence=2178 type=56 flags=0x07 encoded_bytes=184 allocated_us=21693579 enqueue_us=21693651 write_start_us=21694537 write_end_us=21695179
TX_HISTORY sequence=2179 type=5 flags=0x07 encoded_bytes=224 allocated_us=21714747 enqueue_us=21714832 write_start_us=21715563 write_end_us=21716634
TX_HISTORY sequence=2180 type=32 flags=0x07 encoded_bytes=40 allocated_us=21718555 enqueue_us=21718614 write_start_us=21718654 write_end_us=21718692
TX_HISTORY sequence=2181 type=20 flags=0x07 encoded_bytes=84 allocated_us=21719449 enqueue_us=21719502 write_start_us=21719572 write_end_us=21719639
TX_HISTORY sequence=2182 type=22 flags=0x07 encoded_bytes=148 allocated_us=21726605 enqueue_us=21726688 write_start_us=21727544 write_end_us=21727810
TX_HISTORY sequence=2183 type=7 flags=0x07 encoded_bytes=88 allocated_us=21728327 enqueue_us=21728358 write_start_us=21728533 write_end_us=21728768
TX_HISTORY sequence=2184 type=56 flags=0x07 encoded_bytes=184 allocated_us=21744588 enqueue_us=21744663 write_start_us=21745541 write_end_us=21746172
TX_HISTORY sequence=2185 type=5 flags=0x07 encoded_bytes=224 allocated_us=21747745 enqueue_us=21747822 write_start_us=21748534 write_end_us=21749584
TX_HISTORY sequence=2186 type=7 flags=0x07 encoded_bytes=88 allocated_us=21758181 enqueue_us=21758235 write_start_us=21758541 write_end_us=21758573
TX_HISTORY sequence=2187 type=20 flags=0x07 encoded_bytes=84 allocated_us=21768161 enqueue_us=21768229 write_start_us=21768547 write_end_us=21768582
TX_HISTORY sequence=2188 type=5 flags=0x07 encoded_bytes=224 allocated_us=21780874 enqueue_us=21780960 write_start_us=21781537 write_end_us=21782610
TX_HISTORY sequence=2189 type=16 flags=0x07 encoded_bytes=96 allocated_us=21784998 enqueue_us=21785053 write_start_us=21785572 write_end_us=21785601
TX_HISTORY sequence=2190 type=7 flags=0x07 encoded_bytes=88 allocated_us=21791178 enqueue_us=21791234 write_start_us=21791543 write_end_us=21791580
TX_HISTORY sequence=2191 type=56 flags=0x07 encoded_bytes=184 allocated_us=21794582 enqueue_us=21794653 write_start_us=21795539 write_end_us=21796179
TX_HISTORY sequence=2192 type=5 flags=0x07 encoded_bytes=224 allocated_us=21813749 enqueue_us=21813834 write_start_us=21814541 write_end_us=21815594
TX_HISTORY sequence=2193 type=32 flags=0x07 encoded_bytes=40 allocated_us=21818538 enqueue_us=21818563 write_start_us=21818579 write_end_us=21818603
TX_HISTORY sequence=2194 type=20 flags=0x07 encoded_bytes=84 allocated_us=21819395 enqueue_us=21819443 write_start_us=21819547 write_end_us=21819581
TX_HISTORY sequence=2195 type=7 flags=0x07 encoded_bytes=88 allocated_us=21824204 enqueue_us=21824258 write_start_us=21824542 write_end_us=21824576
TX_HISTORY sequence=2196 type=22 flags=0x07 encoded_bytes=148 allocated_us=21827583 enqueue_us=21827642 write_start_us=21828539 write_end_us=21828789
TX_HISTORY sequence=2197 type=56 flags=0x07 encoded_bytes=184 allocated_us=21845584 enqueue_us=21845652 write_start_us=21846537 write_end_us=21847173
TX_HISTORY sequence=2198 type=5 flags=0x07 encoded_bytes=224 allocated_us=21846739 enqueue_us=21846821 write_start_us=21847183 write_end_us=21849600
TX_HISTORY sequence=2199 type=58 flags=0x07 encoded_bytes=72 allocated_us=21855592 enqueue_us=21855639 write_start_us=21856541 write_end_us=21856577
TX_HISTORY sequence=2200 type=7 flags=0x07 encoded_bytes=88 allocated_us=21857182 enqueue_us=21857219 write_start_us=21857534 write_end_us=21857553
TX_HISTORY sequence=2201 type=20 flags=0x07 encoded_bytes=84 allocated_us=21868102 enqueue_us=21868154 write_start_us=21868547 write_end_us=21868587
TX_HISTORY sequence=2202 type=5 flags=0x07 encoded_bytes=224 allocated_us=21879848 enqueue_us=21879934 write_start_us=21880537 write_end_us=21881656
TX_HISTORY sequence=2203 type=16 flags=0x07 encoded_bytes=96 allocated_us=21883979 enqueue_us=21884032 write_start_us=21884572 write_end_us=21884599
TX_HISTORY sequence=2204 type=7 flags=0x07 encoded_bytes=88 allocated_us=21890180 enqueue_us=21890239 write_start_us=21890542 write_end_us=21890579
TX_HISTORY sequence=2205 type=56 flags=0x07 encoded_bytes=184 allocated_us=21895582 enqueue_us=21895651 write_start_us=21896539 write_end_us=21897179
TX_HISTORY sequence=2206 type=5 flags=0x07 encoded_bytes=224 allocated_us=21912749 enqueue_us=21912836 write_start_us=21913540 write_end_us=21914605
TX_HISTORY sequence=2207 type=20 flags=0x07 encoded_bytes=84 allocated_us=21918109 enqueue_us=21918192 write_start_us=21918573 write_end_us=21918616
TX_HISTORY sequence=2208 type=32 flags=0x07 encoded_bytes=40 allocated_us=21918536 enqueue_us=21918553 write_start_us=21918641 write_end_us=21918657
TX_HISTORY sequence=2209 type=7 flags=0x07 encoded_bytes=88 allocated_us=21923201 enqueue_us=21923252 write_start_us=21923542 write_end_us=21923571
TX_HISTORY sequence=2210 type=22 flags=0x07 encoded_bytes=148 allocated_us=21928581 enqueue_us=21928642 write_start_us=21929538 write_end_us=21929787
TX_HISTORY sequence=2211 type=5 flags=0x07 encoded_bytes=224 allocated_us=21944756 enqueue_us=21944840 write_start_us=21945539 write_end_us=21946588
TX_HISTORY sequence=2212 type=56 flags=0x07 encoded_bytes=184 allocated_us=21946640 enqueue_us=21946707 write_start_us=21947538 write_end_us=21948600
TX_HISTORY sequence=2213 type=7 flags=0x07 encoded_bytes=88 allocated_us=21955177 enqueue_us=21955228 write_start_us=21955541 write_end_us=21955573
TX_HISTORY sequence=2214 type=20 flags=0x07 encoded_bytes=84 allocated_us=21968028 enqueue_us=21968081 write_start_us=21968553 write_end_us=21968593
TX_HISTORY sequence=2215 type=5 flags=0x07 encoded_bytes=224 allocated_us=21977875 enqueue_us=21977959 write_start_us=21978542 write_end_us=21979619
TX_HISTORY sequence=2216 type=16 flags=0x07 encoded_bytes=96 allocated_us=21982761 enqueue_us=21982821 write_start_us=21983544 write_end_us=21983626
TX_HISTORY sequence=2217 type=57 flags=0x07 encoded_bytes=72 allocated_us=21983678 enqueue_us=21983707 write_start_us=21984543 write_end_us=21984571
TX_HISTORY sequence=2218 type=7 flags=0x07 encoded_bytes=88 allocated_us=21988203 enqueue_us=21988256 write_start_us=21988541 write_end_us=21988570
TX_HISTORY sequence=2219 type=56 flags=0x07 encoded_bytes=184 allocated_us=21997578 enqueue_us=21997647 write_start_us=21998537 write_end_us=21999167
TX_HISTORY sequence=2220 type=5 flags=0x07 encoded_bytes=224 allocated_us=22010782 enqueue_us=22010865 write_start_us=22011536 write_end_us=22012593
TX_HISTORY sequence=2221 type=20 flags=0x07 encoded_bytes=84 allocated_us=22018163 enqueue_us=22018220 write_start_us=22018583 write_end_us=22018624
TX_HISTORY sequence=2222 type=32 flags=0x07 encoded_bytes=40 allocated_us=22018535 enqueue_us=22018555 write_start_us=22018647 write_end_us=22018662
TX_HISTORY sequence=2223 type=7 flags=0x07 encoded_bytes=88 allocated_us=22021293 enqueue_us=22021344 write_start_us=22021542 write_end_us=22021573
TX_HISTORY sequence=2224 type=22 flags=0x07 encoded_bytes=148 allocated_us=22028581 enqueue_us=22028641 write_start_us=22029539 write_end_us=22029788
TX_HISTORY sequence=2225 type=5 flags=0x07 encoded_bytes=224 allocated_us=22043803 enqueue_us=22043887 write_start_us=22044539 write_end_us=22045608
TX_HISTORY sequence=2226 type=56 flags=0x07 encoded_bytes=184 allocated_us=22047573 enqueue_us=22047642 write_start_us=22048539 write_end_us=22049165
TX_HISTORY sequence=2227 type=7 flags=0x07 encoded_bytes=88 allocated_us=22054175 enqueue_us=22054227 write_start_us=22054541 write_end_us=22054575
TX_HISTORY sequence=2228 type=58 flags=0x07 encoded_bytes=72 allocated_us=22055588 enqueue_us=22055619 write_start_us=22056537 write_end_us=22056559
TX_HISTORY sequence=2229 type=20 flags=0x07 encoded_bytes=84 allocated_us=22067930 enqueue_us=22067985 write_start_us=22068554 write_end_us=22068596
TX_HISTORY sequence=2230 type=5 flags=0x07 encoded_bytes=224 allocated_us=22076834 enqueue_us=22076916 write_start_us=22077542 write_end_us=22078645
TX_HISTORY sequence=2231 type=16 flags=0x07 encoded_bytes=96 allocated_us=22081911 enqueue_us=22081973 write_start_us=22082584 write_end_us=22082652
TX_HISTORY sequence=2232 type=57 flags=0x07 encoded_bytes=72 allocated_us=22082704 enqueue_us=22082732 write_start_us=22083543 write_end_us=22083573
TX_HISTORY sequence=2233 type=7 flags=0x07 encoded_bytes=88 allocated_us=22087200 enqueue_us=22087251 write_start_us=22087541 write_end_us=22087569
TX_HISTORY sequence=2234 type=56 flags=0x07 encoded_bytes=184 allocated_us=22098575 enqueue_us=22098646 write_start_us=22099538 write_end_us=22100169
TX_HISTORY sequence=2235 type=5 flags=0x07 encoded_bytes=224 allocated_us=22109788 enqueue_us=22109870 write_start_us=22110535 write_end_us=22111585
TX_HISTORY sequence=2236 type=20 flags=0x07 encoded_bytes=84 allocated_us=22117967 enqueue_us=22118024 write_start_us=22118578 write_end_us=22118627
TX_HISTORY sequence=2237 type=32 flags=0x07 encoded_bytes=40 allocated_us=22118542 enqueue_us=22118561 write_start_us=22118653 write_end_us=22118669
TX_HISTORY sequence=2238 type=7 flags=0x07 encoded_bytes=88 allocated_us=22120395 enqueue_us=22120439 write_start_us=22120539 write_end_us=22120562
TX_HISTORY sequence=2239 type=22 flags=0x07 encoded_bytes=148 allocated_us=22128577 enqueue_us=22128635 write_start_us=22129544 write_end_us=22129775
TX_HISTORY sequence=2240 type=5 flags=0x07 encoded_bytes=224 allocated_us=22142761 enqueue_us=22142848 write_start_us=22143534 write_end_us=22144593
TX_HISTORY sequence=2241 type=56 flags=0x07 encoded_bytes=184 allocated_us=22148573 enqueue_us=22148641 write_start_us=22149539 write_end_us=22150178
TX_HISTORY sequence=2242 type=7 flags=0x07 encoded_bytes=88 allocated_us=22153187 enqueue_us=22153235 write_start_us=22153539 write_end_us=22153572
TX_HISTORY sequence=2243 type=20 flags=0x07 encoded_bytes=84 allocated_us=22167901 enqueue_us=22167952 write_start_us=22168548 write_end_us=22168583
TX_HISTORY sequence=2244 type=5 flags=0x07 encoded_bytes=224 allocated_us=22175843 enqueue_us=22175931 write_start_us=22176540 write_end_us=22177593
TX_HISTORY sequence=2245 type=16 flags=0x07 encoded_bytes=96 allocated_us=22181426 enqueue_us=22181479 write_start_us=22181594 write_end_us=22181654
TX_HISTORY sequence=2246 type=7 flags=0x07 encoded_bytes=88 allocated_us=22186198 enqueue_us=22186246 write_start_us=22186542 write_end_us=22186573
TX_HISTORY sequence=2247 type=56 flags=0x07 encoded_bytes=184 allocated_us=22199581 enqueue_us=22199657 write_start_us=22200538 write_end_us=22201171
TX_HISTORY sequence=2248 type=5 flags=0x07 encoded_bytes=224 allocated_us=22208768 enqueue_us=22208849 write_start_us=22209535 write_end_us=22210585
TX_HISTORY sequence=2249 type=20 flags=0x07 encoded_bytes=84 allocated_us=22218267 enqueue_us=22218322 write_start_us=22218577 write_end_us=22218629
TX_HISTORY sequence=2250 type=32 flags=0x07 encoded_bytes=40 allocated_us=22218535 enqueue_us=22218555 write_start_us=22218656 write_end_us=22218672
TX_HISTORY sequence=2251 type=7 flags=0x07 encoded_bytes=88 allocated_us=22219287 enqueue_us=22219322 write_start_us=22219539 write_end_us=22219561
TX_HISTORY sequence=2252 type=22 flags=0x07 encoded_bytes=148 allocated_us=22228582 enqueue_us=22228650 write_start_us=22229542 write_end_us=22229775
TX_HISTORY sequence=2253 type=5 flags=0x07 encoded_bytes=224 allocated_us=22241745 enqueue_us=22241826 write_start_us=22242533 write_end_us=22243584
TX_HISTORY sequence=2254 type=56 flags=0x07 encoded_bytes=184 allocated_us=22249590 enqueue_us=22249663 write_start_us=22250541 write_end_us=22251184
TX_HISTORY sequence=2255 type=7 flags=0x07 encoded_bytes=88 allocated_us=22252213 enqueue_us=22252251 write_start_us=22252534 write_end_us=22252555
TX_HISTORY sequence=2256 type=58 flags=0x07 encoded_bytes=72 allocated_us=22255591 enqueue_us=22255635 write_start_us=22256542 write_end_us=22256567
TX_HISTORY sequence=2257 type=20 flags=0x07 encoded_bytes=84 allocated_us=22268593 enqueue_us=22268656 write_start_us=22269551 write_end_us=22269589
TX_HISTORY sequence=2258 type=5 flags=0x07 encoded_bytes=224 allocated_us=22274867 enqueue_us=22274951 write_start_us=22275540 write_end_us=22276595
TX_HISTORY sequence=2259 type=16 flags=0x07 encoded_bytes=96 allocated_us=22282438 enqueue_us=22282499 write_start_us=22282587 write_end_us=22282645
TX_HISTORY sequence=2260 type=7 flags=0x07 encoded_bytes=88 allocated_us=22285747 enqueue_us=22285789 write_start_us=22286539 write_end_us=22286571
TX_HISTORY sequence=2261 type=56 flags=0x07 encoded_bytes=184 allocated_us=22300579 enqueue_us=22300656 write_start_us=22301542 write_end_us=22302172
TX_HISTORY sequence=2262 type=5 flags=0x07 encoded_bytes=224 allocated_us=22307758 enqueue_us=22307840 write_start_us=22308535 write_end_us=22309587
TX_HISTORY sequence=2263 type=20 flags=0x07 encoded_bytes=84 allocated_us=22317910 enqueue_us=22317966 write_start_us=22318573 write_end_us=22318620
TX_HISTORY sequence=2264 type=7 flags=0x07 encoded_bytes=88 allocated_us=22318257 enqueue_us=22318289 write_start_us=22318647 write_end_us=22319097
TX_HISTORY sequence=2265 type=32 flags=0x07 encoded_bytes=40 allocated_us=22318535 enqueue_us=22318553 write_start_us=22319108 write_end_us=22319534
TX_HISTORY sequence=2266 type=22 flags=0x07 encoded_bytes=148 allocated_us=22329586 enqueue_us=22329658 write_start_us=22330544 write_end_us=22330788
TX_HISTORY sequence=2267 type=5 flags=0x07 encoded_bytes=224 allocated_us=22339766 enqueue_us=22339846 write_start_us=22340538 write_end_us=22341590
TX_HISTORY sequence=2268 type=7 flags=0x07 encoded_bytes=88 allocated_us=22350172 enqueue_us=22350222 write_start_us=22350541 write_end_us=22350571
TX_HISTORY sequence=2269 type=56 flags=0x07 encoded_bytes=184 allocated_us=22351575 enqueue_us=22351644 write_start_us=22352539 write_end_us=22353178
TX_HISTORY sequence=2270 type=20 flags=0x07 encoded_bytes=84 allocated_us=22367790 enqueue_us=22367843 write_start_us=22368550 write_end_us=22368592
TX_HISTORY sequence=2271 type=5 flags=0x07 encoded_bytes=224 allocated_us=22373848 enqueue_us=22373933 write_start_us=22374541 write_end_us=22375605
TX_HISTORY sequence=2272 type=7 flags=0x07 encoded_bytes=88 allocated_us=22375880 enqueue_us=22375918 write_start_us=22376538 write_end_us=22376559
TX_HISTORY sequence=2273 type=16 flags=0x07 encoded_bytes=96 allocated_us=22387427 enqueue_us=22387488 write_start_us=22387573 write_end_us=22387633
TX_HISTORY sequence=2274 type=7 flags=0x07 encoded_bytes=88 allocated_us=22390722 enqueue_us=22390766 write_start_us=22391540 write_end_us=22391572
TX_HISTORY sequence=2275 type=56 flags=0x07 encoded_bytes=184 allocated_us=22401579 enqueue_us=22401654 write_start_us=22402542 write_end_us=22403177
TX_HISTORY sequence=2276 type=5 flags=0x07 encoded_bytes=224 allocated_us=22405823 enqueue_us=22405906 write_start_us=22406534 write_end_us=22407593
TX_HISTORY sequence=2277 type=7 flags=0x07 encoded_bytes=88 allocated_us=22416256 enqueue_us=22416307 write_start_us=22416541 write_end_us=22416574
TX_HISTORY sequence=2278 type=20 flags=0x07 encoded_bytes=84 allocated_us=22417814 enqueue_us=22417865 write_start_us=22418573 write_end_us=22418614
TX_HISTORY sequence=2279 type=32 flags=0x07 encoded_bytes=40 allocated_us=22418535 enqueue_us=22418554 write_start_us=22418638 write_end_us=22418654
TX_HISTORY sequence=2280 type=22 flags=0x07 encoded_bytes=148 allocated_us=22430579 enqueue_us=22430644 write_start_us=22431540 write_end_us=22431784
TX_HISTORY sequence=2281 type=5 flags=0x07 encoded_bytes=224 allocated_us=22439785 enqueue_us=22439869 write_start_us=22440541 write_end_us=22441607
TX_HISTORY sequence=2282 type=7 flags=0x07 encoded_bytes=88 allocated_us=22441811 enqueue_us=22441849 write_start_us=22442533 write_end_us=22442575
TX_HISTORY sequence=2283 type=11 flags=0x07 encoded_bytes=56 allocated_us=22443963 enqueue_us=22443986 write_start_us=22444539 write_end_us=22444561
TX_HISTORY sequence=2284 type=56 flags=0x07 encoded_bytes=184 allocated_us=22451579 enqueue_us=22451658 write_start_us=22452541 write_end_us=22453191
TX_HISTORY sequence=2285 type=7 flags=0x07 encoded_bytes=88 allocated_us=22455360 enqueue_us=22455403 write_start_us=22455538 write_end_us=22455563
TX_HISTORY sequence=2286 type=58 flags=0x07 encoded_bytes=72 allocated_us=22455623 enqueue_us=22455649 write_start_us=22456540 write_end_us=22456560
TX_HISTORY sequence=2287 type=20 flags=0x07 encoded_bytes=84 allocated_us=22467740 enqueue_us=22467795 write_start_us=22468550 write_end_us=22468594
TX_HISTORY sequence=2288 type=5 flags=0x07 encoded_bytes=224 allocated_us=22471859 enqueue_us=22471941 write_start_us=22472541 write_end_us=22473600
TX_HISTORY sequence=2289 type=7 flags=0x07 encoded_bytes=88 allocated_us=22482187 enqueue_us=22482240 write_start_us=22482540 write_end_us=22482566
TX_HISTORY sequence=2290 type=16 flags=0x07 encoded_bytes=96 allocated_us=22488409 enqueue_us=22488464 write_start_us=22488602 write_end_us=22488662
TX_HISTORY sequence=2291 type=56 flags=0x07 encoded_bytes=184 allocated_us=22501575 enqueue_us=22501651 write_start_us=22502540 write_end_us=22503177
TX_HISTORY sequence=2292 type=5 flags=0x07 encoded_bytes=224 allocated_us=22504803 enqueue_us=22504884 write_start_us=22505535 write_end_us=22506590
TX_HISTORY sequence=2293 type=7 flags=0x07 encoded_bytes=88 allocated_us=22515205 enqueue_us=22515265 write_start_us=22515540 write_end_us=22515572
TX_HISTORY sequence=2294 type=20 flags=0x07 encoded_bytes=84 allocated_us=22518454 enqueue_us=22518506 write_start_us=22518568 write_end_us=22518603
TX_HISTORY sequence=2295 type=32 flags=0x07 encoded_bytes=40 allocated_us=22518533 enqueue_us=22518549 write_start_us=22518623 write_end_us=22518639
TX_HISTORY sequence=2296 type=22 flags=0x07 encoded_bytes=148 allocated_us=22531580 enqueue_us=22531644 write_start_us=22532544 write_end_us=22532776
TX_HISTORY sequence=2297 type=5 flags=0x07 encoded_bytes=224 allocated_us=22537766 enqueue_us=22537849 write_start_us=22538535 write_end_us=22539596
TX_HISTORY sequence=2298 type=7 flags=0x07 encoded_bytes=88 allocated_us=22548191 enqueue_us=22548242 write_start_us=22548540 write_end_us=22548570
TX_HISTORY sequence=2299 type=56 flags=0x07 encoded_bytes=184 allocated_us=22551577 enqueue_us=22551647 write_start_us=22552539 write_end_us=22553191
TX_HISTORY sequence=2300 type=20 flags=0x07 encoded_bytes=84 allocated_us=22567676 enqueue_us=22567730 write_start_us=22568549 write_end_us=22568586
TX_HISTORY sequence=2301 type=5 flags=0x07 encoded_bytes=224 allocated_us=22570832 enqueue_us=22570914 write_start_us=22571534 write_end_us=22572616
TX_HISTORY sequence=2302 type=7 flags=0x07 encoded_bytes=88 allocated_us=22581186 enqueue_us=22581239 write_start_us=22581542 write_end_us=22581569
TX_HISTORY sequence=2303 type=16 flags=0x07 encoded_bytes=96 allocated_us=22589410 enqueue_us=22589464 write_start_us=22589572 write_end_us=22589632
TX_HISTORY sequence=2304 type=56 flags=0x07 encoded_bytes=184 allocated_us=22602574 enqueue_us=22602646 write_start_us=22603543 write_end_us=22604181
TX_HISTORY sequence=2305 type=5 flags=0x07 encoded_bytes=224 allocated_us=22604265 enqueue_us=22604346 write_start_us=22604534 write_end_us=22606609
TX_HISTORY sequence=2306 type=7 flags=0x07 encoded_bytes=88 allocated_us=22614220 enqueue_us=22614275 write_start_us=22614543 write_end_us=22614576
TX_HISTORY sequence=2307 type=20 flags=0x07 encoded_bytes=84 allocated_us=22618480 enqueue_us=22618684 write_start_us=22618593 write_end_us=22618631
TX_HISTORY sequence=2308 type=32 flags=0x07 encoded_bytes=40 allocated_us=22618551 enqueue_us=22618567 write_start_us=22618654 write_end_us=22618670
TX_HISTORY sequence=2309 type=22 flags=0x07 encoded_bytes=148 allocated_us=22631581 enqueue_us=22631644 write_start_us=22632545 write_end_us=22632796
TX_HISTORY sequence=2310 type=5 flags=0x07 encoded_bytes=224 allocated_us=22636744 enqueue_us=22636826 write_start_us=22637534 write_end_us=22638600
TX_HISTORY sequence=2311 type=7 flags=0x07 encoded_bytes=88 allocated_us=22647189 enqueue_us=22647243 write_start_us=22647540 write_end_us=22647570
TX_HISTORY sequence=2312 type=56 flags=0x07 encoded_bytes=184 allocated_us=22652577 enqueue_us=22652646 write_start_us=22653539 write_end_us=22654177
TX_HISTORY sequence=2313 type=58 flags=0x07 encoded_bytes=72 allocated_us=22656588 enqueue_us=22656620 write_start_us=22657537 write_end_us=22657562
TX_HISTORY sequence=2314 type=20 flags=0x07 encoded_bytes=84 allocated_us=22667589 enqueue_us=22667646 write_start_us=22668552 write_end_us=22668592
TX_HISTORY sequence=2315 type=5 flags=0x07 encoded_bytes=224 allocated_us=22669871 enqueue_us=22669955 write_start_us=22670540 write_end_us=22671592
TX_HISTORY sequence=2316 type=7 flags=0x07 encoded_bytes=88 allocated_us=22680191 enqueue_us=22680244 write_start_us=22680540 write_end_us=22680569
TX_HISTORY sequence=2317 type=16 flags=0x07 encoded_bytes=96 allocated_us=22690412 enqueue_us=22690470 write_start_us=22690547 write_end_us=22690611
TX_HISTORY sequence=2318 type=56 flags=0x07 encoded_bytes=184 allocated_us=22703579 enqueue_us=22703647 write_start_us=22704542 write_end_us=22705165
TX_HISTORY sequence=2319 type=5 flags=0x07 encoded_bytes=224 allocated_us=22705264 enqueue_us=22705345 write_start_us=22705535 write_end_us=22707594
TX_HISTORY sequence=2320 type=7 flags=0x07 encoded_bytes=88 allocated_us=22715248 enqueue_us=22715304 write_start_us=22715550 write_end_us=22715600
TX_HISTORY sequence=2321 type=20 flags=0x07 encoded_bytes=84 allocated_us=22718359 enqueue_us=22718425 write_start_us=22718578 write_end_us=22718622
TX_HISTORY sequence=2322 type=32 flags=0x07 encoded_bytes=40 allocated_us=22718535 enqueue_us=22718552 write_start_us=22718649 write_end_us=22718665
TX_HISTORY sequence=2323 type=22 flags=0x07 encoded_bytes=148 allocated_us=22732593 enqueue_us=22732672 write_start_us=22733549 write_end_us=22733824
TX_HISTORY sequence=2324 type=5 flags=0x07 encoded_bytes=224 allocated_us=22739920 enqueue_us=22739996 write_start_us=22740535 write_end_us=22741585
TX_HISTORY sequence=2325 type=7 flags=0x07 encoded_bytes=88 allocated_us=22750201 enqueue_us=22750254 write_start_us=22750539 write_end_us=22750566
TX_HISTORY sequence=2326 type=56 flags=0x07 encoded_bytes=184 allocated_us=22753577 enqueue_us=22753652 write_start_us=22754541 write_end_us=22755193
TX_HISTORY sequence=2327 type=20 flags=0x07 encoded_bytes=84 allocated_us=22767578 enqueue_us=22767634 write_start_us=22768549 write_end_us=22768589
TX_HISTORY sequence=2328 type=5 flags=0x07 encoded_bytes=224 allocated_us=22769063 enqueue_us=22769157 write_start_us=22769539 write_end_us=22770605
TX_HISTORY sequence=2329 type=7 flags=0x07 encoded_bytes=88 allocated_us=22779184 enqueue_us=22779238 write_start_us=22779544 write_end_us=22779576
TX_HISTORY sequence=2330 type=5 flags=0x07 encoded_bytes=224 allocated_us=22801751 enqueue_us=22801841 write_start_us=22802542 write_end_us=22803682
TX_HISTORY sequence=2331 type=56 flags=0x07 encoded_bytes=184 allocated_us=22803701 enqueue_us=22803768 write_start_us=22804559 write_end_us=22805627
TX_HISTORY sequence=2332 type=16 flags=0x07 encoded_bytes=96 allocated_us=22807010 enqueue_us=22807062 write_start_us=22807541 write_end_us=22807568
TX_HISTORY sequence=2333 type=7 flags=0x07 encoded_bytes=88 allocated_us=22812183 enqueue_us=22812240 write_start_us=22812541 write_end_us=22812576
TX_HISTORY sequence=2334 type=20 flags=0x07 encoded_bytes=84 allocated_us=22817878 enqueue_us=22817931 write_start_us=22818576 write_end_us=22818613
TX_HISTORY sequence=2335 type=32 flags=0x07 encoded_bytes=40 allocated_us=22818537 enqueue_us=22818557 write_start_us=22818639 write_end_us=22818655
TX_HISTORY sequence=2336 type=22 flags=0x07 encoded_bytes=148 allocated_us=22832587 enqueue_us=22832653 write_start_us=22833540 write_end_us=22833788
TX_HISTORY sequence=2337 type=5 flags=0x07 encoded_bytes=224 allocated_us=22834773 enqueue_us=22834856 write_start_us=22835537 write_end_us=22836598
TX_HISTORY sequence=2338 type=7 flags=0x07 encoded_bytes=88 allocated_us=22845190 enqueue_us=22845244 write_start_us=22845541 write_end_us=22845570
TX_HISTORY sequence=2339 type=56 flags=0x07 encoded_bytes=184 allocated_us=22854579 enqueue_us=22854646 write_start_us=22855540 write_end_us=22856180
TX_HISTORY sequence=2340 type=58 flags=0x07 encoded_bytes=72 allocated_us=22856587 enqueue_us=22856620 write_start_us=22857532 write_end_us=22857554
TX_HISTORY sequence=2341 type=5 flags=0x07 encoded_bytes=224 allocated_us=22866761 enqueue_us=22866844 write_start_us=22867548 write_end_us=22868605
TX_HISTORY sequence=2342 type=20 flags=0x07 encoded_bytes=84 allocated_us=22867462 enqueue_us=22867507 write_start_us=22868617 write_end_us=22869537
TX_HISTORY sequence=2343 type=7 flags=0x07 encoded_bytes=88 allocated_us=22877204 enqueue_us=22877263 write_start_us=22877541 write_end_us=22877574
TX_HISTORY sequence=2344 type=5 flags=0x07 encoded_bytes=224 allocated_us=22900812 enqueue_us=22900896 write_start_us=22901543 write_end_us=22902621
TX_HISTORY sequence=2345 type=7 flags=0x07 encoded_bytes=88 allocated_us=22902820 enqueue_us=22902865 write_start_us=22903537 write_end_us=22903586
TX_HISTORY sequence=2346 type=56 flags=0x07 encoded_bytes=184 allocated_us=22904570 enqueue_us=22904634 write_start_us=22905558 write_end_us=22906205
TX_HISTORY sequence=2347 type=16 flags=0x07 encoded_bytes=96 allocated_us=22907914 enqueue_us=22907969 write_start_us=22908600 write_end_us=22908666
TX_HISTORY sequence=2348 type=57 flags=0x07 encoded_bytes=72 allocated_us=22908718 enqueue_us=22908750 write_start_us=22909541 write_end_us=22909560
TX_HISTORY sequence=2349 type=20 flags=0x07 encoded_bytes=84 allocated_us=22917509 enqueue_us=22917670 write_start_us=22917596 write_end_us=22917640
TX_HISTORY sequence=2350 type=32 flags=0x07 encoded_bytes=40 allocated_us=22918534 enqueue_us=22918553 write_start_us=22918559 write_end_us=22918576
TX_HISTORY sequence=2351 type=7 flags=0x07 encoded_bytes=88 allocated_us=22919309 enqueue_us=22919344 write_start_us=22919538 write_end_us=22919566
TX_HISTORY sequence=2352 type=22 flags=0x07 encoded_bytes=148 allocated_us=22932590 enqueue_us=22932653 write_start_us=22933544 write_end_us=22933785
TX_HISTORY sequence=2353 type=5 flags=0x07 encoded_bytes=224 allocated_us=22933853 enqueue_us=22933937 write_start_us=22934534 write_end_us=22936211
TX_HISTORY sequence=2354 type=7 flags=0x07 encoded_bytes=88 allocated_us=22944173 enqueue_us=22944218 write_start_us=22944539 write_end_us=22944570
TX_HISTORY sequence=2355 type=56 flags=0x07 encoded_bytes=184 allocated_us=22955582 enqueue_us=22955659 write_start_us=22956538 write_end_us=22957167
TX_HISTORY sequence=2356 type=5 flags=0x07 encoded_bytes=224 allocated_us=22965753 enqueue_us=22965836 write_start_us=22966535 write_end_us=22967596
TX_HISTORY sequence=2357 type=20 flags=0x07 encoded_bytes=84 allocated_us=22967844 enqueue_us=22967893 write_start_us=22968545 write_end_us=22968583
TX_HISTORY sequence=2358 type=7 flags=0x07 encoded_bytes=88 allocated_us=22976189 enqueue_us=22976245 write_start_us=22976543 write_end_us=22976576
TX_HISTORY sequence=2359 type=5 flags=0x07 encoded_bytes=224 allocated_us=22998770 enqueue_us=22998856 write_start_us=22999543 write_end_us=23000620
TX_HISTORY sequence=2360 type=16 flags=0x07 encoded_bytes=96 allocated_us=23003743 enqueue_us=23003806 write_start_us=23004600 write_end_us=23004672
TX_HISTORY sequence=2361 type=57 flags=0x07 encoded_bytes=72 allocated_us=23004722 enqueue_us=23004749 write_start_us=23005543 write_end_us=23005565
TX_HISTORY sequence=2362 type=56 flags=0x07 encoded_bytes=184 allocated_us=23006584 enqueue_us=23006657 write_start_us=23007541 write_end_us=23008186
TX_HISTORY sequence=2363 type=7 flags=0x07 encoded_bytes=88 allocated_us=23009237 enqueue_us=23009280 write_start_us=23009534 write_end_us=23009553
TX_HISTORY sequence=2364 type=20 flags=0x07 encoded_bytes=84 allocated_us=23017436 enqueue_us=23017492 write_start_us=23017547 write_end_us=23017589
TX_HISTORY sequence=2365 type=32 flags=0x07 encoded_bytes=40 allocated_us=23018539 enqueue_us=23018561 write_start_us=23018575 write_end_us=23018594
TX_HISTORY sequence=2366 type=5 flags=0x07 encoded_bytes=224 allocated_us=23031888 enqueue_us=23031977 write_start_us=23032543 write_end_us=23033593
TX_HISTORY sequence=2367 type=22 flags=0x07 encoded_bytes=148 allocated_us=23033625 enqueue_us=23033681 write_start_us=23034539 write_end_us=23035201
TX_HISTORY sequence=2368 type=7 flags=0x07 encoded_bytes=88 allocated_us=23042190 enqueue_us=23042240 write_start_us=23042541 write_end_us=23042569
TX_HISTORY sequence=2369 type=56 flags=0x07 encoded_bytes=184 allocated_us=23057581 enqueue_us=23057655 write_start_us=23058538 write_end_us=23059172
TX_HISTORY sequence=2370 type=58 flags=0x07 encoded_bytes=72 allocated_us=23057698 enqueue_us=23057725 write_start_us=23059181 write_end_us=23059952
TX_HISTORY sequence=2371 type=5 flags=0x07 encoded_bytes=224 allocated_us=23064759 enqueue_us=23064844 write_start_us=23065536 write_end_us=23066591
TX_HISTORY sequence=2372 type=20 flags=0x07 encoded_bytes=84 allocated_us=23067385 enqueue_us=23067437 write_start_us=23067546 write_end_us=23067581
TX_HISTORY sequence=2373 type=7 flags=0x07 encoded_bytes=88 allocated_us=23075192 enqueue_us=23075246 write_start_us=23075543 write_end_us=23075573
TX_HISTORY sequence=2374 type=5 flags=0x07 encoded_bytes=224 allocated_us=23097799 enqueue_us=23097892 write_start_us=23098543 write_end_us=23099610
TX_HISTORY sequence=2375 type=16 flags=0x07 encoded_bytes=96 allocated_us=23102790 enqueue_us=23102852 write_start_us=23103569 write_end_us=23103641
TX_HISTORY sequence=2376 type=57 flags=0x07 encoded_bytes=72 allocated_us=23103687 enqueue_us=23103714 write_start_us=23104543 write_end_us=23104567
TX_HISTORY sequence=2377 type=56 flags=0x07 encoded_bytes=184 allocated_us=23107586 enqueue_us=23107666 write_start_us=23108540 write_end_us=23109179
TX_HISTORY sequence=2378 type=7 flags=0x07 encoded_bytes=88 allocated_us=23108192 enqueue_us=23108228 write_start_us=23109190 write_end_us=23110159
TX_HISTORY sequence=2379 type=20 flags=0x07 encoded_bytes=84 allocated_us=23118166 enqueue_us=23118243 write_start_us=23118568 write_end_us=23118607
TX_HISTORY sequence=2380 type=32 flags=0x07 encoded_bytes=40 allocated_us=23118533 enqueue_us=23118549 write_start_us=23118631 write_end_us=23118647
TX_HISTORY sequence=2381 type=5 flags=0x07 encoded_bytes=224 allocated_us=23130833 enqueue_us=23130912 write_start_us=23131543 write_end_us=23132626
TX_HISTORY sequence=2382 type=22 flags=0x07 encoded_bytes=148 allocated_us=23134557 enqueue_us=23134624 write_start_us=23135541 write_end_us=23135768
TX_HISTORY sequence=2383 type=7 flags=0x07 encoded_bytes=88 allocated_us=23141188 enqueue_us=23141235 write_start_us=23141540 write_end_us=23141568
TX_HISTORY sequence=2384 type=56 flags=0x07 encoded_bytes=184 allocated_us=23158580 enqueue_us=23158655 write_start_us=23159539 write_end_us=23160176
TX_HISTORY sequence=2385 type=5 flags=0x07 encoded_bytes=224 allocated_us=23163753 enqueue_us=23163832 write_start_us=23164538 write_end_us=23165591
TX_HISTORY sequence=2386 type=20 flags=0x07 encoded_bytes=84 allocated_us=23168174 enqueue_us=23168228 write_start_us=23168545 write_end_us=23168585
TX_HISTORY sequence=2387 type=7 flags=0x07 encoded_bytes=88 allocated_us=23174180 enqueue_us=23174233 write_start_us=23174542 write_end_us=23174573
TX_HISTORY sequence=2388 type=5 flags=0x07 encoded_bytes=224 allocated_us=23196774 enqueue_us=23196864 write_start_us=23197542 write_end_us=23198636
TX_HISTORY sequence=2389 type=16 flags=0x07 encoded_bytes=96 allocated_us=23200956 enqueue_us=23201004 write_start_us=23201544 write_end_us=23201571
TX_HISTORY sequence=2390 type=7 flags=0x07 encoded_bytes=88 allocated_us=23207180 enqueue_us=23207231 write_start_us=23207540 write_end_us=23207576
TX_HISTORY sequence=2391 type=56 flags=0x07 encoded_bytes=184 allocated_us=23208580 enqueue_us=23208650 write_start_us=23209541 write_end_us=23210181
TX_HISTORY sequence=2392 type=20 flags=0x07 encoded_bytes=84 allocated_us=23217297 enqueue_us=23217350 write_start_us=23217544 write_end_us=23217587
TX_HISTORY sequence=2393 type=32 flags=0x07 encoded_bytes=40 allocated_us=23218535 enqueue_us=23218551 write_start_us=23218562 write_end_us=23218579
TX_HISTORY sequence=2394 type=5 flags=0x07 encoded_bytes=224 allocated_us=23229830 enqueue_us=23229914 write_start_us=23230538 write_end_us=23231599
TX_HISTORY sequence=2395 type=22 flags=0x07 encoded_bytes=148 allocated_us=23235557 enqueue_us=23235620 write_start_us=23236540 write_end_us=23236769
TX_HISTORY sequence=2396 type=7 flags=0x07 encoded_bytes=88 allocated_us=23240196 enqueue_us=23240242 write_start_us=23240539 write_end_us=23240568
TX_HISTORY sequence=2397 type=58 flags=0x07 encoded_bytes=72 allocated_us=23257594 enqueue_us=23257632 write_start_us=23258539 write_end_us=23258565
TX_HISTORY sequence=2398 type=56 flags=0x07 encoded_bytes=184 allocated_us=23259572 enqueue_us=23259635 write_start_us=23260533 write_end_us=23261164
TX_HISTORY sequence=2399 type=5 flags=0x07 encoded_bytes=224 allocated_us=23262756 enqueue_us=23262838 write_start_us=23263535 write_end_us=23264592
TX_HISTORY sequence=2400 type=20 flags=0x07 encoded_bytes=84 allocated_us=23268356 enqueue_us=23268408 write_start_us=23268548 write_end_us=23268590
TX_HISTORY sequence=2401 type=7 flags=0x07 encoded_bytes=88 allocated_us=23273199 enqueue_us=23273254 write_start_us=23273542 write_end_us=23273573
TX_HISTORY sequence=2402 type=5 flags=0x07 encoded_bytes=224 allocated_us=23295767 enqueue_us=23295858 write_start_us=23296539 write_end_us=23297609
TX_HISTORY sequence=2403 type=16 flags=0x07 encoded_bytes=96 allocated_us=23299993 enqueue_us=23300050 write_start_us=23300576 write_end_us=23300636
TX_HISTORY sequence=2404 type=7 flags=0x07 encoded_bytes=88 allocated_us=23306179 enqueue_us=23306230 write_start_us=23306542 write_end_us=23306572
TX_HISTORY sequence=2405 type=56 flags=0x07 encoded_bytes=184 allocated_us=23309580 enqueue_us=23309650 write_start_us=23310540 write_end_us=23311181
TX_HISTORY sequence=2406 type=20 flags=0x07 encoded_bytes=84 allocated_us=23317218 enqueue_us=23317269 write_start_us=23317550 write_end_us=23317590
TX_HISTORY sequence=2407 type=32 flags=0x07 encoded_bytes=40 allocated_us=23318533 enqueue_us=23318552 write_start_us=23318561 write_end_us=23318577
TX_HISTORY sequence=2408 type=5 flags=0x07 encoded_bytes=224 allocated_us=23327903 enqueue_us=23327986 write_start_us=23328540 write_end_us=23329593
TX_HISTORY sequence=2409 type=22 flags=0x07 encoded_bytes=148 allocated_us=23335555 enqueue_us=23335616 write_start_us=23336543 write_end_us=23336780
TX_HISTORY sequence=2410 type=7 flags=0x07 encoded_bytes=88 allocated_us=23338228 enqueue_us=23338275 write_start_us=23338533 write_end_us=23338553
TX_HISTORY sequence=2411 type=56 flags=0x07 encoded_bytes=184 allocated_us=23359581 enqueue_us=23359657 write_start_us=23360541 write_end_us=23361165
TX_HISTORY sequence=2412 type=5 flags=0x07 encoded_bytes=224 allocated_us=23361755 enqueue_us=23361835 write_start_us=23362534 write_end_us=23363605
TX_HISTORY sequence=2413 type=20 flags=0x07 encoded_bytes=84 allocated_us=23367223 enqueue_us=23367275 write_start_us=23367545 write_end_us=23367587
TX_HISTORY sequence=2414 type=7 flags=0x07 encoded_bytes=88 allocated_us=23372199 enqueue_us=23372256 write_start_us=23372541 write_end_us=23372571
TX_HISTORY sequence=2415 type=5 flags=0x07 encoded_bytes=224 allocated_us=23393803 enqueue_us=23393891 write_start_us=23394539 write_end_us=23395617
TX_HISTORY sequence=2416 type=16 flags=0x07 encoded_bytes=96 allocated_us=23397869 enqueue_us=23397915 write_start_us=23398576 write_end_us=23398631
TX_HISTORY sequence=2417 type=7 flags=0x07 encoded_bytes=88 allocated_us=23404176 enqueue_us=23404231 write_start_us=23404542 write_end_us=23404576
TX_HISTORY sequence=2418 type=56 flags=0x07 encoded_bytes=184 allocated_us=23409585 enqueue_us=23409655 write_start_us=23410538 write_end_us=23411163
TX_HISTORY sequence=2419 type=20 flags=0x07 encoded_bytes=84 allocated_us=23417251 enqueue_us=23417301 write_start_us=23417553 write_end_us=23417597
TX_HISTORY sequence=2420 type=32 flags=0x07 encoded_bytes=40 allocated_us=23418534 enqueue_us=23418554 write_start_us=23418561 write_end_us=23418578
TX_HISTORY sequence=2421 type=5 flags=0x07 encoded_bytes=224 allocated_us=23426833 enqueue_us=23426916 write_start_us=23427542 write_end_us=23428612
TX_HISTORY sequence=2422 type=11 flags=0x07 encoded_bytes=56 allocated_us=23429575 enqueue_us=23429600 write_start_us=23430544 write_end_us=23430569
TX_HISTORY sequence=2423 type=22 flags=0x07 encoded_bytes=148 allocated_us=23436556 enqueue_us=23436631 write_start_us=23437540 write_end_us=23437790
TX_HISTORY sequence=2424 type=7 flags=0x07 encoded_bytes=88 allocated_us=23437175 enqueue_us=23437207 write_start_us=23437799 write_end_us=23438729
TX_HISTORY sequence=2425 type=58 flags=0x07 encoded_bytes=72 allocated_us=23458590 enqueue_us=23458628 write_start_us=23459538 write_end_us=23459563
TX_HISTORY sequence=2426 type=5 flags=0x07 encoded_bytes=224 allocated_us=23459740 enqueue_us=23459820 write_start_us=23460535 write_end_us=23461604
TX_HISTORY sequence=2427 type=56 flags=0x07 encoded_bytes=184 allocated_us=23461659 enqueue_us=23461726 write_start_us=23462537 write_end_us=23463599
TX_HISTORY sequence=2428 type=20 flags=0x07 encoded_bytes=84 allocated_us=23467180 enqueue_us=23467230 write_start_us=23467559 write_end_us=23467601
TX_HISTORY sequence=2429 type=7 flags=0x07 encoded_bytes=88 allocated_us=23470290 enqueue_us=23470345 write_start_us=23470541 write_end_us=23470569
TX_HISTORY sequence=2430 type=5 flags=0x07 encoded_bytes=224 allocated_us=23492769 enqueue_us=23492856 write_start_us=23493541 write_end_us=23494596
TX_HISTORY sequence=2431 type=16 flags=0x07 encoded_bytes=96 allocated_us=23497423 enqueue_us=23497480 write_start_us=23497601 write_end_us=23497633
TX_HISTORY sequence=2432 type=7 flags=0x07 encoded_bytes=88 allocated_us=23503172 enqueue_us=23503223 write_start_us=23503543 write_end_us=23503576
TX_HISTORY sequence=2433 type=56 flags=0x07 encoded_bytes=184 allocated_us=23512583 enqueue_us=23512656 write_start_us=23513538 write_end_us=23514166
TX_HISTORY sequence=2434 type=20 flags=0x07 encoded_bytes=84 allocated_us=23517910 enqueue_us=23517956 write_start_us=23518580 write_end_us=23518617
TX_HISTORY sequence=2435 type=32 flags=0x07 encoded_bytes=40 allocated_us=23518536 enqueue_us=23518557 write_start_us=23518640 write_end_us=23518655
TX_HISTORY sequence=2436 type=5 flags=0x07 encoded_bytes=224 allocated_us=23525862 enqueue_us=23525945 write_start_us=23526540 write_end_us=23527599
TX_HISTORY sequence=2437 type=7 flags=0x07 encoded_bytes=88 allocated_us=23536188 enqueue_us=23536243 write_start_us=23536542 write_end_us=23536576
TX_HISTORY sequence=2438 type=22 flags=0x07 encoded_bytes=148 allocated_us=23537554 enqueue_us=23537605 write_start_us=23538539 write_end_us=23538785
TX_HISTORY sequence=2439 type=5 flags=0x07 encoded_bytes=224 allocated_us=23558729 enqueue_us=23558817 write_start_us=23559541 write_end_us=23560591
TX_HISTORY sequence=2440 type=56 flags=0x07 encoded_bytes=184 allocated_us=23562576 enqueue_us=23562645 write_start_us=23563539 write_end_us=23564183
TX_HISTORY sequence=2441 type=20 flags=0x07 encoded_bytes=84 allocated_us=23567961 enqueue_us=23568019 write_start_us=23568549 write_end_us=23568593
TX_HISTORY sequence=2442 type=7 flags=0x07 encoded_bytes=88 allocated_us=23569296 enqueue_us=23569331 write_start_us=23569539 write_end_us=23569563
TX_HISTORY sequence=2443 type=5 flags=0x07 encoded_bytes=224 allocated_us=23591771 enqueue_us=23591868 write_start_us=23592541 write_end_us=23593608
TX_HISTORY sequence=2444 type=16 flags=0x07 encoded_bytes=96 allocated_us=23597416 enqueue_us=23597473 write_start_us=23597587 write_end_us=23597646
TX_HISTORY sequence=2445 type=7 flags=0x07 encoded_bytes=88 allocated_us=23602192 enqueue_us=23602242 write_start_us=23602540 write_end_us=23602571
TX_HISTORY sequence=2446 type=56 flags=0x07 encoded_bytes=184 allocated_us=23613578 enqueue_us=23613651 write_start_us=23614542 write_end_us=23615178
TX_HISTORY sequence=2447 type=20 flags=0x07 encoded_bytes=84 allocated_us=23617049 enqueue_us=23617105 write_start_us=23617547 write_end_us=23617577
TX_HISTORY sequence=2448 type=32 flags=0x07 encoded_bytes=40 allocated_us=23618537 enqueue_us=23618558 write_start_us=23618568 write_end_us=23618588
TX_HISTORY sequence=2449 type=5 flags=0x07 encoded_bytes=224 allocated_us=23624875 enqueue_us=23624954 write_start_us=23625536 write_end_us=23626588
TX_HISTORY sequence=2450 type=7 flags=0x07 encoded_bytes=88 allocated_us=23635187 enqueue_us=23635243 write_start_us=23635542 write_end_us=23635576
TX_HISTORY sequence=2451 type=22 flags=0x07 encoded_bytes=148 allocated_us=23638554 enqueue_us=23638609 write_start_us=23639541 write_end_us=23639790
TX_HISTORY sequence=2452 type=5 flags=0x07 encoded_bytes=224 allocated_us=23657728 enqueue_us=23657814 write_start_us=23658541 write_end_us=23659605
TX_HISTORY sequence=2453 type=58 flags=0x07 encoded_bytes=72 allocated_us=23659675 enqueue_us=23659710 write_start_us=23660537 write_end_us=23660561
TX_HISTORY sequence=2454 type=56 flags=0x07 encoded_bytes=184 allocated_us=23663578 enqueue_us=23663648 write_start_us=23664542 write_end_us=23665195
TX_HISTORY sequence=2455 type=20 flags=0x07 encoded_bytes=84 allocated_us=23667759 enqueue_us=23667819 write_start_us=23668545 write_end_us=23668587
TX_HISTORY sequence=2456 type=7 flags=0x07 encoded_bytes=88 allocated_us=23668263 enqueue_us=23668300 write_start_us=23668614 write_end_us=23669089
TX_HISTORY sequence=2457 type=5 flags=0x07 encoded_bytes=224 allocated_us=23690777 enqueue_us=23690872 write_start_us=23691542 write_end_us=23692609
TX_HISTORY sequence=2458 type=16 flags=0x07 encoded_bytes=96 allocated_us=23697419 enqueue_us=23697471 write_start_us=23697547 write_end_us=23697610
TX_HISTORY sequence=2459 type=7 flags=0x07 encoded_bytes=88 allocated_us=23700729 enqueue_us=23700780 write_start_us=23701541 write_end_us=23701573
TX_HISTORY sequence=2460 type=20 flags=0x07 encoded_bytes=84 allocated_us=23717006 enqueue_us=23717058 write_start_us=23717547 write_end_us=23717594
TX_HISTORY sequence=2461 type=56 flags=0x07 encoded_bytes=184 allocated_us=23717107 enqueue_us=23717169 write_start_us=23717629 write_end_us=23719100
TX_HISTORY sequence=2462 type=32 flags=0x07 encoded_bytes=40 allocated_us=23719534 enqueue_us=23719553 write_start_us=23719560 write_end_us=23719577
TX_HISTORY sequence=2463 type=5 flags=0x07 encoded_bytes=224 allocated_us=23723900 enqueue_us=23723982 write_start_us=23724548 write_end_us=23725616
TX_HISTORY sequence=2464 type=7 flags=0x07 encoded_bytes=88 allocated_us=23738374 enqueue_us=23738434 write_start_us=23738544 write_end_us=23738593
TX_HISTORY sequence=2465 type=22 flags=0x07 encoded_bytes=148 allocated_us=23739587 enqueue_us=23739640 write_start_us=23740536 write_end_us=23740778
TX_HISTORY sequence=2466 type=5 flags=0x07 encoded_bytes=224 allocated_us=23756754 enqueue_us=23756838 write_start_us=23757540 write_end_us=23758591
TX_HISTORY sequence=2467 type=20 flags=0x07 encoded_bytes=84 allocated_us=23766955 enqueue_us=23767014 write_start_us=23767546 write_end_us=23767586
TX_HISTORY sequence=2468 type=56 flags=0x07 encoded_bytes=184 allocated_us=23767062 enqueue_us=23767126 write_start_us=23767614 write_end_us=23769105
TX_HISTORY sequence=2469 type=7 flags=0x07 encoded_bytes=88 allocated_us=23767241 enqueue_us=23767275 write_start_us=23769117 write_end_us=23770051
TX_HISTORY sequence=2470 type=5 flags=0x07 encoded_bytes=224 allocated_us=23789766 enqueue_us=23789863 write_start_us=23790542 write_end_us=23791597
TX_HISTORY sequence=2471 type=7 flags=0x07 encoded_bytes=88 allocated_us=23800179 enqueue_us=23800224 write_start_us=23800543 write_end_us=23800575
TX_HISTORY sequence=2472 type=16 flags=0x07 encoded_bytes=96 allocated_us=23810411 enqueue_us=23810472 write_start_us=23810545 write_end_us=23810605
TX_HISTORY sequence=2473 type=20 flags=0x07 encoded_bytes=84 allocated_us=23816875 enqueue_us=23816921 write_start_us=23817562 write_end_us=23817619
TX_HISTORY sequence=2474 type=56 flags=0x07 encoded_bytes=184 allocated_us=23818643 enqueue_us=23818710 write_start_us=23819562 write_end_us=23820190
TX_HISTORY sequence=2475 type=32 flags=0x07 encoded_bytes=40 allocated_us=23819534 enqueue_us=23819550 write_start_us=23820199 write_end_us=23820629
TX_HISTORY sequence=2476 type=5 flags=0x07 encoded_bytes=224 allocated_us=23825395 enqueue_us=23825477 write_start_us=23825538 write_end_us=23826591
TX_HISTORY sequence=2477 type=7 flags=0x07 encoded_bytes=88 allocated_us=23835189 enqueue_us=23835239 write_start_us=23835546 write_end_us=23835578
TX_HISTORY sequence=2478 type=22 flags=0x07 encoded_bytes=148 allocated_us=23840561 enqueue_us=23840621 write_start_us=23841541 write_end_us=23841787
TX_HISTORY sequence=2479 type=5 flags=0x07 encoded_bytes=224 allocated_us=23855778 enqueue_us=23855864 write_start_us=23856538 write_end_us=23857607
TX_HISTORY sequence=2480 type=58 flags=0x07 encoded_bytes=72 allocated_us=23859591 enqueue_us=23859626 write_start_us=23860540 write_end_us=23860566
TX_HISTORY sequence=2481 type=7 flags=0x07 encoded_bytes=88 allocated_us=23866240 enqueue_us=23866293 write_start_us=23866542 write_end_us=23866578
TX_HISTORY sequence=2482 type=20 flags=0x07 encoded_bytes=84 allocated_us=23867677 enqueue_us=23867723 write_start_us=23868546 write_end_us=23868585
TX_HISTORY sequence=2483 type=56 flags=0x07 encoded_bytes=184 allocated_us=23869608 enqueue_us=23869690 write_start_us=23870545 write_end_us=23871194
TX_HISTORY sequence=2484 type=5 flags=0x07 encoded_bytes=224 allocated_us=23888770 enqueue_us=23888855 write_start_us=23889541 write_end_us=23890610
TX_HISTORY sequence=2485 type=7 flags=0x07 encoded_bytes=88 allocated_us=23899187 enqueue_us=23899239 write_start_us=23899542 write_end_us=23899577
TX_HISTORY sequence=2486 type=20 flags=0x07 encoded_bytes=84 allocated_us=23917585 enqueue_us=23917640 write_start_us=23918551 write_end_us=23918587
TX_HISTORY sequence=2487 type=32 flags=0x07 encoded_bytes=40 allocated_us=23919534 enqueue_us=23919551 write_start_us=23919558 write_end_us=23919577
TX_HISTORY sequence=2488 type=56 flags=0x07 encoded_bytes=184 allocated_us=23919653 enqueue_us=23919723 write_start_us=23920543 write_end_us=23921180
TX_HISTORY sequence=2489 type=5 flags=0x07 encoded_bytes=224 allocated_us=23921862 enqueue_us=23921941 write_start_us=23922535 write_end_us=23923627
TX_HISTORY sequence=2490 type=16 flags=0x07 encoded_bytes=96 allocated_us=23926882 enqueue_us=23926944 write_start_us=23927546 write_end_us=23927611
TX_HISTORY sequence=2491 type=57 flags=0x07 encoded_bytes=72 allocated_us=23927664 enqueue_us=23927691 write_start_us=23928545 write_end_us=23928572
TX_HISTORY sequence=2492 type=7 flags=0x07 encoded_bytes=88 allocated_us=23932205 enqueue_us=23932257 write_start_us=23932540 write_end_us=23932569
TX_HISTORY sequence=2493 type=22 flags=0x07 encoded_bytes=148 allocated_us=23941574 enqueue_us=23941630 write_start_us=23942538 write_end_us=23942785
TX_HISTORY sequence=2494 type=5 flags=0x07 encoded_bytes=224 allocated_us=23954747 enqueue_us=23954830 write_start_us=23955535 write_end_us=23956592
TX_HISTORY sequence=2495 type=7 flags=0x07 encoded_bytes=88 allocated_us=23965237 enqueue_us=23965292 write_start_us=23965542 write_end_us=23965575
TX_HISTORY sequence=2496 type=20 flags=0x07 encoded_bytes=84 allocated_us=23967586 enqueue_us=23967634 write_start_us=23968545 write_end_us=23968581
TX_HISTORY sequence=2497 type=56 flags=0x07 encoded_bytes=184 allocated_us=23969614 enqueue_us=23969691 write_start_us=23970542 write_end_us=23971193
TX_HISTORY sequence=2498 type=5 flags=0x07 encoded_bytes=224 allocated_us=23986777 enqueue_us=23986864 write_start_us=23987540 write_end_us=23988593
TX_HISTORY sequence=2499 type=7 flags=0x07 encoded_bytes=88 allocated_us=23997188 enqueue_us=23997242 write_start_us=23997539 write_end_us=23997571
TX_HISTORY sequence=2500 type=20 flags=0x07 encoded_bytes=84 allocated_us=24017594 enqueue_us=24017650 write_start_us=24018549 write_end_us=24018592
TX_HISTORY sequence=2501 type=32 flags=0x07 encoded_bytes=40 allocated_us=24019539 enqueue_us=24019557 write_start_us=24019566 write_end_us=24019582
TX_HISTORY sequence=2502 type=56 flags=0x07 encoded_bytes=184 allocated_us=24019659 enqueue_us=24019723 write_start_us=24020541 write_end_us=24021162
TX_HISTORY sequence=2503 type=5 flags=0x07 encoded_bytes=224 allocated_us=24020879 enqueue_us=24020959 write_start_us=24021173 write_end_us=24023599
TX_HISTORY sequence=2504 type=7 flags=0x07 encoded_bytes=88 allocated_us=24022931 enqueue_us=24022972 write_start_us=24023608 write_end_us=24024652
TX_HISTORY sequence=2505 type=16 flags=0x07 encoded_bytes=96 allocated_us=24027841 enqueue_us=24027899 write_start_us=24028546 write_end_us=24028612
TX_HISTORY sequence=2506 type=57 flags=0x07 encoded_bytes=72 allocated_us=24028668 enqueue_us=24028696 write_start_us=24029541 write_end_us=24029560
TX_HISTORY sequence=2507 type=7 flags=0x07 encoded_bytes=88 allocated_us=24039200 enqueue_us=24039250 write_start_us=24039540 write_end_us=24039567
TX_HISTORY sequence=2508 type=22 flags=0x07 encoded_bytes=148 allocated_us=24042570 enqueue_us=24042631 write_start_us=24043541 write_end_us=24043782
TX_HISTORY sequence=2509 type=5 flags=0x07 encoded_bytes=224 allocated_us=24053819 enqueue_us=24053900 write_start_us=24054535 write_end_us=24055605
TX_HISTORY sequence=2510 type=58 flags=0x07 encoded_bytes=72 allocated_us=24059593 enqueue_us=24059626 write_start_us=24060538 write_end_us=24060565
TX_HISTORY sequence=2511 type=7 flags=0x07 encoded_bytes=88 allocated_us=24064200 enqueue_us=24064253 write_start_us=24064540 write_end_us=24064574
TX_HISTORY sequence=2512 type=20 flags=0x07 encoded_bytes=84 allocated_us=24067515 enqueue_us=24067661 write_start_us=24067600 write_end_us=24067633
TX_HISTORY sequence=2513 type=56 flags=0x07 encoded_bytes=184 allocated_us=24069567 enqueue_us=24069647 write_start_us=24070544 write_end_us=24071170
TX_HISTORY sequence=2514 type=5 flags=0x07 encoded_bytes=224 allocated_us=24085786 enqueue_us=24085871 write_start_us=24086537 write_end_us=24087610
TX_HISTORY sequence=2515 type=7 flags=0x07 encoded_bytes=88 allocated_us=24096181 enqueue_us=24096237 write_start_us=24096541 write_end_us=24096572
TX_HISTORY sequence=2516 type=20 flags=0x07 encoded_bytes=84 allocated_us=24116721 enqueue_us=24116774 write_start_us=24117554 write_end_us=24117594
TX_HISTORY sequence=2517 type=5 flags=0x07 encoded_bytes=224 allocated_us=24118871 enqueue_us=24118956 write_start_us=24119569 write_end_us=24120645
TX_HISTORY sequence=2518 type=32 flags=0x07 encoded_bytes=40 allocated_us=24119535 enqueue_us=24119554 write_start_us=24120698 write_end_us=24121100
TX_HISTORY sequence=2519 type=56 flags=0x07 encoded_bytes=184 allocated_us=24121576 enqueue_us=24121643 write_start_us=24122540 write_end_us=24123175
TX_HISTORY sequence=2520 type=16 flags=0x07 encoded_bytes=96 allocated_us=24124935 enqueue_us=24124993 write_start_us=24125546 write_end_us=24125664
TX_HISTORY sequence=2521 type=57 flags=0x07 encoded_bytes=72 allocated_us=24125710 enqueue_us=24125737 write_start_us=24126539 write_end_us=24126564
TX_HISTORY sequence=2522 type=7 flags=0x07 encoded_bytes=88 allocated_us=24129203 enqueue_us=24129256 write_start_us=24129540 write_end_us=24129566
TX_HISTORY sequence=2523 type=22 flags=0x07 encoded_bytes=148 allocated_us=24143580 enqueue_us=24143640 write_start_us=24144539 write_end_us=24144793
TX_HISTORY sequence=2524 type=5 flags=0x07 encoded_bytes=224 allocated_us=24151775 enqueue_us=24151856 write_start_us=24152534 write_end_us=24153588
TX_HISTORY sequence=2525 type=7 flags=0x07 encoded_bytes=88 allocated_us=24162175 enqueue_us=24162228 write_start_us=24162540 write_end_us=24162570
TX_HISTORY sequence=2526 type=20 flags=0x07 encoded_bytes=84 allocated_us=24167439 enqueue_us=24167492 write_start_us=24167546 write_end_us=24167581
TX_HISTORY sequence=2527 type=56 flags=0x07 encoded_bytes=184 allocated_us=24172582 enqueue_us=24172656 write_start_us=24173544 write_end_us=24174180
TX_HISTORY sequence=2528 type=5 flags=0x07 encoded_bytes=224 allocated_us=24184782 enqueue_us=24184866 write_start_us=24185535 write_end_us=24186595
TX_HISTORY sequence=2529 type=7 flags=0x07 encoded_bytes=88 allocated_us=24195180 enqueue_us=24195234 write_start_us=24195541 write_end_us=24195576
TX_HISTORY sequence=2530 type=20 flags=0x07 encoded_bytes=84 allocated_us=24216668 enqueue_us=24216720 write_start_us=24217550 write_end_us=24217588
TX_HISTORY sequence=2531 type=5 flags=0x07 encoded_bytes=224 allocated_us=24217835 enqueue_us=24217917 write_start_us=24218540 write_end_us=24219609
TX_HISTORY sequence=2532 type=32 flags=0x07 encoded_bytes=40 allocated_us=24220537 enqueue_us=24220566 write_start_us=24220584 write_end_us=24220610
TX_HISTORY sequence=2533 type=16 flags=0x07 encoded_bytes=96 allocated_us=24221880 enqueue_us=24221928 write_start_us=24222601 write_end_us=24222627
TX_HISTORY sequence=2534 type=56 flags=0x07 encoded_bytes=184 allocated_us=24222682 enqueue_us=24222746 write_start_us=24223542 write_end_us=24224311
TX_HISTORY sequence=2535 type=7 flags=0x07 encoded_bytes=88 allocated_us=24228201 enqueue_us=24228259 write_start_us=24228537 write_end_us=24228567
TX_HISTORY sequence=2536 type=22 flags=0x07 encoded_bytes=148 allocated_us=24244566 enqueue_us=24244625 write_start_us=24245542 write_end_us=24245770
TX_HISTORY sequence=2537 type=5 flags=0x07 encoded_bytes=224 allocated_us=24250767 enqueue_us=24250848 write_start_us=24251535 write_end_us=24252597
TX_HISTORY sequence=2538 type=58 flags=0x07 encoded_bytes=72 allocated_us=24260594 enqueue_us=24260643 write_start_us=24261539 write_end_us=24261571
TX_HISTORY sequence=2539 type=7 flags=0x07 encoded_bytes=88 allocated_us=24261174 enqueue_us=24261207 write_start_us=24261588 write_end_us=24261909
TX_HISTORY sequence=2540 type=20 flags=0x07 encoded_bytes=84 allocated_us=24267389 enqueue_us=24267440 write_start_us=24267550 write_end_us=24267594
TX_HISTORY sequence=2541 type=56 flags=0x07 encoded_bytes=184 allocated_us=24273580 enqueue_us=24273661 write_start_us=24274539 write_end_us=24275186
TX_HISTORY sequence=2542 type=5 flags=0x07 encoded_bytes=224 allocated_us=24283820 enqueue_us=24283905 write_start_us=24284535 write_end_us=24285588
TX_HISTORY sequence=2543 type=7 flags=0x07 encoded_bytes=88 allocated_us=24294188 enqueue_us=24294241 write_start_us=24294542 write_end_us=24294575
TX_HISTORY sequence=2544 type=20 flags=0x07 encoded_bytes=84 allocated_us=24316730 enqueue_us=24316800 write_start_us=24317546 write_end_us=24317566
TX_HISTORY sequence=2545 type=5 flags=0x07 encoded_bytes=224 allocated_us=24316799 enqueue_us=24316883 write_start_us=24317593 write_end_us=24319532
TX_HISTORY sequence=2546 type=32 flags=0x07 encoded_bytes=40 allocated_us=24320546 enqueue_us=24320567 write_start_us=24320582 write_end_us=24320607
TX_HISTORY sequence=2547 type=16 flags=0x07 encoded_bytes=96 allocated_us=24321983 enqueue_us=24322039 write_start_us=24322592 write_end_us=24322620
TX_HISTORY sequence=2548 type=56 flags=0x07 encoded_bytes=184 allocated_us=24323591 enqueue_us=24323669 write_start_us=24324541 write_end_us=24325192
TX_HISTORY sequence=2549 type=7 flags=0x07 encoded_bytes=88 allocated_us=24327405 enqueue_us=24327449 write_start_us=24327541 write_end_us=24327569
TX_HISTORY sequence=2550 type=22 flags=0x07 encoded_bytes=148 allocated_us=24345577 enqueue_us=24345644 write_start_us=24346538 write_end_us=24346797
TX_HISTORY sequence=2551 type=5 flags=0x07 encoded_bytes=224 allocated_us=24349774 enqueue_us=24349857 write_start_us=24350534 write_end_us=24351585
TX_HISTORY sequence=2552 type=7 flags=0x07 encoded_bytes=88 allocated_us=24360182 enqueue_us=24360228 write_start_us=24360542 write_end_us=24360573
TX_HISTORY sequence=2553 type=20 flags=0x07 encoded_bytes=84 allocated_us=24366592 enqueue_us=24366645 write_start_us=24367551 write_end_us=24367592
TX_HISTORY sequence=2554 type=56 flags=0x07 encoded_bytes=184 allocated_us=24373583 enqueue_us=24373661 write_start_us=24374538 write_end_us=24375176
TX_HISTORY sequence=2555 type=5 flags=0x07 encoded_bytes=224 allocated_us=24382803 enqueue_us=24382887 write_start_us=24383539 write_end_us=24384589
TX_HISTORY sequence=2556 type=7 flags=0x07 encoded_bytes=88 allocated_us=24393191 enqueue_us=24393241 write_start_us=24393542 write_end_us=24393572
TX_HISTORY sequence=2557 type=5 flags=0x07 encoded_bytes=224 allocated_us=24415746 enqueue_us=24415835 write_start_us=24416576 write_end_us=24417654
TX_HISTORY sequence=2558 type=20 flags=0x07 encoded_bytes=84 allocated_us=24416498 enqueue_us=24418563 write_start_us=24417667 write_end_us=24418550
TX_HISTORY sequence=2559 type=32 flags=0x07 encoded_bytes=40 allocated_us=24420544 enqueue_us=24420577 write_start_us=24420638 write_end_us=24420698
TX_HISTORY sequence=2560 type=16 flags=0x07 encoded_bytes=96 allocated_us=24422526 enqueue_us=24422572 write_start_us=24422586 write_end_us=24422611
TX_HISTORY sequence=2561 type=56 flags=0x07 encoded_bytes=184 allocated_us=24423584 enqueue_us=24423676 write_start_us=24424540 write_end_us=24425178
TX_HISTORY sequence=2562 type=7 flags=0x07 encoded_bytes=88 allocated_us=24425847 enqueue_us=24425898 write_start_us=24426538 write_end_us=24426559
TX_HISTORY sequence=2563 type=11 flags=0x07 encoded_bytes=56 allocated_us=24429963 enqueue_us=24429992 write_start_us=24430541 write_end_us=24430567
TX_HISTORY sequence=2564 type=22 flags=0x07 encoded_bytes=148 allocated_us=24445580 enqueue_us=24445639 write_start_us=24446537 write_end_us=24446775
TX_HISTORY sequence=2565 type=5 flags=0x07 encoded_bytes=224 allocated_us=24448752 enqueue_us=24448832 write_start_us=24449534 write_end_us=24450591
TX_HISTORY sequence=2566 type=7 flags=0x07 encoded_bytes=88 allocated_us=24459176 enqueue_us=24459233 write_start_us=24459542 write_end_us=24459570
TX_HISTORY sequence=2567 type=58 flags=0x07 encoded_bytes=72 allocated_us=24460591 enqueue_us=24460623 write_start_us=24461537 write_end_us=24461572
TX_HISTORY sequence=2568 type=20 flags=0x07 encoded_bytes=84 allocated_us=24467257 enqueue_us=24467319 write_start_us=24467546 write_end_us=24467582
TX_HISTORY sequence=2569 type=56 flags=0x07 encoded_bytes=184 allocated_us=24473575 enqueue_us=24473647 write_start_us=24474539 write_end_us=24475172
TX_HISTORY sequence=2570 type=5 flags=0x07 encoded_bytes=224 allocated_us=24481865 enqueue_us=24481948 write_start_us=24482538 write_end_us=24483603
TX_HISTORY sequence=2571 type=7 flags=0x07 encoded_bytes=88 allocated_us=24492197 enqueue_us=24492252 write_start_us=24492541 write_end_us=24492578
TX_HISTORY sequence=2572 type=5 flags=0x07 encoded_bytes=224 allocated_us=24513767 enqueue_us=24513854 write_start_us=24514539 write_end_us=24515610
TX_HISTORY sequence=2573 type=20 flags=0x07 encoded_bytes=84 allocated_us=24516483 enqueue_us=24516630 write_start_us=24516570 write_end_us=24516602
TX_HISTORY sequence=2574 type=32 flags=0x07 encoded_bytes=40 allocated_us=24520538 enqueue_us=24520566 write_start_us=24520583 write_end_us=24520606
TX_HISTORY sequence=2575 type=7 flags=0x07 encoded_bytes=88 allocated_us=24524219 enqueue_us=24524271 write_start_us=24524540 write_end_us=24524571
TX_HISTORY sequence=2576 type=56 flags=0x07 encoded_bytes=184 allocated_us=24524632 enqueue_us=24524694 write_start_us=24525577 write_end_us=24526213
TX_HISTORY sequence=2577 type=16 flags=0x07 encoded_bytes=96 allocated_us=24528066 enqueue_us=24528108 write_start_us=24528543 write_end_us=24528572
TX_HISTORY sequence=2578 type=22 flags=0x07 encoded_bytes=148 allocated_us=24546583 enqueue_us=24546657 write_start_us=24547543 write_end_us=24547855
TX_HISTORY sequence=2579 type=5 flags=0x07 encoded_bytes=224 allocated_us=24547755 enqueue_us=24547832 write_start_us=24547868 write_end_us=24550202
TX_HISTORY sequence=2580 type=7 flags=0x07 encoded_bytes=88 allocated_us=24549797 enqueue_us=24549831 write_start_us=24550212 write_end_us=24551169
TX_HISTORY sequence=2581 type=7 flags=0x07 encoded_bytes=88 allocated_us=24563167 enqueue_us=24563224 write_start_us=24563539 write_end_us=24563570
TX_HISTORY sequence=2582 type=20 flags=0x07 encoded_bytes=84 allocated_us=24567208 enqueue_us=24567269 write_start_us=24567551 write_end_us=24567590
TX_HISTORY sequence=2583 type=56 flags=0x07 encoded_bytes=184 allocated_us=24575575 enqueue_us=24575643 write_start_us=24576538 write_end_us=24577172
TX_HISTORY sequence=2584 type=5 flags=0x07 encoded_bytes=224 allocated_us=24579862 enqueue_us=24579939 write_start_us=24580537 write_end_us=24581614
TX_HISTORY sequence=2585 type=7 flags=0x07 encoded_bytes=88 allocated_us=24590186 enqueue_us=24590240 write_start_us=24590544 write_end_us=24590574
TX_HISTORY sequence=2586 type=5 flags=0x07 encoded_bytes=224 allocated_us=24613782 enqueue_us=24613873 write_start_us=24614544 write_end_us=24615623
TX_HISTORY sequence=2587 type=7 flags=0x07 encoded_bytes=88 allocated_us=24615805 enqueue_us=24615840 write_start_us=24616587 write_end_us=24616620
TX_HISTORY sequence=2588 type=20 flags=0x07 encoded_bytes=84 allocated_us=24616512 enqueue_us=24617501 write_start_us=24616636 write_end_us=24617487
TX_HISTORY sequence=2589 type=32 flags=0x07 encoded_bytes=40 allocated_us=24620540 enqueue_us=24620572 write_start_us=24620589 write_end_us=24620611
TX_HISTORY sequence=2590 type=56 flags=0x07 encoded_bytes=184 allocated_us=24625576 enqueue_us=24625649 write_start_us=24626572 write_end_us=24627249
TX_HISTORY sequence=2591 type=16 flags=0x07 encoded_bytes=96 allocated_us=24626422 enqueue_us=24626465 write_start_us=24627286 write_end_us=24628305
TX_HISTORY sequence=2592 type=7 flags=0x07 encoded_bytes=88 allocated_us=24631246 enqueue_us=24631302 write_start_us=24631542 write_end_us=24631569
TX_HISTORY sequence=2593 type=5 flags=0x07 encoded_bytes=224 allocated_us=24645851 enqueue_us=24645937 write_start_us=24646541 write_end_us=24647607
TX_HISTORY sequence=2594 type=22 flags=0x07 encoded_bytes=148 allocated_us=24647637 enqueue_us=24647691 write_start_us=24648537 write_end_us=24649231
TX_HISTORY sequence=2595 type=7 flags=0x07 encoded_bytes=88 allocated_us=24656184 enqueue_us=24656239 write_start_us=24656541 write_end_us=24656571
TX_HISTORY sequence=2596 type=58 flags=0x07 encoded_bytes=72 allocated_us=24661591 enqueue_us=24661624 write_start_us=24662540 write_end_us=24662570
TX_HISTORY sequence=2597 type=20 flags=0x07 encoded_bytes=84 allocated_us=24667146 enqueue_us=24667199 write_start_us=24667549 write_end_us=24667585
TX_HISTORY sequence=2598 type=56 flags=0x07 encoded_bytes=184 allocated_us=24675574 enqueue_us=24675638 write_start_us=24676539 write_end_us=24677172
TX_HISTORY sequence=2599 type=5 flags=0x07 encoded_bytes=224 allocated_us=24678831 enqueue_us=24678912 write_start_us=24679537 write_end_us=24680605
TX_HISTORY sequence=2600 type=7 flags=0x07 encoded_bytes=88 allocated_us=24689177 enqueue_us=24689231 write_start_us=24689540 write_end_us=24689572
TX_HISTORY sequence=2601 type=5 flags=0x07 encoded_bytes=224 allocated_us=24711737 enqueue_us=24711823 write_start_us=24712542 write_end_us=24713597
TX_HISTORY sequence=2602 type=20 flags=0x07 encoded_bytes=84 allocated_us=24717373 enqueue_us=24717427 write_start_us=24717546 write_end_us=24717585
TX_HISTORY sequence=2603 type=32 flags=0x07 encoded_bytes=40 allocated_us=24720541 enqueue_us=24720571 write_start_us=24720589 write_end_us=24720617
TX_HISTORY sequence=2604 type=7 flags=0x07 encoded_bytes=88 allocated_us=24722202 enqueue_us=24722243 write_start_us=24722534 write_end_us=24722554
TX_HISTORY sequence=2605 type=56 flags=0x07 encoded_bytes=184 allocated_us=24725570 enqueue_us=24725662 write_start_us=24726572 write_end_us=24727242
TX_HISTORY sequence=2606 type=16 flags=0x07 encoded_bytes=96 allocated_us=24737459 enqueue_us=24737514 write_start_us=24737572 write_end_us=24737639
TX_HISTORY sequence=2607 type=22 flags=0x07 encoded_bytes=148 allocated_us=24747584 enqueue_us=24747645 write_start_us=24748545 write_end_us=24748784
TX_HISTORY sequence=2608 type=5 flags=0x07 encoded_bytes=224 allocated_us=24752383 enqueue_us=24752462 write_start_us=24752533 write_end_us=24753590
TX_HISTORY sequence=2609 type=7 flags=0x07 encoded_bytes=88 allocated_us=24762221 enqueue_us=24762275 write_start_us=24762539 write_end_us=24762568
TX_HISTORY sequence=2610 type=20 flags=0x07 encoded_bytes=84 allocated_us=24767075 enqueue_us=24767124 write_start_us=24767546 write_end_us=24767590
TX_HISTORY sequence=2611 type=56 flags=0x07 encoded_bytes=184 allocated_us=24775575 enqueue_us=24775643 write_start_us=24776540 write_end_us=24777158
TX_HISTORY sequence=2612 type=5 flags=0x07 encoded_bytes=224 allocated_us=24777888 enqueue_us=24777969 write_start_us=24778537 write_end_us=24779590
TX_HISTORY sequence=2613 type=7 flags=0x07 encoded_bytes=88 allocated_us=24788190 enqueue_us=24788241 write_start_us=24788542 write_end_us=24788575
TX_HISTORY sequence=2614 type=5 flags=0x07 encoded_bytes=224 allocated_us=24810745 enqueue_us=24810835 write_start_us=24811542 write_end_us=24812609
TX_HISTORY sequence=2615 type=20 flags=0x07 encoded_bytes=84 allocated_us=24816287 enqueue_us=24816342 write_start_us=24816545 write_end_us=24816582
TX_HISTORY sequence=2616 type=32 flags=0x07 encoded_bytes=40 allocated_us=24820538 enqueue_us=24820574 write_start_us=24820589 write_end_us=24820620
TX_HISTORY sequence=2617 type=7 flags=0x07 encoded_bytes=88 allocated_us=24821198 enqueue_us=24821237 write_start_us=24821534 write_end_us=24821554
TX_HISTORY sequence=2618 type=16 flags=0x07 encoded_bytes=96 allocated_us=24826415 enqueue_us=24826470 write_start_us=24826549 write_end_us=24826607
TX_HISTORY sequence=2619 type=56 flags=0x07 encoded_bytes=184 allocated_us=24826667 enqueue_us=24826731 write_start_us=24827535 write_end_us=24828238
TX_HISTORY sequence=2620 type=5 flags=0x07 encoded_bytes=224 allocated_us=24843768 enqueue_us=24843862 write_start_us=24844543 write_end_us=24845612
TX_HISTORY sequence=2621 type=22 flags=0x07 encoded_bytes=148 allocated_us=24847555 enqueue_us=24847611 write_start_us=24848538 write_end_us=24848782
TX_HISTORY sequence=2622 type=7 flags=0x07 encoded_bytes=88 allocated_us=24854185 enqueue_us=24854236 write_start_us=24854540 write_end_us=24854571
TX_HISTORY sequence=2623 type=58 flags=0x07 encoded_bytes=72 allocated_us=24861593 enqueue_us=24861625 write_start_us=24862540 write_end_us=24862571
TX_HISTORY sequence=2624 type=20 flags=0x07 encoded_bytes=84 allocated_us=24866269 enqueue_us=24866323 write_start_us=24866546 write_end_us=24866583
TX_HISTORY sequence=2625 type=56 flags=0x07 encoded_bytes=184 allocated_us=24876573 enqueue_us=24876637 write_start_us=24877540 write_end_us=24878203
TX_HISTORY sequence=2626 type=5 flags=0x07 encoded_bytes=224 allocated_us=24876889 enqueue_us=24876970 write_start_us=24878230 write_end_us=24880586
TX_HISTORY sequence=2627 type=7 flags=0x07 encoded_bytes=88 allocated_us=24887187 enqueue_us=24887242 write_start_us=24887539 write_end_us=24887573
TX_HISTORY sequence=2628 type=5 flags=0x07 encoded_bytes=224 allocated_us=24909738 enqueue_us=24909827 write_start_us=24910542 write_end_us=24911609
TX_HISTORY sequence=2629 type=20 flags=0x07 encoded_bytes=84 allocated_us=24916351 enqueue_us=24916408 write_start_us=24916549 write_end_us=24916588
TX_HISTORY sequence=2630 type=7 flags=0x07 encoded_bytes=88 allocated_us=24920198 enqueue_us=24920252 write_start_us=24920566 write_end_us=24920599
TX_HISTORY sequence=2631 type=32 flags=0x07 encoded_bytes=40 allocated_us=24920534 enqueue_us=24920551 write_start_us=24920623 write_end_us=24920639
TX_HISTORY sequence=2632 type=56 flags=0x07 encoded_bytes=184 allocated_us=24926579 enqueue_us=24926648 write_start_us=24927585 write_end_us=24928248
TX_HISTORY sequence=2633 type=57 flags=0x07 encoded_bytes=72 allocated_us=24930881 enqueue_us=24930953 write_start_us=24931546 write_end_us=24931613
TX_HISTORY sequence=2634 type=16 flags=0x07 encoded_bytes=96 allocated_us=24930952 enqueue_us=24930993 write_start_us=24931646 write_end_us=24932044
TX_HISTORY sequence=2635 type=5 flags=0x07 encoded_bytes=224 allocated_us=24946292 enqueue_us=24946382 write_start_us=24946546 write_end_us=24947647
TX_HISTORY sequence=2636 type=22 flags=0x07 encoded_bytes=148 allocated_us=24947677 enqueue_us=24947744 write_start_us=24948535 write_end_us=24949226
TX_HISTORY sequence=2637 type=7 flags=0x07 encoded_bytes=88 allocated_us=24956223 enqueue_us=24956274 write_start_us=24956542 write_end_us=24956571
TX_HISTORY sequence=2638 type=20 flags=0x07 encoded_bytes=84 allocated_us=24966187 enqueue_us=24966243 write_start_us=24966549 write_end_us=24966589
TX_HISTORY sequence=2639 type=5 flags=0x07 encoded_bytes=224 allocated_us=24975820 enqueue_us=24975903 write_start_us=24976542 write_end_us=24977596
TX_HISTORY sequence=2640 type=56 flags=0x07 encoded_bytes=184 allocated_us=24977651 enqueue_us=24977721 write_start_us=24978536 write_end_us=24979591
TX_HISTORY sequence=2641 type=7 flags=0x07 encoded_bytes=88 allocated_us=24986185 enqueue_us=24986236 write_start_us=24986540 write_end_us=24986572
TX_HISTORY sequence=2642 type=5 flags=0x07 encoded_bytes=224 allocated_us=25008742 enqueue_us=25008833 write_start_us=25009543 write_end_us=25010609
TX_HISTORY sequence=2643 type=20 flags=0x07 encoded_bytes=84 allocated_us=25016212 enqueue_us=25016262 write_start_us=25016547 write_end_us=25016592
TX_HISTORY sequence=2644 type=7 flags=0x07 encoded_bytes=88 allocated_us=25019295 enqueue_us=25019349 write_start_us=25019541 write_end_us=25019574
TX_HISTORY sequence=2645 type=32 flags=0x07 encoded_bytes=40 allocated_us=25020538 enqueue_us=25020561 write_start_us=25020571 write_end_us=25020589
TX_HISTORY sequence=2646 type=56 flags=0x07 encoded_bytes=184 allocated_us=25028573 enqueue_us=25028641 write_start_us=25029541 write_end_us=25030169
TX_HISTORY sequence=2647 type=5 flags=0x07 encoded_bytes=224 allocated_us=25040823 enqueue_us=25040910 write_start_us=25041539 write_end_us=25042654
TX_HISTORY sequence=2648 type=16 flags=0x07 encoded_bytes=96 allocated_us=25044975 enqueue_us=25045033 write_start_us=25045569 write_end_us=25045599
TX_HISTORY sequence=2649 type=22 flags=0x07 encoded_bytes=148 allocated_us=25048559 enqueue_us=25048631 write_start_us=25049546 write_end_us=25049789
TX_HISTORY sequence=2650 type=7 flags=0x07 encoded_bytes=88 allocated_us=25051211 enqueue_us=25051256 write_start_us=25051534 write_end_us=25051555
TX_HISTORY sequence=2651 type=58 flags=0x07 encoded_bytes=72 allocated_us=25062596 enqueue_us=25062637 write_start_us=25063544 write_end_us=25063574
TX_HISTORY sequence=2652 type=20 flags=0x07 encoded_bytes=84 allocated_us=25066111 enqueue_us=25066151 write_start_us=25066544 write_end_us=25066575
TX_HISTORY sequence=2653 type=5 flags=0x07 encoded_bytes=224 allocated_us=25074871 enqueue_us=25074967 write_start_us=25075544 write_end_us=25076622
TX_HISTORY sequence=2654 type=7 flags=0x07 encoded_bytes=88 allocated_us=25076922 enqueue_us=25076958 write_start_us=25077536 write_end_us=25077582
TX_HISTORY sequence=2655 type=56 flags=0x07 encoded_bytes=184 allocated_us=25078584 enqueue_us=25078659 write_start_us=25079540 write_end_us=25080193
TX_HISTORY sequence=2656 type=7 flags=0x07 encoded_bytes=88 allocated_us=25090191 enqueue_us=25090232 write_start_us=25090539 write_end_us=25090566
TX_HISTORY sequence=2657 type=5 flags=0x07 encoded_bytes=224 allocated_us=25106743 enqueue_us=25106840 write_start_us=25107540 write_end_us=25108604
TX_HISTORY sequence=2658 type=20 flags=0x07 encoded_bytes=84 allocated_us=25116106 enqueue_us=25116156 write_start_us=25116548 write_end_us=25116595
TX_HISTORY sequence=2659 type=7 flags=0x07 encoded_bytes=88 allocated_us=25117280 enqueue_us=25117324 write_start_us=25117539 write_end_us=25117562
TX_HISTORY sequence=2660 type=32 flags=0x07 encoded_bytes=40 allocated_us=25120543 enqueue_us=25120569 write_start_us=25120585 write_end_us=25120605
TX_HISTORY sequence=2661 type=56 flags=0x07 encoded_bytes=184 allocated_us=25128575 enqueue_us=25128649 write_start_us=25129543 write_end_us=25130173
TX_HISTORY sequence=2662 type=5 flags=0x07 encoded_bytes=224 allocated_us=25139777 enqueue_us=25139860 write_start_us=25140538 write_end_us=25141611
TX_HISTORY sequence=2663 type=16 flags=0x07 encoded_bytes=96 allocated_us=25144758 enqueue_us=25144821 write_start_us=25145600 write_end_us=25145669
TX_HISTORY sequence=2664 type=57 flags=0x07 encoded_bytes=72 allocated_us=25145713 enqueue_us=25145740 write_start_us=25146542 write_end_us=25146563
TX_HISTORY sequence=2665 type=22 flags=0x07 encoded_bytes=148 allocated_us=25149580 enqueue_us=25149645 write_start_us=25150540 write_end_us=25150780
TX_HISTORY sequence=2666 type=7 flags=0x07 encoded_bytes=88 allocated_us=25150195 enqueue_us=25150233 write_start_us=25150790 write_end_us=25151751
TX_HISTORY sequence=2667 type=20 flags=0x07 encoded_bytes=84 allocated_us=25166103 enqueue_us=25166158 write_start_us=25166546 write_end_us=25166585
TX_HISTORY sequence=2668 type=5 flags=0x07 encoded_bytes=224 allocated_us=25172889 enqueue_us=25172971 write_start_us=25173537 write_end_us=25174595
TX_HISTORY sequence=2669 type=56 flags=0x07 encoded_bytes=184 allocated_us=25178580 enqueue_us=25178655 write_start_us=25179541 write_end_us=25180171
TX_HISTORY sequence=2670 type=7 flags=0x07 encoded_bytes=88 allocated_us=25183197 enqueue_us=25183247 write_start_us=25183539 write_end_us=25183567
TX_HISTORY sequence=2671 type=5 flags=0x07 encoded_bytes=224 allocated_us=25205741 enqueue_us=25205832 write_start_us=25206542 write_end_us=25207611
TX_HISTORY sequence=2672 type=20 flags=0x07 encoded_bytes=84 allocated_us=25216064 enqueue_us=25216123 write_start_us=25216545 write_end_us=25216588
TX_HISTORY sequence=2673 type=7 flags=0x07 encoded_bytes=88 allocated_us=25216245 enqueue_us=25216278 write_start_us=25216614 write_end_us=25217067
TX_HISTORY sequence=2674 type=32 flags=0x07 encoded_bytes=40 allocated_us=25220541 enqueue_us=25220573 write_start_us=25220586 write_end_us=25220610
TX_HISTORY sequence=2675 type=56 flags=0x07 encoded_bytes=184 allocated_us=25228579 enqueue_us=25228649 write_start_us=25229542 write_end_us=25230184
TX_HISTORY sequence=2676 type=5 flags=0x07 encoded_bytes=224 allocated_us=25238798 enqueue_us=25238882 write_start_us=25239536 write_end_us=25240619
TX_HISTORY sequence=2677 type=16 flags=0x07 encoded_bytes=96 allocated_us=25243006 enqueue_us=25243061 write_start_us=25243543 write_end_us=25243574
TX_HISTORY sequence=2678 type=7 flags=0x07 encoded_bytes=88 allocated_us=25249176 enqueue_us=25249232 write_start_us=25249542 write_end_us=25249577
TX_HISTORY sequence=2679 type=22 flags=0x07 encoded_bytes=148 allocated_us=25250566 enqueue_us=25250621 write_start_us=25251539 write_end_us=25251780
TX_HISTORY sequence=2680 type=58 flags=0x07 encoded_bytes=72 allocated_us=25262590 enqueue_us=25262621 write_start_us=25263538 write_end_us=25263569
TX_HISTORY sequence=2681 type=20 flags=0x07 encoded_bytes=84 allocated_us=25266027 enqueue_us=25266074 write_start_us=25266543 write_end_us=25266571
TX_HISTORY sequence=2682 type=5 flags=0x07 encoded_bytes=224 allocated_us=25271878 enqueue_us=25271965 write_start_us=25272540 write_end_us=25273593
TX_HISTORY sequence=2683 type=56 flags=0x07 encoded_bytes=184 allocated_us=25279579 enqueue_us=25279655 write_start_us=25280542 write_end_us=25281172
TX_HISTORY sequence=2684 type=7 flags=0x07 encoded_bytes=88 allocated_us=25282234 enqueue_us=25282279 write_start_us=25282535 write_end_us=25282554
TX_HISTORY sequence=2685 type=5 flags=0x07 encoded_bytes=224 allocated_us=25304736 enqueue_us=25304828 write_start_us=25305542 write_end_us=25306611
TX_HISTORY sequence=2686 type=7 flags=0x07 encoded_bytes=88 allocated_us=25315203 enqueue_us=25315253 write_start_us=25315542 write_end_us=25315572
TX_HISTORY sequence=2687 type=20 flags=0x07 encoded_bytes=84 allocated_us=25315998 enqueue_us=25316048 write_start_us=25316544 write_end_us=25316577
TX_HISTORY sequence=2688 type=32 flags=0x07 encoded_bytes=40 allocated_us=25320541 enqueue_us=25320576 write_start_us=25320594 write_end_us=25320614
TX_HISTORY sequence=2689 type=56 flags=0x07 encoded_bytes=184 allocated_us=25330574 enqueue_us=25330641 write_start_us=25331542 write_end_us=25332172
TX_HISTORY sequence=2690 type=5 flags=0x07 encoded_bytes=224 allocated_us=25337791 enqueue_us=25337872 write_start_us=25338534 write_end_us=25339632
TX_HISTORY sequence=2691 type=16 flags=0x07 encoded_bytes=96 allocated_us=25342029 enqueue_us=25342084 write_start_us=25342582 write_end_us=25342613
TX_HISTORY sequence=2692 type=7 flags=0x07 encoded_bytes=88 allocated_us=25348179 enqueue_us=25348228 write_start_us=25348541 write_end_us=25348575
TX_HISTORY sequence=2693 type=22 flags=0x07 encoded_bytes=148 allocated_us=25351558 enqueue_us=25351620 write_start_us=25352540 write_end_us=25352785
TX_HISTORY sequence=2694 type=20 flags=0x07 encoded_bytes=84 allocated_us=25365963 enqueue_us=25366016 write_start_us=25366552 write_end_us=25366589
TX_HISTORY sequence=2695 type=5 flags=0x07 encoded_bytes=224 allocated_us=25370848 enqueue_us=25370932 write_start_us=25371541 write_end_us=25372611
TX_HISTORY sequence=2696 type=56 flags=0x07 encoded_bytes=184 allocated_us=25380584 enqueue_us=25380669 write_start_us=25381540 write_end_us=25382194
TX_HISTORY sequence=2697 type=7 flags=0x07 encoded_bytes=88 allocated_us=25381186 enqueue_us=25381217 write_start_us=25382220 write_end_us=25383123
TX_HISTORY sequence=2698 type=5 flags=0x07 encoded_bytes=224 allocated_us=25403735 enqueue_us=25403832 write_start_us=25404542 write_end_us=25405593
TX_HISTORY sequence=2699 type=7 flags=0x07 encoded_bytes=88 allocated_us=25414240 enqueue_us=25414286 write_start_us=25414539 write_end_us=25414572
TX_HISTORY sequence=2700 type=20 flags=0x07 encoded_bytes=84 allocated_us=25416783 enqueue_us=25416837 write_start_us=25417546 write_end_us=25417587
TX_HISTORY sequence=2701 type=32 flags=0x07 encoded_bytes=40 allocated_us=25420539 enqueue_us=25420566 write_start_us=25420583 write_end_us=25420604
TX_HISTORY sequence=2702 type=56 flags=0x07 encoded_bytes=184 allocated_us=25431571 enqueue_us=25431638 write_start_us=25432542 write_end_us=25433177
TX_HISTORY sequence=2703 type=5 flags=0x07 encoded_bytes=224 allocated_us=25436787 enqueue_us=25436875 write_start_us=25437537 write_end_us=25438625
TX_HISTORY sequence=2704 type=11 flags=0x07 encoded_bytes=56 allocated_us=25439535 enqueue_us=25439558 write_start_us=25440566 write_end_us=25440591
TX_HISTORY sequence=2705 type=16 flags=0x07 encoded_bytes=96 allocated_us=25441960 enqueue_us=25442008 write_start_us=25442584 write_end_us=25442612
TX_HISTORY sequence=2706 type=7 flags=0x07 encoded_bytes=88 allocated_us=25447181 enqueue_us=25447236 write_start_us=25447541 write_end_us=25447575
TX_HISTORY sequence=2707 type=22 flags=0x07 encoded_bytes=148 allocated_us=25452559 enqueue_us=25452619 write_start_us=25453542 write_end_us=25453788
TX_HISTORY sequence=2708 type=20 flags=0x07 encoded_bytes=84 allocated_us=25465872 enqueue_us=25465924 write_start_us=25466553 write_end_us=25466594
TX_HISTORY sequence=2709 type=58 flags=0x07 encoded_bytes=72 allocated_us=25465989 enqueue_us=25466021 write_start_us=25466618 write_end_us=25466907
TX_HISTORY sequence=2710 type=5 flags=0x07 encoded_bytes=224 allocated_us=25469889 enqueue_us=25469974 write_start_us=25470539 write_end_us=25471602
TX_HISTORY sequence=2711 type=7 flags=0x07 encoded_bytes=88 allocated_us=25480193 enqueue_us=25480245 write_start_us=25480542 write_end_us=25480572
TX_HISTORY sequence=2712 type=56 flags=0x07 encoded_bytes=184 allocated_us=25481576 enqueue_us=25481646 write_start_us=25482536 write_end_us=25483163
TX_HISTORY sequence=2713 type=5 flags=0x07 encoded_bytes=224 allocated_us=25502741 enqueue_us=25502832 write_start_us=25503539 write_end_us=25504589
TX_HISTORY sequence=2714 type=7 flags=0x07 encoded_bytes=88 allocated_us=25513196 enqueue_us=25513245 write_start_us=25513541 write_end_us=25513569
TX_HISTORY sequence=2715 type=20 flags=0x07 encoded_bytes=84 allocated_us=25516635 enqueue_us=25516688 write_start_us=25517545 write_end_us=25517587
TX_HISTORY sequence=2716 type=32 flags=0x07 encoded_bytes=40 allocated_us=25520542 enqueue_us=25520568 write_start_us=25520584 write_end_us=25520607
TX_HISTORY sequence=2717 type=56 flags=0x07 encoded_bytes=184 allocated_us=25531572 enqueue_us=25531638 write_start_us=25532539 write_end_us=25533173
TX_HISTORY sequence=2718 type=5 flags=0x07 encoded_bytes=224 allocated_us=25535805 enqueue_us=25535894 write_start_us=25536535 write_end_us=25537617
TX_HISTORY sequence=2719 type=16 flags=0x07 encoded_bytes=96 allocated_us=25540013 enqueue_us=25540067 write_start_us=25540603 write_end_us=25540631
TX_HISTORY sequence=2720 type=7 flags=0x07 encoded_bytes=88 allocated_us=25546186 enqueue_us=25546242 write_start_us=25546543 write_end_us=25546580
TX_HISTORY sequence=2721 type=22 flags=0x07 encoded_bytes=148 allocated_us=25553561 enqueue_us=25553619 write_start_us=25554540 write_end_us=25554785
TX_HISTORY sequence=2722 type=20 flags=0x07 encoded_bytes=84 allocated_us=25566606 enqueue_us=25566654 write_start_us=25567548 write_end_us=25567583
TX_HISTORY sequence=2723 type=5 flags=0x07 encoded_bytes=224 allocated_us=25567878 enqueue_us=25567961 write_start_us=25568536 write_end_us=25569587
TX_HISTORY sequence=2724 type=7 flags=0x07 encoded_bytes=88 allocated_us=25578183 enqueue_us=25578236 write_start_us=25578545 write_end_us=25578575
TX_HISTORY sequence=2725 type=56 flags=0x07 encoded_bytes=184 allocated_us=25582578 enqueue_us=25582649 write_start_us=25583540 write_end_us=25584160
TX_HISTORY sequence=2726 type=5 flags=0x07 encoded_bytes=224 allocated_us=25601744 enqueue_us=25601834 write_start_us=25602544 write_end_us=25603622
TX_HISTORY sequence=2727 type=7 flags=0x07 encoded_bytes=88 allocated_us=25603764 enqueue_us=25603806 write_start_us=25604535 write_end_us=25604580
TX_HISTORY sequence=2728 type=20 flags=0x07 encoded_bytes=84 allocated_us=25615796 enqueue_us=25615853 write_start_us=25616549 write_end_us=25616593
TX_HISTORY sequence=2729 type=7 flags=0x07 encoded_bytes=88 allocated_us=25617282 enqueue_us=25617320 write_start_us=25617537 write_end_us=25617561
TX_HISTORY sequence=2730 type=32 flags=0x07 encoded_bytes=40 allocated_us=25620539 enqueue_us=25620570 write_start_us=25620585 write_end_us=25620605
TX_HISTORY sequence=2731 type=56 flags=0x07 encoded_bytes=184 allocated_us=25632568 enqueue_us=25632633 write_start_us=25633535 write_end_us=25634159
TX_HISTORY sequence=2732 type=5 flags=0x07 encoded_bytes=224 allocated_us=25633782 enqueue_us=25633866 write_start_us=25634170 write_end_us=25636628
TX_HISTORY sequence=2733 type=16 flags=0x07 encoded_bytes=96 allocated_us=25638954 enqueue_us=25638998 write_start_us=25639575 write_end_us=25639602
TX_HISTORY sequence=2734 type=7 flags=0x07 encoded_bytes=88 allocated_us=25644178 enqueue_us=25644235 write_start_us=25644544 write_end_us=25644579
TX_HISTORY sequence=2735 type=22 flags=0x07 encoded_bytes=148 allocated_us=25654561 enqueue_us=25654618 write_start_us=25655539 write_end_us=25655792
TX_HISTORY sequence=2736 type=20 flags=0x07 encoded_bytes=84 allocated_us=25665779 enqueue_us=25665824 write_start_us=25666550 write_end_us=25666583
TX_HISTORY sequence=2737 type=58 flags=0x07 encoded_bytes=72 allocated_us=25665883 enqueue_us=25665909 write_start_us=25666604 write_end_us=25666878
TX_HISTORY sequence=2738 type=5 flags=0x07 encoded_bytes=224 allocated_us=25666908 enqueue_us=25667007 write_start_us=25667536 write_end_us=25669321
TX_HISTORY sequence=2739 type=7 flags=0x07 encoded_bytes=88 allocated_us=25677195 enqueue_us=25677247 write_start_us=25677543 write_end_us=25677575
TX_HISTORY sequence=2740 type=56 flags=0x07 encoded_bytes=184 allocated_us=25683577 enqueue_us=25683647 write_start_us=25684539 write_end_us=25685185
TX_HISTORY sequence=2741 type=5 flags=0x07 encoded_bytes=224 allocated_us=25699762 enqueue_us=25699847 write_start_us=25700540 write_end_us=25701608
TX_HISTORY sequence=2742 type=7 flags=0x07 encoded_bytes=88 allocated_us=25710172 enqueue_us=25710226 write_start_us=25710541 write_end_us=25710572
TX_HISTORY sequence=2743 type=20 flags=0x07 encoded_bytes=84 allocated_us=25716571 enqueue_us=25716622 write_start_us=25717550 write_end_us=25717589
TX_HISTORY sequence=2744 type=32 flags=0x07 encoded_bytes=40 allocated_us=25720540 enqueue_us=25720570 write_start_us=25720586 write_end_us=25720608
TX_HISTORY sequence=2745 type=5 flags=0x07 encoded_bytes=224 allocated_us=25732785 enqueue_us=25732868 write_start_us=25733556 write_end_us=25734634
TX_HISTORY sequence=2746 type=56 flags=0x07 encoded_bytes=184 allocated_us=25734676 enqueue_us=25734755 write_start_us=25735542 write_end_us=25736631
TX_HISTORY sequence=2747 type=16 flags=0x07 encoded_bytes=96 allocated_us=25747496 enqueue_us=25747554 write_start_us=25747575 write_end_us=25747654
TX_HISTORY sequence=2748 type=7 flags=0x07 encoded_bytes=88 allocated_us=25750837 enqueue_us=25750884 write_start_us=25751541 write_end_us=25751571
TX_HISTORY sequence=2749 type=22 flags=0x07 encoded_bytes=148 allocated_us=25754587 enqueue_us=25754650 write_start_us=25755539 write_end_us=25755780
TX_HISTORY sequence=2750 type=20 flags=0x07 encoded_bytes=84 allocated_us=25765773 enqueue_us=25765835 write_start_us=25766543 write_end_us=25766563
TX_HISTORY sequence=2751 type=5 flags=0x07 encoded_bytes=224 allocated_us=25765876 enqueue_us=25765957 write_start_us=25766588 write_end_us=25768523
TX_HISTORY sequence=2752 type=7 flags=0x07 encoded_bytes=88 allocated_us=25776208 enqueue_us=25776266 write_start_us=25776542 write_end_us=25776571
TX_HISTORY sequence=2753 type=56 flags=0x07 encoded_bytes=184 allocated_us=25784578 enqueue_us=25784645 write_start_us=25785538 write_end_us=25786188
TX_HISTORY sequence=2754 type=5 flags=0x07 encoded_bytes=224 allocated_us=25798787 enqueue_us=25798867 write_start_us=25799536 write_end_us=25800585
TX_HISTORY sequence=2755 type=7 flags=0x07 encoded_bytes=88 allocated_us=25809173 enqueue_us=25809229 write_start_us=25809541 write_end_us=25809570
TX_HISTORY sequence=2756 type=20 flags=0x07 encoded_bytes=84 allocated_us=25815679 enqueue_us=25815732 write_start_us=25816548 write_end_us=25816591
TX_HISTORY sequence=2757 type=32 flags=0x07 encoded_bytes=40 allocated_us=25820539 enqueue_us=25820566 write_start_us=25820580 write_end_us=25820600
TX_HISTORY sequence=2758 type=5 flags=0x07 encoded_bytes=224 allocated_us=25831765 enqueue_us=25831848 write_start_us=25832541 write_end_us=25833601
TX_HISTORY sequence=2759 type=56 flags=0x07 encoded_bytes=184 allocated_us=25835581 enqueue_us=25835658 write_start_us=25836584 write_end_us=25837284
TX_HISTORY sequence=2760 type=16 flags=0x07 encoded_bytes=96 allocated_us=25838049 enqueue_us=25838095 write_start_us=25838567 write_end_us=25838595
TX_HISTORY sequence=2761 type=7 flags=0x07 encoded_bytes=88 allocated_us=25842199 enqueue_us=25842254 write_start_us=25842543 write_end_us=25842575
TX_HISTORY sequence=2762 type=22 flags=0x07 encoded_bytes=148 allocated_us=25855576 enqueue_us=25855638 write_start_us=25856542 write_end_us=25856792
TX_HISTORY sequence=2763 type=5 flags=0x07 encoded_bytes=224 allocated_us=25864750 enqueue_us=25864829 write_start_us=25865542 write_end_us=25866603
TX_HISTORY sequence=2764 type=20 flags=0x07 encoded_bytes=84 allocated_us=25866786 enqueue_us=25866839 write_start_us=25867547 write_end_us=25867582
TX_HISTORY sequence=2765 type=58 flags=0x07 encoded_bytes=72 allocated_us=25866903 enqueue_us=25866930 write_start_us=25867603 write_end_us=25868300
TX_HISTORY sequence=2766 type=7 flags=0x07 encoded_bytes=88 allocated_us=25875193 enqueue_us=25875245 write_start_us=25875542 write_end_us=25875575
TX_HISTORY sequence=2767 type=56 flags=0x07 encoded_bytes=184 allocated_us=25885577 enqueue_us=25885649 write_start_us=25886537 write_end_us=25887172
TX_HISTORY sequence=2768 type=5 flags=0x07 encoded_bytes=224 allocated_us=25897779 enqueue_us=25897861 write_start_us=25898535 write_end_us=25899599
TX_HISTORY sequence=2769 type=7 flags=0x07 encoded_bytes=88 allocated_us=25908178 enqueue_us=25908231 write_start_us=25908541 write_end_us=25908572
TX_HISTORY sequence=2770 type=20 flags=0x07 encoded_bytes=84 allocated_us=25915607 enqueue_us=25915659 write_start_us=25916548 write_end_us=25916588
TX_HISTORY sequence=2771 type=32 flags=0x07 encoded_bytes=40 allocated_us=25920540 enqueue_us=25920568 write_start_us=25920585 write_end_us=25920609
TX_HISTORY sequence=2772 type=5 flags=0x07 encoded_bytes=224 allocated_us=25930820 enqueue_us=25930904 write_start_us=25931537 write_end_us=25932595
TX_HISTORY sequence=2773 type=56 flags=0x07 encoded_bytes=184 allocated_us=25936576 enqueue_us=25936646 write_start_us=25937598 write_end_us=25938288
TX_HISTORY sequence=2774 type=57 flags=0x07 encoded_bytes=72 allocated_us=25940919 enqueue_us=25940994 write_start_us=25941546 write_end_us=25941618
TX_HISTORY sequence=2775 type=16 flags=0x07 encoded_bytes=96 allocated_us=25940993 enqueue_us=25941036 write_start_us=25941643 write_end_us=25942084
TX_HISTORY sequence=2776 type=7 flags=0x07 encoded_bytes=88 allocated_us=25944756 enqueue_us=25944802 write_start_us=25945539 write_end_us=25945566
TX_HISTORY sequence=2777 type=22 flags=0x07 encoded_bytes=148 allocated_us=25956581 enqueue_us=25956643 write_start_us=25957541 write_end_us=25957784
TX_HISTORY sequence=2778 type=5 flags=0x07 encoded_bytes=224 allocated_us=25963778 enqueue_us=25963863 write_start_us=25964535 write_end_us=25965601
TX_HISTORY sequence=2779 type=20 flags=0x07 encoded_bytes=84 allocated_us=25965881 enqueue_us=25965938 write_start_us=25966546 write_end_us=25966585
TX_HISTORY sequence=2780 type=7 flags=0x07 encoded_bytes=88 allocated_us=25974193 enqueue_us=25974251 write_start_us=25974543 write_end_us=25974573
TX_HISTORY sequence=2781 type=56 flags=0x07 encoded_bytes=184 allocated_us=25986580 enqueue_us=25986651 write_start_us=25987538 write_end_us=25988184
TX_HISTORY sequence=2782 type=5 flags=0x07 encoded_bytes=224 allocated_us=25996800 enqueue_us=25996880 write_start_us=25997535 write_end_us=25998596
TX_HISTORY sequence=2783 type=7 flags=0x07 encoded_bytes=88 allocated_us=26007174 enqueue_us=26007231 write_start_us=26007541 write_end_us=26007574
TX_HISTORY sequence=2784 type=20 flags=0x07 encoded_bytes=84 allocated_us=26015646 enqueue_us=26015698 write_start_us=26016551 write_end_us=26016590
TX_HISTORY sequence=2785 type=32 flags=0x07 encoded_bytes=40 allocated_us=26020540 enqueue_us=26020568 write_start_us=26020579 write_end_us=26020598
TX_HISTORY sequence=2786 type=5 flags=0x07 encoded_bytes=224 allocated_us=26029869 enqueue_us=26029948 write_start_us=26030540 write_end_us=26031595
TX_HISTORY sequence=2787 type=56 flags=0x07 encoded_bytes=184 allocated_us=26037572 enqueue_us=26037655 write_start_us=26038544 write_end_us=26039184
TX_HISTORY sequence=2788 type=7 flags=0x07 encoded_bytes=88 allocated_us=26040248 enqueue_us=26040293 write_start_us=26040533 write_end_us=26040552
TX_HISTORY sequence=2789 type=22 flags=0x07 encoded_bytes=148 allocated_us=26057557 enqueue_us=26057620 write_start_us=26058539 write_end_us=26058772
TX_HISTORY sequence=2790 type=5 flags=0x07 encoded_bytes=224 allocated_us=26062812 enqueue_us=26062897 write_start_us=26063540 write_end_us=26064625
TX_HISTORY sequence=2791 type=20 flags=0x07 encoded_bytes=84 allocated_us=26065517 enqueue_us=26065598 write_start_us=26065618 write_end_us=26065683
TX_HISTORY sequence=2792 type=16 flags=0x07 encoded_bytes=96 allocated_us=26067121 enqueue_us=26067172 write_start_us=26067549 write_end_us=26067586
TX_HISTORY sequence=2793 type=58 flags=0x07 encoded_bytes=72 allocated_us=26067715 enqueue_us=26067750 write_start_us=26068554 write_end_us=26068586
TX_HISTORY sequence=2794 type=7 flags=0x07 encoded_bytes=88 allocated_us=26073194 enqueue_us=26073251 write_start_us=26073540 write_end_us=26073566
TX_HISTORY sequence=2795 type=56 flags=0x07 encoded_bytes=184 allocated_us=26088574 enqueue_us=26088645 write_start_us=26089540 write_end_us=26090185
TX_HISTORY sequence=2796 type=5 flags=0x07 encoded_bytes=224 allocated_us=26094795 enqueue_us=26094876 write_start_us=26095534 write_end_us=26096598
TX_HISTORY sequence=2797 type=7 flags=0x07 encoded_bytes=88 allocated_us=26105176 enqueue_us=26105235 write_start_us=26105540 write_end_us=26105569
TX_HISTORY sequence=2798 type=20 flags=0x07 encoded_bytes=84 allocated_us=26116266 enqueue_us=26116319 write_start_us=26116550 write_end_us=26116591
TX_HISTORY sequence=2799 type=32 flags=0x07 encoded_bytes=40 allocated_us=26120537 enqueue_us=26120556 write_start_us=26120571 write_end_us=26120590
TX_HISTORY sequence=2800 type=5 flags=0x07 encoded_bytes=224 allocated_us=26128823 enqueue_us=26128906 write_start_us=26129540 write_end_us=26130607
TX_HISTORY sequence=2801 type=7 flags=0x07 encoded_bytes=88 allocated_us=26130851 enqueue_us=26130894 write_start_us=26131537 write_end_us=26131557
TX_HISTORY sequence=2802 type=56 flags=0x07 encoded_bytes=184 allocated_us=26138574 enqueue_us=26138651 write_start_us=26139544 write_end_us=26140195
TX_HISTORY sequence=2803 type=7 flags=0x07 encoded_bytes=88 allocated_us=26144171 enqueue_us=26144216 write_start_us=26144540 write_end_us=26144568
TX_HISTORY sequence=2804 type=22 flags=0x07 encoded_bytes=148 allocated_us=26158561 enqueue_us=26158628 write_start_us=26159538 write_end_us=26159785
TX_HISTORY sequence=2805 type=5 flags=0x07 encoded_bytes=224 allocated_us=26160757 enqueue_us=26160837 write_start_us=26161535 write_end_us=26162628
TX_HISTORY sequence=2806 type=16 flags=0x07 encoded_bytes=96 allocated_us=26165884 enqueue_us=26165944 write_start_us=26166548 write_end_us=26166621
TX_HISTORY sequence=2807 type=20 flags=0x07 encoded_bytes=84 allocated_us=26166432 enqueue_us=26166462 write_start_us=26166688 write_end_us=26167213
TX_HISTORY sequence=2808 type=57 flags=0x07 encoded_bytes=72 allocated_us=26166487 enqueue_us=26166514 write_start_us=26167230 write_end_us=26167999
TX_HISTORY sequence=2809 type=7 flags=0x07 encoded_bytes=88 allocated_us=26170688 enqueue_us=26170749 write_start_us=26171543 write_end_us=26171575
TX_HISTORY sequence=2810 type=56 flags=0x07 encoded_bytes=184 allocated_us=26188580 enqueue_us=26188649 write_start_us=26189538 write_end_us=26190168
TX_HISTORY sequence=2811 type=5 flags=0x07 encoded_bytes=224 allocated_us=26193784 enqueue_us=26193861 write_start_us=26194535 write_end_us=26195603
TX_HISTORY sequence=2812 type=7 flags=0x07 encoded_bytes=88 allocated_us=26204187 enqueue_us=26204245 write_start_us=26204541 write_end_us=26204572
TX_HISTORY sequence=2813 type=20 flags=0x07 encoded_bytes=84 allocated_us=26215412 enqueue_us=26215465 write_start_us=26215546 write_end_us=26215586
TX_HISTORY sequence=2814 type=32 flags=0x07 encoded_bytes=40 allocated_us=26220536 enqueue_us=26220556 write_start_us=26220568 write_end_us=26220593
TX_HISTORY sequence=2815 type=5 flags=0x07 encoded_bytes=224 allocated_us=26226805 enqueue_us=26226886 write_start_us=26227537 write_end_us=26228602
TX_HISTORY sequence=2816 type=7 flags=0x07 encoded_bytes=88 allocated_us=26237184 enqueue_us=26237240 write_start_us=26237540 write_end_us=26237570
TX_HISTORY sequence=2817 type=56 flags=0x07 encoded_bytes=184 allocated_us=26238574 enqueue_us=26238641 write_start_us=26239538 write_end_us=26240163
TX_HISTORY sequence=2818 type=22 flags=0x07 encoded_bytes=148 allocated_us=26258560 enqueue_us=26258618 write_start_us=26259539 write_end_us=26259851
TX_HISTORY sequence=2819 type=5 flags=0x07 encoded_bytes=224 allocated_us=26259749 enqueue_us=26259832 write_start_us=26259864 write_end_us=26262227
TX_HISTORY sequence=2820 type=16 flags=0x07 encoded_bytes=96 allocated_us=26264630 enqueue_us=26264681 write_start_us=26265600 write_end_us=26265630
TX_HISTORY sequence=2821 type=20 flags=0x07 encoded_bytes=84 allocated_us=26266187 enqueue_us=26266240 write_start_us=26266549 write_end_us=26266590
TX_HISTORY sequence=2822 type=58 flags=0x07 encoded_bytes=72 allocated_us=26267681 enqueue_us=26267722 write_start_us=26268546 write_end_us=26268576
TX_HISTORY sequence=2823 type=7 flags=0x07 encoded_bytes=88 allocated_us=26270236 enqueue_us=26270282 write_start_us=26270535 write_end_us=26270555
TX_HISTORY sequence=2824 type=56 flags=0x07 encoded_bytes=184 allocated_us=26288583 enqueue_us=26288658 write_start_us=26289538 write_end_us=26290180
TX_HISTORY sequence=2825 type=5 flags=0x07 encoded_bytes=224 allocated_us=26292802 enqueue_us=26292886 write_start_us=26293537 write_end_us=26294605
TX_HISTORY sequence=2826 type=7 flags=0x07 encoded_bytes=88 allocated_us=26303185 enqueue_us=26303236 write_start_us=26303540 write_end_us=26303572
TX_HISTORY sequence=2827 type=20 flags=0x07 encoded_bytes=84 allocated_us=26315422 enqueue_us=26315476 write_start_us=26315545 write_end_us=26315590
TX_HISTORY sequence=2828 type=32 flags=0x07 encoded_bytes=40 allocated_us=26320535 enqueue_us=26320553 write_start_us=26320571 write_end_us=26320588
TX_HISTORY sequence=2829 type=5 flags=0x07 encoded_bytes=224 allocated_us=26325883 enqueue_us=26325965 write_start_us=26326538 write_end_us=26327596
TX_HISTORY sequence=2830 type=7 flags=0x07 encoded_bytes=88 allocated_us=26336192 enqueue_us=26336246 write_start_us=26336540 write_end_us=26336568
TX_HISTORY sequence=2831 type=56 flags=0x07 encoded_bytes=184 allocated_us=26339575 enqueue_us=26339646 write_start_us=26340540 write_end_us=26341192
TX_HISTORY sequence=2832 type=5 flags=0x07 encoded_bytes=224 allocated_us=26358743 enqueue_us=26358833 write_start_us=26359541 write_end_us=26360608
TX_HISTORY sequence=2833 type=22 flags=0x07 encoded_bytes=148 allocated_us=26360147 enqueue_us=26360222 write_start_us=26360625 write_end_us=26362249
TX_HISTORY sequence=2834 type=16 flags=0x07 encoded_bytes=96 allocated_us=26364525 enqueue_us=26364570 write_start_us=26364585 write_end_us=26364617
TX_HISTORY sequence=2835 type=20 flags=0x07 encoded_bytes=84 allocated_us=26366122 enqueue_us=26366177 write_start_us=26366555 write_end_us=26366599
TX_HISTORY sequence=2836 type=7 flags=0x07 encoded_bytes=88 allocated_us=26369306 enqueue_us=26369358 write_start_us=26369543 write_end_us=26369570
TX_HISTORY sequence=2837 type=56 flags=0x07 encoded_bytes=184 allocated_us=26390581 enqueue_us=26390654 write_start_us=26391538 write_end_us=26392158
TX_HISTORY sequence=2838 type=5 flags=0x07 encoded_bytes=224 allocated_us=26391786 enqueue_us=26391867 write_start_us=26392169 write_end_us=26394599
TX_HISTORY sequence=2839 type=7 flags=0x07 encoded_bytes=88 allocated_us=26402171 enqueue_us=26402225 write_start_us=26402542 write_end_us=26402574
TX_HISTORY sequence=2840 type=20 flags=0x07 encoded_bytes=84 allocated_us=26415299 enqueue_us=26415356 write_start_us=26415554 write_end_us=26415593
TX_HISTORY sequence=2841 type=32 flags=0x07 encoded_bytes=40 allocated_us=26420535 enqueue_us=26420552 write_start_us=26420561 write_end_us=26420578
TX_HISTORY sequence=2842 type=5 flags=0x07 encoded_bytes=224 allocated_us=26424854 enqueue_us=26424935 write_start_us=26425537 write_end_us=26426605
TX_HISTORY sequence=2843 type=11 flags=0x07 encoded_bytes=56 allocated_us=26430978 enqueue_us=26431014 write_start_us=26431542 write_end_us=26431568
TX_HISTORY sequence=2844 type=7 flags=0x07 encoded_bytes=88 allocated_us=26435177 enqueue_us=26435223 write_start_us=26435541 write_end_us=26435569
TX_HISTORY sequence=2845 type=56 flags=0x07 encoded_bytes=184 allocated_us=26440574 enqueue_us=26440647 write_start_us=26441540 write_end_us=26442194
TX_HISTORY sequence=2846 type=5 flags=0x07 encoded_bytes=224 allocated_us=26457748 enqueue_us=26457833 write_start_us=26458539 write_end_us=26459627
TX_HISTORY sequence=2847 type=22 flags=0x07 encoded_bytes=148 allocated_us=26461546 enqueue_us=26461600 write_start_us=26462603 write_end_us=26462876
TX_HISTORY sequence=2848 type=16 flags=0x07 encoded_bytes=96 allocated_us=26461954 enqueue_us=26462032 write_start_us=26462943 write_end_us=26463912
TX_HISTORY sequence=2849 type=20 flags=0x07 encoded_bytes=84 allocated_us=26466473 enqueue_us=26466635 write_start_us=26466561 write_end_us=26466607
TX_HISTORY sequence=2850 type=7 flags=0x07 encoded_bytes=88 allocated_us=26468289 enqueue_us=26468323 write_start_us=26468542 write_end_us=26468567
TX_HISTORY sequence=2851 type=58 flags=0x07 encoded_bytes=72 allocated_us=26468674 enqueue_us=26468703 write_start_us=26469544 write_end_us=26469566
TX_HISTORY sequence=2852 type=5 flags=0x07 encoded_bytes=224 allocated_us=26490762 enqueue_us=26490863 write_start_us=26491540 write_end_us=26492593
TX_HISTORY sequence=2853 type=56 flags=0x07 encoded_bytes=184 allocated_us=26492643 enqueue_us=26492706 write_start_us=26493538 write_end_us=26494594
TX_HISTORY sequence=2854 type=7 flags=0x07 encoded_bytes=88 allocated_us=26501181 enqueue_us=26501228 write_start_us=26501539 write_end_us=26501571
TX_HISTORY sequence=2855 type=20 flags=0x07 encoded_bytes=84 allocated_us=26515255 enqueue_us=26515314 write_start_us=26515552 write_end_us=26515589
TX_HISTORY sequence=2856 type=32 flags=0x07 encoded_bytes=40 allocated_us=26520538 enqueue_us=26520556 write_start_us=26520565 write_end_us=26520583
TX_HISTORY sequence=2857 type=5 flags=0x07 encoded_bytes=224 allocated_us=26523871 enqueue_us=26523950 write_start_us=26524536 write_end_us=26525588
TX_HISTORY sequence=2858 type=7 flags=0x07 encoded_bytes=88 allocated_us=26534189 enqueue_us=26534244 write_start_us=26534544 write_end_us=26534575
TX_HISTORY sequence=2859 type=56 flags=0x07 encoded_bytes=184 allocated_us=26543571 enqueue_us=26543643 write_start_us=26544543 write_end_us=26545177
TX_HISTORY sequence=2860 type=5 flags=0x07 encoded_bytes=224 allocated_us=26556744 enqueue_us=26556824 write_start_us=26557534 write_end_us=26558584
TX_HISTORY sequence=2861 type=16 flags=0x07 encoded_bytes=96 allocated_us=26561416 enqueue_us=26561474 write_start_us=26561581 write_end_us=26561641
TX_HISTORY sequence=2862 type=20 flags=0x07 encoded_bytes=84 allocated_us=26565987 enqueue_us=26566044 write_start_us=26566548 write_end_us=26566601
TX_HISTORY sequence=2863 type=22 flags=0x07 encoded_bytes=148 allocated_us=26566091 enqueue_us=26566144 write_start_us=26566627 write_end_us=26567717
TX_HISTORY sequence=2864 type=7 flags=0x07 encoded_bytes=88 allocated_us=26567287 enqueue_us=26567321 write_start_us=26567726 write_end_us=26568702
TX_HISTORY sequence=2865 type=5 flags=0x07 encoded_bytes=224 allocated_us=26589754 enqueue_us=26589852 write_start_us=26590545 write_end_us=26591597
TX_HISTORY sequence=2866 type=56 flags=0x07 encoded_bytes=184 allocated_us=26593575 enqueue_us=26593642 write_start_us=26594541 write_end_us=26595182
TX_HISTORY sequence=2867 type=7 flags=0x07 encoded_bytes=88 allocated_us=26600189 enqueue_us=26600236 write_start_us=26600539 write_end_us=26600572
TX_HISTORY sequence=2868 type=20 flags=0x07 encoded_bytes=84 allocated_us=26615224 enqueue_us=26615278 write_start_us=26615549 write_end_us=26615589
TX_HISTORY sequence=2869 type=32 flags=0x07 encoded_bytes=40 allocated_us=26620534 enqueue_us=26620552 write_start_us=26620565 write_end_us=26620582
TX_HISTORY sequence=2870 type=5 flags=0x07 encoded_bytes=224 allocated_us=26621885 enqueue_us=26621964 write_start_us=26622537 write_end_us=26623595
TX_HISTORY sequence=2871 type=7 flags=0x07 encoded_bytes=88 allocated_us=26632189 enqueue_us=26632245 write_start_us=26632541 write_end_us=26632571
TX_HISTORY sequence=2872 type=56 flags=0x07 encoded_bytes=184 allocated_us=26643572 enqueue_us=26643642 write_start_us=26644542 write_end_us=26645172
TX_HISTORY sequence=2873 type=5 flags=0x07 encoded_bytes=224 allocated_us=26654750 enqueue_us=26654829 write_start_us=26655535 write_end_us=26656586
TX_HISTORY sequence=2874 type=16 flags=0x07 encoded_bytes=96 allocated_us=26663496 enqueue_us=26663557 write_start_us=26663575 write_end_us=26663646
TX_HISTORY sequence=2875 type=20 flags=0x07 encoded_bytes=84 allocated_us=26665593 enqueue_us=26665644 write_start_us=26666545 write_end_us=26666587
TX_HISTORY sequence=2876 type=7 flags=0x07 encoded_bytes=88 allocated_us=26666893 enqueue_us=26666932 write_start_us=26667542 write_end_us=26667564
TX_HISTORY sequence=2877 type=22 flags=0x07 encoded_bytes=148 allocated_us=26667691 enqueue_us=26667751 write_start_us=26668545 write_end_us=26668795
TX_HISTORY sequence=2878 type=58 flags=0x07 encoded_bytes=72 allocated_us=26670595 enqueue_us=26670634 write_start_us=26671543 write_end_us=26671570
TX_HISTORY sequence=2879 type=5 flags=0x07 encoded_bytes=224 allocated_us=26687749 enqueue_us=26687834 write_start_us=26688538 write_end_us=26689596
TX_HISTORY sequence=2880 type=56 flags=0x07 encoded_bytes=184 allocated_us=26693572 enqueue_us=26693643 write_start_us=26694541 write_end_us=26695191
TX_HISTORY sequence=2881 type=7 flags=0x07 encoded_bytes=88 allocated_us=26698203 enqueue_us=26698254 write_start_us=26698541 write_end_us=26698571
TX_HISTORY sequence=2882 type=20 flags=0x07 encoded_bytes=84 allocated_us=26715102 enqueue_us=26715154 write_start_us=26715554 write_end_us=26715593
TX_HISTORY sequence=2883 type=32 flags=0x07 encoded_bytes=40 allocated_us=26720539 enqueue_us=26720559 write_start_us=26720568 write_end_us=26720584
TX_HISTORY sequence=2884 type=5 flags=0x07 encoded_bytes=224 allocated_us=26720828 enqueue_us=26720907 write_start_us=26721540 write_end_us=26722608
TX_HISTORY sequence=2885 type=7 flags=0x07 encoded_bytes=88 allocated_us=26731184 enqueue_us=26731241 write_start_us=26731540 write_end_us=26731568
TX_HISTORY sequence=2886 type=56 flags=0x07 encoded_bytes=184 allocated_us=26744590 enqueue_us=26744683 write_start_us=26745546 write_end_us=26746194
TX_HISTORY sequence=2887 type=5 flags=0x07 encoded_bytes=224 allocated_us=26756952 enqueue_us=26757035 write_start_us=26757533 write_end_us=26758603
TX_HISTORY sequence=2888 type=20 flags=0x07 encoded_bytes=84 allocated_us=26765104 enqueue_us=26765156 write_start_us=26765561 write_end_us=26765688
TX_HISTORY sequence=2889 type=16 flags=0x07 encoded_bytes=96 allocated_us=26765501 enqueue_us=26765544 write_start_us=26765726 write_end_us=26766254
TX_HISTORY sequence=2890 type=22 flags=0x07 encoded_bytes=148 allocated_us=26767380 enqueue_us=26767449 write_start_us=26767546 write_end_us=26767850
TX_HISTORY sequence=2891 type=7 flags=0x07 encoded_bytes=88 allocated_us=26769386 enqueue_us=26769423 write_start_us=26769534 write_end_us=26769554
TX_HISTORY sequence=2892 type=5 flags=0x07 encoded_bytes=224 allocated_us=26786747 enqueue_us=26786839 write_start_us=26787539 write_end_us=26788597
TX_HISTORY sequence=2893 type=56 flags=0x07 encoded_bytes=184 allocated_us=26794594 enqueue_us=26794667 write_start_us=26795543 write_end_us=26796185
TX_HISTORY sequence=2894 type=7 flags=0x07 encoded_bytes=88 allocated_us=26797213 enqueue_us=26797253 write_start_us=26797534 write_end_us=26797556
TX_HISTORY sequence=2895 type=20 flags=0x07 encoded_bytes=84 allocated_us=26815045 enqueue_us=26815098 write_start_us=26815551 write_end_us=26815588
TX_HISTORY sequence=2896 type=5 flags=0x07 encoded_bytes=224 allocated_us=26819836 enqueue_us=26819919 write_start_us=26820566 write_end_us=26821665
TX_HISTORY sequence=2897 type=32 flags=0x07 encoded_bytes=40 allocated_us=26820534 enqueue_us=26820552 write_start_us=26821684 write_end_us=26822066
TX_HISTORY sequence=2898 type=7 flags=0x07 encoded_bytes=88 allocated_us=26830189 enqueue_us=26830242 write_start_us=26830542 write_end_us=26830572
TX_HISTORY sequence=2899 type=56 flags=0x07 encoded_bytes=184 allocated_us=26845573 enqueue_us=26845645 write_start_us=26846537 write_end_us=26847169
TX_HISTORY sequence=2900 type=5 flags=0x07 encoded_bytes=224 allocated_us=26852757 enqueue_us=26852838 write_start_us=26853535 write_end_us=26854602
TX_HISTORY sequence=2901 type=7 flags=0x07 encoded_bytes=88 allocated_us=26863239 enqueue_us=26863293 write_start_us=26863544 write_end_us=26863578
TX_HISTORY sequence=2902 type=20 flags=0x07 encoded_bytes=84 allocated_us=26865803 enqueue_us=26865853 write_start_us=26866586 write_end_us=26866651
TX_HISTORY sequence=2903 type=16 flags=0x07 encoded_bytes=96 allocated_us=26867590 enqueue_us=26867644 write_start_us=26868602 write_end_us=26868664
TX_HISTORY sequence=2904 type=22 flags=0x07 encoded_bytes=148 allocated_us=26867762 enqueue_us=26867820 write_start_us=26868687 write_end_us=26869909
TX_HISTORY sequence=2905 type=58 flags=0x07 encoded_bytes=72 allocated_us=26870598 enqueue_us=26870639 write_start_us=26871541 write_end_us=26871571
TX_HISTORY sequence=2906 type=5 flags=0x07 encoded_bytes=224 allocated_us=26885800 enqueue_us=26885882 write_start_us=26886540 write_end_us=26887589
TX_HISTORY sequence=2907 type=56 flags=0x07 encoded_bytes=184 allocated_us=26895576 enqueue_us=26895662 write_start_us=26896542 write_end_us=26897178
TX_HISTORY sequence=2908 type=7 flags=0x07 encoded_bytes=88 allocated_us=26896183 enqueue_us=26896216 write_start_us=26897189 write_end_us=26898133
TX_HISTORY sequence=2909 type=20 flags=0x07 encoded_bytes=84 allocated_us=26914986 enqueue_us=26915052 write_start_us=26915550 write_end_us=26915581
TX_HISTORY sequence=2910 type=5 flags=0x07 encoded_bytes=224 allocated_us=26918846 enqueue_us=26918931 write_start_us=26919537 write_end_us=26920608
TX_HISTORY sequence=2911 type=32 flags=0x07 encoded_bytes=40 allocated_us=26921542 enqueue_us=26921569 write_start_us=26921587 write_end_us=26921605
TX_HISTORY sequence=2912 type=7 flags=0x07 encoded_bytes=88 allocated_us=26929179 enqueue_us=26929225 write_start_us=26929540 write_end_us=26929571
TX_HISTORY sequence=2913 type=56 flags=0x07 encoded_bytes=184 allocated_us=26946576 enqueue_us=26946651 write_start_us=26947540 write_end_us=26948176
TX_HISTORY sequence=2914 type=5 flags=0x07 encoded_bytes=224 allocated_us=26951757 enqueue_us=26951839 write_start_us=26952534 write_end_us=26953583
TX_HISTORY sequence=2915 type=7 flags=0x07 encoded_bytes=88 allocated_us=26962191 enqueue_us=26962240 write_start_us=26962545 write_end_us=26962573
TX_HISTORY sequence=2916 type=20 flags=0x07 encoded_bytes=84 allocated_us=26965724 enqueue_us=26965778 write_start_us=26966547 write_end_us=26966589
TX_HISTORY sequence=2917 type=22 flags=0x07 encoded_bytes=148 allocated_us=26967638 enqueue_us=26967703 write_start_us=26968544 write_end_us=26968772
TX_HISTORY sequence=2918 type=16 flags=0x07 encoded_bytes=96 allocated_us=26972305 enqueue_us=26972367 write_start_us=26972549 write_end_us=26972617
TX_HISTORY sequence=2919 type=57 flags=0x07 encoded_bytes=72 allocated_us=26972671 enqueue_us=26972701 write_start_us=26973544 write_end_us=26973571
TX_HISTORY sequence=2920 type=5 flags=0x07 encoded_bytes=224 allocated_us=26987260 enqueue_us=26987347 write_start_us=26987540 write_end_us=26988597
TX_HISTORY sequence=2921 type=56 flags=0x07 encoded_bytes=184 allocated_us=26996577 enqueue_us=26996663 write_start_us=26997541 write_end_us=26998195
TX_HISTORY sequence=2922 type=7 flags=0x07 encoded_bytes=88 allocated_us=26997234 enqueue_us=26997269 write_start_us=26998221 write_end_us=26999129
TX_HISTORY sequence=2923 type=20 flags=0x07 encoded_bytes=84 allocated_us=27014961 enqueue_us=27015018 write_start_us=27015553 write_end_us=27015594
TX_HISTORY sequence=2924 type=5 flags=0x07 encoded_bytes=224 allocated_us=27017880 enqueue_us=27017961 write_start_us=27018538 write_end_us=27019595
TX_HISTORY sequence=2925 type=32 flags=0x07 encoded_bytes=40 allocated_us=27021541 enqueue_us=27021570 write_start_us=27021588 write_end_us=27021609
TX_HISTORY sequence=2926 type=7 flags=0x07 encoded_bytes=88 allocated_us=27028185 enqueue_us=27028233 write_start_us=27028541 write_end_us=27028569
TX_HISTORY sequence=2927 type=56 flags=0x07 encoded_bytes=184 allocated_us=27047576 enqueue_us=27047650 write_start_us=27048541 write_end_us=27049172
TX_HISTORY sequence=2928 type=5 flags=0x07 encoded_bytes=224 allocated_us=27050751 enqueue_us=27050830 write_start_us=27051534 write_end_us=27052596
TX_HISTORY sequence=2929 type=7 flags=0x07 encoded_bytes=88 allocated_us=27061176 enqueue_us=27061228 write_start_us=27061543 write_end_us=27061572
TX_HISTORY sequence=2930 type=20 flags=0x07 encoded_bytes=84 allocated_us=27065649 enqueue_us=27065700 write_start_us=27066548 write_end_us=27066592
TX_HISTORY sequence=2931 type=22 flags=0x07 encoded_bytes=148 allocated_us=27067633 enqueue_us=27067696 write_start_us=27068543 write_end_us=27068789
TX_HISTORY sequence=2932 type=58 flags=0x07 encoded_bytes=72 allocated_us=27070594 enqueue_us=27070626 write_start_us=27071540 write_end_us=27071565
TX_HISTORY sequence=2933 type=5 flags=0x07 encoded_bytes=224 allocated_us=27082803 enqueue_us=27082890 write_start_us=27083535 write_end_us=27084659
TX_HISTORY sequence=2934 type=16 flags=0x07 encoded_bytes=96 allocated_us=27087821 enqueue_us=27087881 write_start_us=27088545 write_end_us=27088615
TX_HISTORY sequence=2935 type=57 flags=0x07 encoded_bytes=72 allocated_us=27088667 enqueue_us=27088696 write_start_us=27089542 write_end_us=27089568
TX_HISTORY sequence=2936 type=7 flags=0x07 encoded_bytes=88 allocated_us=27093197 enqueue_us=27093247 write_start_us=27093540 write_end_us=27093570
TX_HISTORY sequence=2937 type=56 flags=0x07 encoded_bytes=184 allocated_us=27098579 enqueue_us=27098647 write_start_us=27099538 write_end_us=27100163
TX_HISTORY sequence=2938 type=20 flags=0x07 encoded_bytes=84 allocated_us=27114885 enqueue_us=27114941 write_start_us=27115554 write_end_us=27115594
TX_HISTORY sequence=2939 type=5 flags=0x07 encoded_bytes=224 allocated_us=27116874 enqueue_us=27116956 write_start_us=27117540 write_end_us=27118607
TX_HISTORY sequence=2940 type=7 flags=0x07 encoded_bytes=88 allocated_us=27118900 enqueue_us=27118937 write_start_us=27119537 write_end_us=27119581
TX_HISTORY sequence=2941 type=32 flags=0x07 encoded_bytes=40 allocated_us=27121538 enqueue_us=27121573 write_start_us=27121589 write_end_us=27121617
TX_HISTORY sequence=2942 type=7 flags=0x07 encoded_bytes=88 allocated_us=27132168 enqueue_us=27132211 write_start_us=27132540 write_end_us=27132566
TX_HISTORY sequence=2943 type=56 flags=0x07 encoded_bytes=184 allocated_us=27148576 enqueue_us=27148658 write_start_us=27149540 write_end_us=27150176
TX_HISTORY sequence=2944 type=5 flags=0x07 encoded_bytes=224 allocated_us=27148752 enqueue_us=27148833 write_start_us=27150187 write_end_us=27152605
TX_HISTORY sequence=2945 type=7 flags=0x07 encoded_bytes=88 allocated_us=27159174 enqueue_us=27159223 write_start_us=27159541 write_end_us=27159571
TX_HISTORY sequence=2946 type=20 flags=0x07 encoded_bytes=84 allocated_us=27165598 enqueue_us=27165649 write_start_us=27166548 write_end_us=27166589
TX_HISTORY sequence=2947 type=22 flags=0x07 encoded_bytes=148 allocated_us=27167635 enqueue_us=27167700 write_start_us=27168542 write_end_us=27168772
TX_HISTORY sequence=2948 type=5 flags=0x07 encoded_bytes=224 allocated_us=27181802 enqueue_us=27181890 write_start_us=27182537 write_end_us=27183610
TX_HISTORY sequence=2949 type=16 flags=0x07 encoded_bytes=96 allocated_us=27185996 enqueue_us=27186052 write_start_us=27186570 write_end_us=27186601
TX_HISTORY sequence=2950 type=7 flags=0x07 encoded_bytes=88 allocated_us=27192186 enqueue_us=27192238 write_start_us=27192540 write_end_us=27192574
TX_HISTORY sequence=2951 type=56 flags=0x07 encoded_bytes=184 allocated_us=27199579 enqueue_us=27199651 write_start_us=27200539 write_end_us=27201164
TX_HISTORY sequence=2952 type=5 flags=0x07 encoded_bytes=224 allocated_us=27214817 enqueue_us=27214903 write_start_us=27215550 write_end_us=27216624
TX_HISTORY sequence=2953 type=20 flags=0x07 encoded_bytes=84 allocated_us=27216689 enqueue_us=27216741 write_start_us=27217542 write_end_us=27217568
TX_HISTORY sequence=2954 type=32 flags=0x07 encoded_bytes=40 allocated_us=27221541 enqueue_us=27221563 write_start_us=27221576 write_end_us=27221599
TX_HISTORY sequence=2955 type=7 flags=0x07 encoded_bytes=88 allocated_us=27225184 enqueue_us=27225228 write_start_us=27225540 write_end_us=27225569
TX_HISTORY sequence=2956 type=5 flags=0x07 encoded_bytes=224 allocated_us=27247776 enqueue_us=27247868 write_start_us=27248541 write_end_us=27249610
TX_HISTORY sequence=2957 type=56 flags=0x07 encoded_bytes=184 allocated_us=27249664 enqueue_us=27249732 write_start_us=27250537 write_end_us=27251595
TX_HISTORY sequence=2958 type=7 flags=0x07 encoded_bytes=88 allocated_us=27258179 enqueue_us=27258225 write_start_us=27258540 write_end_us=27258570
TX_HISTORY sequence=2959 type=20 flags=0x07 encoded_bytes=84 allocated_us=27264770 enqueue_us=27264817 write_start_us=27265550 write_end_us=27265590
TX_HISTORY sequence=2960 type=22 flags=0x07 encoded_bytes=148 allocated_us=27269572 enqueue_us=27269637 write_start_us=27270537 write_end_us=27270773
TX_HISTORY sequence=2961 type=58 flags=0x07 encoded_bytes=72 allocated_us=27271587 enqueue_us=27271613 write_start_us=27272535 write_end_us=27272553
TX_HISTORY sequence=2962 type=5 flags=0x07 encoded_bytes=224 allocated_us=27280761 enqueue_us=27280845 write_start_us=27281538 write_end_us=27282599
TX_HISTORY sequence=2963 type=16 flags=0x07 encoded_bytes=96 allocated_us=27286419 enqueue_us=27286473 write_start_us=27286548 write_end_us=27286614
TX_HISTORY sequence=2964 type=7 flags=0x07 encoded_bytes=88 allocated_us=27291201 enqueue_us=27291252 write_start_us=27291542 write_end_us=27291581
TX_HISTORY sequence=2965 type=56 flags=0x07 encoded_bytes=184 allocated_us=27300575 enqueue_us=27300649 write_start_us=27301539 write_end_us=27302170
TX_HISTORY sequence=2966 type=5 flags=0x07 encoded_bytes=224 allocated_us=27313778 enqueue_us=27313857 write_start_us=27314534 write_end_us=27315599
TX_HISTORY sequence=2967 type=20 flags=0x07 encoded_bytes=84 allocated_us=27315859 enqueue_us=27315912 write_start_us=27316550 write_end_us=27316591
TX_HISTORY sequence=2968 type=32 flags=0x07 encoded_bytes=40 allocated_us=27321538 enqueue_us=27321577 write_start_us=27321601 write_end_us=27321625
TX_HISTORY sequence=2969 type=7 flags=0x07 encoded_bytes=88 allocated_us=27324255 enqueue_us=27324304 write_start_us=27324542 write_end_us=27324572
TX_HISTORY sequence=2970 type=5 flags=0x07 encoded_bytes=224 allocated_us=27346774 enqueue_us=27346867 write_start_us=27347539 write_end_us=27348590
TX_HISTORY sequence=2971 type=56 flags=0x07 encoded_bytes=184 allocated_us=27350576 enqueue_us=27350645 write_start_us=27351539 write_end_us=27352168
TX_HISTORY sequence=2972 type=7 flags=0x07 encoded_bytes=88 allocated_us=27357181 enqueue_us=27357230 write_start_us=27357541 write_end_us=27357570
TX_HISTORY sequence=2973 type=20 flags=0x07 encoded_bytes=84 allocated_us=27364738 enqueue_us=27364788 write_start_us=27365548 write_end_us=27365589
TX_HISTORY sequence=2974 type=22 flags=0x07 encoded_bytes=148 allocated_us=27369577 enqueue_us=27369647 write_start_us=27370538 write_end_us=27370781
TX_HISTORY sequence=2975 type=5 flags=0x07 encoded_bytes=224 allocated_us=27379807 enqueue_us=27379891 write_start_us=27380536 write_end_us=27381593
TX_HISTORY sequence=2976 type=16 flags=0x07 encoded_bytes=96 allocated_us=27388441 enqueue_us=27388497 write_start_us=27388582 write_end_us=27388638
TX_HISTORY sequence=2977 type=7 flags=0x07 encoded_bytes=88 allocated_us=27391742 enqueue_us=27391789 write_start_us=27392540 write_end_us=27392574
TX_HISTORY sequence=2978 type=56 flags=0x07 encoded_bytes=184 allocated_us=27401580 enqueue_us=27401650 write_start_us=27402544 write_end_us=27403180
TX_HISTORY sequence=2979 type=5 flags=0x07 encoded_bytes=224 allocated_us=27412765 enqueue_us=27412849 write_start_us=27413535 write_end_us=27414610
TX_HISTORY sequence=2980 type=20 flags=0x07 encoded_bytes=84 allocated_us=27414913 enqueue_us=27414967 write_start_us=27415547 write_end_us=27415589
TX_HISTORY sequence=2981 type=32 flags=0x07 encoded_bytes=40 allocated_us=27421543 enqueue_us=27421580 write_start_us=27421600 write_end_us=27421628
TX_HISTORY sequence=2982 type=7 flags=0x07 encoded_bytes=88 allocated_us=27423187 enqueue_us=27423222 write_start_us=27423533 write_end_us=27423553
TX_HISTORY sequence=2983 type=11 flags=0x07 encoded_bytes=56 allocated_us=27431967 enqueue_us=27431999 write_start_us=27432542 write_end_us=27432569
TX_HISTORY sequence=2984 type=5 flags=0x07 encoded_bytes=224 allocated_us=27445783 enqueue_us=27445867 write_start_us=27446536 write_end_us=27447612
TX_HISTORY sequence=2985 type=56 flags=0x07 encoded_bytes=184 allocated_us=27451578 enqueue_us=27451653 write_start_us=27452539 write_end_us=27453167
TX_HISTORY sequence=2986 type=7 flags=0x07 encoded_bytes=88 allocated_us=27456188 enqueue_us=27456235 write_start_us=27456539 write_end_us=27456565
TX_HISTORY sequence=2987 type=20 flags=0x07 encoded_bytes=84 allocated_us=27464682 enqueue_us=27464733 write_start_us=27465550 write_end_us=27465591
TX_HISTORY sequence=2988 type=22 flags=0x07 encoded_bytes=148 allocated_us=27469581 enqueue_us=27469643 write_start_us=27470541 write_end_us=27470783
TX_HISTORY sequence=2989 type=58 flags=0x07 encoded_bytes=72 allocated_us=27471585 enqueue_us=27471611 write_start_us=27472532 write_end_us=27472553
TX_HISTORY sequence=2990 type=5 flags=0x07 encoded_bytes=224 allocated_us=27478859 enqueue_us=27478939 write_start_us=27479537 write_end_us=27480589
TX_HISTORY sequence=2991 type=7 flags=0x07 encoded_bytes=88 allocated_us=27489215 enqueue_us=27489273 write_start_us=27489540 write_end_us=27489574
TX_HISTORY sequence=2992 type=16 flags=0x07 encoded_bytes=96 allocated_us=27492402 enqueue_us=27492439 write_start_us=27492589 write_end_us=27492615
TX_HISTORY sequence=2993 type=56 flags=0x07 encoded_bytes=184 allocated_us=27502578 enqueue_us=27502661 write_start_us=27503543 write_end_us=27504189
TX_HISTORY sequence=2994 type=5 flags=0x07 encoded_bytes=224 allocated_us=27511765 enqueue_us=27511854 write_start_us=27512536 write_end_us=27513588
TX_HISTORY sequence=2995 type=20 flags=0x07 encoded_bytes=84 allocated_us=27514722 enqueue_us=27514767 write_start_us=27515548 write_end_us=27515594
TX_HISTORY sequence=2996 type=32 flags=0x07 encoded_bytes=40 allocated_us=27521541 enqueue_us=27521582 write_start_us=27521598 write_end_us=27521625
TX_HISTORY sequence=2997 type=7 flags=0x07 encoded_bytes=88 allocated_us=27522210 enqueue_us=27522247 write_start_us=27522534 write_end_us=27522553
TX_HISTORY sequence=2998 type=5 flags=0x07 encoded_bytes=224 allocated_us=27544772 enqueue_us=27544857 write_start_us=27545542 write_end_us=27546596
TX_HISTORY sequence=2999 type=56 flags=0x07 encoded_bytes=184 allocated_us=27552580 enqueue_us=27552658 write_start_us=27553541 write_end_us=27554184
TX_HISTORY sequence=3000 type=7 flags=0x07 encoded_bytes=88 allocated_us=27555219 enqueue_us=27555262 write_start_us=27555535 write_end_us=27555554
TX_HISTORY sequence=3001 type=20 flags=0x07 encoded_bytes=84 allocated_us=27565386 enqueue_us=27565440 write_start_us=27565552 write_end_us=27565585
TX_HISTORY sequence=3002 type=22 flags=0x07 encoded_bytes=148 allocated_us=27569570 enqueue_us=27569622 write_start_us=27570537 write_end_us=27570787
TX_HISTORY sequence=3003 type=5 flags=0x07 encoded_bytes=224 allocated_us=27577790 enqueue_us=27577871 write_start_us=27578538 write_end_us=27579594
TX_HISTORY sequence=3004 type=7 flags=0x07 encoded_bytes=88 allocated_us=27588193 enqueue_us=27588248 write_start_us=27588539 write_end_us=27588566
TX_HISTORY sequence=3005 type=16 flags=0x07 encoded_bytes=96 allocated_us=27591396 enqueue_us=27591436 write_start_us=27591542 write_end_us=27591568
TX_HISTORY sequence=3006 type=56 flags=0x07 encoded_bytes=184 allocated_us=27603579 enqueue_us=27603664 write_start_us=27604538 write_end_us=27605169
TX_HISTORY sequence=3007 type=5 flags=0x07 encoded_bytes=224 allocated_us=27610762 enqueue_us=27610838 write_start_us=27611542 write_end_us=27612598
TX_HISTORY sequence=3008 type=20 flags=0x07 encoded_bytes=84 allocated_us=27615354 enqueue_us=27615406 write_start_us=27615546 write_end_us=27615590
TX_HISTORY sequence=3009 type=7 flags=0x07 encoded_bytes=88 allocated_us=27621203 enqueue_us=27621256 write_start_us=27621565 write_end_us=27621594
TX_HISTORY sequence=3010 type=32 flags=0x07 encoded_bytes=40 allocated_us=27621533 enqueue_us=27621549 write_start_us=27621616 write_end_us=27621632
TX_HISTORY sequence=3011 type=5 flags=0x07 encoded_bytes=224 allocated_us=27643781 enqueue_us=27643874 write_start_us=27644541 write_end_us=27645609
TX_HISTORY sequence=3012 type=56 flags=0x07 encoded_bytes=184 allocated_us=27653582 enqueue_us=27653661 write_start_us=27654541 write_end_us=27655179
TX_HISTORY sequence=3013 type=7 flags=0x07 encoded_bytes=88 allocated_us=27654178 enqueue_us=27654213 write_start_us=27655190 write_end_us=27656157
TX_HISTORY sequence=3014 type=20 flags=0x07 encoded_bytes=84 allocated_us=27664567 enqueue_us=27664621 write_start_us=27665548 write_end_us=27665594
TX_HISTORY sequence=3015 type=22 flags=0x07 encoded_bytes=148 allocated_us=27669573 enqueue_us=27669628 write_start_us=27670543 write_end_us=27670787
TX_HISTORY sequence=3016 type=58 flags=0x07 encoded_bytes=72 allocated_us=27671583 enqueue_us=27671611 write_start_us=27672535 write_end_us=27672556
TX_HISTORY sequence=3017 type=5 flags=0x07 encoded_bytes=224 allocated_us=27675852 enqueue_us=27675932 write_start_us=27676533 write_end_us=27677601
TX_HISTORY sequence=3018 type=7 flags=0x07 encoded_bytes=88 allocated_us=27686190 enqueue_us=27686246 write_start_us=27686541 write_end_us=27686569
TX_HISTORY sequence=3019 type=16 flags=0x07 encoded_bytes=96 allocated_us=27691407 enqueue_us=27691458 write_start_us=27691592 write_end_us=27691654
TX_HISTORY sequence=3020 type=56 flags=0x07 encoded_bytes=184 allocated_us=27703584 enqueue_us=27703666 write_start_us=27704543 write_end_us=27705165
TX_HISTORY sequence=3021 type=5 flags=0x07 encoded_bytes=224 allocated_us=27709779 enqueue_us=27709861 write_start_us=27710539 write_end_us=27711607
TX_HISTORY sequence=3022 type=7 flags=0x07 encoded_bytes=88 allocated_us=27711819 enqueue_us=27711860 write_start_us=27712539 write_end_us=27712561
TX_HISTORY sequence=3023 type=20 flags=0x07 encoded_bytes=84 allocated_us=27715457 enqueue_us=27715511 write_start_us=27715548 write_end_us=27715570
TX_HISTORY sequence=3024 type=32 flags=0x07 encoded_bytes=40 allocated_us=27721541 enqueue_us=27721568 write_start_us=27721585 write_end_us=27721612
TX_HISTORY sequence=3025 type=7 flags=0x07 encoded_bytes=88 allocated_us=27725208 enqueue_us=27725259 write_start_us=27725542 write_end_us=27725573
TX_HISTORY sequence=3026 type=5 flags=0x07 encoded_bytes=224 allocated_us=27741780 enqueue_us=27741871 write_start_us=27742556 write_end_us=27743626
TX_HISTORY sequence=3027 type=56 flags=0x07 encoded_bytes=184 allocated_us=27753600 enqueue_us=27753693 write_start_us=27754543 write_end_us=27755189
TX_HISTORY sequence=3028 type=7 flags=0x07 encoded_bytes=88 allocated_us=27754372 enqueue_us=27754403 write_start_us=27755203 write_end_us=27756154
TX_HISTORY sequence=3029 type=20 flags=0x07 encoded_bytes=84 allocated_us=27765252 enqueue_us=27765296 write_start_us=27765548 write_end_us=27765577
TX_HISTORY sequence=3030 type=22 flags=0x07 encoded_bytes=148 allocated_us=27769584 enqueue_us=27769643 write_start_us=27770542 write_end_us=27770792
TX_HISTORY sequence=3031 type=5 flags=0x07 encoded_bytes=224 allocated_us=27774803 enqueue_us=27774886 write_start_us=27775535 write_end_us=27776588
TX_HISTORY sequence=3032 type=7 flags=0x07 encoded_bytes=88 allocated_us=27785195 enqueue_us=27785249 write_start_us=27785543 write_end_us=27785577
TX_HISTORY sequence=3033 type=16 flags=0x07 encoded_bytes=96 allocated_us=27793408 enqueue_us=27793463 write_start_us=27793603 write_end_us=27793661
TX_HISTORY sequence=3034 type=56 flags=0x07 encoded_bytes=184 allocated_us=27804581 enqueue_us=27804650 write_start_us=27805541 write_end_us=27806169
TX_HISTORY sequence=3035 type=5 flags=0x07 encoded_bytes=224 allocated_us=27808276 enqueue_us=27808356 write_start_us=27808535 write_end_us=27809597
TX_HISTORY sequence=3036 type=20 flags=0x07 encoded_bytes=84 allocated_us=27814518 enqueue_us=27814675 write_start_us=27814608 write_end_us=27814644
TX_HISTORY sequence=3037 type=7 flags=0x07 encoded_bytes=88 allocated_us=27818311 enqueue_us=27818364 write_start_us=27818543 write_end_us=27818583
TX_HISTORY sequence=3038 type=32 flags=0x07 encoded_bytes=40 allocated_us=27821537 enqueue_us=27821559 write_start_us=27821573 write_end_us=27821592
TX_HISTORY sequence=3039 type=5 flags=0x07 encoded_bytes=224 allocated_us=27840769 enqueue_us=27840858 write_start_us=27841541 write_end_us=27842595
TX_HISTORY sequence=3040 type=7 flags=0x07 encoded_bytes=88 allocated_us=27851172 enqueue_us=27851224 write_start_us=27851541 write_end_us=27851571
TX_HISTORY sequence=3041 type=56 flags=0x07 encoded_bytes=184 allocated_us=27854578 enqueue_us=27854647 write_start_us=27855539 write_end_us=27856180
TX_HISTORY sequence=3042 type=20 flags=0x07 encoded_bytes=84 allocated_us=27864452 enqueue_us=27864506 write_start_us=27864553 write_end_us=27864588
TX_HISTORY sequence=3043 type=22 flags=0x07 encoded_bytes=148 allocated_us=27870572 enqueue_us=27870624 write_start_us=27871540 write_end_us=27871776
TX_HISTORY sequence=3044 type=58 flags=0x07 encoded_bytes=72 allocated_us=27872588 enqueue_us=27872615 write_start_us=27873533 write_end_us=27873553
TX_HISTORY sequence=3045 type=5 flags=0x07 encoded_bytes=224 allocated_us=27873861 enqueue_us=27873941 write_start_us=27874537 write_end_us=27875606
TX_HISTORY sequence=3046 type=7 flags=0x07 encoded_bytes=88 allocated_us=27884190 enqueue_us=27884245 write_start_us=27884542 write_end_us=27884572
TX_HISTORY sequence=3047 type=16 flags=0x07 encoded_bytes=96 allocated_us=27895290 enqueue_us=27895351 write_start_us=27895580 write_end_us=27895652
TX_HISTORY sequence=3048 type=57 flags=0x07 encoded_bytes=72 allocated_us=27895698 enqueue_us=27895727 write_start_us=27896543 write_end_us=27896565
TX_HISTORY sequence=3049 type=56 flags=0x07 encoded_bytes=184 allocated_us=27905575 enqueue_us=27905643 write_start_us=27906538 write_end_us=27907177
TX_HISTORY sequence=3050 type=5 flags=0x07 encoded_bytes=224 allocated_us=27910254 enqueue_us=27910338 write_start_us=27910535 write_end_us=27911585
TX_HISTORY sequence=3051 type=20 flags=0x07 encoded_bytes=84 allocated_us=27915374 enqueue_us=27915431 write_start_us=27915546 write_end_us=27915585
TX_HISTORY sequence=3052 type=7 flags=0x07 encoded_bytes=88 allocated_us=27920248 enqueue_us=27920300 write_start_us=27920542 write_end_us=27920574
TX_HISTORY sequence=3053 type=32 flags=0x07 encoded_bytes=40 allocated_us=27921537 enqueue_us=27921561 write_start_us=27921575 write_end_us=27921594
TX_HISTORY sequence=3054 type=5 flags=0x07 encoded_bytes=224 allocated_us=27939781 enqueue_us=27939870 write_start_us=27940540 write_end_us=27941596
TX_HISTORY sequence=3055 type=7 flags=0x07 encoded_bytes=88 allocated_us=27950176 enqueue_us=27950227 write_start_us=27950542 write_end_us=27950571
TX_HISTORY sequence=3056 type=56 flags=0x07 encoded_bytes=184 allocated_us=27955576 enqueue_us=27955647 write_start_us=27956539 write_end_us=27957173
TX_HISTORY sequence=3057 type=20 flags=0x07 encoded_bytes=84 allocated_us=27964384 enqueue_us=27964438 write_start_us=27964546 write_end_us=27964583
TX_HISTORY sequence=3058 type=22 flags=0x07 encoded_bytes=148 allocated_us=27970567 enqueue_us=27970619 write_start_us=27971538 write_end_us=27971781
TX_HISTORY sequence=3059 type=5 flags=0x07 encoded_bytes=224 allocated_us=27972813 enqueue_us=27972895 write_start_us=27973537 write_end_us=27974601
TX_HISTORY sequence=3060 type=7 flags=0x07 encoded_bytes=88 allocated_us=27983191 enqueue_us=27983242 write_start_us=27983540 write_end_us=27983570
TX_HISTORY sequence=3061 type=5 flags=0x07 encoded_bytes=224 allocated_us=28005730 enqueue_us=28005823 write_start_us=28006543 write_end_us=28007610
TX_HISTORY sequence=3062 type=56 flags=0x07 encoded_bytes=184 allocated_us=28007663 enqueue_us=28007729 write_start_us=28008542 write_end_us=28009625
TX_HISTORY sequence=3063 type=57 flags=0x07 encoded_bytes=72 allocated_us=28011827 enqueue_us=28011892 write_start_us=28012576 write_end_us=28012624
TX_HISTORY sequence=3064 type=16 flags=0x07 encoded_bytes=96 allocated_us=28011902 enqueue_us=28011947 write_start_us=28012659 write_end_us=28013047
TX_HISTORY sequence=3065 type=7 flags=0x07 encoded_bytes=88 allocated_us=28015738 enqueue_us=28015834 write_start_us=28016550 write_end_us=28016583
TX_HISTORY sequence=3066 type=20 flags=0x07 encoded_bytes=84 allocated_us=28015895 enqueue_us=28015926 write_start_us=28016604 write_end_us=28017079
TX_HISTORY sequence=3067 type=32 flags=0x07 encoded_bytes=40 allocated_us=28021543 enqueue_us=28021572 write_start_us=28021591 write_end_us=28021622
TX_HISTORY sequence=3068 type=5 flags=0x07 encoded_bytes=224 allocated_us=28038783 enqueue_us=28038872 write_start_us=28039539 write_end_us=28040598
TX_HISTORY sequence=3069 type=7 flags=0x07 encoded_bytes=88 allocated_us=28049187 enqueue_us=28049238 write_start_us=28049545 write_end_us=28049575
TX_HISTORY sequence=3070 type=56 flags=0x07 encoded_bytes=184 allocated_us=28058580 enqueue_us=28058652 write_start_us=28059541 write_end_us=28060176
TX_HISTORY sequence=3071 type=20 flags=0x07 encoded_bytes=84 allocated_us=28064315 enqueue_us=28064361 write_start_us=28064547 write_end_us=28064576
TX_HISTORY sequence=3072 type=22 flags=0x07 encoded_bytes=148 allocated_us=28070571 enqueue_us=28070627 write_start_us=28071542 write_end_us=28071780
TX_HISTORY sequence=3073 type=5 flags=0x07 encoded_bytes=224 allocated_us=28071808 enqueue_us=28071889 write_start_us=28072534 write_end_us=28074221
TX_HISTORY sequence=3074 type=58 flags=0x07 encoded_bytes=72 allocated_us=28074295 enqueue_us=28074334 write_start_us=28074541 write_end_us=28075000
TX_HISTORY sequence=3075 type=7 flags=0x07 encoded_bytes=88 allocated_us=28082177 enqueue_us=28082225 write_start_us=28082541 write_end_us=28082574
TX_HISTORY sequence=3076 type=5 flags=0x07 encoded_bytes=224 allocated_us=28104737 enqueue_us=28104829 write_start_us=28105540 write_end_us=28106610
TX_HISTORY sequence=3077 type=56 flags=0x07 encoded_bytes=184 allocated_us=28108564 enqueue_us=28108631 write_start_us=28109546 write_end_us=28110186
TX_HISTORY sequence=3078 type=16 flags=0x07 encoded_bytes=96 allocated_us=28109808 enqueue_us=28109864 write_start_us=28110224 write_end_us=28111236
TX_HISTORY sequence=3079 type=20 flags=0x07 encoded_bytes=84 allocated_us=28115101 enqueue_us=28115163 write_start_us=28115545 write_end_us=28115595
TX_HISTORY sequence=3080 type=57 flags=0x07 encoded_bytes=72 allocated_us=28115196 enqueue_us=28115227 write_start_us=28115622 write_end_us=28115898
TX_HISTORY sequence=3081 type=7 flags=0x07 encoded_bytes=88 allocated_us=28115278 enqueue_us=28115311 write_start_us=28115907 write_end_us=28116883
TX_HISTORY sequence=3082 type=32 flags=0x07 encoded_bytes=40 allocated_us=28121540 enqueue_us=28121574 write_start_us=28121589 write_end_us=28121610
TX_HISTORY sequence=3083 type=5 flags=0x07 encoded_bytes=224 allocated_us=28136785 enqueue_us=28136869 write_start_us=28137542 write_end_us=28138606
TX_HISTORY sequence=3084 type=7 flags=0x07 encoded_bytes=88 allocated_us=28147176 enqueue_us=28147226 write_start_us=28147540 write_end_us=28147572
TX_HISTORY sequence=3085 type=56 flags=0x07 encoded_bytes=184 allocated_us=28158579 enqueue_us=28158655 write_start_us=28159541 write_end_us=28160172
TX_HISTORY sequence=3086 type=20 flags=0x07 encoded_bytes=84 allocated_us=28164232 enqueue_us=28164278 write_start_us=28164553 write_end_us=28164595
TX_HISTORY sequence=3087 type=22 flags=0x07 encoded_bytes=148 allocated_us=28170576 enqueue_us=28170631 write_start_us=28171542 write_end_us=28171777
TX_HISTORY sequence=3088 type=5 flags=0x07 encoded_bytes=224 allocated_us=28170862 enqueue_us=28170945 write_start_us=28171787 write_end_us=28174216
TX_HISTORY sequence=3089 type=7 flags=0x07 encoded_bytes=88 allocated_us=28172892 enqueue_us=28172928 write_start_us=28174226 write_end_us=28175207
TX_HISTORY sequence=3090 type=7 flags=0x07 encoded_bytes=88 allocated_us=28186163 enqueue_us=28186219 write_start_us=28186540 write_end_us=28186570
TX_HISTORY sequence=3091 type=5 flags=0x07 encoded_bytes=224 allocated_us=28202738 enqueue_us=28202824 write_start_us=28203540 write_end_us=28204611
TX_HISTORY sequence=3092 type=16 flags=0x07 encoded_bytes=96 allocated_us=28206908 enqueue_us=28206946 write_start_us=28207546 write_end_us=28207577
TX_HISTORY sequence=3093 type=56 flags=0x07 encoded_bytes=184 allocated_us=28208587 enqueue_us=28208674 write_start_us=28209543 write_end_us=28210185
TX_HISTORY sequence=3094 type=7 flags=0x07 encoded_bytes=88 allocated_us=28213268 enqueue_us=28213310 write_start_us=28213540 write_end_us=28213569
TX_HISTORY sequence=3095 type=20 flags=0x07 encoded_bytes=84 allocated_us=28214982 enqueue_us=28215035 write_start_us=28215547 write_end_us=28215589
TX_HISTORY sequence=3096 type=32 flags=0x07 encoded_bytes=40 allocated_us=28221540 enqueue_us=28221571 write_start_us=28221587 write_end_us=28221610
TX_HISTORY sequence=3097 type=5 flags=0x07 encoded_bytes=224 allocated_us=28235835 enqueue_us=28235918 write_start_us=28236542 write_end_us=28237608
TX_HISTORY sequence=3098 type=7 flags=0x07 encoded_bytes=88 allocated_us=28246200 enqueue_us=28246255 write_start_us=28246541 write_end_us=28246571
TX_HISTORY sequence=3099 type=56 flags=0x07 encoded_bytes=184 allocated_us=28259576 enqueue_us=28259645 write_start_us=28260540 write_end_us=28261178
TX_HISTORY sequence=3100 type=20 flags=0x07 encoded_bytes=84 allocated_us=28264935 enqueue_us=28264980 write_start_us=28265549 write_end_us=28265584
TX_HISTORY sequence=3101 type=5 flags=0x07 encoded_bytes=224 allocated_us=28268855 enqueue_us=28268945 write_start_us=28269536 write_end_us=28270592
TX_HISTORY sequence=3102 type=22 flags=0x07 encoded_bytes=148 allocated_us=28270626 enqueue_us=28270685 write_start_us=28271539 write_end_us=28272209
TX_HISTORY sequence=3103 type=58 flags=0x07 encoded_bytes=72 allocated_us=28274588 enqueue_us=28274621 write_start_us=28275538 write_end_us=28275562
TX_HISTORY sequence=3104 type=7 flags=0x07 encoded_bytes=88 allocated_us=28279191 enqueue_us=28279240 write_start_us=28279542 write_end_us=28279574
TX_HISTORY sequence=3105 type=5 flags=0x07 encoded_bytes=224 allocated_us=28301736 enqueue_us=28301831 write_start_us=28302539 write_end_us=28303610
TX_HISTORY sequence=3106 type=16 flags=0x07 encoded_bytes=96 allocated_us=28306000 enqueue_us=28306048 write_start_us=28306569 write_end_us=28306595
TX_HISTORY sequence=3107 type=56 flags=0x07 encoded_bytes=184 allocated_us=28309581 enqueue_us=28309659 write_start_us=28310545 write_end_us=28311200
TX_HISTORY sequence=3108 type=7 flags=0x07 encoded_bytes=88 allocated_us=28312296 enqueue_us=28312343 write_start_us=28312538 write_end_us=28312559
TX_HISTORY sequence=3109 type=20 flags=0x07 encoded_bytes=84 allocated_us=28314984 enqueue_us=28315038 write_start_us=28315548 write_end_us=28315585
TX_HISTORY sequence=3110 type=32 flags=0x07 encoded_bytes=40 allocated_us=28321538 enqueue_us=28321566 write_start_us=28321581 write_end_us=28321603
TX_HISTORY sequence=3111 type=5 flags=0x07 encoded_bytes=224 allocated_us=28334781 enqueue_us=28334863 write_start_us=28335541 write_end_us=28336592
TX_HISTORY sequence=3112 type=7 flags=0x07 encoded_bytes=88 allocated_us=28345190 enqueue_us=28345243 write_start_us=28345542 write_end_us=28345573
TX_HISTORY sequence=3113 type=56 flags=0x07 encoded_bytes=184 allocated_us=28360575 enqueue_us=28360644 write_start_us=28361542 write_end_us=28362180
TX_HISTORY sequence=3114 type=20 flags=0x07 encoded_bytes=84 allocated_us=28364161 enqueue_us=28364205 write_start_us=28364543 write_end_us=28364570
TX_HISTORY sequence=3115 type=5 flags=0x07 encoded_bytes=224 allocated_us=28367845 enqueue_us=28367935 write_start_us=28368541 write_end_us=28369597
TX_HISTORY sequence=3116 type=22 flags=0x07 encoded_bytes=148 allocated_us=28371559 enqueue_us=28371619 write_start_us=28372541 write_end_us=28372795
TX_HISTORY sequence=3117 type=7 flags=0x07 encoded_bytes=88 allocated_us=28378183 enqueue_us=28378231 write_start_us=28378540 write_end_us=28378566
TX_HISTORY sequence=3118 type=5 flags=0x07 encoded_bytes=224 allocated_us=28400733 enqueue_us=28400826 write_start_us=28401543 write_end_us=28402613
TX_HISTORY sequence=3119 type=16 flags=0x07 encoded_bytes=96 allocated_us=28404933 enqueue_us=28404976 write_start_us=28405534 write_end_us=28405560
TX_HISTORY sequence=3120 type=56 flags=0x07 encoded_bytes=184 allocated_us=28410587 enqueue_us=28410671 write_start_us=28411544 write_end_us=28412196
TX_HISTORY sequence=3121 type=7 flags=0x07 encoded_bytes=88 allocated_us=28411197 enqueue_us=28411232 write_start_us=28412208 write_end_us=28413132
TX_HISTORY sequence=3122 type=20 flags=0x07 encoded_bytes=84 allocated_us=28415678 enqueue_us=28415730 write_start_us=28416548 write_end_us=28416583
TX_HISTORY sequence=3123 type=32 flags=0x07 encoded_bytes=40 allocated_us=28421539 enqueue_us=28421569 write_start_us=28421583 write_end_us=28421608
TX_HISTORY sequence=3124 type=5 flags=0x07 encoded_bytes=224 allocated_us=28433789 enqueue_us=28433874 write_start_us=28434540 write_end_us=28435633
TX_HISTORY sequence=3125 type=11 flags=0x07 encoded_bytes=56 allocated_us=28436581 enqueue_us=28436605 write_start_us=28437539 write_end_us=28437562
TX_HISTORY sequence=3126 type=7 flags=0x07 encoded_bytes=88 allocated_us=28444178 enqueue_us=28444231 write_start_us=28444539 write_end_us=28444566
TX_HISTORY sequence=3127 type=20 flags=0x07 encoded_bytes=84 allocated_us=28464173 enqueue_us=28464226 write_start_us=28464553 write_end_us=28464590
TX_HISTORY sequence=3128 type=56 flags=0x07 encoded_bytes=184 allocated_us=28464273 enqueue_us=28464335 write_start_us=28464615 write_end_us=28466113
TX_HISTORY sequence=3129 type=5 flags=0x07 encoded_bytes=224 allocated_us=28466897 enqueue_us=28466986 write_start_us=28467539 write_end_us=28468610
TX_HISTORY sequence=3130 type=22 flags=0x07 encoded_bytes=148 allocated_us=28472558 enqueue_us=28472626 write_start_us=28473547 write_end_us=28473797
TX_HISTORY sequence=3131 type=58 flags=0x07 encoded_bytes=72 allocated_us=28474587 enqueue_us=28474617 write_start_us=28475547 write_end_us=28475571
TX_HISTORY sequence=3132 type=7 flags=0x07 encoded_bytes=88 allocated_us=28477216 enqueue_us=28477262 write_start_us=28477534 write_end_us=28477554
TX_HISTORY sequence=3133 type=5 flags=0x07 encoded_bytes=224 allocated_us=28499738 enqueue_us=28499831 write_start_us=28500540 write_end_us=28501609
TX_HISTORY sequence=3134 type=16 flags=0x07 encoded_bytes=96 allocated_us=28503995 enqueue_us=28504046 write_start_us=28504570 write_end_us=28504596
TX_HISTORY sequence=3135 type=7 flags=0x07 encoded_bytes=88 allocated_us=28510176 enqueue_us=28510229 write_start_us=28510541 write_end_us=28510578
TX_HISTORY sequence=3136 type=20 flags=0x07 encoded_bytes=84 allocated_us=28514779 enqueue_us=28514832 write_start_us=28515548 write_end_us=28515583
TX_HISTORY sequence=3137 type=56 flags=0x07 encoded_bytes=184 allocated_us=28514874 enqueue_us=28514937 write_start_us=28515609 write_end_us=28517093
TX_HISTORY sequence=3138 type=32 flags=0x07 encoded_bytes=40 allocated_us=28521539 enqueue_us=28521568 write_start_us=28521582 write_end_us=28521605
TX_HISTORY sequence=3139 type=5 flags=0x07 encoded_bytes=224 allocated_us=28532800 enqueue_us=28532881 write_start_us=28533538 write_end_us=28534608
TX_HISTORY sequence=3140 type=7 flags=0x07 encoded_bytes=88 allocated_us=28543194 enqueue_us=28543247 write_start_us=28543537 write_end_us=28543574
TX_HISTORY sequence=3141 type=20 flags=0x07 encoded_bytes=84 allocated_us=28563986 enqueue_us=28564038 write_start_us=28564552 write_end_us=28564590
TX_HISTORY sequence=3142 type=56 flags=0x07 encoded_bytes=184 allocated_us=28564086 enqueue_us=28564150 write_start_us=28564616 write_end_us=28566113
TX_HISTORY sequence=3143 type=5 flags=0x07 encoded_bytes=224 allocated_us=28565870 enqueue_us=28565951 write_start_us=28566123 write_end_us=28568545
TX_HISTORY sequence=3144 type=22 flags=0x07 encoded_bytes=148 allocated_us=28572560 enqueue_us=28572629 write_start_us=28573543 write_end_us=28573780
TX_HISTORY sequence=3145 type=7 flags=0x07 encoded_bytes=88 allocated_us=28576220 enqueue_us=28576270 write_start_us=28576543 write_end_us=28576572
TX_HISTORY sequence=3146 type=5 flags=0x07 encoded_bytes=224 allocated_us=28597728 enqueue_us=28597819 write_start_us=28598540 write_end_us=28599668
TX_HISTORY sequence=3147 type=16 flags=0x07 encoded_bytes=96 allocated_us=28601991 enqueue_us=28602042 write_start_us=28602593 write_end_us=28602618
TX_HISTORY sequence=3148 type=7 flags=0x07 encoded_bytes=88 allocated_us=28608178 enqueue_us=28608229 write_start_us=28608541 write_end_us=28608576
TX_HISTORY sequence=3149 type=20 flags=0x07 encoded_bytes=84 allocated_us=28614003 enqueue_us=28614066 write_start_us=28614546 write_end_us=28614586
TX_HISTORY sequence=3150 type=56 flags=0x07 encoded_bytes=184 allocated_us=28614135 enqueue_us=28614208 write_start_us=28614612 write_end_us=28616107
TX_HISTORY sequence=3151 type=32 flags=0x07 encoded_bytes=40 allocated_us=28621540 enqueue_us=28621568 write_start_us=28621582 write_end_us=28621605
TX_HISTORY sequence=3152 type=5 flags=0x07 encoded_bytes=224 allocated_us=28630831 enqueue_us=28630913 write_start_us=28631538 write_end_us=28632590
TX_HISTORY sequence=3153 type=7 flags=0x07 encoded_bytes=88 allocated_us=28641201 enqueue_us=28641252 write_start_us=28641539 write_end_us=28641570
TX_HISTORY sequence=3154 type=5 flags=0x07 encoded_bytes=224 allocated_us=28663783 enqueue_us=28663915 write_start_us=28664547 write_end_us=28665628
TX_HISTORY sequence=3155 type=20 flags=0x07 encoded_bytes=84 allocated_us=28663997 enqueue_us=28664036 write_start_us=28665655 write_end_us=28666524
TX_HISTORY sequence=3156 type=56 flags=0x07 encoded_bytes=184 allocated_us=28664080 enqueue_us=28664145 write_start_us=28666533 write_end_us=28668539
TX_HISTORY sequence=3157 type=22 flags=0x07 encoded_bytes=148 allocated_us=28672579 enqueue_us=28672654 write_start_us=28673543 write_end_us=28673785
TX_HISTORY sequence=3158 type=7 flags=0x07 encoded_bytes=88 allocated_us=28674225 enqueue_us=28674259 write_start_us=28674535 write_end_us=28674751
TX_HISTORY sequence=3159 type=58 flags=0x07 encoded_bytes=72 allocated_us=28674810 enqueue_us=28674837 write_start_us=28675537 write_end_us=28675559
TX_HISTORY sequence=3160 type=5 flags=0x07 encoded_bytes=224 allocated_us=28696746 enqueue_us=28696840 write_start_us=28697539 write_end_us=28698605
TX_HISTORY sequence=3161 type=16 flags=0x07 encoded_bytes=96 allocated_us=28702412 enqueue_us=28702463 write_start_us=28702603 write_end_us=28702666
TX_HISTORY sequence=3162 type=7 flags=0x07 encoded_bytes=88 allocated_us=28707190 enqueue_us=28707244 write_start_us=28707543 write_end_us=28707578
TX_HISTORY sequence=3163 type=20 flags=0x07 encoded_bytes=84 allocated_us=28714694 enqueue_us=28714743 write_start_us=28715546 write_end_us=28715584
TX_HISTORY sequence=3164 type=56 flags=0x07 encoded_bytes=184 allocated_us=28714785 enqueue_us=28714849 write_start_us=28715610 write_end_us=28717091
TX_HISTORY sequence=3165 type=32 flags=0x07 encoded_bytes=40 allocated_us=28721539 enqueue_us=28721568 write_start_us=28721585 write_end_us=28721608
TX_HISTORY sequence=3166 type=5 flags=0x07 encoded_bytes=224 allocated_us=28730298 enqueue_us=28730378 write_start_us=28730543 write_end_us=28731614
TX_HISTORY sequence=3167 type=7 flags=0x07 encoded_bytes=88 allocated_us=28740201 enqueue_us=28740254 write_start_us=28740541 write_end_us=28740573
TX_HISTORY sequence=3168 type=20 flags=0x07 encoded_bytes=84 allocated_us=28763899 enqueue_us=28763959 write_start_us=28764550 write_end_us=28764600
TX_HISTORY sequence=3169 type=56 flags=0x07 encoded_bytes=184 allocated_us=28765622 enqueue_us=28765687 write_start_us=28766542 write_end_us=28767180
TX_HISTORY sequence=3170 type=5 flags=0x07 encoded_bytes=224 allocated_us=28767012 enqueue_us=28767099 write_start_us=28767189 write_end_us=28769590
TX_HISTORY sequence=3171 type=22 flags=0x07 encoded_bytes=148 allocated_us=28773554 enqueue_us=28773614 write_start_us=28774542 write_end_us=28774771
TX_HISTORY sequence=3172 type=7 flags=0x07 encoded_bytes=88 allocated_us=28777222 enqueue_us=28777275 write_start_us=28777539 write_end_us=28777573
TX_HISTORY sequence=3173 type=5 flags=0x07 encoded_bytes=224 allocated_us=28795739 enqueue_us=28795822 write_start_us=28796540 write_end_us=28797606
TX_HISTORY sequence=3174 type=16 flags=0x07 encoded_bytes=96 allocated_us=28802415 enqueue_us=28802469 write_start_us=28802573 write_end_us=28802631
TX_HISTORY sequence=3175 type=7 flags=0x07 encoded_bytes=88 allocated_us=28805715 enqueue_us=28805761 write_start_us=28806540 write_end_us=28806569
TX_HISTORY sequence=3176 type=20 flags=0x07 encoded_bytes=84 allocated_us=28813915 enqueue_us=28813968 write_start_us=28814549 write_end_us=28814592
TX_HISTORY sequence=3177 type=56 flags=0x07 encoded_bytes=184 allocated_us=28815634 enqueue_us=28815711 write_start_us=28816539 write_end_us=28817176
TX_HISTORY sequence=3178 type=32 flags=0x07 encoded_bytes=40 allocated_us=28821532 enqueue_us=28821548 write_start_us=28821556 write_end_us=28821573
TX_HISTORY sequence=3179 type=5 flags=0x07 encoded_bytes=224 allocated_us=28828831 enqueue_us=28828912 write_start_us=28829535 write_end_us=28830600
TX_HISTORY sequence=3180 type=7 flags=0x07 encoded_bytes=88 allocated_us=28839199 enqueue_us=28839255 write_start_us=28839540 write_end_us=28839572
TX_HISTORY sequence=3181 type=5 flags=0x07 encoded_bytes=224 allocated_us=28861738 enqueue_us=28861829 write_start_us=28862545 write_end_us=28863615
TX_HISTORY sequence=3182 type=20 flags=0x07 encoded_bytes=84 allocated_us=28864679 enqueue_us=28864732 write_start_us=28865548 write_end_us=28865586
TX_HISTORY sequence=3183 type=56 flags=0x07 encoded_bytes=184 allocated_us=28866616 enqueue_us=28866692 write_start_us=28867542 write_end_us=28868184
TX_HISTORY sequence=3184 type=7 flags=0x07 encoded_bytes=88 allocated_us=28872196 enqueue_us=28872246 write_start_us=28872540 write_end_us=28872570
TX_HISTORY sequence=3185 type=22 flags=0x07 encoded_bytes=148 allocated_us=28873584 enqueue_us=28873638 write_start_us=28874543 write_end_us=28874772
TX_HISTORY sequence=3186 type=58 flags=0x07 encoded_bytes=72 allocated_us=28875592 enqueue_us=28875624 write_start_us=28876540 write_end_us=28876563
TX_HISTORY sequence=3187 type=5 flags=0x07 encoded_bytes=224 allocated_us=28894750 enqueue_us=28894843 write_start_us=28895539 write_end_us=28896597
TX_HISTORY sequence=3188 type=16 flags=0x07 encoded_bytes=96 allocated_us=28904288 enqueue_us=28904348 write_start_us=28904552 write_end_us=28904626
TX_HISTORY sequence=3189 type=57 flags=0x07 encoded_bytes=72 allocated_us=28904680 enqueue_us=28904709 write_start_us=28905545 write_end_us=28905570
TX_HISTORY sequence=3190 type=7 flags=0x07 encoded_bytes=88 allocated_us=28907664 enqueue_us=28907712 write_start_us=28908537 write_end_us=28908558
TX_HISTORY sequence=3191 type=20 flags=0x07 encoded_bytes=84 allocated_us=28914606 enqueue_us=28914660 write_start_us=28915548 write_end_us=28915592
TX_HISTORY sequence=3192 type=56 flags=0x07 encoded_bytes=184 allocated_us=28916601 enqueue_us=28916667 write_start_us=28917540 write_end_us=28918170
TX_HISTORY sequence=3193 type=32 flags=0x07 encoded_bytes=40 allocated_us=28921533 enqueue_us=28921550 write_start_us=28921556 write_end_us=28921572
TX_HISTORY sequence=3194 type=5 flags=0x07 encoded_bytes=224 allocated_us=28927854 enqueue_us=28927933 write_start_us=28928537 write_end_us=28929611
TX_HISTORY sequence=3195 type=7 flags=0x07 encoded_bytes=88 allocated_us=28938187 enqueue_us=28938240 write_start_us=28938541 write_end_us=28938573
TX_HISTORY sequence=3196 type=5 flags=0x07 encoded_bytes=224 allocated_us=28960739 enqueue_us=28960827 write_start_us=28961543 write_end_us=28962610
TX_HISTORY sequence=3197 type=20 flags=0x07 encoded_bytes=84 allocated_us=28963773 enqueue_us=28963824 write_start_us=28964546 write_end_us=28964580
TX_HISTORY sequence=3198 type=56 flags=0x07 encoded_bytes=184 allocated_us=28968594 enqueue_us=28968672 write_start_us=28969544 write_end_us=28970193
TX_HISTORY sequence=3199 type=7 flags=0x07 encoded_bytes=88 allocated_us=28971275 enqueue_us=28971320 write_start_us=28971535 write_end_us=28971554
TX_HISTORY sequence=3200 type=22 flags=0x07 encoded_bytes=148 allocated_us=28974572 enqueue_us=28974632 write_start_us=28975541 write_end_us=28975791
TX_HISTORY sequence=3201 type=5 flags=0x07 encoded_bytes=224 allocated_us=28993749 enqueue_us=28993838 write_start_us=28994537 write_end_us=28995598
TX_HISTORY sequence=3202 type=7 flags=0x07 encoded_bytes=88 allocated_us=29004173 enqueue_us=29004219 write_start_us=29004542 write_end_us=29004569
TX_HISTORY sequence=3203 type=16 flags=0x07 encoded_bytes=96 allocated_us=29009287 enqueue_us=29009348 write_start_us=29009576 write_end_us=29009648
TX_HISTORY sequence=3204 type=57 flags=0x07 encoded_bytes=72 allocated_us=29009692 enqueue_us=29009721 write_start_us=29010548 write_end_us=29010578
TX_HISTORY sequence=3205 type=20 flags=0x07 encoded_bytes=84 allocated_us=29014514 enqueue_us=29014665 write_start_us=29014606 write_end_us=29014634
TX_HISTORY sequence=3206 type=56 flags=0x07 encoded_bytes=184 allocated_us=29018577 enqueue_us=29018642 write_start_us=29019542 write_end_us=29020177
TX_HISTORY sequence=3207 type=32 flags=0x07 encoded_bytes=40 allocated_us=29021535 enqueue_us=29021550 write_start_us=29021557 write_end_us=29021573
TX_HISTORY sequence=3208 type=5 flags=0x07 encoded_bytes=224 allocated_us=29026854 enqueue_us=29026934 write_start_us=29027540 write_end_us=29028616
TX_HISTORY sequence=3209 type=7 flags=0x07 encoded_bytes=88 allocated_us=29037188 enqueue_us=29037242 write_start_us=29037541 write_end_us=29037576
TX_HISTORY sequence=3210 type=5 flags=0x07 encoded_bytes=224 allocated_us=29058736 enqueue_us=29058825 write_start_us=29059541 write_end_us=29060592
TX_HISTORY sequence=3211 type=20 flags=0x07 encoded_bytes=84 allocated_us=29064459 enqueue_us=29064515 write_start_us=29064550 write_end_us=29064581
TX_HISTORY sequence=3212 type=7 flags=0x07 encoded_bytes=88 allocated_us=29069221 enqueue_us=29069276 write_start_us=29069543 write_end_us=29069581
TX_HISTORY sequence=3213 type=56 flags=0x07 encoded_bytes=184 allocated_us=29069651 enqueue_us=29069716 write_start_us=29070536 write_end_us=29071180
TX_HISTORY sequence=3214 type=22 flags=0x07 encoded_bytes=148 allocated_us=29075574 enqueue_us=29075631 write_start_us=29076541 write_end_us=29076790
TX_HISTORY sequence=3215 type=58 flags=0x07 encoded_bytes=72 allocated_us=29075676 enqueue_us=29075702 write_start_us=29076798 write_end_us=29077563
TX_HISTORY sequence=3216 type=5 flags=0x07 encoded_bytes=224 allocated_us=29092747 enqueue_us=29092837 write_start_us=29093544 write_end_us=29094617
TX_HISTORY sequence=3217 type=7 flags=0x07 encoded_bytes=88 allocated_us=29094770 enqueue_us=29094813 write_start_us=29095538 write_end_us=29095583
TX_HISTORY sequence=3218 type=7 flags=0x07 encoded_bytes=88 allocated_us=29108164 enqueue_us=29108214 write_start_us=29108540 write_end_us=29108567
TX_HISTORY sequence=3219 type=16 flags=0x07 encoded_bytes=96 allocated_us=29113344 enqueue_us=29113400 write_start_us=29113602 write_end_us=29113673
TX_HISTORY sequence=3220 type=20 flags=0x07 encoded_bytes=84 allocated_us=29115270 enqueue_us=29115322 write_start_us=29115553 write_end_us=29115584
TX_HISTORY sequence=3221 type=57 flags=0x07 encoded_bytes=72 allocated_us=29115355 enqueue_us=29115382 write_start_us=29115608 write_end_us=29115890
TX_HISTORY sequence=3222 type=56 flags=0x07 encoded_bytes=184 allocated_us=29119576 enqueue_us=29119647 write_start_us=29120541 write_end_us=29121167
TX_HISTORY sequence=3223 type=32 flags=0x07 encoded_bytes=40 allocated_us=29121532 enqueue_us=29121548 write_start_us=29121555 write_end_us=29121614
TX_HISTORY sequence=3224 type=5 flags=0x07 encoded_bytes=224 allocated_us=29128417 enqueue_us=29128499 write_start_us=29128536 write_end_us=29129598
TX_HISTORY sequence=3225 type=7 flags=0x07 encoded_bytes=88 allocated_us=29138187 enqueue_us=29138241 write_start_us=29138541 write_end_us=29138580
TX_HISTORY sequence=3226 type=5 flags=0x07 encoded_bytes=224 allocated_us=29158730 enqueue_us=29158819 write_start_us=29159541 write_end_us=29160602
TX_HISTORY sequence=3227 type=20 flags=0x07 encoded_bytes=84 allocated_us=29164416 enqueue_us=29164472 write_start_us=29164558 write_end_us=29164591
TX_HISTORY sequence=3228 type=7 flags=0x07 encoded_bytes=88 allocated_us=29169200 enqueue_us=29169251 write_start_us=29169542 write_end_us=29169579
TX_HISTORY sequence=3229 type=56 flags=0x07 encoded_bytes=184 allocated_us=29170580 enqueue_us=29170649 write_start_us=29171536 write_end_us=29172179
TX_HISTORY sequence=3230 type=22 flags=0x07 encoded_bytes=148 allocated_us=29176574 enqueue_us=29176631 write_start_us=29177540 write_end_us=29177788
TX_HISTORY sequence=3231 type=5 flags=0x07 encoded_bytes=224 allocated_us=29190790 enqueue_us=29190878 write_start_us=29191534 write_end_us=29192583
TX_HISTORY sequence=3232 type=7 flags=0x07 encoded_bytes=88 allocated_us=29201187 enqueue_us=29201236 write_start_us=29201542 write_end_us=29201573
TX_HISTORY sequence=3233 type=16 flags=0x07 encoded_bytes=96 allocated_us=29212484 enqueue_us=29212548 write_start_us=29212565 write_end_us=29212682
TX_HISTORY sequence=3234 type=20 flags=0x07 encoded_bytes=84 allocated_us=29213751 enqueue_us=29213802 write_start_us=29214551 write_end_us=29214594
TX_HISTORY sequence=3235 type=56 flags=0x07 encoded_bytes=184 allocated_us=29220578 enqueue_us=29220656 write_start_us=29221562 write_end_us=29222185
TX_HISTORY sequence=3236 type=32 flags=0x07 encoded_bytes=40 allocated_us=29221532 enqueue_us=29221548 write_start_us=29222195 write_end_us=29222614
TX_HISTORY sequence=3237 type=5 flags=0x07 encoded_bytes=224 allocated_us=29227607 enqueue_us=29227690 write_start_us=29228538 write_end_us=29229597
TX_HISTORY sequence=3238 type=7 flags=0x07 encoded_bytes=88 allocated_us=29238204 enqueue_us=29238253 write_start_us=29238539 write_end_us=29238570
TX_HISTORY sequence=3239 type=5 flags=0x07 encoded_bytes=224 allocated_us=29256726 enqueue_us=29256816 write_start_us=29257542 write_end_us=29258591
TX_HISTORY sequence=3240 type=20 flags=0x07 encoded_bytes=84 allocated_us=29263634 enqueue_us=29263682 write_start_us=29264555 write_end_us=29264592
TX_HISTORY sequence=3241 type=7 flags=0x07 encoded_bytes=88 allocated_us=29267279 enqueue_us=29267336 write_start_us=29267542 write_end_us=29267573
TX_HISTORY sequence=3242 type=56 flags=0x07 encoded_bytes=184 allocated_us=29270582 enqueue_us=29270650 write_start_us=29271539 write_end_us=29272182
TX_HISTORY sequence=3243 type=22 flags=0x07 encoded_bytes=148 allocated_us=29276575 enqueue_us=29276632 write_start_us=29277539 write_end_us=29277787
TX_HISTORY sequence=3244 type=58 flags=0x07 encoded_bytes=72 allocated_us=29276678 enqueue_us=29276704 write_start_us=29277796 write_end_us=29278572
TX_HISTORY sequence=3245 type=5 flags=0x07 encoded_bytes=224 allocated_us=29289754 enqueue_us=29289837 write_start_us=29290536 write_end_us=29291605
TX_HISTORY sequence=3246 type=7 flags=0x07 encoded_bytes=88 allocated_us=29300179 enqueue_us=29300233 write_start_us=29300542 write_end_us=29300575
TX_HISTORY sequence=3247 type=20 flags=0x07 encoded_bytes=84 allocated_us=29313596 enqueue_us=29313648 write_start_us=29314551 write_end_us=29314585
TX_HISTORY sequence=3248 type=56 flags=0x07 encoded_bytes=184 allocated_us=29320577 enqueue_us=29320645 write_start_us=29321562 write_end_us=29322199
TX_HISTORY sequence=3249 type=32 flags=0x07 encoded_bytes=40 allocated_us=29321532 enqueue_us=29321548 write_start_us=29322208 write_end_us=29322628
TX_HISTORY sequence=3250 type=5 flags=0x07 encoded_bytes=224 allocated_us=29322867 enqueue_us=29322947 write_start_us=29323535 write_end_us=29325084
TX_HISTORY sequence=3251 type=16 flags=0x07 encoded_bytes=96 allocated_us=29327405 enqueue_us=29327458 write_start_us=29327585 write_end_us=29327611
TX_HISTORY sequence=3252 type=7 flags=0x07 encoded_bytes=88 allocated_us=29333179 enqueue_us=29333232 write_start_us=29333540 write_end_us=29333575
TX_HISTORY sequence=3253 type=5 flags=0x07 encoded_bytes=224 allocated_us=29355751 enqueue_us=29355842 write_start_us=29356544 write_end_us=29357611
TX_HISTORY sequence=3254 type=20 flags=0x07 encoded_bytes=84 allocated_us=29364292 enqueue_us=29364369 write_start_us=29364549 write_end_us=29364596
TX_HISTORY sequence=3255 type=7 flags=0x07 encoded_bytes=88 allocated_us=29366327 enqueue_us=29366368 write_start_us=29366542 write_end_us=29366567
TX_HISTORY sequence=3256 type=56 flags=0x07 encoded_bytes=184 allocated_us=29370582 enqueue_us=29370659 write_start_us=29371541 write_end_us=29372192
TX_HISTORY sequence=3257 type=22 flags=0x07 encoded_bytes=148 allocated_us=29376581 enqueue_us=29376636 write_start_us=29377540 write_end_us=29377792
TX_HISTORY sequence=3258 type=5 flags=0x07 encoded_bytes=224 allocated_us=29388781 enqueue_us=29388863 write_start_us=29389535 write_end_us=29390599
TX_HISTORY sequence=3259 type=7 flags=0x07 encoded_bytes=88 allocated_us=29399173 enqueue_us=29399222 write_start_us=29399540 write_end_us=29399571
TX_HISTORY sequence=3260 type=20 flags=0x07 encoded_bytes=84 allocated_us=29413590 enqueue_us=29413641 write_start_us=29414551 write_end_us=29414591
TX_HISTORY sequence=3261 type=56 flags=0x07 encoded_bytes=184 allocated_us=29420578 enqueue_us=29420647 write_start_us=29421564 write_end_us=29422192
TX_HISTORY sequence=3262 type=32 flags=0x07 encoded_bytes=40 allocated_us=29421532 enqueue_us=29421548 write_start_us=29422202 write_end_us=29422634
TX_HISTORY sequence=3263 type=5 flags=0x07 encoded_bytes=224 allocated_us=29421890 enqueue_us=29421968 write_start_us=29422643 write_end_us=29425074
TX_HISTORY sequence=3264 type=16 flags=0x07 encoded_bytes=96 allocated_us=29427465 enqueue_us=29427516 write_start_us=29427585 write_end_us=29427639
TX_HISTORY sequence=3265 type=7 flags=0x07 encoded_bytes=88 allocated_us=29432187 enqueue_us=29432238 write_start_us=29432543 write_end_us=29432578
TX_HISTORY sequence=3266 type=11 flags=0x07 encoded_bytes=56 allocated_us=29433955 enqueue_us=29433979 write_start_us=29434539 write_end_us=29434558
TX_HISTORY sequence=3267 type=5 flags=0x07 encoded_bytes=224 allocated_us=29454763 enqueue_us=29454853 write_start_us=29455542 write_end_us=29456611
TX_HISTORY sequence=3268 type=20 flags=0x07 encoded_bytes=84 allocated_us=29463498 enqueue_us=29463663 write_start_us=29463586 write_end_us=29463631
TX_HISTORY sequence=3269 type=7 flags=0x07 encoded_bytes=88 allocated_us=29465281 enqueue_us=29465319 write_start_us=29465540 write_end_us=29465564
TX_HISTORY sequence=3270 type=56 flags=0x07 encoded_bytes=184 allocated_us=29470583 enqueue_us=29470661 write_start_us=29471543 write_end_us=29472175
TX_HISTORY sequence=3271 type=22 flags=0x07 encoded_bytes=148 allocated_us=29476581 enqueue_us=29476638 write_start_us=29477540 write_end_us=29477773
TX_HISTORY sequence=3272 type=58 flags=0x07 encoded_bytes=72 allocated_us=29476681 enqueue_us=29476707 write_start_us=29477782 write_end_us=29478554
TX_HISTORY sequence=3273 type=5 flags=0x07 encoded_bytes=224 allocated_us=29487754 enqueue_us=29487836 write_start_us=29488534 write_end_us=29489585
TX_HISTORY sequence=3274 type=7 flags=0x07 encoded_bytes=88 allocated_us=29498171 enqueue_us=29498217 write_start_us=29498540 write_end_us=29498573
TX_HISTORY sequence=3275 type=20 flags=0x07 encoded_bytes=84 allocated_us=29512758 enqueue_us=29512810 write_start_us=29513553 write_end_us=29513593
TX_HISTORY sequence=3276 type=56 flags=0x07 encoded_bytes=184 allocated_us=29520574 enqueue_us=29520641 write_start_us=29521567 write_end_us=29522207
TX_HISTORY sequence=3277 type=5 flags=0x07 encoded_bytes=224 allocated_us=29520822 enqueue_us=29520904 write_start_us=29522241 write_end_us=29524651
TX_HISTORY sequence=3278 type=32 flags=0x07 encoded_bytes=40 allocated_us=29521534 enqueue_us=29521551 write_start_us=29524668 write_end_us=29525076
TX_HISTORY sequence=3279 type=16 flags=0x07 encoded_bytes=96 allocated_us=29527352 enqueue_us=29527399 write_start_us=29527599 write_end_us=29527627
TX_HISTORY sequence=3280 type=7 flags=0x07 encoded_bytes=88 allocated_us=29530654 enqueue_us=29530708 write_start_us=29531540 write_end_us=29531572
TX_HISTORY sequence=3281 type=5 flags=0x07 encoded_bytes=224 allocated_us=29553758 enqueue_us=29553848 write_start_us=29554544 write_end_us=29555600
TX_HISTORY sequence=3282 type=20 flags=0x07 encoded_bytes=84 allocated_us=29563326 enqueue_us=29563383 write_start_us=29563550 write_end_us=29563602
TX_HISTORY sequence=3283 type=7 flags=0x07 encoded_bytes=88 allocated_us=29564293 enqueue_us=29564330 write_start_us=29564544 write_end_us=29564565
TX_HISTORY sequence=3284 type=56 flags=0x07 encoded_bytes=184 allocated_us=29571584 enqueue_us=29571662 write_start_us=29572542 write_end_us=29573177
TX_HISTORY sequence=3285 type=22 flags=0x07 encoded_bytes=148 allocated_us=29577580 enqueue_us=29577635 write_start_us=29578541 write_end_us=29578785
TX_HISTORY sequence=3286 type=5 flags=0x07 encoded_bytes=224 allocated_us=29586812 enqueue_us=29586893 write_start_us=29587534 write_end_us=29588586
TX_HISTORY sequence=3287 type=7 flags=0x07 encoded_bytes=88 allocated_us=29597176 enqueue_us=29597221 write_start_us=29597540 write_end_us=29597573
TX_HISTORY sequence=3288 type=20 flags=0x07 encoded_bytes=84 allocated_us=29613332 enqueue_us=29613385 write_start_us=29613555 write_end_us=29613593
TX_HISTORY sequence=3289 type=5 flags=0x07 encoded_bytes=224 allocated_us=29618851 enqueue_us=29618937 write_start_us=29619541 write_end_us=29620615
TX_HISTORY sequence=3290 type=32 flags=0x07 encoded_bytes=40 allocated_us=29621536 enqueue_us=29621560 write_start_us=29621574 write_end_us=29621599
TX_HISTORY sequence=3291 type=56 flags=0x07 encoded_bytes=184 allocated_us=29622566 enqueue_us=29622630 write_start_us=29623597 write_end_us=29624248
TX_HISTORY sequence=3292 type=16 flags=0x07 encoded_bytes=96 allocated_us=29623047 enqueue_us=29623092 write_start_us=29624284 write_end_us=29625309
TX_HISTORY sequence=3293 type=7 flags=0x07 encoded_bytes=88 allocated_us=29629181 enqueue_us=29629232 write_start_us=29629543 write_end_us=29629578
TX_HISTORY sequence=3294 type=5 flags=0x07 encoded_bytes=224 allocated_us=29651754 enqueue_us=29651846 write_start_us=29652541 write_end_us=29653598
TX_HISTORY sequence=3295 type=7 flags=0x07 encoded_bytes=88 allocated_us=29662240 enqueue_us=29662291 write_start_us=29662543 write_end_us=29662577
TX_HISTORY sequence=3296 type=20 flags=0x07 encoded_bytes=84 allocated_us=29663773 enqueue_us=29663823 write_start_us=29664549 write_end_us=29664589
TX_HISTORY sequence=3297 type=56 flags=0x07 encoded_bytes=184 allocated_us=29672582 enqueue_us=29672659 write_start_us=29673539 write_end_us=29674172
TX_HISTORY sequence=3298 type=58 flags=0x07 encoded_bytes=72 allocated_us=29676582 enqueue_us=29676609 write_start_us=29677535 write_end_us=29677554
TX_HISTORY sequence=3299 type=22 flags=0x07 encoded_bytes=148 allocated_us=29678575 enqueue_us=29678629 write_start_us=29679532 write_end_us=29679773
TX_HISTORY sequence=3300 type=5 flags=0x07 encoded_bytes=224 allocated_us=29684776 enqueue_us=29684860 write_start_us=29685536 write_end_us=29686588
TX_HISTORY sequence=3301 type=7 flags=0x07 encoded_bytes=88 allocated_us=29695193 enqueue_us=29695246 write_start_us=29695542 write_end_us=29695575
TX_HISTORY sequence=3302 type=20 flags=0x07 encoded_bytes=84 allocated_us=29713334 enqueue_us=29713387 write_start_us=29713549 write_end_us=29713590
TX_HISTORY sequence=3303 type=5 flags=0x07 encoded_bytes=224 allocated_us=29717854 enqueue_us=29717938 write_start_us=29718539 write_end_us=29719683
TX_HISTORY sequence=3304 type=32 flags=0x07 encoded_bytes=40 allocated_us=29721535 enqueue_us=29721559 write_start_us=29721617 write_end_us=29721642
TX_HISTORY sequence=3305 type=16 flags=0x07 encoded_bytes=96 allocated_us=29722045 enqueue_us=29722090 write_start_us=29722592 write_end_us=29722616
TX_HISTORY sequence=3306 type=56 flags=0x07 encoded_bytes=184 allocated_us=29723577 enqueue_us=29723651 write_start_us=29724541 write_end_us=29725176
TX_HISTORY sequence=3307 type=7 flags=0x07 encoded_bytes=88 allocated_us=29728194 enqueue_us=29728246 write_start_us=29728540 write_end_us=29728564
TX_HISTORY sequence=3308 type=5 flags=0x07 encoded_bytes=224 allocated_us=29750754 enqueue_us=29750843 write_start_us=29751550 write_end_us=29752630
TX_HISTORY sequence=3309 type=7 flags=0x07 encoded_bytes=88 allocated_us=29763318 enqueue_us=29763382 write_start_us=29763543 write_end_us=29763592
TX_HISTORY sequence=3310 type=20 flags=0x07 encoded_bytes=84 allocated_us=29764091 enqueue_us=29764147 write_start_us=29764543 write_end_us=29764570
TX_HISTORY sequence=3311 type=56 flags=0x07 encoded_bytes=184 allocated_us=29774580 enqueue_us=29774663 write_start_us=29775540 write_end_us=29776177
TX_HISTORY sequence=3312 type=22 flags=0x07 encoded_bytes=148 allocated_us=29778579 enqueue_us=29778630 write_start_us=29779534 write_end_us=29779777
TX_HISTORY sequence=3313 type=5 flags=0x07 encoded_bytes=224 allocated_us=29783753 enqueue_us=29783831 write_start_us=29784537 write_end_us=29785601
TX_HISTORY sequence=3314 type=7 flags=0x07 encoded_bytes=88 allocated_us=29794193 enqueue_us=29794243 write_start_us=29794541 write_end_us=29794575
TX_HISTORY sequence=3315 type=20 flags=0x07 encoded_bytes=84 allocated_us=29813237 enqueue_us=29813283 write_start_us=29813545 write_end_us=29813576
TX_HISTORY sequence=3316 type=5 flags=0x07 encoded_bytes=224 allocated_us=29816816 enqueue_us=29816905 write_start_us=29817539 write_end_us=29818690
TX_HISTORY sequence=3317 type=16 flags=0x07 encoded_bytes=96 allocated_us=29820990 enqueue_us=29821044 write_start_us=29821624 write_end_us=29821650
TX_HISTORY sequence=3318 type=32 flags=0x07 encoded_bytes=40 allocated_us=29821533 enqueue_us=29821551 write_start_us=29821723 write_end_us=29821745
TX_HISTORY sequence=3319 type=56 flags=0x07 encoded_bytes=184 allocated_us=29824583 enqueue_us=29824662 write_start_us=29825542 write_end_us=29826191
TX_HISTORY sequence=3320 type=7 flags=0x07 encoded_bytes=88 allocated_us=29827240 enqueue_us=29827288 write_start_us=29827535 write_end_us=29827555
TX_HISTORY sequence=3321 type=5 flags=0x07 encoded_bytes=224 allocated_us=29849757 enqueue_us=29849849 write_start_us=29850542 write_end_us=29851591
TX_HISTORY sequence=3322 type=7 flags=0x07 encoded_bytes=88 allocated_us=29860195 enqueue_us=29860246 write_start_us=29860541 write_end_us=29860572
TX_HISTORY sequence=3323 type=20 flags=0x07 encoded_bytes=84 allocated_us=29863987 enqueue_us=29864045 write_start_us=29864546 write_end_us=29864585
TX_HISTORY sequence=3324 type=56 flags=0x07 encoded_bytes=184 allocated_us=29874582 enqueue_us=29874660 write_start_us=29875539 write_end_us=29876172
TX_HISTORY sequence=3325 type=58 flags=0x07 encoded_bytes=72 allocated_us=29876582 enqueue_us=29876611 write_start_us=29877534 write_end_us=29877551
TX_HISTORY sequence=3326 type=22 flags=0x07 encoded_bytes=148 allocated_us=29878576 enqueue_us=29878627 write_start_us=29879532 write_end_us=29879772
TX_HISTORY sequence=3327 type=5 flags=0x07 encoded_bytes=224 allocated_us=29882777 enqueue_us=29882859 write_start_us=29883538 write_end_us=29884605
TX_HISTORY sequence=3328 type=7 flags=0x07 encoded_bytes=88 allocated_us=29893191 enqueue_us=29893244 write_start_us=29893543 write_end_us=29893578
TX_HISTORY sequence=3329 type=20 flags=0x07 encoded_bytes=84 allocated_us=29913207 enqueue_us=29913258 write_start_us=29913547 write_end_us=29913582
TX_HISTORY sequence=3330 type=5 flags=0x07 encoded_bytes=224 allocated_us=29915867 enqueue_us=29915951 write_start_us=29916538 write_end_us=29917605
TX_HISTORY sequence=3331 type=32 flags=0x07 encoded_bytes=40 allocated_us=29921538 enqueue_us=29921565 write_start_us=29921580 write_end_us=29921602
TX_HISTORY sequence=3332 type=56 flags=0x07 encoded_bytes=184 allocated_us=29925575 enqueue_us=29925652 write_start_us=29926541 write_end_us=29927193
TX_HISTORY sequence=3333 type=7 flags=0x07 encoded_bytes=88 allocated_us=29926222 enqueue_us=29926257 write_start_us=29927285 write_end_us=29928151
TX_HISTORY sequence=3334 type=16 flags=0x07 encoded_bytes=96 allocated_us=29931340 enqueue_us=29931397 write_start_us=29931589 write_end_us=29931659
TX_HISTORY sequence=3335 type=57 flags=0x07 encoded_bytes=72 allocated_us=29931702 enqueue_us=29931730 write_start_us=29932545 write_end_us=29932572
TX_HISTORY sequence=3336 type=5 flags=0x07 encoded_bytes=224 allocated_us=29948774 enqueue_us=29948866 write_start_us=29949542 write_end_us=29950612
TX_HISTORY sequence=3337 type=7 flags=0x07 encoded_bytes=88 allocated_us=29959193 enqueue_us=29959247 write_start_us=29959542 write_end_us=29959574
TX_HISTORY sequence=3338 type=20 flags=0x07 encoded_bytes=84 allocated_us=29963897 enqueue_us=29963950 write_start_us=29964546 write_end_us=29964587
TX_HISTORY sequence=3339 type=56 flags=0x07 encoded_bytes=184 allocated_us=29976579 enqueue_us=29976651 write_start_us=29977538 write_end_us=29978169
TX_HISTORY sequence=3340 type=22 flags=0x07 encoded_bytes=148 allocated_us=29978576 enqueue_us=29978626 write_start_us=29979532 write_end_us=29979766
TX_HISTORY sequence=3341 type=5 flags=0x07 encoded_bytes=224 allocated_us=29981758 enqueue_us=29981844 write_start_us=29982536 write_end_us=29983587
TX_HISTORY sequence=3342 type=7 flags=0x07 encoded_bytes=88 allocated_us=29992191 enqueue_us=29992242 write_start_us=29992542 write_end_us=29992572
TX_HISTORY sequence=3343 type=20 flags=0x07 encoded_bytes=84 allocated_us=30013133 enqueue_us=30013187 write_start_us=30013549 write_end_us=30013589
TX_HISTORY sequence=3344 type=5 flags=0x07 encoded_bytes=224 allocated_us=30014818 enqueue_us=30014900 write_start_us=30015539 write_end_us=30016594
TX_HISTORY sequence=3345 type=32 flags=0x07 encoded_bytes=40 allocated_us=30021538 enqueue_us=30021566 write_start_us=30021584 write_end_us=30021603
TX_HISTORY sequence=3346 type=7 flags=0x07 encoded_bytes=88 allocated_us=30025191 enqueue_us=30025240 write_start_us=30025542 write_end_us=30025570
TX_HISTORY sequence=3347 type=56 flags=0x07 encoded_bytes=184 allocated_us=30026574 enqueue_us=30026642 write_start_us=30027541 write_end_us=30028191
TX_HISTORY sequence=3348 type=16 flags=0x07 encoded_bytes=96 allocated_us=30030597 enqueue_us=30030646 write_start_us=30031574 write_end_us=30031602
TX_HISTORY sequence=3349 type=5 flags=0x07 encoded_bytes=224 allocated_us=30046789 enqueue_us=30046882 write_start_us=30047544 write_end_us=30048605
TX_HISTORY sequence=3350 type=7 flags=0x07 encoded_bytes=88 allocated_us=30057189 enqueue_us=30057241 write_start_us=30057539 write_end_us=30057571
TX_HISTORY sequence=3351 type=20 flags=0x07 encoded_bytes=84 allocated_us=30063861 enqueue_us=30063913 write_start_us=30064549 write_end_us=30064587
TX_HISTORY sequence=3352 type=56 flags=0x07 encoded_bytes=184 allocated_us=30076579 enqueue_us=30076659 write_start_us=30077542 write_end_us=30078172
TX_HISTORY sequence=3353 type=58 flags=0x07 encoded_bytes=72 allocated_us=30076704 enqueue_us=30076730 write_start_us=30078182 write_end_us=30078951
TX_HISTORY sequence=3354 type=22 flags=0x07 encoded_bytes=148 allocated_us=30079005 enqueue_us=30079056 write_start_us=30079534 write_end_us=30080563
TX_HISTORY sequence=3355 type=5 flags=0x07 encoded_bytes=224 allocated_us=30080798 enqueue_us=30080882 write_start_us=30081538 write_end_us=30082996
TX_HISTORY sequence=3356 type=7 flags=0x07 encoded_bytes=88 allocated_us=30082827 enqueue_us=30082865 write_start_us=30083006 write_end_us=30083937
TX_HISTORY sequence=3357 type=7 flags=0x07 encoded_bytes=88 allocated_us=30096155 enqueue_us=30096201 write_start_us=30096541 write_end_us=30096565
TX_HISTORY sequence=3358 type=20 flags=0x07 encoded_bytes=84 allocated_us=30113088 enqueue_us=30113138 write_start_us=30113554 write_end_us=30113594
TX_HISTORY sequence=3359 type=5 flags=0x07 encoded_bytes=224 allocated_us=30113827 enqueue_us=30113908 write_start_us=30114536 write_end_us=30115605
TX_HISTORY sequence=3360 type=32 flags=0x07 encoded_bytes=40 allocated_us=30121539 enqueue_us=30121570 write_start_us=30121589 write_end_us=30121616
TX_HISTORY sequence=3361 type=7 flags=0x07 encoded_bytes=88 allocated_us=30124211 enqueue_us=30124258 write_start_us=30124542 write_end_us=30124572
TX_HISTORY sequence=3362 type=56 flags=0x07 encoded_bytes=184 allocated_us=30126571 enqueue_us=30126643 write_start_us=30127539 write_end_us=30128162
TX_HISTORY sequence=3363 type=16 flags=0x07 encoded_bytes=96 allocated_us=30134277 enqueue_us=30134338 write_start_us=30134603 write_end_us=30134672
TX_HISTORY sequence=3364 type=57 flags=0x07 encoded_bytes=72 allocated_us=30134720 enqueue_us=30134750 write_start_us=30135544 write_end_us=30135572
TX_HISTORY sequence=3365 type=5 flags=0x07 encoded_bytes=224 allocated_us=30149261 enqueue_us=30149347 write_start_us=30149539 write_end_us=30150595
TX_HISTORY sequence=3366 type=7 flags=0x07 encoded_bytes=88 allocated_us=30159226 enqueue_us=30159283 write_start_us=30159542 write_end_us=30159572
TX_HISTORY sequence=3367 type=20 flags=0x07 encoded_bytes=84 allocated_us=30163806 enqueue_us=30163857 write_start_us=30164546 write_end_us=30164591
TX_HISTORY sequence=3368 type=56 flags=0x07 encoded_bytes=184 allocated_us=30176582 enqueue_us=30176661 write_start_us=30177540 write_end_us=30178177
TX_HISTORY sequence=3369 type=22 flags=0x07 encoded_bytes=148 allocated_us=30178576 enqueue_us=30178626 write_start_us=30179536 write_end_us=30179779
TX_HISTORY sequence=3370 type=5 flags=0x07 encoded_bytes=224 allocated_us=30178826 enqueue_us=30178911 write_start_us=30179790 write_end_us=30182201
TX_HISTORY sequence=3371 type=7 flags=0x07 encoded_bytes=88 allocated_us=30189186 enqueue_us=30189237 write_start_us=30189541 write_end_us=30189573
TX_HISTORY sequence=3372 type=23 flags=0x47 encoded_bytes=44 allocated_us=30193878 enqueue_us=30193903 write_start_us=30194545 write_end_us=30194570
TX_HISTORY sequence=3373 type=32 flags=0x07 encoded_bytes=40 allocated_us=30221544 enqueue_us=30221586 write_start_us=30221611 write_end_us=30221650
TX_HISTORY sequence=3374 type=56 flags=0x07 encoded_bytes=184 allocated_us=30227567 enqueue_us=30227630 write_start_us=30228532 write_end_us=30229164
TX_HISTORY sequence=3375 type=58 flags=0x07 encoded_bytes=72 allocated_us=30276587 enqueue_us=30276626 write_start_us=30277547 write_end_us=30277575
TX_HISTORY sequence=3376 type=22 flags=0x07 encoded_bytes=148 allocated_us=30278581 enqueue_us=30278631 write_start_us=30279534 write_end_us=30279772
TX_HISTORY sequence=3377 type=56 flags=0x07 encoded_bytes=184 allocated_us=30278651 enqueue_us=30278714 write_start_us=30279781 write_end_us=30281762
TX_HISTORY sequence=3378 type=32 flags=0x07 encoded_bytes=40 allocated_us=30321543 enqueue_us=30321588 write_start_us=30321618 write_end_us=30321665
TX_HISTORY sequence=3379 type=56 flags=0x07 encoded_bytes=184 allocated_us=30328572 enqueue_us=30328644 write_start_us=30329533 write_end_us=30330171
TX_HISTORY sequence=3380 type=22 flags=0x07 encoded_bytes=148 allocated_us=30378589 enqueue_us=30378667 write_start_us=30379548 write_end_us=30379818
TX_HISTORY sequence=3381 type=56 flags=0x07 encoded_bytes=184 allocated_us=30378701 enqueue_us=30378765 write_start_us=30379831 write_end_us=30381801
TX_HISTORY sequence=3382 type=32 flags=0x07 encoded_bytes=40 allocated_us=30421543 enqueue_us=30421584 write_start_us=30421613 write_end_us=30421652
TX_HISTORY sequence=3383 type=56 flags=0x07 encoded_bytes=184 allocated_us=30428567 enqueue_us=30428631 write_start_us=30429533 write_end_us=30430153
TX_HISTORY sequence=3384 type=58 flags=0x07 encoded_bytes=72 allocated_us=30476595 enqueue_us=30476651 write_start_us=30477548 write_end_us=30477593
TX_HISTORY sequence=3385 type=22 flags=0x07 encoded_bytes=148 allocated_us=30478580 enqueue_us=30478632 write_start_us=30479536 write_end_us=30479777
TX_HISTORY sequence=3386 type=56 flags=0x07 encoded_bytes=184 allocated_us=30478665 enqueue_us=30478729 write_start_us=30479786 write_end_us=30481764
TX_HISTORY sequence=3387 type=32 flags=0x07 encoded_bytes=40 allocated_us=30521543 enqueue_us=30521585 write_start_us=30521611 write_end_us=30521656
TX_HISTORY sequence=3388 type=56 flags=0x07 encoded_bytes=184 allocated_us=30529567 enqueue_us=30529633 write_start_us=30530533 write_end_us=30531157
TX_HISTORY sequence=3389 type=22 flags=0x07 encoded_bytes=148 allocated_us=30578585 enqueue_us=30578676 write_start_us=30579547 write_end_us=30579801
TX_HISTORY sequence=3390 type=56 flags=0x07 encoded_bytes=184 allocated_us=30580580 enqueue_us=30580644 write_start_us=30581533 write_end_us=30582172
TX_HISTORY sequence=3391 type=32 flags=0x07 encoded_bytes=40 allocated_us=30621543 enqueue_us=30621587 write_start_us=30621616 write_end_us=30621660
TX_HISTORY sequence=3392 type=56 flags=0x07 encoded_bytes=184 allocated_us=30630567 enqueue_us=30630633 write_start_us=30631533 write_end_us=30632151
TX_HISTORY sequence=3393 type=58 flags=0x07 encoded_bytes=72 allocated_us=30677593 enqueue_us=30677646 write_start_us=30678548 write_end_us=30678592
TX_HISTORY sequence=3394 type=22 flags=0x07 encoded_bytes=148 allocated_us=30679583 enqueue_us=30679639 write_start_us=30680533 write_end_us=30680771
TX_HISTORY sequence=3395 type=56 flags=0x07 encoded_bytes=184 allocated_us=30681569 enqueue_us=30681636 write_start_us=30682533 write_end_us=30683151
TX_HISTORY sequence=3396 type=32 flags=0x07 encoded_bytes=40 allocated_us=30721543 enqueue_us=30721587 write_start_us=30721616 write_end_us=30721660
TX_HISTORY sequence=3397 type=56 flags=0x07 encoded_bytes=184 allocated_us=30731567 enqueue_us=30731633 write_start_us=30732533 write_end_us=30733153
TX_HISTORY sequence=3398 type=22 flags=0x07 encoded_bytes=148 allocated_us=30779587 enqueue_us=30779663 write_start_us=30780548 write_end_us=30780814
TX_HISTORY sequence=3399 type=56 flags=0x07 encoded_bytes=184 allocated_us=30781580 enqueue_us=30781651 write_start_us=30782533 write_end_us=30783170
TX_HISTORY sequence=1970 type=23 flags=0x47 encoded_bytes=44 allocated_us=20202817 enqueue_us=20202838 write_start_us=20203547 write_end_us=20203580
TX_HISTORY sequence=1971 type=7 flags=0x07 encoded_bytes=88 allocated_us=20210195 enqueue_us=20210253 write_start_us=20210539 write_end_us=20210567
TX_HISTORY sequence=1972 type=32 flags=0x07 encoded_bytes=40 allocated_us=20217537 enqueue_us=20217558 write_start_us=20217575 write_end_us=20217599
TX_HISTORY sequence=1973 type=20 flags=0x07 encoded_bytes=84 allocated_us=20219217 enqueue_us=20219268 write_start_us=20219556 write_end_us=20219586
TX_HISTORY sequence=1974 type=22 flags=0x07 encoded_bytes=148 allocated_us=20220626 enqueue_us=20220681 write_start_us=20221541 write_end_us=20221787
TX_HISTORY sequence=1975 type=56 flags=0x07 encoded_bytes=184 allocated_us=20225569 enqueue_us=20225632 write_start_us=20226533 write_end_us=20227156
TX_HISTORY sequence=1976 type=5 flags=0x07 encoded_bytes=224 allocated_us=20232861 enqueue_us=20232946 write_start_us=20233535 write_end_us=20234586
TX_HISTORY sequence=1977 type=7 flags=0x07 encoded_bytes=88 allocated_us=20243190 enqueue_us=20243243 write_start_us=20243539 write_end_us=20243568
TX_HISTORY sequence=1978 type=58 flags=0x07 encoded_bytes=72 allocated_us=20250590 enqueue_us=20250626 write_start_us=20251541 write_end_us=20251566
TX_HISTORY sequence=1979 type=5 flags=0x07 encoded_bytes=224 allocated_us=20265802 enqueue_us=20265888 write_start_us=20266541 write_end_us=20267599
TX_HISTORY sequence=1980 type=20 flags=0x07 encoded_bytes=84 allocated_us=20270171 enqueue_us=20270236 write_start_us=20270544 write_end_us=20270579
TX_HISTORY sequence=1981 type=7 flags=0x07 encoded_bytes=88 allocated_us=20276190 enqueue_us=20276243 write_start_us=20276541 write_end_us=20276571
TX_HISTORY sequence=1982 type=56 flags=0x07 encoded_bytes=184 allocated_us=20276630 enqueue_us=20276695 write_start_us=20277535 write_end_us=20278153
TX_HISTORY sequence=1983 type=5 flags=0x07 encoded_bytes=224 allocated_us=20298765 enqueue_us=20298853 write_start_us=20299540 write_end_us=20300594
TX_HISTORY sequence=1984 type=7 flags=0x07 encoded_bytes=88 allocated_us=20309177 enqueue_us=20309232 write_start_us=20309541 write_end_us=20309573
TX_HISTORY sequence=1985 type=32 flags=0x07 encoded_bytes=40 allocated_us=20317538 enqueue_us=20317566 write_start_us=20317585 write_end_us=20317611
TX_HISTORY sequence=1986 type=20 flags=0x07 encoded_bytes=84 allocated_us=20319041 enqueue_us=20319088 write_start_us=20319545 write_end_us=20319573
TX_HISTORY sequence=1987 type=22 flags=0x07 encoded_bytes=148 allocated_us=20320604 enqueue_us=20320661 write_start_us=20321540 write_end_us=20321786
TX_HISTORY sequence=1988 type=56 flags=0x07 encoded_bytes=184 allocated_us=20327568 enqueue_us=20327631 write_start_us=20328532 write_end_us=20329151
TX_HISTORY sequence=1989 type=5 flags=0x07 encoded_bytes=224 allocated_us=20331855 enqueue_us=20331938 write_start_us=20332534 write_end_us=20333612
TX_HISTORY sequence=1990 type=7 flags=0x07 encoded_bytes=88 allocated_us=20342185 enqueue_us=20342233 write_start_us=20342541 write_end_us=20342572
TX_HISTORY sequence=1991 type=5 flags=0x07 encoded_bytes=224 allocated_us=20364727 enqueue_us=20364822 write_start_us=20365540 write_end_us=20366609
TX_HISTORY sequence=1992 type=20 flags=0x07 encoded_bytes=84 allocated_us=20370408 enqueue_us=20370460 write_start_us=20370547 write_end_us=20370586
TX_HISTORY sequence=1993 type=7 flags=0x07 encoded_bytes=88 allocated_us=20375196 enqueue_us=20375254 write_start_us=20375542 write_end_us=20375574
TX_HISTORY sequence=1994 type=56 flags=0x07 encoded_bytes=184 allocated_us=20378574 enqueue_us=20378641 write_start_us=20379539 write_end_us=20380165
TX_HISTORY sequence=1995 type=5 flags=0x07 encoded_bytes=224 allocated_us=20397759 enqueue_us=20397845 write_start_us=20398539 write_end_us=20399608
TX_HISTORY sequence=1996 type=7 flags=0x07 encoded_bytes=88 allocated_us=20408189 enqueue_us=20408247 write_start_us=20408542 write_end_us=20408572
TX_HISTORY sequence=1997 type=32 flags=0x07 encoded_bytes=40 allocated_us=20417537 enqueue_us=20417560 write_start_us=20417576 write_end_us=20417596
TX_HISTORY sequence=1998 type=20 flags=0x07 encoded_bytes=84 allocated_us=20418939 enqueue_us=20418992 write_start_us=20419549 write_end_us=20419585
TX_HISTORY sequence=1999 type=22 flags=0x07 encoded_bytes=148 allocated_us=20420608 enqueue_us=20420664 write_start_us=20421542 write_end_us=20421786
TX_HISTORY sequence=2000 type=56 flags=0x07 encoded_bytes=184 allocated_us=20429576 enqueue_us=20429641 write_start_us=20430534 write_end_us=20431151
TX_HISTORY sequence=2001 type=5 flags=0x07 encoded_bytes=224 allocated_us=20430860 enqueue_us=20430942 write_start_us=20431163 write_end_us=20433616
TX_HISTORY sequence=2002 type=16 flags=0x07 encoded_bytes=96 allocated_us=20436863 enqueue_us=20436925 write_start_us=20437577 write_end_us=20437644
TX_HISTORY sequence=2003 type=57 flags=0x07 encoded_bytes=72 allocated_us=20437694 enqueue_us=20437722 write_start_us=20438575 write_end_us=20438600
TX_HISTORY sequence=2004 type=11 flags=0x07 encoded_bytes=56 allocated_us=20438943 enqueue_us=20438964 write_start_us=20439543 write_end_us=20439568
TX_HISTORY sequence=2005 type=7 flags=0x07 encoded_bytes=88 allocated_us=20441282 enqueue_us=20441328 write_start_us=20441535 write_end_us=20441561
TX_HISTORY sequence=2006 type=58 flags=0x07 encoded_bytes=72 allocated_us=20451586 enqueue_us=20451624 write_start_us=20452541 write_end_us=20452567
TX_HISTORY sequence=2007 type=5 flags=0x07 encoded_bytes=224 allocated_us=20463773 enqueue_us=20463858 write_start_us=20464538 write_end_us=20465601
TX_HISTORY sequence=2008 type=20 flags=0x07 encoded_bytes=84 allocated_us=20469722 enqueue_us=20469771 write_start_us=20470547 write_end_us=20470587
TX_HISTORY sequence=2009 type=7 flags=0x07 encoded_bytes=88 allocated_us=20474203 enqueue_us=20474261 write_start_us=20474543 write_end_us=20474576
TX_HISTORY sequence=2010 type=56 flags=0x07 encoded_bytes=184 allocated_us=20480577 enqueue_us=20480643 write_start_us=20481539 write_end_us=20482165
TX_HISTORY sequence=2011 type=5 flags=0x07 encoded_bytes=224 allocated_us=20496779 enqueue_us=20496866 write_start_us=20497544 write_end_us=20498600
TX_HISTORY sequence=2012 type=7 flags=0x07 encoded_bytes=88 allocated_us=20507174 enqueue_us=20507229 write_start_us=20507541 write_end_us=20507574
TX_HISTORY sequence=2013 type=32 flags=0x07 encoded_bytes=40 allocated_us=20517536 enqueue_us=20517558 write_start_us=20517572 write_end_us=20517593
TX_HISTORY sequence=2014 type=20 flags=0x07 encoded_bytes=84 allocated_us=20519023 enqueue_us=20519074 write_start_us=20519548 write_end_us=20519580
TX_HISTORY sequence=2015 type=22 flags=0x07 encoded_bytes=148 allocated_us=20520632 enqueue_us=20520687 write_start_us=20521539 write_end_us=20521791
TX_HISTORY sequence=2016 type=5 flags=0x07 encoded_bytes=224 allocated_us=20529865 enqueue_us=20529949 write_start_us=20530536 write_end_us=20531628
TX_HISTORY sequence=2017 type=56 flags=0x07 encoded_bytes=184 allocated_us=20531684 enqueue_us=20531752 write_start_us=20532576 write_end_us=20533626
TX_HISTORY sequence=2018 type=57 flags=0x07 encoded_bytes=72 allocated_us=20535816 enqueue_us=20535885 write_start_us=20536585 write_end_us=20536652
TX_HISTORY sequence=2019 type=16 flags=0x07 encoded_bytes=96 allocated_us=20535883 enqueue_us=20535925 write_start_us=20536679 write_end_us=20537084
TX_HISTORY sequence=2020 type=7 flags=0x07 encoded_bytes=88 allocated_us=20539652 enqueue_us=20539701 write_start_us=20540539 write_end_us=20540573
TX_HISTORY sequence=2021 type=5 flags=0x07 encoded_bytes=224 allocated_us=20562769 enqueue_us=20562865 write_start_us=20563542 write_end_us=20564611
TX_HISTORY sequence=2022 type=20 flags=0x07 encoded_bytes=84 allocated_us=20568903 enqueue_us=20568952 write_start_us=20569548 write_end_us=20569589
TX_HISTORY sequence=2023 type=7 flags=0x07 encoded_bytes=88 allocated_us=20573211 enqueue_us=20573269 write_start_us=20573542 write_end_us=20573572
TX_HISTORY sequence=2024 type=56 flags=0x07 encoded_bytes=184 allocated_us=20581582 enqueue_us=20581648 write_start_us=20582539 write_end_us=20583173
TX_HISTORY sequence=2025 type=5 flags=0x07 encoded_bytes=224 allocated_us=20594777 enqueue_us=20594859 write_start_us=20595534 write_end_us=20596594
TX_HISTORY sequence=2026 type=7 flags=0x07 encoded_bytes=88 allocated_us=20605172 enqueue_us=20605228 write_start_us=20605542 write_end_us=20605570
TX_HISTORY sequence=2027 type=32 flags=0x07 encoded_bytes=40 allocated_us=20617537 enqueue_us=20617561 write_start_us=20617576 write_end_us=20617601
TX_HISTORY sequence=2028 type=20 flags=0x07 encoded_bytes=84 allocated_us=20619622 enqueue_us=20619667 write_start_us=20620549 write_end_us=20620579
TX_HISTORY sequence=2029 type=22 flags=0x07 encoded_bytes=148 allocated_us=20621595 enqueue_us=20621650 write_start_us=20622539 write_end_us=20622789
TX_HISTORY sequence=2030 type=5 flags=0x07 encoded_bytes=224 allocated_us=20627840 enqueue_us=20627921 write_start_us=20628536 write_end_us=20629612
TX_HISTORY sequence=2031 type=56 flags=0x07 encoded_bytes=184 allocated_us=20631574 enqueue_us=20631654 write_start_us=20632600 write_end_us=20633286
TX_HISTORY sequence=2032 type=16 flags=0x07 encoded_bytes=96 allocated_us=20635076 enqueue_us=20635117 write_start_us=20635561 write_end_us=20635592
TX_HISTORY sequence=2033 type=7 flags=0x07 encoded_bytes=88 allocated_us=20638354 enqueue_us=20638406 write_start_us=20638541 write_end_us=20638571
TX_HISTORY sequence=2034 type=58 flags=0x07 encoded_bytes=72 allocated_us=20651590 enqueue_us=20651630 write_start_us=20652540 write_end_us=20652568
TX_HISTORY sequence=2035 type=5 flags=0x07 encoded_bytes=224 allocated_us=20660784 enqueue_us=20660864 write_start_us=20661534 write_end_us=20662588
TX_HISTORY sequence=2036 type=20 flags=0x07 encoded_bytes=84 allocated_us=20669617 enqueue_us=20669677 write_start_us=20670546 write_end_us=20670592
TX_HISTORY sequence=2037 type=7 flags=0x07 encoded_bytes=88 allocated_us=20671292 enqueue_us=20671325 write_start_us=20671540 write_end_us=20671563
TX_HISTORY sequence=2038 type=56 flags=0x07 encoded_bytes=184 allocated_us=20682583 enqueue_us=20682664 write_start_us=20683542 write_end_us=20684180
TX_HISTORY sequence=2039 type=5 flags=0x07 encoded_bytes=224 allocated_us=20693783 enqueue_us=20693863 write_start_us=20694533 write_end_us=20695585
TX_HISTORY sequence=2040 type=7 flags=0x07 encoded_bytes=88 allocated_us=20704182 enqueue_us=20704230 write_start_us=20704540 write_end_us=20704571
TX_HISTORY sequence=2041 type=32 flags=0x07 encoded_bytes=40 allocated_us=20717548 enqueue_us=20717595 write_start_us=20717620 write_end_us=20717667
TX_HISTORY sequence=2042 type=20 flags=0x07 encoded_bytes=84 allocated_us=20719578 enqueue_us=20719613 write_start_us=20720546 write_end_us=20720573
TX_HISTORY sequence=2043 type=22 flags=0x07 encoded_bytes=148 allocated_us=20721626 enqueue_us=20721684 write_start_us=20722542 write_end_us=20722785
TX_HISTORY sequence=2044 type=5 flags=0x07 encoded_bytes=224 allocated_us=20730925 enqueue_us=20731014 write_start_us=20731535 write_end_us=20732610
TX_HISTORY sequence=2045 type=56 flags=0x07 encoded_bytes=184 allocated_us=20732676 enqueue_us=20732745 write_start_us=20733589 write_end_us=20734608
TX_HISTORY sequence=2046 type=16 flags=0x07 encoded_bytes=96 allocated_us=20735989 enqueue_us=20736032 write_start_us=20736543 write_end_us=20736571
TX_HISTORY sequence=2047 type=7 flags=0x07 encoded_bytes=88 allocated_us=20741180 enqueue_us=20741237 write_start_us=20741542 write_end_us=20741575
DIAG state=FAULT dry=1 bno_ready=1 addr=0x4A init/reinit/poll=0/0/436 event A/G/M=0/0/218 age_rx_us=4294967295/4294967295/15010
IMU cand/pair/call/ok=0/0/0/0 reject=0 dup/order/stale/dt/nonfinite/norm/queue=0/0/0/0/0/0/0 last_ok_age_us=4294967295 dt_us=0 align_samples=0 align_elapsed_us=0
HEALTH state=0 health=0 reason=imu_stale mount=0 imu_age_us=4294967295 imu_gaps=0 reversals=0 covariance=1 finite=1 gnss_age_us=4294967295 tof_age_us=4294967295 obs=1
BNO_TS ACCEL events=0 unique=0 exact=1 overflow=0 dup=0 reverse=0 rollover=0 sensor_dt_us=0/0.00/0 rx_dt_us=0/0.00/0 pair_first=0/0 pair_last=0/0
BNO_TS GYRO events=0 unique=0 exact=1 overflow=0 dup=0 reverse=0 rollover=0 sensor_dt_us=0/0.00/0 rx_dt_us=0/0.00/0 pair_first=0/0 pair_last=0/0
BNO_TS MAG events=218 unique=3 exact=1 overflow=0 dup=190 reverse=14 rollover=0 sensor_dt_us=-200/0.00/300 rx_dt_us=48526/49973.92/51496 pair_first=4294966396/20219038 pair_last=4294966396/31063379
BNO_VEC ACCEL_SENSOR_AND_ESKF_INPUT events=0 nonfinite=0
BNO_VEC GYRO_SENSOR_AND_ESKF_INPUT events=0 nonfinite=0
BNO_VEC MAG_SENSOR events=218 nonfinite=0 xyz_mean_sd=[6.515195,0.647171][-20.088589,0.747451][22.428899,0.708902] xyz_minmax=[4.750000,8.312500][-22.750000,-18.062500][20.687500,24.437500] norm_mean_sd_minmax=30.822625/0.707516/29.168556/32.797256
LINK queue/drop/high=1/0/3 tof=775
TXDIAG frames_s=81 bytes_s=10552 total_frames=1446 total_bytes=188988 queue=0 high=3 drops=0 bno_drop=0 partial=0 zero=0 write_calls=24283 max_write_us=0 free_heap=166976 min_free_heap=166976 usage_pct=11.45
BNO_TX kind=1 event=0 req=0 enq=0 drop=0 done=0 bytes=0
BNO_REPORT kind=1 report_id=0 interval_us=0 requested_hz=0.000 enable_ok=0 enable_fail=0 callback=0 switch=0 kind_convert=0 events=0 tx_req=0 tx_enq=0 tx_done=0 tx_drop=0 event_drop=0 reset_reconfig=0 effective_hz=0.000
BNO_TX kind=2 event=0 req=0 enq=0 drop=0 done=0 bytes=0
BNO_REPORT kind=2 report_id=0 interval_us=0 requested_hz=0.000 enable_ok=0 enable_fail=0 callback=0 switch=0 kind_convert=0 events=0 tx_req=0 tx_enq=0 tx_done=0 tx_drop=0 event_drop=0 reset_reconfig=0 effective_hz=0.000
BNO_TX kind=3 event=0 req=0 enq=0 drop=0 done=0 bytes=0
BNO_REPORT kind=3 report_id=0 interval_us=0 requested_hz=0.000 enable_ok=0 enable_fail=0 callback=0 switch=0 kind_convert=0 events=0 tx_req=0 tx_enq=0 tx_done=0 tx_drop=0 event_drop=0 reset_reconfig=0 effective_hz=0.000
BNO_TX kind=4 event=200 req=200 enq=200 drop=0 done=200 bytes=16800
BNO_REPORT kind=4 report_id=3 interval_us=50000 requested_hz=20.000 enable_ok=2 enable_fail=0 callback=218 switch=218 kind_convert=218 events=218 tx_req=200 tx_enq=200 tx_done=200 tx_drop=0 event_drop=0 reset_reconfig=1 effective_hz=20.010
BNO_TX kind=5 event=0 req=0 enq=0 drop=0 done=0 bytes=0
BNO_REPORT kind=5 report_id=0 interval_us=0 requested_hz=0.000 enable_ok=0 enable_fail=0 callback=0 switch=0 kind_convert=0 events=0 tx_req=0 tx_enq=0 tx_done=0 tx_drop=0 event_drop=0 reset_reconfig=0 effective_hz=0.000
DIAG state=FAULT dry=1 bno_ready=1 addr=0x4A init/reinit/poll=0/0/476 event A/G/M=0/0/238 age_rx_us=4294967295/4294967295/29999
IMU cand/pair/call/ok=0/0/0/0 reject=0 dup/order/stale/dt/nonfinite/norm/queue=0/0/0/0/0/0/0 last_ok_age_us=4294967295 dt_us=0 align_samples=0 align_elapsed_us=0
HEALTH state=0 health=0 reason=imu_stale mount=0 imu_age_us=4294967295 imu_gaps=0 reversals=0 covariance=1 finite=1 gnss_age_us=4294967295 tof_age_us=4294967295 obs=1
BNO_TS ACCEL events=0 unique=0 exact=1 overflow=0 dup=0 reverse=0 rollover=0 sensor_dt_us=0/0.00/0 rx_dt_us=0/0.00/0 pair_first=0/0 pair_last=0/0
BNO_TS GYRO events=0 unique=0 exact=1 overflow=0 dup=0 reverse=0 rollover=0 sensor_dt_us=0/0.00/0 rx_dt_us=0/0.00/0 pair_first=0/0 pair_last=0/0
BNO_TS MAG events=238 unique=3 exact=1 overflow=0 dup=206 reverse=16 rollover=0 sensor_dt_us=-200/0.00/300 rx_dt_us=48479/49972.30/51496 pair_first=4294966396/20219038 pair_last=4294966396/32062474
BNO_VEC ACCEL_SENSOR_AND_ESKF_INPUT events=0 nonfinite=0
BNO_VEC GYRO_SENSOR_AND_ESKF_INPUT events=0 nonfinite=0
BNO_VEC MAG_SENSOR events=238 nonfinite=0 xyz_mean_sd=[6.477941,0.652549][-20.152311,0.809287][22.382353,0.713837] xyz_minmax=[4.687500,8.312500][-22.750000,-18.062500][20.687500,24.437500] norm_mean_sd_minmax=30.823714/0.733548/29.122385/32.797256
LINK queue/drop/high=1/0/3 tof=806
TXDIAG frames_s=120 bytes_s=16781 total_frames=1568 total_bytes=206004 queue=0 high=3 drops=0 bno_drop=0 partial=0 zero=0 write_calls=26697 max_write_us=0 free_heap=166976 min_free_heap=166976 usage_pct=18.21
BNO_TX kind=1 event=0 req=0 enq=0 drop=0 done=0 bytes=0
BNO_REPORT kind=1 report_id=0 interval_us=0 requested_hz=0.000 enable_ok=0 enable_fail=0 callback=0 switch=0 kind_convert=0 events=0 tx_req=0 tx_enq=0 tx_done=0 tx_drop=0 event_drop=0 reset_reconfig=0 effective_hz=0.000
BNO_TX kind=2 event=0 req=0 enq=0 drop=0 done=0 bytes=0
BNO_REPORT kind=2 report_id=0 interval_us=0 requested_hz=0.000 enable_ok=0 enable_fail=0 callback=0 switch=0 kind_convert=0 events=0 tx_req=0 tx_enq=0 tx_done=0 tx_drop=0 event_drop=0 reset_reconfig=0 effective_hz=0.000
BNO_TX kind=3 event=0 req=0 enq=0 drop=0 done=0 bytes=0
BNO_REPORT kind=3 report_id=0 interval_us=0 requested_hz=0.000 enable_ok=0 enable_fail=0 callback=0 switch=0 kind_convert=0 events=0 tx_req=0 tx_enq=0 tx_done=0 tx_drop=0 event_drop=0 reset_reconfig=0 effective_hz=0.000
BNO_TX kind=4 event=200 req=200 enq=200 drop=0 done=200 bytes=16800
BNO_REPORT kind=4 report_id=3 interval_us=50000 requested_hz=20.000 enable_ok=2 enable_fail=0 callback=238 switch=238 kind_convert=238 events=238 tx_req=200 tx_enq=200 tx_done=200 tx_drop=0 event_drop=0 reset_reconfig=1 effective_hz=20.011
BNO_TX kind=5 event=0 req=0 enq=0 drop=0 done=0 bytes=0
BNO_REPORT kind=5 report_id=0 interval_us=0 requested_hz=0.000 enable_ok=0 enable_fail=0 callback=0 switch=0 kind_convert=0 events=0 tx_req=0 tx_enq=0 tx_done=0 tx_drop=0 event_drop=0 reset_reconfig=0 effective_hz=0.000
DIAG state=FAULT dry=1 bno_ready=1 addr=0x4A init/reinit/poll=0/0/516 event A/G/M=0/0/258 age_rx_us=4294967295/4294967295/31441
IMU cand/pair/call/ok=0/0/0/0 reject=0 dup/order/stale/dt/nonfinite/norm/queue=0/0/0/0/0/0/0 last_ok_age_us=4294967295 dt_us=0 align_samples=0 align_elapsed_us=0
HEALTH state=0 health=0 reason=imu_stale mount=0 imu_age_us=4294967295 imu_gaps=0 reversals=0 covariance=1 finite=1 gnss_age_us=4294967295 tof_age_us=4294967295 obs=1
BNO_TS ACCEL events=0 unique=0 exact=1 overflow=0 dup=0 reverse=0 rollover=0 sensor_dt_us=0/0.00/0 rx_dt_us=0/0.00/0 pair_first=0/0 pair_last=0/0
BNO_TS GYRO events=0 unique=0 exact=1 overflow=0 dup=0 reverse=0 rollover=0 sensor_dt_us=0/0.00/0 rx_dt_us=0/0.00/0 pair_first=0/0 pair_last=0/0
BNO_TS MAG events=258 unique=3 exact=1 overflow=0 dup=224 reverse=17 rollover=0 sensor_dt_us=-200/0.00/300 rx_dt_us=48479/49972.14/51496 pair_first=4294966396/20219038 pair_last=4294966396/33061877
BNO_VEC ACCEL_SENSOR_AND_ESKF_INPUT events=0 nonfinite=0
BNO_VEC GYRO_SENSOR_AND_ESKF_INPUT events=0 nonfinite=0
BNO_VEC MAG_SENSOR events=258 nonfinite=0 xyz_mean_sd=[6.430475,0.657969][-20.302810,0.958374][22.332364,0.738977] xyz_minmax=[4.687500,8.312500][-24.250000,-18.062500][20.375000,24.437500] norm_mean_sd_minmax=30.880594/0.758946/29.122385/32.797256
LINK queue/drop/high=0/0/3 tof=836
TXDIAG frames_s=118 bytes_s=16284 total_frames=1686 total_bytes=222272 queue=0 high=3 drops=0 bno_drop=0 partial=0 zero=0 write_calls=28984 max_write_us=0 free_heap=166976 min_free_heap=166976 usage_pct=17.67
BNO_TX kind=1 event=0 req=0 enq=0 drop=0 done=0 bytes=0
BNO_REPORT kind=1 report_id=0 interval_us=0 requested_hz=0.000 enable_ok=0 enable_fail=0 callback=0 switch=0 kind_convert=0 events=0 tx_req=0 tx_enq=0 tx_done=0 tx_drop=0 event_drop=0 reset_reconfig=0 effective_hz=0.000
BNO_TX kind=2 event=0 req=0 enq=0 drop=0 done=0 bytes=0
BNO_REPORT kind=2 report_id=0 interval_us=0 requested_hz=0.000 enable_ok=0 enable_fail=0 callback=0 switch=0 kind_convert=0 events=0 tx_req=0 tx_enq=0 tx_done=0 tx_drop=0 event_drop=0 reset_reconfig=0 effective_hz=0.000
BNO_TX kind=3 event=0 req=0 enq=0 drop=0 done=0 bytes=0
BNO_REPORT kind=3 report_id=0 interval_us=0 requested_hz=0.000 enable_ok=0 enable_fail=0 callback=0 switch=0 kind_convert=0 events=0 tx_req=0 tx_enq=0 tx_done=0 tx_drop=0 event_drop=0 reset_reconfig=0 effective_hz=0.000
BNO_TX kind=4 event=200 req=200 enq=200 drop=0 done=200 bytes=16800
BNO_REPORT kind=4 report_id=3 interval_us=50000 requested_hz=20.000 enable_ok=2 enable_fail=0 callback=258 switch=258 kind_convert=258 events=258 tx_req=200 tx_enq=200 tx_done=200 tx_drop=0 event_drop=0 reset_reconfig=1 effective_hz=20.011
BNO_TX kind=5 event=0 req=0 enq=0 drop=0 done=0 bytes=0
BNO_REPORT kind=5 report_id=0 interval_us=0 requested_hz=0.000 enable_ok=0 enable_fail=0 callback=0 switch=0 kind_convert=0 events=0 tx_req=0 tx_enq=0 tx_done=0 tx_drop=0 event_drop=0 reset_reconfig=0 effective_hz=0.000
DIAG state=FAULT dry=1 bno_ready=1 addr=0x4A init/reinit/poll=0/0/556 event A/G/M=0/0/278 age_rx_us=4294967295/4294967295/40302
IMU cand/pair/call/ok=0/0/0/0 reject=0 dup/order/stale/dt/nonfinite/norm/queue=0/0/0/0/0/0/0 last_ok_age_us=4294967295 dt_us=0 align_samples=0 align_elapsed_us=0
HEALTH state=0 health=0 reason=imu_stale mount=0 imu_age_us=4294967295 imu_gaps=0 reversals=0 covariance=1 finite=1 gnss_age_us=4294967295 tof_age_us=4294967295 obs=1
BNO_TS ACCEL events=0 unique=0 exact=1 overflow=0 dup=0 reverse=0 rollover=0 sensor_dt_us=0/0.00/0 rx_dt_us=0/0.00/0 pair_first=0/0 pair_last=0/0
BNO_TS GYRO events=0 unique=0 exact=1 overflow=0 dup=0 reverse=0 rollover=0 sensor_dt_us=0/0.00/0 rx_dt_us=0/0.00/0 pair_first=0/0 pair_last=0/0
BNO_TS MAG events=278 unique=3 exact=1 overflow=0 dup=238 reverse=20 rollover=0 sensor_dt_us=-200/0.00/300 rx_dt_us=47581/49969.39/53211 pair_first=4294966396/20219038 pair_last=4294966396/34060559
BNO_VEC ACCEL_SENSOR_AND_ESKF_INPUT events=0 nonfinite=0
BNO_VEC GYRO_SENSOR_AND_ESKF_INPUT events=0 nonfinite=0
BNO_VEC MAG_SENSOR events=278 nonfinite=0 xyz_mean_sd=[6.430980,0.647460][-20.425585,1.041266][22.246853,0.786393] xyz_minmax=[4.687500,8.312500][-24.250000,-18.062500][20.375000,24.437500] norm_mean_sd_minmax=30.903602/0.757437/29.122385/32.797256
LINK queue/drop/high=1/0/3 tof=867
TXDIAG frames_s=116 bytes_s=16412 total_frames=1804 total_bytes=238832 queue=0 high=3 drops=0 bno_drop=0 partial=0 zero=0 write_calls=31255 max_write_us=0 free_heap=166976 min_free_heap=166976 usage_pct=17.81
BNO_TX kind=1 event=0 req=0 enq=0 drop=0 done=0 bytes=0
BNO_REPORT kind=1 report_id=0 interval_us=0 requested_hz=0.000 enable_ok=0 enable_fail=0 callback=0 switch=0 kind_convert=0 events=0 tx_req=0 tx_enq=0 tx_done=0 tx_drop=0 event_drop=0 reset_reconfig=0 effective_hz=0.000
BNO_TX kind=2 event=0 req=0 enq=0 drop=0 done=0 bytes=0
BNO_REPORT kind=2 report_id=0 interval_us=0 requested_hz=0.000 enable_ok=0 enable_fail=0 callback=0 switch=0 kind_convert=0 events=0 tx_req=0 tx_enq=0 tx_done=0 tx_drop=0 event_drop=0 reset_reconfig=0 effective_hz=0.000
BNO_TX kind=3 event=0 req=0 enq=0 drop=0 done=0 bytes=0
BNO_REPORT kind=3 report_id=0 interval_us=0 requested_hz=0.000 enable_ok=0 enable_fail=0 callback=0 switch=0 kind_convert=0 events=0 tx_req=0 tx_enq=0 tx_done=0 tx_drop=0 event_drop=0 reset_reconfig=0 effective_hz=0.000
BNO_TX kind=4 event=200 req=200 enq=200 drop=0 done=200 bytes=16800
BNO_REPORT kind=4 report_id=3 interval_us=50000 requested_hz=20.000 enable_ok=2 enable_fail=0 callback=278 switch=278 kind_convert=278 events=278 tx_req=200 tx_enq=200 tx_done=200 tx_drop=0 event_drop=0 reset_reconfig=1 effective_hz=20.012
BNO_TX kind=5 event=0 req=0 enq=0 drop=0 done=0 bytes=0
BNO_REPORT kind=5 report_id=0 interval_us=0 requested_hz=0.000 enable_ok=0 enable_fail=0 callback=0 switch=0 kind_convert=0 events=0 tx_req=0 tx_enq=0 tx_done=0 tx_drop=0 event_drop=0 reset_reconfig=0 effective_hz=0.000
DIAG state=FAULT dry=1 bno_ready=1 addr=0x4A init/reinit/poll=0/0/596 event A/G/M=0/0/298 age_rx_us=4294967295/4294967295/40396
IMU cand/pair/call/ok=0/0/0/0 reject=0 dup/order/stale/dt/nonfinite/norm/queue=0/0/0/0/0/0/0 last_ok_age_us=4294967295 dt_us=0 align_samples=0 align_elapsed_us=0
HEALTH state=0 health=0 reason=imu_stale mount=0 imu_age_us=4294967295 imu_gaps=0 reversals=0 covariance=1 finite=1 gnss_age_us=4294967295 tof_age_us=4294967295 obs=1
BNO_TS ACCEL events=0 unique=0 exact=1 overflow=0 dup=0 reverse=0 rollover=0 sensor_dt_us=0/0.00/0 rx_dt_us=0/0.00/0 pair_first=0/0 pair_last=0/0
BNO_TS GYRO events=0 unique=0 exact=1 overflow=0 dup=0 reverse=0 rollover=0 sensor_dt_us=0/0.00/0 rx_dt_us=0/0.00/0 pair_first=0/0 pair_last=0/0
BNO_TS MAG events=298 unique=3 exact=1 overflow=0 dup=253 reverse=22 rollover=0 sensor_dt_us=-200/0.67/300 rx_dt_us=47581/49969.26/53211 pair_first=4294966396/20219038 pair_last=4294966596/35059907
BNO_VEC ACCEL_SENSOR_AND_ESKF_INPUT events=0 nonfinite=0
BNO_VEC GYRO_SENSOR_AND_ESKF_INPUT events=0 nonfinite=0
BNO_VEC MAG_SENSOR events=298 nonfinite=0 xyz_mean_sd=[6.698196,1.746530][-20.668624,1.456563][22.180159,1.161749] xyz_minmax=[4.687500,20.375000][-29.875000,-18.062500][14.437500,25.000000] norm_mean_sd_minmax=31.128943/1.236061/29.122385/38.346691
LINK queue/drop/high=0/0/3 tof=897
TXDIAG frames_s=120 bytes_s=16633 total_frames=1924 total_bytes=255432 queue=0 high=3 drops=0 bno_drop=0 partial=0 zero=0 write_calls=33511 max_write_us=0 free_heap=166976 min_free_heap=166976 usage_pct=18.05
BNO_TX kind=1 event=0 req=0 enq=0 drop=0 done=0 bytes=0
BNO_REPORT kind=1 report_id=0 interval_us=0 requested_hz=0.000 enable_ok=0 enable_fail=0 callback=0 switch=0 kind_convert=0 events=0 tx_req=0 tx_enq=0 tx_done=0 tx_drop=0 event_drop=0 reset_reconfig=0 effective_hz=0.000
BNO_TX kind=2 event=0 req=0 enq=0 drop=0 done=0 bytes=0
BNO_REPORT kind=2 report_id=0 interval_us=0 requested_hz=0.000 enable_ok=0 enable_fail=0 callback=0 switch=0 kind_convert=0 events=0 tx_req=0 tx_enq=0 tx_done=0 tx_drop=0 event_drop=0 reset_reconfig=0 effective_hz=0.000
BNO_TX kind=3 event=0 req=0 enq=0 drop=0 done=0 bytes=0
BNO_REPORT kind=3 report_id=0 interval_us=0 requested_hz=0.000 enable_ok=0 enable_fail=0 callback=0 switch=0 kind_convert=0 events=0 tx_req=0 tx_enq=0 tx_done=0 tx_drop=0 event_drop=0 reset_reconfig=0 effective_hz=0.000
BNO_TX kind=4 event=200 req=200 enq=200 drop=0 done=200 bytes=16800
BNO_REPORT kind=4 report_id=3 interval_us=50000 requested_hz=20.000 enable_ok=2 enable_fail=0 callback=298 switch=298 kind_convert=298 events=298 tx_req=200 tx_enq=200 tx_done=200 tx_drop=0 event_drop=0 reset_reconfig=1 effective_hz=20.012
BNO_TX kind=5 event=0 req=0 enq=0 drop=0 done=0 bytes=0
BNO_REPORT kind=5 report_id=0 interval_us=0 requested_hz=0.000 enable_ok=0 enable_fail=0 callback=0 switch=0 kind_convert=0 events=0 tx_req=0 tx_enq=0 tx_done=0 tx_drop=0 event_drop=0 reset_reconfig=0 effective_hz=0.000
DIAG state=FAULT dry=1 bno_ready=1 addr=0x4A init/reinit/poll=0/0/637 event A/G/M=0/0/318 age_rx_us=4294967295/4294967295/46925
IMU cand/pair/call/ok=0/0/0/0 reject=0 dup/order/stale/dt/nonfinite/norm/queue=0/0/0/0/0/0/0 last_ok_age_us=4294967295 dt_us=0 align_samples=0 align_elapsed_us=0
HEALTH state=0 health=0 reason=imu_stale mount=0 imu_age_us=4294967295 imu_gaps=0 reversals=0 covariance=1 finite=1 gnss_age_us=4294967295 tof_age_us=4294967295 obs=1
BNO_TS ACCEL events=0 unique=0 exact=1 overflow=0 dup=0 reverse=0 rollover=0 sensor_dt_us=0/0.00/0 rx_dt_us=0/0.00/0 pair_first=0/0 pair_last=0/0
BNO_TS GYRO events=0 unique=0 exact=1 overflow=0 dup=0 reverse=0 rollover=0 sensor_dt_us=0/0.00/0 rx_dt_us=0/0.00/0 pair_first=0/0 pair_last=0/0
BNO_TS MAG events=318 unique=3 exact=1 overflow=0 dup=268 reverse=25 rollover=0 sensor_dt_us=-200/0.00/300 rx_dt_us=47581/49971.72/53211 pair_first=4294966396/20219038 pair_last=4294966396/36060074
BNO_VEC ACCEL_SENSOR_AND_ESKF_INPUT events=0 nonfinite=0
BNO_VEC GYRO_SENSOR_AND_ESKF_INPUT events=0 nonfinite=0
BNO_VEC MAG_SENSOR events=318 nonfinite=0 xyz_mean_sd=[7.447917,3.354860][-21.002358,1.918410][21.899961,1.573555] xyz_minmax=[4.687500,20.375000][-29.875000,-18.062500][14.437500,25.000000] norm_mean_sd_minmax=31.470241/1.792816/29.122385/38.346691
LINK queue/drop/high=1/0/3 tof=928
TXDIAG frames_s=116 bytes_s=16404 total_frames=2042 total_bytes=271984 queue=0 high=3 drops=0 bno_drop=0 partial=0 zero=0 write_calls=35784 max_write_us=0 free_heap=166976 min_free_heap=166976 usage_pct=17.80
BNO_TX kind=1 event=0 req=0 enq=0 drop=0 done=0 bytes=0
BNO_REPORT kind=1 report_id=0 interval_us=0 requested_hz=0.000 enable_ok=0 enable_fail=0 callback=0 switch=0 kind_convert=0 events=0 tx_req=0 tx_enq=0 tx_done=0 tx_drop=0 event_drop=0 reset_reconfig=0 effective_hz=0.000
BNO_TX kind=2 event=0 req=0 enq=0 drop=0 done=0 bytes=0
BNO_REPORT kind=2 report_id=0 interval_us=0 requested_hz=0.000 enable_ok=0 enable_fail=0 callback=0 switch=0 kind_convert=0 events=0 tx_req=0 tx_enq=0 tx_done=0 tx_drop=0 event_drop=0 reset_reconfig=0 effective_hz=0.000
BNO_TX kind=3 event=0 req=0 enq=0 drop=0 done=0 bytes=0
BNO_REPORT kind=3 report_id=0 interval_us=0 requested_hz=0.000 enable_ok=0 enable_fail=0 callback=0 switch=0 kind_convert=0 events=0 tx_req=0 tx_enq=0 tx_done=0 tx_drop=0 event_drop=0 reset_reconfig=0 effective_hz=0.000
BNO_TX kind=4 event=200 req=200 enq=200 drop=0 done=200 bytes=16800
BNO_REPORT kind=4 report_id=3 interval_us=50000 requested_hz=20.000 enable_ok=2 enable_fail=0 callback=319 switch=319 kind_convert=319 events=319 tx_req=200 tx_enq=200 tx_done=200 tx_drop=0 event_drop=0 reset_reconfig=1 effective_hz=20.012
BNO_TX kind=5 event=0 req=0 enq=0 drop=0 done=0 bytes=0
BNO_REPORT kind=5 report_id=0 interval_us=0 requested_hz=0.000 enable_ok=0 enable_fail=0 callback=0 switch=0 kind_convert=0 events=0 tx_req=0 tx_enq=0 tx_done=0 tx_drop=0 event_drop=0 reset_reconfig=0 effective_hz=0.000
DIAG state=FAULT dry=1 bno_ready=1 addr=0x4A init/reinit/poll=0/0/677 event A/G/M=0/0/338 age_rx_us=4294967295/4294967295/47627
IMU cand/pair/call/ok=0/0/0/0 reject=0 dup/order/stale/dt/nonfinite/norm/queue=0/0/0/0/0/0/0 last_ok_age_us=4294967295 dt_us=0 align_samples=0 align_elapsed_us=0
HEALTH state=0 health=0 reason=imu_stale mount=0 imu_age_us=4294967295 imu_gaps=0 reversals=0 covariance=1 finite=1 gnss_age_us=4294967295 tof_age_us=4294967295 obs=1
BNO_TS ACCEL events=0 unique=0 exact=1 overflow=0 dup=0 reverse=0 rollover=0 sensor_dt_us=0/0.00/0 rx_dt_us=0/0.00/0 pair_first=0/0 pair_last=0/0
BNO_TS GYRO events=0 unique=0 exact=1 overflow=0 dup=0 reverse=0 rollover=0 sensor_dt_us=0/0.00/0 rx_dt_us=0/0.00/0 pair_first=0/0 pair_last=0/0
BNO_TS MAG events=338 unique=3 exact=1 overflow=0 dup=286 reverse=26 rollover=0 sensor_dt_us=-200/0.00/300 rx_dt_us=47581/49969.42/53211 pair_first=4294966396/20219038 pair_last=4294966396/37058732
BNO_VEC ACCEL_SENSOR_AND_ESKF_INPUT events=0 nonfinite=0
BNO_VEC GYRO_SENSOR_AND_ESKF_INPUT events=0 nonfinite=0
BNO_VEC MAG_SENSOR events=338 nonfinite=0 xyz_mean_sd=[8.117049,4.209422][-21.296413,2.205596][21.663646,1.800151] xyz_minmax=[4.687500,20.375000][-29.875000,-18.062500][14.437500,25.000000] norm_mean_sd_minmax=31.780160/2.140818/29.122385/38.346691
LINK queue/drop/high=0/0/3 tof=958
TXDIAG frames_s=118 bytes_s=16440 total_frames=2160 total_bytes=288408 queue=0 high=3 drops=0 bno_drop=0 partial=0 zero=0 write_calls=38100 max_write_us=0 free_heap=166976 min_free_heap=166976 usage_pct=17.84
BNO_TX kind=1 event=0 req=0 enq=0 drop=0 done=0 bytes=0
BNO_REPORT kind=1 report_id=0 interval_us=0 requested_hz=0.000 enable_ok=0 enable_fail=0 callback=0 switch=0 kind_convert=0 events=0 tx_req=0 tx_enq=0 tx_done=0 tx_drop=0 event_drop=0 reset_reconfig=0 effective_hz=0.000
BNO_TX kind=2 event=0 req=0 enq=0 drop=0 done=0 bytes=0
BNO_REPORT kind=2 report_id=0 interval_us=0 requested_hz=0.000 enable_ok=0 enable_fail=0 callback=0 switch=0 kind_convert=0 events=0 tx_req=0 tx_enq=0 tx_done=0 tx_drop=0 event_drop=0 reset_reconfig=0 effective_hz=0.000
BNO_TX kind=3 event=0 req=0 enq=0 drop=0 done=0 bytes=0
BNO_REPORT kind=3 report_id=0 interval_us=0 requested_hz=0.000 enable_ok=0 enable_fail=0 callback=0 switch=0 kind_convert=0 events=0 tx_req=0 tx_enq=0 tx_done=0 tx_drop=0 event_drop=0 reset_reconfig=0 effective_hz=0.000
BNO_TX kind=4 event=200 req=200 enq=200 drop=0 done=200 bytes=16800
BNO_REPORT kind=4 report_id=3 interval_us=50000 requested_hz=20.000 enable_ok=2 enable_fail=0 callback=339 switch=339 kind_convert=339 events=339 tx_req=200 tx_enq=200 tx_done=200 tx_drop=0 event_drop=0 reset_reconfig=1 effective_hz=20.011
BNO_TX kind=5 event=0 req=0 enq=0 drop=0 done=0 bytes=0
BNO_REPORT kind=5 report_id=0 interval_us=0 requested_hz=0.000 enable_ok=0 enable_fail=0 callback=0 switch=0 kind_convert=0 events=0 tx_req=0 tx_enq=0 tx_done=0 tx_drop=0 event_drop=0 reset_reconfig=0 effective_hz=0.000
DIAG state=FAULT dry=1 bno_ready=1 addr=0x4A init/reinit/poll=0/0/718 event A/G/M=0/0/359 age_rx_us=4294967295/4294967295/7832
IMU cand/pair/call/ok=0/0/0/0 reject=0 dup/order/stale/dt/nonfinite/norm/queue=0/0/0/0/0/0/0 last_ok_age_us=4294967295 dt_us=0 align_samples=0 align_elapsed_us=0
HEALTH state=0 health=0 reason=imu_stale mount=0 imu_age_us=4294967295 imu_gaps=0 reversals=0 covariance=1 finite=1 gnss_age_us=4294967295 tof_age_us=4294967295 obs=1
BNO_TS ACCEL events=0 unique=0 exact=1 overflow=0 dup=0 reverse=0 rollover=0 sensor_dt_us=0/0.00/0 rx_dt_us=0/0.00/0 pair_first=0/0 pair_last=0/0
BNO_TS GYRO events=0 unique=0 exact=1 overflow=0 dup=0 reverse=0 rollover=0 sensor_dt_us=0/0.00/0 rx_dt_us=0/0.00/0 pair_first=0/0 pair_last=0/0
BNO_TS MAG events=359 unique=3 exact=1 overflow=0 dup=302 reverse=29 rollover=0 sensor_dt_us=-200/-0.28/300 rx_dt_us=47581/49969.72/53211 pair_first=4294966396/20219038 pair_last=4294966296/38108197
BNO_VEC ACCEL_SENSOR_AND_ESKF_INPUT events=0 nonfinite=0
BNO_VEC GYRO_SENSOR_AND_ESKF_INPUT events=0 nonfinite=0
BNO_VEC MAG_SENSOR events=359 nonfinite=0 xyz_mean_sd=[8.743907,4.798972][-21.558148,2.389996][21.439415,1.970868] xyz_minmax=[4.687500,20.375000][-29.875000,-18.062500][14.437500,25.000000] norm_mean_sd_minmax=32.060447/2.369054/29.122385/38.346691
LINK queue/drop/high=2/0/3 tof=989
TXDIAG frames_s=115 bytes_s=16325 total_frames=2277 total_bytes=304880 queue=0 high=3 drops=0 bno_drop=0 partial=0 zero=0 write_calls=40448 max_write_us=0 free_heap=166976 min_free_heap=166976 usage_pct=17.71
BNO_TX kind=1 event=0 req=0 enq=0 drop=0 done=0 bytes=0
BNO_REPORT kind=1 report_id=0 interval_us=0 requested_hz=0.000 enable_ok=0 enable_fail=0 callback=0 switch=0 kind_convert=0 events=0 tx_req=0 tx_enq=0 tx_done=0 tx_drop=0 event_drop=0 reset_reconfig=0 effective_hz=0.000
BNO_TX kind=2 event=0 req=0 enq=0 drop=0 done=0 bytes=0
BNO_REPORT kind=2 report_id=0 interval_us=0 requested_hz=0.000 enable_ok=0 enable_fail=0 callback=0 switch=0 kind_convert=0 events=0 tx_req=0 tx_enq=0 tx_done=0 tx_drop=0 event_drop=0 reset_reconfig=0 effective_hz=0.000
BNO_TX kind=3 event=0 req=0 enq=0 drop=0 done=0 bytes=0
BNO_REPORT kind=3 report_id=0 interval_us=0 requested_hz=0.000 enable_ok=0 enable_fail=0 callback=0 switch=0 kind_convert=0 events=0 tx_req=0 tx_enq=0 tx_done=0 tx_drop=0 event_drop=0 reset_reconfig=0 effective_hz=0.000
BNO_TX kind=4 event=200 req=200 enq=200 drop=0 done=200 bytes=16800
BNO_REPORT kind=4 report_id=3 interval_us=50000 requested_hz=20.000 enable_ok=2 enable_fail=0 callback=359 switch=359 kind_convert=359 events=359 tx_req=200 tx_enq=200 tx_done=200 tx_drop=0 event_drop=0 reset_reconfig=1 effective_hz=20.012
BNO_TX kind=5 event=0 req=0 enq=0 drop=0 done=0 bytes=0
BNO_REPORT kind=5 report_id=0 interval_us=0 requested_hz=0.000 enable_ok=0 enable_fail=0 callback=0 switch=0 kind_convert=0 events=0 tx_req=0 tx_enq=0 tx_done=0 tx_drop=0 event_drop=0 reset_reconfig=0 effective_hz=0.000
DIAG state=FAULT dry=1 bno_ready=1 addr=0x4A init/reinit/poll=0/0/758 event A/G/M=0/0/379 age_rx_us=4294967295/4294967295/8076
IMU cand/pair/call/ok=0/0/0/0 reject=0 dup/order/stale/dt/nonfinite/norm/queue=0/0/0/0/0/0/0 last_ok_age_us=4294967295 dt_us=0 align_samples=0 align_elapsed_us=0
HEALTH state=0 health=0 reason=imu_stale mount=0 imu_age_us=4294967295 imu_gaps=0 reversals=0 covariance=1 finite=1 gnss_age_us=4294967295 tof_age_us=4294967295 obs=1
BNO_TS ACCEL events=0 unique=0 exact=1 overflow=0 dup=0 reverse=0 rollover=0 sensor_dt_us=0/0.00/0 rx_dt_us=0/0.00/0 pair_first=0/0 pair_last=0/0
BNO_TS GYRO events=0 unique=0 exact=1 overflow=0 dup=0 reverse=0 rollover=0 sensor_dt_us=0/0.00/0 rx_dt_us=0/0.00/0 pair_first=0/0 pair_last=0/0
BNO_TS MAG events=379 unique=3 exact=1 overflow=0 dup=315 reverse=32 rollover=0 sensor_dt_us=-200/0.00/300 rx_dt_us=47581/49971.43/53211 pair_first=4294966396/20219038 pair_last=4294966396/39108239
BNO_VEC ACCEL_SENSOR_AND_ESKF_INPUT events=0 nonfinite=0
BNO_VEC GYRO_SENSOR_AND_ESKF_INPUT events=0 nonfinite=0
BNO_VEC MAG_SENSOR events=379 nonfinite=0 xyz_mean_sd=[9.268140,5.173184][-21.789578,2.530980][21.246042,2.092641] xyz_minmax=[4.687500,20.375000][-29.875000,-18.062500][14.437500,25.000000] norm_mean_sd_minmax=32.299216/2.527037/29.122385/38.346691
LINK queue/drop/high=0/0/3 tof=1019
TXDIAG frames_s=115 bytes_s=16119 total_frames=2393 total_bytes=321016 queue=0 high=3 drops=0 bno_drop=0 partial=0 zero=0 write_calls=42683 max_write_us=0 free_heap=166976 min_free_heap=166976 usage_pct=17.49
BNO_TX kind=1 event=0 req=0 enq=0 drop=0 done=0 bytes=0
BNO_REPORT kind=1 report_id=0 interval_us=0 requested_hz=0.000 enable_ok=0 enable_fail=0 callback=0 switch=0 kind_convert=0 events=0 tx_req=0 tx_enq=0 tx_done=0 tx_drop=0 event_drop=0 reset_reconfig=0 effective_hz=0.000
BNO_TX kind=2 event=0 req=0 enq=0 drop=0 done=0 bytes=0
BNO_REPORT kind=2 report_id=0 interval_us=0 requested_hz=0.000 enable_ok=0 enable_fail=0 callback=0 switch=0 kind_convert=0 events=0 tx_req=0 tx_enq=0 tx_done=0 tx_drop=0 event_drop=0 reset_reconfig=0 effective_hz=0.000
BNO_TX kind=3 event=0 req=0 enq=0 drop=0 done=0 bytes=0
BNO_REPORT kind=3 report_id=0 interval_us=0 requested_hz=0.000 enable_ok=0 enable_fail=0 callback=0 switch=0 kind_convert=0 events=0 tx_req=0 tx_enq=0 tx_done=0 tx_drop=0 event_drop=0 reset_reconfig=0 effective_hz=0.000
BNO_TX kind=4 event=200 req=200 enq=200 drop=0 done=200 bytes=16800
BNO_REPORT kind=4 report_id=3 interval_us=50000 requested_hz=20.000 enable_ok=2 enable_fail=0 callback=379 switch=379 kind_convert=379 events=379 tx_req=200 tx_enq=200 tx_done=200 tx_drop=0 event_drop=0 reset_reconfig=1 effective_hz=20.011
BNO_TX kind=5 event=0 req=0 enq=0 drop=0 done=0 bytes=0
BNO_REPORT kind=5 report_id=0 interval_us=0 requested_hz=0.000 enable_ok=0 enable_fail=0 callback=0 switch=0 kind_convert=0 events=0 tx_req=0 tx_enq=0 tx_done=0 tx_drop=0 event_drop=0 reset_reconfig=0 effective_hz=0.000
DIAG state=FAULT dry=1 bno_ready=1 addr=0x4A init/reinit/poll=0/0/798 event A/G/M=0/0/399 age_rx_us=4294967295/4294967295/18076
IMU cand/pair/call/ok=0/0/0/0 reject=0 dup/order/stale/dt/nonfinite/norm/queue=0/0/0/0/0/0/0 last_ok_age_us=4294967295 dt_us=0 align_samples=0 align_elapsed_us=0
HEALTH state=0 health=0 reason=imu_stale mount=0 imu_age_us=4294967295 imu_gaps=0 reversals=0 covariance=1 finite=1 gnss_age_us=4294967295 tof_age_us=4294967295 obs=1
BNO_TS ACCEL events=0 unique=0 exact=1 overflow=0 dup=0 reverse=0 rollover=0 sensor_dt_us=0/0.00/0 rx_dt_us=0/0.00/0 pair_first=0/0 pair_last=0/0
BNO_TS GYRO events=0 unique=0 exact=1 overflow=0 dup=0 reverse=0 rollover=0 sensor_dt_us=0/0.00/0 rx_dt_us=0/0.00/0 pair_first=0/0 pair_last=0/0
BNO_TS MAG events=399 unique=3 exact=1 overflow=0 dup=325 reverse=37 rollover=0 sensor_dt_us=-200/0.00/300 rx_dt_us=47581/49969.49/53211 pair_first=4294966396/20219038 pair_last=4294966396/40106897
BNO_VEC ACCEL_SENSOR_AND_ESKF_INPUT events=0 nonfinite=0
BNO_VEC GYRO_SENSOR_AND_ESKF_INPUT events=0 nonfinite=0
BNO_VEC MAG_SENSOR events=399 nonfinite=0 xyz_mean_sd=[9.744204,5.452302][-21.989192,2.619312][21.094612,2.149233] xyz_minmax=[4.687500,20.375000][-29.875000,-18.062500][14.437500,25.000000] norm_mean_sd_minmax=32.521429/2.649704/29.122385/38.346691
LINK queue/drop/high=1/0/3 tof=1050
TXDIAG frames_s=118 bytes_s=16523 total_frames=2513 total_bytes=337688 queue=0 high=3 drops=0 bno_drop=0 partial=0 zero=0 write_calls=44899 max_write_us=0 free_heap=166976 min_free_heap=166976 usage_pct=17.93
BNO_TX kind=1 event=0 req=0 enq=0 drop=0 done=0 bytes=0
BNO_REPORT kind=1 report_id=0 interval_us=0 requested_hz=0.000 enable_ok=0 enable_fail=0 callback=0 switch=0 kind_convert=0 events=0 tx_req=0 tx_enq=0 tx_done=0 tx_drop=0 event_drop=0 reset_reconfig=0 effective_hz=0.000
BNO_TX kind=2 event=0 req=0 enq=0 drop=0 done=0 bytes=0
BNO_REPORT kind=2 report_id=0 interval_us=0 requested_hz=0.000 enable_ok=0 enable_fail=0 callback=0 switch=0 kind_convert=0 events=0 tx_req=0 tx_enq=0 tx_done=0 tx_drop=0 event_drop=0 reset_reconfig=0 effective_hz=0.000
BNO_TX kind=3 event=0 req=0 enq=0 drop=0 done=0 bytes=0
BNO_REPORT kind=3 report_id=0 interval_us=0 requested_hz=0.000 enable_ok=0 enable_fail=0 callback=0 switch=0 kind_convert=0 events=0 tx_req=0 tx_enq=0 tx_done=0 tx_drop=0 event_drop=0 reset_reconfig=0 effective_hz=0.000
BNO_TX kind=4 event=200 req=200 enq=200 drop=0 done=200 bytes=16800
BNO_REPORT kind=4 report_id=3 interval_us=50000 requested_hz=20.000 enable_ok=2 enable_fail=0 callback=399 switch=399 kind_convert=399 events=399 tx_req=200 tx_enq=200 tx_done=200 tx_drop=0 event_drop=0 reset_reconfig=1 effective_hz=20.012
BNO_TX kind=5 event=0 req=0 enq=0 drop=0 done=0 bytes=0
BNO_REPORT kind=5 report_id=0 interval_us=0 requested_hz=0.000 enable_ok=0 enable_fail=0 callback=0 switch=0 kind_convert=0 events=0 tx_req=0 tx_enq=0 tx_done=0 tx_drop=0 event_drop=0 reset_reconfig=0 effective_hz=0.000
DIAG state=FAULT dry=1 bno_ready=1 addr=0x4A init/reinit/poll=0/0/838 event A/G/M=0/0/419 age_rx_us=4294967295/4294967295/18075
IMU cand/pair/call/ok=0/0/0/0 reject=0 dup/order/stale/dt/nonfinite/norm/queue=0/0/0/0/0/0/0 last_ok_age_us=4294967295 dt_us=0 align_samples=0 align_elapsed_us=0
HEALTH state=0 health=0 reason=imu_stale mount=0 imu_age_us=4294967295 imu_gaps=0 reversals=0 covariance=1 finite=1 gnss_age_us=4294967295 tof_age_us=4294967295 obs=1
BNO_TS ACCEL events=0 unique=0 exact=1 overflow=0 dup=0 reverse=0 rollover=0 sensor_dt_us=0/0.00/0 rx_dt_us=0/0.00/0 pair_first=0/0 pair_last=0/0
BNO_TS GYRO events=0 unique=0 exact=1 overflow=0 dup=0 reverse=0 rollover=0 sensor_dt_us=0/0.00/0 rx_dt_us=0/0.00/0 pair_first=0/0 pair_last=0/0
BNO_TS MAG events=419 unique=3 exact=1 overflow=0 dup=341 reverse=39 rollover=0 sensor_dt_us=-200/0.00/300 rx_dt_us=47581/49969.51/53211 pair_first=4294966396/20219038 pair_last=4294966396/41106294
BNO_VEC ACCEL_SENSOR_AND_ESKF_INPUT events=0 nonfinite=0
BNO_VEC GYRO_SENSOR_AND_ESKF_INPUT events=0 nonfinite=0
BNO_VEC MAG_SENSOR events=419 nonfinite=0 xyz_mean_sd=[10.180489,5.667339][-22.175418,2.696225][20.948389,2.200501] xyz_minmax=[4.687500,20.375000][-29.875000,-18.062500][14.437500,25.000000] norm_mean_sd_minmax=32.724886/2.745705/29.122385/38.346691
LINK queue/drop/high=0/0/3 tof=1080
TXDIAG frames_s=118 bytes_s=16448 total_frames=2631 total_bytes=354104 queue=0 high=3 drops=0 bno_drop=0 partial=0 zero=0 write_calls=47146 max_write_us=0 free_heap=166976 min_free_heap=166976 usage_pct=17.85
BNO_TX kind=1 event=0 req=0 enq=0 drop=0 done=0 bytes=0
BNO_REPORT kind=1 report_id=0 interval_us=0 requested_hz=0.000 enable_ok=0 enable_fail=0 callback=0 switch=0 kind_convert=0 events=0 tx_req=0 tx_enq=0 tx_done=0 tx_drop=0 event_drop=0 reset_reconfig=0 effective_hz=0.000
BNO_TX kind=2 event=0 req=0 enq=0 drop=0 done=0 bytes=0
BNO_REPORT kind=2 report_id=0 interval_us=0 requested_hz=0.000 enable_ok=0 enable_fail=0 callback=0 switch=0 kind_convert=0 events=0 tx_req=0 tx_enq=0 tx_done=0 tx_drop=0 event_drop=0 reset_reconfig=0 effective_hz=0.000
BNO_TX kind=3 event=0 req=0 enq=0 drop=0 done=0 bytes=0
BNO_REPORT kind=3 report_id=0 interval_us=0 requested_hz=0.000 enable_ok=0 enable_fail=0 callback=0 switch=0 kind_convert=0 events=0 tx_req=0 tx_enq=0 tx_done=0 tx_drop=0 event_drop=0 reset_reconfig=0 effective_hz=0.000
BNO_TX kind=4 event=200 req=200 enq=200 drop=0 done=200 bytes=16800
BNO_REPORT kind=4 report_id=3 interval_us=50000 requested_hz=20.000 enable_ok=2 enable_fail=0 callback=419 switch=419 kind_convert=419 events=419 tx_req=200 tx_enq=200 tx_done=200 tx_drop=0 event_drop=0 reset_reconfig=1 effective_hz=20.012
BNO_TX kind=5 event=0 req=0 enq=0 drop=0 done=0 bytes=0
BNO_REPORT kind=5 report_id=0 interval_us=0 requested_hz=0.000 enable_ok=0 enable_fail=0 callback=0 switch=0 kind_convert=0 events=0 tx_req=0 tx_enq=0 tx_done=0 tx_drop=0 event_drop=0 reset_reconfig=0 effective_hz=0.000
DIAG state=FAULT dry=1 bno_ready=1 addr=0x4A init/reinit/poll=0/0/878 event A/G/M=0/0/439 age_rx_us=4294967295/4294967295/27597
IMU cand/pair/call/ok=0/0/0/0 reject=0 dup/order/stale/dt/nonfinite/norm/queue=0/0/0/0/0/0/0 last_ok_age_us=4294967295 dt_us=0 align_samples=0 align_elapsed_us=0
HEALTH state=0 health=0 reason=imu_stale mount=0 imu_age_us=4294967295 imu_gaps=0 reversals=0 covariance=1 finite=1 gnss_age_us=4294967295 tof_age_us=4294967295 obs=1
BNO_TS ACCEL events=0 unique=0 exact=1 overflow=0 dup=0 reverse=0 rollover=0 sensor_dt_us=0/0.00/0 rx_dt_us=0/0.00/0 pair_first=0/0 pair_last=0/0
BNO_TS GYRO events=0 unique=0 exact=1 overflow=0 dup=0 reverse=0 rollover=0 sensor_dt_us=0/0.00/0 rx_dt_us=0/0.00/0 pair_first=0/0 pair_last=0/0
BNO_TS MAG events=439 unique=3 exact=1 overflow=0 dup=356 reverse=41 rollover=0 sensor_dt_us=-200/0.46/300 rx_dt_us=47559/49971.07/53211 pair_first=4294966396/20219038 pair_last=4294966596/42106367
BNO_VEC ACCEL_SENSOR_AND_ESKF_INPUT events=0 nonfinite=0
BNO_VEC GYRO_SENSOR_AND_ESKF_INPUT events=0 nonfinite=0
BNO_VEC MAG_SENSOR events=439 nonfinite=0 xyz_mean_sd=[10.578872,5.830008][-22.352221,2.760782][20.814778,2.243179] xyz_minmax=[4.687500,20.375000][-29.875000,-18.062500][14.437500,25.000000] norm_mean_sd_minmax=32.915887/2.824265/29.122385/38.346691
LINK queue/drop/high=1/0/3 tof=1111
TXDIAG frames_s=115 bytes_s=16268 total_frames=2748 total_bytes=370568 queue=0 high=3 drops=0 bno_drop=0 partial=0 zero=0 write_calls=49345 max_write_us=0 free_heap=166976 min_free_heap=166976 usage_pct=17.65
BNO_TX kind=1 event=0 req=0 enq=0 drop=0 done=0 bytes=0
BNO_REPORT kind=1 report_id=0 interval_us=0 requested_hz=0.000 enable_ok=0 enable_fail=0 callback=0 switch=0 kind_convert=0 events=0 tx_req=0 tx_enq=0 tx_done=0 tx_drop=0 event_drop=0 reset_reconfig=0 effective_hz=0.000
BNO_TX kind=2 event=0 req=0 enq=0 drop=0 done=0 bytes=0
BNO_REPORT kind=2 report_id=0 interval_us=0 requested_hz=0.000 enable_ok=0 enable_fail=0 callback=0 switch=0 kind_convert=0 events=0 tx_req=0 tx_enq=0 tx_done=0 tx_drop=0 event_drop=0 reset_reconfig=0 effective_hz=0.000
BNO_TX kind=3 event=0 req=0 enq=0 drop=0 done=0 bytes=0
BNO_REPORT kind=3 report_id=0 interval_us=0 requested_hz=0.000 enable_ok=0 enable_fail=0 callback=0 switch=0 kind_convert=0 events=0 tx_req=0 tx_enq=0 tx_done=0 tx_drop=0 event_drop=0 reset_reconfig=0 effective_hz=0.000
BNO_TX kind=4 event=200 req=200 enq=200 drop=0 done=200 bytes=16800
BNO_REPORT kind=4 report_id=3 interval_us=50000 requested_hz=20.000 enable_ok=2 enable_fail=0 callback=439 switch=439 kind_convert=439 events=439 tx_req=200 tx_enq=200 tx_done=200 tx_drop=0 event_drop=0 reset_reconfig=1 effective_hz=20.012
BNO_TX kind=5 event=0 req=0 enq=0 drop=0 done=0 bytes=0
BNO_REPORT kind=5 report_id=0 interval_us=0 requested_hz=0.000 enable_ok=0 enable_fail=0 callback=0 switch=0 kind_convert=0 events=0 tx_req=0 tx_enq=0 tx_done=0 tx_drop=0 event_drop=0 reset_reconfig=0 effective_hz=0.000
DIAG state=FAULT dry=1 bno_ready=1 addr=0x4A init/reinit/poll=0/0/918 event A/G/M=0/0/459 age_rx_us=4294967295/4294967295/28342
IMU cand/pair/call/ok=0/0/0/0 reject=0 dup/order/stale/dt/nonfinite/norm/queue=0/0/0/0/0/0/0 last_ok_age_us=4294967295 dt_us=0 align_samples=0 align_elapsed_us=0
HEALTH state=0 health=0 reason=imu_stale mount=0 imu_age_us=4294967295 imu_gaps=0 reversals=0 covariance=1 finite=1 gnss_age_us=4294967295 tof_age_us=4294967295 obs=1
BNO_TS ACCEL events=0 unique=0 exact=1 overflow=0 dup=0 reverse=0 rollover=0 sensor_dt_us=0/0.00/0 rx_dt_us=0/0.00/0 pair_first=0/0 pair_last=0/0
BNO_TS GYRO events=0 unique=0 exact=1 overflow=0 dup=0 reverse=0 rollover=0 sensor_dt_us=0/0.00/0 rx_dt_us=0/0.00/0 pair_first=0/0 pair_last=0/0
BNO_TS MAG events=459 unique=3 exact=1 overflow=0 dup=369 reverse=45 rollover=0 sensor_dt_us=-200/0.00/300 rx_dt_us=47559/49969.43/53211 pair_first=4294966396/20219038 pair_last=4294966396/43105037
BNO_VEC ACCEL_SENSOR_AND_ESKF_INPUT events=0 nonfinite=0
BNO_VEC GYRO_SENSOR_AND_ESKF_INPUT events=0 nonfinite=0
BNO_VEC MAG_SENSOR events=459 nonfinite=0 xyz_mean_sd=[10.952070,5.964877][-22.500408,2.790592][20.682734,2.282286] xyz_minmax=[4.687500,20.375000][-29.875000,-18.062500][14.437500,25.000000] norm_mean_sd_minmax=33.080702/2.869643/29.122385/38.346691
LINK queue/drop/high=0/0/3 tof=1141
TXDIAG frames_s=120 bytes_s=16617 total_frames=2868 total_bytes=387152 queue=0 high=3 drops=0 bno_drop=0 partial=0 zero=0 write_calls=51966 max_write_us=0 free_heap=166976 min_free_heap=166976 usage_pct=18.03
BNO_TX kind=1 event=0 req=0 enq=0 drop=0 done=0 bytes=0
BNO_REPORT kind=1 report_id=0 interval_us=0 requested_hz=0.000 enable_ok=0 enable_fail=0 callback=0 switch=0 kind_convert=0 events=0 tx_req=0 tx_enq=0 tx_done=0 tx_drop=0 event_drop=0 reset_reconfig=0 effective_hz=0.000
BNO_TX kind=2 event=0 req=0 enq=0 drop=0 done=0 bytes=0
BNO_REPORT kind=2 report_id=0 interval_us=0 requested_hz=0.000 enable_ok=0 enable_fail=0 callback=0 switch=0 kind_convert=0 events=0 tx_req=0 tx_enq=0 tx_done=0 tx_drop=0 event_drop=0 reset_reconfig=0 effective_hz=0.000
BNO_TX kind=3 event=0 req=0 enq=0 drop=0 done=0 bytes=0
BNO_REPORT kind=3 report_id=0 interval_us=0 requested_hz=0.000 enable_ok=0 enable_fail=0 callback=0 switch=0 kind_convert=0 events=0 tx_req=0 tx_enq=0 tx_done=0 tx_drop=0 event_drop=0 reset_reconfig=0 effective_hz=0.000
BNO_TX kind=4 event=200 req=200 enq=200 drop=0 done=200 bytes=16800
BNO_REPORT kind=4 report_id=3 interval_us=50000 requested_hz=20.000 enable_ok=2 enable_fail=0 callback=459 switch=459 kind_convert=459 events=459 tx_req=200 tx_enq=200 tx_done=200 tx_drop=0 event_drop=0 reset_reconfig=1 effective_hz=20.012
BNO_TX kind=5 event=0 req=0 enq=0 drop=0 done=0 bytes=0
BNO_REPORT kind=5 report_id=0 interval_us=0 requested_hz=0.000 enable_ok=0 enable_fail=0 callback=0 switch=0 kind_convert=0 events=0 tx_req=0 tx_enq=0 tx_done=0 tx_drop=0 event_drop=0 reset_reconfig=0 effective_hz=0.000
DIAG state=FAULT dry=1 bno_ready=1 addr=0x4A init/reinit/poll=0/0/958 event A/G/M=0/0/479 age_rx_us=4294967295/4294967295/37497
IMU cand/pair/call/ok=0/0/0/0 reject=0 dup/order/stale/dt/nonfinite/norm/queue=0/0/0/0/0/0/0 last_ok_age_us=4294967295 dt_us=0 align_samples=0 align_elapsed_us=0
HEALTH state=0 health=0 reason=imu_stale mount=0 imu_age_us=4294967295 imu_gaps=0 reversals=0 covariance=1 finite=1 gnss_age_us=4294967295 tof_age_us=4294967295 obs=1
BNO_TS ACCEL events=0 unique=0 exact=1 overflow=0 dup=0 reverse=0 rollover=0 sensor_dt_us=0/0.00/0 rx_dt_us=0/0.00/0 pair_first=0/0 pair_last=0/0
BNO_TS GYRO events=0 unique=0 exact=1 overflow=0 dup=0 reverse=0 rollover=0 sensor_dt_us=0/0.00/0 rx_dt_us=0/0.00/0 pair_first=0/0 pair_last=0/0
BNO_TS MAG events=479 unique=3 exact=1 overflow=0 dup=389 reverse=45 rollover=0 sensor_dt_us=-200/0.00/300 rx_dt_us=47559/49969.50/53211 pair_first=4294966396/20219038 pair_last=4294966396/44104460
BNO_VEC ACCEL_SENSOR_AND_ESKF_INPUT events=0 nonfinite=0
BNO_VEC GYRO_SENSOR_AND_ESKF_INPUT events=0 nonfinite=0
BNO_VEC MAG_SENSOR events=479 nonfinite=0 xyz_mean_sd=[11.289144,6.059226][-22.649008,2.826860][20.564588,2.307735] xyz_minmax=[4.687500,20.375000][-29.875000,-18.062500][14.437500,25.000000] norm_mean_sd_minmax=33.239563/2.913262/29.122385/38.346691
LINK queue/drop/high=1/0/3 tof=1172
TXDIAG frames_s=117 bytes_s=16420 total_frames=2986 total_bytes=403704 queue=0 high=3 drops=0 bno_drop=0 partial=0 zero=0 write_calls=54324 max_write_us=0 free_heap=166976 min_free_heap=166976 usage_pct=17.82
BNO_TX kind=1 event=0 req=0 enq=0 drop=0 done=0 bytes=0
BNO_REPORT kind=1 report_id=0 interval_us=0 requested_hz=0.000 enable_ok=0 enable_fail=0 callback=0 switch=0 kind_convert=0 events=0 tx_req=0 tx_enq=0 tx_done=0 tx_drop=0 event_drop=0 reset_reconfig=0 effective_hz=0.000
BNO_TX kind=2 event=0 req=0 enq=0 drop=0 done=0 bytes=0
BNO_REPORT kind=2 report_id=0 interval_us=0 requested_hz=0.000 enable_ok=0 enable_fail=0 callback=0 switch=0 kind_convert=0 events=0 tx_req=0 tx_enq=0 tx_done=0 tx_drop=0 event_drop=0 reset_reconfig=0 effective_hz=0.000
BNO_TX kind=3 event=0 req=0 enq=0 drop=0 done=0 bytes=0
BNO_REPORT kind=3 report_id=0 interval_us=0 requested_hz=0.000 enable_ok=0 enable_fail=0 callback=0 switch=0 kind_convert=0 events=0 tx_req=0 tx_enq=0 tx_done=0 tx_drop=0 event_drop=0 reset_reconfig=0 effective_hz=0.000
BNO_TX kind=4 event=200 req=200 enq=200 drop=0 done=200 bytes=16800
BNO_REPORT kind=4 report_id=3 interval_us=50000 requested_hz=20.000 enable_ok=2 enable_fail=0 callback=479 switch=479 kind_convert=479 events=479 tx_req=200 tx_enq=200 tx_done=200 tx_drop=0 event_drop=0 reset_reconfig=1 effective_hz=20.012
BNO_TX kind=5 event=0 req=0 enq=0 drop=0 done=0 bytes=0
BNO_REPORT kind=5 report_id=0 interval_us=0 requested_hz=0.000 enable_ok=0 enable_fail=0 callback=0 switch=0 kind_convert=0 events=0 tx_req=0 tx_enq=0 tx_done=0 tx_drop=0 event_drop=0 reset_reconfig=0 effective_hz=0.000
DIAG state=FAULT dry=1 bno_ready=1 addr=0x4A init/reinit/poll=0/0/998 event A/G/M=0/0/499 age_rx_us=4294967295/4294967295/37533
IMU cand/pair/call/ok=0/0/0/0 reject=0 dup/order/stale/dt/nonfinite/norm/queue=0/0/0/0/0/0/0 last_ok_age_us=4294967295 dt_us=0 align_samples=0 align_elapsed_us=0
HEALTH state=0 health=0 reason=imu_stale mount=0 imu_age_us=4294967295 imu_gaps=0 reversals=0 covariance=1 finite=1 gnss_age_us=4294967295 tof_age_us=4294967295 obs=1
BNO_TS ACCEL events=0 unique=0 exact=1 overflow=0 dup=0 reverse=0 rollover=0 sensor_dt_us=0/0.00/0 rx_dt_us=0/0.00/0 pair_first=0/0 pair_last=0/0
BNO_TS GYRO events=0 unique=0 exact=1 overflow=0 dup=0 reverse=0 rollover=0 sensor_dt_us=0/0.00/0 rx_dt_us=0/0.00/0 pair_first=0/0 pair_last=0/0
BNO_TS MAG events=499 unique=3 exact=1 overflow=0 dup=407 reverse=46 rollover=0 sensor_dt_us=-200/0.00/300 rx_dt_us=47559/49969.53/53211 pair_first=4294966396/20219038 pair_last=4294966396/45103862
BNO_VEC ACCEL_SENSOR_AND_ESKF_INPUT events=0 nonfinite=0
BNO_VEC GYRO_SENSOR_AND_ESKF_INPUT events=0 nonfinite=0
BNO_VEC MAG_SENSOR events=499 nonfinite=0 xyz_mean_sd=[11.604835,6.134658][-22.784444,2.851443][20.481087,2.300938] xyz_minmax=[4.687500,20.375000][-29.875000,-18.062500][14.437500,25.000000] norm_mean_sd_minmax=33.399906/2.963674/29.122385/38.518764
LINK queue/drop/high=0/0/3 tof=1202
TXDIAG frames_s=116 bytes_s=16240 total_frames=3102 total_bytes=419928 queue=0 high=3 drops=0 bno_drop=0 partial=0 zero=0 write_calls=56572 max_write_us=0 free_heap=166976 min_free_heap=166976 usage_pct=17.62
BNO_TX kind=1 event=0 req=0 enq=0 drop=0 done=0 bytes=0
BNO_REPORT kind=1 report_id=0 interval_us=0 requested_hz=0.000 enable_ok=0 enable_fail=0 callback=0 switch=0 kind_convert=0 events=0 tx_req=0 tx_enq=0 tx_done=0 tx_drop=0 event_drop=0 reset_reconfig=0 effective_hz=0.000
BNO_TX kind=2 event=0 req=0 enq=0 drop=0 done=0 bytes=0
BNO_REPORT kind=2 report_id=0 interval_us=0 requested_hz=0.000 enable_ok=0 enable_fail=0 callback=0 switch=0 kind_convert=0 events=0 tx_req=0 tx_enq=0 tx_done=0 tx_drop=0 event_drop=0 reset_reconfig=0 effective_hz=0.000
BNO_TX kind=3 event=0 req=0 enq=0 drop=0 done=0 bytes=0
BNO_REPORT kind=3 report_id=0 interval_us=0 requested_hz=0.000 enable_ok=0 enable_fail=0 callback=0 switch=0 kind_convert=0 events=0 tx_req=0 tx_enq=0 tx_done=0 tx_drop=0 event_drop=0 reset_reconfig=0 effective_hz=0.000
BNO_TX kind=4 event=200 req=200 enq=200 drop=0 done=200 bytes=16800
BNO_REPORT kind=4 report_id=3 interval_us=50000 requested_hz=20.000 enable_ok=2 enable_fail=0 callback=499 switch=499 kind_convert=499 events=499 tx_req=200 tx_enq=200 tx_done=200 tx_drop=0 event_drop=0 reset_reconfig=1 effective_hz=20.012
BNO_TX kind=5 event=0 req=0 enq=0 drop=0 done=0 bytes=0
BNO_REPORT kind=5 report_id=0 interval_us=0 requested_hz=0.000 enable_ok=0 enable_fail=0 callback=0 switch=0 kind_convert=0 events=0 tx_req=0 tx_enq=0 tx_done=0 tx_drop=0 event_drop=0 reset_reconfig=0 effective_hz=0.000
DIAG state=FAULT dry=1 bno_ready=1 addr=0x4A init/reinit/poll=0/0/1039 event A/G/M=0/0/519 age_rx_us=4294967295/4294967295/48687
IMU cand/pair/call/ok=0/0/0/0 reject=0 dup/order/stale/dt/nonfinite/norm/queue=0/0/0/0/0/0/0 last_ok_age_us=4294967295 dt_us=0 align_samples=0 align_elapsed_us=0
HEALTH state=0 health=0 reason=imu_stale mount=0 imu_age_us=4294967295 imu_gaps=0 reversals=0 covariance=1 finite=1 gnss_age_us=4294967295 tof_age_us=4294967295 obs=1
BNO_TS ACCEL events=0 unique=0 exact=1 overflow=0 dup=0 reverse=0 rollover=0 sensor_dt_us=0/0.00/0 rx_dt_us=0/0.00/0 pair_first=0/0 pair_last=0/0
BNO_TS GYRO events=0 unique=0 exact=1 overflow=0 dup=0 reverse=0 rollover=0 sensor_dt_us=0/0.00/0 rx_dt_us=0/0.00/0 pair_first=0/0 pair_last=0/0
BNO_TS MAG events=519 unique=3 exact=1 overflow=0 dup=419 reverse=50 rollover=0 sensor_dt_us=-200/0.00/300 rx_dt_us=47559/49969.56/53211 pair_first=4294966396/20219038 pair_last=4294966396/46103270
BNO_VEC ACCEL_SENSOR_AND_ESKF_INPUT events=0 nonfinite=0
BNO_VEC GYRO_SENSOR_AND_ESKF_INPUT events=0 nonfinite=0
BNO_VEC MAG_SENSOR events=519 nonfinite=0 xyz_mean_sd=[11.898603,6.193190][-22.902457,2.861265][20.371989,2.326053] xyz_minmax=[4.687500,20.375000][-29.875000,-18.062500][14.437500,25.000000] norm_mean_sd_minmax=33.528971/2.979646/29.122385/38.518764
LINK queue/drop/high=1/0/3 tof=1233
TXDIAG frames_s=115 bytes_s=16205 total_frames=3219 total_bytes=436312 queue=0 high=3 drops=0 bno_drop=0 partial=0 zero=0 write_calls=58771 max_write_us=0 free_heap=166976 min_free_heap=166976 usage_pct=17.58
BNO_TX kind=1 event=0 req=0 enq=0 drop=0 done=0 bytes=0
BNO_REPORT kind=1 report_id=0 interval_us=0 requested_hz=0.000 enable_ok=0 enable_fail=0 callback=0 switch=0 kind_convert=0 events=0 tx_req=0 tx_enq=0 tx_done=0 tx_drop=0 event_drop=0 reset_reconfig=0 effective_hz=0.000
BNO_TX kind=2 event=0 req=0 enq=0 drop=0 done=0 bytes=0
BNO_REPORT kind=2 report_id=0 interval_us=0 requested_hz=0.000 enable_ok=0 enable_fail=0 callback=0 switch=0 kind_convert=0 events=0 tx_req=0 tx_enq=0 tx_done=0 tx_drop=0 event_drop=0 reset_reconfig=0 effective_hz=0.000
BNO_TX kind=3 event=0 req=0 enq=0 drop=0 done=0 bytes=0
BNO_REPORT kind=3 report_id=0 interval_us=0 requested_hz=0.000 enable_ok=0 enable_fail=0 callback=0 switch=0 kind_convert=0 events=0 tx_req=0 tx_enq=0 tx_done=0 tx_drop=0 event_drop=0 reset_reconfig=0 effective_hz=0.000
BNO_TX kind=4 event=200 req=200 enq=200 drop=0 done=200 bytes=16800
BNO_REPORT kind=4 report_id=3 interval_us=50000 requested_hz=20.000 enable_ok=2 enable_fail=0 callback=520 switch=520 kind_convert=520 events=520 tx_req=200 tx_enq=200 tx_done=200 tx_drop=0 event_drop=0 reset_reconfig=1 effective_hz=20.012
BNO_TX kind=5 event=0 req=0 enq=0 drop=0 done=0 bytes=0
BNO_REPORT kind=5 report_id=0 interval_us=0 requested_hz=0.000 enable_ok=0 enable_fail=0 callback=0 switch=0 kind_convert=0 events=0 tx_req=0 tx_enq=0 tx_done=0 tx_drop=0 event_drop=0 reset_reconfig=0 effective_hz=0.000
DIAG state=FAULT dry=1 bno_ready=1 addr=0x4A init/reinit/poll=0/0/1079 event A/G/M=0/0/539 age_rx_us=4294967295/4294967295/47990
IMU cand/pair/call/ok=0/0/0/0 reject=0 dup/order/stale/dt/nonfinite/norm/queue=0/0/0/0/0/0/0 last_ok_age_us=4294967295 dt_us=0 align_samples=0 align_elapsed_us=0
HEALTH state=0 health=0 reason=imu_stale mount=0 imu_age_us=4294967295 imu_gaps=0 reversals=0 covariance=1 finite=1 gnss_age_us=4294967295 tof_age_us=4294967295 obs=1
BNO_TS ACCEL events=0 unique=0 exact=1 overflow=0 dup=0 reverse=0 rollover=0 sensor_dt_us=0/0.00/0 rx_dt_us=0/0.00/0 pair_first=0/0 pair_last=0/0
BNO_TS GYRO events=0 unique=0 exact=1 overflow=0 dup=0 reverse=0 rollover=0 sensor_dt_us=0/0.00/0 rx_dt_us=0/0.00/0 pair_first=0/0 pair_last=0/0
BNO_TS MAG events=539 unique=3 exact=1 overflow=0 dup=439 reverse=50 rollover=0 sensor_dt_us=-200/0.00/300 rx_dt_us=47559/49970.93/53211 pair_first=4294966396/20219038 pair_last=4294966396/47103396
BNO_VEC ACCEL_SENSOR_AND_ESKF_INPUT events=0 nonfinite=0
BNO_VEC GYRO_SENSOR_AND_ESKF_INPUT events=0 nonfinite=0
BNO_VEC MAG_SENSOR events=539 nonfinite=0 xyz_mean_sd=[12.171614,6.234807][-23.021684,2.875751][20.291628,2.322658] xyz_minmax=[4.687500,20.375000][-29.875000,-18.062500][14.437500,25.000000] norm_mean_sd_minmax=33.665732/3.008703/29.122385/39.396076
LINK queue/drop/high=0/0/3 tof=1263
TXDIAG frames_s=118 bytes_s=16416 total_frames=3337 total_bytes=452728 queue=0 high=3 drops=0 bno_drop=0 partial=0 zero=0 write_calls=60978 max_write_us=0 free_heap=166976 min_free_heap=166976 usage_pct=17.81
BNO_TX kind=1 event=0 req=0 enq=0 drop=0 done=0 bytes=0
BNO_REPORT kind=1 report_id=0 interval_us=0 requested_hz=0.000 enable_ok=0 enable_fail=0 callback=0 switch=0 kind_convert=0 events=0 tx_req=0 tx_enq=0 tx_done=0 tx_drop=0 event_drop=0 reset_reconfig=0 effective_hz=0.000
BNO_TX kind=2 event=0 req=0 enq=0 drop=0 done=0 bytes=0
BNO_REPORT kind=2 report_id=0 interval_us=0 requested_hz=0.000 enable_ok=0 enable_fail=0 callback=0 switch=0 kind_convert=0 events=0 tx_req=0 tx_enq=0 tx_done=0 tx_drop=0 event_drop=0 reset_reconfig=0 effective_hz=0.000
BNO_TX kind=3 event=0 req=0 enq=0 drop=0 done=0 bytes=0
BNO_REPORT kind=3 report_id=0 interval_us=0 requested_hz=0.000 enable_ok=0 enable_fail=0 callback=0 switch=0 kind_convert=0 events=0 tx_req=0 tx_enq=0 tx_done=0 tx_drop=0 event_drop=0 reset_reconfig=0 effective_hz=0.000
BNO_TX kind=4 event=200 req=200 enq=200 drop=0 done=200 bytes=16800
BNO_REPORT kind=4 report_id=3 interval_us=50000 requested_hz=20.000 enable_ok=2 enable_fail=0 callback=540 switch=540 kind_convert=540 events=540 tx_req=200 tx_enq=200 tx_done=200 tx_drop=0 event_drop=0 reset_reconfig=1 effective_hz=20.012
BNO_TX kind=5 event=0 req=0 enq=0 drop=0 done=0 bytes=0
BNO_REPORT kind=5 report_id=0 interval_us=0 requested_hz=0.000 enable_ok=0 enable_fail=0 callback=0 switch=0 kind_convert=0 events=0 tx_req=0 tx_enq=0 tx_done=0 tx_drop=0 event_drop=0 reset_reconfig=0 effective_hz=0.000
DIAG state=FAULT dry=1 bno_ready=1 addr=0x4A init/reinit/poll=0/0/1120 event A/G/M=0/0/560 age_rx_us=4294967295/4294967295/9042
IMU cand/pair/call/ok=0/0/0/0 reject=0 dup/order/stale/dt/nonfinite/norm/queue=0/0/0/0/0/0/0 last_ok_age_us=4294967295 dt_us=0 align_samples=0 align_elapsed_us=0
HEALTH state=0 health=0 reason=imu_stale mount=0 imu_age_us=4294967295 imu_gaps=0 reversals=0 covariance=1 finite=1 gnss_age_us=4294967295 tof_age_us=4294967295 obs=1
BNO_TS ACCEL events=0 unique=0 exact=1 overflow=0 dup=0 reverse=0 rollover=0 sensor_dt_us=0/0.00/0 rx_dt_us=0/0.00/0 pair_first=0/0 pair_last=0/0
BNO_TS GYRO events=0 unique=0 exact=1 overflow=0 dup=0 reverse=0 rollover=0 sensor_dt_us=0/0.00/0 rx_dt_us=0/0.00/0 pair_first=0/0 pair_last=0/0
BNO_TS MAG events=560 unique=3 exact=1 overflow=0 dup=454 reverse=53 rollover=0 sensor_dt_us=-200/0.00/300 rx_dt_us=47559/49969.57/53211 pair_first=4294966396/20219038 pair_last=4294966396/48152028
BNO_VEC ACCEL_SENSOR_AND_ESKF_INPUT events=0 nonfinite=0
BNO_VEC GYRO_SENSOR_AND_ESKF_INPUT events=0 nonfinite=0
BNO_VEC MAG_SENSOR events=560 nonfinite=0 xyz_mean_sd=[12.432589,6.258388][-23.130469,2.876029][20.209598,2.318107] xyz_minmax=[4.687500,20.375000][-29.875000,-18.062500][14.437500,25.000000] norm_mean_sd_minmax=33.789294/3.018595/29.122385/39.396076
LINK queue/drop/high=1/0/3 tof=1294
TXDIAG frames_s=116 bytes_s=16387 total_frames=3455 total_bytes=469296 queue=0 high=3 drops=0 bno_drop=0 partial=0 zero=0 write_calls=63224 max_write_us=0 free_heap=166976 min_free_heap=166976 usage_pct=17.78
BNO_TX kind=1 event=0 req=0 enq=0 drop=0 done=0 bytes=0
BNO_REPORT kind=1 report_id=0 interval_us=0 requested_hz=0.000 enable_ok=0 enable_fail=0 callback=0 switch=0 kind_convert=0 events=0 tx_req=0 tx_enq=0 tx_done=0 tx_drop=0 event_drop=0 reset_reconfig=0 effective_hz=0.000
BNO_TX kind=2 event=0 req=0 enq=0 drop=0 done=0 bytes=0
BNO_REPORT kind=2 report_id=0 interval_us=0 requested_hz=0.000 enable_ok=0 enable_fail=0 callback=0 switch=0 kind_convert=0 events=0 tx_req=0 tx_enq=0 tx_done=0 tx_drop=0 event_drop=0 reset_reconfig=0 effective_hz=0.000
BNO_TX kind=3 event=0 req=0 enq=0 drop=0 done=0 bytes=0
BNO_REPORT kind=3 report_id=0 interval_us=0 requested_hz=0.000 enable_ok=0 enable_fail=0 callback=0 switch=0 kind_convert=0 events=0 tx_req=0 tx_enq=0 tx_done=0 tx_drop=0 event_drop=0 reset_reconfig=0 effective_hz=0.000
BNO_TX kind=4 event=200 req=200 enq=200 drop=0 done=200 bytes=16800
BNO_REPORT kind=4 report_id=3 interval_us=50000 requested_hz=20.000 enable_ok=2 enable_fail=0 callback=560 switch=560 kind_convert=560 events=560 tx_req=200 tx_enq=200 tx_done=200 tx_drop=0 event_drop=0 reset_reconfig=1 effective_hz=20.012
BNO_TX kind=5 event=0 req=0 enq=0 drop=0 done=0 bytes=0
BNO_REPORT kind=5 report_id=0 interval_us=0 requested_hz=0.000 enable_ok=0 enable_fail=0 callback=0 switch=0 kind_convert=0 events=0 tx_req=0 tx_enq=0 tx_done=0 tx_drop=0 event_drop=0 reset_reconfig=0 effective_hz=0.000
DIAG state=FAULT dry=1 bno_ready=1 addr=0x4A init/reinit/poll=0/0/1160 event A/G/M=0/0/580 age_rx_us=4294967295/4294967295/9164
IMU cand/pair/call/ok=0/0/0/0 reject=0 dup/order/stale/dt/nonfinite/norm/queue=0/0/0/0/0/0/0 last_ok_age_us=4294967295 dt_us=0 align_samples=0 align_elapsed_us=0
HEALTH state=0 health=0 reason=imu_stale mount=0 imu_age_us=4294967295 imu_gaps=0 reversals=0 covariance=1 finite=1 gnss_age_us=4294967295 tof_age_us=4294967295 obs=1
BNO_TS ACCEL events=0 unique=0 exact=1 overflow=0 dup=0 reverse=0 rollover=0 sensor_dt_us=0/0.00/0 rx_dt_us=0/0.00/0 pair_first=0/0 pair_last=0/0
BNO_TS GYRO events=0 unique=0 exact=1 overflow=0 dup=0 reverse=0 rollover=0 sensor_dt_us=0/0.00/0 rx_dt_us=0/0.00/0 pair_first=0/0 pair_last=0/0
BNO_TS MAG events=580 unique=3 exact=1 overflow=0 dup=473 reverse=53 rollover=0 sensor_dt_us=-200/0.35/300 rx_dt_us=47559/49970.81/53211 pair_first=4294966396/20219038 pair_last=4294966596/49152138
BNO_VEC ACCEL_SENSOR_AND_ESKF_INPUT events=0 nonfinite=0
BNO_VEC GYRO_SENSOR_AND_ESKF_INPUT events=0 nonfinite=0
BNO_VEC MAG_SENSOR events=580 nonfinite=0 xyz_mean_sd=[12.657651,6.264369][-23.234267,2.881210][20.139440,2.310713] xyz_minmax=[4.687500,20.375000][-29.875000,-18.062500][14.437500,25.000000] norm_mean_sd_minmax=33.902194/3.027974/29.122385/39.396076
LINK queue/drop/high=0/0/3 tof=1324
TXDIAG frames_s=119 bytes_s=16512 total_frames=3574 total_bytes=485808 queue=0 high=3 drops=0 bno_drop=0 partial=0 zero=0 write_calls=65498 max_write_us=0 free_heap=166976 min_free_heap=166976 usage_pct=17.92
BNO_TX kind=1 event=0 req=0 enq=0 drop=0 done=0 bytes=0
BNO_REPORT kind=1 report_id=0 interval_us=0 requested_hz=0.000 enable_ok=0 enable_fail=0 callback=0 switch=0 kind_convert=0 events=0 tx_req=0 tx_enq=0 tx_done=0 tx_drop=0 event_drop=0 reset_reconfig=0 effective_hz=0.000
BNO_TX kind=2 event=0 req=0 enq=0 drop=0 done=0 bytes=0
BNO_REPORT kind=2 report_id=0 interval_us=0 requested_hz=0.000 enable_ok=0 enable_fail=0 callback=0 switch=0 kind_convert=0 events=0 tx_req=0 tx_enq=0 tx_done=0 tx_drop=0 event_drop=0 reset_reconfig=0 effective_hz=0.000
BNO_TX kind=3 event=0 req=0 enq=0 drop=0 done=0 bytes=0
BNO_REPORT kind=3 report_id=0 interval_us=0 requested_hz=0.000 enable_ok=0 enable_fail=0 callback=0 switch=0 kind_convert=0 events=0 tx_req=0 tx_enq=0 tx_done=0 tx_drop=0 event_drop=0 reset_reconfig=0 effective_hz=0.000
BNO_TX kind=4 event=200 req=200 enq=200 drop=0 done=200 bytes=16800
BNO_REPORT kind=4 report_id=3 interval_us=50000 requested_hz=20.000 enable_ok=2 enable_fail=0 callback=580 switch=580 kind_convert=580 events=580 tx_req=200 tx_enq=200 tx_done=200 tx_drop=0 event_drop=0 reset_reconfig=1 effective_hz=20.012
BNO_TX kind=5 event=0 req=0 enq=0 drop=0 done=0 bytes=0
BNO_REPORT kind=5 report_id=0 interval_us=0 requested_hz=0.000 enable_ok=0 enable_fail=0 callback=0 switch=0 kind_convert=0 events=0 tx_req=0 tx_enq=0 tx_done=0 tx_drop=0 event_drop=0 reset_reconfig=0 effective_hz=0.000
DIAG state=FAULT dry=1 bno_ready=1 addr=0x4A init/reinit/poll=0/0/1200 event A/G/M=0/0/600 age_rx_us=4294967295/4294967295/21088
IMU cand/pair/call/ok=0/0/0/0 reject=0 dup/order/stale/dt/nonfinite/norm/queue=0/0/0/0/0/0/0 last_ok_age_us=4294967295 dt_us=0 align_samples=0 align_elapsed_us=0
HEALTH state=0 health=0 reason=imu_stale mount=0 imu_age_us=4294967295 imu_gaps=0 reversals=0 covariance=1 finite=1 gnss_age_us=4294967295 tof_age_us=4294967295 obs=1
BNO_TS ACCEL events=0 unique=0 exact=1 overflow=0 dup=0 reverse=0 rollover=0 sensor_dt_us=0/0.00/0 rx_dt_us=0/0.00/0 pair_first=0/0 pair_last=0/0
BNO_TS GYRO events=0 unique=0 exact=1 overflow=0 dup=0 reverse=0 rollover=0 sensor_dt_us=0/0.00/0 rx_dt_us=0/0.00/0 pair_first=0/0 pair_last=0/0
BNO_TS MAG events=600 unique=3 exact=1 overflow=0 dup=486 reverse=57 rollover=0 sensor_dt_us=-200/0.00/300 rx_dt_us=47559/49969.55/53211 pair_first=4294966396/20219038 pair_last=4294966396/50150799
BNO_VEC ACCEL_SENSOR_AND_ESKF_INPUT events=0 nonfinite=0
BNO_VEC GYRO_SENSOR_AND_ESKF_INPUT events=0 nonfinite=0
BNO_VEC MAG_SENSOR events=600 nonfinite=0 xyz_mean_sd=[12.870938,6.265736][-23.320625,2.872596][20.072708,2.303476] xyz_minmax=[4.687500,20.375000][-29.875000,-18.062500][14.437500,25.000000] norm_mean_sd_minmax=34.001312/3.025592/29.122385/39.396076
LINK queue/drop/high=1/0/3 tof=1355
TXDIAG frames_s=117 bytes_s=16483 total_frames=3693 total_bytes=502456 queue=0 high=3 drops=0 bno_drop=0 partial=0 zero=0 write_calls=67603 max_write_us=0 free_heap=166976 min_free_heap=166976 usage_pct=17.89
BNO_TX kind=1 event=0 req=0 enq=0 drop=0 done=0 bytes=0
BNO_REPORT kind=1 report_id=0 interval_us=0 requested_hz=0.000 enable_ok=0 enable_fail=0 callback=0 switch=0 kind_convert=0 events=0 tx_req=0 tx_enq=0 tx_done=0 tx_drop=0 event_drop=0 reset_reconfig=0 effective_hz=0.000
BNO_TX kind=2 event=0 req=0 enq=0 drop=0 done=0 bytes=0
BNO_REPORT kind=2 report_id=0 interval_us=0 requested_hz=0.000 enable_ok=0 enable_fail=0 callback=0 switch=0 kind_convert=0 events=0 tx_req=0 tx_enq=0 tx_done=0 tx_drop=0 event_drop=0 reset_reconfig=0 effective_hz=0.000
BNO_TX kind=3 event=0 req=0 enq=0 drop=0 done=0 bytes=0
BNO_REPORT kind=3 report_id=0 interval_us=0 requested_hz=0.000 enable_ok=0 enable_fail=0 callback=0 switch=0 kind_convert=0 events=0 tx_req=0 tx_enq=0 tx_done=0 tx_drop=0 event_drop=0 reset_reconfig=0 effective_hz=0.000
BNO_TX kind=4 event=200 req=200 enq=200 drop=0 done=200 bytes=16800
BNO_REPORT kind=4 report_id=3 interval_us=50000 requested_hz=20.000 enable_ok=2 enable_fail=0 callback=600 switch=600 kind_convert=600 events=600 tx_req=200 tx_enq=200 tx_done=200 tx_drop=0 event_drop=0 reset_reconfig=1 effective_hz=20.012
BNO_TX kind=5 event=0 req=0 enq=0 drop=0 done=0 bytes=0
BNO_REPORT kind=5 report_id=0 interval_us=0 requested_hz=0.000 enable_ok=0 enable_fail=0 callback=0 switch=0 kind_convert=0 events=0 tx_req=0 tx_enq=0 tx_done=0 tx_drop=0 event_drop=0 reset_reconfig=0 effective_hz=0.000
DIAG state=FAULT dry=1 bno_ready=1 addr=0x4A init/reinit/poll=0/0/1240 event A/G/M=0/0/620 age_rx_us=4294967295/4294967295/21079
IMU cand/pair/call/ok=0/0/0/0 reject=0 dup/order/stale/dt/nonfinite/norm/queue=0/0/0/0/0/0/0 last_ok_age_us=4294967295 dt_us=0 align_samples=0 align_elapsed_us=0
HEALTH state=0 health=0 reason=imu_stale mount=0 imu_age_us=4294967295 imu_gaps=0 reversals=0 covariance=1 finite=1 gnss_age_us=4294967295 tof_age_us=4294967295 obs=1
BNO_TS ACCEL events=0 unique=0 exact=1 overflow=0 dup=0 reverse=0 rollover=0 sensor_dt_us=0/0.00/0 rx_dt_us=0/0.00/0 pair_first=0/0 pair_last=0/0
BNO_TS GYRO events=0 unique=0 exact=1 overflow=0 dup=0 reverse=0 rollover=0 sensor_dt_us=0/0.00/0 rx_dt_us=0/0.00/0 pair_first=0/0 pair_last=0/0
BNO_TS MAG events=620 unique=3 exact=1 overflow=0 dup=496 reverse=62 rollover=0 sensor_dt_us=-200/0.00/300 rx_dt_us=47559/49969.61/53211 pair_first=4294966396/20219038 pair_last=4294966396/51150225
BNO_VEC ACCEL_SENSOR_AND_ESKF_INPUT events=0 nonfinite=0
BNO_VEC GYRO_SENSOR_AND_ESKF_INPUT events=0 nonfinite=0
BNO_VEC MAG_SENSOR events=620 nonfinite=0 xyz_mean_sd=[13.063508,6.253960][-23.394456,2.858203][20.010786,2.295418] xyz_minmax=[4.687500,20.375000][-29.875000,-18.062500][14.437500,25.000000] norm_mean_sd_minmax=34.085878/3.015053/29.122385/39.396076
LINK queue/drop/high=0/0/3 tof=1385
TXDIAG frames_s=109 bytes_s=15655 total_frames=3802 total_bytes=518080 queue=0 high=3 drops=0 bno_drop=0 partial=0 zero=0 write_calls=69843 max_write_us=0 free_heap=166976 min_free_heap=166976 usage_pct=16.99
BNO_TX kind=1 event=0 req=0 enq=0 drop=0 done=0 bytes=0
BNO_REPORT kind=1 report_id=0 interval_us=0 requested_hz=0.000 enable_ok=0 enable_fail=0 callback=0 switch=0 kind_convert=0 events=0 tx_req=0 tx_enq=0 tx_done=0 tx_drop=0 event_drop=0 reset_reconfig=0 effective_hz=0.000
BNO_TX kind=2 event=0 req=0 enq=0 drop=0 done=0 bytes=0
BNO_REPORT kind=2 report_id=0 interval_us=0 requested_hz=0.000 enable_ok=0 enable_fail=0 callback=0 switch=0 kind_convert=0 events=0 tx_req=0 tx_enq=0 tx_done=0 tx_drop=0 event_drop=0 reset_reconfig=0 effective_hz=0.000
BNO_TX kind=3 event=0 req=0 enq=0 drop=0 done=0 bytes=0
BNO_REPORT kind=3 report_id=0 interval_us=0 requested_hz=0.000 enable_ok=0 enable_fail=0 callback=0 switch=0 kind_convert=0 events=0 tx_req=0 tx_enq=0 tx_done=0 tx_drop=0 event_drop=0 reset_reconfig=0 effective_hz=0.000
BNO_TX kind=4 event=200 req=200 enq=200 drop=0 done=200 bytes=16800
BNO_REPORT kind=4 report_id=3 interval_us=50000 requested_hz=20.000 enable_ok=2 enable_fail=0 callback=620 switch=620 kind_convert=620 events=620 tx_req=200 tx_enq=200 tx_done=200 tx_drop=0 event_drop=0 reset_reconfig=1 effective_hz=20.012
BNO_TX kind=5 event=0 req=0 enq=0 drop=0 done=0 bytes=0
BNO_REPORT kind=5 report_id=0 interval_us=0 requested_hz=0.000 enable_ok=0 enable_fail=0 callback=0 switch=0 kind_convert=0 events=0 tx_req=0 tx_enq=0 tx_done=0 tx_drop=0 event_drop=0 reset_reconfig=0 effective_hz=0.000
