XIAO UART baud=921600 rx=GPIO8 tx=GPIO9 bytes=722944 frames=5429 bytes_s=17684 frames_s=133 crc/cobs/len=0/0/0 seqgap=0 age_ms=16 type=7 log=0 q=0 rec=0 final=0
RXDIAG max_us=6428 budget_hits=0 byte/frame/time=0/0/0 rx_buf_max=360 loop_period_max_us=114002 loop_exec_max_us=27028 free_heap=143576 min_free_heap=141368 reset_reason=0 bno_kind_1to5_s=0/0/0/0/0 queue=0 high=0 drops=0
RXDETAIL service_calls=32564 service_bytes_avg=22 service_bytes_max=360 service_frames_avg=0 service_frames_avg_x1000=166 service_frames_max=4 service_bytes_s=17684 service_frames_s=133 rxbuf_full_obs=0 bno_valid=0 bno_invalid=0 unknown=0 uart_overflow=framework_unavailable trial_rx_bytes=722944 trial_frames=5429 trial_bno=0 trial_crc/cobs/len=0/0/0
RXTASK mode=dispatch read_calls=32566 zero_reads=26069 read_bytes_max=360 rx_task_max_us=6428 rx_task_continuous_max_us=6428 stack_hwm_min_bytes=4808 cobs_delimiters=5429 rx_current=0 rx_max=360 rx_full=0 overflow=framework_unavailable
SDTASK max_process_us=0
XIAO UART baud=921600 rx=GPIO8 tx=GPIO9 bytes=741152 frames=5565 bytes_s=18208 frames_s=136 crc/cobs/len=0/0/0 seqgap=0 age_ms=0 type=24 log=0 q=0 rec=0 final=0
RXDIAG max_us=6428 budget_hits=0 byte/frame/time=0/0/0 rx_buf_max=360 loop_period_max_us=114002 loop_exec_max_us=27028 free_heap=143576 min_free_heap=141368 reset_reason=0 bno_kind_1to5_s=0/0/0/0/0 queue=0 high=0 drops=0
RXDETAIL service_calls=33376 service_bytes_avg=22 service_bytes_max=360 service_frames_avg=0 service_frames_avg_x1000=166 service_frames_max=4 service_bytes_s=18208 service_frames_s=136 rxbuf_full_obs=0 bno_valid=0 bno_invalid=0 unknown=0 uart_overflow=framework_unavailable trial_rx_bytes=741152 trial_frames=5565 trial_bno=0 trial_crc/cobs/len=0/0/0
RXTASK mode=dispatch read_calls=33378 zero_reads=26719 read_bytes_max=360 rx_task_max_us=6428 rx_task_continuous_max_us=6428 stack_hwm_min_bytes=4808 cobs_delimiters=5565 rx_current=0 rx_max=360 rx_full=0 overflow=framework_unavailable
SDTASK max_process_us=0
XIAO UART baud=921600 rx=GPIO8 tx=GPIO9 bytes=758896 frames=5697 bytes_s=17744 frames_s=132 crc/cobs/len=0/0/0 seqgap=0 age_ms=0 type=5 log=0 q=0 rec=0 final=0
RXDIAG max_us=6428 budget_hits=0 byte/frame/time=0/0/0 rx_buf_max=360 loop_period_max_us=114002 loop_exec_max_us=27028 free_heap=143576 min_free_heap=141368 reset_reason=0 bno_kind_1to5_s=0/0/0/0/0 queue=0 high=0 drops=0
RXDETAIL service_calls=34189 service_bytes_avg=22 service_bytes_max=360 service_frames_avg=0 service_frames_avg_x1000=166 service_frames_max=4 service_bytes_s=17744 service_frames_s=132 rxbuf_full_obs=0 bno_valid=0 bno_invalid=0 unknown=0 uart_overflow=framework_unavailable trial_rx_bytes=758896 trial_frames=5697 trial_bno=0 trial_crc/cobs/len=0/0/0
RXTASK mode=dispatch read_calls=34190 zero_reads=27375 read_bytes_max=360 rx_task_max_us=6428 rx_task_continuous_max_us=6428 stack_hwm_min_bytes=4808 cobs_delimiters=5697 rx_current=0 rx_max=360 rx_full=0 overflow=framework_unavailable
SDTASK max_process_us=0
XIAO UART baud=921600 rx=GPIO8 tx=GPIO9 bytes=776736 frames=5832 bytes_s=17840 frames_s=135 crc/cobs/len=0/0/0 seqgap=0 age_ms=2 type=32 log=0 q=0 rec=0 final=0
RXDIAG max_us=6428 budget_hits=0 byte/frame/time=0/0/0 rx_buf_max=360 loop_period_max_us=114002 loop_exec_max_us=27028 free_heap=143576 min_free_heap=141368 reset_reason=0 bno_kind_1to5_s=0/0/0/0/0 queue=0 high=0 drops=0
RXDETAIL service_calls=35005 service_bytes_avg=22 service_bytes_max=360 service_frames_avg=0 service_frames_avg_x1000=166 service_frames_max=4 service_bytes_s=17840 service_frames_s=135 rxbuf_full_obs=0 bno_valid=0 bno_invalid=0 unknown=0 uart_overflow=framework_unavailable trial_rx_bytes=776736 trial_frames=5832 trial_bno=0 trial_crc/cobs/len=0/0/0
RXTASK mode=dispatch read_calls=35006 zero_reads=28020 read_bytes_max=360 rx_task_max_us=6428 rx_task_continuous_max_us=6428 stack_hwm_min_bytes=4808 cobs_delimiters=5832 rx_current=0 rx_max=360 rx_full=0 overflow=framework_unavailable
SDTASK max_process_us=0
XIAO UART baud=921600 rx=GPIO8 tx=GPIO9 bytes=794660 frames=5966 bytes_s=17924 frames_s=134 crc/cobs/len=0/0/0 seqgap=0 age_ms=3 type=32 log=0 q=0 rec=0 final=0
RXDIAG max_us=6428 budget_hits=0 byte/frame/time=0/0/0 rx_buf_max=360 loop_period_max_us=114002 loop_exec_max_us=27028 free_heap=143576 min_free_heap=141368 reset_reason=0 bno_kind_1to5_s=0/0/0/0/0 queue=0 high=0 drops=0
RXDETAIL service_calls=35811 service_bytes_avg=22 service_bytes_max=360 service_frames_avg=0 service_frames_avg_x1000=166 service_frames_max=4 service_bytes_s=18012 service_frames_s=135 rxbuf_full_obs=0 bno_valid=0 bno_invalid=0 unknown=0 uart_overflow=framework_unavailable trial_rx_bytes=794748 trial_frames=5967 trial_bno=0 trial_crc/cobs/len=0/0/0
RXTASK mode=dispatch read_calls=35812 zero_reads=28660 read_bytes_max=360 rx_task_max_us=6428 rx_task_continuous_max_us=6428 stack_hwm_min_bytes=4808 cobs_delimiters=5967 rx_current=0 rx_max=360 rx_full=0 overflow=framework_unavailable
SDTASK max_process_us=0
TRIAL_START mode=decode_count rx_bytes=0 service_bytes=0 frames=0 bno_valid=0 seq_gap=0 crc/cobs/len=0/0/0 unknown=0 bno_invalid=0 rxbuf_full=0 service_calls=0 read_calls=0 zero_reads=0 delimiters=0 bno_kind=0/0/0/0/0 bno_log_enqueue=0
TRIAL_SEQUENCE first=0 last=0 valid=0
TRIAL_BOUNDARY start_ack=0 expected_first=0 stop_ack=0 expected_last=0 stop_ack_received=0
BNO_CORE_TS kind=1 count=0 first_rx_us=0 last_rx_us=0 delta_us=0/0.00/0
BNO_CORE_TS kind=2 count=0 first_rx_us=0 last_rx_us=0 delta_us=0/0.00/0
BNO_CORE_TS kind=3 count=0 first_rx_us=0 last_rx_us=0 delta_us=0/0.00/0
BNO_CORE_TS kind=4 count=0 first_rx_us=0 last_rx_us=0 delta_us=0/0.00/0
BNO_CORE_TS kind=5 count=0 first_rx_us=0 last_rx_us=0 delta_us=0/0.00/0
SEQUENCE_STATE gaps=0 duplicates=0 out_of_order=0 wraps=0
TRIAL_CAPTURE_WAIT_START_ACK
TYPE23_IDENTIFIED rx_us=46903956 uart_sequence=222710 type=23 payload_length=16 payload_hex=2E 02 00 00 01 01 00 00 F7 65 03 00 00 00 00 00  encoded_bytes=44 crc=ok cobs=ok length=ok previous_type=7 boundary_ack=1
TRIAL_START_ACK ack_sequence=222710 first_sequence=222711 capture_id=558
BNO_CORE_EVENT kind=2 report_seq=28 uart_sequence=222714 sensor_raw=4294964996 sensor_converted=4294964996 xiao_rx=1668003034 queue_push=1668003044 core_rx=46959333
BNO_CORE_EVENT kind=3 report_seq=28 uart_sequence=222715 sensor_raw=4294958196 sensor_converted=4294958196 xiao_rx=1668013098 queue_push=1668013107 core_rx=46960579
BNO_CORE_EVENT kind=5 report_seq=26 uart_sequence=222716 sensor_raw=4294958196 sensor_converted=4294958196 xiao_rx=1668013140 queue_push=1668013141 core_rx=46962667
BNO_CORE_EVENT kind=1 report_seq=183 uart_sequence=222717 sensor_raw=4294964896 sensor_converted=4294964896 xiao_rx=1668013150 queue_push=1668013152 core_rx=46963736
BNO_CORE_EVENT kind=2 report_seq=29 uart_sequence=222718 sensor_raw=4294964996 sensor_converted=4294964996 xiao_rx=1668022748 queue_push=1668022758 core_rx=46964810
BNO_CORE_EVENT kind=3 report_seq=29 uart_sequence=222719 sensor_raw=4294957496 sensor_converted=4294957496 xiao_rx=1668034309 queue_push=1668034318 core_rx=46965859
BNO_CORE_EVENT kind=5 report_seq=27 uart_sequence=222720 sensor_raw=4294957796 sensor_converted=4294957796 xiao_rx=1668034344 queue_push=1668034346 core_rx=46966921
BNO_CORE_EVENT kind=4 report_seq=143 uart_sequence=222721 sensor_raw=4294957796 sensor_converted=4294957796 xiao_rx=1668034359 queue_push=1668034361 core_rx=46969252
BNO_CORE_EVENT kind=1 report_seq=184 uart_sequence=222722 sensor_raw=4294960596 sensor_converted=4294960596 xiao_rx=1668034368 queue_push=1668034370 core_rx=46970387
BNO_CORE_EVENT kind=1 report_seq=185 uart_sequence=222723 sensor_raw=4294965196 sensor_converted=4294965196 xiao_rx=1668042731 queue_push=1668042739 core_rx=46971463
BNO_CORE_EVENT kind=2 report_seq=30 uart_sequence=222724 sensor_raw=4294957496 sensor_converted=4294957496 xiao_rx=1668052042 queue_push=1668052052 core_rx=46972528
BNO_CORE_EVENT kind=3 report_seq=30 uart_sequence=222725 sensor_raw=4294957496 sensor_converted=4294957496 xiao_rx=1668052078 queue_push=1668052080 core_rx=46973574
BNO_CORE_EVENT kind=5 report_seq=28 uart_sequence=222726 sensor_raw=4294957996 sensor_converted=4294957996 xiao_rx=1668052092 queue_push=1668052094 core_rx=46975656
BNO_CORE_EVENT kind=1 report_seq=186 uart_sequence=222731 sensor_raw=4294966596 sensor_converted=4294966596 xiao_rx=1668070548 queue_push=1668070556 core_rx=46982329
BNO_CORE_EVENT kind=2 report_seq=31 uart_sequence=222732 sensor_raw=4294954096 sensor_converted=4294954096 xiao_rx=1668075899 queue_push=1668075902 core_rx=46983461
BNO_CORE_EVENT kind=3 report_seq=31 uart_sequence=222733 sensor_raw=4294954096 sensor_converted=4294954096 xiao_rx=1668075914 queue_push=1668075915 core_rx=46985669
BNO_CORE_EVENT kind=5 report_seq=29 uart_sequence=222734 sensor_raw=4294954096 sensor_converted=4294954096 xiao_rx=1668075923 queue_push=1668075925 core_rx=46986757
BNO_CORE_EVENT kind=4 report_seq=144 uart_sequence=222735 sensor_raw=4294954196 sensor_converted=4294954196 xiao_rx=1668075934 queue_push=1668075935 core_rx=46987842
BNO_CORE_EVENT kind=1 report_seq=187 uart_sequence=222738 sensor_raw=4294958696 sensor_converted=4294958696 xiao_rx=1668084653 queue_push=1668084659 core_rx=46996360
BNO_CORE_EVENT kind=2 report_seq=32 uart_sequence=222739 sensor_raw=4294959996 sensor_converted=4294959996 xiao_rx=1668091231 queue_push=1668091239 core_rx=46998336
BNO_CORE_EVENT kind=3 report_seq=32 uart_sequence=222740 sensor_raw=4294959996 sensor_converted=4294959996 xiao_rx=1668091261 queue_push=1668091263 core_rx=46999427
BNO_CORE_EVENT kind=5 report_seq=30 uart_sequence=222741 sensor_raw=4294959996 sensor_converted=4294959996 xiao_rx=1668091272 queue_push=1668091274 core_rx=47002954
BNO_CORE_EVENT kind=1 report_seq=188 uart_sequence=222742 sensor_raw=4294965996 sensor_converted=4294965996 xiao_rx=1668091281 queue_push=1668091283 core_rx=47004088
BNO_CORE_EVENT kind=4 report_seq=145 uart_sequence=222744 sensor_raw=4294965296 sensor_converted=4294965296 xiao_rx=1668101211 queue_push=1668101220 core_rx=47007341
BNO_CORE_EVENT kind=2 report_seq=33 uart_sequence=222746 sensor_raw=4294962996 sensor_converted=4294962996 xiao_rx=1668109020 queue_push=1668109030 core_rx=47017388
BNO_CORE_EVENT kind=3 report_seq=33 uart_sequence=222747 sensor_raw=4294962996 sensor_converted=4294962996 xiao_rx=1668109057 queue_push=1668109058 core_rx=47020038
BNO_CORE_EVENT kind=5 report_seq=31 uart_sequence=222748 sensor_raw=4294962996 sensor_converted=4294962996 xiao_rx=1668109070 queue_push=1668109072 core_rx=47021094
BNO_CORE_EVENT kind=1 report_seq=189 uart_sequence=222749 sensor_raw=4294957396 sensor_converted=4294957396 xiao_rx=1668111499 queue_push=1668111501 core_rx=47022185
BNO_CORE_EVENT kind=1 report_seq=190 uart_sequence=222754 sensor_raw=4294966796 sensor_converted=4294966796 xiao_rx=1668121621 queue_push=1668121628 core_rx=47032359
BNO_CORE_EVENT kind=2 report_seq=34 uart_sequence=222755 sensor_raw=4294963296 sensor_converted=4294963296 xiao_rx=1668126799 queue_push=1668126803 core_rx=47035002
BNO_CORE_EVENT kind=3 report_seq=34 uart_sequence=222756 sensor_raw=4294963296 sensor_converted=4294963296 xiao_rx=1668126818 queue_push=1668126820 core_rx=47036046
BNO_CORE_EVENT kind=5 report_seq=32 uart_sequence=222757 sensor_raw=4294963296 sensor_converted=4294963296 xiao_rx=1668126827 queue_push=1668126830 core_rx=47037093
BNO_CORE_EVENT kind=1 report_seq=191 uart_sequence=222759 sensor_raw=4294966796 sensor_converted=4294966796 xiao_rx=1668134909 queue_push=1668134916 core_rx=47040336
BNO_CORE_EVENT kind=2 report_seq=35 uart_sequence=222760 sensor_raw=4294965196 sensor_converted=4294965196 xiao_rx=1668142035 queue_push=1668142040 core_rx=47047380
BNO_CORE_EVENT kind=3 report_seq=35 uart_sequence=222762 sensor_raw=4294962596 sensor_converted=4294962596 xiao_rx=1668149155 queue_push=1668149163 core_rx=47058354
BNO_CORE_EVENT kind=5 report_seq=33 uart_sequence=222763 sensor_raw=4294962596 sensor_converted=4294962596 xiao_rx=1668149190 queue_push=1668149192 core_rx=47061008
BNO_CORE_EVENT kind=4 report_seq=146 uart_sequence=222764 sensor_raw=4294962596 sensor_converted=4294962596 xiao_rx=1668149204 queue_push=1668149206 core_rx=47062063
BNO_CORE_EVENT kind=1 report_seq=192 uart_sequence=222765 sensor_raw=4294964596 sensor_converted=4294964596 xiao_rx=1668153067 queue_push=1668153071 core_rx=47063146
BNO_CORE_EVENT kind=2 report_seq=36 uart_sequence=222767 sensor_raw=4294964396 sensor_converted=4294964396 xiao_rx=1668162162 queue_push=1668162170 core_rx=47071986
BNO_CORE_EVENT kind=3 report_seq=36 uart_sequence=222768 sensor_raw=4294961896 sensor_converted=4294961896 xiao_rx=1668166374 queue_push=1668166377 core_rx=47073647
BNO_CORE_EVENT kind=5 report_seq=34 uart_sequence=222769 sensor_raw=4294961896 sensor_converted=4294961896 xiao_rx=1668166396 queue_push=1668166398 core_rx=47075169
BNO_CORE_EVENT kind=1 report_seq=193 uart_sequence=222773 sensor_raw=4294963896 sensor_converted=4294963896 xiao_rx=1668175452 queue_push=1668175459 core_rx=47081342
BNO_CORE_EVENT kind=2 report_seq=37 uart_sequence=222777 sensor_raw=4294964596 sensor_converted=4294964596 xiao_rx=1668182344 queue_push=1668182349 core_rx=47090379
BNO_CORE_EVENT kind=3 report_seq=37 uart_sequence=222778 sensor_raw=4294962196 sensor_converted=4294962196 xiao_rx=1668191258 queue_push=1668191267 core_rx=47097360
BNO_CORE_EVENT kind=5 report_seq=35 uart_sequence=222779 sensor_raw=4294962196 sensor_converted=4294962196 xiao_rx=1668191290 queue_push=1668191292 core_rx=47100005
BNO_CORE_EVENT kind=4 report_seq=147 uart_sequence=222780 sensor_raw=4294962196 sensor_converted=4294962196 xiao_rx=1668191305 queue_push=1668191307 core_rx=47101092
BNO_CORE_EVENT kind=1 report_seq=194 uart_sequence=222781 sensor_raw=4294963096 sensor_converted=4294963096 xiao_rx=1668191314 queue_push=1668191316 core_rx=47102131
BNO_CORE_EVENT kind=1 report_seq=195 uart_sequence=222783 sensor_raw=4294966796 sensor_converted=4294966796 xiao_rx=1668198639 queue_push=1668198643 core_rx=47105334
BNO_CORE_EVENT kind=2 report_seq=38 uart_sequence=222784 sensor_raw=4294964196 sensor_converted=4294964196 xiao_rx=1668202574 queue_push=1668202581 core_rx=47108347
XIAO UART baud=921600 rx=GPIO8 tx=GPIO9 bytes=816744 frames=76 bytes_s=22084 frames_s=76 crc/cobs/len=0/0/0 seqgap=0 age_ms=2 type=3 log=1 q=0 rec=42 final=0
RXDIAG max_us=6428 budget_hits=0 byte/frame/time=0/0/0 rx_buf_max=481 loop_period_max_us=730062 loop_exec_max_us=727693 free_heap=138544 min_free_heap=138544 reset_reason=0 bno_kind_1to5_s=13/11/10/5/10 queue=0 high=4 drops=0
BNO_CORE_EVENT kind=3 report_seq=38 uart_sequence=222785 sensor_raw=4294961496 sensor_converted=4294961496 xiao_rx=1668208244 queue_push=1668208248 core_rx=47113379
RXDETAIL service_calls=36597 service_bytes_avg=22 service_bytes_max=481 service_frames_avg=0 service_frames_avg_x1000=168 service_frames_max=5 service_bytes_s=22080 service_frames_s=184 rxbuf_full_obs=0 bno_valid=50 bno_invalid=0 unknown=0 uart_overflow=framework_unavailable trial_rx_bytes=7516 trial_frames=75 trial_bno=50 trial_crc/cobs/len=0/0/0
BNO_CORE_EVENT kind=5 report_seq=36 uart_sequence=222786 sensor_raw=4294961496 sensor_converted=4294961496 xiao_rx=1668208269 queue_push=1668208270 core_rx=47116392
RXTASK mode=decode_count read_calls=36598 zero_reads=29266 read_bytes_max=481 rx_task_max_us=6428 rx_task_continuous_max_us=6428 stack_hwm_min_bytes=4504 cobs_delimiters=6152 rx_current=0 rx_max=481 rx_full=0 overflow=framework_unavailable
BNO_CORE_EVENT kind=1 report_seq=196 uart_sequence=222787 sensor_raw=4294966296 sensor_converted=4294966296 xiao_rx=1668213968 queue_push=1668213973 core_rx=47119373
SDTASK max_process_us=53
BNO_CORE_EVENT kind=2 report_seq=39 uart_sequence=222795 sensor_raw=4294965196 sensor_converted=4294965196 xiao_rx=1668226381 queue_push=1668226391 core_rx=47138362
BNO_CORE_EVENT kind=3 report_seq=39 uart_sequence=222796 sensor_raw=4294957996 sensor_converted=4294957996 xiao_rx=1668232440 queue_push=1668232443 core_rx=47141059
BNO_CORE_EVENT kind=5 report_seq=37 uart_sequence=222797 sensor_raw=4294957996 sensor_converted=4294957996 xiao_rx=1668232489 queue_push=1668232491 core_rx=47142247
BNO_CORE_EVENT kind=4 report_seq=148 uart_sequence=222798 sensor_raw=4294957996 sensor_converted=4294957996 xiao_rx=1668232504 queue_push=1668232505 core_rx=47143286
BNO_CORE_EVENT kind=1 report_seq=197 uart_sequence=222799 sensor_raw=4294966296 sensor_converted=4294966296 xiao_rx=1668232513 queue_push=1668232515 core_rx=47144334
BNO_CORE_EVENT kind=2 report_seq=40 uart_sequence=222800 sensor_raw=4294964096 sensor_converted=4294964096 xiao_rx=1668242976 queue_push=1668242983 core_rx=47148392
BNO_CORE_EVENT kind=3 report_seq=40 uart_sequence=222802 sensor_raw=4294961696 sensor_converted=4294961696 xiao_rx=1668249177 queue_push=1668249185 core_rx=47155480
BNO_CORE_EVENT kind=5 report_seq=38 uart_sequence=222803 sensor_raw=4294961696 sensor_converted=4294961696 xiao_rx=1668249211 queue_push=1668249213 core_rx=47157864
BNO_CORE_EVENT kind=1 report_seq=198 uart_sequence=222804 sensor_raw=4294965896 sensor_converted=4294965896 xiao_rx=1668249220 queue_push=1668249222 core_rx=47158924
BNO_CORE_EVENT kind=2 report_seq=41 uart_sequence=222806 sensor_raw=4294964796 sensor_converted=4294964796 xiao_rx=1668262247 queue_push=1668262255 core_rx=47175382
BNO_CORE_EVENT kind=3 report_seq=41 uart_sequence=222807 sensor_raw=4294962196 sensor_converted=4294962196 xiao_rx=1668268990 queue_push=1668268994 core_rx=47178105
BNO_CORE_EVENT kind=5 report_seq=39 uart_sequence=222808 sensor_raw=4294962196 sensor_converted=4294962196 xiao_rx=1668269011 queue_push=1668269013 core_rx=47179319
BNO_CORE_EVENT kind=4 report_seq=149 uart_sequence=222809 sensor_raw=4294962196 sensor_converted=4294962196 xiao_rx=1668269023 queue_push=1668269025 core_rx=47180367
BNO_CORE_EVENT kind=1 report_seq=199 uart_sequence=222810 sensor_raw=4294962196 sensor_converted=4294962196 xiao_rx=1668269032 queue_push=1668269034 core_rx=47183120
BNO_CORE_EVENT kind=1 report_seq=200 uart_sequence=222814 sensor_raw=4294966796 sensor_converted=4294966796 xiao_rx=1668279510 queue_push=1668279514 core_rx=47187932
BNO_CORE_EVENT kind=2 report_seq=42 uart_sequence=222817 sensor_raw=4294964796 sensor_converted=4294964796 xiao_rx=1668287655 queue_push=1668287662 core_rx=47194371
BNO_CORE_EVENT kind=3 report_seq=42 uart_sequence=222819 sensor_raw=4294956196 sensor_converted=4294956196 xiao_rx=1668292174 queue_push=1668292181 core_rx=47201412
BNO_CORE_EVENT kind=5 report_seq=40 uart_sequence=222820 sensor_raw=4294956196 sensor_converted=4294956196 xiao_rx=1668292206 queue_push=1668292208 core_rx=47204003
BNO_CORE_EVENT kind=1 report_seq=201 uart_sequence=222821 sensor_raw=4294964096 sensor_converted=4294964096 xiao_rx=1668295977 queue_push=1668295981 core_rx=47205056
BNO_CORE_EVENT kind=2 report_seq=43 uart_sequence=222822 sensor_raw=4294964996 sensor_converted=4294964996 xiao_rx=1668301937 queue_push=1668301945 core_rx=47207400
BNO_CORE_EVENT kind=3 report_seq=43 uart_sequence=222823 sensor_raw=4294962396 sensor_converted=4294962396 xiao_rx=1668308148 queue_push=1668308151 core_rx=47212906
BNO_CORE_EVENT kind=5 report_seq=41 uart_sequence=222824 sensor_raw=4294962396 sensor_converted=4294962396 xiao_rx=1668308173 queue_push=1668308175 core_rx=47214723
BNO_CORE_EVENT kind=4 report_seq=150 uart_sequence=222825 sensor_raw=4294962396 sensor_converted=4294962396 xiao_rx=1668308186 queue_push=1668308187 core_rx=47215908
BNO_CORE_EVENT kind=1 report_seq=202 uart_sequence=222827 sensor_raw=4294963696 sensor_converted=4294963696 xiao_rx=1668313171 queue_push=1668313180 core_rx=47220977
BNO_CORE_EVENT kind=2 report_seq=44 uart_sequence=222831 sensor_raw=4294964996 sensor_converted=4294964996 xiao_rx=1668322162 queue_push=1668322171 core_rx=47234386
BNO_CORE_EVENT kind=3 report_seq=44 uart_sequence=222832 sensor_raw=4294962396 sensor_converted=4294962396 xiao_rx=1668328046 queue_push=1668328049 core_rx=47237059
BNO_CORE_EVENT kind=5 report_seq=42 uart_sequence=222833 sensor_raw=4294962396 sensor_converted=4294962396 xiao_rx=1668328076 queue_push=1668328078 core_rx=47238233
BNO_CORE_EVENT kind=1 report_seq=203 uart_sequence=222834 sensor_raw=4294965596 sensor_converted=4294965596 xiao_rx=1668328085 queue_push=1668328087 core_rx=47239274
BNO_CORE_EVENT kind=1 report_seq=204 uart_sequence=222836 sensor_raw=4294966396 sensor_converted=4294966396 xiao_rx=1668340293 queue_push=1668340300 core_rx=47245373
BNO_CORE_EVENT kind=2 report_seq=45 uart_sequence=222837 sensor_raw=4294963896 sensor_converted=4294963896 xiao_rx=1668345726 queue_push=1668345730 core_rx=47251400
BNO_CORE_EVENT kind=3 report_seq=45 uart_sequence=222838 sensor_raw=4294963896 sensor_converted=4294963896 xiao_rx=1668345746 queue_push=1668345748 core_rx=47254050
BNO_CORE_EVENT kind=5 report_seq=43 uart_sequence=222840 sensor_raw=4294958396 sensor_converted=4294958396 xiao_rx=1668352950 queue_push=1668352957 core_rx=47262405
BNO_CORE_EVENT kind=4 report_seq=151 uart_sequence=222841 sensor_raw=4294958396 sensor_converted=4294958396 xiao_rx=1668352984 queue_push=1668352986 core_rx=47265002
BNO_CORE_EVENT kind=1 report_seq=205 uart_sequence=222842 sensor_raw=4294966596 sensor_converted=4294966596 xiao_rx=1668356756 queue_push=1668356761 core_rx=47266057
BNO_CORE_EVENT kind=2 report_seq=46 uart_sequence=222844 sensor_raw=4294964996 sensor_converted=4294964996 xiao_rx=1668362323 queue_push=1668362328 core_rx=47269382
BNO_CORE_EVENT kind=3 report_seq=46 uart_sequence=222845 sensor_raw=4294961696 sensor_converted=4294961696 xiao_rx=1668368251 queue_push=1668368258 core_rx=47272908
BNO_CORE_EVENT kind=5 report_seq=44 uart_sequence=222846 sensor_raw=4294961696 sensor_converted=4294961696 xiao_rx=1668368286 queue_push=1668368288 core_rx=47275377
BNO_CORE_EVENT kind=1 report_seq=206 uart_sequence=222848 sensor_raw=4294964596 sensor_converted=4294964596 xiao_rx=1668374641 queue_push=1668374645 core_rx=47281419
BNO_CORE_EVENT kind=2 report_seq=47 uart_sequence=222852 sensor_raw=4294964996 sensor_converted=4294964996 xiao_rx=1668383064 queue_push=1668383074 core_rx=47294394
BNO_CORE_EVENT kind=3 report_seq=47 uart_sequence=222853 sensor_raw=4294961496 sensor_converted=4294961496 xiao_rx=1668388199 queue_push=1668388201 core_rx=47297029
BNO_CORE_EVENT kind=5 report_seq=45 uart_sequence=222854 sensor_raw=4294961496 sensor_converted=4294961496 xiao_rx=1668388220 queue_push=1668388222 core_rx=47298093
BNO_CORE_EVENT kind=4 report_seq=152 uart_sequence=222855 sensor_raw=4294961496 sensor_converted=4294961496 xiao_rx=1668388232 queue_push=1668388233 core_rx=47299182
BNO_CORE_EVENT kind=1 report_seq=207 uart_sequence=222859 sensor_raw=4294962996 sensor_converted=4294962996 xiao_rx=1668398980 queue_push=1668398993 core_rx=47305361
BNO_CORE_EVENT kind=2 report_seq=48 uart_sequence=222860 sensor_raw=4294964796 sensor_converted=4294964796 xiao_rx=1668402039 queue_push=1668402044 core_rx=47306922
BNO_CORE_EVENT kind=3 report_seq=48 uart_sequence=222861 sensor_raw=4294962396 sensor_converted=4294962396 xiao_rx=1668408133 queue_push=1668408137 core_rx=47312921
BNO_CORE_EVENT kind=5 report_seq=46 uart_sequence=222862 sensor_raw=4294962396 sensor_converted=4294962396 xiao_rx=1668408156 queue_push=1668408158 core_rx=47314664
BNO_CORE_EVENT kind=1 report_seq=208 uart_sequence=222863 sensor_raw=4294958596 sensor_converted=4294958596 xiao_rx=1668411456 queue_push=1668411460 core_rx=47317425
BNO_CORE_EVENT kind=1 report_seq=209 uart_sequence=222867 sensor_raw=4294966796 sensor_converted=4294966796 xiao_rx=1668419715 queue_push=1668419724 core_rx=47326375
BNO_CORE_EVENT kind=2 report_seq=49 uart_sequence=222869 sensor_raw=4294964796 sensor_converted=4294964796 xiao_rx=1668425752 queue_push=1668425758 core_rx=47332377
BNO_CORE_EVENT kind=3 report_seq=49 uart_sequence=222871 sensor_raw=4294958896 sensor_converted=4294958896 xiao_rx=1668431497 queue_push=1668431504 core_rx=47337008
BNO_CORE_EVENT kind=5 report_seq=47 uart_sequence=222872 sensor_raw=4294958896 sensor_converted=4294958896 xiao_rx=1668431530 queue_push=1668431531 core_rx=47338515
BNO_CORE_EVENT kind=4 report_seq=153 uart_sequence=222873 sensor_raw=4294958896 sensor_converted=4294958896 xiao_rx=1668431544 queue_push=1668431545 core_rx=47339554
BNO_CORE_EVENT kind=1 report_seq=210 uart_sequence=222874 sensor_raw=4294966796 sensor_converted=4294966796 xiao_rx=1668437487 queue_push=1668437492 core_rx=47342913
BNO_CORE_EVENT kind=2 report_seq=50 uart_sequence=222876 sensor_raw=4294964796 sensor_converted=4294964796 xiao_rx=1668441953 queue_push=1668441957 core_rx=47347342
BNO_CORE_EVENT kind=3 report_seq=50 uart_sequence=222878 sensor_raw=4294961996 sensor_converted=4294961996 xiao_rx=1668447231 queue_push=1668447240 core_rx=47353440
BNO_CORE_EVENT kind=5 report_seq=48 uart_sequence=222879 sensor_raw=4294961996 sensor_converted=4294961996 xiao_rx=1668447273 queue_push=1668447274 core_rx=47355430
BNO_CORE_EVENT kind=1 report_seq=211 uart_sequence=222880 sensor_raw=4294963896 sensor_converted=4294963896 xiao_rx=1668453736 queue_push=1668453740 core_rx=47359374
BNO_CORE_EVENT kind=2 report_seq=51 uart_sequence=222882 sensor_raw=4294965196 sensor_converted=4294965196 xiao_rx=1668461934 queue_push=1668461940 core_rx=47367373
BNO_CORE_EVENT kind=3 report_seq=51 uart_sequence=222883 sensor_raw=4294962596 sensor_converted=4294962596 xiao_rx=1668468686 queue_push=1668468691 core_rx=47376401
BNO_CORE_EVENT kind=5 report_seq=49 uart_sequence=222884 sensor_raw=4294962596 sensor_converted=4294962596 xiao_rx=1668468714 queue_push=1668468716 core_rx=47379087
BNO_CORE_EVENT kind=4 report_seq=154 uart_sequence=222885 sensor_raw=4294962596 sensor_converted=4294962596 xiao_rx=1668468728 queue_push=1668468730 core_rx=47380311
BNO_CORE_EVENT kind=1 report_seq=212 uart_sequence=222886 sensor_raw=4294961996 sensor_converted=4294961996 xiao_rx=1668471143 queue_push=1668471145 core_rx=47381352
BNO_CORE_EVENT kind=2 report_seq=52 uart_sequence=222890 sensor_raw=4294964196 sensor_converted=4294964196 xiao_rx=1668482516 queue_push=1668482527 core_rx=47393949
BNO_CORE_EVENT kind=3 report_seq=52 uart_sequence=222891 sensor_raw=4294961696 sensor_converted=4294961696 xiao_rx=1668488331 queue_push=1668488337 core_rx=47395514
BNO_CORE_EVENT kind=5 report_seq=50 uart_sequence=222892 sensor_raw=4294961696 sensor_converted=4294961696 xiao_rx=1668488369 queue_push=1668488371 core_rx=47397217
BNO_CORE_EVENT kind=1 report_seq=213 uart_sequence=222893 sensor_raw=4294963696 sensor_converted=4294963696 xiao_rx=1668488378 queue_push=1668488380 core_rx=47398411
BNO_CORE_EVENT kind=1 report_seq=214 uart_sequence=222897 sensor_raw=4294966796 sensor_converted=4294966796 xiao_rx=1668498648 queue_push=1668498656 core_rx=47405344
BNO_CORE_EVENT kind=2 report_seq=53 uart_sequence=222898 sensor_raw=4294963696 sensor_converted=4294963696 xiao_rx=1668502912 queue_push=1668502916 core_rx=47408382
BNO_CORE_EVENT kind=3 report_seq=53 uart_sequence=222899 sensor_raw=4294961096 sensor_converted=4294961096 xiao_rx=1668509162 queue_push=1668509167 core_rx=47414398
BNO_CORE_EVENT kind=5 report_seq=51 uart_sequence=222900 sensor_raw=4294961096 sensor_converted=4294961096 xiao_rx=1668509186 queue_push=1668509187 core_rx=47417087
BNO_CORE_EVENT kind=4 report_seq=155 uart_sequence=222901 sensor_raw=4294961096 sensor_converted=4294961096 xiao_rx=1668509198 queue_push=1668509200 core_rx=47418274
BNO_CORE_EVENT kind=1 report_seq=215 uart_sequence=222903 sensor_raw=4294966796 sensor_converted=4294966796 xiao_rx=1668516967 queue_push=1668516976 core_rx=47423102
BNO_CORE_EVENT kind=2 report_seq=54 uart_sequence=222905 sensor_raw=4294964396 sensor_converted=4294964396 xiao_rx=1668522143 queue_push=1668522149 core_rx=47428357
BNO_CORE_EVENT kind=3 report_seq=54 uart_sequence=222908 sensor_raw=4294961896 sensor_converted=4294961896 xiao_rx=1668529217 queue_push=1668529226 core_rx=47436879
BNO_CORE_EVENT kind=5 report_seq=52 uart_sequence=222909 sensor_raw=4294961896 sensor_converted=4294961896 xiao_rx=1668529256 queue_push=1668529258 core_rx=47438696
BNO_CORE_EVENT kind=1 report_seq=216 uart_sequence=222910 sensor_raw=4294964396 sensor_converted=4294964396 xiao_rx=1668531704 queue_push=1668531707 core_rx=47439813
BNO_CORE_EVENT kind=2 report_seq=55 uart_sequence=222911 sensor_raw=4294964996 sensor_converted=4294964996 xiao_rx=1668541868 queue_push=1668541874 core_rx=47446898
BNO_CORE_EVENT kind=3 report_seq=55 uart_sequence=222913 sensor_raw=4294962396 sensor_converted=4294962396 xiao_rx=1668547087 queue_push=1668547095 core_rx=47453331
BNO_CORE_EVENT kind=5 report_seq=53 uart_sequence=222914 sensor_raw=4294962396 sensor_converted=4294962396 xiao_rx=1668547122 queue_push=1668547123 core_rx=47454472
BNO_CORE_EVENT kind=4 report_seq=156 uart_sequence=222915 sensor_raw=4294962396 sensor_converted=4294962396 xiao_rx=1668547136 queue_push=1668547137 core_rx=47457695
BNO_CORE_EVENT kind=1 report_seq=217 uart_sequence=222917 sensor_raw=4294962996 sensor_converted=4294962996 xiao_rx=1668553101 queue_push=1668553106 core_rx=47459707
BNO_CORE_EVENT kind=2 report_seq=56 uart_sequence=222919 sensor_raw=4294964796 sensor_converted=4294964796 xiao_rx=1668562117 queue_push=1668562122 core_rx=47468411
BNO_CORE_EVENT kind=3 report_seq=56 uart_sequence=222920 sensor_raw=4294962196 sensor_converted=4294962196 xiao_rx=1668569112 queue_push=1668569117 core_rx=47474395
BNO_CORE_EVENT kind=5 report_seq=54 uart_sequence=222921 sensor_raw=4294962196 sensor_converted=4294962196 xiao_rx=1668569139 queue_push=1668569140 core_rx=47477033
BNO_CORE_EVENT kind=1 report_seq=218 uart_sequence=222922 sensor_raw=4294962896 sensor_converted=4294962896 xiao_rx=1668569147 queue_push=1668569149 core_rx=47478146
BNO_CORE_EVENT kind=1 report_seq=219 uart_sequence=222926 sensor_raw=4294966796 sensor_converted=4294966796 xiao_rx=1668579097 queue_push=1668579104 core_rx=47488346
BNO_CORE_EVENT kind=4 report_seq=157 uart_sequence=222927 sensor_raw=4294965296 sensor_converted=4294965296 xiao_rx=1668581568 queue_push=1668581571 core_rx=47489562
BNO_CORE_EVENT kind=2 report_seq=57 uart_sequence=222930 sensor_raw=4294962396 sensor_converted=4294962396 xiao_rx=1668589352 queue_push=1668589357 core_rx=47495382
BNO_CORE_EVENT kind=3 report_seq=57 uart_sequence=222931 sensor_raw=4294962396 sensor_converted=4294962396 xiao_rx=1668589381 queue_push=1668589383 core_rx=47498041
BNO_CORE_EVENT kind=5 report_seq=55 uart_sequence=222932 sensor_raw=4294962396 sensor_converted=4294962396 xiao_rx=1668589394 queue_push=1668589396 core_rx=47499206
BNO_CORE_EVENT kind=1 report_seq=220 uart_sequence=222934 sensor_raw=4294966096 sensor_converted=4294966096 xiao_rx=1668597148 queue_push=1668597158 core_rx=47503358
BNO_CORE_EVENT kind=2 report_seq=58 uart_sequence=222936 sensor_raw=4294964196 sensor_converted=4294964196 xiao_rx=1668602143 queue_push=1668602147 core_rx=47508351
BNO_CORE_EVENT kind=3 report_seq=58 uart_sequence=222937 sensor_raw=4294961896 sensor_converted=4294961896 xiao_rx=1668608207 queue_push=1668608213 core_rx=47513353
BNO_CORE_EVENT kind=5 report_seq=56 uart_sequence=222938 sensor_raw=4294961896 sensor_converted=4294961896 xiao_rx=1668608237 queue_push=1668608238 core_rx=47514559
BNO_CORE_EVENT kind=1 report_seq=221 uart_sequence=222940 sensor_raw=4294964396 sensor_converted=4294964396 xiao_rx=1668612068 queue_push=1668612074 core_rx=47520214
BNO_CORE_EVENT kind=2 report_seq=59 uart_sequence=222942 sensor_raw=4294965196 sensor_converted=4294965196 xiao_rx=1668621839 queue_push=1668621846 core_rx=47533376
BNO_CORE_EVENT kind=3 report_seq=59 uart_sequence=222943 sensor_raw=4294962596 sensor_converted=4294962596 xiao_rx=1668626996 queue_push=1668626999 core_rx=47536063
BNO_CORE_EVENT kind=5 report_seq=57 uart_sequence=222944 sensor_raw=4294962596 sensor_converted=4294962596 xiao_rx=1668627016 queue_push=1668627017 core_rx=47537176
BNO_CORE_EVENT kind=4 report_seq=158 uart_sequence=222945 sensor_raw=4294962596 sensor_converted=4294962596 xiao_rx=1668627027 queue_push=1668627028 core_rx=47538219
BNO_CORE_EVENT kind=1 report_seq=222 uart_sequence=222948 sensor_raw=4294961296 sensor_converted=4294961296 xiao_rx=1668637308 queue_push=1668637315 core_rx=47544269
BNO_CORE_EVENT kind=2 report_seq=60 uart_sequence=222950 sensor_raw=4294964596 sensor_converted=4294964596 xiao_rx=1668641836 queue_push=1668641840 core_rx=47547341
BNO_CORE_EVENT kind=3 report_seq=60 uart_sequence=222951 sensor_raw=4294962196 sensor_converted=4294962196 xiao_rx=1668648133 queue_push=1668648138 core_rx=47553384
BNO_CORE_EVENT kind=5 report_seq=58 uart_sequence=222952 sensor_raw=4294962196 sensor_converted=4294962196 xiao_rx=1668648155 queue_push=1668648157 core_rx=47556025
BNO_CORE_EVENT kind=1 report_seq=223 uart_sequence=222953 sensor_raw=4294962496 sensor_converted=4294962496 xiao_rx=1668648163 queue_push=1668648165 core_rx=47557093
BNO_CORE_EVENT kind=1 report_seq=224 uart_sequence=222956 sensor_raw=4294966796 sensor_converted=4294966796 xiao_rx=1668657775 queue_push=1668657783 core_rx=47563340
BNO_CORE_EVENT kind=4 report_seq=159 uart_sequence=222958 sensor_raw=4294965296 sensor_converted=4294965296 xiao_rx=1668661620 queue_push=1668661624 core_rx=47573376
BNO_CORE_EVENT kind=2 report_seq=61 uart_sequence=222959 sensor_raw=4294962396 sensor_converted=4294962396 xiao_rx=1668667407 queue_push=1668667411 core_rx=47576025
BNO_CORE_EVENT kind=3 report_seq=61 uart_sequence=222960 sensor_raw=4294962396 sensor_converted=4294962396 xiao_rx=1668667428 queue_push=1668667429 core_rx=47577157
BNO_CORE_EVENT kind=5 report_seq=59 uart_sequence=222961 sensor_raw=4294962396 sensor_converted=4294962396 xiao_rx=1668667439 queue_push=1668667441 core_rx=47578210
BNO_CORE_EVENT kind=1 report_seq=225 uart_sequence=222962 sensor_raw=4294965296 sensor_converted=4294965296 xiao_rx=1668674587 queue_push=1668674591 core_rx=47580354
BNO_CORE_EVENT kind=2 report_seq=62 uart_sequence=222966 sensor_raw=4294964996 sensor_converted=4294964996 xiao_rx=1668682513 queue_push=1668682523 core_rx=47589333
BNO_CORE_EVENT kind=3 report_seq=62 uart_sequence=222968 sensor_raw=4294961996 sensor_converted=4294961996 xiao_rx=1668687593 queue_push=1668687599 core_rx=47593376
BNO_CORE_EVENT kind=5 report_seq=60 uart_sequence=222969 sensor_raw=4294961996 sensor_converted=4294961996 xiao_rx=1668687623 queue_push=1668687625 core_rx=47594527
BNO_CORE_EVENT kind=1 report_seq=226 uart_sequence=222970 sensor_raw=4294963496 sensor_converted=4294963496 xiao_rx=1668691502 queue_push=1668691506 core_rx=47597385
BNO_CORE_EVENT kind=2 report_seq=63 uart_sequence=222972 sensor_raw=4294964996 sensor_converted=4294964996 xiao_rx=1668701741 queue_push=1668701751 core_rx=47607371
BNO_CORE_EVENT kind=3 report_seq=63 uart_sequence=222975 sensor_raw=4294962396 sensor_converted=4294962396 xiao_rx=1668710659 queue_push=1668710668 core_rx=47617405
BNO_CORE_EVENT kind=5 report_seq=61 uart_sequence=222976 sensor_raw=4294962396 sensor_converted=4294962396 xiao_rx=1668710693 queue_push=1668710694 core_rx=47619855
BNO_CORE_EVENT kind=4 report_seq=160 uart_sequence=222977 sensor_raw=4294962396 sensor_converted=4294962396 xiao_rx=1668710707 queue_push=1668710709 core_rx=47620922
BNO_CORE_EVENT kind=1 report_seq=227 uart_sequence=222978 sensor_raw=4294965596 sensor_converted=4294965596 xiao_rx=1668710716 queue_push=1668710718 core_rx=47621960
BNO_CORE_EVENT kind=1 report_seq=228 uart_sequence=222980 sensor_raw=4294965696 sensor_converted=4294965696 xiao_rx=1668720729 queue_push=1668720735 core_rx=47630479
BNO_CORE_EVENT kind=2 report_seq=64 uart_sequence=222981 sensor_raw=4294963296 sensor_converted=4294963296 xiao_rx=1668724277 queue_push=1668724281 core_rx=47631726
BNO_CORE_EVENT kind=3 report_seq=64 uart_sequence=222982 sensor_raw=4294963296 sensor_converted=4294963296 xiao_rx=1668724296 queue_push=1668724298 core_rx=47632762
BNO_CORE_EVENT kind=5 report_seq=62 uart_sequence=222983 sensor_raw=4294959696 sensor_converted=4294959696 xiao_rx=1668728898 queue_push=1668728905 core_rx=47635353
BNO_CORE_EVENT kind=1 report_seq=229 uart_sequence=222986 sensor_raw=4294966796 sensor_converted=4294966796 xiao_rx=1668736720 queue_push=1668736728 core_rx=47642342
BNO_CORE_EVENT kind=4 report_seq=161 uart_sequence=222988 sensor_raw=4294965196 sensor_converted=4294965196 xiao_rx=1668741207 queue_push=1668741210 core_rx=47646343
BNO_CORE_EVENT kind=2 report_seq=65 uart_sequence=222989 sensor_raw=4294962796 sensor_converted=4294962796 xiao_rx=1668747072 queue_push=1668747076 core_rx=47652395
BNO_CORE_EVENT kind=3 report_seq=65 uart_sequence=222990 sensor_raw=4294962796 sensor_converted=4294962796 xiao_rx=1668747092 queue_push=1668747093 core_rx=47654101
BNO_CORE_EVENT kind=5 report_seq=63 uart_sequence=222991 sensor_raw=4294962796 sensor_converted=4294962796 xiao_rx=1668747102 queue_push=1668747104 core_rx=47655258
BNO_CORE_EVENT kind=1 report_seq=230 uart_sequence=222993 sensor_raw=4294963696 sensor_converted=4294963696 xiao_rx=1668755309 queue_push=1668755317 core_rx=47661359
BNO_CORE_EVENT kind=2 report_seq=66 uart_sequence=222996 sensor_raw=4294964996 sensor_converted=4294964996 xiao_rx=1668761830 queue_push=1668761834 core_rx=47667339
BNO_CORE_EVENT kind=3 report_seq=66 uart_sequence=222997 sensor_raw=4294962596 sensor_converted=4294962596 xiao_rx=1668766576 queue_push=1668766582 core_rx=47675414
BNO_CORE_EVENT kind=5 report_seq=64 uart_sequence=222998 sensor_raw=4294962596 sensor_converted=4294962596 xiao_rx=1668766604 queue_push=1668766606 core_rx=47678003
BNO_CORE_EVENT kind=1 report_seq=231 uart_sequence=222999 sensor_raw=4294964396 sensor_converted=4294964396 xiao_rx=1668769714 queue_push=1668769716 core_rx=47679076
BNO_CORE_EVENT kind=2 report_seq=67 uart_sequence=223003 sensor_raw=4294964996 sensor_converted=4294964996 xiao_rx=1668781978 queue_push=1668781992 core_rx=47693358
BNO_CORE_EVENT kind=3 report_seq=67 uart_sequence=223004 sensor_raw=4294962396 sensor_converted=4294962396 xiao_rx=1668787148 queue_push=1668787151 core_rx=47696031
BNO_CORE_EVENT kind=5 report_seq=65 uart_sequence=223005 sensor_raw=4294962696 sensor_converted=4294962696 xiao_rx=1668787175 queue_push=1668787176 core_rx=47697128
BNO_CORE_EVENT kind=4 report_seq=162 uart_sequence=223006 sensor_raw=4294962696 sensor_converted=4294962696 xiao_rx=1668787189 queue_push=1668787190 core_rx=47698213
BNO_CORE_EVENT kind=1 report_seq=232 uart_sequence=223009 sensor_raw=4294959496 sensor_converted=4294959496 xiao_rx=1668797193 queue_push=1668797200 core_rx=47702889
BNO_CORE_EVENT kind=1 report_seq=233 uart_sequence=223011 sensor_raw=4294965296 sensor_converted=4294965296 xiao_rx=1668801194 queue_push=1668801197 core_rx=47706677
BNO_CORE_EVENT kind=2 report_seq=68 uart_sequence=223013 sensor_raw=4294962596 sensor_converted=4294962596 xiao_rx=1668807089 queue_push=1668807093 core_rx=47716229
BNO_CORE_EVENT kind=3 report_seq=68 uart_sequence=223014 sensor_raw=4294962596 sensor_converted=4294962596 xiao_rx=1668807112 queue_push=1668807113 core_rx=47717426
BNO_CORE_EVENT kind=5 report_seq=66 uart_sequence=223015 sensor_raw=4294962596 sensor_converted=4294962596 xiao_rx=1668807121 queue_push=1668807123 core_rx=47718477
BNO_CORE_EVENT kind=1 report_seq=234 uart_sequence=223017 sensor_raw=4294966796 sensor_converted=4294966796 xiao_rx=1668816066 queue_push=1668816074 core_rx=47722411
BNO_CORE_EVENT kind=2 report_seq=69 uart_sequence=223019 sensor_raw=4294964996 sensor_converted=4294964996 xiao_rx=1668821847 queue_push=1668821852 core_rx=47727400
BNO_CORE_EVENT kind=3 report_seq=69 uart_sequence=223020 sensor_raw=4294962396 sensor_converted=4294962396 xiao_rx=1668829093 queue_push=1668829100 core_rx=47734412
BNO_CORE_EVENT kind=5 report_seq=67 uart_sequence=223021 sensor_raw=4294962396 sensor_converted=4294962396 xiao_rx=1668829120 queue_push=1668829122 core_rx=47737052
BNO_CORE_EVENT kind=4 report_seq=163 uart_sequence=223022 sensor_raw=4294962396 sensor_converted=4294962396 xiao_rx=1668829133 queue_push=1668829134 core_rx=47738231
BNO_CORE_EVENT kind=1 report_seq=235 uart_sequence=223023 sensor_raw=4294963696 sensor_converted=4294963696 xiao_rx=1668834508 queue_push=1668834513 core_rx=47740349
BNO_CORE_EVENT kind=2 report_seq=70 uart_sequence=223028 sensor_raw=4294964996 sensor_converted=4294964996 xiao_rx=1668843614 queue_push=1668843619 core_rx=47757549
BNO_CORE_EVENT kind=3 report_seq=70 uart_sequence=223029 sensor_raw=4294962396 sensor_converted=4294962396 xiao_rx=1668848689 queue_push=1668848703 core_rx=47759293
BNO_CORE_EVENT kind=5 report_seq=68 uart_sequence=223030 sensor_raw=4294962396 sensor_converted=4294962396 xiao_rx=1668848739 queue_push=1668848741 core_rx=47760419
BNO_CORE_EVENT kind=1 report_seq=236 uart_sequence=223031 sensor_raw=4294961896 sensor_converted=4294961896 xiao_rx=1668851195 queue_push=1668851198 core_rx=47761475
BNO_CORE_EVENT kind=4 report_seq=164 uart_sequence=223033 sensor_raw=4294965296 sensor_converted=4294965296 xiao_rx=1668861080 queue_push=1668861090 core_rx=47766361
BNO_CORE_EVENT kind=2 report_seq=71 uart_sequence=223035 sensor_raw=4294962996 sensor_converted=4294962996 xiao_rx=1668866670 queue_push=1668866674 core_rx=47772339
BNO_CORE_EVENT kind=3 report_seq=71 uart_sequence=223036 sensor_raw=4294962996 sensor_converted=4294962996 xiao_rx=1668866696 queue_push=1668866698 core_rx=47774371
BNO_CORE_EVENT kind=1 report_seq=237 uart_sequence=223037 sensor_raw=4294959096 sensor_converted=4294959096 xiao_rx=1668871339 queue_push=1668871344 core_rx=47777382
BNO_CORE_EVENT kind=5 report_seq=69 uart_sequence=223038 sensor_raw=4294959096 sensor_converted=4294959096 xiao_rx=1668871361 queue_push=1668871362 core_rx=47778612
BNO_CORE_EVENT kind=1 report_seq=238 uart_sequence=223041 sensor_raw=4294966796 sensor_converted=4294966796 xiao_rx=1668878630 queue_push=1668878637 core_rx=47784412
BNO_CORE_EVENT kind=2 report_seq=72 uart_sequence=223042 sensor_raw=4294964196 sensor_converted=4294964196 xiao_rx=1668882051 queue_push=1668882055 core_rx=47788390
BNO_CORE_EVENT kind=3 report_seq=72 uart_sequence=223044 sensor_raw=4294961896 sensor_converted=4294961896 xiao_rx=1668888288 queue_push=1668888296 core_rx=47793888
BNO_CORE_EVENT kind=5 report_seq=70 uart_sequence=223045 sensor_raw=4294961896 sensor_converted=4294961896 xiao_rx=1668888323 queue_push=1668888325 core_rx=47795565
BNO_CORE_EVENT kind=1 report_seq=239 uart_sequence=223047 sensor_raw=4294966596 sensor_converted=4294966596 xiao_rx=1668895712 queue_push=1668895716 core_rx=47801428
BNO_CORE_EVENT kind=2 report_seq=73 uart_sequence=223049 sensor_raw=4294964996 sensor_converted=4294964996 xiao_rx=1668901776 queue_push=1668901783 core_rx=47807371
BNO_CORE_EVENT kind=3 report_seq=73 uart_sequence=223051 sensor_raw=4294962396 sensor_converted=4294962396 xiao_rx=1668908153 queue_push=1668908161 core_rx=47815979
BNO_CORE_EVENT kind=5 report_seq=71 uart_sequence=223052 sensor_raw=4294962396 sensor_converted=4294962396 xiao_rx=1668908183 queue_push=1668908185 core_rx=47817564
BNO_CORE_EVENT kind=4 report_seq=165 uart_sequence=223053 sensor_raw=4294962396 sensor_converted=4294962396 xiao_rx=1668908197 queue_push=1668908199 core_rx=47819198
BNO_CORE_EVENT kind=1 report_seq=240 uart_sequence=223054 sensor_raw=4294965196 sensor_converted=4294965196 xiao_rx=1668910635 queue_push=1668910639 core_rx=47820344
BNO_CORE_EVENT kind=2 report_seq=74 uart_sequence=223057 sensor_raw=4294964996 sensor_converted=4294964996 xiao_rx=1668921793 queue_push=1668921802 core_rx=47827365
BNO_CORE_EVENT kind=3 report_seq=74 uart_sequence=223058 sensor_raw=4294962396 sensor_converted=4294962396 xiao_rx=1668927368 queue_push=1668927372 core_rx=47833398
BNO_CORE_EVENT kind=5 report_seq=72 uart_sequence=223059 sensor_raw=4294962396 sensor_converted=4294962396 xiao_rx=1668927396 queue_push=1668927397 core_rx=47834638
BNO_CORE_EVENT kind=1 report_seq=241 uart_sequence=223060 sensor_raw=4294961696 sensor_converted=4294961696 xiao_rx=1668931439 queue_push=1668931444 core_rx=47837391
BNO_CORE_EVENT kind=2 report_seq=75 uart_sequence=223062 sensor_raw=4294964796 sensor_converted=4294964796 xiao_rx=1668942100 queue_push=1668942107 core_rx=47849367
BNO_CORE_EVENT kind=3 report_seq=75 uart_sequence=223066 sensor_raw=4294962196 sensor_converted=4294962196 xiao_rx=1668951701 queue_push=1668951709 core_rx=47858359
BNO_CORE_EVENT kind=5 report_seq=73 uart_sequence=223067 sensor_raw=4294962196 sensor_converted=4294962196 xiao_rx=1668951735 queue_push=1668951736 core_rx=47859558
BNO_CORE_EVENT kind=4 report_seq=166 uart_sequence=223068 sensor_raw=4294962196 sensor_converted=4294962196 xiao_rx=1668951749 queue_push=1668951750 core_rx=47861227
BNO_CORE_EVENT kind=1 report_seq=242 uart_sequence=223069 sensor_raw=4294962696 sensor_converted=4294962696 xiao_rx=1668951757 queue_push=1668951758 core_rx=47862374
BNO_CORE_EVENT kind=1 report_seq=243 uart_sequence=223070 sensor_raw=4294966796 sensor_converted=4294966796 xiao_rx=1668958416 queue_push=1668958422 core_rx=47863933
BNO_CORE_EVENT kind=2 report_seq=76 uart_sequence=223071 sensor_raw=4294964996 sensor_converted=4294964996 xiao_rx=1668962009 queue_push=1668962014 core_rx=47866919
BNO_CORE_EVENT kind=3 report_seq=76 uart_sequence=223073 sensor_raw=4294961996 sensor_converted=4294961996 xiao_rx=1668968155 queue_push=1668968159 core_rx=47873368
BNO_CORE_EVENT kind=5 report_seq=74 uart_sequence=223074 sensor_raw=4294961996 sensor_converted=4294961996 xiao_rx=1668968178 queue_push=1668968179 core_rx=47874577
BNO_CORE_EVENT kind=1 report_seq=244 uart_sequence=223076 sensor_raw=4294966096 sensor_converted=4294966096 xiao_rx=1668973888 queue_push=1668973895 core_rx=47880014
BNO_CORE_EVENT kind=2 report_seq=77 uart_sequence=223078 sensor_raw=4294965196 sensor_converted=4294965196 xiao_rx=1668981759 queue_push=1668981765 core_rx=47887366
BNO_CORE_EVENT kind=3 report_seq=77 uart_sequence=223080 sensor_raw=4294962596 sensor_converted=4294962596 xiao_rx=1668988694 queue_push=1668988701 core_rx=47896396
BNO_CORE_EVENT kind=5 report_seq=75 uart_sequence=223081 sensor_raw=4294962596 sensor_converted=4294962596 xiao_rx=1668988725 queue_push=1668988727 core_rx=47899029
BNO_CORE_EVENT kind=4 report_seq=167 uart_sequence=223082 sensor_raw=4294962596 sensor_converted=4294962596 xiao_rx=1668988739 queue_push=1668988741 core_rx=47900084
BNO_CORE_EVENT kind=1 report_seq=245 uart_sequence=223083 sensor_raw=4294963696 sensor_converted=4294963696 xiao_rx=1668991171 queue_push=1668991175 core_rx=47901158
BNO_CORE_EVENT kind=2 report_seq=78 uart_sequence=223087 sensor_raw=4294964096 sensor_converted=4294964096 xiao_rx=1669002667 queue_push=1669002674 core_rx=47908359
BNO_CORE_EVENT kind=3 report_seq=78 uart_sequence=223089 sensor_raw=4294961496 sensor_converted=4294961496 xiao_rx=1669009171 queue_push=1669009178 core_rx=47914355
BNO_CORE_EVENT kind=5 report_seq=76 uart_sequence=223090 sensor_raw=4294961496 sensor_converted=4294961496 xiao_rx=1669009201 queue_push=1669009202 core_rx=47917057
BNO_CORE_EVENT kind=1 report_seq=246 uart_sequence=223091 sensor_raw=4294965496 sensor_converted=4294965496 xiao_rx=1669009209 queue_push=1669009211 core_rx=47918241
BNO_CORE_EVENT kind=1 report_seq=247 uart_sequence=223094 sensor_raw=4294966396 sensor_converted=4294966396 xiao_rx=1669020416 queue_push=1669020421 core_rx=47929384
BNO_CORE_EVENT kind=2 report_seq=79 uart_sequence=223095 sensor_raw=4294963896 sensor_converted=4294963896 xiao_rx=1669023994 queue_push=1669023999 core_rx=47932430
BNO_CORE_EVENT kind=3 report_seq=79 uart_sequence=223096 sensor_raw=4294963896 sensor_converted=4294963896 xiao_rx=1669024015 queue_push=1669024016 core_rx=47933601
BNO_CORE_EVENT kind=5 report_seq=77 uart_sequence=223097 sensor_raw=4294960196 sensor_converted=4294960196 xiao_rx=1669029764 queue_push=1669029775 core_rx=47936380
BNO_CORE_EVENT kind=4 report_seq=168 uart_sequence=223098 sensor_raw=4294960196 sensor_converted=4294960196 xiao_rx=1669029795 queue_push=1669029798 core_rx=47937534
BNO_CORE_EVENT kind=1 report_seq=248 uart_sequence=223099 sensor_raw=4294966796 sensor_converted=4294966796 xiao_rx=1669036677 queue_push=1669036680 core_rx=47942398
BNO_CORE_EVENT kind=2 report_seq=80 uart_sequence=223102 sensor_raw=4294964396 sensor_converted=4294964396 xiao_rx=1669042182 queue_push=1669042192 core_rx=47953395
BNO_CORE_EVENT kind=3 report_seq=80 uart_sequence=223103 sensor_raw=4294961896 sensor_converted=4294961896 xiao_rx=1669047065 queue_push=1669047069 core_rx=47956032
BNO_CORE_EVENT kind=5 report_seq=78 uart_sequence=223104 sensor_raw=4294961896 sensor_converted=4294961896 xiao_rx=1669047092 queue_push=1669047094 core_rx=47957103
BNO_CORE_EVENT kind=1 report_seq=249 uart_sequence=223107 sensor_raw=4294965196 sensor_converted=4294965196 xiao_rx=1669055740 queue_push=1669055746 core_rx=47963338
BNO_CORE_EVENT kind=2 report_seq=81 uart_sequence=223108 sensor_raw=4294964996 sensor_converted=4294964996 xiao_rx=1669061699 queue_push=1669061705 core_rx=47967382
BNO_CORE_EVENT kind=3 report_seq=81 uart_sequence=223109 sensor_raw=4294962396 sensor_converted=4294962396 xiao_rx=1669068171 queue_push=1669068178 core_rx=47976399
BNO_CORE_EVENT kind=5 report_seq=79 uart_sequence=223110 sensor_raw=4294962396 sensor_converted=4294962396 xiao_rx=1669068200 queue_push=1669068202 core_rx=47979080
BNO_CORE_EVENT kind=4 report_seq=169 uart_sequence=223112 sensor_raw=4294962396 sensor_converted=4294962396 xiao_rx=1669068214 queue_push=1669068216 core_rx=47983732
BNO_CORE_EVENT kind=1 report_seq=250 uart_sequence=223113 sensor_raw=4294963496 sensor_converted=4294963496 xiao_rx=1669070626 queue_push=1669070628 core_rx=47984825
BNO_CORE_EVENT kind=2 report_seq=82 uart_sequence=223117 sensor_raw=4294964996 sensor_converted=4294964996 xiao_rx=1669081783 queue_push=1669081793 core_rx=47992991
BNO_CORE_EVENT kind=3 report_seq=82 uart_sequence=223118 sensor_raw=4294962596 sensor_converted=4294962596 xiao_rx=1669087582 queue_push=1669087585 core_rx=47994570
BNO_CORE_EVENT kind=5 report_seq=80 uart_sequence=223119 sensor_raw=4294962596 sensor_converted=4294962596 xiao_rx=1669087602 queue_push=1669087603 core_rx=47996389
BNO_CORE_EVENT kind=1 report_seq=251 uart_sequence=223120 sensor_raw=4294965696 sensor_converted=4294965696 xiao_rx=1669087610 queue_push=1669087611 core_rx=47997598
BNO_CORE_EVENT kind=1 report_seq=252 uart_sequence=223121 sensor_raw=4294966296 sensor_converted=4294966296 xiao_rx=1669099870 queue_push=1669099875 core_rx=48005401
BNO_CORE_EVENT kind=2 report_seq=83 uart_sequence=223125 sensor_raw=4294964096 sensor_converted=4294964096 xiao_rx=1669109554 queue_push=1669109561 core_rx=48018390
BNO_CORE_EVENT kind=3 report_seq=83 uart_sequence=223126 sensor_raw=4294964096 sensor_converted=4294964096 xiao_rx=1669109584 queue_push=1669109586 core_rx=48019905
BNO_CORE_EVENT kind=5 report_seq=81 uart_sequence=223127 sensor_raw=4294954296 sensor_converted=4294954296 xiao_rx=1669112942 queue_push=1669112945 core_rx=48021547
BNO_CORE_EVENT kind=4 report_seq=170 uart_sequence=223128 sensor_raw=4294954296 sensor_converted=4294954296 xiao_rx=1669112960 queue_push=1669112961 core_rx=48022685
BNO_CORE_EVENT kind=1 report_seq=253 uart_sequence=223130 sensor_raw=4294966096 sensor_converted=4294966096 xiao_rx=1669119342 queue_push=1669119348 core_rx=48026375
BNO_CORE_EVENT kind=2 report_seq=84 uart_sequence=223131 sensor_raw=4294964796 sensor_converted=4294964796 xiao_rx=1669123047 queue_push=1669123053 core_rx=48029362
BNO_CORE_EVENT kind=3 report_seq=84 uart_sequence=223133 sensor_raw=4294961096 sensor_converted=4294961096 xiao_rx=1669129763 queue_push=1669129768 core_rx=48035388
BNO_CORE_EVENT kind=5 report_seq=82 uart_sequence=223134 sensor_raw=4294961096 sensor_converted=4294961096 xiao_rx=1669129792 queue_push=1669129794 core_rx=48036634
BNO_CORE_EVENT kind=1 report_seq=254 uart_sequence=223135 sensor_raw=4294964096 sensor_converted=4294964096 xiao_rx=1669134724 queue_push=1669134728 core_rx=48039896
BNO_CORE_EVENT kind=2 report_seq=85 uart_sequence=223139 sensor_raw=4294964996 sensor_converted=4294964996 xiao_rx=1669142193 queue_push=1669142212 core_rx=48054058
BNO_CORE_EVENT kind=3 report_seq=85 uart_sequence=223140 sensor_raw=4294962396 sensor_converted=4294962396 xiao_rx=1669147289 queue_push=1669147292 core_rx=48056750
BNO_CORE_EVENT kind=5 report_seq=83 uart_sequence=223141 sensor_raw=4294962396 sensor_converted=4294962396 xiao_rx=1669147312 queue_push=1669147314 core_rx=48057916
BNO_CORE_EVENT kind=4 report_seq=171 uart_sequence=223142 sensor_raw=4294962396 sensor_converted=4294962396 xiao_rx=1669147325 queue_push=1669147326 core_rx=48058996
BNO_CORE_EVENT kind=1 report_seq=255 uart_sequence=223143 sensor_raw=4294963296 sensor_converted=4294963296 xiao_rx=1669154607 queue_push=1669154612 core_rx=48061353
BNO_CORE_EVENT kind=2 report_seq=86 uart_sequence=223145 sensor_raw=4294964996 sensor_converted=4294964996 xiao_rx=1669161687 queue_push=1669161695 core_rx=48067333
BNO_CORE_EVENT kind=3 report_seq=86 uart_sequence=223146 sensor_raw=4294962396 sensor_converted=4294962396 xiao_rx=1669167239 queue_push=1669167244 core_rx=48072387
BNO_CORE_EVENT kind=5 report_seq=84 uart_sequence=223147 sensor_raw=4294962396 sensor_converted=4294962396 xiao_rx=1669167266 queue_push=1669167268 core_rx=48073593
BNO_CORE_EVENT kind=1 report_seq=0 uart_sequence=223149 sensor_raw=4294959196 sensor_converted=4294959196 xiao_rx=1669171012 queue_push=1669171017 core_rx=48079019
BNO_CORE_EVENT kind=1 report_seq=1 uart_sequence=223152 sensor_raw=4294966796 sensor_converted=4294966796 xiao_rx=1669178576 queue_push=1669178582 core_rx=48085405
BNO_CORE_EVENT kind=4 report_seq=172 uart_sequence=223154 sensor_raw=4294965196 sensor_converted=4294965196 xiao_rx=1669182092 queue_push=1669182097 core_rx=48092926
BNO_CORE_EVENT kind=2 report_seq=87 uart_sequence=223155 sensor_raw=4294961896 sensor_converted=4294961896 xiao_rx=1669187861 queue_push=1669187865 core_rx=48095010
BNO_CORE_EVENT kind=3 report_seq=87 uart_sequence=223156 sensor_raw=4294961896 sensor_converted=4294961896 xiao_rx=1669187881 queue_push=1669187883 core_rx=48096065
BNO_CORE_EVENT kind=5 report_seq=85 uart_sequence=223157 sensor_raw=4294961896 sensor_converted=4294961896 xiao_rx=1669187893 queue_push=1669187895 core_rx=48097112
BNO_CORE_EVENT kind=1 report_seq=2 uart_sequence=223158 sensor_raw=4294966796 sensor_converted=4294966796 xiao_rx=1669196036 queue_push=1669196042 core_rx=48101389
BNO_CORE_EVENT kind=2 report_seq=88 uart_sequence=223160 sensor_raw=4294964996 sensor_converted=4294964996 xiao_rx=1669201625 queue_push=1669201629 core_rx=48107405
XIAO UART baud=921600 rx=GPIO8 tx=GPIO9 bytes=855196 frames=454 bytes_s=38452 frames_s=378 crc/cobs/len=0/0/0 seqgap=0 age_ms=0 type=5 log=1 q=1 rec=93 final=0
RXDIAG max_us=6428 budget_hits=0 byte/frame/time=0/0/0 rx_buf_max=481 loop_period_max_us=730062 loop_exec_max_us=727693 free_heap=138544 min_free_heap=138360 reset_reason=0 bno_kind_1to5_s=63/50/50/25/50 queue=1 high=14 drops=0
RXDETAIL service_calls=37122 service_bytes_avg=23 service_bytes_max=481 service_frames_avg=0 service_frames_avg_x1000=175 service_frames_max=5 service_bytes_s=38368 service_frames_s=377 rxbuf_full_obs=0 bno_valid=287 bno_invalid=0 unknown=0 uart_overflow=framework_unavailable trial_rx_bytes=45884 trial_frames=452 trial_bno=287 trial_crc/cobs/len=0/0/0
RXTASK mode=decode_count read_calls=37123 zero_reads=29517 read_bytes_max=481 rx_task_max_us=6428 rx_task_continuous_max_us=6428 stack_hwm_min_bytes=4472 cobs_delimiters=6529 rx_current=120 rx_max=481 rx_full=0 overflow=framework_unavailable
BNO_CORE_EVENT kind=3 report_seq=88 uart_sequence=223164 sensor_raw=4294962596 sensor_converted=4294962596 xiao_rx=1669210134 queue_push=1669210141 core_rx=48120341
BNO_CORE_EVENT kind=5 report_seq=86 uart_sequence=223165 sensor_raw=4294962596 sensor_converted=4294962596 xiao_rx=1669210166 queue_push=1669210167 core_rx=48121614
SDTASK max_process_us=121113
BNO_CORE_EVENT kind=1 report_seq=3 uart_sequence=223166 sensor_raw=4294963896 sensor_converted=4294963896 xiao_rx=1669213400 queue_push=1669213404 core_rx=48123677
BNO_CORE_EVENT kind=2 report_seq=89 uart_sequence=223169 sensor_raw=4294964996 sensor_converted=4294964996 xiao_rx=1669221953 queue_push=1669221962 core_rx=48127926
BNO_CORE_EVENT kind=3 report_seq=89 uart_sequence=223170 sensor_raw=4294962396 sensor_converted=4294962396 xiao_rx=1669229284 queue_push=1669229288 core_rx=48137434
BNO_CORE_EVENT kind=5 report_seq=87 uart_sequence=223171 sensor_raw=4294962396 sensor_converted=4294962396 xiao_rx=1669229306 queue_push=1669229308 core_rx=48139641
BNO_CORE_EVENT kind=4 report_seq=173 uart_sequence=223172 sensor_raw=4294962396 sensor_converted=4294962396 xiao_rx=1669229319 queue_push=1669229320 core_rx=48140913
BNO_CORE_EVENT kind=1 report_seq=4 uart_sequence=223173 sensor_raw=4294960896 sensor_converted=4294960896 xiao_rx=1669231721 queue_push=1669231722 core_rx=48141991
BNO_CORE_EVENT kind=2 report_seq=90 uart_sequence=223178 sensor_raw=4294964596 sensor_converted=4294964596 xiao_rx=1669241872 queue_push=1669241882 core_rx=48153356
BNO_CORE_EVENT kind=3 report_seq=90 uart_sequence=223179 sensor_raw=4294961996 sensor_converted=4294961996 xiao_rx=1669247683 queue_push=1669247686 core_rx=48156059
BNO_CORE_EVENT kind=5 report_seq=88 uart_sequence=223180 sensor_raw=4294961996 sensor_converted=4294961996 xiao_rx=1669247709 queue_push=1669247711 core_rx=48158361
BNO_CORE_EVENT kind=1 report_seq=5 uart_sequence=223181 sensor_raw=4294963796 sensor_converted=4294963796 xiao_rx=1669247718 queue_push=1669247719 core_rx=48159421
BNO_CORE_EVENT kind=1 report_seq=6 uart_sequence=223182 sensor_raw=4294966796 sensor_converted=4294966796 xiao_rx=1669258208 queue_push=1669258215 core_rx=48163381
BNO_CORE_EVENT kind=4 report_seq=174 uart_sequence=223183 sensor_raw=4294965196 sensor_converted=4294965196 xiao_rx=1669261046 queue_push=1669261049 core_rx=48166381
BNO_CORE_EVENT kind=2 report_seq=91 uart_sequence=223184 sensor_raw=4294962796 sensor_converted=4294962796 xiao_rx=1669265791 queue_push=1669265795 core_rx=48171412
BNO_CORE_EVENT kind=3 report_seq=91 uart_sequence=223185 sensor_raw=4294962796 sensor_converted=4294962796 xiao_rx=1669265812 queue_push=1669265813 core_rx=48174029
BNO_CORE_EVENT kind=5 report_seq=89 uart_sequence=223189 sensor_raw=4294957996 sensor_converted=4294957996 xiao_rx=1669275082 queue_push=1669275089 core_rx=48185329
BNO_CORE_EVENT kind=1 report_seq=7 uart_sequence=223190 sensor_raw=4294962296 sensor_converted=4294962296 xiao_rx=1669278921 queue_push=1669278924 core_rx=48186518
BNO_CORE_EVENT kind=2 report_seq=92 uart_sequence=223192 sensor_raw=4294964796 sensor_converted=4294964796 xiao_rx=1669283422 queue_push=1669283426 core_rx=48188971
BNO_CORE_EVENT kind=3 report_seq=92 uart_sequence=223194 sensor_raw=4294960896 sensor_converted=4294960896 xiao_rx=1669289040 queue_push=1669289049 core_rx=48193884
BNO_CORE_EVENT kind=5 report_seq=90 uart_sequence=223195 sensor_raw=4294960896 sensor_converted=4294960896 xiao_rx=1669289075 queue_push=1669289077 core_rx=48196033
BNO_CORE_EVENT kind=1 report_seq=8 uart_sequence=223196 sensor_raw=4294964096 sensor_converted=4294964096 xiao_rx=1669293141 queue_push=1669293145 core_rx=48198356
BNO_CORE_EVENT kind=2 report_seq=93 uart_sequence=223197 sensor_raw=4294965196 sensor_converted=4294965196 xiao_rx=1669301650 queue_push=1669301655 core_rx=48207407
BNO_CORE_EVENT kind=3 report_seq=93 uart_sequence=223201 sensor_raw=4294962596 sensor_converted=4294962596 xiao_rx=1669310999 queue_push=1669311007 core_rx=48219983
BNO_CORE_EVENT kind=5 report_seq=91 uart_sequence=223202 sensor_raw=4294962596 sensor_converted=4294962596 xiao_rx=1669311034 queue_push=1669311035 core_rx=48221554
BNO_CORE_EVENT kind=4 report_seq=175 uart_sequence=223203 sensor_raw=4294962596 sensor_converted=4294962596 xiao_rx=1669311048 queue_push=1669311049 core_rx=48223235
BNO_CORE_EVENT kind=1 report_seq=9 uart_sequence=223204 sensor_raw=4294957796 sensor_converted=4294957796 xiao_rx=1669314839 queue_push=1669314843 core_rx=48224422
BNO_CORE_EVENT kind=2 report_seq=94 uart_sequence=223206 sensor_raw=4294964796 sensor_converted=4294964796 xiao_rx=1669322663 queue_push=1669322671 core_rx=48228002
BNO_CORE_EVENT kind=3 report_seq=94 uart_sequence=223207 sensor_raw=4294961696 sensor_converted=4294961696 xiao_rx=1669329137 queue_push=1669329140 core_rx=48234413
BNO_CORE_EVENT kind=5 report_seq=92 uart_sequence=223208 sensor_raw=4294961696 sensor_converted=4294961696 xiao_rx=1669329163 queue_push=1669329165 core_rx=48237403
BNO_CORE_EVENT kind=1 report_seq=10 uart_sequence=223209 sensor_raw=4294961996 sensor_converted=4294961996 xiao_rx=1669329172 queue_push=1669329173 core_rx=48238537
BNO_CORE_EVENT kind=1 report_seq=11 uart_sequence=223211 sensor_raw=4294966796 sensor_converted=4294966796 xiao_rx=1669337668 queue_push=1669337674 core_rx=48244462
BNO_CORE_EVENT kind=4 report_seq=176 uart_sequence=223215 sensor_raw=4294965196 sensor_converted=4294965196 xiao_rx=1669342117 queue_push=1669342124 core_rx=48253362
BNO_CORE_EVENT kind=2 report_seq=95 uart_sequence=223216 sensor_raw=4294961896 sensor_converted=4294961896 xiao_rx=1669347904 queue_push=1669347909 core_rx=48255344
BNO_CORE_EVENT kind=3 report_seq=95 uart_sequence=223217 sensor_raw=4294961896 sensor_converted=4294961896 xiao_rx=1669347933 queue_push=1669347934 core_rx=48256400
BNO_CORE_EVENT kind=5 report_seq=93 uart_sequence=223218 sensor_raw=4294961896 sensor_converted=4294961896 xiao_rx=1669347944 queue_push=1669347946 core_rx=48257470
BNO_CORE_EVENT kind=1 report_seq=12 uart_sequence=223219 sensor_raw=4294965896 sensor_converted=4294965896 xiao_rx=1669354460 queue_push=1669354489 core_rx=48260507
BNO_CORE_EVENT kind=2 report_seq=96 uart_sequence=223220 sensor_raw=4294964596 sensor_converted=4294964596 xiao_rx=1669361795 queue_push=1669361799 core_rx=48267388
BNO_CORE_EVENT kind=3 report_seq=96 uart_sequence=223221 sensor_raw=4294961996 sensor_converted=4294961996 xiao_rx=1669367221 queue_push=1669367226 core_rx=48272406
BNO_CORE_EVENT kind=5 report_seq=94 uart_sequence=223222 sensor_raw=4294961996 sensor_converted=4294961996 xiao_rx=1669367250 queue_push=1669367252 core_rx=48275127
BNO_CORE_EVENT kind=1 report_seq=13 uart_sequence=223225 sensor_raw=4294964996 sensor_converted=4294964996 xiao_rx=1669375963 queue_push=1669375969 core_rx=48282376
BNO_CORE_EVENT kind=2 report_seq=97 uart_sequence=223228 sensor_raw=4294964996 sensor_converted=4294964996 xiao_rx=1669381646 queue_push=1669381651 core_rx=48287372
BNO_CORE_EVENT kind=3 report_seq=97 uart_sequence=223229 sensor_raw=4294962396 sensor_converted=4294962396 xiao_rx=1669388175 queue_push=1669388182 core_rx=48296393
BNO_CORE_EVENT kind=5 report_seq=95 uart_sequence=223230 sensor_raw=4294962396 sensor_converted=4294962396 xiao_rx=1669388203 queue_push=1669388205 core_rx=48299060
BNO_CORE_EVENT kind=4 report_seq=177 uart_sequence=223231 sensor_raw=4294962396 sensor_converted=4294962396 xiao_rx=1669388217 queue_push=1669388218 core_rx=48300248
BNO_CORE_EVENT kind=1 report_seq=14 uart_sequence=223232 sensor_raw=4294959696 sensor_converted=4294959696 xiao_rx=1669390645 queue_push=1669390647 core_rx=48301296
BNO_CORE_EVENT kind=1 report_seq=15 uart_sequence=223234 sensor_raw=4294966396 sensor_converted=4294966396 xiao_rx=1669400375 queue_push=1669400381 core_rx=48306402
BNO_CORE_EVENT kind=2 report_seq=98 uart_sequence=223238 sensor_raw=4294963896 sensor_converted=4294963896 xiao_rx=1669408927 queue_push=1669408934 core_rx=48317973
BNO_CORE_EVENT kind=3 report_seq=98 uart_sequence=223239 sensor_raw=4294963896 sensor_converted=4294963896 xiao_rx=1669408959 queue_push=1669408961 core_rx=48319518
BNO_CORE_EVENT kind=5 report_seq=96 uart_sequence=223240 sensor_raw=4294955196 sensor_converted=4294955196 xiao_rx=1669411435 queue_push=1669411438 core_rx=48320579
BNO_CORE_EVENT kind=1 report_seq=16 uart_sequence=223242 sensor_raw=4294966796 sensor_converted=4294966796 xiao_rx=1669418439 queue_push=1669418446 core_rx=48324388
BNO_CORE_EVENT kind=4 report_seq=178 uart_sequence=223243 sensor_raw=4294964796 sensor_converted=4294964796 xiao_rx=1669422029 queue_push=1669422033 core_rx=48327359
BNO_CORE_EVENT kind=2 report_seq=99 uart_sequence=223245 sensor_raw=4294961896 sensor_converted=4294961896 xiao_rx=1669429583 queue_push=1669429588 core_rx=48335389
BNO_CORE_EVENT kind=3 report_seq=99 uart_sequence=223246 sensor_raw=4294961896 sensor_converted=4294961896 xiao_rx=1669429609 queue_push=1669429611 core_rx=48338048
BNO_CORE_EVENT kind=5 report_seq=97 uart_sequence=223247 sensor_raw=4294961896 sensor_converted=4294961896 xiao_rx=1669429620 queue_push=1669429621 core_rx=48339149
BNO_CORE_EVENT kind=1 report_seq=17 uart_sequence=223249 sensor_raw=4294964996 sensor_converted=4294964996 xiao_rx=1669435460 queue_push=1669435489 core_rx=48343051
BNO_CORE_EVENT kind=2 report_seq=100 uart_sequence=223252 sensor_raw=4294964996 sensor_converted=4294964996 xiao_rx=1669441717 queue_push=1669441727 core_rx=48355385
BNO_CORE_EVENT kind=3 report_seq=100 uart_sequence=223253 sensor_raw=4294962396 sensor_converted=4294962396 xiao_rx=1669446620 queue_push=1669446623 core_rx=48358060
BNO_CORE_EVENT kind=5 report_seq=98 uart_sequence=223254 sensor_raw=4294962396 sensor_converted=4294962396 xiao_rx=1669446647 queue_push=1669446648 core_rx=48359222
BNO_CORE_EVENT kind=1 report_seq=18 uart_sequence=223255 sensor_raw=4294964596 sensor_converted=4294964596 xiao_rx=1669449091 queue_push=1669449094 core_rx=48360274
BNO_CORE_EVENT kind=2 report_seq=101 uart_sequence=223257 sensor_raw=4294964996 sensor_converted=4294964996 xiao_rx=1669461737 queue_push=1669461747 core_rx=48367373
BNO_CORE_EVENT kind=3 report_seq=101 uart_sequence=223259 sensor_raw=4294962396 sensor_converted=4294962396 xiao_rx=1669469075 queue_push=1669469082 core_rx=48375351
BNO_CORE_EVENT kind=5 report_seq=99 uart_sequence=223260 sensor_raw=4294962396 sensor_converted=4294962396 xiao_rx=1669469108 queue_push=1669469109 core_rx=48376526
BNO_CORE_EVENT kind=4 report_seq=179 uart_sequence=223261 sensor_raw=4294962396 sensor_converted=4294962396 xiao_rx=1669469122 queue_push=1669469123 core_rx=48378369
BNO_CORE_EVENT kind=1 report_seq=19 uart_sequence=223262 sensor_raw=4294965296 sensor_converted=4294965296 xiao_rx=1669469130 queue_push=1669469132 core_rx=48379614
BNO_CORE_EVENT kind=1 report_seq=20 uart_sequence=223266 sensor_raw=4294966296 sensor_converted=4294966296 xiao_rx=1669479790 queue_push=1669479798 core_rx=48393395
BNO_CORE_EVENT kind=2 report_seq=102 uart_sequence=223267 sensor_raw=4294964096 sensor_converted=4294964096 xiao_rx=1669483500 queue_push=1669483510 core_rx=48396013
BNO_CORE_EVENT kind=3 report_seq=102 uart_sequence=223268 sensor_raw=4294964096 sensor_converted=4294964096 xiao_rx=1669483541 queue_push=1669483543 core_rx=48397075
BNO_CORE_EVENT kind=5 report_seq=100 uart_sequence=223269 sensor_raw=4294960396 sensor_converted=4294960396 xiao_rx=1669487314 queue_push=1669487324 core_rx=48398129
BNO_CORE_EVENT kind=1 report_seq=21 uart_sequence=223270 sensor_raw=4294966796 sensor_converted=4294966796 xiao_rx=1669495644 queue_push=1669495652 core_rx=48401368
BNO_CORE_EVENT kind=2 report_seq=103 uart_sequence=223271 sensor_raw=4294964996 sensor_converted=4294964996 xiao_rx=1669501634 queue_push=1669501638 core_rx=48407391
BNO_CORE_EVENT kind=3 report_seq=103 uart_sequence=223274 sensor_raw=4294962596 sensor_converted=4294962596 xiao_rx=1669508627 queue_push=1669508635 core_rx=48415441
BNO_CORE_EVENT kind=5 report_seq=101 uart_sequence=223275 sensor_raw=4294962596 sensor_converted=4294962596 xiao_rx=1669508659 queue_push=1669508661 core_rx=48417901
BNO_CORE_EVENT kind=4 report_seq=180 uart_sequence=223276 sensor_raw=4294962596 sensor_converted=4294962596 xiao_rx=1669508673 queue_push=1669508675 core_rx=48419131
BNO_CORE_EVENT kind=1 report_seq=22 uart_sequence=223277 sensor_raw=4294963296 sensor_converted=4294963296 xiao_rx=1669514507 queue_push=1669514511 core_rx=48421365
BNO_CORE_EVENT kind=2 report_seq=104 uart_sequence=223280 sensor_raw=4294964996 sensor_converted=4294964996 xiao_rx=1669521723 queue_push=1669521731 core_rx=48427353
BNO_CORE_EVENT kind=3 report_seq=104 uart_sequence=223282 sensor_raw=4294962396 sensor_converted=4294962396 xiao_rx=1669529061 queue_push=1669529065 core_rx=48437381
BNO_CORE_EVENT kind=5 report_seq=102 uart_sequence=223283 sensor_raw=4294962396 sensor_converted=4294962396 xiao_rx=1669529089 queue_push=1669529091 core_rx=48440043
BNO_CORE_EVENT kind=1 report_seq=23 uart_sequence=223284 sensor_raw=4294961896 sensor_converted=4294961896 xiao_rx=1669531504 queue_push=1669531506 core_rx=48441122
BNO_CORE_EVENT kind=2 report_seq=105 uart_sequence=223287 sensor_raw=4294964596 sensor_converted=4294964596 xiao_rx=1669541946 queue_push=1669541956 core_rx=48453386
BNO_CORE_EVENT kind=3 report_seq=105 uart_sequence=223288 sensor_raw=4294962196 sensor_converted=4294962196 xiao_rx=1669547107 queue_push=1669547110 core_rx=48456069
BNO_CORE_EVENT kind=5 report_seq=103 uart_sequence=223289 sensor_raw=4294962196 sensor_converted=4294962196 xiao_rx=1669547134 queue_push=1669547135 core_rx=48457260
BNO_CORE_EVENT kind=4 report_seq=181 uart_sequence=223290 sensor_raw=4294962196 sensor_converted=4294962196 xiao_rx=1669547147 queue_push=1669547149 core_rx=48458350
BNO_CORE_EVENT kind=1 report_seq=24 uart_sequence=223292 sensor_raw=4294959096 sensor_converted=4294959096 xiao_rx=1669554422 queue_push=1669554430 core_rx=48461333
BNO_CORE_EVENT kind=1 report_seq=25 uart_sequence=223295 sensor_raw=4294966596 sensor_converted=4294966596 xiao_rx=1669559720 queue_push=1669559724 core_rx=48465412
BNO_CORE_EVENT kind=2 report_seq=106 uart_sequence=223296 sensor_raw=4294964096 sensor_converted=4294964096 xiao_rx=1669563678 queue_push=1669563682 core_rx=48468366
BNO_CORE_EVENT kind=3 report_seq=106 uart_sequence=223298 sensor_raw=4294959996 sensor_converted=4294959996 xiao_rx=1669569249 queue_push=1669569265 core_rx=48478203
BNO_CORE_EVENT kind=5 report_seq=104 uart_sequence=223299 sensor_raw=4294959996 sensor_converted=4294959996 xiao_rx=1669569304 queue_push=1669569306 core_rx=48479404
BNO_CORE_EVENT kind=1 report_seq=26 uart_sequence=223300 sensor_raw=4294966796 sensor_converted=4294966796 xiao_rx=1669576053 queue_push=1669576056 core_rx=48481363
BNO_CORE_EVENT kind=2 report_seq=107 uart_sequence=223304 sensor_raw=4294964996 sensor_converted=4294964996 xiao_rx=1669581990 queue_push=1669582002 core_rx=48493359
BNO_CORE_EVENT kind=3 report_seq=107 uart_sequence=223305 sensor_raw=4294962196 sensor_converted=4294962196 xiao_rx=1669587779 queue_push=1669587782 core_rx=48496097
BNO_CORE_EVENT kind=5 report_seq=105 uart_sequence=223306 sensor_raw=4294962196 sensor_converted=4294962196 xiao_rx=1669587800 queue_push=1669587802 core_rx=48497272
BNO_CORE_EVENT kind=4 report_seq=182 uart_sequence=223307 sensor_raw=4294962196 sensor_converted=4294962196 xiao_rx=1669587811 queue_push=1669587813 core_rx=48499380
BNO_CORE_EVENT kind=1 report_seq=27 uart_sequence=223308 sensor_raw=4294965696 sensor_converted=4294965696 xiao_rx=1669594420 queue_push=1669594425 core_rx=48501376
BNO_CORE_EVENT kind=2 report_seq=108 uart_sequence=223310 sensor_raw=4294964396 sensor_converted=4294964396 xiao_rx=1669602046 queue_push=1669602052 core_rx=48508382
BNO_CORE_EVENT kind=3 report_seq=108 uart_sequence=223313 sensor_raw=4294961696 sensor_converted=4294961696 xiao_rx=1669608579 queue_push=1669608586 core_rx=48516394
BNO_CORE_EVENT kind=5 report_seq=106 uart_sequence=223314 sensor_raw=4294961696 sensor_converted=4294961696 xiao_rx=1669608610 queue_push=1669608611 core_rx=48519104
BNO_CORE_EVENT kind=1 report_seq=28 uart_sequence=223315 sensor_raw=4294961696 sensor_converted=4294961696 xiao_rx=1669611087 queue_push=1669611091 core_rx=48520315
BNO_CORE_EVENT kind=2 report_seq=109 uart_sequence=223318 sensor_raw=4294964796 sensor_converted=4294964796 xiao_rx=1669621882 queue_push=1669621891 core_rx=48527374
BNO_CORE_EVENT kind=3 report_seq=109 uart_sequence=223319 sensor_raw=4294962196 sensor_converted=4294962196 xiao_rx=1669629031 queue_push=1669629035 core_rx=48534383
BNO_CORE_EVENT kind=5 report_seq=107 uart_sequence=223320 sensor_raw=4294962196 sensor_converted=4294962196 xiao_rx=1669629061 queue_push=1669629062 core_rx=48537060
BNO_CORE_EVENT kind=4 report_seq=183 uart_sequence=223321 sensor_raw=4294962196 sensor_converted=4294962196 xiao_rx=1669629073 queue_push=1669629075 core_rx=48538265
BNO_CORE_EVENT kind=1 report_seq=29 uart_sequence=223323 sensor_raw=4294963196 sensor_converted=4294963196 xiao_rx=1669629082 queue_push=1669629083 core_rx=48542505
BNO_CORE_EVENT kind=1 report_seq=30 uart_sequence=223325 sensor_raw=4294966796 sensor_converted=4294966796 xiao_rx=1669639127 queue_push=1669639132 core_rx=48546332
BNO_CORE_EVENT kind=2 report_seq=110 uart_sequence=223327 sensor_raw=4294964796 sensor_converted=4294964796 xiao_rx=1669642118 queue_push=1669642124 core_rx=48552381
BNO_CORE_EVENT kind=3 report_seq=110 uart_sequence=223328 sensor_raw=4294961996 sensor_converted=4294961996 xiao_rx=1669647003 queue_push=1669647006 core_rx=48554348
BNO_CORE_EVENT kind=5 report_seq=108 uart_sequence=223329 sensor_raw=4294961996 sensor_converted=4294961996 xiao_rx=1669647020 queue_push=1669647022 core_rx=48555394
BNO_CORE_EVENT kind=1 report_seq=31 uart_sequence=223330 sensor_raw=4294966596 sensor_converted=4294966596 xiao_rx=1669654277 queue_push=1669654283 core_rx=48559350
BNO_CORE_EVENT kind=4 report_seq=184 uart_sequence=223331 sensor_raw=4294965296 sensor_converted=4294965296 xiao_rx=1669660820 queue_push=1669660822 core_rx=48565379
BNO_CORE_EVENT kind=2 report_seq=111 uart_sequence=223333 sensor_raw=4294962996 sensor_converted=4294962996 xiao_rx=1669667116 queue_push=1669667123 core_rx=48573356
BNO_CORE_EVENT kind=3 report_seq=111 uart_sequence=223334 sensor_raw=4294962996 sensor_converted=4294962996 xiao_rx=1669667145 queue_push=1669667147 core_rx=48576023
BNO_CORE_EVENT kind=5 report_seq=109 uart_sequence=223335 sensor_raw=4294962996 sensor_converted=4294962996 xiao_rx=1669667158 queue_push=1669667160 core_rx=48577164
BNO_CORE_EVENT kind=1 report_seq=32 uart_sequence=223338 sensor_raw=4294965496 sensor_converted=4294965496 xiao_rx=1669674555 queue_push=1669674563 core_rx=48581210
BNO_CORE_EVENT kind=2 report_seq=112 uart_sequence=223340 sensor_raw=4294964196 sensor_converted=4294964196 xiao_rx=1669681911 queue_push=1669681916 core_rx=48587000
BNO_CORE_EVENT kind=3 report_seq=112 uart_sequence=223341 sensor_raw=4294961696 sensor_converted=4294961696 xiao_rx=1669689098 queue_push=1669689106 core_rx=48594383
BNO_CORE_EVENT kind=5 report_seq=110 uart_sequence=223342 sensor_raw=4294961696 sensor_converted=4294961696 xiao_rx=1669689126 queue_push=1669689127 core_rx=48597000
BNO_CORE_EVENT kind=1 report_seq=33 uart_sequence=223343 sensor_raw=4294966596 sensor_converted=4294966596 xiao_rx=1669689135 queue_push=1669689136 core_rx=48598058
BNO_CORE_EVENT kind=2 report_seq=113 uart_sequence=223348 sensor_raw=4294964796 sensor_converted=4294964796 xiao_rx=1669702088 queue_push=1669702098 core_rx=48614362
BNO_CORE_EVENT kind=3 report_seq=113 uart_sequence=223349 sensor_raw=4294961996 sensor_converted=4294961996 xiao_rx=1669708791 queue_push=1669708794 core_rx=48617052
BNO_CORE_EVENT kind=5 report_seq=111 uart_sequence=223350 sensor_raw=4294961996 sensor_converted=4294961996 xiao_rx=1669708818 queue_push=1669708819 core_rx=48618144
BNO_CORE_EVENT kind=4 report_seq=185 uart_sequence=223351 sensor_raw=4294961996 sensor_converted=4294961996 xiao_rx=1669708831 queue_push=1669708833 core_rx=48619185
BNO_CORE_EVENT kind=1 report_seq=34 uart_sequence=223352 sensor_raw=4294962296 sensor_converted=4294962296 xiao_rx=1669708840 queue_push=1669708841 core_rx=48620671
BNO_CORE_EVENT kind=1 report_seq=35 uart_sequence=223354 sensor_raw=4294966796 sensor_converted=4294966796 xiao_rx=1669717989 queue_push=1669717996 core_rx=48622998
BNO_CORE_EVENT kind=2 report_seq=114 uart_sequence=223357 sensor_raw=4294964396 sensor_converted=4294964396 xiao_rx=1669724396 queue_push=1669724401 core_rx=48629362
BNO_CORE_EVENT kind=3 report_seq=114 uart_sequence=223358 sensor_raw=4294959496 sensor_converted=4294959496 xiao_rx=1669729530 queue_push=1669729536 core_rx=48635394
BNO_CORE_EVENT kind=5 report_seq=112 uart_sequence=223359 sensor_raw=4294959496 sensor_converted=4294959496 xiao_rx=1669729555 queue_push=1669729556 core_rx=48638049
BNO_CORE_EVENT kind=1 report_seq=36 uart_sequence=223361 sensor_raw=4294965696 sensor_converted=4294965696 xiao_rx=1669737020 queue_push=1669737026 core_rx=48642342
BNO_CORE_EVENT kind=4 report_seq=186 uart_sequence=223363 sensor_raw=4294965296 sensor_converted=4294965296 xiao_rx=1669741066 queue_push=1669741077 core_rx=48652428
BNO_CORE_EVENT kind=2 report_seq=115 uart_sequence=223364 sensor_raw=4294962796 sensor_converted=4294962796 xiao_rx=1669746860 queue_push=1669746864 core_rx=48655103
BNO_CORE_EVENT kind=3 report_seq=115 uart_sequence=223365 sensor_raw=4294962796 sensor_converted=4294962796 xiao_rx=1669746882 queue_push=1669746883 core_rx=48656315
BNO_CORE_EVENT kind=5 report_seq=113 uart_sequence=223366 sensor_raw=4294962796 sensor_converted=4294962796 xiao_rx=1669746892 queue_push=1669746894 core_rx=48657364
BNO_CORE_EVENT kind=1 report_seq=37 uart_sequence=223368 sensor_raw=4294964996 sensor_converted=4294964996 xiao_rx=1669756081 queue_push=1669756088 core_rx=48661934
BNO_CORE_EVENT kind=2 report_seq=116 uart_sequence=223370 sensor_raw=4294964196 sensor_converted=4294964196 xiao_rx=1669762532 queue_push=1669762537 core_rx=48671417
BNO_CORE_EVENT kind=3 report_seq=116 uart_sequence=223371 sensor_raw=4294961696 sensor_converted=4294961696 xiao_rx=1669770395 queue_push=1669770404 core_rx=48676402
BNO_CORE_EVENT kind=5 report_seq=114 uart_sequence=223372 sensor_raw=4294961696 sensor_converted=4294961696 xiao_rx=1669770427 queue_push=1669770428 core_rx=48679004
BNO_CORE_EVENT kind=1 report_seq=38 uart_sequence=223373 sensor_raw=4294965096 sensor_converted=4294965096 xiao_rx=1669770435 queue_push=1669770437 core_rx=48680058
BNO_CORE_EVENT kind=1 report_seq=39 uart_sequence=223377 sensor_raw=4294966396 sensor_converted=4294966396 xiao_rx=1669780224 queue_push=1669780228 core_rx=48684848
BNO_CORE_EVENT kind=2 report_seq=117 uart_sequence=223378 sensor_raw=4294963896 sensor_converted=4294963896 xiao_rx=1669784151 queue_push=1669784156 core_rx=48690383
BNO_CORE_EVENT kind=3 report_seq=117 uart_sequence=223379 sensor_raw=4294963896 sensor_converted=4294963896 xiao_rx=1669784181 queue_push=1669784182 core_rx=48691616
BNO_CORE_EVENT kind=5 report_seq=115 uart_sequence=223380 sensor_raw=4294959796 sensor_converted=4294959796 xiao_rx=1669789781 queue_push=1669789786 core_rx=48695374
BNO_CORE_EVENT kind=4 report_seq=187 uart_sequence=223381 sensor_raw=4294959796 sensor_converted=4294959796 xiao_rx=1669789806 queue_push=1669789807 core_rx=48696571
BNO_CORE_EVENT kind=1 report_seq=40 uart_sequence=223383 sensor_raw=4294966596 sensor_converted=4294966596 xiao_rx=1669796413 queue_push=1669796418 core_rx=48704424
BNO_CORE_EVENT kind=2 report_seq=118 uart_sequence=223386 sensor_raw=4294964996 sensor_converted=4294964996 xiao_rx=1669801662 queue_push=1669801672 core_rx=48712955
BNO_CORE_EVENT kind=3 report_seq=118 uart_sequence=223387 sensor_raw=4294962196 sensor_converted=4294962196 xiao_rx=1669806601 queue_push=1669806605 core_rx=48715041
BNO_CORE_EVENT kind=5 report_seq=116 uart_sequence=223388 sensor_raw=4294962196 sensor_converted=4294962196 xiao_rx=1669806628 queue_push=1669806630 core_rx=48716128
BNO_CORE_EVENT kind=1 report_seq=41 uart_sequence=223392 sensor_raw=4294964996 sensor_converted=4294964996 xiao_rx=1669816087 queue_push=1669816093 core_rx=48722338
BNO_CORE_EVENT kind=2 report_seq=119 uart_sequence=223393 sensor_raw=4294964996 sensor_converted=4294964996 xiao_rx=1669821688 queue_push=1669821695 core_rx=48727403
BNO_CORE_EVENT kind=3 report_seq=119 uart_sequence=223397 sensor_raw=4294962396 sensor_converted=4294962396 xiao_rx=1669830662 queue_push=1669830669 core_rx=48739383
BNO_CORE_EVENT kind=5 report_seq=117 uart_sequence=223398 sensor_raw=4294962396 sensor_converted=4294962396 xiao_rx=1669830693 queue_push=1669830695 core_rx=48740933
BNO_CORE_EVENT kind=4 report_seq=188 uart_sequence=223399 sensor_raw=4294962396 sensor_converted=4294962396 xiao_rx=1669830707 queue_push=1669830709 core_rx=48742580
BNO_CORE_EVENT kind=1 report_seq=42 uart_sequence=223400 sensor_raw=4294961696 sensor_converted=4294961696 xiao_rx=1669834245 queue_push=1669834249 core_rx=48743724
BNO_CORE_EVENT kind=2 report_seq=120 uart_sequence=223402 sensor_raw=4294964996 sensor_converted=4294964996 xiao_rx=1669841636 queue_push=1669841644 core_rx=48753408
BNO_CORE_EVENT kind=3 report_seq=120 uart_sequence=223403 sensor_raw=4294962396 sensor_converted=4294962396 xiao_rx=1669847422 queue_push=1669847426 core_rx=48756066
BNO_CORE_EVENT kind=5 report_seq=118 uart_sequence=223404 sensor_raw=4294962396 sensor_converted=4294962396 xiao_rx=1669847442 queue_push=1669847444 core_rx=48758363
BNO_CORE_EVENT kind=1 report_seq=43 uart_sequence=223405 sensor_raw=4294965296 sensor_converted=4294965296 xiao_rx=1669847450 queue_push=1669847452 core_rx=48759424
BNO_CORE_EVENT kind=1 report_seq=44 uart_sequence=223406 sensor_raw=4294966796 sensor_converted=4294966796 xiao_rx=1669858936 queue_push=1669858941 core_rx=48764396
BNO_CORE_EVENT kind=4 report_seq=189 uart_sequence=223409 sensor_raw=4294964596 sensor_converted=4294964596 xiao_rx=1669864595 queue_push=1669864600 core_rx=48772463
BNO_CORE_EVENT kind=2 report_seq=121 uart_sequence=223410 sensor_raw=4294959096 sensor_converted=4294959096 xiao_rx=1669870440 queue_push=1669870450 core_rx=48775883
BNO_CORE_EVENT kind=3 report_seq=121 uart_sequence=223411 sensor_raw=4294959096 sensor_converted=4294959096 xiao_rx=1669870498 queue_push=1669870499 core_rx=48777630
BNO_CORE_EVENT kind=5 report_seq=119 uart_sequence=223412 sensor_raw=4294959096 sensor_converted=4294959096 xiao_rx=1669870511 queue_push=1669870513 core_rx=48779662
BNO_CORE_EVENT kind=1 report_seq=45 uart_sequence=223414 sensor_raw=4294966796 sensor_converted=4294966796 xiao_rx=1669877436 queue_push=1669877441 core_rx=48783407
BNO_CORE_EVENT kind=2 report_seq=122 uart_sequence=223417 sensor_raw=4294964396 sensor_converted=4294964396 xiao_rx=1669882018 queue_push=1669882024 core_rx=48787906
BNO_CORE_EVENT kind=3 report_seq=122 uart_sequence=223418 sensor_raw=4294961696 sensor_converted=4294961696 xiao_rx=1669888239 queue_push=1669888245 core_rx=48793378
BNO_CORE_EVENT kind=5 report_seq=120 uart_sequence=223419 sensor_raw=4294961696 sensor_converted=4294961696 xiao_rx=1669888268 queue_push=1669888270 core_rx=48794614
BNO_CORE_EVENT kind=1 report_seq=46 uart_sequence=223420 sensor_raw=4294964196 sensor_converted=4294964196 xiao_rx=1669894220 queue_push=1669894224 core_rx=48798408
BNO_CORE_EVENT kind=2 report_seq=123 uart_sequence=223424 sensor_raw=4294964996 sensor_converted=4294964996 xiao_rx=1669901640 queue_push=1669901649 core_rx=48811909
BNO_CORE_EVENT kind=3 report_seq=123 uart_sequence=223425 sensor_raw=4294962396 sensor_converted=4294962396 xiao_rx=1669906791 queue_push=1669906794 core_rx=48815355
BNO_CORE_EVENT kind=5 report_seq=121 uart_sequence=223426 sensor_raw=4294962396 sensor_converted=4294962396 xiao_rx=1669906819 queue_push=1669906820 core_rx=48816458
BNO_CORE_EVENT kind=4 report_seq=190 uart_sequence=223427 sensor_raw=4294962396 sensor_converted=4294962396 xiao_rx=1669906831 queue_push=1669906833 core_rx=48817510
BNO_CORE_EVENT kind=1 report_seq=47 uart_sequence=223428 sensor_raw=4294963296 sensor_converted=4294963296 xiao_rx=1669913559 queue_push=1669913567 core_rx=48818894
BNO_CORE_EVENT kind=2 report_seq=124 uart_sequence=223430 sensor_raw=4294964796 sensor_converted=4294964796 xiao_rx=1669921720 queue_push=1669921725 core_rx=48827384
BNO_CORE_EVENT kind=3 report_seq=124 uart_sequence=223433 sensor_raw=4294962196 sensor_converted=4294962196 xiao_rx=1669928393 queue_push=1669928401 core_rx=48838394
BNO_CORE_EVENT kind=5 report_seq=122 uart_sequence=223434 sensor_raw=4294962196 sensor_converted=4294962196 xiao_rx=1669928426 queue_push=1669928428 core_rx=48841005
BNO_CORE_EVENT kind=1 report_seq=48 uart_sequence=223435 sensor_raw=4294957696 sensor_converted=4294957696 xiao_rx=1669932649 queue_push=1669932653 core_rx=48842093
BNO_CORE_EVENT kind=1 report_seq=49 uart_sequence=223438 sensor_raw=4294966796 sensor_converted=4294966796 xiao_rx=1669938826 queue_push=1669938832 core_rx=48846311
BNO_CORE_EVENT kind=2 report_seq=125 uart_sequence=223439 sensor_raw=4294964796 sensor_converted=4294964796 xiao_rx=1669942042 queue_push=1669942047 core_rx=48848343
BNO_CORE_EVENT kind=3 report_seq=125 uart_sequence=223440 sensor_raw=4294961696 sensor_converted=4294961696 xiao_rx=1669949046 queue_push=1669949050 core_rx=48854449
BNO_CORE_EVENT kind=5 report_seq=123 uart_sequence=223441 sensor_raw=4294961696 sensor_converted=4294961696 xiao_rx=1669949071 queue_push=1669949073 core_rx=48857063
BNO_CORE_EVENT kind=4 report_seq=191 uart_sequence=223442 sensor_raw=4294961696 sensor_converted=4294961696 xiao_rx=1669949085 queue_push=1669949087 core_rx=48858366
BNO_CORE_EVENT kind=1 report_seq=50 uart_sequence=223443 sensor_raw=4294966796 sensor_converted=4294966796 xiao_rx=1669955280 queue_push=1669955285 core_rx=48860344
BNO_CORE_EVENT kind=2 report_seq=126 uart_sequence=223445 sensor_raw=4294964996 sensor_converted=4294964996 xiao_rx=1669962639 queue_push=1669962644 core_rx=48873378
BNO_CORE_EVENT kind=3 report_seq=126 uart_sequence=223446 sensor_raw=4294962596 sensor_converted=4294962596 xiao_rx=1669967302 queue_push=1669967305 core_rx=48876033
BNO_CORE_EVENT kind=5 report_seq=124 uart_sequence=223447 sensor_raw=4294962596 sensor_converted=4294962596 xiao_rx=1669967320 queue_push=1669967321 core_rx=48877102
BNO_CORE_EVENT kind=1 report_seq=51 uart_sequence=223450 sensor_raw=4294965496 sensor_converted=4294965496 xiao_rx=1669976434 queue_push=1669976441 core_rx=48883333
BNO_CORE_EVENT kind=4 report_seq=192 uart_sequence=223452 sensor_raw=4294965296 sensor_converted=4294965296 xiao_rx=1669981045 queue_push=1669981050 core_rx=48886389
BNO_CORE_EVENT kind=2 report_seq=127 uart_sequence=223453 sensor_raw=4294962596 sensor_converted=4294962596 xiao_rx=1669986415 queue_push=1669986420 core_rx=48891894
BNO_CORE_EVENT kind=3 report_seq=127 uart_sequence=223454 sensor_raw=4294962596 sensor_converted=4294962596 xiao_rx=1669986439 queue_push=1669986441 core_rx=48893742
BNO_CORE_EVENT kind=5 report_seq=125 uart_sequence=223455 sensor_raw=4294962596 sensor_converted=4294962596 xiao_rx=1669986450 queue_push=1669986452 core_rx=48895171
BNO_CORE_EVENT kind=1 report_seq=52 uart_sequence=223457 sensor_raw=4294962996 sensor_converted=4294962996 xiao_rx=1669993550 queue_push=1669993557 core_rx=48899394
BNO_CORE_EVENT kind=2 report_seq=128 uart_sequence=223461 sensor_raw=4294964796 sensor_converted=4294964796 xiao_rx=1670002039 queue_push=1670002049 core_rx=48913374
BNO_CORE_EVENT kind=3 report_seq=128 uart_sequence=223462 sensor_raw=4294961996 sensor_converted=4294961996 xiao_rx=1670007854 queue_push=1670007858 core_rx=48915113
BNO_CORE_EVENT kind=5 report_seq=126 uart_sequence=223463 sensor_raw=4294961996 sensor_converted=4294961996 xiao_rx=1670007881 queue_push=1670007883 core_rx=48916234
BNO_CORE_EVENT kind=1 report_seq=53 uart_sequence=223464 sensor_raw=4294962996 sensor_converted=4294962996 xiao_rx=1670007889 queue_push=1670007891 core_rx=48918708
BNO_CORE_EVENT kind=1 report_seq=54 uart_sequence=223466 sensor_raw=4294966796 sensor_converted=4294966796 xiao_rx=1670017768 queue_push=1670017774 core_rx=48922371
BNO_CORE_EVENT kind=4 report_seq=193 uart_sequence=223467 sensor_raw=4294965196 sensor_converted=4294965196 xiao_rx=1670021015 queue_push=1670021018 core_rx=48926401
BNO_CORE_EVENT kind=2 report_seq=129 uart_sequence=223470 sensor_raw=4294962796 sensor_converted=4294962796 xiao_rx=1670027678 queue_push=1670027686 core_rx=48936227
BNO_CORE_EVENT kind=3 report_seq=129 uart_sequence=223471 sensor_raw=4294962796 sensor_converted=4294962796 xiao_rx=1670027712 queue_push=1670027714 core_rx=48937376
BNO_CORE_EVENT kind=5 report_seq=127 uart_sequence=223473 sensor_raw=4294955796 sensor_converted=4294955796 xiao_rx=1670035071 queue_push=1670035079 core_rx=48942387
BNO_CORE_EVENT kind=1 report_seq=55 uart_sequence=223475 sensor_raw=4294961696 sensor_converted=4294961696 xiao_rx=1670038534 queue_push=1670038538 core_rx=48945333
BNO_CORE_EVENT kind=2 report_seq=130 uart_sequence=223477 sensor_raw=4294964196 sensor_converted=4294964196 xiao_rx=1670043295 queue_push=1670043300 core_rx=48949387
BNO_CORE_EVENT kind=3 report_seq=130 uart_sequence=223478 sensor_raw=4294960396 sensor_converted=4294960396 xiao_rx=1670048542 queue_push=1670048550 core_rx=48956453
BNO_CORE_EVENT kind=5 report_seq=128 uart_sequence=223479 sensor_raw=4294960396 sensor_converted=4294960396 xiao_rx=1670048576 queue_push=1670048578 core_rx=48959030
BNO_CORE_EVENT kind=1 report_seq=56 uart_sequence=223480 sensor_raw=4294964096 sensor_converted=4294964096 xiao_rx=1670050996 queue_push=1670050998 core_rx=48960137
BNO_CORE_EVENT kind=2 report_seq=131 uart_sequence=223482 sensor_raw=4294965196 sensor_converted=4294965196 xiao_rx=1670061629 queue_push=1670061636 core_rx=48971393
BNO_CORE_EVENT kind=3 report_seq=131 uart_sequence=223483 sensor_raw=4294962596 sensor_converted=4294962596 xiao_rx=1670066783 queue_push=1670066786 core_rx=48972890
BNO_CORE_EVENT kind=5 report_seq=129 uart_sequence=223484 sensor_raw=4294962596 sensor_converted=4294962596 xiao_rx=1670066804 queue_push=1670066806 core_rx=48974593
BNO_CORE_EVENT kind=4 report_seq=194 uart_sequence=223485 sensor_raw=4294962596 sensor_converted=4294962596 xiao_rx=1670066815 queue_push=1670066816 core_rx=48976702
BNO_CORE_EVENT kind=1 report_seq=57 uart_sequence=223487 sensor_raw=4294961496 sensor_converted=4294961496 xiao_rx=1670073550 queue_push=1670073558 core_rx=48980353
BNO_CORE_EVENT kind=2 report_seq=132 uart_sequence=223490 sensor_raw=4294964596 sensor_converted=4294964596 xiao_rx=1670081774 queue_push=1670081779 core_rx=48986376
BNO_CORE_EVENT kind=3 report_seq=132 uart_sequence=223491 sensor_raw=4294961996 sensor_converted=4294961996 xiao_rx=1670088120 queue_push=1670088124 core_rx=48993421
BNO_CORE_EVENT kind=5 report_seq=130 uart_sequence=223492 sensor_raw=4294961996 sensor_converted=4294961996 xiao_rx=1670088145 queue_push=1670088147 core_rx=48996038
BNO_CORE_EVENT kind=1 report_seq=58 uart_sequence=223493 sensor_raw=4294962296 sensor_converted=4294962296 xiao_rx=1670088153 queue_push=1670088155 core_rx=48997113
BNO_CORE_EVENT kind=1 report_seq=59 uart_sequence=223497 sensor_raw=4294966796 sensor_converted=4294966796 xiao_rx=1670097724 queue_push=1670097732 core_rx=49004269
BNO_CORE_EVENT kind=4 report_seq=195 uart_sequence=223498 sensor_raw=4294965196 sensor_converted=4294965196 xiao_rx=1670101059 queue_push=1670101062 core_rx=49006026
BNO_CORE_EVENT kind=2 report_seq=133 uart_sequence=223500 sensor_raw=4294962596 sensor_converted=4294962596 xiao_rx=1670107163 queue_push=1670107168 core_rx=49013398
BNO_CORE_EVENT kind=3 report_seq=133 uart_sequence=223501 sensor_raw=4294962596 sensor_converted=4294962596 xiao_rx=1670107191 queue_push=1670107193 core_rx=49016052
BNO_CORE_EVENT kind=5 report_seq=131 uart_sequence=223502 sensor_raw=4294962596 sensor_converted=4294962596 xiao_rx=1670107204 queue_push=1670107206 core_rx=49017185
BNO_CORE_EVENT kind=1 report_seq=60 uart_sequence=223503 sensor_raw=4294965496 sensor_converted=4294965496 xiao_rx=1670114262 queue_push=1670114270 core_rx=49019876
BNO_CORE_EVENT kind=2 report_seq=134 uart_sequence=223504 sensor_raw=4294964396 sensor_converted=4294964396 xiao_rx=1670121613 queue_push=1670121617 core_rx=49026416
BNO_CORE_EVENT kind=3 report_seq=134 uart_sequence=223506 sensor_raw=4294961996 sensor_converted=4294961996 xiao_rx=1670127266 queue_push=1670127274 core_rx=49034233
BNO_CORE_EVENT kind=5 report_seq=132 uart_sequence=223507 sensor_raw=4294961996 sensor_converted=4294961996 xiao_rx=1670127299 queue_push=1670127300 core_rx=49035430
BNO_CORE_EVENT kind=1 report_seq=61 uart_sequence=223509 sensor_raw=4294963896 sensor_converted=4294963896 xiao_rx=1670133934 queue_push=1670133938 core_rx=49039959
BNO_CORE_EVENT kind=2 report_seq=135 uart_sequence=223512 sensor_raw=4294964996 sensor_converted=4294964996 xiao_rx=1670141459 queue_push=1670141490 core_rx=49047375
BNO_CORE_EVENT kind=3 report_seq=135 uart_sequence=223514 sensor_raw=4294962396 sensor_converted=4294962396 xiao_rx=1670147744 queue_push=1670147750 core_rx=49053368
BNO_CORE_EVENT kind=5 report_seq=133 uart_sequence=223515 sensor_raw=4294962396 sensor_converted=4294962396 xiao_rx=1670147774 queue_push=1670147776 core_rx=49054598
BNO_CORE_EVENT kind=1 report_seq=62 uart_sequence=223516 sensor_raw=4294959696 sensor_converted=4294959696 xiao_rx=1670152318 queue_push=1670152322 core_rx=49058378
BNO_CORE_EVENT kind=4 report_seq=196 uart_sequence=223517 sensor_raw=4294959696 sensor_converted=4294959696 xiao_rx=1670152342 queue_push=1670152344 core_rx=49059682
BNO_CORE_EVENT kind=1 report_seq=63 uart_sequence=223519 sensor_raw=4294966396 sensor_converted=4294966396 xiao_rx=1670159995 queue_push=1670160002 core_rx=49069394
BNO_CORE_EVENT kind=2 report_seq=136 uart_sequence=223520 sensor_raw=4294963696 sensor_converted=4294963696 xiao_rx=1670163544 queue_push=1670163548 core_rx=49072040
BNO_CORE_EVENT kind=3 report_seq=136 uart_sequence=223521 sensor_raw=4294963696 sensor_converted=4294963696 xiao_rx=1670163565 queue_push=1670163566 core_rx=49073131
BNO_CORE_EVENT kind=5 report_seq=134 uart_sequence=223523 sensor_raw=4294960196 sensor_converted=4294960196 xiao_rx=1670168825 queue_push=1670168830 core_rx=49075849
BNO_CORE_EVENT kind=1 report_seq=64 uart_sequence=223524 sensor_raw=4294966796 sensor_converted=4294966796 xiao_rx=1670175990 queue_push=1670175995 core_rx=49080415
BNO_CORE_EVENT kind=2 report_seq=137 uart_sequence=223527 sensor_raw=4294964996 sensor_converted=4294964996 xiao_rx=1670181632 queue_push=1670181638 core_rx=49087376
BNO_CORE_EVENT kind=3 report_seq=137 uart_sequence=223528 sensor_raw=4294962596 sensor_converted=4294962596 xiao_rx=1670188122 queue_push=1670188127 core_rx=49092910
BNO_CORE_EVENT kind=5 report_seq=135 uart_sequence=223529 sensor_raw=4294962596 sensor_converted=4294962596 xiao_rx=1670188149 queue_push=1670188151 core_rx=49094703
BNO_CORE_EVENT kind=4 report_seq=197 uart_sequence=223530 sensor_raw=4294962596 sensor_converted=4294962596 xiao_rx=1670188162 queue_push=1670188164 core_rx=49095874
BNO_CORE_EVENT kind=1 report_seq=65 uart_sequence=223533 sensor_raw=4294964796 sensor_converted=4294964796 xiao_rx=1670195066 queue_push=1670195074 core_rx=49103119
BNO_CORE_EVENT kind=2 report_seq=138 uart_sequence=223536 sensor_raw=4294964996 sensor_converted=4294964996 xiao_rx=1670201628 queue_push=1670201633 core_rx=49112400
BNO_CORE_EVENT kind=3 report_seq=138 uart_sequence=223537 sensor_raw=4294962396 sensor_converted=4294962396 xiao_rx=1670206491 queue_push=1670206494 core_rx=49115003
BNO_CORE_EVENT kind=5 report_seq=136 uart_sequence=223538 sensor_raw=4294962396 sensor_converted=4294962396 xiao_rx=1670206512 queue_push=1670206513 core_rx=49116075
BNO_CORE_EVENT kind=1 report_seq=66 uart_sequence=223539 sensor_raw=4294964396 sensor_converted=4294964396 xiao_rx=1670211412 queue_push=1670211420 core_rx=49117905
XIAO UART baud=921600 rx=GPIO8 tx=GPIO9 bytes=893456 frames=832 bytes_s=38260 frames_s=378 crc/cobs/len=0/0/0 seqgap=0 age_ms=0 type=58 log=1 q=1 rec=144 final=0
RXDIAG max_us=6428 budget_hits=0 byte/frame/time=0/0/0 rx_buf_max=481 loop_period_max_us=730062 loop_exec_max_us=727693 free_heap=138544 min_free_heap=138348 reset_reason=0 bno_kind_1to5_s=64/50/51/25/51 queue=1 high=14 drops=0
RXDETAIL service_calls=37648 service_bytes_avg=23 service_bytes_max=481 service_frames_avg=0 service_frames_avg_x1000=183 service_frames_max=5 service_bytes_s=38260 service_frames_s=378 rxbuf_full_obs=0 bno_valid=528 bno_invalid=0 unknown=0 uart_overflow=framework_unavailable trial_rx_bytes=84144 trial_frames=830 trial_bno=528 trial_crc/cobs/len=0/0/0
RXTASK mode=decode_count read_calls=37650 zero_reads=29775 read_bytes_max=481 rx_task_max_us=6428 rx_task_continuous_max_us=6428 stack_hwm_min_bytes=4472 cobs_delimiters=6906 rx_current=0 rx_max=481 rx_full=0 overflow=framework_unavailable
SDTASK max_process_us=121113
BNO_CORE_EVENT kind=2 report_seq=139 uart_sequence=223541 sensor_raw=4294965196 sensor_converted=4294965196 xiao_rx=1670221377 queue_push=1670221381 core_rx=49127391
BNO_CORE_EVENT kind=3 report_seq=139 uart_sequence=223544 sensor_raw=4294962596 sensor_converted=4294962596 xiao_rx=1670229037 queue_push=1670229046 core_rx=49135364
BNO_CORE_EVENT kind=5 report_seq=137 uart_sequence=223545 sensor_raw=4294962596 sensor_converted=4294962596 xiao_rx=1670229073 queue_push=1670229075 core_rx=49136613
BNO_CORE_EVENT kind=4 report_seq=198 uart_sequence=223546 sensor_raw=4294962596 sensor_converted=4294962596 xiao_rx=1670229087 queue_push=1670229089 core_rx=49138674
BNO_CORE_EVENT kind=1 report_seq=67 uart_sequence=223547 sensor_raw=4294965296 sensor_converted=4294965296 xiao_rx=1670229095 queue_push=1670229097 core_rx=49139760
BNO_CORE_EVENT kind=1 report_seq=68 uart_sequence=223551 sensor_raw=4294966596 sensor_converted=4294966596 xiao_rx=1670238860 queue_push=1670238868 core_rx=49145424
BNO_CORE_EVENT kind=2 report_seq=140 uart_sequence=223552 sensor_raw=4294964196 sensor_converted=4294964196 xiao_rx=1670242076 queue_push=1670242081 core_rx=49148371
BNO_CORE_EVENT kind=3 report_seq=140 uart_sequence=223553 sensor_raw=4294961696 sensor_converted=4294961696 xiao_rx=1670248214 queue_push=1670248219 core_rx=49152394
BNO_CORE_EVENT kind=5 report_seq=138 uart_sequence=223554 sensor_raw=4294961696 sensor_converted=4294961696 xiao_rx=1670248245 queue_push=1670248247 core_rx=49154076
BNO_CORE_EVENT kind=1 report_seq=69 uart_sequence=223556 sensor_raw=4294966796 sensor_converted=4294966796 xiao_rx=1670255427 queue_push=1670255432 core_rx=49161434
BNO_CORE_EVENT kind=2 report_seq=141 uart_sequence=223559 sensor_raw=4294964996 sensor_converted=4294964996 xiao_rx=1670261498 queue_push=1670261508 core_rx=49174057
BNO_CORE_EVENT kind=3 report_seq=141 uart_sequence=223560 sensor_raw=4294962596 sensor_converted=4294962596 xiao_rx=1670267305 queue_push=1670267309 core_rx=49176754
BNO_CORE_EVENT kind=5 report_seq=139 uart_sequence=223561 sensor_raw=4294962596 sensor_converted=4294962596 xiao_rx=1670267326 queue_push=1670267328 core_rx=49177947
BNO_CORE_EVENT kind=4 report_seq=199 uart_sequence=223562 sensor_raw=4294962596 sensor_converted=4294962596 xiao_rx=1670267337 queue_push=1670267339 core_rx=49179023
BNO_CORE_EVENT kind=1 report_seq=70 uart_sequence=223563 sensor_raw=4294962996 sensor_converted=4294962996 xiao_rx=1670275193 queue_push=1670275198 core_rx=49181359
BNO_CORE_EVENT kind=2 report_seq=142 uart_sequence=223565 sensor_raw=4294964596 sensor_converted=4294964596 xiao_rx=1670281667 queue_push=1670281674 core_rx=49186915
BNO_CORE_EVENT kind=3 report_seq=142 uart_sequence=223567 sensor_raw=4294961996 sensor_converted=4294961996 xiao_rx=1670288711 queue_push=1670288716 core_rx=49194389
BNO_CORE_EVENT kind=5 report_seq=140 uart_sequence=223568 sensor_raw=4294961996 sensor_converted=4294961996 xiao_rx=1670288736 queue_push=1670288737 core_rx=49197076
BNO_CORE_EVENT kind=1 report_seq=71 uart_sequence=223571 sensor_raw=4294961696 sensor_converted=4294961696 xiao_rx=1670294853 queue_push=1670294864 core_rx=49202286
BNO_CORE_EVENT kind=2 report_seq=143 uart_sequence=223573 sensor_raw=4294964596 sensor_converted=4294964596 xiao_rx=1670301922 queue_push=1670301928 core_rx=49207360
BNO_CORE_EVENT kind=3 report_seq=143 uart_sequence=223575 sensor_raw=4294961996 sensor_converted=4294961996 xiao_rx=1670310001 queue_push=1670310008 core_rx=49215384
BNO_CORE_EVENT kind=5 report_seq=141 uart_sequence=223576 sensor_raw=4294961996 sensor_converted=4294961996 xiao_rx=1670310033 queue_push=1670310035 core_rx=49218057
BNO_CORE_EVENT kind=4 report_seq=200 uart_sequence=223577 sensor_raw=4294961996 sensor_converted=4294961996 xiao_rx=1670310046 queue_push=1670310047 core_rx=49219247
BNO_CORE_EVENT kind=1 report_seq=72 uart_sequence=223578 sensor_raw=4294963796 sensor_converted=4294963796 xiao_rx=1670310054 queue_push=1670310055 core_rx=49220293
BNO_CORE_EVENT kind=1 report_seq=73 uart_sequence=223579 sensor_raw=4294966796 sensor_converted=4294966796 xiao_rx=1670318486 queue_push=1670318491 core_rx=49224389
BNO_CORE_EVENT kind=2 report_seq=144 uart_sequence=223580 sensor_raw=4294964796 sensor_converted=4294964796 xiao_rx=1670321973 queue_push=1670321977 core_rx=49227361
BNO_CORE_EVENT kind=3 report_seq=144 uart_sequence=223582 sensor_raw=4294961896 sensor_converted=4294961896 xiao_rx=1670328028 queue_push=1670328037 core_rx=49233358
BNO_CORE_EVENT kind=5 report_seq=142 uart_sequence=223583 sensor_raw=4294961896 sensor_converted=4294961896 xiao_rx=1670328060 queue_push=1670328062 core_rx=49234580
BNO_CORE_EVENT kind=1 report_seq=74 uart_sequence=223585 sensor_raw=4294966796 sensor_converted=4294966796 xiao_rx=1670334377 queue_push=1670334381 core_rx=49240359
BNO_CORE_EVENT kind=2 report_seq=145 uart_sequence=223588 sensor_raw=4294965196 sensor_converted=4294965196 xiao_rx=1670341674 queue_push=1670341682 core_rx=49247044
BNO_CORE_EVENT kind=3 report_seq=145 uart_sequence=223589 sensor_raw=4294962396 sensor_converted=4294962396 xiao_rx=1670348139 queue_push=1670348144 core_rx=49256395
BNO_CORE_EVENT kind=5 report_seq=143 uart_sequence=223590 sensor_raw=4294962396 sensor_converted=4294962396 xiao_rx=1670348166 queue_push=1670348168 core_rx=49259102
BNO_CORE_EVENT kind=4 report_seq=201 uart_sequence=223591 sensor_raw=4294962396 sensor_converted=4294962396 xiao_rx=1670348179 queue_push=1670348181 core_rx=49260309
BNO_CORE_EVENT kind=1 report_seq=75 uart_sequence=223592 sensor_raw=4294964996 sensor_converted=4294964996 xiao_rx=1670350597 queue_push=1670350599 core_rx=49261364
BNO_CORE_EVENT kind=2 report_seq=146 uart_sequence=223595 sensor_raw=4294964996 sensor_converted=4294964996 xiao_rx=1670361440 queue_push=1670361450 core_rx=49271404
BNO_CORE_EVENT kind=3 report_seq=146 uart_sequence=223597 sensor_raw=4294962396 sensor_converted=4294962396 xiao_rx=1670365654 queue_push=1670365658 core_rx=49274936
BNO_CORE_EVENT kind=5 report_seq=144 uart_sequence=223598 sensor_raw=4294962396 sensor_converted=4294962396 xiao_rx=1670365679 queue_push=1670365680 core_rx=49276137
BNO_CORE_EVENT kind=1 report_seq=76 uart_sequence=223599 sensor_raw=4294963896 sensor_converted=4294963896 xiao_rx=1670371332 queue_push=1670371337 core_rx=49278342
BNO_CORE_EVENT kind=2 report_seq=147 uart_sequence=223601 sensor_raw=4294964796 sensor_converted=4294964796 xiao_rx=1670381805 queue_push=1670381812 core_rx=49286385
BNO_CORE_EVENT kind=3 report_seq=147 uart_sequence=223603 sensor_raw=4294962196 sensor_converted=4294962196 xiao_rx=1670389145 queue_push=1670389151 core_rx=49297487
BNO_CORE_EVENT kind=5 report_seq=145 uart_sequence=223604 sensor_raw=4294962196 sensor_converted=4294962196 xiao_rx=1670389172 queue_push=1670389174 core_rx=49299875
BNO_CORE_EVENT kind=4 report_seq=202 uart_sequence=223605 sensor_raw=4294962196 sensor_converted=4294962196 xiao_rx=1670389185 queue_push=1670389186 core_rx=49300942
BNO_CORE_EVENT kind=1 report_seq=77 uart_sequence=223606 sensor_raw=4294963096 sensor_converted=4294963096 xiao_rx=1670389193 queue_push=1670389194 core_rx=49302013
BNO_CORE_EVENT kind=1 report_seq=78 uart_sequence=223609 sensor_raw=4294966796 sensor_converted=4294966796 xiao_rx=1670398950 queue_push=1670398958 core_rx=49306308
BNO_CORE_EVENT kind=2 report_seq=148 uart_sequence=223611 sensor_raw=4294964796 sensor_converted=4294964796 xiao_rx=1670402132 queue_push=1670402137 core_rx=49308936
BNO_CORE_EVENT kind=3 report_seq=148 uart_sequence=223612 sensor_raw=4294961896 sensor_converted=4294961896 xiao_rx=1670408254 queue_push=1670408260 core_rx=49313409
BNO_CORE_EVENT kind=5 report_seq=146 uart_sequence=223613 sensor_raw=4294961896 sensor_converted=4294961896 xiao_rx=1670408284 queue_push=1670408286 core_rx=49316339
BNO_CORE_EVENT kind=1 report_seq=79 uart_sequence=223615 sensor_raw=4294966096 sensor_converted=4294966096 xiao_rx=1670414339 queue_push=1670414343 core_rx=49320390
BNO_CORE_EVENT kind=2 report_seq=149 uart_sequence=223617 sensor_raw=4294964996 sensor_converted=4294964996 xiao_rx=1670421274 queue_push=1670421281 core_rx=49327402
BNO_CORE_EVENT kind=3 report_seq=149 uart_sequence=223620 sensor_raw=4294962396 sensor_converted=4294962396 xiao_rx=1670429415 queue_push=1670429420 core_rx=49339031
BNO_CORE_EVENT kind=5 report_seq=147 uart_sequence=223621 sensor_raw=4294962396 sensor_converted=4294962396 xiao_rx=1670429444 queue_push=1670429446 core_rx=49340517
BNO_CORE_EVENT kind=4 report_seq=203 uart_sequence=223622 sensor_raw=4294962396 sensor_converted=4294962396 xiao_rx=1670429458 queue_push=1670429460 core_rx=49341606
BNO_CORE_EVENT kind=1 report_seq=80 uart_sequence=223623 sensor_raw=4294962996 sensor_converted=4294962996 xiao_rx=1670432645 queue_push=1670432650 core_rx=49342647
BNO_CORE_EVENT kind=2 report_seq=150 uart_sequence=223625 sensor_raw=4294964996 sensor_converted=4294964996 xiao_rx=1670441228 queue_push=1670441244 core_rx=49351390
BNO_CORE_EVENT kind=3 report_seq=150 uart_sequence=223626 sensor_raw=4294962596 sensor_converted=4294962596 xiao_rx=1670445456 queue_push=1670445458 core_rx=49354059
BNO_CORE_EVENT kind=5 report_seq=148 uart_sequence=223627 sensor_raw=4294962596 sensor_converted=4294962596 xiao_rx=1670445491 queue_push=1670445492 core_rx=49355231
BNO_CORE_EVENT kind=1 report_seq=81 uart_sequence=223629 sensor_raw=4294962596 sensor_converted=4294962596 xiao_rx=1670453770 queue_push=1670453775 core_rx=49359362
BNO_CORE_EVENT kind=2 report_seq=151 uart_sequence=223631 sensor_raw=4294964596 sensor_converted=4294964596 xiao_rx=1670461955 queue_push=1670461964 core_rx=49367403
BNO_CORE_EVENT kind=3 report_seq=151 uart_sequence=223634 sensor_raw=4294961996 sensor_converted=4294961996 xiao_rx=1670470037 queue_push=1670470043 core_rx=49375357
BNO_CORE_EVENT kind=5 report_seq=149 uart_sequence=223635 sensor_raw=4294961996 sensor_converted=4294961996 xiao_rx=1670470067 queue_push=1670470068 core_rx=49378066
BNO_CORE_EVENT kind=4 report_seq=204 uart_sequence=223636 sensor_raw=4294961996 sensor_converted=4294961996 xiao_rx=1670470080 queue_push=1670470082 core_rx=49379247
BNO_CORE_EVENT kind=1 report_seq=82 uart_sequence=223637 sensor_raw=4294961996 sensor_converted=4294961996 xiao_rx=1670470089 queue_push=1670470090 core_rx=49380295
BNO_CORE_EVENT kind=1 report_seq=83 uart_sequence=223638 sensor_raw=4294966796 sensor_converted=4294966796 xiao_rx=1670476657 queue_push=1670476663 core_rx=49382339
BNO_CORE_EVENT kind=2 report_seq=152 uart_sequence=223640 sensor_raw=4294964396 sensor_converted=4294964396 xiao_rx=1670481677 queue_push=1670481682 core_rx=49386410
BNO_CORE_EVENT kind=3 report_seq=152 uart_sequence=223641 sensor_raw=4294961896 sensor_converted=4294961896 xiao_rx=1670487219 queue_push=1670487224 core_rx=49392399
BNO_CORE_EVENT kind=5 report_seq=150 uart_sequence=223642 sensor_raw=4294961896 sensor_converted=4294961896 xiao_rx=1670487244 queue_push=1670487245 core_rx=49394174
BNO_CORE_EVENT kind=1 report_seq=84 uart_sequence=223644 sensor_raw=4294965496 sensor_converted=4294965496 xiao_rx=1670494201 queue_push=1670494214 core_rx=49400332
BNO_CORE_EVENT kind=2 report_seq=153 uart_sequence=223647 sensor_raw=4294965196 sensor_converted=4294965196 xiao_rx=1670501282 queue_push=1670501293 core_rx=49412965
BNO_CORE_EVENT kind=3 report_seq=153 uart_sequence=223648 sensor_raw=4294962396 sensor_converted=4294962396 xiao_rx=1670507121 queue_push=1670507128 core_rx=49414551
BNO_CORE_EVENT kind=5 report_seq=151 uart_sequence=223649 sensor_raw=4294962396 sensor_converted=4294962396 xiao_rx=1670507156 queue_push=1670507158 core_rx=49416383
BNO_CORE_EVENT kind=4 report_seq=205 uart_sequence=223650 sensor_raw=4294962396 sensor_converted=4294962396 xiao_rx=1670507170 queue_push=1670507172 core_rx=49417600
BNO_CORE_EVENT kind=1 report_seq=85 uart_sequence=223651 sensor_raw=4294963696 sensor_converted=4294963696 xiao_rx=1670514395 queue_push=1670514402 core_rx=49420335
BNO_CORE_EVENT kind=2 report_seq=154 uart_sequence=223655 sensor_raw=4294964096 sensor_converted=4294964096 xiao_rx=1670522651 queue_push=1670522656 core_rx=49433373
BNO_CORE_EVENT kind=3 report_seq=154 uart_sequence=223656 sensor_raw=4294961696 sensor_converted=4294961696 xiao_rx=1670527531 queue_push=1670527536 core_rx=49436020
BNO_CORE_EVENT kind=5 report_seq=152 uart_sequence=223657 sensor_raw=4294961696 sensor_converted=4294961696 xiao_rx=1670527558 queue_push=1670527560 core_rx=49437159
BNO_CORE_EVENT kind=1 report_seq=86 uart_sequence=223659 sensor_raw=4294959496 sensor_converted=4294959496 xiao_rx=1670533614 queue_push=1670533622 core_rx=49440231
BNO_CORE_EVENT kind=1 report_seq=87 uart_sequence=223660 sensor_raw=4294966096 sensor_converted=4294966096 xiao_rx=1670539529 queue_push=1670539532 core_rx=49445364
BNO_CORE_EVENT kind=2 report_seq=155 uart_sequence=223662 sensor_raw=4294964096 sensor_converted=4294964096 xiao_rx=1670546310 queue_push=1670546317 core_rx=49452387
BNO_CORE_EVENT kind=3 report_seq=155 uart_sequence=223663 sensor_raw=4294964096 sensor_converted=4294964096 xiao_rx=1670546339 queue_push=1670546341 core_rx=49455013
BNO_CORE_EVENT kind=5 report_seq=153 uart_sequence=223666 sensor_raw=4294957296 sensor_converted=4294957296 xiao_rx=1670555552 queue_push=1670555558 core_rx=49464365
BNO_CORE_EVENT kind=4 report_seq=206 uart_sequence=223667 sensor_raw=4294957296 sensor_converted=4294957296 xiao_rx=1670555585 queue_push=1670555587 core_rx=49466715
BNO_CORE_EVENT kind=1 report_seq=88 uart_sequence=223668 sensor_raw=4294964596 sensor_converted=4294964596 xiao_rx=1670558421 queue_push=1670558424 core_rx=49467821
BNO_CORE_EVENT kind=2 report_seq=156 uart_sequence=223670 sensor_raw=4294964196 sensor_converted=4294964196 xiao_rx=1670564454 queue_push=1670564460 core_rx=49475383
BNO_CORE_EVENT kind=3 report_seq=156 uart_sequence=223671 sensor_raw=4294959196 sensor_converted=4294959196 xiao_rx=1670569383 queue_push=1670569386 core_rx=49478068
BNO_CORE_EVENT kind=5 report_seq=154 uart_sequence=223672 sensor_raw=4294959196 sensor_converted=4294959196 xiao_rx=1670569406 queue_push=1670569408 core_rx=49479250
BNO_CORE_EVENT kind=1 report_seq=89 uart_sequence=223674 sensor_raw=4294964196 sensor_converted=4294964196 xiao_rx=1670576508 queue_push=1670576513 core_rx=49482332
BNO_CORE_EVENT kind=2 report_seq=157 uart_sequence=223676 sensor_raw=4294964796 sensor_converted=4294964796 xiao_rx=1670581143 queue_push=1670581147 core_rx=49487355
BNO_CORE_EVENT kind=3 report_seq=157 uart_sequence=223678 sensor_raw=4294962396 sensor_converted=4294962396 xiao_rx=1670587442 queue_push=1670587450 core_rx=49496354
BNO_CORE_EVENT kind=5 report_seq=155 uart_sequence=223679 sensor_raw=4294962396 sensor_converted=4294962396 xiao_rx=1670588602 queue_push=1670588606 core_rx=49499007
BNO_CORE_EVENT kind=4 report_seq=207 uart_sequence=223680 sensor_raw=4294962496 sensor_converted=4294962496 xiao_rx=1670588626 queue_push=1670588627 core_rx=49500072
BNO_CORE_EVENT kind=1 report_seq=90 uart_sequence=223681 sensor_raw=4294962996 sensor_converted=4294962996 xiao_rx=1670591088 queue_push=1670591092 core_rx=49501147
BNO_CORE_EVENT kind=2 report_seq=158 uart_sequence=223684 sensor_raw=4294964996 sensor_converted=4294964996 xiao_rx=1670601612 queue_push=1670601621 core_rx=49507005
BNO_CORE_EVENT kind=3 report_seq=158 uart_sequence=223685 sensor_raw=4294962196 sensor_converted=4294962196 xiao_rx=1670608136 queue_push=1670608141 core_rx=49513385
BNO_CORE_EVENT kind=5 report_seq=156 uart_sequence=223686 sensor_raw=4294962196 sensor_converted=4294962196 xiao_rx=1670608167 queue_push=1670608168 core_rx=49516063
BNO_CORE_EVENT kind=1 report_seq=91 uart_sequence=223687 sensor_raw=4294964696 sensor_converted=4294964696 xiao_rx=1670608175 queue_push=1670608176 core_rx=49517278
BNO_CORE_EVENT kind=1 report_seq=92 uart_sequence=223690 sensor_raw=4294966796 sensor_converted=4294966796 xiao_rx=1670618482 queue_push=1670618487 core_rx=49527412
BNO_CORE_EVENT kind=4 report_seq=208 uart_sequence=223691 sensor_raw=4294964996 sensor_converted=4294964996 xiao_rx=1670621059 queue_push=1670621063 core_rx=49529878
BNO_CORE_EVENT kind=2 report_seq=159 uart_sequence=223695 sensor_raw=4294962396 sensor_converted=4294962396 xiao_rx=1670629596 queue_push=1670629606 core_rx=49535794
BNO_CORE_EVENT kind=3 report_seq=159 uart_sequence=223696 sensor_raw=4294962396 sensor_converted=4294962396 xiao_rx=1670629631 queue_push=1670629633 core_rx=49538040
BNO_CORE_EVENT kind=5 report_seq=157 uart_sequence=223697 sensor_raw=4294962396 sensor_converted=4294962396 xiao_rx=1670629644 queue_push=1670629646 core_rx=49539178
BNO_CORE_EVENT kind=1 report_seq=93 uart_sequence=223699 sensor_raw=4294966796 sensor_converted=4294966796 xiao_rx=1670637063 queue_push=1670637069 core_rx=49542346
BNO_CORE_EVENT kind=2 report_seq=160 uart_sequence=223700 sensor_raw=4294964396 sensor_converted=4294964396 xiao_rx=1670641668 queue_push=1670641674 core_rx=49547363
BNO_CORE_EVENT kind=3 report_seq=160 uart_sequence=223702 sensor_raw=4294961896 sensor_converted=4294961896 xiao_rx=1670648335 queue_push=1670648341 core_rx=49553925
BNO_CORE_EVENT kind=5 report_seq=158 uart_sequence=223703 sensor_raw=4294961896 sensor_converted=4294961896 xiao_rx=1670648363 queue_push=1670648365 core_rx=49555690
BNO_CORE_EVENT kind=1 report_seq=94 uart_sequence=223706 sensor_raw=4294963696 sensor_converted=4294963696 xiao_rx=1670655543 queue_push=1670655548 core_rx=49562379
BNO_CORE_EVENT kind=2 report_seq=161 uart_sequence=223708 sensor_raw=4294964996 sensor_converted=4294964996 xiao_rx=1670661461 queue_push=1670661491 core_rx=49572369
BNO_CORE_EVENT kind=3 report_seq=161 uart_sequence=223709 sensor_raw=4294962396 sensor_converted=4294962396 xiao_rx=1670666594 queue_push=1670666598 core_rx=49575025
BNO_CORE_EVENT kind=5 report_seq=159 uart_sequence=223710 sensor_raw=4294962396 sensor_converted=4294962396 xiao_rx=1670666619 queue_push=1670666621 core_rx=49576192
BNO_CORE_EVENT kind=4 report_seq=209 uart_sequence=223711 sensor_raw=4294962396 sensor_converted=4294962396 xiao_rx=1670666632 queue_push=1670666633 core_rx=49577231
BNO_CORE_EVENT kind=1 report_seq=95 uart_sequence=223712 sensor_raw=4294963096 sensor_converted=4294963096 xiao_rx=1670674067 queue_push=1670674074 core_rx=49579360
BNO_CORE_EVENT kind=2 report_seq=162 uart_sequence=223715 sensor_raw=4294964596 sensor_converted=4294964596 xiao_rx=1670681914 queue_push=1670681918 core_rx=49586350
BNO_CORE_EVENT kind=3 report_seq=162 uart_sequence=223717 sensor_raw=4294962196 sensor_converted=4294962196 xiao_rx=1670688155 queue_push=1670688162 core_rx=49594363
BNO_CORE_EVENT kind=5 report_seq=160 uart_sequence=223718 sensor_raw=4294962196 sensor_converted=4294962196 xiao_rx=1670688185 queue_push=1670688187 core_rx=49595625
BNO_CORE_EVENT kind=1 report_seq=96 uart_sequence=223719 sensor_raw=4294963596 sensor_converted=4294963596 xiao_rx=1670688194 queue_push=1670688195 core_rx=49596672
BNO_CORE_EVENT kind=1 report_seq=97 uart_sequence=223721 sensor_raw=4294966796 sensor_converted=4294966796 xiao_rx=1670698232 queue_push=1670698239 core_rx=49603361
BNO_CORE_EVENT kind=2 report_seq=163 uart_sequence=223723 sensor_raw=4294964796 sensor_converted=4294964796 xiao_rx=1670702617 queue_push=1670702622 core_rx=49608333
BNO_CORE_EVENT kind=3 report_seq=163 uart_sequence=223724 sensor_raw=4294961096 sensor_converted=4294961096 xiao_rx=1670709120 queue_push=1670709126 core_rx=49614365
BNO_CORE_EVENT kind=5 report_seq=161 uart_sequence=223725 sensor_raw=4294961096 sensor_converted=4294961096 xiao_rx=1670709149 queue_push=1670709151 core_rx=49616998
BNO_CORE_EVENT kind=4 report_seq=210 uart_sequence=223726 sensor_raw=4294961096 sensor_converted=4294961096 xiao_rx=1670709162 queue_push=1670709163 core_rx=49618047
BNO_CORE_EVENT kind=1 report_seq=98 uart_sequence=223727 sensor_raw=4294966796 sensor_converted=4294966796 xiao_rx=1670715236 queue_push=1670715241 core_rx=49620330
BNO_CORE_EVENT kind=2 report_seq=164 uart_sequence=223729 sensor_raw=4294964396 sensor_converted=4294964396 xiao_rx=1670722041 queue_push=1670722048 core_rx=49627332
BNO_CORE_EVENT kind=3 report_seq=164 uart_sequence=223731 sensor_raw=4294961496 sensor_converted=4294961496 xiao_rx=1670728269 queue_push=1670728281 core_rx=49636351
BNO_CORE_EVENT kind=5 report_seq=162 uart_sequence=223732 sensor_raw=4294961496 sensor_converted=4294961496 xiao_rx=1670728310 queue_push=1670728312 core_rx=49639525
BNO_CORE_EVENT kind=1 report_seq=99 uart_sequence=223733 sensor_raw=4294964796 sensor_converted=4294964796 xiao_rx=1670730787 queue_push=1670730791 core_rx=49640623
BNO_CORE_EVENT kind=2 report_seq=165 uart_sequence=223736 sensor_raw=4294965196 sensor_converted=4294965196 xiao_rx=1670742558 queue_push=1670742568 core_rx=49655402
BNO_CORE_EVENT kind=3 report_seq=165 uart_sequence=223737 sensor_raw=4294961496 sensor_converted=4294961496 xiao_rx=1670749253 queue_push=1670749255 core_rx=49658083
BNO_CORE_EVENT kind=5 report_seq=163 uart_sequence=223738 sensor_raw=4294961496 sensor_converted=4294961496 xiao_rx=1670749266 queue_push=1670749268 core_rx=49659255
BNO_CORE_EVENT kind=4 report_seq=211 uart_sequence=223739 sensor_raw=4294961496 sensor_converted=4294961496 xiao_rx=1670749276 queue_push=1670749278 core_rx=49660305
BNO_CORE_EVENT kind=1 report_seq=100 uart_sequence=223740 sensor_raw=4294966396 sensor_converted=4294966396 xiao_rx=1670749284 queue_push=1670749286 core_rx=49661765
BNO_CORE_EVENT kind=2 report_seq=166 uart_sequence=223746 sensor_raw=4294964796 sensor_converted=4294964796 xiao_rx=1670765072 queue_push=1670765082 core_rx=49676409
BNO_CORE_EVENT kind=3 report_seq=166 uart_sequence=223747 sensor_raw=4294958696 sensor_converted=4294958696 xiao_rx=1670770239 queue_push=1670770243 core_rx=49679062
BNO_CORE_EVENT kind=5 report_seq=164 uart_sequence=223748 sensor_raw=4294958696 sensor_converted=4294958696 xiao_rx=1670770273 queue_push=1670770275 core_rx=49680240
BNO_CORE_EVENT kind=1 report_seq=101 uart_sequence=223749 sensor_raw=4294959596 sensor_converted=4294959596 xiao_rx=1670770282 queue_push=1670770283 core_rx=49681291
BNO_CORE_EVENT kind=1 report_seq=102 uart_sequence=223750 sensor_raw=4294966796 sensor_converted=4294966796 xiao_rx=1670778148 queue_push=1670778153 core_rx=49683340
BNO_CORE_EVENT kind=2 report_seq=167 uart_sequence=223752 sensor_raw=4294963896 sensor_converted=4294963896 xiao_rx=1670782261 queue_push=1670782265 core_rx=49688407
BNO_CORE_EVENT kind=3 report_seq=167 uart_sequence=223756 sensor_raw=4294961296 sensor_converted=4294961296 xiao_rx=1670791011 queue_push=1670791023 core_rx=49701352
BNO_CORE_EVENT kind=5 report_seq=165 uart_sequence=223757 sensor_raw=4294961296 sensor_converted=4294961296 xiao_rx=1670791049 queue_push=1670791051 core_rx=49702552
BNO_CORE_EVENT kind=4 report_seq=212 uart_sequence=223758 sensor_raw=4294961296 sensor_converted=4294961296 xiao_rx=1670791063 queue_push=1670791065 core_rx=49704407
BNO_CORE_EVENT kind=1 report_seq=103 uart_sequence=223759 sensor_raw=4294965296 sensor_converted=4294965296 xiao_rx=1670794825 queue_push=1670794828 core_rx=49705590
BNO_CORE_EVENT kind=2 report_seq=168 uart_sequence=223760 sensor_raw=4294964996 sensor_converted=4294964996 xiao_rx=1670801457 queue_push=1670801485 core_rx=49712395
BNO_CORE_EVENT kind=3 report_seq=168 uart_sequence=223761 sensor_raw=4294962396 sensor_converted=4294962396 xiao_rx=1670806360 queue_push=1670806362 core_rx=49715001
BNO_CORE_EVENT kind=5 report_seq=166 uart_sequence=223762 sensor_raw=4294962396 sensor_converted=4294962396 xiao_rx=1670806380 queue_push=1670806383 core_rx=49716058
BNO_CORE_EVENT kind=1 report_seq=104 uart_sequence=223764 sensor_raw=4294965696 sensor_converted=4294965696 xiao_rx=1670814455 queue_push=1670814459 core_rx=49720392
BNO_CORE_EVENT kind=4 report_seq=213 uart_sequence=223767 sensor_raw=4294965296 sensor_converted=4294965296 xiao_rx=1670821876 queue_push=1670821883 core_rx=49727332
BNO_CORE_EVENT kind=2 report_seq=169 uart_sequence=223769 sensor_raw=4294961696 sensor_converted=4294961696 xiao_rx=1670829053 queue_push=1670829059 core_rx=49734981
BNO_CORE_EVENT kind=3 report_seq=169 uart_sequence=223770 sensor_raw=4294961696 sensor_converted=4294961696 xiao_rx=1670829083 queue_push=1670829085 core_rx=49736566
BNO_CORE_EVENT kind=5 report_seq=167 uart_sequence=223771 sensor_raw=4294961696 sensor_converted=4294961696 xiao_rx=1670829096 queue_push=1670829098 core_rx=49738231
BNO_CORE_EVENT kind=1 report_seq=105 uart_sequence=223772 sensor_raw=4294965996 sensor_converted=4294965996 xiao_rx=1670829105 queue_push=1670829106 core_rx=49739376
BNO_CORE_EVENT kind=1 report_seq=106 uart_sequence=223774 sensor_raw=4294966396 sensor_converted=4294966396 xiao_rx=1670840002 queue_push=1670840010 core_rx=49744397
BNO_CORE_EVENT kind=2 report_seq=170 uart_sequence=223775 sensor_raw=4294963896 sensor_converted=4294963896 xiao_rx=1670844088 queue_push=1670844092 core_rx=49750383
BNO_CORE_EVENT kind=3 report_seq=170 uart_sequence=223776 sensor_raw=4294963896 sensor_converted=4294963896 xiao_rx=1670844113 queue_push=1670844115 core_rx=49751599
BNO_CORE_EVENT kind=5 report_seq=168 uart_sequence=223777 sensor_raw=4294959696 sensor_converted=4294959696 xiao_rx=1670848906 queue_push=1670848911 core_rx=49754411
BNO_CORE_EVENT kind=1 report_seq=107 uart_sequence=223781 sensor_raw=4294966796 sensor_converted=4294966796 xiao_rx=1670857238 queue_push=1670857243 core_rx=49763315
BNO_CORE_EVENT kind=2 report_seq=171 uart_sequence=223784 sensor_raw=4294964796 sensor_converted=4294964796 xiao_rx=1670861637 queue_push=1670861645 core_rx=49773391
BNO_CORE_EVENT kind=3 report_seq=171 uart_sequence=223785 sensor_raw=4294961896 sensor_converted=4294961896 xiao_rx=1670867431 queue_push=1670867434 core_rx=49776130
BNO_CORE_EVENT kind=5 report_seq=169 uart_sequence=223786 sensor_raw=4294961896 sensor_converted=4294961896 xiao_rx=1670867449 queue_push=1670867451 core_rx=49777345
BNO_CORE_EVENT kind=4 report_seq=214 uart_sequence=223787 sensor_raw=4294962196 sensor_converted=4294962196 xiao_rx=1670867460 queue_push=1670867483 core_rx=49778442
BNO_CORE_EVENT kind=1 report_seq=108 uart_sequence=223788 sensor_raw=4294965296 sensor_converted=4294965296 xiao_rx=1670874372 queue_push=1670874380 core_rx=49779905
BNO_CORE_EVENT kind=2 report_seq=172 uart_sequence=223790 sensor_raw=4294964396 sensor_converted=4294964396 xiao_rx=1670881517 queue_push=1670881521 core_rx=49786351
BNO_CORE_EVENT kind=3 report_seq=172 uart_sequence=223792 sensor_raw=4294961996 sensor_converted=4294961996 xiao_rx=1670887262 queue_push=1670887271 core_rx=49792996
BNO_CORE_EVENT kind=5 report_seq=170 uart_sequence=223793 sensor_raw=4294961996 sensor_converted=4294961996 xiao_rx=1670887294 queue_push=1670887296 core_rx=49794477
BNO_CORE_EVENT kind=1 report_seq=109 uart_sequence=223795 sensor_raw=4294964096 sensor_converted=4294964096 xiao_rx=1670892330 queue_push=1670892335 core_rx=49798011
BNO_CORE_EVENT kind=2 report_seq=173 uart_sequence=223797 sensor_raw=4294965196 sensor_converted=4294965196 xiao_rx=1670901264 queue_push=1670901273 core_rx=49806398
BNO_CORE_EVENT kind=3 report_seq=173 uart_sequence=223798 sensor_raw=4294962596 sensor_converted=4294962596 xiao_rx=1670909055 queue_push=1670909061 core_rx=49814400
BNO_CORE_EVENT kind=5 report_seq=171 uart_sequence=223799 sensor_raw=4294962596 sensor_converted=4294962596 xiao_rx=1670909084 queue_push=1670909086 core_rx=49817030
BNO_CORE_EVENT kind=4 report_seq=215 uart_sequence=223800 sensor_raw=4294962596 sensor_converted=4294962596 xiao_rx=1670909098 queue_push=1670909100 core_rx=49818099
BNO_CORE_EVENT kind=1 report_seq=110 uart_sequence=223801 sensor_raw=4294965796 sensor_converted=4294965796 xiao_rx=1670909106 queue_push=1670909108 core_rx=49819149
BNO_CORE_EVENT kind=1 report_seq=111 uart_sequence=223804 sensor_raw=4294965496 sensor_converted=4294965496 xiao_rx=1670920289 queue_push=1670920296 core_rx=49829382
BNO_CORE_EVENT kind=2 report_seq=174 uart_sequence=223805 sensor_raw=4294963096 sensor_converted=4294963096 xiao_rx=1670923875 queue_push=1670923879 core_rx=49830925
BNO_CORE_EVENT kind=3 report_seq=174 uart_sequence=223806 sensor_raw=4294963096 sensor_converted=4294963096 xiao_rx=1670923895 queue_push=1670923897 core_rx=49832583
BNO_CORE_EVENT kind=5 report_seq=172 uart_sequence=223808 sensor_raw=4294959696 sensor_converted=4294959696 xiao_rx=1670928991 queue_push=1670928999 core_rx=49834865
BNO_CORE_EVENT kind=1 report_seq=112 uart_sequence=223809 sensor_raw=4294966796 sensor_converted=4294966796 xiao_rx=1670935551 queue_push=1670935555 core_rx=49840388
BNO_CORE_EVENT kind=2 report_seq=175 uart_sequence=223811 sensor_raw=4294964996 sensor_converted=4294964996 xiao_rx=1670941412 queue_push=1670941416 core_rx=49846395
BNO_CORE_EVENT kind=3 report_seq=175 uart_sequence=223812 sensor_raw=4294962396 sensor_converted=4294962396 xiao_rx=1670948150 queue_push=1670948156 core_rx=49853401
BNO_CORE_EVENT kind=5 report_seq=173 uart_sequence=223813 sensor_raw=4294962396 sensor_converted=4294962396 xiao_rx=1670948177 queue_push=1670948179 core_rx=49856032
BNO_CORE_EVENT kind=4 report_seq=216 uart_sequence=223815 sensor_raw=4294962396 sensor_converted=4294962396 xiao_rx=1670948190 queue_push=1670948192 core_rx=49860790
BNO_CORE_EVENT kind=1 report_seq=113 uart_sequence=223818 sensor_raw=4294964596 sensor_converted=4294964596 xiao_rx=1670957641 queue_push=1670957650 core_rx=49865339
BNO_CORE_EVENT kind=2 report_seq=176 uart_sequence=223820 sensor_raw=4294964196 sensor_converted=4294964196 xiao_rx=1670961650 queue_push=1670961655 core_rx=49867933
BNO_CORE_EVENT kind=3 report_seq=176 uart_sequence=223822 sensor_raw=4294961896 sensor_converted=4294961896 xiao_rx=1670969027 queue_push=1670969034 core_rx=49877398
BNO_CORE_EVENT kind=5 report_seq=174 uart_sequence=223823 sensor_raw=4294961896 sensor_converted=4294961896 xiao_rx=1670969058 queue_push=1670969059 core_rx=49880062
BNO_CORE_EVENT kind=1 report_seq=114 uart_sequence=223824 sensor_raw=4294961896 sensor_converted=4294961896 xiao_rx=1670971494 queue_push=1670971496 core_rx=49881376
BNO_CORE_EVENT kind=2 report_seq=177 uart_sequence=223826 sensor_raw=4294964996 sensor_converted=4294964996 xiao_rx=1670981243 queue_push=1670981249 core_rx=49887398
BNO_CORE_EVENT kind=3 report_seq=177 uart_sequence=223829 sensor_raw=4294962596 sensor_converted=4294962596 xiao_rx=1670990103 queue_push=1670990112 core_rx=49898927
BNO_CORE_EVENT kind=5 report_seq=175 uart_sequence=223830 sensor_raw=4294962596 sensor_converted=4294962596 xiao_rx=1670990140 queue_push=1670990142 core_rx=49901007
BNO_CORE_EVENT kind=4 report_seq=217 uart_sequence=223831 sensor_raw=4294962596 sensor_converted=4294962596 xiao_rx=1670990154 queue_push=1670990155 core_rx=49902095
BNO_CORE_EVENT kind=1 report_seq=115 uart_sequence=223832 sensor_raw=4294956296 sensor_converted=4294956296 xiao_rx=1670993916 queue_push=1670993920 core_rx=49903136
BNO_CORE_EVENT kind=1 report_seq=116 uart_sequence=223834 sensor_raw=4294966796 sensor_converted=4294966796 xiao_rx=1671000294 queue_push=1671000298 core_rx=49905595
BNO_CORE_EVENT kind=2 report_seq=178 uart_sequence=223835 sensor_raw=4294963696 sensor_converted=4294963696 xiao_rx=1671007045 queue_push=1671007050 core_rx=49913411
BNO_CORE_EVENT kind=3 report_seq=178 uart_sequence=223836 sensor_raw=4294963696 sensor_converted=4294963696 xiao_rx=1671007075 queue_push=1671007077 core_rx=49916001
BNO_CORE_EVENT kind=5 report_seq=176 uart_sequence=223837 sensor_raw=4294963696 sensor_converted=4294963696 xiao_rx=1671007086 queue_push=1671007089 core_rx=49917055
BNO_CORE_EVENT kind=1 report_seq=117 uart_sequence=223839 sensor_raw=4294966796 sensor_converted=4294966796 xiao_rx=1671015175 queue_push=1671015183 core_rx=49923458
BNO_CORE_EVENT kind=2 report_seq=179 uart_sequence=223841 sensor_raw=4294964996 sensor_converted=4294964996 xiao_rx=1671023670 queue_push=1671023676 core_rx=49929422
BNO_CORE_EVENT kind=3 report_seq=179 uart_sequence=223844 sensor_raw=4294959996 sensor_converted=4294959996 xiao_rx=1671030525 queue_push=1671030532 core_rx=49938391
BNO_CORE_EVENT kind=5 report_seq=177 uart_sequence=223845 sensor_raw=4294959996 sensor_converted=4294959996 xiao_rx=1671030556 queue_push=1671030558 core_rx=49941053
BNO_CORE_EVENT kind=4 report_seq=218 uart_sequence=223846 sensor_raw=4294959996 sensor_converted=4294959996 xiao_rx=1671030570 queue_push=1671030572 core_rx=49942232
BNO_CORE_EVENT kind=1 report_seq=118 uart_sequence=223847 sensor_raw=4294963496 sensor_converted=4294963496 xiao_rx=1671033028 queue_push=1671033032 core_rx=49943283
BNO_CORE_EVENT kind=2 report_seq=180 uart_sequence=223848 sensor_raw=4294964996 sensor_converted=4294964996 xiao_rx=1671041422 queue_push=1671041430 core_rx=49946367
BNO_CORE_EVENT kind=3 report_seq=180 uart_sequence=223849 sensor_raw=4294962596 sensor_converted=4294962596 xiao_rx=1671046123 queue_push=1671046129 core_rx=49951419
BNO_CORE_EVENT kind=5 report_seq=178 uart_sequence=223850 sensor_raw=4294962596 sensor_converted=4294962596 xiao_rx=1671046152 queue_push=1671046154 core_rx=49954005
BNO_CORE_EVENT kind=1 report_seq=119 uart_sequence=223853 sensor_raw=4294963696 sensor_converted=4294963696 xiao_rx=1671051035 queue_push=1671051040 core_rx=49959054
BNO_CORE_EVENT kind=2 report_seq=181 uart_sequence=223857 sensor_raw=4294964596 sensor_converted=4294964596 xiao_rx=1671061691 queue_push=1671061699 core_rx=49967350
BNO_CORE_EVENT kind=3 report_seq=181 uart_sequence=223858 sensor_raw=4294961996 sensor_converted=4294961996 xiao_rx=1671069068 queue_push=1671069074 core_rx=49974397
BNO_CORE_EVENT kind=5 report_seq=179 uart_sequence=223859 sensor_raw=4294961996 sensor_converted=4294961996 xiao_rx=1671069100 queue_push=1671069101 core_rx=49977097
BNO_CORE_EVENT kind=4 report_seq=219 uart_sequence=223860 sensor_raw=4294961996 sensor_converted=4294961996 xiao_rx=1671069112 queue_push=1671069114 core_rx=49978307
BNO_CORE_EVENT kind=1 report_seq=120 uart_sequence=223861 sensor_raw=4294963596 sensor_converted=4294963596 xiao_rx=1671069120 queue_push=1671069122 core_rx=49979346
BNO_CORE_EVENT kind=1 report_seq=121 uart_sequence=223863 sensor_raw=4294966796 sensor_converted=4294966796 xiao_rx=1671078309 queue_push=1671078314 core_rx=49985430
BNO_CORE_EVENT kind=2 report_seq=182 uart_sequence=223866 sensor_raw=4294964196 sensor_converted=4294964196 xiao_rx=1671082621 queue_push=1671082628 core_rx=49993411
BNO_CORE_EVENT kind=3 report_seq=182 uart_sequence=223867 sensor_raw=4294961496 sensor_converted=4294961496 xiao_rx=1671087272 queue_push=1671087275 core_rx=49996059
BNO_CORE_EVENT kind=5 report_seq=180 uart_sequence=223868 sensor_raw=4294961496 sensor_converted=4294961496 xiao_rx=1671087289 queue_push=1671087291 core_rx=49997242
BNO_CORE_EVENT kind=1 report_seq=122 uart_sequence=223870 sensor_raw=4294966796 sensor_converted=4294966796 xiao_rx=1671095100 queue_push=1671095106 core_rx=50000342
BNO_CORE_EVENT kind=2 report_seq=183 uart_sequence=223872 sensor_raw=4294964996 sensor_converted=4294964996 xiao_rx=1671101030 queue_push=1671101036 core_rx=50007373
BNO_CORE_EVENT kind=3 report_seq=183 uart_sequence=223873 sensor_raw=4294962596 sensor_converted=4294962596 xiao_rx=1671108158 queue_push=1671108164 core_rx=50016396
BNO_CORE_EVENT kind=5 report_seq=181 uart_sequence=223874 sensor_raw=4294962596 sensor_converted=4294962596 xiao_rx=1671108186 queue_push=1671108188 core_rx=50019028
BNO_CORE_EVENT kind=4 report_seq=220 uart_sequence=223875 sensor_raw=4294962596 sensor_converted=4294962596 xiao_rx=1671108199 queue_push=1671108201 core_rx=50020109
BNO_CORE_EVENT kind=1 report_seq=123 uart_sequence=223876 sensor_raw=4294964596 sensor_converted=4294964596 xiao_rx=1671110612 queue_push=1671110613 core_rx=50021148
BNO_CORE_EVENT kind=2 report_seq=184 uart_sequence=223878 sensor_raw=4294964996 sensor_converted=4294964996 xiao_rx=1671121248 queue_push=1671121258 core_rx=50027581
BNO_CORE_EVENT kind=3 report_seq=184 uart_sequence=223881 sensor_raw=4294962396 sensor_converted=4294962396 xiao_rx=1671128760 queue_push=1671128766 core_rx=50036396
BNO_CORE_EVENT kind=5 report_seq=182 uart_sequence=223882 sensor_raw=4294962396 sensor_converted=4294962396 xiao_rx=1671128791 queue_push=1671128793 core_rx=50037924
BNO_CORE_EVENT kind=1 report_seq=124 uart_sequence=223883 sensor_raw=4294959896 sensor_converted=4294959896 xiao_rx=1671131234 queue_push=1671131238 core_rx=50038991
BNO_CORE_EVENT kind=2 report_seq=185 uart_sequence=223885 sensor_raw=4294964796 sensor_converted=4294964796 xiao_rx=1671141502 queue_push=1671141512 core_rx=50055350
BNO_CORE_EVENT kind=3 report_seq=185 uart_sequence=223886 sensor_raw=4294962196 sensor_converted=4294962196 xiao_rx=1671148235 queue_push=1671148238 core_rx=50056597
BNO_CORE_EVENT kind=5 report_seq=183 uart_sequence=223887 sensor_raw=4294962196 sensor_converted=4294962196 xiao_rx=1671148257 queue_push=1671148259 core_rx=50058673
BNO_CORE_EVENT kind=4 report_seq=221 uart_sequence=223888 sensor_raw=4294962196 sensor_converted=4294962196 xiao_rx=1671148270 queue_push=1671148272 core_rx=50059742
BNO_CORE_EVENT kind=1 report_seq=125 uart_sequence=223889 sensor_raw=4294962896 sensor_converted=4294962896 xiao_rx=1671148278 queue_push=1671148280 core_rx=50060810
BNO_CORE_EVENT kind=1 report_seq=126 uart_sequence=223892 sensor_raw=4294966796 sensor_converted=4294966796 xiao_rx=1671157213 queue_push=1671157221 core_rx=50065388
BNO_CORE_EVENT kind=2 report_seq=186 uart_sequence=223895 sensor_raw=4294964196 sensor_converted=4294964196 xiao_rx=1671162176 queue_push=1671162181 core_rx=50070343
BNO_CORE_EVENT kind=3 report_seq=186 uart_sequence=223896 sensor_raw=4294961096 sensor_converted=4294961096 xiao_rx=1671168229 queue_push=1671168238 core_rx=50073364
BNO_CORE_EVENT kind=5 report_seq=184 uart_sequence=223897 sensor_raw=4294961096 sensor_converted=4294961096 xiao_rx=1671168263 queue_push=1671168264 core_rx=50074594
BNO_CORE_EVENT kind=1 report_seq=127 uart_sequence=223898 sensor_raw=4294965896 sensor_converted=4294965896 xiao_rx=1671174112 queue_push=1671174116 core_rx=50079406
BNO_CORE_EVENT kind=2 report_seq=187 uart_sequence=223902 sensor_raw=4294964996 sensor_converted=4294964996 xiao_rx=1671181670 queue_push=1671181679 core_rx=50093400
BNO_CORE_EVENT kind=3 report_seq=187 uart_sequence=223903 sensor_raw=4294962596 sensor_converted=4294962596 xiao_rx=1671187239 queue_push=1671187242 core_rx=50096007
BNO_CORE_EVENT kind=5 report_seq=185 uart_sequence=223904 sensor_raw=4294962596 sensor_converted=4294962596 xiao_rx=1671187264 queue_push=1671187265 core_rx=50097058
BNO_CORE_EVENT kind=4 report_seq=222 uart_sequence=223905 sensor_raw=4294962596 sensor_converted=4294962596 xiao_rx=1671187275 queue_push=1671187276 core_rx=50098109
BNO_CORE_EVENT kind=1 report_seq=128 uart_sequence=223907 sensor_raw=4294964196 sensor_converted=4294964196 xiao_rx=1671195370 queue_push=1671195375 core_rx=50101377
BNO_CORE_EVENT kind=2 report_seq=188 uart_sequence=223908 sensor_raw=4294964996 sensor_converted=4294964996 xiao_rx=1671201253 queue_push=1671201260 core_rx=50107375
BNO_CORE_EVENT kind=3 report_seq=188 uart_sequence=223910 sensor_raw=4294962596 sensor_converted=4294962596 xiao_rx=1671207735 queue_push=1671207738 core_rx=50114915
BNO_CORE_EVENT kind=5 report_seq=186 uart_sequence=223911 sensor_raw=4294962596 sensor_converted=4294962596 xiao_rx=1671207762 queue_push=1671207763 core_rx=50117019
BNO_CORE_EVENT kind=1 report_seq=129 uart_sequence=223912 sensor_raw=4294960096 sensor_converted=4294960096 xiao_rx=1671210172 queue_push=1671210174 core_rx=50118112
XIAO UART baud=921600 rx=GPIO8 tx=GPIO9 bytes=931508 frames=1205 bytes_s=38052 frames_s=373 crc/cobs/len=0/0/0 seqgap=0 age_ms=0 type=5 log=1 q=1 rec=194 final=0
RXDIAG max_us=6428 budget_hits=0 byte/frame/time=0/0/0 rx_buf_max=481 loop_period_max_us=730062 loop_exec_max_us=727693 free_heap=138544 min_free_heap=138348 reset_reason=0 bno_kind_1to5_s=63/50/50/25/50 queue=1 high=14 drops=0
BNO_CORE_EVENT kind=1 report_seq=130 uart_sequence=223914 sensor_raw=4294966396 sensor_converted=4294966396 xiao_rx=1671219942 queue_push=1671219950 core_rx=50124370
RXDETAIL service_calls=38180 service_bytes_avg=24 service_bytes_max=481 service_frames_avg=0 service_frames_avg_x1000=190 service_frames_max=5 service_bytes_s=38136 service_frames_s=374 rxbuf_full_obs=0 bno_valid=767 bno_invalid=0 unknown=0 uart_overflow=framework_unavailable trial_rx_bytes=122280 trial_frames=1204 trial_bno=767 trial_crc/cobs/len=0/0/0
RXTASK mode=decode_count read_calls=38182 zero_reads=30045 read_bytes_max=481 rx_task_max_us=6428 rx_task_continuous_max_us=6428 stack_hwm_min_bytes=4472 cobs_delimiters=7281 rx_current=56 rx_max=481 rx_full=0 overflow=framework_unavailable
SDTASK max_process_us=121113
BNO_CORE_EVENT kind=2 report_seq=189 uart_sequence=223917 sensor_raw=4294963896 sensor_converted=4294963896 xiao_rx=1671224174 queue_push=1671224178 core_rx=50133384
BNO_CORE_EVENT kind=3 report_seq=189 uart_sequence=223918 sensor_raw=4294963896 sensor_converted=4294963896 xiao_rx=1671224203 queue_push=1671224204 core_rx=50134965
BNO_CORE_EVENT kind=5 report_seq=187 uart_sequence=223919 sensor_raw=4294959696 sensor_converted=4294959696 xiao_rx=1671228918 queue_push=1671228921 core_rx=50136587
BNO_CORE_EVENT kind=4 report_seq=223 uart_sequence=223920 sensor_raw=4294959696 sensor_converted=4294959696 xiao_rx=1671228940 queue_push=1671228941 core_rx=50138343
BNO_CORE_EVENT kind=1 report_seq=131 uart_sequence=223923 sensor_raw=4294966796 sensor_converted=4294966796 xiao_rx=1671238261 queue_push=1671238267 core_rx=50143345
BNO_CORE_EVENT kind=2 report_seq=190 uart_sequence=223924 sensor_raw=4294964796 sensor_converted=4294964796 xiao_rx=1671241919 queue_push=1671241923 core_rx=50146380
BNO_CORE_EVENT kind=3 report_seq=190 uart_sequence=223926 sensor_raw=4294961696 sensor_converted=4294961696 xiao_rx=1671247293 queue_push=1671247300 core_rx=50154365
BNO_CORE_EVENT kind=5 report_seq=188 uart_sequence=223927 sensor_raw=4294961696 sensor_converted=4294961696 xiao_rx=1671247324 queue_push=1671247326 core_rx=50155569
BNO_CORE_EVENT kind=1 report_seq=132 uart_sequence=223929 sensor_raw=4294965196 sensor_converted=4294965196 xiao_rx=1671254259 queue_push=1671254266 core_rx=50159377
BNO_CORE_EVENT kind=2 report_seq=191 uart_sequence=223932 sensor_raw=4294965196 sensor_converted=4294965196 xiao_rx=1671261206 queue_push=1671261212 core_rx=50167393
BNO_CORE_EVENT kind=3 report_seq=191 uart_sequence=223934 sensor_raw=4294962596 sensor_converted=4294962596 xiao_rx=1671268497 queue_push=1671268505 core_rx=50176398
BNO_CORE_EVENT kind=5 report_seq=189 uart_sequence=223935 sensor_raw=4294962596 sensor_converted=4294962596 xiao_rx=1671268529 queue_push=1671268530 core_rx=50179060
BNO_CORE_EVENT kind=4 report_seq=224 uart_sequence=223936 sensor_raw=4294962596 sensor_converted=4294962596 xiao_rx=1671268541 queue_push=1671268543 core_rx=50180241
BNO_CORE_EVENT kind=1 report_seq=133 uart_sequence=223937 sensor_raw=4294963096 sensor_converted=4294963096 xiao_rx=1671270967 queue_push=1671270968 core_rx=50181288
BNO_CORE_EVENT kind=2 report_seq=192 uart_sequence=223941 sensor_raw=4294964996 sensor_converted=4294964996 xiao_rx=1671282522 queue_push=1671282532 core_rx=50195333
BNO_CORE_EVENT kind=3 report_seq=192 uart_sequence=223942 sensor_raw=4294961096 sensor_converted=4294961096 xiao_rx=1671288319 queue_push=1671288322 core_rx=50196567
BNO_CORE_EVENT kind=5 report_seq=190 uart_sequence=223943 sensor_raw=4294961096 sensor_converted=4294961096 xiao_rx=1671288342 queue_push=1671288343 core_rx=50198210
BNO_CORE_EVENT kind=1 report_seq=134 uart_sequence=223944 sensor_raw=4294964296 sensor_converted=4294964296 xiao_rx=1671288350 queue_push=1671288352 core_rx=50199353
BNO_CORE_EVENT kind=1 report_seq=135 uart_sequence=223946 sensor_raw=4294966796 sensor_converted=4294966796 xiao_rx=1671299297 queue_push=1671299304 core_rx=50203407
BNO_CORE_EVENT kind=4 report_seq=225 uart_sequence=223947 sensor_raw=4294964096 sensor_converted=4294964096 xiao_rx=1671305093 queue_push=1671305096 core_rx=50210404
BNO_CORE_EVENT kind=2 report_seq=193 uart_sequence=223948 sensor_raw=4294964196 sensor_converted=4294964196 xiao_rx=1671305111 queue_push=1671305114 core_rx=50213054
BNO_CORE_EVENT kind=3 report_seq=193 uart_sequence=223951 sensor_raw=4294958396 sensor_converted=4294958396 xiao_rx=1671310877 queue_push=1671310885 core_rx=50220205
BNO_CORE_EVENT kind=5 report_seq=191 uart_sequence=223952 sensor_raw=4294958396 sensor_converted=4294958396 xiao_rx=1671310907 queue_push=1671310909 core_rx=50221397
BNO_CORE_EVENT kind=1 report_seq=136 uart_sequence=223953 sensor_raw=4294966796 sensor_converted=4294966796 xiao_rx=1671318035 queue_push=1671318042 core_rx=50223343
BNO_CORE_EVENT kind=2 report_seq=194 uart_sequence=223955 sensor_raw=4294964796 sensor_converted=4294964796 xiao_rx=1671321610 queue_push=1671321615 core_rx=50227260
BNO_CORE_EVENT kind=3 report_seq=194 uart_sequence=223956 sensor_raw=4294961996 sensor_converted=4294961996 xiao_rx=1671327248 queue_push=1671327256 core_rx=50231400
BNO_CORE_EVENT kind=5 report_seq=192 uart_sequence=223957 sensor_raw=4294961996 sensor_converted=4294961996 xiao_rx=1671327280 queue_push=1671327282 core_rx=50232911
BNO_CORE_EVENT kind=1 report_seq=137 uart_sequence=223958 sensor_raw=4294964196 sensor_converted=4294964196 xiao_rx=1671333244 queue_push=1671333248 core_rx=50237379
BNO_CORE_EVENT kind=2 report_seq=195 uart_sequence=223959 sensor_raw=4294965196 sensor_converted=4294965196 xiao_rx=1671341146 queue_push=1671341152 core_rx=50247404
BNO_CORE_EVENT kind=3 report_seq=195 uart_sequence=223963 sensor_raw=4294962596 sensor_converted=4294962596 xiao_rx=1671350993 queue_push=1671351004 core_rx=50260638
BNO_CORE_EVENT kind=5 report_seq=193 uart_sequence=223964 sensor_raw=4294962596 sensor_converted=4294962596 xiao_rx=1671351036 queue_push=1671351038 core_rx=50262331
BNO_CORE_EVENT kind=4 report_seq=226 uart_sequence=223965 sensor_raw=4294962596 sensor_converted=4294962596 xiao_rx=1671351051 queue_push=1671351053 core_rx=50263461
BNO_CORE_EVENT kind=1 report_seq=138 uart_sequence=223966 sensor_raw=4294959796 sensor_converted=4294959796 xiao_rx=1671354833 queue_push=1671354837 core_rx=50264543
BNO_CORE_EVENT kind=2 report_seq=196 uart_sequence=223969 sensor_raw=4294964796 sensor_converted=4294964796 xiao_rx=1671361869 queue_push=1671361879 core_rx=50268760
BNO_CORE_EVENT kind=3 report_seq=196 uart_sequence=223971 sensor_raw=4294961896 sensor_converted=4294961896 xiao_rx=1671369321 queue_push=1671369327 core_rx=50275401
BNO_CORE_EVENT kind=5 report_seq=194 uart_sequence=223972 sensor_raw=4294961896 sensor_converted=4294961896 xiao_rx=1671369350 queue_push=1671369352 core_rx=50278057
BNO_CORE_EVENT kind=1 report_seq=139 uart_sequence=223973 sensor_raw=4294963996 sensor_converted=4294963996 xiao_rx=1671369359 queue_push=1671369360 core_rx=50279225
BNO_CORE_EVENT kind=1 report_seq=140 uart_sequence=223976 sensor_raw=4294966796 sensor_converted=4294966796 xiao_rx=1671378636 queue_push=1671378643 core_rx=50287341
BNO_CORE_EVENT kind=4 report_seq=227 uart_sequence=223977 sensor_raw=4294964996 sensor_converted=4294964996 xiao_rx=1671381127 queue_push=1671381130 core_rx=50288686
BNO_CORE_EVENT kind=2 report_seq=197 uart_sequence=223979 sensor_raw=4294962196 sensor_converted=4294962196 xiao_rx=1671387632 queue_push=1671387637 core_rx=50293365
BNO_CORE_EVENT kind=3 report_seq=197 uart_sequence=223980 sensor_raw=4294962196 sensor_converted=4294962196 xiao_rx=1671387661 queue_push=1671387663 core_rx=50296065
BNO_CORE_EVENT kind=5 report_seq=195 uart_sequence=223981 sensor_raw=4294962196 sensor_converted=4294962196 xiao_rx=1671387675 queue_push=1671387676 core_rx=50297253
BNO_CORE_EVENT kind=1 report_seq=141 uart_sequence=223982 sensor_raw=4294966596 sensor_converted=4294966596 xiao_rx=1671395039 queue_push=1671395045 core_rx=50299890
BNO_CORE_EVENT kind=2 report_seq=198 uart_sequence=223984 sensor_raw=4294964996 sensor_converted=4294964996 xiao_rx=1671401176 queue_push=1671401182 core_rx=50306374
BNO_CORE_EVENT kind=3 report_seq=198 uart_sequence=223985 sensor_raw=4294962596 sensor_converted=4294962596 xiao_rx=1671407230 queue_push=1671407236 core_rx=50312410
BNO_CORE_EVENT kind=5 report_seq=196 uart_sequence=223986 sensor_raw=4294962596 sensor_converted=4294962596 xiao_rx=1671407258 queue_push=1671407260 core_rx=50315088
BNO_CORE_EVENT kind=1 report_seq=142 uart_sequence=223989 sensor_raw=4294963696 sensor_converted=4294963696 xiao_rx=1671415165 queue_push=1671415169 core_rx=50320389
BNO_CORE_EVENT kind=2 report_seq=199 uart_sequence=223991 sensor_raw=4294964996 sensor_converted=4294964996 xiao_rx=1671421089 queue_push=1671421106 core_rx=50332378
BNO_CORE_EVENT kind=3 report_seq=199 uart_sequence=223992 sensor_raw=4294962596 sensor_converted=4294962596 xiao_rx=1671426141 queue_push=1671426144 core_rx=50335004
BNO_CORE_EVENT kind=5 report_seq=197 uart_sequence=223993 sensor_raw=4294962596 sensor_converted=4294962596 xiao_rx=1671426160 queue_push=1671426162 core_rx=50336059
BNO_CORE_EVENT kind=4 report_seq=228 uart_sequence=223994 sensor_raw=4294962596 sensor_converted=4294962596 xiao_rx=1671426171 queue_push=1671426173 core_rx=50337109
BNO_CORE_EVENT kind=1 report_seq=143 uart_sequence=223995 sensor_raw=4294962996 sensor_converted=4294962996 xiao_rx=1671433385 queue_push=1671433391 core_rx=50338988
BNO_CORE_EVENT kind=2 report_seq=200 uart_sequence=223997 sensor_raw=4294964796 sensor_converted=4294964796 xiao_rx=1671441621 queue_push=1671441625 core_rx=50346377
BNO_CORE_EVENT kind=3 report_seq=200 uart_sequence=223999 sensor_raw=4294962196 sensor_converted=4294962196 xiao_rx=1671448894 queue_push=1671448900 core_rx=50354382
BNO_CORE_EVENT kind=5 report_seq=198 uart_sequence=224000 sensor_raw=4294962196 sensor_converted=4294962196 xiao_rx=1671448925 queue_push=1671448926 core_rx=50357053
BNO_CORE_EVENT kind=1 report_seq=144 uart_sequence=224001 sensor_raw=4294963396 sensor_converted=4294963396 xiao_rx=1671448933 queue_push=1671448934 core_rx=50358185
BNO_CORE_EVENT kind=1 report_seq=145 uart_sequence=224005 sensor_raw=4294966796 sensor_converted=4294966796 xiao_rx=1671458377 queue_push=1671458385 core_rx=50365960
BNO_CORE_EVENT kind=4 report_seq=229 uart_sequence=224006 sensor_raw=4294964996 sensor_converted=4294964996 xiao_rx=1671460922 queue_push=1671460926 core_rx=50368014
BNO_CORE_EVENT kind=2 report_seq=201 uart_sequence=224008 sensor_raw=4294962396 sensor_converted=4294962396 xiao_rx=1671468543 queue_push=1671468548 core_rx=50374387
BNO_CORE_EVENT kind=3 report_seq=201 uart_sequence=224009 sensor_raw=4294962396 sensor_converted=4294962396 xiao_rx=1671468570 queue_push=1671468571 core_rx=50377056
BNO_CORE_EVENT kind=5 report_seq=199 uart_sequence=224010 sensor_raw=4294962396 sensor_converted=4294962396 xiao_rx=1671468583 queue_push=1671468585 core_rx=50378247
BNO_CORE_EVENT kind=1 report_seq=146 uart_sequence=224013 sensor_raw=4294966796 sensor_converted=4294966796 xiao_rx=1671476189 queue_push=1671476197 core_rx=50386233
BNO_CORE_EVENT kind=2 report_seq=202 uart_sequence=224016 sensor_raw=4294964396 sensor_converted=4294964396 xiao_rx=1671481543 queue_push=1671481548 core_rx=50393344
BNO_CORE_EVENT kind=3 report_seq=202 uart_sequence=224017 sensor_raw=4294961896 sensor_converted=4294961896 xiao_rx=1671486439 queue_push=1671486442 core_rx=50394556
BNO_CORE_EVENT kind=5 report_seq=200 uart_sequence=224018 sensor_raw=4294961896 sensor_converted=4294961896 xiao_rx=1671486460 queue_push=1671486525 core_rx=50395605
BNO_CORE_EVENT kind=1 report_seq=147 uart_sequence=224019 sensor_raw=4294966096 sensor_converted=4294966096 xiao_rx=1671492164 queue_push=1671492175 core_rx=50398391
BNO_CORE_EVENT kind=2 report_seq=203 uart_sequence=224020 sensor_raw=4294965196 sensor_converted=4294965196 xiao_rx=1671501185 queue_push=1671501197 core_rx=50414397
BNO_CORE_EVENT kind=3 report_seq=203 uart_sequence=224021 sensor_raw=4294962596 sensor_converted=4294962596 xiao_rx=1671505715 queue_push=1671505721 core_rx=50417345
BNO_CORE_EVENT kind=5 report_seq=201 uart_sequence=224022 sensor_raw=4294962596 sensor_converted=4294962596 xiao_rx=1671505742 queue_push=1671505743 core_rx=50418471
BNO_CORE_EVENT kind=4 report_seq=230 uart_sequence=224023 sensor_raw=4294962596 sensor_converted=4294962596 xiao_rx=1671505754 queue_push=1671505756 core_rx=50419552
BNO_CORE_EVENT kind=1 report_seq=148 uart_sequence=224024 sensor_raw=4294962796 sensor_converted=4294962796 xiao_rx=1671508841 queue_push=1671508843 core_rx=50420603
BNO_CORE_EVENT kind=2 report_seq=204 uart_sequence=224029 sensor_raw=4294964796 sensor_converted=4294964796 xiao_rx=1671522043 queue_push=1671522053 core_rx=50434754
BNO_CORE_EVENT kind=3 report_seq=204 uart_sequence=224030 sensor_raw=4294961896 sensor_converted=4294961896 xiao_rx=1671527849 queue_push=1671527852 core_rx=50437750
BNO_CORE_EVENT kind=5 report_seq=202 uart_sequence=224031 sensor_raw=4294961896 sensor_converted=4294961896 xiao_rx=1671527871 queue_push=1671527872 core_rx=50438893
BNO_CORE_EVENT kind=1 report_seq=149 uart_sequence=224032 sensor_raw=4294962196 sensor_converted=4294962196 xiao_rx=1671527879 queue_push=1671527881 core_rx=50439936
BNO_CORE_EVENT kind=1 report_seq=150 uart_sequence=224033 sensor_raw=4294966796 sensor_converted=4294966796 xiao_rx=1671537168 queue_push=1671537174 core_rx=50442372
BNO_CORE_EVENT kind=4 report_seq=231 uart_sequence=224034 sensor_raw=4294965196 sensor_converted=4294965196 xiao_rx=1671540533 queue_push=1671540537 core_rx=50445349
BNO_CORE_EVENT kind=2 report_seq=205 uart_sequence=224036 sensor_raw=4294962796 sensor_converted=4294962796 xiao_rx=1671546341 queue_push=1671546348 core_rx=50452335
BNO_CORE_EVENT kind=3 report_seq=205 uart_sequence=224037 sensor_raw=4294962796 sensor_converted=4294962796 xiao_rx=1671546370 queue_push=1671546372 core_rx=50453491
BNO_CORE_EVENT kind=5 report_seq=203 uart_sequence=224039 sensor_raw=4294956896 sensor_converted=4294956896 xiao_rx=1671550541 queue_push=1671550548 core_rx=50459330
BNO_CORE_EVENT kind=1 report_seq=151 uart_sequence=224040 sensor_raw=4294965296 sensor_converted=4294965296 xiao_rx=1671554354 queue_push=1671554358 core_rx=50460433
BNO_CORE_EVENT kind=2 report_seq=206 uart_sequence=224041 sensor_raw=4294965196 sensor_converted=4294965196 xiao_rx=1671560927 queue_push=1671560932 core_rx=50465402
BNO_CORE_EVENT kind=3 report_seq=206 uart_sequence=224043 sensor_raw=4294962596 sensor_converted=4294962596 xiao_rx=1671567781 queue_push=1671567788 core_rx=50473355
BNO_CORE_EVENT kind=5 report_seq=204 uart_sequence=224044 sensor_raw=4294962596 sensor_converted=4294962596 xiao_rx=1671567805 queue_push=1671567806 core_rx=50476017
BNO_CORE_EVENT kind=2 report_seq=207 uart_sequence=224051 sensor_raw=4294964996 sensor_converted=4294964996 xiao_rx=1671581961 queue_push=1671581971 core_rx=50494403
BNO_CORE_EVENT kind=3 report_seq=207 uart_sequence=224052 sensor_raw=4294961696 sensor_converted=4294961696 xiao_rx=1671588713 queue_push=1671588717 core_rx=50496692
BNO_CORE_EVENT kind=5 report_seq=205 uart_sequence=224053 sensor_raw=4294961696 sensor_converted=4294961696 xiao_rx=1671588740 queue_push=1671588742 core_rx=50497952
BNO_CORE_EVENT kind=4 report_seq=232 uart_sequence=224054 sensor_raw=4294961696 sensor_converted=4294961696 xiao_rx=1671588753 queue_push=1671588755 core_rx=50499001
BNO_CORE_EVENT kind=1 report_seq=152 uart_sequence=224055 sensor_raw=4294965496 sensor_converted=4294965496 xiao_rx=1671588761 queue_push=1671588763 core_rx=50501111
BNO_CORE_EVENT kind=1 report_seq=153 uart_sequence=224057 sensor_raw=4294966396 sensor_converted=4294966396 xiao_rx=1671599807 queue_push=1671599814 core_rx=50504341
BNO_CORE_EVENT kind=2 report_seq=208 uart_sequence=224058 sensor_raw=4294963896 sensor_converted=4294963896 xiao_rx=1671604102 queue_push=1671604106 core_rx=50510361
BNO_CORE_EVENT kind=3 report_seq=208 uart_sequence=224059 sensor_raw=4294963896 sensor_converted=4294963896 xiao_rx=1671604122 queue_push=1671604124 core_rx=50511590
BNO_CORE_EVENT kind=5 report_seq=206 uart_sequence=224061 sensor_raw=4294959496 sensor_converted=4294959496 xiao_rx=1671609620 queue_push=1671609627 core_rx=50518189
BNO_CORE_EVENT kind=1 report_seq=154 uart_sequence=224063 sensor_raw=4294966796 sensor_converted=4294966796 xiao_rx=1671616757 queue_push=1671616760 core_rx=50522364
BNO_CORE_EVENT kind=2 report_seq=209 uart_sequence=224066 sensor_raw=4294964796 sensor_converted=4294964796 xiao_rx=1671621583 queue_push=1671621588 core_rx=50527102
BNO_CORE_EVENT kind=3 report_seq=209 uart_sequence=224067 sensor_raw=4294961696 sensor_converted=4294961696 xiao_rx=1671628174 queue_push=1671628181 core_rx=50533391
BNO_CORE_EVENT kind=5 report_seq=207 uart_sequence=224068 sensor_raw=4294961696 sensor_converted=4294961696 xiao_rx=1671628206 queue_push=1671628207 core_rx=50535589
BNO_CORE_EVENT kind=4 report_seq=233 uart_sequence=224069 sensor_raw=4294961996 sensor_converted=4294961996 xiao_rx=1671628218 queue_push=1671628220 core_rx=50536650
BNO_CORE_EVENT kind=1 report_seq=155 uart_sequence=224070 sensor_raw=4294964996 sensor_converted=4294964996 xiao_rx=1671634201 queue_push=1671634205 core_rx=50539389
BNO_CORE_EVENT kind=2 report_seq=210 uart_sequence=224073 sensor_raw=4294964996 sensor_converted=4294964996 xiao_rx=1671641354 queue_push=1671641361 core_rx=50549094
BNO_CORE_EVENT kind=3 report_seq=210 uart_sequence=224074 sensor_raw=4294962596 sensor_converted=4294962596 xiao_rx=1671647339 queue_push=1671647343 core_rx=50553352
BNO_CORE_EVENT kind=5 report_seq=208 uart_sequence=224075 sensor_raw=4294962596 sensor_converted=4294962596 xiao_rx=1671647365 queue_push=1671647367 core_rx=50554552
BNO_CORE_EVENT kind=1 report_seq=156 uart_sequence=224077 sensor_raw=4294963696 sensor_converted=4294963696 xiao_rx=1671652213 queue_push=1671652217 core_rx=50557202
BNO_CORE_EVENT kind=2 report_seq=211 uart_sequence=224078 sensor_raw=4294965196 sensor_converted=4294965196 xiao_rx=1671661096 queue_push=1671661105 core_rx=50567418
BNO_CORE_EVENT kind=3 report_seq=211 uart_sequence=224080 sensor_raw=4294962596 sensor_converted=4294962596 xiao_rx=1671670536 queue_push=1671670541 core_rx=50576375
BNO_CORE_EVENT kind=5 report_seq=209 uart_sequence=224081 sensor_raw=4294962596 sensor_converted=4294962596 xiao_rx=1671670566 queue_push=1671670567 core_rx=50578608
BNO_CORE_EVENT kind=4 report_seq=234 uart_sequence=224082 sensor_raw=4294962596 sensor_converted=4294962596 xiao_rx=1671670578 queue_push=1671670580 core_rx=50579716
BNO_CORE_EVENT kind=1 report_seq=157 uart_sequence=224083 sensor_raw=4294965496 sensor_converted=4294965496 xiao_rx=1671670586 queue_push=1671670588 core_rx=50580786
BNO_CORE_EVENT kind=1 report_seq=158 uart_sequence=224089 sensor_raw=4294966296 sensor_converted=4294966296 xiao_rx=1671681385 queue_push=1671681390 core_rx=50589488
BNO_CORE_EVENT kind=2 report_seq=212 uart_sequence=224091 sensor_raw=4294961896 sensor_converted=4294961896 xiao_rx=1671688145 queue_push=1671688152 core_rx=50594367
BNO_CORE_EVENT kind=3 report_seq=212 uart_sequence=224092 sensor_raw=4294961896 sensor_converted=4294961896 xiao_rx=1671688177 queue_push=1671688178 core_rx=50597031
BNO_CORE_EVENT kind=5 report_seq=210 uart_sequence=224093 sensor_raw=4294961896 sensor_converted=4294961896 xiao_rx=1671688187 queue_push=1671688189 core_rx=50598258
BNO_CORE_EVENT kind=1 report_seq=159 uart_sequence=224094 sensor_raw=4294966796 sensor_converted=4294966796 xiao_rx=1671696062 queue_push=1671696068 core_rx=50600367
BNO_CORE_EVENT kind=4 report_seq=235 uart_sequence=224095 sensor_raw=4294965196 sensor_converted=4294965196 xiao_rx=1671700445 queue_push=1671700448 core_rx=50605364
BNO_CORE_EVENT kind=2 report_seq=213 uart_sequence=224097 sensor_raw=4294962796 sensor_converted=4294962796 xiao_rx=1671707157 queue_push=1671707165 core_rx=50617201
BNO_CORE_EVENT kind=3 report_seq=213 uart_sequence=224098 sensor_raw=4294962796 sensor_converted=4294962796 xiao_rx=1671707187 queue_push=1671707188 core_rx=50618391
BNO_CORE_EVENT kind=5 report_seq=211 uart_sequence=224099 sensor_raw=4294962796 sensor_converted=4294962796 xiao_rx=1671707197 queue_push=1671707199 core_rx=50619468
BNO_CORE_EVENT kind=1 report_seq=160 uart_sequence=224100 sensor_raw=4294964396 sensor_converted=4294964396 xiao_rx=1671715121 queue_push=1671715127 core_rx=50621058
BNO_CORE_EVENT kind=2 report_seq=214 uart_sequence=224103 sensor_raw=4294964996 sensor_converted=4294964996 xiao_rx=1671721206 queue_push=1671721213 core_rx=50627365
BNO_CORE_EVENT kind=3 report_seq=214 uart_sequence=224105 sensor_raw=4294962396 sensor_converted=4294962396 xiao_rx=1671726653 queue_push=1671726660 core_rx=50632368
BNO_CORE_EVENT kind=5 report_seq=212 uart_sequence=224106 sensor_raw=4294962396 sensor_converted=4294962396 xiao_rx=1671726685 queue_push=1671726687 core_rx=50633528
BNO_CORE_EVENT kind=1 report_seq=161 uart_sequence=224107 sensor_raw=4294963696 sensor_converted=4294963696 xiao_rx=1671730424 queue_push=1671730428 core_rx=50636377
BNO_CORE_EVENT kind=2 report_seq=215 uart_sequence=224109 sensor_raw=4294964796 sensor_converted=4294964796 xiao_rx=1671741339 queue_push=1671741348 core_rx=50651388
BNO_CORE_EVENT kind=3 report_seq=215 uart_sequence=224110 sensor_raw=4294962196 sensor_converted=4294962196 xiao_rx=1671745797 queue_push=1671745799 core_rx=50654056
BNO_CORE_EVENT kind=5 report_seq=213 uart_sequence=224111 sensor_raw=4294962196 sensor_converted=4294962196 xiao_rx=1671745817 queue_push=1671745819 core_rx=50655257
BNO_CORE_EVENT kind=4 report_seq=236 uart_sequence=224112 sensor_raw=4294962196 sensor_converted=4294962196 xiao_rx=1671745828 queue_push=1671745829 core_rx=50656320
BNO_CORE_EVENT kind=1 report_seq=162 uart_sequence=224114 sensor_raw=4294959796 sensor_converted=4294959796 xiao_rx=1671751389 queue_push=1671751395 core_rx=50659333
BNO_CORE_EVENT kind=1 report_seq=163 uart_sequence=224115 sensor_raw=4294966796 sensor_converted=4294966796 xiao_rx=1671758448 queue_push=1671758453 core_rx=50663384
BNO_CORE_EVENT kind=2 report_seq=216 uart_sequence=224116 sensor_raw=4294964796 sensor_converted=4294964796 xiao_rx=1671762043 queue_push=1671762048 core_rx=50666379
BNO_CORE_EVENT kind=3 report_seq=216 uart_sequence=224117 sensor_raw=4294961896 sensor_converted=4294961896 xiao_rx=1671768131 queue_push=1671768135 core_rx=50673406
BNO_CORE_EVENT kind=5 report_seq=214 uart_sequence=224118 sensor_raw=4294961896 sensor_converted=4294961896 xiao_rx=1671768155 queue_push=1671768156 core_rx=50676003
BNO_CORE_EVENT kind=1 report_seq=164 uart_sequence=224121 sensor_raw=4294966796 sensor_converted=4294966796 xiao_rx=1671774630 queue_push=1671774637 core_rx=50682641
BNO_CORE_EVENT kind=2 report_seq=217 uart_sequence=224127 sensor_raw=4294965196 sensor_converted=4294965196 xiao_rx=1671782680 queue_push=1671782690 core_rx=50696389
BNO_CORE_EVENT kind=3 report_seq=217 uart_sequence=224128 sensor_raw=4294961096 sensor_converted=4294961096 xiao_rx=1671788294 queue_push=1671788297 core_rx=50699094
BNO_CORE_EVENT kind=5 report_seq=215 uart_sequence=224129 sensor_raw=4294961096 sensor_converted=4294961096 xiao_rx=1671788316 queue_push=1671788318 core_rx=50700304
BNO_CORE_EVENT kind=4 report_seq=237 uart_sequence=224130 sensor_raw=4294961096 sensor_converted=4294961096 xiao_rx=1671788327 queue_push=1671788329 core_rx=50701380
BNO_CORE_EVENT kind=1 report_seq=165 uart_sequence=224131 sensor_raw=4294964796 sensor_converted=4294964796 xiao_rx=1671790765 queue_push=1671790769 core_rx=50704171
BNO_CORE_EVENT kind=2 report_seq=218 uart_sequence=224133 sensor_raw=4294964996 sensor_converted=4294964996 xiao_rx=1671800905 queue_push=1671800913 core_rx=50707341
BNO_CORE_EVENT kind=3 report_seq=218 uart_sequence=224136 sensor_raw=4294962596 sensor_converted=4294962596 xiao_rx=1671806640 queue_push=1671806647 core_rx=50714950
BNO_CORE_EVENT kind=5 report_seq=216 uart_sequence=224137 sensor_raw=4294962596 sensor_converted=4294962596 xiao_rx=1671806667 queue_push=1671806669 core_rx=50717007
BNO_CORE_EVENT kind=1 report_seq=166 uart_sequence=224138 sensor_raw=4294963896 sensor_converted=4294963896 xiao_rx=1671809678 queue_push=1671809682 core_rx=50718063
BNO_CORE_EVENT kind=2 report_seq=219 uart_sequence=224140 sensor_raw=4294964596 sensor_converted=4294964596 xiao_rx=1671821526 queue_push=1671821535 core_rx=50734385
BNO_CORE_EVENT kind=3 report_seq=219 uart_sequence=224141 sensor_raw=4294962196 sensor_converted=4294962196 xiao_rx=1671828242 queue_push=1671828245 core_rx=50737095
BNO_CORE_EVENT kind=5 report_seq=217 uart_sequence=224142 sensor_raw=4294962196 sensor_converted=4294962196 xiao_rx=1671828261 queue_push=1671828263 core_rx=50738322
BNO_CORE_EVENT kind=4 report_seq=238 uart_sequence=224143 sensor_raw=4294962196 sensor_converted=4294962196 xiao_rx=1671828274 queue_push=1671828276 core_rx=50739392
BNO_CORE_EVENT kind=1 report_seq=167 uart_sequence=224144 sensor_raw=4294963396 sensor_converted=4294963396 xiao_rx=1671828282 queue_push=1671828284 core_rx=50742148
BNO_CORE_EVENT kind=1 report_seq=168 uart_sequence=224148 sensor_raw=4294966596 sensor_converted=4294966596 xiao_rx=1671839655 queue_push=1671839661 core_rx=50749622
BNO_CORE_EVENT kind=2 report_seq=220 uart_sequence=224149 sensor_raw=4294964796 sensor_converted=4294964796 xiao_rx=1671842128 queue_push=1671842132 core_rx=50752024
BNO_CORE_EVENT kind=3 report_seq=220 uart_sequence=224152 sensor_raw=4294961296 sensor_converted=4294961296 xiao_rx=1671848671 queue_push=1671848677 core_rx=50756396
BNO_CORE_EVENT kind=5 report_seq=218 uart_sequence=224153 sensor_raw=4294961296 sensor_converted=4294961296 xiao_rx=1671848701 queue_push=1671848703 core_rx=50757648
BNO_CORE_EVENT kind=1 report_seq=169 uart_sequence=224154 sensor_raw=4294966596 sensor_converted=4294966596 xiao_rx=1671853183 queue_push=1671853187 core_rx=50760341
BNO_CORE_EVENT kind=2 report_seq=221 uart_sequence=224155 sensor_raw=4294965196 sensor_converted=4294965196 xiao_rx=1671861036 queue_push=1671861042 core_rx=50765391
BNO_CORE_EVENT kind=3 report_seq=221 uart_sequence=224156 sensor_raw=4294962596 sensor_converted=4294962596 xiao_rx=1671868022 queue_push=1671868028 core_rx=50776402
BNO_CORE_EVENT kind=5 report_seq=219 uart_sequence=224157 sensor_raw=4294962596 sensor_converted=4294962596 xiao_rx=1671868044 queue_push=1671868046 core_rx=50779103
BNO_CORE_EVENT kind=4 report_seq=239 uart_sequence=224158 sensor_raw=4294962596 sensor_converted=4294962596 xiao_rx=1671868057 queue_push=1671868058 core_rx=50780309
BNO_CORE_EVENT kind=1 report_seq=170 uart_sequence=224160 sensor_raw=4294964396 sensor_converted=4294964396 xiao_rx=1671870496 queue_push=1671870498 core_rx=50784553
BNO_CORE_EVENT kind=2 report_seq=222 uart_sequence=224164 sensor_raw=4294964996 sensor_converted=4294964996 xiao_rx=1671881131 queue_push=1671881141 core_rx=50789788
BNO_CORE_EVENT kind=3 report_seq=222 uart_sequence=224168 sensor_raw=4294962396 sensor_converted=4294962396 xiao_rx=1671889789 queue_push=1671889795 core_rx=50798409
BNO_CORE_EVENT kind=5 report_seq=220 uart_sequence=224169 sensor_raw=4294962396 sensor_converted=4294962396 xiao_rx=1671889819 queue_push=1671889821 core_rx=50800591
BNO_CORE_EVENT kind=1 report_seq=171 uart_sequence=224170 sensor_raw=4294958396 sensor_converted=4294958396 xiao_rx=1671892928 queue_push=1671892931 core_rx=50801798
BNO_CORE_EVENT kind=2 report_seq=223 uart_sequence=224171 sensor_raw=4294964596 sensor_converted=4294964596 xiao_rx=1671901670 queue_push=1671901678 core_rx=50806417
BNO_CORE_EVENT kind=3 report_seq=223 uart_sequence=224173 sensor_raw=4294962196 sensor_converted=4294962196 xiao_rx=1671909055 queue_push=1671909063 core_rx=50814383
BNO_CORE_EVENT kind=5 report_seq=221 uart_sequence=224174 sensor_raw=4294962196 sensor_converted=4294962196 xiao_rx=1671909088 queue_push=1671909090 core_rx=50817060
BNO_CORE_EVENT kind=4 report_seq=240 uart_sequence=224175 sensor_raw=4294962196 sensor_converted=4294962196 xiao_rx=1671909102 queue_push=1671909104 core_rx=50818290
BNO_CORE_EVENT kind=1 report_seq=172 uart_sequence=224176 sensor_raw=4294962296 sensor_converted=4294962296 xiao_rx=1671909111 queue_push=1671909112 core_rx=50819332
BNO_CORE_EVENT kind=1 report_seq=173 uart_sequence=224178 sensor_raw=4294966796 sensor_converted=4294966796 xiao_rx=1671917050 queue_push=1671917055 core_rx=50822204
BNO_CORE_EVENT kind=2 report_seq=224 uart_sequence=224179 sensor_raw=4294964396 sensor_converted=4294964396 xiao_rx=1671921427 queue_push=1671921431 core_rx=50826379
BNO_CORE_EVENT kind=3 report_seq=224 uart_sequence=224180 sensor_raw=4294961896 sensor_converted=4294961896 xiao_rx=1671927208 queue_push=1671927213 core_rx=50831381
BNO_CORE_EVENT kind=5 report_seq=222 uart_sequence=224181 sensor_raw=4294961896 sensor_converted=4294961896 xiao_rx=1671927237 queue_push=1671927239 core_rx=50832879
BNO_CORE_EVENT kind=1 report_seq=174 uart_sequence=224182 sensor_raw=4294965696 sensor_converted=4294965696 xiao_rx=1671933037 queue_push=1671933043 core_rx=50838401
BNO_CORE_EVENT kind=2 report_seq=225 uart_sequence=224186 sensor_raw=4294964996 sensor_converted=4294964996 xiao_rx=1671941100 queue_push=1671941110 core_rx=50847937
BNO_CORE_EVENT kind=3 report_seq=225 uart_sequence=224188 sensor_raw=4294962396 sensor_converted=4294962396 xiao_rx=1671948179 queue_push=1671948186 core_rx=50856389
BNO_CORE_EVENT kind=5 report_seq=223 uart_sequence=224189 sensor_raw=4294962396 sensor_converted=4294962396 xiao_rx=1671948211 queue_push=1671948213 core_rx=50859009
BNO_CORE_EVENT kind=4 report_seq=241 uart_sequence=224190 sensor_raw=4294962396 sensor_converted=4294962396 xiao_rx=1671948225 queue_push=1671948227 core_rx=50860066
BNO_CORE_EVENT kind=1 report_seq=175 uart_sequence=224191 sensor_raw=4294963496 sensor_converted=4294963496 xiao_rx=1671950667 queue_push=1671950670 core_rx=50861109
BNO_CORE_EVENT kind=2 report_seq=226 uart_sequence=224192 sensor_raw=4294965196 sensor_converted=4294965196 xiao_rx=1671960993 queue_push=1671961002 core_rx=50865376
BNO_CORE_EVENT kind=3 report_seq=226 uart_sequence=224193 sensor_raw=4294962596 sensor_converted=4294962596 xiao_rx=1671967100 queue_push=1671967103 core_rx=50872389
BNO_CORE_EVENT kind=5 report_seq=224 uart_sequence=224194 sensor_raw=4294962596 sensor_converted=4294962596 xiao_rx=1671967121 queue_push=1671967123 core_rx=50873614
BNO_CORE_EVENT kind=1 report_seq=176 uart_sequence=224196 sensor_raw=4294959796 sensor_converted=4294959796 xiao_rx=1671971498 queue_push=1671971511 core_rx=50880235
BNO_CORE_EVENT kind=1 report_seq=177 uart_sequence=224201 sensor_raw=4294966396 sensor_converted=4294966396 xiao_rx=1671979724 queue_push=1671979732 core_rx=50889355
BNO_CORE_EVENT kind=2 report_seq=227 uart_sequence=224202 sensor_raw=4294963896 sensor_converted=4294963896 xiao_rx=1671983323 queue_push=1671983328 core_rx=50892025
BNO_CORE_EVENT kind=3 report_seq=227 uart_sequence=224203 sensor_raw=4294963896 sensor_converted=4294963896 xiao_rx=1671983350 queue_push=1671983351 core_rx=50893108
BNO_CORE_EVENT kind=5 report_seq=225 uart_sequence=224206 sensor_raw=4294960196 sensor_converted=4294960196 xiao_rx=1671992322 queue_push=1671992330 core_rx=50901400
BNO_CORE_EVENT kind=4 report_seq=242 uart_sequence=224207 sensor_raw=4294960196 sensor_converted=4294960196 xiao_rx=1671992354 queue_push=1671992355 core_rx=50904029
BNO_CORE_EVENT kind=1 report_seq=178 uart_sequence=224208 sensor_raw=4294966596 sensor_converted=4294966596 xiao_rx=1671995472 queue_push=1671995484 core_rx=50905193
BNO_CORE_EVENT kind=2 report_seq=228 uart_sequence=224209 sensor_raw=4294964996 sensor_converted=4294964996 xiao_rx=1672001129 queue_push=1672001134 core_rx=50906899
BNO_CORE_EVENT kind=3 report_seq=228 uart_sequence=224211 sensor_raw=4294962596 sensor_converted=4294962596 xiao_rx=1672009281 queue_push=1672009288 core_rx=50915367
BNO_CORE_EVENT kind=5 report_seq=226 uart_sequence=224212 sensor_raw=4294962596 sensor_converted=4294962596 xiao_rx=1672009314 queue_push=1672009315 core_rx=50916600
BNO_CORE_EVENT kind=1 report_seq=179 uart_sequence=224214 sensor_raw=4294964396 sensor_converted=4294964396 xiao_rx=1672014570 queue_push=1672014574 core_rx=50920363
BNO_CORE_EVENT kind=2 report_seq=229 uart_sequence=224215 sensor_raw=4294964996 sensor_converted=4294964996 xiao_rx=1672020999 queue_push=1672021006 core_rx=50925380
BNO_CORE_EVENT kind=3 report_seq=229 uart_sequence=224216 sensor_raw=4294962596 sensor_converted=4294962596 xiao_rx=1672027383 queue_push=1672027389 core_rx=50933414
BNO_CORE_EVENT kind=5 report_seq=227 uart_sequence=224217 sensor_raw=4294962596 sensor_converted=4294962596 xiao_rx=1672027411 queue_push=1672027412 core_rx=50936006
BNO_CORE_EVENT kind=4 report_seq=243 uart_sequence=224218 sensor_raw=4294962596 sensor_converted=4294962596 xiao_rx=1672027425 queue_push=1672027426 core_rx=50937081
BNO_CORE_EVENT kind=1 report_seq=180 uart_sequence=224219 sensor_raw=4294963296 sensor_converted=4294963296 xiao_rx=1672033502 queue_push=1672033509 core_rx=50938935
BNO_CORE_EVENT kind=2 report_seq=230 uart_sequence=224223 sensor_raw=4294963896 sensor_converted=4294963896 xiao_rx=1672043037 queue_push=1672043045 core_rx=50949334
BNO_CORE_EVENT kind=3 report_seq=230 uart_sequence=224226 sensor_raw=4294960596 sensor_converted=4294960596 xiao_rx=1672049738 queue_push=1672049744 core_rx=50955386
BNO_CORE_EVENT kind=5 report_seq=228 uart_sequence=224227 sensor_raw=4294960596 sensor_converted=4294960596 xiao_rx=1672049770 queue_push=1672049771 core_rx=50958060
BNO_CORE_EVENT kind=1 report_seq=181 uart_sequence=224228 sensor_raw=4294963496 sensor_converted=4294963496 xiao_rx=1672049778 queue_push=1672049779 core_rx=50959249
BNO_CORE_EVENT kind=1 report_seq=182 uart_sequence=224229 sensor_raw=4294966296 sensor_converted=4294966296 xiao_rx=1672059186 queue_push=1672059193 core_rx=50963383
BNO_CORE_EVENT kind=4 report_seq=244 uart_sequence=224230 sensor_raw=4294963896 sensor_converted=4294963896 xiao_rx=1672062016 queue_push=1672062020 core_rx=50966387
BNO_CORE_EVENT kind=2 report_seq=231 uart_sequence=224231 sensor_raw=4294961096 sensor_converted=4294961096 xiao_rx=1672068068 queue_push=1672068072 core_rx=50973397
BNO_CORE_EVENT kind=3 report_seq=231 uart_sequence=224232 sensor_raw=4294961096 sensor_converted=4294961096 xiao_rx=1672068089 queue_push=1672068090 core_rx=50974944
BNO_CORE_EVENT kind=5 report_seq=229 uart_sequence=224233 sensor_raw=4294961096 sensor_converted=4294961096 xiao_rx=1672068100 queue_push=1672068101 core_rx=50976555
BNO_CORE_EVENT kind=1 report_seq=183 uart_sequence=224236 sensor_raw=4294966796 sensor_converted=4294966796 xiao_rx=1672075982 queue_push=1672075989 core_rx=50982361
BNO_CORE_EVENT kind=2 report_seq=232 uart_sequence=224240 sensor_raw=4294964396 sensor_converted=4294964396 xiao_rx=1672081291 queue_push=1672081303 core_rx=50992409
BNO_CORE_EVENT kind=3 report_seq=232 uart_sequence=224241 sensor_raw=4294961896 sensor_converted=4294961896 xiao_rx=1672086186 queue_push=1672086189 core_rx=50995095
BNO_CORE_EVENT kind=5 report_seq=230 uart_sequence=224242 sensor_raw=4294961896 sensor_converted=4294961896 xiao_rx=1672086205 queue_push=1672086207 core_rx=50996291
BNO_CORE_EVENT kind=1 report_seq=184 uart_sequence=224245 sensor_raw=4294964196 sensor_converted=4294964196 xiao_rx=1672095446 queue_push=1672095453 core_rx=51002384
BNO_CORE_EVENT kind=2 report_seq=233 uart_sequence=224246 sensor_raw=4294964996 sensor_converted=4294964996 xiao_rx=1672101053 queue_push=1672101057 core_rx=51007421
BNO_CORE_EVENT kind=3 report_seq=233 uart_sequence=224249 sensor_raw=4294962596 sensor_converted=4294962596 xiao_rx=1672110105 queue_push=1672110114 core_rx=51018998
BNO_CORE_EVENT kind=5 report_seq=231 uart_sequence=224250 sensor_raw=4294962596 sensor_converted=4294962596 xiao_rx=1672110142 queue_push=1672110143 core_rx=51020574
BNO_CORE_EVENT kind=4 report_seq=245 uart_sequence=224251 sensor_raw=4294962596 sensor_converted=4294962596 xiao_rx=1672110155 queue_push=1672110157 core_rx=51022215
BNO_CORE_EVENT kind=1 report_seq=185 uart_sequence=224252 sensor_raw=4294959996 sensor_converted=4294959996 xiao_rx=1672113917 queue_push=1672113920 core_rx=51023364
BNO_CORE_EVENT kind=2 report_seq=234 uart_sequence=224253 sensor_raw=4294964796 sensor_converted=4294964796 xiao_rx=1672121362 queue_push=1672121368 core_rx=51031412
BNO_CORE_EVENT kind=3 report_seq=234 uart_sequence=224254 sensor_raw=4294962196 sensor_converted=4294962196 xiao_rx=1672125561 queue_push=1672125563 core_rx=51034049
BNO_CORE_EVENT kind=5 report_seq=232 uart_sequence=224255 sensor_raw=4294962196 sensor_converted=4294962196 xiao_rx=1672125576 queue_push=1672125578 core_rx=51035275
BNO_CORE_EVENT kind=1 report_seq=186 uart_sequence=224256 sensor_raw=4294959996 sensor_converted=4294959996 xiao_rx=1672130396 queue_push=1672130401 core_rx=51037342
BNO_CORE_EVENT kind=1 report_seq=187 uart_sequence=224258 sensor_raw=4294966796 sensor_converted=4294966796 xiao_rx=1672138541 queue_push=1672138548 core_rx=51046373
BNO_CORE_EVENT kind=2 report_seq=235 uart_sequence=224259 sensor_raw=4294964796 sensor_converted=4294964796 xiao_rx=1672141005 queue_push=1672141009 core_rx=51049097
BNO_CORE_EVENT kind=3 report_seq=235 uart_sequence=224263 sensor_raw=4294962196 sensor_converted=4294962196 xiao_rx=1672149989 queue_push=1672150000 core_rx=51056385
BNO_CORE_EVENT kind=5 report_seq=233 uart_sequence=224264 sensor_raw=4294962196 sensor_converted=4294962196 xiao_rx=1672150029 queue_push=1672150031 core_rx=51057614
BNO_CORE_EVENT kind=4 report_seq=246 uart_sequence=224265 sensor_raw=4294962296 sensor_converted=4294962296 xiao_rx=1672150044 queue_push=1672150045 core_rx=51058654
BNO_CORE_EVENT kind=1 report_seq=188 uart_sequence=224266 sensor_raw=4294966596 sensor_converted=4294966596 xiao_rx=1672155501 queue_push=1672155506 core_rx=51061330
BNO_CORE_EVENT kind=2 report_seq=236 uart_sequence=224267 sensor_raw=4294964996 sensor_converted=4294964996 xiao_rx=1672161066 queue_push=1672161071 core_rx=51065382
BNO_CORE_EVENT kind=3 report_seq=236 uart_sequence=224268 sensor_raw=4294962596 sensor_converted=4294962596 xiao_rx=1672167108 queue_push=1672167112 core_rx=51071936
BNO_CORE_EVENT kind=5 report_seq=234 uart_sequence=224269 sensor_raw=4294962596 sensor_converted=4294962596 xiao_rx=1672167128 queue_push=1672167130 core_rx=51074997
BNO_CORE_EVENT kind=1 report_seq=189 uart_sequence=224271 sensor_raw=4294965496 sensor_converted=4294965496 xiao_rx=1672174063 queue_push=1672174070 core_rx=51079330
BNO_CORE_EVENT kind=2 report_seq=237 uart_sequence=224276 sensor_raw=4294964996 sensor_converted=4294964996 xiao_rx=1672181239 queue_push=1672181249 core_rx=51088701
BNO_CORE_EVENT kind=3 report_seq=237 uart_sequence=224277 sensor_raw=4294962396 sensor_converted=4294962396 xiao_rx=1672187739 queue_push=1672187744 core_rx=51095396
BNO_CORE_EVENT kind=5 report_seq=235 uart_sequence=224278 sensor_raw=4294962396 sensor_converted=4294962396 xiao_rx=1672187769 queue_push=1672187771 core_rx=51098028
BNO_CORE_EVENT kind=4 report_seq=247 uart_sequence=224279 sensor_raw=4294962396 sensor_converted=4294962396 xiao_rx=1672187782 queue_push=1672187784 core_rx=51099116
BNO_CORE_EVENT kind=1 report_seq=190 uart_sequence=224280 sensor_raw=4294961696 sensor_converted=4294961696 xiao_rx=1672190204 queue_push=1672190205 core_rx=51100167
BNO_CORE_EVENT kind=2 report_seq=238 uart_sequence=224284 sensor_raw=4294964596 sensor_converted=4294964596 xiao_rx=1672201280 queue_push=1672201290 core_rx=51113399
BNO_CORE_EVENT kind=3 report_seq=238 uart_sequence=224285 sensor_raw=4294962196 sensor_converted=4294962196 xiao_rx=1672207118 queue_push=1672207122 core_rx=51116065
BNO_CORE_EVENT kind=5 report_seq=236 uart_sequence=224286 sensor_raw=4294962196 sensor_converted=4294962196 xiao_rx=1672207143 queue_push=1672207145 core_rx=51117265
BNO_CORE_EVENT kind=1 report_seq=191 uart_sequence=224287 sensor_raw=4294963396 sensor_converted=4294963396 xiao_rx=1672207151 queue_push=1672207153 core_rx=51118314
BNO_CORE_EVENT kind=1 report_seq=192 uart_sequence=224289 sensor_raw=4294966796 sensor_converted=4294966796 xiao_rx=1672217322 queue_push=1672217328 core_rx=51123388
XIAO UART baud=921600 rx=GPIO8 tx=GPIO9 bytes=969680 frames=1581 bytes_s=38172 frames_s=376 crc/cobs/len=0/0/0 seqgap=0 age_ms=0 type=2 log=1 q=1 rec=245 final=0
BNO_CORE_EVENT kind=4 report_seq=248 uart_sequence=224290 sensor_raw=4294965196 sensor_converted=4294965196 xiao_rx=1672221057 queue_push=1672221060 core_rx=51125393
RXDIAG max_us=6428 budget_hits=0 byte/frame/time=0/0/0 rx_buf_max=481 loop_period_max_us=730062 loop_exec_max_us=727693 free_heap=138544 min_free_heap=137880 reset_reason=0 bno_kind_1to5_s=63/50/50/25/50 queue=1 high=14 drops=0
RXDETAIL service_calls=38707 service_bytes_avg=25 service_bytes_max=481 service_frames_avg=0 service_frames_avg_x1000=197 service_frames_max=5 service_bytes_s=38172 service_frames_s=376 rxbuf_full_obs=0 bno_valid=1005 bno_invalid=0 unknown=0 uart_overflow=framework_unavailable trial_rx_bytes=160452 trial_frames=1580 trial_bno=1005 trial_crc/cobs/len=0/0/0
RXTASK mode=decode_count read_calls=38710 zero_reads=30314 read_bytes_max=481 rx_task_max_us=6428 rx_task_continuous_max_us=6428 stack_hwm_min_bytes=4472 cobs_delimiters=7656 rx_current=0 rx_max=481 rx_full=0 overflow=framework_unavailable
SDTASK max_process_us=121113
BNO_CORE_EVENT kind=2 report_seq=239 uart_sequence=224291 sensor_raw=4294961996 sensor_converted=4294961996 xiao_rx=1672227120 queue_push=1672227125 core_rx=51133423
BNO_CORE_EVENT kind=3 report_seq=239 uart_sequence=224292 sensor_raw=4294961996 sensor_converted=4294961996 xiao_rx=1672227145 queue_push=1672227147 core_rx=51136004
BNO_CORE_EVENT kind=5 report_seq=237 uart_sequence=224293 sensor_raw=4294961996 sensor_converted=4294961996 xiao_rx=1672227157 queue_push=1672227159 core_rx=51137066
BNO_CORE_EVENT kind=1 report_seq=193 uart_sequence=224294 sensor_raw=4294966396 sensor_converted=4294966396 xiao_rx=1672233764 queue_push=1672233770 core_rx=51138981
BNO_CORE_EVENT kind=2 report_seq=240 uart_sequence=224298 sensor_raw=4294964996 sensor_converted=4294964996 xiao_rx=1672241016 queue_push=1672241025 core_rx=51154380
BNO_CORE_EVENT kind=3 report_seq=240 uart_sequence=224299 sensor_raw=4294962596 sensor_converted=4294962596 xiao_rx=1672245921 queue_push=1672245925 core_rx=51157032
BNO_CORE_EVENT kind=5 report_seq=238 uart_sequence=224300 sensor_raw=4294962596 sensor_converted=4294962596 xiao_rx=1672245950 queue_push=1672245951 core_rx=51158117
BNO_CORE_EVENT kind=1 report_seq=194 uart_sequence=224301 sensor_raw=4294966296 sensor_converted=4294966296 xiao_rx=1672248411 queue_push=1672248414 core_rx=51159176
BNO_CORE_EVENT kind=2 report_seq=241 uart_sequence=224305 sensor_raw=4294964996 sensor_converted=4294964996 xiao_rx=1672261022 queue_push=1672261032 core_rx=51165390
BNO_CORE_EVENT kind=3 report_seq=241 uart_sequence=224307 sensor_raw=4294962396 sensor_converted=4294962396 xiao_rx=1672268637 queue_push=1672268645 core_rx=51177351
BNO_CORE_EVENT kind=5 report_seq=239 uart_sequence=224308 sensor_raw=4294962396 sensor_converted=4294962396 xiao_rx=1672268668 queue_push=1672268670 core_rx=51178544
BNO_CORE_EVENT kind=4 report_seq=249 uart_sequence=224309 sensor_raw=4294962396 sensor_converted=4294962396 xiao_rx=1672268682 queue_push=1672268684 core_rx=51180221
BNO_CORE_EVENT kind=1 report_seq=195 uart_sequence=224310 sensor_raw=4294959996 sensor_converted=4294959996 xiao_rx=1672271148 queue_push=1672271151 core_rx=51181351
BNO_CORE_EVENT kind=2 report_seq=242 uart_sequence=224314 sensor_raw=4294964596 sensor_converted=4294964596 xiao_rx=1672281548 queue_push=1672281559 core_rx=51192899
BNO_CORE_EVENT kind=3 report_seq=242 uart_sequence=224315 sensor_raw=4294961996 sensor_converted=4294961996 xiao_rx=1672287309 queue_push=1672287312 core_rx=51195008
BNO_CORE_EVENT kind=5 report_seq=240 uart_sequence=224316 sensor_raw=4294961996 sensor_converted=4294961996 xiao_rx=1672287328 queue_push=1672287330 core_rx=51196095
BNO_CORE_EVENT kind=1 report_seq=196 uart_sequence=224317 sensor_raw=4294962296 sensor_converted=4294962296 xiao_rx=1672287336 queue_push=1672287338 core_rx=51197161
BNO_CORE_EVENT kind=1 report_seq=197 uart_sequence=224319 sensor_raw=4294966796 sensor_converted=4294966796 xiao_rx=1672297275 queue_push=1672297281 core_rx=51201353
BNO_CORE_EVENT kind=4 report_seq=250 uart_sequence=224321 sensor_raw=4294965296 sensor_converted=4294965296 xiao_rx=1672301653 queue_push=1672301659 core_rx=51210428
BNO_CORE_EVENT kind=2 report_seq=243 uart_sequence=224322 sensor_raw=4294962196 sensor_converted=4294962196 xiao_rx=1672306298 queue_push=1672306302 core_rx=51213381
BNO_CORE_EVENT kind=3 report_seq=243 uart_sequence=224323 sensor_raw=4294962196 sensor_converted=4294962196 xiao_rx=1672306318 queue_push=1672306320 core_rx=51214816
BNO_CORE_EVENT kind=5 report_seq=241 uart_sequence=224327 sensor_raw=4294956696 sensor_converted=4294956696 xiao_rx=1672314583 queue_push=1672314590 core_rx=51223406
BNO_CORE_EVENT kind=1 report_seq=198 uart_sequence=224328 sensor_raw=4294960996 sensor_converted=4294960996 xiao_rx=1672317693 queue_push=1672317696 core_rx=51225379
BNO_CORE_EVENT kind=2 report_seq=244 uart_sequence=224329 sensor_raw=4294964196 sensor_converted=4294964196 xiao_rx=1672321454 queue_push=1672321458 core_rx=51232064
BNO_CORE_EVENT kind=3 report_seq=244 uart_sequence=224330 sensor_raw=4294961696 sensor_converted=4294961696 xiao_rx=1672326365 queue_push=1672326367 core_rx=51235052
BNO_CORE_EVENT kind=5 report_seq=242 uart_sequence=224331 sensor_raw=4294961696 sensor_converted=4294961696 xiao_rx=1672326376 queue_push=1672326378 core_rx=51237654
BNO_CORE_EVENT kind=1 report_seq=199 uart_sequence=224333 sensor_raw=4294964996 sensor_converted=4294964996 xiao_rx=1672332145 queue_push=1672332154 core_rx=51242261
BNO_CORE_EVENT kind=2 report_seq=245 uart_sequence=224334 sensor_raw=4294964996 sensor_converted=4294964996 xiao_rx=1672341052 queue_push=1672341058 core_rx=51247374
BNO_CORE_EVENT kind=3 report_seq=245 uart_sequence=224336 sensor_raw=4294962596 sensor_converted=4294962596 xiao_rx=1672347786 queue_push=1672347794 core_rx=51256395
BNO_CORE_EVENT kind=5 report_seq=243 uart_sequence=224337 sensor_raw=4294962596 sensor_converted=4294962596 xiao_rx=1672347820 queue_push=1672347822 core_rx=51259004
BNO_CORE_EVENT kind=1 report_seq=200 uart_sequence=224338 sensor_raw=4294959296 sensor_converted=4294959296 xiao_rx=1672351156 queue_push=1672351159 core_rx=51260066
BNO_CORE_EVENT kind=4 report_seq=251 uart_sequence=224339 sensor_raw=4294959296 sensor_converted=4294959296 xiao_rx=1672351176 queue_push=1672351178 core_rx=51261114
BNO_CORE_EVENT kind=1 report_seq=201 uart_sequence=224340 sensor_raw=4294966396 sensor_converted=4294966396 xiao_rx=1672359537 queue_push=1672359543 core_rx=51265397
BNO_CORE_EVENT kind=2 report_seq=246 uart_sequence=224344 sensor_raw=4294963896 sensor_converted=4294963896 xiao_rx=1672367738 queue_push=1672367745 core_rx=51276412
BNO_CORE_EVENT kind=3 report_seq=246 uart_sequence=224345 sensor_raw=4294963896 sensor_converted=4294963896 xiao_rx=1672367773 queue_push=1672367774 core_rx=51279447
BNO_CORE_EVENT kind=5 report_seq=244 uart_sequence=224346 sensor_raw=4294955696 sensor_converted=4294955696 xiao_rx=1672370214 queue_push=1672370216 core_rx=51280608
BNO_CORE_EVENT kind=1 report_seq=202 uart_sequence=224348 sensor_raw=4294966796 sensor_converted=4294966796 xiao_rx=1672376591 queue_push=1672376597 core_rx=51284215
BNO_CORE_EVENT kind=4 report_seq=252 uart_sequence=224351 sensor_raw=4294965196 sensor_converted=4294965196 xiao_rx=1672380701 queue_push=1672380706 core_rx=51291981
BNO_CORE_EVENT kind=2 report_seq=247 uart_sequence=224352 sensor_raw=4294962396 sensor_converted=4294962396 xiao_rx=1672386523 queue_push=1672386527 core_rx=51293579
BNO_CORE_EVENT kind=3 report_seq=247 uart_sequence=224353 sensor_raw=4294962396 sensor_converted=4294962396 xiao_rx=1672386545 queue_push=1672386547 core_rx=51295243
BNO_CORE_EVENT kind=5 report_seq=245 uart_sequence=224354 sensor_raw=4294962396 sensor_converted=4294962396 xiao_rx=1672386557 queue_push=1672386559 core_rx=51296406
BNO_CORE_EVENT kind=1 report_seq=203 uart_sequence=224355 sensor_raw=4294964996 sensor_converted=4294964996 xiao_rx=1672393620 queue_push=1672393626 core_rx=51299380
BNO_CORE_EVENT kind=2 report_seq=248 uart_sequence=224358 sensor_raw=4294964996 sensor_converted=4294964996 xiao_rx=1672402031 queue_push=1672402039 core_rx=51312465
BNO_CORE_EVENT kind=3 report_seq=248 uart_sequence=224359 sensor_raw=4294961296 sensor_converted=4294961296 xiao_rx=1672406238 queue_push=1672406242 core_rx=51315040
BNO_CORE_EVENT kind=5 report_seq=246 uart_sequence=224360 sensor_raw=4294961296 sensor_converted=4294961296 xiao_rx=1672406266 queue_push=1672406268 core_rx=51316178
BNO_CORE_EVENT kind=1 report_seq=204 uart_sequence=224362 sensor_raw=4294964096 sensor_converted=4294964096 xiao_rx=1672413503 queue_push=1672413509 core_rx=51319014
BNO_CORE_EVENT kind=2 report_seq=249 uart_sequence=224365 sensor_raw=4294964996 sensor_converted=4294964996 xiao_rx=1672420978 queue_push=1672420984 core_rx=51326381
BNO_CORE_EVENT kind=3 report_seq=249 uart_sequence=224366 sensor_raw=4294962396 sensor_converted=4294962396 xiao_rx=1672428942 queue_push=1672428949 core_rx=51334393
BNO_CORE_EVENT kind=5 report_seq=247 uart_sequence=224367 sensor_raw=4294962396 sensor_converted=4294962396 xiao_rx=1672428969 queue_push=1672428971 core_rx=51337089
BNO_CORE_EVENT kind=4 report_seq=253 uart_sequence=224368 sensor_raw=4294962396 sensor_converted=4294962396 xiao_rx=1672428982 queue_push=1672428984 core_rx=51338305
BNO_CORE_EVENT kind=1 report_seq=205 uart_sequence=224369 sensor_raw=4294965096 sensor_converted=4294965096 xiao_rx=1672428990 queue_push=1672428992 core_rx=51339356
BNO_CORE_EVENT kind=1 report_seq=206 uart_sequence=224371 sensor_raw=4294966796 sensor_converted=4294966796 xiao_rx=1672438708 queue_push=1672438716 core_rx=51344949
BNO_CORE_EVENT kind=2 report_seq=250 uart_sequence=224373 sensor_raw=4294964796 sensor_converted=4294964796 xiao_rx=1672442101 queue_push=1672442108 core_rx=51351362
BNO_CORE_EVENT kind=3 report_seq=250 uart_sequence=224374 sensor_raw=4294961696 sensor_converted=4294961696 xiao_rx=1672446968 queue_push=1672446970 core_rx=51352920
BNO_CORE_EVENT kind=5 report_seq=248 uart_sequence=224375 sensor_raw=4294961696 sensor_converted=4294961696 xiao_rx=1672446991 queue_push=1672446993 core_rx=51354567
BNO_CORE_EVENT kind=1 report_seq=207 uart_sequence=224377 sensor_raw=4294966796 sensor_converted=4294966796 xiao_rx=1672454665 queue_push=1672454671 core_rx=51359366
BNO_CORE_EVENT kind=2 report_seq=251 uart_sequence=224378 sensor_raw=4294965196 sensor_converted=4294965196 xiao_rx=1672460908 queue_push=1672460912 core_rx=51365376
BNO_CORE_EVENT kind=3 report_seq=251 uart_sequence=224380 sensor_raw=4294962596 sensor_converted=4294962596 xiao_rx=1672467181 queue_push=1672467189 core_rx=51373376
BNO_CORE_EVENT kind=5 report_seq=249 uart_sequence=224381 sensor_raw=4294962596 sensor_converted=4294962596 xiao_rx=1672467214 queue_push=1672467216 core_rx=51374594
BNO_CORE_EVENT kind=4 report_seq=254 uart_sequence=224382 sensor_raw=4294962596 sensor_converted=4294962596 xiao_rx=1672467228 queue_push=1672467230 core_rx=51377004
BNO_CORE_EVENT kind=1 report_seq=208 uart_sequence=224386 sensor_raw=4294964096 sensor_converted=4294964096 xiao_rx=1672475573 queue_push=1672475579 core_rx=51383304
BNO_CORE_EVENT kind=2 report_seq=252 uart_sequence=224388 sensor_raw=4294964996 sensor_converted=4294964996 xiao_rx=1672481199 queue_push=1672481203 core_rx=51386331
BNO_CORE_EVENT kind=3 report_seq=252 uart_sequence=224389 sensor_raw=4294962396 sensor_converted=4294962396 xiao_rx=1672486165 queue_push=1672486171 core_rx=51391380
BNO_CORE_EVENT kind=5 report_seq=250 uart_sequence=224390 sensor_raw=4294962396 sensor_converted=4294962396 xiao_rx=1672486195 queue_push=1672486197 core_rx=51392612
BNO_CORE_EVENT kind=1 report_seq=209 uart_sequence=224391 sensor_raw=4294963696 sensor_converted=4294963696 xiao_rx=1672489935 queue_push=1672489942 core_rx=51395339
BNO_CORE_EVENT kind=2 report_seq=253 uart_sequence=224394 sensor_raw=4294964796 sensor_converted=4294964796 xiao_rx=1672501302 queue_push=1672501312 core_rx=51414436
BNO_CORE_EVENT kind=3 report_seq=253 uart_sequence=224395 sensor_raw=4294962196 sensor_converted=4294962196 xiao_rx=1672508113 queue_push=1672508121 core_rx=51417069
BNO_CORE_EVENT kind=5 report_seq=251 uart_sequence=224396 sensor_raw=4294962196 sensor_converted=4294962196 xiao_rx=1672508148 queue_push=1672508150 core_rx=51419397
BNO_CORE_EVENT kind=4 report_seq=255 uart_sequence=224397 sensor_raw=4294962196 sensor_converted=4294962196 xiao_rx=1672508169 queue_push=1672508171 core_rx=51420458
BNO_CORE_EVENT kind=1 report_seq=210 uart_sequence=224398 sensor_raw=4294964196 sensor_converted=4294964196 xiao_rx=1672508179 queue_push=1672508181 core_rx=51421505
BNO_CORE_EVENT kind=1 report_seq=211 uart_sequence=224400 sensor_raw=4294966796 sensor_converted=4294966796 xiao_rx=1672518430 queue_push=1672518437 core_rx=51425360
BNO_CORE_EVENT kind=2 report_seq=254 uart_sequence=224403 sensor_raw=4294964796 sensor_converted=4294964796 xiao_rx=1672525603 queue_push=1672525608 core_rx=51431329
BNO_CORE_EVENT kind=3 report_seq=254 uart_sequence=224405 sensor_raw=4294957796 sensor_converted=4294957796 xiao_rx=1672530130 queue_push=1672530141 core_rx=51438411
BNO_CORE_EVENT kind=5 report_seq=252 uart_sequence=224407 sensor_raw=4294957796 sensor_converted=4294957796 xiao_rx=1672530169 queue_push=1672530171 core_rx=51441753
BNO_CORE_EVENT kind=1 report_seq=212 uart_sequence=224408 sensor_raw=4294966396 sensor_converted=4294966396 xiao_rx=1672538165 queue_push=1672538172 core_rx=51444367
BNO_CORE_EVENT kind=2 report_seq=255 uart_sequence=224409 sensor_raw=4294964796 sensor_converted=4294964796 xiao_rx=1672541592 queue_push=1672541596 core_rx=51447394
BNO_CORE_EVENT kind=3 report_seq=255 uart_sequence=224411 sensor_raw=4294961996 sensor_converted=4294961996 xiao_rx=1672548019 queue_push=1672548026 core_rx=51456399
BNO_CORE_EVENT kind=5 report_seq=253 uart_sequence=224412 sensor_raw=4294961996 sensor_converted=4294961996 xiao_rx=1672548052 queue_push=1672548053 core_rx=51459018
BNO_CORE_EVENT kind=4 report_seq=0 uart_sequence=224413 sensor_raw=4294961996 sensor_converted=4294961996 xiao_rx=1672548066 queue_push=1672548067 core_rx=51460112
BNO_CORE_EVENT kind=1 report_seq=213 uart_sequence=224414 sensor_raw=4294964796 sensor_converted=4294964796 xiao_rx=1672550503 queue_push=1672550506 core_rx=51461148
BNO_CORE_EVENT kind=2 report_seq=0 uart_sequence=224415 sensor_raw=4294964996 sensor_converted=4294964996 xiao_rx=1672560865 queue_push=1672560870 core_rx=51466359
BNO_CORE_EVENT kind=3 report_seq=0 uart_sequence=224417 sensor_raw=4294962596 sensor_converted=4294962596 xiao_rx=1672565158 queue_push=1672565166 core_rx=51472338
BNO_CORE_EVENT kind=5 report_seq=254 uart_sequence=224418 sensor_raw=4294962596 sensor_converted=4294962596 xiao_rx=1672565192 queue_push=1672565194 core_rx=51474383
BNO_CORE_EVENT kind=1 report_seq=214 uart_sequence=224419 sensor_raw=4294963896 sensor_converted=4294963896 xiao_rx=1672568267 queue_push=1672568270 core_rx=51477031
BNO_CORE_EVENT kind=2 report_seq=1 uart_sequence=224424 sensor_raw=4294964796 sensor_converted=4294964796 xiao_rx=1672581297 queue_push=1672581304 core_rx=51492373
BNO_CORE_EVENT kind=3 report_seq=1 uart_sequence=224425 sensor_raw=4294962196 sensor_converted=4294962196 xiao_rx=1672587979 queue_push=1672587981 core_rx=51494357
BNO_CORE_EVENT kind=5 report_seq=255 uart_sequence=224426 sensor_raw=4294962196 sensor_converted=4294962196 xiao_rx=1672587998 queue_push=1672588001 core_rx=51497000
BNO_CORE_EVENT kind=4 report_seq=1 uart_sequence=224427 sensor_raw=4294962196 sensor_converted=4294962196 xiao_rx=1672588013 queue_push=1672588015 core_rx=51498067
BNO_CORE_EVENT kind=1 report_seq=215 uart_sequence=224428 sensor_raw=4294963096 sensor_converted=4294963096 xiao_rx=1672588021 queue_push=1672588023 core_rx=51499102
BNO_CORE_EVENT kind=1 report_seq=216 uart_sequence=224430 sensor_raw=4294966796 sensor_converted=4294966796 xiao_rx=1672597690 queue_push=1672597697 core_rx=51504443
BNO_CORE_EVENT kind=2 report_seq=2 uart_sequence=224434 sensor_raw=4294964196 sensor_converted=4294964196 xiao_rx=1672604207 queue_push=1672604217 core_rx=51515304
BNO_CORE_EVENT kind=3 report_seq=2 uart_sequence=224435 sensor_raw=4294958896 sensor_converted=4294958896 xiao_rx=1672609135 queue_push=1672609139 core_rx=51518076
BNO_CORE_EVENT kind=5 report_seq=0 uart_sequence=224436 sensor_raw=4294958896 sensor_converted=4294958896 xiao_rx=1672609162 queue_push=1672609164 core_rx=51519296
BNO_CORE_EVENT kind=1 report_seq=217 uart_sequence=224438 sensor_raw=4294965696 sensor_converted=4294965696 xiao_rx=1672616267 queue_push=1672616273 core_rx=51522391
BNO_CORE_EVENT kind=2 report_seq=3 uart_sequence=224441 sensor_raw=4294964996 sensor_converted=4294964996 xiao_rx=1672623960 queue_push=1672623964 core_rx=51528717
BNO_CORE_EVENT kind=3 report_seq=3 uart_sequence=224443 sensor_raw=4294959096 sensor_converted=4294959096 xiao_rx=1672630632 queue_push=1672630641 core_rx=51538354
BNO_CORE_EVENT kind=5 report_seq=1 uart_sequence=224444 sensor_raw=4294959096 sensor_converted=4294959096 xiao_rx=1672630667 queue_push=1672630669 core_rx=51540373
BNO_CORE_EVENT kind=4 report_seq=2 uart_sequence=224445 sensor_raw=4294959396 sensor_converted=4294959396 xiao_rx=1672630681 queue_push=1672630683 core_rx=51543061
BNO_CORE_EVENT kind=1 report_seq=218 uart_sequence=224446 sensor_raw=4294962396 sensor_converted=4294962396 xiao_rx=1672634227 queue_push=1672634230 core_rx=51544358
BNO_CORE_EVENT kind=2 report_seq=4 uart_sequence=224448 sensor_raw=4294964996 sensor_converted=4294964996 xiao_rx=1672640989 queue_push=1672641002 core_rx=51547344
BNO_CORE_EVENT kind=3 report_seq=4 uart_sequence=224449 sensor_raw=4294962396 sensor_converted=4294962396 xiao_rx=1672647149 queue_push=1672647154 core_rx=51552348
BNO_CORE_EVENT kind=5 report_seq=2 uart_sequence=224450 sensor_raw=4294962396 sensor_converted=4294962396 xiao_rx=1672647180 queue_push=1672647181 core_rx=51553465
BNO_CORE_EVENT kind=1 report_seq=219 uart_sequence=224451 sensor_raw=4294960396 sensor_converted=4294960396 xiao_rx=1672650952 queue_push=1672650960 core_rx=51555912
BNO_CORE_EVENT kind=2 report_seq=5 uart_sequence=224453 sensor_raw=4294964596 sensor_converted=4294964596 xiao_rx=1672661145 queue_push=1672661149 core_rx=51567390
BNO_CORE_EVENT kind=3 report_seq=5 uart_sequence=224455 sensor_raw=4294962196 sensor_converted=4294962196 xiao_rx=1672670992 queue_push=1672671001 core_rx=51576065
BNO_CORE_EVENT kind=5 report_seq=3 uart_sequence=224456 sensor_raw=4294962196 sensor_converted=4294962196 xiao_rx=1672671028 queue_push=1672671029 core_rx=51577804
BNO_CORE_EVENT kind=4 report_seq=3 uart_sequence=224457 sensor_raw=4294962196 sensor_converted=4294962196 xiao_rx=1672671042 queue_push=1672671043 core_rx=51580708
BNO_CORE_EVENT kind=1 report_seq=220 uart_sequence=224459 sensor_raw=4294962296 sensor_converted=4294962296 xiao_rx=1672671050 queue_push=1672671052 core_rx=51582790
BNO_CORE_EVENT kind=1 report_seq=221 uart_sequence=224463 sensor_raw=4294966796 sensor_converted=4294966796 xiao_rx=1672680316 queue_push=1672680321 core_rx=51591387
BNO_CORE_EVENT kind=2 report_seq=6 uart_sequence=224464 sensor_raw=4294963296 sensor_converted=4294963296 xiao_rx=1672685456 queue_push=1672685460 core_rx=51594022
BNO_CORE_EVENT kind=3 report_seq=6 uart_sequence=224465 sensor_raw=4294963296 sensor_converted=4294963296 xiao_rx=1672685496 queue_push=1672685498 core_rx=51595168
BNO_CORE_EVENT kind=5 report_seq=4 uart_sequence=224466 sensor_raw=4294963296 sensor_converted=4294963296 xiao_rx=1672685504 queue_push=1672685506 core_rx=51596210
BNO_CORE_EVENT kind=1 report_seq=222 uart_sequence=224467 sensor_raw=4294965196 sensor_converted=4294965196 xiao_rx=1672693345 queue_push=1672693350 core_rx=51598348
BNO_CORE_EVENT kind=2 report_seq=7 uart_sequence=224469 sensor_raw=4294964996 sensor_converted=4294964996 xiao_rx=1672701049 queue_push=1672701058 core_rx=51606876
BNO_CORE_EVENT kind=3 report_seq=7 uart_sequence=224473 sensor_raw=4294962396 sensor_converted=4294962396 xiao_rx=1672708544 queue_push=1672708553 core_rx=51618037
BNO_CORE_EVENT kind=5 report_seq=5 uart_sequence=224474 sensor_raw=4294962396 sensor_converted=4294962396 xiao_rx=1672708592 queue_push=1672708594 core_rx=51619339
BNO_CORE_EVENT kind=4 report_seq=4 uart_sequence=224475 sensor_raw=4294962396 sensor_converted=4294962396 xiao_rx=1672708609 queue_push=1672708611 core_rx=51620462
BNO_CORE_EVENT kind=1 report_seq=223 uart_sequence=224476 sensor_raw=4294963096 sensor_converted=4294963096 xiao_rx=1672711068 queue_push=1672711071 core_rx=51623212
BNO_CORE_EVENT kind=2 report_seq=8 uart_sequence=224478 sensor_raw=4294965196 sensor_converted=4294965196 xiao_rx=1672720869 queue_push=1672720877 core_rx=51626333
BNO_CORE_EVENT kind=3 report_seq=8 uart_sequence=224479 sensor_raw=4294962596 sensor_converted=4294962596 xiao_rx=1672727136 queue_push=1672727140 core_rx=51632409
BNO_CORE_EVENT kind=5 report_seq=6 uart_sequence=224480 sensor_raw=4294962596 sensor_converted=4294962596 xiao_rx=1672727159 queue_push=1672727161 core_rx=51635094
BNO_CORE_EVENT kind=1 report_seq=224 uart_sequence=224482 sensor_raw=4294965996 sensor_converted=4294965996 xiao_rx=1672727167 queue_push=1672727169 core_rx=51639727
BNO_CORE_EVENT kind=1 report_seq=225 uart_sequence=224486 sensor_raw=4294966396 sensor_converted=4294966396 xiao_rx=1672739555 queue_push=1672739562 core_rx=51647932
BNO_CORE_EVENT kind=2 report_seq=9 uart_sequence=224487 sensor_raw=4294963696 sensor_converted=4294963696 xiao_rx=1672743106 queue_push=1672743110 core_rx=51650010
BNO_CORE_EVENT kind=3 report_seq=9 uart_sequence=224488 sensor_raw=4294963696 sensor_converted=4294963696 xiao_rx=1672743125 queue_push=1672743126 core_rx=51651062
BNO_CORE_EVENT kind=5 report_seq=7 uart_sequence=224489 sensor_raw=4294960196 sensor_converted=4294960196 xiao_rx=1672748890 queue_push=1672748896 core_rx=51654364
BNO_CORE_EVENT kind=4 report_seq=5 uart_sequence=224490 sensor_raw=4294960196 sensor_converted=4294960196 xiao_rx=1672748921 queue_push=1672748923 core_rx=51655581
BNO_CORE_EVENT kind=1 report_seq=226 uart_sequence=224491 sensor_raw=4294966796 sensor_converted=4294966796 xiao_rx=1672755384 queue_push=1672755388 core_rx=51660369
BNO_CORE_EVENT kind=2 report_seq=10 uart_sequence=224493 sensor_raw=4294964996 sensor_converted=4294964996 xiao_rx=1672761107 queue_push=1672761112 core_rx=51669417
BNO_CORE_EVENT kind=3 report_seq=10 uart_sequence=224494 sensor_raw=4294962396 sensor_converted=4294962396 xiao_rx=1672768243 queue_push=1672768251 core_rx=51672382
BNO_CORE_EVENT kind=5 report_seq=8 uart_sequence=224495 sensor_raw=4294962396 sensor_converted=4294962396 xiao_rx=1672768270 queue_push=1672768272 core_rx=51673909
BNO_CORE_EVENT kind=1 report_seq=227 uart_sequence=224497 sensor_raw=4294964796 sensor_converted=4294964796 xiao_rx=1672772723 queue_push=1672772727 core_rx=51678329
BNO_CORE_EVENT kind=2 report_seq=11 uart_sequence=224499 sensor_raw=4294965196 sensor_converted=4294965196 xiao_rx=1672780848 queue_push=1672780856 core_rx=51685995
BNO_CORE_EVENT kind=3 report_seq=11 uart_sequence=224501 sensor_raw=4294962596 sensor_converted=4294962596 xiao_rx=1672787588 queue_push=1672787591 core_rx=51694895
BNO_CORE_EVENT kind=5 report_seq=9 uart_sequence=224502 sensor_raw=4294962596 sensor_converted=4294962596 xiao_rx=1672787614 queue_push=1672787616 core_rx=51696727
BNO_CORE_EVENT kind=4 report_seq=6 uart_sequence=224503 sensor_raw=4294962596 sensor_converted=4294962596 xiao_rx=1672787627 queue_push=1672787629 core_rx=51698210
BNO_CORE_EVENT kind=1 report_seq=228 uart_sequence=224504 sensor_raw=4294963096 sensor_converted=4294963096 xiao_rx=1672790051 queue_push=1672790052 core_rx=51699336
BNO_CORE_EVENT kind=2 report_seq=12 uart_sequence=224509 sensor_raw=4294963496 sensor_converted=4294963496 xiao_rx=1672802292 queue_push=1672802307 core_rx=51714353
BNO_CORE_EVENT kind=3 report_seq=12 uart_sequence=224510 sensor_raw=4294960896 sensor_converted=4294960896 xiao_rx=1672808155 queue_push=1672808159 core_rx=51717097
BNO_CORE_EVENT kind=5 report_seq=10 uart_sequence=224511 sensor_raw=4294960896 sensor_converted=4294960896 xiao_rx=1672808182 queue_push=1672808184 core_rx=51718288
BNO_CORE_EVENT kind=1 report_seq=229 uart_sequence=224512 sensor_raw=4294963596 sensor_converted=4294963596 xiao_rx=1672808191 queue_push=1672808192 core_rx=51719328
BNO_CORE_EVENT kind=1 report_seq=230 uart_sequence=224514 sensor_raw=4294966296 sensor_converted=4294966296 xiao_rx=1672819015 queue_push=1672819022 core_rx=51724379
BNO_CORE_EVENT kind=4 report_seq=7 uart_sequence=224515 sensor_raw=4294963896 sensor_converted=4294963896 xiao_rx=1672822912 queue_push=1672822915 core_rx=51727904
BNO_CORE_EVENT kind=2 report_seq=13 uart_sequence=224516 sensor_raw=4294963896 sensor_converted=4294963896 xiao_rx=1672822933 queue_push=1672822936 core_rx=51729589
BNO_CORE_EVENT kind=3 report_seq=13 uart_sequence=224518 sensor_raw=4294959996 sensor_converted=4294959996 xiao_rx=1672828665 queue_push=1672828671 core_rx=51736241
BNO_CORE_EVENT kind=5 report_seq=11 uart_sequence=224519 sensor_raw=4294959996 sensor_converted=4294959996 xiao_rx=1672828694 queue_push=1672828696 core_rx=51737449
BNO_CORE_EVENT kind=1 report_seq=231 uart_sequence=224521 sensor_raw=4294966796 sensor_converted=4294966796 xiao_rx=1672835970 queue_push=1672835975 core_rx=51741320
BNO_CORE_EVENT kind=2 report_seq=14 uart_sequence=224523 sensor_raw=4294964196 sensor_converted=4294964196 xiao_rx=1672841211 queue_push=1672841218 core_rx=51746354
BNO_CORE_EVENT kind=3 report_seq=14 uart_sequence=224524 sensor_raw=4294961696 sensor_converted=4294961696 xiao_rx=1672847246 queue_push=1672847252 core_rx=51751378
BNO_CORE_EVENT kind=5 report_seq=12 uart_sequence=224525 sensor_raw=4294961696 sensor_converted=4294961696 xiao_rx=1672847276 queue_push=1672847278 core_rx=51753369
BNO_CORE_EVENT kind=1 report_seq=232 uart_sequence=224527 sensor_raw=4294963696 sensor_converted=4294963696 xiao_rx=1672854013 queue_push=1672854020 core_rx=51759383
BNO_CORE_EVENT kind=2 report_seq=15 uart_sequence=224530 sensor_raw=4294964996 sensor_converted=4294964996 xiao_rx=1672861610 queue_push=1672861620 core_rx=51775395
BNO_CORE_EVENT kind=3 report_seq=15 uart_sequence=224531 sensor_raw=4294962396 sensor_converted=4294962396 xiao_rx=1672866518 queue_push=1672866521 core_rx=51778098
BNO_CORE_EVENT kind=5 report_seq=13 uart_sequence=224532 sensor_raw=4294962396 sensor_converted=4294962396 xiao_rx=1672866540 queue_push=1672866541 core_rx=51779291
BNO_CORE_EVENT kind=4 report_seq=8 uart_sequence=224533 sensor_raw=4294962396 sensor_converted=4294962396 xiao_rx=1672866550 queue_push=1672866552 core_rx=51780329
BNO_CORE_EVENT kind=1 report_seq=233 uart_sequence=224534 sensor_raw=4294962996 sensor_converted=4294962996 xiao_rx=1672869068 queue_push=1672869072 core_rx=51781645
BNO_CORE_EVENT kind=2 report_seq=16 uart_sequence=224537 sensor_raw=4294964796 sensor_converted=4294964796 xiao_rx=1672881552 queue_push=1672881562 core_rx=51793399
BNO_CORE_EVENT kind=3 report_seq=16 uart_sequence=224538 sensor_raw=4294962196 sensor_converted=4294962196 xiao_rx=1672887321 queue_push=1672887323 core_rx=51796030
BNO_CORE_EVENT kind=5 report_seq=14 uart_sequence=224539 sensor_raw=4294962196 sensor_converted=4294962196 xiao_rx=1672887338 queue_push=1672887339 core_rx=51797126
BNO_CORE_EVENT kind=1 report_seq=234 uart_sequence=224540 sensor_raw=4294963596 sensor_converted=4294963596 xiao_rx=1672887347 queue_push=1672887348 core_rx=51798167
BNO_CORE_EVENT kind=1 report_seq=235 uart_sequence=224543 sensor_raw=4294966796 sensor_converted=4294966796 xiao_rx=1672898143 queue_push=1672898151 core_rx=51805358
BNO_CORE_EVENT kind=2 report_seq=17 uart_sequence=224545 sensor_raw=4294964796 sensor_converted=4294964796 xiao_rx=1672901964 queue_push=1672901969 core_rx=51808058
BNO_CORE_EVENT kind=3 report_seq=17 uart_sequence=224547 sensor_raw=4294961296 sensor_converted=4294961296 xiao_rx=1672909142 queue_push=1672909149 core_rx=51814400
BNO_CORE_EVENT kind=5 report_seq=15 uart_sequence=224549 sensor_raw=4294961296 sensor_converted=4294961296 xiao_rx=1672909174 queue_push=1672909175 core_rx=51817980
BNO_CORE_EVENT kind=4 report_seq=9 uart_sequence=224550 sensor_raw=4294961296 sensor_converted=4294961296 xiao_rx=1672909189 queue_push=1672909191 core_rx=51819031
BNO_CORE_EVENT kind=1 report_seq=236 uart_sequence=224552 sensor_raw=4294966596 sensor_converted=4294966596 xiao_rx=1672917416 queue_push=1672917423 core_rx=51823338
BNO_CORE_EVENT kind=2 report_seq=18 uart_sequence=224553 sensor_raw=4294964196 sensor_converted=4294964196 xiao_rx=1672921559 queue_push=1672921563 core_rx=51826408
BNO_CORE_EVENT kind=3 report_seq=18 uart_sequence=224554 sensor_raw=4294961496 sensor_converted=4294961496 xiao_rx=1672927234 queue_push=1672927239 core_rx=51831382
BNO_CORE_EVENT kind=5 report_seq=16 uart_sequence=224555 sensor_raw=4294961496 sensor_converted=4294961496 xiao_rx=1672927261 queue_push=1672927263 core_rx=51832936
BNO_CORE_EVENT kind=1 report_seq=237 uart_sequence=224557 sensor_raw=4294965296 sensor_converted=4294965296 xiao_rx=1672934057 queue_push=1672934064 core_rx=51838363
BNO_CORE_EVENT kind=2 report_seq=19 uart_sequence=224560 sensor_raw=4294964996 sensor_converted=4294964996 xiao_rx=1672941211 queue_push=1672941216 core_rx=51847332
BNO_CORE_EVENT kind=3 report_seq=19 uart_sequence=224561 sensor_raw=4294962396 sensor_converted=4294962396 xiao_rx=1672948156 queue_push=1672948163 core_rx=51856408
BNO_CORE_EVENT kind=5 report_seq=17 uart_sequence=224562 sensor_raw=4294962396 sensor_converted=4294962396 xiao_rx=1672948188 queue_push=1672948189 core_rx=51859057
BNO_CORE_EVENT kind=4 report_seq=10 uart_sequence=224563 sensor_raw=4294962396 sensor_converted=4294962396 xiao_rx=1672948200 queue_push=1672948202 core_rx=51860247
BNO_CORE_EVENT kind=1 report_seq=238 uart_sequence=224564 sensor_raw=4294960296 sensor_converted=4294960296 xiao_rx=1672950623 queue_push=1672950625 core_rx=51861297
BNO_CORE_EVENT kind=2 report_seq=20 uart_sequence=224567 sensor_raw=4294964596 sensor_converted=4294964596 xiao_rx=1672961540 queue_push=1672961550 core_rx=51873392
BNO_CORE_EVENT kind=3 report_seq=20 uart_sequence=224568 sensor_raw=4294961496 sensor_converted=4294961496 xiao_rx=1672967325 queue_push=1672967328 core_rx=51876005
BNO_CORE_EVENT kind=5 report_seq=18 uart_sequence=224569 sensor_raw=4294961496 sensor_converted=4294961496 xiao_rx=1672967345 queue_push=1672967347 core_rx=51877067
BNO_CORE_EVENT kind=1 report_seq=239 uart_sequence=224570 sensor_raw=4294962696 sensor_converted=4294962696 xiao_rx=1672967353 queue_push=1672967355 core_rx=51878109
BNO_CORE_EVENT kind=1 report_seq=240 uart_sequence=224572 sensor_raw=4294966796 sensor_converted=4294966796 xiao_rx=1672977162 queue_push=1672977169 core_rx=51881382
BNO_CORE_EVENT kind=4 report_seq=11 uart_sequence=224574 sensor_raw=4294965296 sensor_converted=4294965296 xiao_rx=1672980585 queue_push=1672980588 core_rx=51886386
BNO_CORE_EVENT kind=2 report_seq=21 uart_sequence=224575 sensor_raw=4294962396 sensor_converted=4294962396 xiao_rx=1672987098 queue_push=1672987102 core_rx=51893416
BNO_CORE_EVENT kind=3 report_seq=21 uart_sequence=224576 sensor_raw=4294962396 sensor_converted=4294962396 xiao_rx=1672987121 queue_push=1672987122 core_rx=51896077
BNO_CORE_EVENT kind=5 report_seq=19 uart_sequence=224577 sensor_raw=4294962396 sensor_converted=4294962396 xiao_rx=1672987132 queue_push=1672987134 core_rx=51897261
BNO_CORE_EVENT kind=1 report_seq=241 uart_sequence=224579 sensor_raw=4294966296 sensor_converted=4294966296 xiao_rx=1672993609 queue_push=1672993617 core_rx=51901396
BNO_CORE_EVENT kind=2 report_seq=22 uart_sequence=224582 sensor_raw=4294964996 sensor_converted=4294964996 xiao_rx=1673000824 queue_push=1673000830 core_rx=51909077
BNO_CORE_EVENT kind=3 report_seq=22 uart_sequence=224585 sensor_raw=4294962396 sensor_converted=4294962396 xiao_rx=1673007714 queue_push=1673007722 core_rx=51916744
BNO_CORE_EVENT kind=5 report_seq=20 uart_sequence=224586 sensor_raw=4294962396 sensor_converted=4294962396 xiao_rx=1673007747 queue_push=1673007748 core_rx=51918325
BNO_CORE_EVENT kind=1 report_seq=242 uart_sequence=224587 sensor_raw=4294964396 sensor_converted=4294964396 xiao_rx=1673010193 queue_push=1673010195 core_rx=51919393
BNO_CORE_EVENT kind=4 report_seq=12 uart_sequence=224589 sensor_raw=4294965296 sensor_converted=4294965296 xiao_rx=1673020062 queue_push=1673020072 core_rx=51924353
BNO_CORE_EVENT kind=2 report_seq=23 uart_sequence=224591 sensor_raw=4294962996 sensor_converted=4294962996 xiao_rx=1673025187 queue_push=1673025191 core_rx=51934380
BNO_CORE_EVENT kind=3 report_seq=23 uart_sequence=224592 sensor_raw=4294962996 sensor_converted=4294962996 xiao_rx=1673025208 queue_push=1673025210 core_rx=51937023
BNO_CORE_EVENT kind=5 report_seq=21 uart_sequence=224593 sensor_raw=4294962996 sensor_converted=4294962996 xiao_rx=1673025221 queue_push=1673025223 core_rx=51938086
BNO_CORE_EVENT kind=1 report_seq=243 uart_sequence=224594 sensor_raw=4294962996 sensor_converted=4294962996 xiao_rx=1673028512 queue_push=1673028515 core_rx=51939148
BNO_CORE_EVENT kind=1 report_seq=244 uart_sequence=224596 sensor_raw=4294966396 sensor_converted=4294966396 xiao_rx=1673039594 queue_push=1673039602 core_rx=51947373
BNO_CORE_EVENT kind=2 report_seq=24 uart_sequence=224597 sensor_raw=4294963896 sensor_converted=4294963896 xiao_rx=1673043143 queue_push=1673043147 core_rx=51948930
BNO_CORE_EVENT kind=3 report_seq=24 uart_sequence=224598 sensor_raw=4294963896 sensor_converted=4294963896 xiao_rx=1673043164 queue_push=1673043165 core_rx=51950582
BNO_CORE_EVENT kind=5 report_seq=22 uart_sequence=224600 sensor_raw=4294960196 sensor_converted=4294960196 xiao_rx=1673049429 queue_push=1673049433 core_rx=51955343
BNO_CORE_EVENT kind=1 report_seq=245 uart_sequence=224602 sensor_raw=4294966596 sensor_converted=4294966596 xiao_rx=1673056246 queue_push=1673056250 core_rx=51960344
BNO_CORE_EVENT kind=2 report_seq=25 uart_sequence=224605 sensor_raw=4294964796 sensor_converted=4294964796 xiao_rx=1673061835 queue_push=1673061844 core_rx=51967339
BNO_CORE_EVENT kind=3 report_seq=25 uart_sequence=224607 sensor_raw=4294961096 sensor_converted=4294961096 xiao_rx=1673069081 queue_push=1673069088 core_rx=51974381
BNO_CORE_EVENT kind=5 report_seq=23 uart_sequence=224608 sensor_raw=4294961096 sensor_converted=4294961096 xiao_rx=1673069112 queue_push=1673069113 core_rx=51977010
BNO_CORE_EVENT kind=4 report_seq=13 uart_sequence=224609 sensor_raw=4294961396 sensor_converted=4294961396 xiao_rx=1673069126 queue_push=1673069127 core_rx=51978068
BNO_CORE_EVENT kind=1 report_seq=246 uart_sequence=224610 sensor_raw=4294965296 sensor_converted=4294965296 xiao_rx=1673074495 queue_push=1673074500 core_rx=51979896
BNO_CORE_EVENT kind=2 report_seq=26 uart_sequence=224612 sensor_raw=4294964996 sensor_converted=4294964996 xiao_rx=1673080799 queue_push=1673080805 core_rx=51985331
BNO_CORE_EVENT kind=3 report_seq=26 uart_sequence=224613 sensor_raw=4294962596 sensor_converted=4294962596 xiao_rx=1673086215 queue_push=1673086217 core_rx=51991371
BNO_CORE_EVENT kind=5 report_seq=24 uart_sequence=224614 sensor_raw=4294962596 sensor_converted=4294962596 xiao_rx=1673086235 queue_push=1673086237 core_rx=51992592
BNO_CORE_EVENT kind=1 report_seq=247 uart_sequence=224616 sensor_raw=4294964596 sensor_converted=4294964596 xiao_rx=1673090014 queue_push=1673090020 core_rx=51998422
BNO_CORE_EVENT kind=2 report_seq=27 uart_sequence=224619 sensor_raw=4294964996 sensor_converted=4294964996 xiao_rx=1673100752 queue_push=1673100759 core_rx=52013402
BNO_CORE_EVENT kind=3 report_seq=27 uart_sequence=224620 sensor_raw=4294962396 sensor_converted=4294962396 xiao_rx=1673107544 queue_push=1673107547 core_rx=52016031
BNO_CORE_EVENT kind=5 report_seq=25 uart_sequence=224621 sensor_raw=4294962396 sensor_converted=4294962396 xiao_rx=1673107565 queue_push=1673107567 core_rx=52017100
BNO_CORE_EVENT kind=4 report_seq=14 uart_sequence=224622 sensor_raw=4294962396 sensor_converted=4294962396 xiao_rx=1673107576 queue_push=1673107577 core_rx=52018164
BNO_CORE_EVENT kind=1 report_seq=248 uart_sequence=224623 sensor_raw=4294965796 sensor_converted=4294965796 xiao_rx=1673107584 queue_push=1673107586 core_rx=52019756
BNO_CORE_EVENT kind=1 report_seq=249 uart_sequence=224627 sensor_raw=4294965696 sensor_converted=4294965696 xiao_rx=1673119687 queue_push=1673119695 core_rx=52025606
BNO_CORE_EVENT kind=2 report_seq=28 uart_sequence=224628 sensor_raw=4294963296 sensor_converted=4294963296 xiao_rx=1673125289 queue_push=1673125293 core_rx=52031383
BNO_CORE_EVENT kind=3 report_seq=28 uart_sequence=224629 sensor_raw=4294963296 sensor_converted=4294963296 xiao_rx=1673125316 queue_push=1673125318 core_rx=52034429
BNO_CORE_EVENT kind=5 report_seq=26 uart_sequence=224630 sensor_raw=4294957596 sensor_converted=4294957596 xiao_rx=1673129447 queue_push=1673129452 core_rx=52035942
BNO_CORE_EVENT kind=1 report_seq=250 uart_sequence=224632 sensor_raw=4294966796 sensor_converted=4294966796 xiao_rx=1673136081 queue_push=1673136086 core_rx=52040954
BNO_CORE_EVENT kind=2 report_seq=29 uart_sequence=224634 sensor_raw=4294964996 sensor_converted=4294964996 xiao_rx=1673140611 queue_push=1673140618 core_rx=52051917
BNO_CORE_EVENT kind=3 report_seq=29 uart_sequence=224635 sensor_raw=4294962396 sensor_converted=4294962396 xiao_rx=1673146362 queue_push=1673146365 core_rx=52054012
BNO_CORE_EVENT kind=5 report_seq=27 uart_sequence=224636 sensor_raw=4294962396 sensor_converted=4294962396 xiao_rx=1673146382 queue_push=1673146384 core_rx=52055096
BNO_CORE_EVENT kind=4 report_seq=15 uart_sequence=224637 sensor_raw=4294962696 sensor_converted=4294962696 xiao_rx=1673146395 queue_push=1673146397 core_rx=52056148
BNO_CORE_EVENT kind=1 report_seq=251 uart_sequence=224639 sensor_raw=4294964796 sensor_converted=4294964796 xiao_rx=1673155379 queue_push=1673155384 core_rx=52061373
BNO_CORE_EVENT kind=2 report_seq=30 uart_sequence=224641 sensor_raw=4294964996 sensor_converted=4294964996 xiao_rx=1673160976 queue_push=1673160984 core_rx=52067007
BNO_CORE_EVENT kind=3 report_seq=30 uart_sequence=224644 sensor_raw=4294962396 sensor_converted=4294962396 xiao_rx=1673166441 queue_push=1673166447 core_rx=52074389
BNO_CORE_EVENT kind=5 report_seq=28 uart_sequence=224645 sensor_raw=4294962396 sensor_converted=4294962396 xiao_rx=1673166562 queue_push=1673166564 core_rx=52077060
BNO_CORE_EVENT kind=1 report_seq=252 uart_sequence=224646 sensor_raw=4294964096 sensor_converted=4294964096 xiao_rx=1673169037 queue_push=1673169040 core_rx=52078228
BNO_CORE_EVENT kind=2 report_seq=31 uart_sequence=224648 sensor_raw=4294965196 sensor_converted=4294965196 xiao_rx=1673180770 queue_push=1673180779 core_rx=52085363
BNO_CORE_EVENT kind=3 report_seq=31 uart_sequence=224649 sensor_raw=4294962596 sensor_converted=4294962596 xiao_rx=1673187097 queue_push=1673187100 core_rx=52092401
BNO_CORE_EVENT kind=5 report_seq=29 uart_sequence=224650 sensor_raw=4294962596 sensor_converted=4294962596 xiao_rx=1673187120 queue_push=1673187122 core_rx=52095103
BNO_CORE_EVENT kind=4 report_seq=16 uart_sequence=224651 sensor_raw=4294962596 sensor_converted=4294962596 xiao_rx=1673187131 queue_push=1673187133 core_rx=52096286
BNO_CORE_EVENT kind=1 report_seq=253 uart_sequence=224653 sensor_raw=4294958696 sensor_converted=4294958696 xiao_rx=1673195094 queue_push=1673195102 core_rx=52100512
BNO_CORE_EVENT kind=1 report_seq=254 uart_sequence=224654 sensor_raw=4294966396 sensor_converted=4294966396 xiao_rx=1673198259 queue_push=1673198263 core_rx=52103418
BNO_CORE_EVENT kind=2 report_seq=32 uart_sequence=224657 sensor_raw=4294964796 sensor_converted=4294964796 xiao_rx=1673204673 queue_push=1673204678 core_rx=52110342
BNO_CORE_EVENT kind=3 report_seq=32 uart_sequence=224658 sensor_raw=4294958596 sensor_converted=4294958596 xiao_rx=1673209500 queue_push=1673209507 core_rx=52115405
BNO_CORE_EVENT kind=5 report_seq=30 uart_sequence=224659 sensor_raw=4294958596 sensor_converted=4294958596 xiao_rx=1673209530 queue_push=1673209532 core_rx=52118002
BNO_CORE_EVENT kind=1 report_seq=255 uart_sequence=224661 sensor_raw=4294966596 sensor_converted=4294966596 xiao_rx=1673215755 queue_push=1673215761 core_rx=52121414
BNO_CORE_EVENT kind=2 report_seq=33 uart_sequence=224664 sensor_raw=4294964996 sensor_converted=4294964996 xiao_rx=1673221146 queue_push=1673221151 core_rx=52126878
XIAO UART baud=921600 rx=GPIO8 tx=GPIO9 bytes=1007760 frames=1956 bytes_s=38080 frames_s=375 crc/cobs/len=0/0/0 seqgap=0 age_ms=2 type=3 log=1 q=1 rec=296 final=0
RXDIAG max_us=6428 budget_hits=0 byte/frame/time=0/0/0 rx_buf_max=481 loop_period_max_us=730062 loop_exec_max_us=727693 free_heap=138480 min_free_heap=134948 reset_reason=0 bno_kind_1to5_s=63/51/50/25/50 queue=1 high=14 drops=0
RXDETAIL service_calls=39242 service_bytes_avg=25 service_bytes_max=481 service_frames_avg=0 service_frames_avg_x1000=204 service_frames_max=5 service_bytes_s=37996 service_frames_s=374 rxbuf_full_obs=0 bno_valid=1243 bno_invalid=0 unknown=0 uart_overflow=framework_unavailable trial_rx_bytes=198448 trial_frames=1954 trial_bno=1243 trial_crc/cobs/len=0/0/0
RXTASK mode=decode_count read_calls=39243 zero_reads=30580 read_bytes_max=481 rx_task_max_us=6428 rx_task_continuous_max_us=6428 stack_hwm_min_bytes=4472 cobs_delimiters=8030 rx_current=120 rx_max=481 rx_full=0 overflow=framework_unavailable
BNO_CORE_EVENT kind=3 report_seq=33 uart_sequence=224666 sensor_raw=4294961696 sensor_converted=4294961696 xiao_rx=1673228689 queue_push=1673228698 core_rx=52135481
SDTASK max_process_us=121113
BNO_CORE_EVENT kind=5 report_seq=31 uart_sequence=224667 sensor_raw=4294961696 sensor_converted=4294961696 xiao_rx=1673228722 queue_push=1673228724 core_rx=52137848
BNO_CORE_EVENT kind=4 report_seq=17 uart_sequence=224668 sensor_raw=4294961996 sensor_converted=4294961996 xiao_rx=1673228736 queue_push=1673228738 core_rx=52138895
BNO_CORE_EVENT kind=1 report_seq=0 uart_sequence=224670 sensor_raw=4294963696 sensor_converted=4294963696 xiao_rx=1673235648 queue_push=1673235655 core_rx=52141049
BNO_CORE_EVENT kind=2 report_seq=34 uart_sequence=224672 sensor_raw=4294964796 sensor_converted=4294964796 xiao_rx=1673240534 queue_push=1673240539 core_rx=52150401
BNO_CORE_EVENT kind=3 report_seq=34 uart_sequence=224673 sensor_raw=4294962396 sensor_converted=4294962396 xiao_rx=1673244721 queue_push=1673244723 core_rx=52153048
BNO_CORE_EVENT kind=5 report_seq=32 uart_sequence=224674 sensor_raw=4294962396 sensor_converted=4294962396 xiao_rx=1673244735 queue_push=1673244738 core_rx=52154254
BNO_CORE_EVENT kind=1 report_seq=1 uart_sequence=224675 sensor_raw=4294964196 sensor_converted=4294964196 xiao_rx=1673249400 queue_push=1673249406 core_rx=52156344
BNO_CORE_EVENT kind=2 report_seq=35 uart_sequence=224680 sensor_raw=4294964596 sensor_converted=4294964596 xiao_rx=1673261289 queue_push=1673261299 core_rx=52173992
BNO_CORE_EVENT kind=3 report_seq=35 uart_sequence=224681 sensor_raw=4294961996 sensor_converted=4294961996 xiao_rx=1673268014 queue_push=1673268018 core_rx=52175568
BNO_CORE_EVENT kind=5 report_seq=33 uart_sequence=224682 sensor_raw=4294961996 sensor_converted=4294961996 xiao_rx=1673268042 queue_push=1673268044 core_rx=52177241
BNO_CORE_EVENT kind=4 report_seq=18 uart_sequence=224683 sensor_raw=4294961996 sensor_converted=4294961996 xiao_rx=1673268055 queue_push=1673268057 core_rx=52178395
BNO_CORE_EVENT kind=1 report_seq=2 uart_sequence=224684 sensor_raw=4294963396 sensor_converted=4294963396 xiao_rx=1673268063 queue_push=1673268065 core_rx=52179443
BNO_CORE_EVENT kind=1 report_seq=3 uart_sequence=224686 sensor_raw=4294966796 sensor_converted=4294966796 xiao_rx=1673277607 queue_push=1673277614 core_rx=52182751
BNO_CORE_EVENT kind=2 report_seq=36 uart_sequence=224688 sensor_raw=4294964196 sensor_converted=4294964196 xiao_rx=1673281019 queue_push=1673281023 core_rx=52185745
BNO_CORE_EVENT kind=3 report_seq=36 uart_sequence=224689 sensor_raw=4294961896 sensor_converted=4294961896 xiao_rx=1673287124 queue_push=1673287128 core_rx=52191900
BNO_CORE_EVENT kind=5 report_seq=34 uart_sequence=224690 sensor_raw=4294961896 sensor_converted=4294961896 xiao_rx=1673287151 queue_push=1673287152 core_rx=52194023
BNO_CORE_EVENT kind=1 report_seq=4 uart_sequence=224692 sensor_raw=4294966796 sensor_converted=4294966796 xiao_rx=1673294315 queue_push=1673294322 core_rx=52200334
BNO_CORE_EVENT kind=2 report_seq=37 uart_sequence=224694 sensor_raw=4294964996 sensor_converted=4294964996 xiao_rx=1673300808 queue_push=1673300812 core_rx=52205335
BNO_CORE_EVENT kind=3 report_seq=37 uart_sequence=224696 sensor_raw=4294962396 sensor_converted=4294962396 xiao_rx=1673308685 queue_push=1673308693 core_rx=52216413
BNO_CORE_EVENT kind=5 report_seq=35 uart_sequence=224697 sensor_raw=4294962396 sensor_converted=4294962396 xiao_rx=1673308716 queue_push=1673308717 core_rx=52219008
BNO_CORE_EVENT kind=4 report_seq=19 uart_sequence=224698 sensor_raw=4294962396 sensor_converted=4294962396 xiao_rx=1673308729 queue_push=1673308731 core_rx=52220072
BNO_CORE_EVENT kind=1 report_seq=5 uart_sequence=224699 sensor_raw=4294963696 sensor_converted=4294963696 xiao_rx=1673311153 queue_push=1673311155 core_rx=52221121
BNO_CORE_EVENT kind=2 report_seq=38 uart_sequence=224702 sensor_raw=4294964996 sensor_converted=4294964996 xiao_rx=1673320710 queue_push=1673320719 core_rx=52229425
BNO_CORE_EVENT kind=3 report_seq=38 uart_sequence=224705 sensor_raw=4294962396 sensor_converted=4294962396 xiao_rx=1673328549 queue_push=1673328556 core_rx=52236431
BNO_CORE_EVENT kind=5 report_seq=36 uart_sequence=224707 sensor_raw=4294962396 sensor_converted=4294962396 xiao_rx=1673328583 queue_push=1673328584 core_rx=52239891
BNO_CORE_EVENT kind=1 report_seq=6 uart_sequence=224708 sensor_raw=4294960296 sensor_converted=4294960296 xiao_rx=1673331055 queue_push=1673331058 core_rx=52240950
BNO_CORE_EVENT kind=2 report_seq=39 uart_sequence=224709 sensor_raw=4294964796 sensor_converted=4294964796 xiao_rx=1673341027 queue_push=1673341035 core_rx=52245352
BNO_CORE_EVENT kind=3 report_seq=39 uart_sequence=224710 sensor_raw=4294962196 sensor_converted=4294962196 xiao_rx=1673348937 queue_push=1673348940 core_rx=52254404
BNO_CORE_EVENT kind=5 report_seq=37 uart_sequence=224711 sensor_raw=4294962196 sensor_converted=4294962196 xiao_rx=1673348955 queue_push=1673348957 core_rx=52257039
BNO_CORE_EVENT kind=4 report_seq=20 uart_sequence=224712 sensor_raw=4294962196 sensor_converted=4294962196 xiao_rx=1673348968 queue_push=1673348969 core_rx=52258124
BNO_CORE_EVENT kind=1 report_seq=7 uart_sequence=224713 sensor_raw=4294962896 sensor_converted=4294962896 xiao_rx=1673348976 queue_push=1673348978 core_rx=52259164
BNO_CORE_EVENT kind=1 report_seq=8 uart_sequence=224716 sensor_raw=4294966796 sensor_converted=4294966796 xiao_rx=1673359285 queue_push=1673359291 core_rx=52268400
BNO_CORE_EVENT kind=2 report_seq=40 uart_sequence=224717 sensor_raw=4294964096 sensor_converted=4294964096 xiao_rx=1673362840 queue_push=1673362844 core_rx=52271044
BNO_CORE_EVENT kind=3 report_seq=40 uart_sequence=224718 sensor_raw=4294964096 sensor_converted=4294964096 xiao_rx=1673362862 queue_push=1673362863 core_rx=52272209
BNO_CORE_EVENT kind=5 report_seq=38 uart_sequence=224720 sensor_raw=4294960396 sensor_converted=4294960396 xiao_rx=1673368372 queue_push=1673368380 core_rx=52275390
BNO_CORE_EVENT kind=1 report_seq=9 uart_sequence=224721 sensor_raw=4294965496 sensor_converted=4294965496 xiao_rx=1673374038 queue_push=1673374041 core_rx=52279360
BNO_CORE_EVENT kind=2 report_seq=41 uart_sequence=224724 sensor_raw=4294964996 sensor_converted=4294964996 xiao_rx=1673380489 queue_push=1673380493 core_rx=52285342
BNO_CORE_EVENT kind=3 report_seq=41 uart_sequence=224726 sensor_raw=4294962396 sensor_converted=4294962396 xiao_rx=1673387188 queue_push=1673387195 core_rx=52295841
BNO_CORE_EVENT kind=5 report_seq=39 uart_sequence=224727 sensor_raw=4294962396 sensor_converted=4294962396 xiao_rx=1673387215 queue_push=1673387216 core_rx=52297651
BNO_CORE_EVENT kind=4 report_seq=21 uart_sequence=224728 sensor_raw=4294962696 sensor_converted=4294962696 xiao_rx=1673387228 queue_push=1673387230 core_rx=52299667
BNO_CORE_EVENT kind=1 report_seq=10 uart_sequence=224729 sensor_raw=4294964196 sensor_converted=4294964196 xiao_rx=1673390512 queue_push=1673390516 core_rx=52300783
BNO_CORE_EVENT kind=2 report_seq=42 uart_sequence=224731 sensor_raw=4294965196 sensor_converted=4294965196 xiao_rx=1673400709 queue_push=1673400718 core_rx=52309362
BNO_CORE_EVENT kind=3 report_seq=42 uart_sequence=224732 sensor_raw=4294962596 sensor_converted=4294962596 xiao_rx=1673404944 queue_push=1673404947 core_rx=52311147
BNO_CORE_EVENT kind=5 report_seq=40 uart_sequence=224733 sensor_raw=4294962596 sensor_converted=4294962596 xiao_rx=1673404964 queue_push=1673404965 core_rx=52312773
BNO_CORE_EVENT kind=1 report_seq=11 uart_sequence=224735 sensor_raw=4294962396 sensor_converted=4294962396 xiao_rx=1673412134 queue_push=1673412140 core_rx=52317521
BNO_CORE_EVENT kind=1 report_seq=12 uart_sequence=224736 sensor_raw=4294966396 sensor_converted=4294966396 xiao_rx=1673419532 queue_push=1673419536 core_rx=52325397
BNO_CORE_EVENT kind=2 report_seq=43 uart_sequence=224741 sensor_raw=4294963896 sensor_converted=4294963896 xiao_rx=1673428808 queue_push=1673428817 core_rx=52341418
BNO_CORE_EVENT kind=3 report_seq=43 uart_sequence=224742 sensor_raw=4294963896 sensor_converted=4294963896 xiao_rx=1673428847 queue_push=1673428849 core_rx=52344036
BNO_CORE_EVENT kind=5 report_seq=41 uart_sequence=224743 sensor_raw=4294954596 sensor_converted=4294954596 xiao_rx=1673432248 queue_push=1673432252 core_rx=52345100
BNO_CORE_EVENT kind=4 report_seq=22 uart_sequence=224744 sensor_raw=4294954596 sensor_converted=4294954596 xiao_rx=1673432274 queue_push=1673432276 core_rx=52346148
BNO_CORE_EVENT kind=1 report_seq=13 uart_sequence=224745 sensor_raw=4294966796 sensor_converted=4294966796 xiao_rx=1673435399 queue_push=1673435403 core_rx=52347678
BNO_CORE_EVENT kind=2 report_seq=44 uart_sequence=224747 sensor_raw=4294964996 sensor_converted=4294964996 xiao_rx=1673445047 queue_push=1673445056 core_rx=52351385
BNO_CORE_EVENT kind=3 report_seq=44 uart_sequence=224748 sensor_raw=4294958596 sensor_converted=4294958596 xiao_rx=1673450394 queue_push=1673450399 core_rx=52356403
BNO_CORE_EVENT kind=5 report_seq=42 uart_sequence=224749 sensor_raw=4294958596 sensor_converted=4294958596 xiao_rx=1673450420 queue_push=1673450422 core_rx=52359006
BNO_CORE_EVENT kind=1 report_seq=14 uart_sequence=224751 sensor_raw=4294964196 sensor_converted=4294964196 xiao_rx=1673456737 queue_push=1673456741 core_rx=52363094
BNO_CORE_EVENT kind=2 report_seq=45 uart_sequence=224755 sensor_raw=4294964996 sensor_converted=4294964996 xiao_rx=1673463094 queue_push=1673463110 core_rx=52374401
BNO_CORE_EVENT kind=3 report_seq=45 uart_sequence=224756 sensor_raw=4294959796 sensor_converted=4294959796 xiao_rx=1673468187 queue_push=1673468190 core_rx=52377059
BNO_CORE_EVENT kind=5 report_seq=43 uart_sequence=224757 sensor_raw=4294959796 sensor_converted=4294959796 xiao_rx=1673468207 queue_push=1673468208 core_rx=52378241
BNO_CORE_EVENT kind=4 report_seq=23 uart_sequence=224758 sensor_raw=4294959896 sensor_converted=4294959896 xiao_rx=1673468218 queue_push=1673468219 core_rx=52379279
BNO_CORE_EVENT kind=1 report_seq=15 uart_sequence=224759 sensor_raw=4294962996 sensor_converted=4294962996 xiao_rx=1673475395 queue_push=1673475400 core_rx=52381339
BNO_CORE_EVENT kind=2 report_seq=46 uart_sequence=224761 sensor_raw=4294964396 sensor_converted=4294964396 xiao_rx=1673480896 queue_push=1673480901 core_rx=52385353
BNO_CORE_EVENT kind=3 report_seq=46 uart_sequence=224763 sensor_raw=4294961896 sensor_converted=4294961896 xiao_rx=1673487171 queue_push=1673487177 core_rx=52393441
BNO_CORE_EVENT kind=5 report_seq=44 uart_sequence=224764 sensor_raw=4294961896 sensor_converted=4294961896 xiao_rx=1673487202 queue_push=1673487204 core_rx=52395426
BNO_CORE_EVENT kind=1 report_seq=16 uart_sequence=224765 sensor_raw=4294965496 sensor_converted=4294965496 xiao_rx=1673487211 queue_push=1673487212 core_rx=52396630
BNO_CORE_EVENT kind=1 report_seq=17 uart_sequence=224768 sensor_raw=4294965696 sensor_converted=4294965696 xiao_rx=1673499640 queue_push=1673499647 core_rx=52413367
BNO_CORE_EVENT kind=2 report_seq=47 uart_sequence=224769 sensor_raw=4294963296 sensor_converted=4294963296 xiao_rx=1673504134 queue_push=1673504150 core_rx=52415122
BNO_CORE_EVENT kind=3 report_seq=47 uart_sequence=224770 sensor_raw=4294963296 sensor_converted=4294963296 xiao_rx=1673504180 queue_push=1673504182 core_rx=52416538
BNO_CORE_EVENT kind=5 report_seq=45 uart_sequence=224771 sensor_raw=4294958696 sensor_converted=4294958696 xiao_rx=1673508875 queue_push=1673508880 core_rx=52418702
BNO_CORE_EVENT kind=4 report_seq=24 uart_sequence=224772 sensor_raw=4294958696 sensor_converted=4294958696 xiao_rx=1673508897 queue_push=1673508899 core_rx=52419871
BNO_CORE_EVENT kind=1 report_seq=18 uart_sequence=224775 sensor_raw=4294966796 sensor_converted=4294966796 xiao_rx=1673517781 queue_push=1673517788 core_rx=52425274
BNO_CORE_EVENT kind=2 report_seq=48 uart_sequence=224776 sensor_raw=4294964796 sensor_converted=4294964796 xiao_rx=1673521066 queue_push=1673521070 core_rx=52426887
BNO_CORE_EVENT kind=3 report_seq=48 uart_sequence=224778 sensor_raw=4294961896 sensor_converted=4294961896 xiao_rx=1673528317 queue_push=1673528325 core_rx=52434154
BNO_CORE_EVENT kind=5 report_seq=46 uart_sequence=224779 sensor_raw=4294961896 sensor_converted=4294961896 xiao_rx=1673528349 queue_push=1673528351 core_rx=52437069
BNO_CORE_EVENT kind=1 report_seq=19 uart_sequence=224781 sensor_raw=4294964396 sensor_converted=4294964396 xiao_rx=1673533617 queue_push=1673533623 core_rx=52441454
BNO_CORE_EVENT kind=4 report_seq=25 uart_sequence=224782 sensor_raw=4294965196 sensor_converted=4294965196 xiao_rx=1673539953 queue_push=1673539959 core_rx=52445352
BNO_CORE_EVENT kind=2 report_seq=49 uart_sequence=224784 sensor_raw=4294962996 sensor_converted=4294962996 xiao_rx=1673546638 queue_push=1673546643 core_rx=52452403
BNO_CORE_EVENT kind=3 report_seq=49 uart_sequence=224785 sensor_raw=4294962996 sensor_converted=4294962996 xiao_rx=1673546669 queue_push=1673546671 core_rx=52455047
BNO_CORE_EVENT kind=5 report_seq=47 uart_sequence=224786 sensor_raw=4294962996 sensor_converted=4294962996 xiao_rx=1673546682 queue_push=1673546684 core_rx=52456162
BNO_CORE_EVENT kind=1 report_seq=20 uart_sequence=224788 sensor_raw=4294963096 sensor_converted=4294963096 xiao_rx=1673552646 queue_push=1673552652 core_rx=52460551
BNO_CORE_EVENT kind=2 report_seq=50 uart_sequence=224792 sensor_raw=4294963696 sensor_converted=4294963696 xiao_rx=1673562301 queue_push=1673562307 core_rx=52474382
BNO_CORE_EVENT kind=3 report_seq=50 uart_sequence=224793 sensor_raw=4294961096 sensor_converted=4294961096 xiao_rx=1673568110 queue_push=1673568114 core_rx=52477003
BNO_CORE_EVENT kind=5 report_seq=48 uart_sequence=224794 sensor_raw=4294961096 sensor_converted=4294961096 xiao_rx=1673568138 queue_push=1673568140 core_rx=52478057
BNO_CORE_EVENT kind=1 report_seq=21 uart_sequence=224795 sensor_raw=4294963196 sensor_converted=4294963196 xiao_rx=1673568146 queue_push=1673568148 core_rx=52479103
BNO_CORE_EVENT kind=1 report_seq=22 uart_sequence=224796 sensor_raw=4294966796 sensor_converted=4294966796 xiao_rx=1673577448 queue_push=1673577454 core_rx=52483378
BNO_CORE_EVENT kind=4 report_seq=26 uart_sequence=224798 sensor_raw=4294964996 sensor_converted=4294964996 xiao_rx=1673581022 queue_push=1673581025 core_rx=52486329
BNO_CORE_EVENT kind=2 report_seq=51 uart_sequence=224800 sensor_raw=4294961896 sensor_converted=4294961896 xiao_rx=1673587096 queue_push=1673587102 core_rx=52493032
BNO_CORE_EVENT kind=3 report_seq=51 uart_sequence=224801 sensor_raw=4294961896 sensor_converted=4294961896 xiao_rx=1673587125 queue_push=1673587126 core_rx=52496018
BNO_CORE_EVENT kind=5 report_seq=49 uart_sequence=224802 sensor_raw=4294961896 sensor_converted=4294961896 xiao_rx=1673587138 queue_push=1673587139 core_rx=52497093
BNO_CORE_EVENT kind=1 report_seq=23 uart_sequence=224805 sensor_raw=4294966796 sensor_converted=4294966796 xiao_rx=1673595109 queue_push=1673595115 core_rx=52501231
BNO_CORE_EVENT kind=2 report_seq=52 uart_sequence=224806 sensor_raw=4294964996 sensor_converted=4294964996 xiao_rx=1673600678 queue_push=1673600683 core_rx=52505340
BNO_CORE_EVENT kind=3 report_seq=52 uart_sequence=224807 sensor_raw=4294962396 sensor_converted=4294962396 xiao_rx=1673606231 queue_push=1673606239 core_rx=52511397
BNO_CORE_EVENT kind=5 report_seq=50 uart_sequence=224808 sensor_raw=4294962396 sensor_converted=4294962396 xiao_rx=1673606261 queue_push=1673606263 core_rx=52512628
BNO_CORE_EVENT kind=1 report_seq=24 uart_sequence=224809 sensor_raw=4294963496 sensor_converted=4294963496 xiao_rx=1673612592 queue_push=1673612596 core_rx=52519084
BNO_CORE_EVENT kind=2 report_seq=53 uart_sequence=224814 sensor_raw=4294964996 sensor_converted=4294964996 xiao_rx=1673622039 queue_push=1673622054 core_rx=52534334
BNO_CORE_EVENT kind=3 report_seq=53 uart_sequence=224815 sensor_raw=4294960896 sensor_converted=4294960896 xiao_rx=1673627305 queue_push=1673627309 core_rx=52536365
BNO_CORE_EVENT kind=5 report_seq=51 uart_sequence=224816 sensor_raw=4294960896 sensor_converted=4294960896 xiao_rx=1673627333 queue_push=1673627335 core_rx=52539032
BNO_CORE_EVENT kind=4 report_seq=27 uart_sequence=224817 sensor_raw=4294960896 sensor_converted=4294960896 xiao_rx=1673627347 queue_push=1673627349 core_rx=52540123
BNO_CORE_EVENT kind=1 report_seq=25 uart_sequence=224818 sensor_raw=4294961496 sensor_converted=4294961496 xiao_rx=1673629833 queue_push=1673629837 core_rx=52541234
BNO_CORE_EVENT kind=2 report_seq=54 uart_sequence=224821 sensor_raw=4294964596 sensor_converted=4294964596 xiao_rx=1673641041 queue_push=1673641050 core_rx=52547350
BNO_CORE_EVENT kind=3 report_seq=54 uart_sequence=224823 sensor_raw=4294961996 sensor_converted=4294961996 xiao_rx=1673648654 queue_push=1673648660 core_rx=52553880
BNO_CORE_EVENT kind=5 report_seq=52 uart_sequence=224824 sensor_raw=4294961996 sensor_converted=4294961996 xiao_rx=1673648685 queue_push=1673648686 core_rx=52555735
BNO_CORE_EVENT kind=1 report_seq=26 uart_sequence=224825 sensor_raw=4294963396 sensor_converted=4294963396 xiao_rx=1673648693 queue_push=1673648695 core_rx=52557163
BNO_CORE_EVENT kind=1 report_seq=27 uart_sequence=224827 sensor_raw=4294966796 sensor_converted=4294966796 xiao_rx=1673657428 queue_push=1673657435 core_rx=52563371
BNO_CORE_EVENT kind=4 report_seq=28 uart_sequence=224830 sensor_raw=4294964996 sensor_converted=4294964996 xiao_rx=1673661346 queue_push=1673661351 core_rx=52567196
BNO_CORE_EVENT kind=2 report_seq=55 uart_sequence=224831 sensor_raw=4294961496 sensor_converted=4294961496 xiao_rx=1673668144 queue_push=1673668148 core_rx=52573925
BNO_CORE_EVENT kind=3 report_seq=55 uart_sequence=224832 sensor_raw=4294961496 sensor_converted=4294961496 xiao_rx=1673668171 queue_push=1673668173 core_rx=52575704
BNO_CORE_EVENT kind=5 report_seq=53 uart_sequence=224833 sensor_raw=4294961496 sensor_converted=4294961496 xiao_rx=1673668184 queue_push=1673668186 core_rx=52577666
BNO_CORE_EVENT kind=1 report_seq=28 uart_sequence=224835 sensor_raw=4294966796 sensor_converted=4294966796 xiao_rx=1673676497 queue_push=1673676502 core_rx=52581329
BNO_CORE_EVENT kind=2 report_seq=56 uart_sequence=224837 sensor_raw=4294964196 sensor_converted=4294964196 xiao_rx=1673680926 queue_push=1673680932 core_rx=52585335
BNO_CORE_EVENT kind=3 report_seq=56 uart_sequence=224839 sensor_raw=4294961896 sensor_converted=4294961896 xiao_rx=1673686290 queue_push=1673686297 core_rx=52592322
BNO_CORE_EVENT kind=5 report_seq=54 uart_sequence=224840 sensor_raw=4294961896 sensor_converted=4294961896 xiao_rx=1673686321 queue_push=1673686323 core_rx=52593452
BNO_CORE_EVENT kind=1 report_seq=29 uart_sequence=224841 sensor_raw=4294965896 sensor_converted=4294965896 xiao_rx=1673690520 queue_push=1673690524 core_rx=52596379
BNO_CORE_EVENT kind=2 report_seq=57 uart_sequence=224844 sensor_raw=4294964996 sensor_converted=4294964996 xiao_rx=1673700658 queue_push=1673700665 core_rx=52605358
BNO_CORE_EVENT kind=3 report_seq=57 uart_sequence=224845 sensor_raw=4294962396 sensor_converted=4294962396 xiao_rx=1673707170 queue_push=1673707176 core_rx=52615410
BNO_CORE_EVENT kind=5 report_seq=55 uart_sequence=224846 sensor_raw=4294962396 sensor_converted=4294962396 xiao_rx=1673707208 queue_push=1673707210 core_rx=52618457
BNO_CORE_EVENT kind=4 report_seq=29 uart_sequence=224847 sensor_raw=4294962396 sensor_converted=4294962396 xiao_rx=1673707222 queue_push=1673707224 core_rx=52619585
BNO_CORE_EVENT kind=1 report_seq=30 uart_sequence=224848 sensor_raw=4294960796 sensor_converted=4294960796 xiao_rx=1673709645 queue_push=1673709647 core_rx=52620661
BNO_CORE_EVENT kind=2 report_seq=58 uart_sequence=224852 sensor_raw=4294964796 sensor_converted=4294964796 xiao_rx=1673721107 queue_push=1673721117 core_rx=52633363
BNO_CORE_EVENT kind=3 report_seq=58 uart_sequence=224853 sensor_raw=4294961996 sensor_converted=4294961996 xiao_rx=1673726915 queue_push=1673726918 core_rx=52636040
BNO_CORE_EVENT kind=5 report_seq=56 uart_sequence=224854 sensor_raw=4294961996 sensor_converted=4294961996 xiao_rx=1673726941 queue_push=1673726943 core_rx=52637112
BNO_CORE_EVENT kind=1 report_seq=31 uart_sequence=224855 sensor_raw=4294962496 sensor_converted=4294962496 xiao_rx=1673726950 queue_push=1673726951 core_rx=52638150
BNO_CORE_EVENT kind=1 report_seq=32 uart_sequence=224858 sensor_raw=4294966796 sensor_converted=4294966796 xiao_rx=1673737208 queue_push=1673737215 core_rx=52643408
BNO_CORE_EVENT kind=4 report_seq=30 uart_sequence=224860 sensor_raw=4294965196 sensor_converted=4294965196 xiao_rx=1673741206 queue_push=1673741210 core_rx=52647361
BNO_CORE_EVENT kind=2 report_seq=59 uart_sequence=224861 sensor_raw=4294961496 sensor_converted=4294961496 xiao_rx=1673747076 queue_push=1673747080 core_rx=52653392
BNO_CORE_EVENT kind=3 report_seq=59 uart_sequence=224862 sensor_raw=4294961496 sensor_converted=4294961496 xiao_rx=1673747097 queue_push=1673747099 core_rx=52656092
BNO_CORE_EVENT kind=5 report_seq=57 uart_sequence=224863 sensor_raw=4294961496 sensor_converted=4294961496 xiao_rx=1673747108 queue_push=1673747110 core_rx=52657307
BNO_CORE_EVENT kind=1 report_seq=33 uart_sequence=224866 sensor_raw=4294965896 sensor_converted=4294965896 xiao_rx=1673756924 queue_push=1673756931 core_rx=52662902
BNO_CORE_EVENT kind=2 report_seq=60 uart_sequence=224868 sensor_raw=4294964396 sensor_converted=4294964396 xiao_rx=1673760966 queue_push=1673760971 core_rx=52667335
BNO_CORE_EVENT kind=3 report_seq=60 uart_sequence=224869 sensor_raw=4294961896 sensor_converted=4294961896 xiao_rx=1673767280 queue_push=1673767289 core_rx=52675403
BNO_CORE_EVENT kind=5 report_seq=58 uart_sequence=224870 sensor_raw=4294961896 sensor_converted=4294961896 xiao_rx=1673767314 queue_push=1673767316 core_rx=52678008
BNO_CORE_EVENT kind=1 report_seq=34 uart_sequence=224871 sensor_raw=4294964396 sensor_converted=4294964396 xiao_rx=1673769740 queue_push=1673769743 core_rx=52680392
BNO_CORE_EVENT kind=2 report_seq=61 uart_sequence=224874 sensor_raw=4294964996 sensor_converted=4294964996 xiao_rx=1673781055 queue_push=1673781062 core_rx=52687387
BNO_CORE_EVENT kind=3 report_seq=61 uart_sequence=224876 sensor_raw=4294961996 sensor_converted=4294961996 xiao_rx=1673790330 queue_push=1673790342 core_rx=52696387
BNO_CORE_EVENT kind=5 report_seq=59 uart_sequence=224877 sensor_raw=4294961996 sensor_converted=4294961996 xiao_rx=1673790372 queue_push=1673790374 core_rx=52699024
BNO_CORE_EVENT kind=4 report_seq=31 uart_sequence=224878 sensor_raw=4294961996 sensor_converted=4294961996 xiao_rx=1673790386 queue_push=1673790388 core_rx=52700113
BNO_CORE_EVENT kind=1 report_seq=35 uart_sequence=224879 sensor_raw=4294965996 sensor_converted=4294965996 xiao_rx=1673790395 queue_push=1673790396 core_rx=52701162
BNO_CORE_EVENT kind=2 report_seq=62 uart_sequence=224881 sensor_raw=4294964596 sensor_converted=4294964596 xiao_rx=1673800622 queue_push=1673800628 core_rx=52706370
BNO_CORE_EVENT kind=3 report_seq=62 uart_sequence=224883 sensor_raw=4294961996 sensor_converted=4294961996 xiao_rx=1673807657 queue_push=1673807663 core_rx=52713407
BNO_CORE_EVENT kind=5 report_seq=60 uart_sequence=224884 sensor_raw=4294961996 sensor_converted=4294961996 xiao_rx=1673807683 queue_push=1673807684 core_rx=52716014
BNO_CORE_EVENT kind=1 report_seq=36 uart_sequence=224885 sensor_raw=4294962096 sensor_converted=4294962096 xiao_rx=1673807691 queue_push=1673807693 core_rx=52717084
BNO_CORE_EVENT kind=1 report_seq=37 uart_sequence=224887 sensor_raw=4294966796 sensor_converted=4294966796 xiao_rx=1673816634 queue_push=1673816642 core_rx=52724412
BNO_CORE_EVENT kind=4 report_seq=32 uart_sequence=224888 sensor_raw=4294965296 sensor_converted=4294965296 xiao_rx=1673820032 queue_push=1673820035 core_rx=52725890
BNO_CORE_EVENT kind=2 report_seq=63 uart_sequence=224891 sensor_raw=4294962796 sensor_converted=4294962796 xiao_rx=1673824873 queue_push=1673824883 core_rx=52733996
BNO_CORE_EVENT kind=3 report_seq=63 uart_sequence=224892 sensor_raw=4294962796 sensor_converted=4294962796 xiao_rx=1673824920 queue_push=1673824921 core_rx=52735577
BNO_CORE_EVENT kind=5 report_seq=61 uart_sequence=224893 sensor_raw=4294957996 sensor_converted=4294957996 xiao_rx=1673828056 queue_push=1673828060 core_rx=52737220
BNO_CORE_EVENT kind=1 report_seq=38 uart_sequence=224895 sensor_raw=4294964796 sensor_converted=4294964796 xiao_rx=1673836514 queue_push=1673836520 core_rx=52741377
BNO_CORE_EVENT kind=2 report_seq=64 uart_sequence=224896 sensor_raw=4294964796 sensor_converted=4294964796 xiao_rx=1673840543 queue_push=1673840547 core_rx=52746416
BNO_CORE_EVENT kind=3 report_seq=64 uart_sequence=224898 sensor_raw=4294962196 sensor_converted=4294962196 xiao_rx=1673846657 queue_push=1673846665 core_rx=52752357
BNO_CORE_EVENT kind=5 report_seq=62 uart_sequence=224899 sensor_raw=4294962196 sensor_converted=4294962196 xiao_rx=1673846686 queue_push=1673846687 core_rx=52755062
BNO_CORE_EVENT kind=1 report_seq=39 uart_sequence=224901 sensor_raw=4294963696 sensor_converted=4294963696 xiao_rx=1673853995 queue_push=1673854004 core_rx=52759334
BNO_CORE_EVENT kind=2 report_seq=65 uart_sequence=224904 sensor_raw=4294964996 sensor_converted=4294964996 xiao_rx=1673860579 queue_push=1673860585 core_rx=52766029
BNO_CORE_EVENT kind=3 report_seq=65 uart_sequence=224906 sensor_raw=4294962596 sensor_converted=4294962596 xiao_rx=1673868363 queue_push=1673868369 core_rx=52773932
BNO_CORE_EVENT kind=5 report_seq=63 uart_sequence=224907 sensor_raw=4294962596 sensor_converted=4294962596 xiao_rx=1673868393 queue_push=1673868394 core_rx=52776005
BNO_CORE_EVENT kind=4 report_seq=33 uart_sequence=224908 sensor_raw=4294962596 sensor_converted=4294962596 xiao_rx=1673868407 queue_push=1673868408 core_rx=52777063
BNO_CORE_EVENT kind=1 report_seq=40 uart_sequence=224909 sensor_raw=4294965696 sensor_converted=4294965696 xiao_rx=1673868415 queue_push=1673868416 core_rx=52778102
BNO_CORE_EVENT kind=1 report_seq=41 uart_sequence=224911 sensor_raw=4294965496 sensor_converted=4294965496 xiao_rx=1673879413 queue_push=1673879418 core_rx=52785352
BNO_CORE_EVENT kind=2 report_seq=66 uart_sequence=224915 sensor_raw=4294963496 sensor_converted=4294963496 xiao_rx=1673888531 queue_push=1673888537 core_rx=52797363
BNO_CORE_EVENT kind=3 report_seq=66 uart_sequence=224916 sensor_raw=4294963496 sensor_converted=4294963496 xiao_rx=1673888565 queue_push=1673888566 core_rx=52800059
BNO_CORE_EVENT kind=5 report_seq=64 uart_sequence=224917 sensor_raw=4294954396 sensor_converted=4294954396 xiao_rx=1673891750 queue_push=1673891753 core_rx=52801256
BNO_CORE_EVENT kind=1 report_seq=42 uart_sequence=224918 sensor_raw=4294966096 sensor_converted=4294966096 xiao_rx=1673897415 queue_push=1673897422 core_rx=52803335
BNO_CORE_EVENT kind=4 report_seq=34 uart_sequence=224919 sensor_raw=4294964996 sensor_converted=4294964996 xiao_rx=1673901046 queue_push=1673901050 core_rx=52806378
BNO_CORE_EVENT kind=2 report_seq=67 uart_sequence=224920 sensor_raw=4294961696 sensor_converted=4294961696 xiao_rx=1673907090 queue_push=1673907094 core_rx=52813403
BNO_CORE_EVENT kind=3 report_seq=67 uart_sequence=224921 sensor_raw=4294961696 sensor_converted=4294961696 xiao_rx=1673907113 queue_push=1673907115 core_rx=52816002
BNO_CORE_EVENT kind=5 report_seq=65 uart_sequence=224922 sensor_raw=4294961696 sensor_converted=4294961696 xiao_rx=1673907125 queue_push=1673907126 core_rx=52818438
BNO_CORE_EVENT kind=1 report_seq=43 uart_sequence=224925 sensor_raw=4294964196 sensor_converted=4294964196 xiao_rx=1673915582 queue_push=1673915596 core_rx=52823063
BNO_CORE_EVENT kind=2 report_seq=68 uart_sequence=224926 sensor_raw=4294964996 sensor_converted=4294964996 xiao_rx=1673920618 queue_push=1673920623 core_rx=52826363
BNO_CORE_EVENT kind=3 report_seq=68 uart_sequence=224928 sensor_raw=4294962396 sensor_converted=4294962396 xiao_rx=1673925566 queue_push=1673925573 core_rx=52833390
BNO_CORE_EVENT kind=5 report_seq=66 uart_sequence=224929 sensor_raw=4294962396 sensor_converted=4294962396 xiao_rx=1673925597 queue_push=1673925599 core_rx=52836095
BNO_CORE_EVENT kind=1 report_seq=44 uart_sequence=224930 sensor_raw=4294964096 sensor_converted=4294964096 xiao_rx=1673928053 queue_push=1673928057 core_rx=52837292
BNO_CORE_EVENT kind=2 report_seq=69 uart_sequence=224933 sensor_raw=4294964796 sensor_converted=4294964796 xiao_rx=1673940876 queue_push=1673940885 core_rx=52846397
BNO_CORE_EVENT kind=3 report_seq=69 uart_sequence=224936 sensor_raw=4294962396 sensor_converted=4294962396 xiao_rx=1673949701 queue_push=1673949712 core_rx=52857352
BNO_CORE_EVENT kind=5 report_seq=67 uart_sequence=224937 sensor_raw=4294962396 sensor_converted=4294962396 xiao_rx=1673949750 queue_push=1673949753 core_rx=52859389
BNO_CORE_EVENT kind=4 report_seq=35 uart_sequence=224938 sensor_raw=4294962396 sensor_converted=4294962396 xiao_rx=1673949765 queue_push=1673949767 core_rx=52862036
BNO_CORE_EVENT kind=1 report_seq=45 uart_sequence=224939 sensor_raw=4294956096 sensor_converted=4294956096 xiao_rx=1673953286 queue_push=1673953290 core_rx=52863229
BNO_CORE_EVENT kind=1 report_seq=46 uart_sequence=224941 sensor_raw=4294966796 sensor_converted=4294966796 xiao_rx=1673958557 queue_push=1673958562 core_rx=52866923
BNO_CORE_EVENT kind=2 report_seq=70 uart_sequence=224942 sensor_raw=4294964396 sensor_converted=4294964396 xiao_rx=1673962142 queue_push=1673962146 core_rx=52868605
BNO_CORE_EVENT kind=3 report_seq=70 uart_sequence=224943 sensor_raw=4294964396 sensor_converted=4294964396 xiao_rx=1673962162 queue_push=1673962164 core_rx=52870674
BNO_CORE_EVENT kind=5 report_seq=68 uart_sequence=224945 sensor_raw=4294960796 sensor_converted=4294960796 xiao_rx=1673968034 queue_push=1673968039 core_rx=52874385
BNO_CORE_EVENT kind=1 report_seq=47 uart_sequence=224946 sensor_raw=4294966796 sensor_converted=4294966796 xiao_rx=1673973756 queue_push=1673973759 core_rx=52879373
BNO_CORE_EVENT kind=2 report_seq=71 uart_sequence=224949 sensor_raw=4294964996 sensor_converted=4294964996 xiao_rx=1673980269 queue_push=1673980276 core_rx=52889203
BNO_CORE_EVENT kind=3 report_seq=71 uart_sequence=224952 sensor_raw=4294962396 sensor_converted=4294962396 xiao_rx=1673989616 queue_push=1673989623 core_rx=52899377
BNO_CORE_EVENT kind=5 report_seq=69 uart_sequence=224953 sensor_raw=4294962396 sensor_converted=4294962396 xiao_rx=1673989647 queue_push=1673989648 core_rx=52902006
BNO_CORE_EVENT kind=4 report_seq=36 uart_sequence=224954 sensor_raw=4294962496 sensor_converted=4294962496 xiao_rx=1673989661 queue_push=1673989662 core_rx=52903066
BNO_CORE_EVENT kind=1 report_seq=48 uart_sequence=224955 sensor_raw=4294963296 sensor_converted=4294963296 xiao_rx=1673993412 queue_push=1673993415 core_rx=52904104
BNO_CORE_EVENT kind=2 report_seq=72 uart_sequence=224956 sensor_raw=4294964996 sensor_converted=4294964996 xiao_rx=1674000687 queue_push=1674000696 core_rx=52905971
BNO_CORE_EVENT kind=3 report_seq=72 uart_sequence=224957 sensor_raw=4294962596 sensor_converted=4294962596 xiao_rx=1674005140 queue_push=1674005144 core_rx=52910348
BNO_CORE_EVENT kind=5 report_seq=70 uart_sequence=224958 sensor_raw=4294962596 sensor_converted=4294962596 xiao_rx=1674005166 queue_push=1674005168 core_rx=52911448
BNO_CORE_EVENT kind=1 report_seq=49 uart_sequence=224959 sensor_raw=4294963896 sensor_converted=4294963896 xiao_rx=1674008434 queue_push=1674008439 core_rx=52914379
BNO_CORE_EVENT kind=2 report_seq=73 uart_sequence=224963 sensor_raw=4294964796 sensor_converted=4294964796 xiao_rx=1674020981 queue_push=1674020989 core_rx=52933390
BNO_CORE_EVENT kind=3 report_seq=73 uart_sequence=224964 sensor_raw=4294962196 sensor_converted=4294962196 xiao_rx=1674027746 queue_push=1674027749 core_rx=52936011
BNO_CORE_EVENT kind=5 report_seq=71 uart_sequence=224965 sensor_raw=4294962196 sensor_converted=4294962196 xiao_rx=1674027773 queue_push=1674027774 core_rx=52937091
BNO_CORE_EVENT kind=4 report_seq=37 uart_sequence=224966 sensor_raw=4294962196 sensor_converted=4294962196 xiao_rx=1674027785 queue_push=1674027787 core_rx=52938161
BNO_CORE_EVENT kind=1 report_seq=50 uart_sequence=224967 sensor_raw=4294963396 sensor_converted=4294963396 xiao_rx=1674027793 queue_push=1674027795 core_rx=52939222
BNO_CORE_EVENT kind=1 report_seq=51 uart_sequence=224970 sensor_raw=4294966796 sensor_converted=4294966796 xiao_rx=1674038072 queue_push=1674038079 core_rx=52945356
BNO_CORE_EVENT kind=2 report_seq=74 uart_sequence=224971 sensor_raw=4294964796 sensor_converted=4294964796 xiao_rx=1674041093 queue_push=1674041097 core_rx=52946914
BNO_CORE_EVENT kind=3 report_seq=74 uart_sequence=224973 sensor_raw=4294961896 sensor_converted=4294961896 xiao_rx=1674048323 queue_push=1674048328 core_rx=52954420
BNO_CORE_EVENT kind=5 report_seq=72 uart_sequence=224974 sensor_raw=4294961896 sensor_converted=4294961896 xiao_rx=1674048348 queue_push=1674048350 core_rx=52957011
BNO_CORE_EVENT kind=1 report_seq=52 uart_sequence=224976 sensor_raw=4294966596 sensor_converted=4294966596 xiao_rx=1674055977 queue_push=1674055986 core_rx=52960890
BNO_CORE_EVENT kind=4 report_seq=38 uart_sequence=224977 sensor_raw=4294965196 sensor_converted=4294965196 xiao_rx=1674059980 queue_push=1674059984 core_rx=52964909
BNO_CORE_EVENT kind=2 report_seq=75 uart_sequence=224979 sensor_raw=4294962796 sensor_converted=4294962796 xiao_rx=1674066672 queue_push=1674066677 core_rx=52972395
BNO_CORE_EVENT kind=3 report_seq=75 uart_sequence=224980 sensor_raw=4294962796 sensor_converted=4294962796 xiao_rx=1674066700 queue_push=1674066702 core_rx=52975053
BNO_CORE_EVENT kind=5 report_seq=73 uart_sequence=224981 sensor_raw=4294962796 sensor_converted=4294962796 xiao_rx=1674066712 queue_push=1674066714 core_rx=52976247
BNO_CORE_EVENT kind=1 report_seq=53 uart_sequence=224984 sensor_raw=4294964996 sensor_converted=4294964996 xiao_rx=1674074264 queue_push=1674074269 core_rx=52980335
BNO_CORE_EVENT kind=2 report_seq=76 uart_sequence=224988 sensor_raw=4294964096 sensor_converted=4294964096 xiao_rx=1674082996 queue_push=1674083007 core_rx=52995686
BNO_CORE_EVENT kind=3 report_seq=76 uart_sequence=224989 sensor_raw=4294960196 sensor_converted=4294960196 xiao_rx=1674088800 queue_push=1674088804 core_rx=52997226
BNO_CORE_EVENT kind=5 report_seq=74 uart_sequence=224990 sensor_raw=4294960196 sensor_converted=4294960196 xiao_rx=1674088821 queue_push=1674088822 core_rx=52998318
BNO_CORE_EVENT kind=1 report_seq=54 uart_sequence=224991 sensor_raw=4294964696 sensor_converted=4294964696 xiao_rx=1674088829 queue_push=1674088831 core_rx=52999367
BNO_CORE_EVENT kind=2 report_seq=77 uart_sequence=224993 sensor_raw=4294964796 sensor_converted=4294964796 xiao_rx=1674100485 queue_push=1674100495 core_rx=53005337
BNO_CORE_EVENT kind=3 report_seq=77 uart_sequence=224994 sensor_raw=4294962196 sensor_converted=4294962196 xiao_rx=1674108048 queue_push=1674108054 core_rx=53013400
BNO_CORE_EVENT kind=5 report_seq=75 uart_sequence=224995 sensor_raw=4294962196 sensor_converted=4294962196 xiao_rx=1674108078 queue_push=1674108079 core_rx=53016093
BNO_CORE_EVENT kind=4 report_seq=39 uart_sequence=224996 sensor_raw=4294962196 sensor_converted=4294962196 xiao_rx=1674108090 queue_push=1674108092 core_rx=53017285
BNO_CORE_EVENT kind=1 report_seq=55 uart_sequence=224997 sensor_raw=4294963096 sensor_converted=4294963096 xiao_rx=1674108098 queue_push=1674108100 core_rx=53018325
BNO_CORE_EVENT kind=1 report_seq=56 uart_sequence=224999 sensor_raw=4294966796 sensor_converted=4294966796 xiao_rx=1674117037 queue_push=1674117044 core_rx=53023338
BNO_CORE_EVENT kind=2 report_seq=78 uart_sequence=225002 sensor_raw=4294964396 sensor_converted=4294964396 xiao_rx=1674121098 queue_push=1674121103 core_rx=53028049
BNO_CORE_EVENT kind=3 report_seq=78 uart_sequence=225003 sensor_raw=4294961696 sensor_converted=4294961696 xiao_rx=1674127222 queue_push=1674127231 core_rx=53032386
BNO_CORE_EVENT kind=5 report_seq=76 uart_sequence=225004 sensor_raw=4294961696 sensor_converted=4294961696 xiao_rx=1674127256 queue_push=1674127258 core_rx=53033620
BNO_CORE_EVENT kind=1 report_seq=57 uart_sequence=225006 sensor_raw=4294965896 sensor_converted=4294965896 xiao_rx=1674132695 queue_push=1674132705 core_rx=53037883
BNO_CORE_EVENT kind=2 report_seq=79 uart_sequence=225007 sensor_raw=4294965196 sensor_converted=4294965196 xiao_rx=1674140482 queue_push=1674140487 core_rx=53045378
BNO_CORE_EVENT kind=3 report_seq=79 uart_sequence=225009 sensor_raw=4294962596 sensor_converted=4294962596 xiao_rx=1674147124 queue_push=1674147132 core_rx=53056402
BNO_CORE_EVENT kind=5 report_seq=77 uart_sequence=225010 sensor_raw=4294962596 sensor_converted=4294962596 xiao_rx=1674147158 queue_push=1674147160 core_rx=53059040
BNO_CORE_EVENT kind=4 report_seq=40 uart_sequence=225011 sensor_raw=4294962596 sensor_converted=4294962596 xiao_rx=1674147171 queue_push=1674147173 core_rx=53061419
BNO_CORE_EVENT kind=1 report_seq=58 uart_sequence=225012 sensor_raw=4294963896 sensor_converted=4294963896 xiao_rx=1674150504 queue_push=1674150508 core_rx=53062624
BNO_CORE_EVENT kind=2 report_seq=80 uart_sequence=225016 sensor_raw=4294964996 sensor_converted=4294964996 xiao_rx=1674160924 queue_push=1674160930 core_rx=53069207
BNO_CORE_EVENT kind=3 report_seq=80 uart_sequence=225017 sensor_raw=4294961996 sensor_converted=4294961996 xiao_rx=1674168061 queue_push=1674168067 core_rx=53073386
BNO_CORE_EVENT kind=5 report_seq=78 uart_sequence=225018 sensor_raw=4294961996 sensor_converted=4294961996 xiao_rx=1674168089 queue_push=1674168091 core_rx=53076060
BNO_CORE_EVENT kind=1 report_seq=59 uart_sequence=225019 sensor_raw=4294965796 sensor_converted=4294965796 xiao_rx=1674168098 queue_push=1674168099 core_rx=53077262
BNO_CORE_EVENT kind=1 report_seq=60 uart_sequence=225023 sensor_raw=4294966396 sensor_converted=4294966396 xiao_rx=1674179188 queue_push=1674179194 core_rx=53088382
BNO_CORE_EVENT kind=2 report_seq=81 uart_sequence=225024 sensor_raw=4294963896 sensor_converted=4294963896 xiao_rx=1674182777 queue_push=1674182782 core_rx=53091056
BNO_CORE_EVENT kind=3 report_seq=81 uart_sequence=225025 sensor_raw=4294963896 sensor_converted=4294963896 xiao_rx=1674182805 queue_push=1674182806 core_rx=53092237
BNO_CORE_EVENT kind=5 report_seq=79 uart_sequence=225027 sensor_raw=4294960196 sensor_converted=4294960196 xiao_rx=1674188749 queue_push=1674188756 core_rx=53095340
BNO_CORE_EVENT kind=4 report_seq=41 uart_sequence=225028 sensor_raw=4294960196 sensor_converted=4294960196 xiao_rx=1674188783 queue_push=1674188784 core_rx=53096405
BNO_CORE_EVENT kind=1 report_seq=61 uart_sequence=225029 sensor_raw=4294966596 sensor_converted=4294966596 xiao_rx=1674195455 queue_push=1674195459 core_rx=53100376
BNO_CORE_EVENT kind=2 report_seq=82 uart_sequence=225030 sensor_raw=4294964796 sensor_converted=4294964796 xiao_rx=1674200256 queue_push=1674200260 core_rx=53105376
BNO_CORE_EVENT kind=3 report_seq=82 uart_sequence=225031 sensor_raw=4294962396 sensor_converted=4294962396 xiao_rx=1674206238 queue_push=1674206245 core_rx=53111403
BNO_CORE_EVENT kind=5 report_seq=80 uart_sequence=225032 sensor_raw=4294962396 sensor_converted=4294962396 xiao_rx=1674206268 queue_push=1674206270 core_rx=53114028
BNO_CORE_EVENT kind=1 report_seq=62 uart_sequence=225035 sensor_raw=4294964996 sensor_converted=4294964996 xiao_rx=1674213906 queue_push=1674213910 core_rx=53120584
BNO_CORE_EVENT kind=4 report_seq=42 uart_sequence=225036 sensor_raw=4294965296 sensor_converted=4294965296 xiao_rx=1674219808 queue_push=1674219815 core_rx=53125420
XIAO UART baud=921600 rx=GPIO8 tx=GPIO9 bytes=1045824 frames=2330 bytes_s=38064 frames_s=374 crc/cobs/len=0/0/0 seqgap=0 age_ms=3 type=7 log=1 q=0 rec=348 final=0
RXDIAG max_us=6428 budget_hits=0 byte/frame/time=0/0/0 rx_buf_max=481 loop_period_max_us=730062 loop_exec_max_us=727693 free_heap=138480 min_free_heap=134948 reset_reason=0 bno_kind_1to5_s=63/49/50/26/50 queue=0 high=14 drops=0
BNO_CORE_EVENT kind=2 report_seq=83 uart_sequence=225039 sensor_raw=4294962996 sensor_converted=4294962996 xiao_rx=1674227016 queue_push=1674227021 core_rx=53135398
RXDETAIL service_calls=39769 service_bytes_avg=26 service_bytes_max=481 service_frames_avg=0 service_frames_avg_x1000=211 service_frames_max=5 service_bytes_s=38184 service_frames_s=375 rxbuf_full_obs=0 bno_valid=1482 bno_invalid=0 unknown=0 uart_overflow=framework_unavailable trial_rx_bytes=236632 trial_frames=2329 trial_bno=1482 trial_crc/cobs/len=0/0/0
BNO_CORE_EVENT kind=3 report_seq=83 uart_sequence=225040 sensor_raw=4294962996 sensor_converted=4294962996 xiao_rx=1674227046 queue_push=1674227048 core_rx=53137999
BNO_CORE_EVENT kind=5 report_seq=81 uart_sequence=225041 sensor_raw=4294962996 sensor_converted=4294962996 xiao_rx=1674227059 queue_push=1674227061 core_rx=53140338
BNO_CORE_EVENT kind=1 report_seq=63 uart_sequence=225042 sensor_raw=4294963096 sensor_converted=4294963096 xiao_rx=1674229513 queue_push=1674229516 core_rx=53141388
RXTASK mode=decode_count read_calls=39770 zero_reads=30841 read_bytes_max=481 rx_task_max_us=6428 rx_task_continuous_max_us=6428 stack_hwm_min_bytes=4472 cobs_delimiters=8406 rx_current=0 rx_max=481 rx_full=0 overflow=framework_unavailable
SDTASK max_process_us=121113
BNO_CORE_EVENT kind=2 report_seq=84 uart_sequence=225044 sensor_raw=4294965196 sensor_converted=4294965196 xiao_rx=1674240497 queue_push=1674240504 core_rx=53152379
BNO_CORE_EVENT kind=3 report_seq=84 uart_sequence=225046 sensor_raw=4294962596 sensor_converted=4294962596 xiao_rx=1674246316 queue_push=1674246319 core_rx=53156057
BNO_CORE_EVENT kind=5 report_seq=82 uart_sequence=225047 sensor_raw=4294962596 sensor_converted=4294962596 xiao_rx=1674246338 queue_push=1674246340 core_rx=53157218
BNO_CORE_EVENT kind=1 report_seq=64 uart_sequence=225048 sensor_raw=4294965496 sensor_converted=4294965496 xiao_rx=1674246346 queue_push=1674246348 core_rx=53158297
BNO_CORE_EVENT kind=1 report_seq=65 uart_sequence=225052 sensor_raw=4294966296 sensor_converted=4294966296 xiao_rx=1674258635 queue_push=1674258642 core_rx=53167386
BNO_CORE_EVENT kind=2 report_seq=85 uart_sequence=225053 sensor_raw=4294964096 sensor_converted=4294964096 xiao_rx=1674262175 queue_push=1674262179 core_rx=53168928
BNO_CORE_EVENT kind=3 report_seq=85 uart_sequence=225054 sensor_raw=4294964096 sensor_converted=4294964096 xiao_rx=1674262195 queue_push=1674262196 core_rx=53170575
BNO_CORE_EVENT kind=5 report_seq=83 uart_sequence=225056 sensor_raw=4294960396 sensor_converted=4294960396 xiao_rx=1674269321 queue_push=1674269327 core_rx=53174065
BNO_CORE_EVENT kind=4 report_seq=43 uart_sequence=225057 sensor_raw=4294960396 sensor_converted=4294960396 xiao_rx=1674269352 queue_push=1674269353 core_rx=53176350
BNO_CORE_EVENT kind=1 report_seq=66 uart_sequence=225059 sensor_raw=4294966796 sensor_converted=4294966796 xiao_rx=1674275236 queue_push=1674275239 core_rx=53180392
BNO_CORE_EVENT kind=2 report_seq=86 uart_sequence=225064 sensor_raw=4294964996 sensor_converted=4294964996 xiao_rx=1674281029 queue_push=1674281041 core_rx=53192647
BNO_CORE_EVENT kind=3 report_seq=86 uart_sequence=225065 sensor_raw=4294962396 sensor_converted=4294962396 xiao_rx=1674285904 queue_push=1674285907 core_rx=53194377
BNO_CORE_EVENT kind=5 report_seq=84 uart_sequence=225066 sensor_raw=4294962396 sensor_converted=4294962396 xiao_rx=1674285924 queue_push=1674285926 core_rx=53195509
BNO_CORE_EVENT kind=1 report_seq=67 uart_sequence=225067 sensor_raw=4294964196 sensor_converted=4294964196 xiao_rx=1674293203 queue_push=1674293208 core_rx=53197356
BNO_CORE_EVENT kind=2 report_seq=87 uart_sequence=225068 sensor_raw=4294964996 sensor_converted=4294964996 xiao_rx=1674300530 queue_push=1674300537 core_rx=53205377
BNO_CORE_EVENT kind=3 report_seq=87 uart_sequence=225069 sensor_raw=4294962596 sensor_converted=4294962596 xiao_rx=1674306452 queue_push=1674306457 core_rx=53212402
BNO_CORE_EVENT kind=5 report_seq=85 uart_sequence=225070 sensor_raw=4294962596 sensor_converted=4294962596 xiao_rx=1674306499 queue_push=1674306500 core_rx=53215095
BNO_CORE_EVENT kind=4 report_seq=44 uart_sequence=225071 sensor_raw=4294962596 sensor_converted=4294962596 xiao_rx=1674306511 queue_push=1674306513 core_rx=53216271
BNO_CORE_EVENT kind=1 report_seq=68 uart_sequence=225073 sensor_raw=4294962596 sensor_converted=4294962596 xiao_rx=1674313731 queue_push=1674313739 core_rx=53220552
BNO_CORE_EVENT kind=2 report_seq=88 uart_sequence=225076 sensor_raw=4294964796 sensor_converted=4294964796 xiao_rx=1674320734 queue_push=1674320740 core_rx=53229360
BNO_CORE_EVENT kind=3 report_seq=88 uart_sequence=225077 sensor_raw=4294962196 sensor_converted=4294962196 xiao_rx=1674325003 queue_push=1674325005 core_rx=53231375
BNO_CORE_EVENT kind=5 report_seq=86 uart_sequence=225078 sensor_raw=4294962196 sensor_converted=4294962196 xiao_rx=1674325021 queue_push=1674325022 core_rx=53234055
BNO_CORE_EVENT kind=1 report_seq=69 uart_sequence=225080 sensor_raw=4294959996 sensor_converted=4294959996 xiao_rx=1674330492 queue_push=1674330499 core_rx=53238001
BNO_CORE_EVENT kind=1 report_seq=70 uart_sequence=225081 sensor_raw=4294966796 sensor_converted=4294966796 xiao_rx=1674337753 queue_push=1674337756 core_rx=53242389
BNO_CORE_EVENT kind=2 report_seq=89 uart_sequence=225082 sensor_raw=4294964996 sensor_converted=4294964996 xiao_rx=1674341006 queue_push=1674341010 core_rx=53245335
BNO_CORE_EVENT kind=3 report_seq=89 uart_sequence=225085 sensor_raw=4294962396 sensor_converted=4294962396 xiao_rx=1674348025 queue_push=1674348039 core_rx=53252981
BNO_CORE_EVENT kind=5 report_seq=87 uart_sequence=225086 sensor_raw=4294962396 sensor_converted=4294962396 xiao_rx=1674348066 queue_push=1674348068 core_rx=53255009
BNO_CORE_EVENT kind=4 report_seq=45 uart_sequence=225087 sensor_raw=4294962396 sensor_converted=4294962396 xiao_rx=1674348081 queue_push=1674348083 core_rx=53256080
BNO_CORE_EVENT kind=1 report_seq=71 uart_sequence=225089 sensor_raw=4294966796 sensor_converted=4294966796 xiao_rx=1674354345 queue_push=1674354351 core_rx=53260384
BNO_CORE_EVENT kind=2 report_seq=90 uart_sequence=225091 sensor_raw=4294964996 sensor_converted=4294964996 xiao_rx=1674360508 queue_push=1674360514 core_rx=53265336
BNO_CORE_EVENT kind=3 report_seq=90 uart_sequence=225092 sensor_raw=4294962396 sensor_converted=4294962396 xiao_rx=1674366209 queue_push=1674366212 core_rx=53270375
BNO_CORE_EVENT kind=5 report_seq=88 uart_sequence=225093 sensor_raw=4294962396 sensor_converted=4294962396 xiao_rx=1674366237 queue_push=1674366239 core_rx=53271884
BNO_CORE_EVENT kind=1 report_seq=72 uart_sequence=225095 sensor_raw=4294965496 sensor_converted=4294965496 xiao_rx=1674372838 queue_push=1674372842 core_rx=53277349
BNO_CORE_EVENT kind=2 report_seq=91 uart_sequence=225099 sensor_raw=4294965196 sensor_converted=4294965196 xiao_rx=1674380492 queue_push=1674380501 core_rx=53292329
BNO_CORE_EVENT kind=3 report_seq=91 uart_sequence=225100 sensor_raw=4294962596 sensor_converted=4294962596 xiao_rx=1674385611 queue_push=1674385614 core_rx=53293558
BNO_CORE_EVENT kind=5 report_seq=89 uart_sequence=225101 sensor_raw=4294962596 sensor_converted=4294962596 xiao_rx=1674385638 queue_push=1674385639 core_rx=53295395
BNO_CORE_EVENT kind=4 report_seq=46 uart_sequence=225102 sensor_raw=4294962596 sensor_converted=4294962596 xiao_rx=1674385650 queue_push=1674385652 core_rx=53296593
BNO_CORE_EVENT kind=1 report_seq=73 uart_sequence=225104 sensor_raw=4294962796 sensor_converted=4294962796 xiao_rx=1674393385 queue_push=1674393391 core_rx=53298917
BNO_CORE_EVENT kind=2 report_seq=92 uart_sequence=225105 sensor_raw=4294964596 sensor_converted=4294964596 xiao_rx=1674400528 queue_push=1674400535 core_rx=53305380
BNO_CORE_EVENT kind=3 report_seq=92 uart_sequence=225106 sensor_raw=4294962196 sensor_converted=4294962196 xiao_rx=1674407110 queue_push=1674407114 core_rx=53312391
BNO_CORE_EVENT kind=5 report_seq=90 uart_sequence=225107 sensor_raw=4294962196 sensor_converted=4294962196 xiao_rx=1674407134 queue_push=1674407136 core_rx=53315096
BNO_CORE_EVENT kind=1 report_seq=74 uart_sequence=225108 sensor_raw=4294963596 sensor_converted=4294963596 xiao_rx=1674407142 queue_push=1674407144 core_rx=53316281
BNO_CORE_EVENT kind=1 report_seq=75 uart_sequence=225110 sensor_raw=4294966596 sensor_converted=4294966596 xiao_rx=1674416977 queue_push=1674416984 core_rx=53322397
BNO_CORE_EVENT kind=4 report_seq=47 uart_sequence=225113 sensor_raw=4294964996 sensor_converted=4294964996 xiao_rx=1674423610 queue_push=1674423615 core_rx=53329382
BNO_CORE_EVENT kind=2 report_seq=93 uart_sequence=225114 sensor_raw=4294959096 sensor_converted=4294959096 xiao_rx=1674429412 queue_push=1674429416 core_rx=53335402
BNO_CORE_EVENT kind=3 report_seq=93 uart_sequence=225115 sensor_raw=4294959096 sensor_converted=4294959096 xiao_rx=1674429440 queue_push=1674429441 core_rx=53338053
BNO_CORE_EVENT kind=5 report_seq=91 uart_sequence=225116 sensor_raw=4294959096 sensor_converted=4294959096 xiao_rx=1674429451 queue_push=1674429453 core_rx=53339244
BNO_CORE_EVENT kind=1 report_seq=76 uart_sequence=225117 sensor_raw=4294966396 sensor_converted=4294966396 xiao_rx=1674435488 queue_push=1674435493 core_rx=53340902
BNO_CORE_EVENT kind=2 report_seq=94 uart_sequence=225120 sensor_raw=4294964196 sensor_converted=4294964196 xiao_rx=1674440786 queue_push=1674440792 core_rx=53349378
BNO_CORE_EVENT kind=3 report_seq=94 uart_sequence=225122 sensor_raw=4294961696 sensor_converted=4294961696 xiao_rx=1674448261 queue_push=1674448271 core_rx=53356391
BNO_CORE_EVENT kind=5 report_seq=92 uart_sequence=225123 sensor_raw=4294961696 sensor_converted=4294961696 xiao_rx=1674448297 queue_push=1674448299 core_rx=53359034
BNO_CORE_EVENT kind=1 report_seq=77 uart_sequence=225124 sensor_raw=4294963896 sensor_converted=4294963896 xiao_rx=1674450753 queue_push=1674450756 core_rx=53360159
BNO_CORE_EVENT kind=2 report_seq=95 uart_sequence=225127 sensor_raw=4294964996 sensor_converted=4294964996 xiao_rx=1674460522 queue_push=1674460531 core_rx=53365333
BNO_CORE_EVENT kind=3 report_seq=95 uart_sequence=225128 sensor_raw=4294962396 sensor_converted=4294962396 xiao_rx=1674467149 queue_push=1674467154 core_rx=53375403
BNO_CORE_EVENT kind=5 report_seq=93 uart_sequence=225129 sensor_raw=4294962396 sensor_converted=4294962396 xiao_rx=1674467176 queue_push=1674467178 core_rx=53378094
BNO_CORE_EVENT kind=4 report_seq=48 uart_sequence=225130 sensor_raw=4294962396 sensor_converted=4294962396 xiao_rx=1674467189 queue_push=1674467191 core_rx=53379313
BNO_CORE_EVENT kind=1 report_seq=78 uart_sequence=225131 sensor_raw=4294960396 sensor_converted=4294960396 xiao_rx=1674469605 queue_push=1674469607 core_rx=53380377
BNO_CORE_EVENT kind=2 report_seq=96 uart_sequence=225137 sensor_raw=4294964596 sensor_converted=4294964596 xiao_rx=1674481075 queue_push=1674481085 core_rx=53391335
BNO_CORE_EVENT kind=3 report_seq=96 uart_sequence=225138 sensor_raw=4294961896 sensor_converted=4294961896 xiao_rx=1674486884 queue_push=1674486888 core_rx=53392990
BNO_CORE_EVENT kind=5 report_seq=94 uart_sequence=225139 sensor_raw=4294961896 sensor_converted=4294961896 xiao_rx=1674486911 queue_push=1674486913 core_rx=53397029
BNO_CORE_EVENT kind=1 report_seq=79 uart_sequence=225140 sensor_raw=4294962396 sensor_converted=4294962396 xiao_rx=1674486919 queue_push=1674486921 core_rx=53398199
BNO_CORE_EVENT kind=1 report_seq=80 uart_sequence=225142 sensor_raw=4294966796 sensor_converted=4294966796 xiao_rx=1674496326 queue_push=1674496332 core_rx=53402368
BNO_CORE_EVENT kind=4 report_seq=49 uart_sequence=225143 sensor_raw=4294965196 sensor_converted=4294965196 xiao_rx=1674500022 queue_push=1674500025 core_rx=53404334
BNO_CORE_EVENT kind=2 report_seq=97 uart_sequence=225145 sensor_raw=4294962596 sensor_converted=4294962596 xiao_rx=1674506108 queue_push=1674506117 core_rx=53416216
BNO_CORE_EVENT kind=3 report_seq=97 uart_sequence=225146 sensor_raw=4294962596 sensor_converted=4294962596 xiao_rx=1674506151 queue_push=1674506153 core_rx=53417415
BNO_CORE_EVENT kind=5 report_seq=95 uart_sequence=225147 sensor_raw=4294962596 sensor_converted=4294962596 xiao_rx=1674506168 queue_push=1674506170 core_rx=53418502
BNO_CORE_EVENT kind=1 report_seq=81 uart_sequence=225148 sensor_raw=4294965896 sensor_converted=4294965896 xiao_rx=1674514256 queue_push=1674514266 core_rx=53419878
BNO_CORE_EVENT kind=2 report_seq=98 uart_sequence=225150 sensor_raw=4294964996 sensor_converted=4294964996 xiao_rx=1674520524 queue_push=1674520533 core_rx=53432429
BNO_CORE_EVENT kind=3 report_seq=98 uart_sequence=225151 sensor_raw=4294962396 sensor_converted=4294962396 xiao_rx=1674525406 queue_push=1674525409 core_rx=53435342
BNO_CORE_EVENT kind=5 report_seq=96 uart_sequence=225152 sensor_raw=4294962396 sensor_converted=4294962396 xiao_rx=1674525434 queue_push=1674525436 core_rx=53436470
BNO_CORE_EVENT kind=1 report_seq=82 uart_sequence=225153 sensor_raw=4294965296 sensor_converted=4294965296 xiao_rx=1674527952 queue_push=1674527955 core_rx=53438680
BNO_CORE_EVENT kind=2 report_seq=99 uart_sequence=225157 sensor_raw=4294964996 sensor_converted=4294964996 xiao_rx=1674541662 queue_push=1674541672 core_rx=53455386
BNO_CORE_EVENT kind=3 report_seq=99 uart_sequence=225158 sensor_raw=4294962396 sensor_converted=4294962396 xiao_rx=1674547271 queue_push=1674547275 core_rx=53458033
BNO_CORE_EVENT kind=5 report_seq=97 uart_sequence=225159 sensor_raw=4294962396 sensor_converted=4294962396 xiao_rx=1674547298 queue_push=1674547300 core_rx=53459118
BNO_CORE_EVENT kind=4 report_seq=50 uart_sequence=225160 sensor_raw=4294962396 sensor_converted=4294962396 xiao_rx=1674547315 queue_push=1674547316 core_rx=53460203
BNO_CORE_EVENT kind=1 report_seq=83 uart_sequence=225161 sensor_raw=4294959296 sensor_converted=4294959296 xiao_rx=1674549767 queue_push=1674549770 core_rx=53462192
BNO_CORE_EVENT kind=1 report_seq=84 uart_sequence=225167 sensor_raw=4294966396 sensor_converted=4294966396 xiao_rx=1674561035 queue_push=1674561043 core_rx=53472376
BNO_CORE_EVENT kind=2 report_seq=100 uart_sequence=225168 sensor_raw=4294961896 sensor_converted=4294961896 xiao_rx=1674566823 queue_push=1674566826 core_rx=53475015
BNO_CORE_EVENT kind=3 report_seq=100 uart_sequence=225169 sensor_raw=4294961896 sensor_converted=4294961896 xiao_rx=1674566839 queue_push=1674566840 core_rx=53476166
BNO_CORE_EVENT kind=5 report_seq=98 uart_sequence=225170 sensor_raw=4294961896 sensor_converted=4294961896 xiao_rx=1674566848 queue_push=1674566850 core_rx=53477217
BNO_CORE_EVENT kind=1 report_seq=85 uart_sequence=225172 sensor_raw=4294966796 sensor_converted=4294966796 xiao_rx=1674575667 queue_push=1674575675 core_rx=53482452
BNO_CORE_EVENT kind=4 report_seq=51 uart_sequence=225174 sensor_raw=4294965296 sensor_converted=4294965296 xiao_rx=1674579931 queue_push=1674579935 core_rx=53486329
BNO_CORE_EVENT kind=2 report_seq=101 uart_sequence=225177 sensor_raw=4294962796 sensor_converted=4294962796 xiao_rx=1674587657 queue_push=1674587663 core_rx=53493385
BNO_CORE_EVENT kind=3 report_seq=101 uart_sequence=225178 sensor_raw=4294962796 sensor_converted=4294962796 xiao_rx=1674587688 queue_push=1674587690 core_rx=53496014
BNO_CORE_EVENT kind=5 report_seq=99 uart_sequence=225179 sensor_raw=4294962796 sensor_converted=4294962796 xiao_rx=1674587701 queue_push=1674587703 core_rx=53497124
BNO_CORE_EVENT kind=1 report_seq=86 uart_sequence=225180 sensor_raw=4294964096 sensor_converted=4294964096 xiao_rx=1674594181 queue_push=1674594188 core_rx=53499335
BNO_CORE_EVENT kind=2 report_seq=102 uart_sequence=225181 sensor_raw=4294964596 sensor_converted=4294964596 xiao_rx=1674600570 queue_push=1674600574 core_rx=53505346
BNO_CORE_EVENT kind=3 report_seq=102 uart_sequence=225183 sensor_raw=4294961996 sensor_converted=4294961996 xiao_rx=1674606264 queue_push=1674606273 core_rx=53514792
BNO_CORE_EVENT kind=5 report_seq=100 uart_sequence=225184 sensor_raw=4294961996 sensor_converted=4294961996 xiao_rx=1674606295 queue_push=1674606297 core_rx=53515990
BNO_CORE_EVENT kind=1 report_seq=87 uart_sequence=225186 sensor_raw=4294963896 sensor_converted=4294963896 xiao_rx=1674614020 queue_push=1674614024 core_rx=53519374
BNO_CORE_EVENT kind=4 report_seq=52 uart_sequence=225188 sensor_raw=4294965196 sensor_converted=4294965196 xiao_rx=1674619844 queue_push=1674619849 core_rx=53524344
BNO_CORE_EVENT kind=2 report_seq=103 uart_sequence=225189 sensor_raw=4294962796 sensor_converted=4294962796 xiao_rx=1674626252 queue_push=1674626256 core_rx=53532392
BNO_CORE_EVENT kind=3 report_seq=103 uart_sequence=225190 sensor_raw=4294962796 sensor_converted=4294962796 xiao_rx=1674626278 queue_push=1674626280 core_rx=53535026
BNO_CORE_EVENT kind=5 report_seq=101 uart_sequence=225191 sensor_raw=4294962796 sensor_converted=4294962796 xiao_rx=1674626291 queue_push=1674626293 core_rx=53536134
BNO_CORE_EVENT kind=1 report_seq=88 uart_sequence=225192 sensor_raw=4294959096 sensor_converted=4294959096 xiao_rx=1674632543 queue_push=1674632551 core_rx=53538369
BNO_CORE_EVENT kind=1 report_seq=89 uart_sequence=225195 sensor_raw=4294966396 sensor_converted=4294966396 xiao_rx=1674638143 queue_push=1674638148 core_rx=53548186
BNO_CORE_EVENT kind=2 report_seq=104 uart_sequence=225196 sensor_raw=4294964096 sensor_converted=4294964096 xiao_rx=1674644089 queue_push=1674644095 core_rx=53550335
BNO_CORE_EVENT kind=3 report_seq=104 uart_sequence=225198 sensor_raw=4294958496 sensor_converted=4294958496 xiao_rx=1674649151 queue_push=1674649159 core_rx=53554350
BNO_CORE_EVENT kind=5 report_seq=102 uart_sequence=225199 sensor_raw=4294958496 sensor_converted=4294958496 xiao_rx=1674649185 queue_push=1674649187 core_rx=53555436
BNO_CORE_EVENT kind=1 report_seq=90 uart_sequence=225200 sensor_raw=4294966796 sensor_converted=4294966796 xiao_rx=1674655064 queue_push=1674655069 core_rx=53559340
BNO_CORE_EVENT kind=2 report_seq=105 uart_sequence=225202 sensor_raw=4294964996 sensor_converted=4294964996 xiao_rx=1674660689 queue_push=1674660694 core_rx=53566384
BNO_CORE_EVENT kind=3 report_seq=105 uart_sequence=225204 sensor_raw=4294962596 sensor_converted=4294962596 xiao_rx=1674667648 queue_push=1674667656 core_rx=53573384
BNO_CORE_EVENT kind=5 report_seq=103 uart_sequence=225205 sensor_raw=4294962596 sensor_converted=4294962596 xiao_rx=1674667679 queue_push=1674667680 core_rx=53576022
BNO_CORE_EVENT kind=4 report_seq=53 uart_sequence=225206 sensor_raw=4294962596 sensor_converted=4294962596 xiao_rx=1674667691 queue_push=1674667693 core_rx=53577075
BNO_CORE_EVENT kind=1 report_seq=91 uart_sequence=225208 sensor_raw=4294964096 sensor_converted=4294964096 xiao_rx=1674673505 queue_push=1674673512 core_rx=53581428
BNO_CORE_EVENT kind=2 report_seq=106 uart_sequence=225214 sensor_raw=4294964996 sensor_converted=4294964996 xiao_rx=1674680449 queue_push=1674680458 core_rx=53590350
BNO_CORE_EVENT kind=3 report_seq=106 uart_sequence=225215 sensor_raw=4294962396 sensor_converted=4294962396 xiao_rx=1674684692 queue_push=1674684696 core_rx=53593007
BNO_CORE_EVENT kind=5 report_seq=104 uart_sequence=225216 sensor_raw=4294962396 sensor_converted=4294962396 xiao_rx=1674684719 queue_push=1674684721 core_rx=53594106
BNO_CORE_EVENT kind=1 report_seq=92 uart_sequence=225218 sensor_raw=4294964396 sensor_converted=4294964396 xiao_rx=1674692785 queue_push=1674692791 core_rx=53598356
BNO_CORE_EVENT kind=2 report_seq=107 uart_sequence=225219 sensor_raw=4294964796 sensor_converted=4294964796 xiao_rx=1674700684 queue_push=1674700688 core_rx=53606383
BNO_CORE_EVENT kind=3 report_seq=107 uart_sequence=225221 sensor_raw=4294962196 sensor_converted=4294962196 xiao_rx=1674707147 queue_push=1674707156 core_rx=53615354
BNO_CORE_EVENT kind=5 report_seq=105 uart_sequence=225222 sensor_raw=4294962196 sensor_converted=4294962196 xiao_rx=1674707178 queue_push=1674707180 core_rx=53618051
BNO_CORE_EVENT kind=4 report_seq=54 uart_sequence=225223 sensor_raw=4294962196 sensor_converted=4294962196 xiao_rx=1674707193 queue_push=1674707195 core_rx=53619192
BNO_CORE_EVENT kind=1 report_seq=93 uart_sequence=225224 sensor_raw=4294957896 sensor_converted=4294957896 xiao_rx=1674709639 queue_push=1674709642 core_rx=53620234
BNO_CORE_EVENT kind=1 report_seq=94 uart_sequence=225227 sensor_raw=4294966796 sensor_converted=4294966796 xiao_rx=1674717506 queue_push=1674717512 core_rx=53624098
BNO_CORE_EVENT kind=2 report_seq=108 uart_sequence=225228 sensor_raw=4294964396 sensor_converted=4294964396 xiao_rx=1674721048 queue_push=1674721053 core_rx=53626357
BNO_CORE_EVENT kind=3 report_seq=108 uart_sequence=225229 sensor_raw=4294961696 sensor_converted=4294961696 xiao_rx=1674727151 queue_push=1674727155 core_rx=53632374
BNO_CORE_EVENT kind=5 report_seq=106 uart_sequence=225230 sensor_raw=4294961696 sensor_converted=4294961696 xiao_rx=1674727176 queue_push=1674727178 core_rx=53633612
BNO_CORE_EVENT kind=1 report_seq=95 uart_sequence=225231 sensor_raw=4294966796 sensor_converted=4294966796 xiao_rx=1674733502 queue_push=1674733506 core_rx=53638374
BNO_CORE_EVENT kind=4 report_seq=55 uart_sequence=225234 sensor_raw=4294965296 sensor_converted=4294965296 xiao_rx=1674743151 queue_push=1674743161 core_rx=53647866
BNO_CORE_EVENT kind=2 report_seq=109 uart_sequence=225236 sensor_raw=4294959496 sensor_converted=4294959496 xiao_rx=1674749168 queue_push=1674749172 core_rx=53657359
BNO_CORE_EVENT kind=3 report_seq=109 uart_sequence=225237 sensor_raw=4294959496 sensor_converted=4294959496 xiao_rx=1674749197 queue_push=1674749198 core_rx=53659029
BNO_CORE_EVENT kind=5 report_seq=107 uart_sequence=225238 sensor_raw=4294959496 sensor_converted=4294959496 xiao_rx=1674749210 queue_push=1674749212 core_rx=53660541
BNO_CORE_EVENT kind=1 report_seq=96 uart_sequence=225239 sensor_raw=4294963496 sensor_converted=4294963496 xiao_rx=1674753003 queue_push=1674753007 core_rx=53661633
BNO_CORE_EVENT kind=2 report_seq=110 uart_sequence=225241 sensor_raw=4294964996 sensor_converted=4294964996 xiao_rx=1674760515 queue_push=1674760525 core_rx=53669917
BNO_CORE_EVENT kind=3 report_seq=110 uart_sequence=225242 sensor_raw=4294962396 sensor_converted=4294962396 xiao_rx=1674764688 queue_push=1674764689 core_rx=53671609
BNO_CORE_EVENT kind=5 report_seq=108 uart_sequence=225243 sensor_raw=4294962396 sensor_converted=4294962396 xiao_rx=1674764701 queue_push=1674764702 core_rx=53673695
BNO_CORE_EVENT kind=1 report_seq=97 uart_sequence=225246 sensor_raw=4294963896 sensor_converted=4294963896 xiao_rx=1674770412 queue_push=1674770417 core_rx=53679546
BNO_CORE_EVENT kind=2 report_seq=111 uart_sequence=225251 sensor_raw=4294964796 sensor_converted=4294964796 xiao_rx=1674780831 queue_push=1674780841 core_rx=53692898
BNO_CORE_EVENT kind=3 report_seq=111 uart_sequence=225252 sensor_raw=4294962196 sensor_converted=4294962196 xiao_rx=1674787537 queue_push=1674787540 core_rx=53695006
BNO_CORE_EVENT kind=5 report_seq=109 uart_sequence=225253 sensor_raw=4294962196 sensor_converted=4294962196 xiao_rx=1674787557 queue_push=1674787558 core_rx=53696094
BNO_CORE_EVENT kind=4 report_seq=56 uart_sequence=225254 sensor_raw=4294962196 sensor_converted=4294962196 xiao_rx=1674787568 queue_push=1674787569 core_rx=53697182
BNO_CORE_EVENT kind=1 report_seq=98 uart_sequence=225255 sensor_raw=4294963096 sensor_converted=4294963096 xiao_rx=1674787576 queue_push=1674787577 core_rx=53698725
BNO_CORE_EVENT kind=1 report_seq=99 uart_sequence=225257 sensor_raw=4294966796 sensor_converted=4294966796 xiao_rx=1674797450 queue_push=1674797457 core_rx=53703371
BNO_CORE_EVENT kind=2 report_seq=112 uart_sequence=225258 sensor_raw=4294964796 sensor_converted=4294964796 xiao_rx=1674801017 queue_push=1674801021 core_rx=53705341
BNO_CORE_EVENT kind=3 report_seq=112 uart_sequence=225260 sensor_raw=4294961896 sensor_converted=4294961896 xiao_rx=1674806244 queue_push=1674806251 core_rx=53711437
BNO_CORE_EVENT kind=5 report_seq=110 uart_sequence=225261 sensor_raw=4294961896 sensor_converted=4294961896 xiao_rx=1674806273 queue_push=1674806275 core_rx=53712877
BNO_CORE_EVENT kind=1 report_seq=100 uart_sequence=225262 sensor_raw=4294966396 sensor_converted=4294966396 xiao_rx=1674812393 queue_push=1674812399 core_rx=53718372
BNO_CORE_EVENT kind=4 report_seq=57 uart_sequence=225264 sensor_raw=4294965296 sensor_converted=4294965296 xiao_rx=1674819602 queue_push=1674819610 core_rx=53725372
BNO_CORE_EVENT kind=2 report_seq=113 uart_sequence=225266 sensor_raw=4294962996 sensor_converted=4294962996 xiao_rx=1674826638 queue_push=1674826643 core_rx=53732410
BNO_CORE_EVENT kind=3 report_seq=113 uart_sequence=225267 sensor_raw=4294962996 sensor_converted=4294962996 xiao_rx=1674826667 queue_push=1674826669 core_rx=53735050
BNO_CORE_EVENT kind=5 report_seq=111 uart_sequence=225268 sensor_raw=4294962996 sensor_converted=4294962996 xiao_rx=1674826680 queue_push=1674826682 core_rx=53736255
BNO_CORE_EVENT kind=1 report_seq=101 uart_sequence=225269 sensor_raw=4294964796 sensor_converted=4294964796 xiao_rx=1674832547 queue_push=1674832552 core_rx=53738343
BNO_CORE_EVENT kind=2 report_seq=114 uart_sequence=225271 sensor_raw=4294964196 sensor_converted=4294964196 xiao_rx=1674841312 queue_push=1674841321 core_rx=53747381
BNO_CORE_EVENT kind=3 report_seq=114 uart_sequence=225274 sensor_raw=4294961696 sensor_converted=4294961696 xiao_rx=1674849680 queue_push=1674849687 core_rx=53754877
BNO_CORE_EVENT kind=5 report_seq=112 uart_sequence=225275 sensor_raw=4294961696 sensor_converted=4294961696 xiao_rx=1674849712 queue_push=1674849714 core_rx=53756598
BNO_CORE_EVENT kind=1 report_seq=102 uart_sequence=225276 sensor_raw=4294965996 sensor_converted=4294965996 xiao_rx=1674849720 queue_push=1674849722 core_rx=53757722
BNO_CORE_EVENT kind=2 report_seq=115 uart_sequence=225278 sensor_raw=4294964796 sensor_converted=4294964796 xiao_rx=1674860759 queue_push=1674860767 core_rx=53766367
BNO_CORE_EVENT kind=3 report_seq=115 uart_sequence=225279 sensor_raw=4294962396 sensor_converted=4294962396 xiao_rx=1674868027 queue_push=1674868033 core_rx=53773422
BNO_CORE_EVENT kind=5 report_seq=113 uart_sequence=225280 sensor_raw=4294962396 sensor_converted=4294962396 xiao_rx=1674868054 queue_push=1674868055 core_rx=53776092
BNO_CORE_EVENT kind=4 report_seq=58 uart_sequence=225281 sensor_raw=4294962396 sensor_converted=4294962396 xiao_rx=1674868066 queue_push=1674868068 core_rx=53778379
BNO_CORE_EVENT kind=1 report_seq=103 uart_sequence=225283 sensor_raw=4294962396 sensor_converted=4294962396 xiao_rx=1674868074 queue_push=1674868076 core_rx=53782190
BNO_CORE_EVENT kind=1 report_seq=104 uart_sequence=225286 sensor_raw=4294966796 sensor_converted=4294966796 xiao_rx=1674877562 queue_push=1674877569 core_rx=53786375
BNO_CORE_EVENT kind=2 report_seq=116 uart_sequence=225290 sensor_raw=4294964096 sensor_converted=4294964096 xiao_rx=1674881523 queue_push=1674881527 core_rx=53792416
BNO_CORE_EVENT kind=3 report_seq=116 uart_sequence=225291 sensor_raw=4294960896 sensor_converted=4294960896 xiao_rx=1674886397 queue_push=1674886400 core_rx=53795005
BNO_CORE_EVENT kind=5 report_seq=114 uart_sequence=225292 sensor_raw=4294960896 sensor_converted=4294960896 xiao_rx=1674886415 queue_push=1674886417 core_rx=53796070
BNO_CORE_EVENT kind=1 report_seq=105 uart_sequence=225293 sensor_raw=4294965496 sensor_converted=4294965496 xiao_rx=1674893299 queue_push=1674893304 core_rx=53799408
BNO_CORE_EVENT kind=2 report_seq=117 uart_sequence=225295 sensor_raw=4294964996 sensor_converted=4294964996 xiao_rx=1674900313 queue_push=1674900318 core_rx=53805385
BNO_CORE_EVENT kind=3 report_seq=117 uart_sequence=225297 sensor_raw=4294962596 sensor_converted=4294962596 xiao_rx=1674907168 queue_push=1674907177 core_rx=53815399
BNO_CORE_EVENT kind=5 report_seq=115 uart_sequence=225298 sensor_raw=4294962596 sensor_converted=4294962596 xiao_rx=1674907202 queue_push=1674907204 core_rx=53818007
BNO_CORE_EVENT kind=4 report_seq=59 uart_sequence=225299 sensor_raw=4294962596 sensor_converted=4294962596 xiao_rx=1674907216 queue_push=1674907218 core_rx=53819066
BNO_CORE_EVENT kind=1 report_seq=106 uart_sequence=225300 sensor_raw=4294963496 sensor_converted=4294963496 xiao_rx=1674909668 queue_push=1674909671 core_rx=53820106
BNO_CORE_EVENT kind=2 report_seq=118 uart_sequence=225302 sensor_raw=4294964996 sensor_converted=4294964996 xiao_rx=1674920404 queue_push=1674920411 core_rx=53830396
BNO_CORE_EVENT kind=3 report_seq=118 uart_sequence=225303 sensor_raw=4294962596 sensor_converted=4294962596 xiao_rx=1674924646 queue_push=1674924647 core_rx=53833051
BNO_CORE_EVENT kind=5 report_seq=116 uart_sequence=225304 sensor_raw=4294962596 sensor_converted=4294962596 xiao_rx=1674924662 queue_push=1674924665 core_rx=53834228
BNO_CORE_EVENT kind=1 report_seq=107 uart_sequence=225306 sensor_raw=4294961696 sensor_converted=4294961696 xiao_rx=1674930392 queue_push=1674930398 core_rx=53837347
BNO_CORE_EVENT kind=1 report_seq=108 uart_sequence=225308 sensor_raw=4294966396 sensor_converted=4294966396 xiao_rx=1674939052 queue_push=1674939059 core_rx=53848377
BNO_CORE_EVENT kind=2 report_seq=119 uart_sequence=225309 sensor_raw=4294963696 sensor_converted=4294963696 xiao_rx=1674942603 queue_push=1674942607 core_rx=53851102
BNO_CORE_EVENT kind=3 report_seq=119 uart_sequence=225310 sensor_raw=4294963696 sensor_converted=4294963696 xiao_rx=1674942623 queue_push=1674942625 core_rx=53852311
BNO_CORE_EVENT kind=5 report_seq=117 uart_sequence=225313 sensor_raw=4294959996 sensor_converted=4294959996 xiao_rx=1674951262 queue_push=1674951269 core_rx=53857001
BNO_CORE_EVENT kind=4 report_seq=60 uart_sequence=225314 sensor_raw=4294959996 sensor_converted=4294959996 xiao_rx=1674951295 queue_push=1674951297 core_rx=53859385
BNO_CORE_EVENT kind=1 report_seq=109 uart_sequence=225315 sensor_raw=4294966596 sensor_converted=4294966596 xiao_rx=1674956118 queue_push=1674956122 core_rx=53860958
BNO_CORE_EVENT kind=2 report_seq=120 uart_sequence=225317 sensor_raw=4294964796 sensor_converted=4294964796 xiao_rx=1674960207 queue_push=1674960212 core_rx=53866337
BNO_CORE_EVENT kind=3 report_seq=120 uart_sequence=225318 sensor_raw=4294962196 sensor_converted=4294962196 xiao_rx=1674966204 queue_push=1674966211 core_rx=53871144
BNO_CORE_EVENT kind=5 report_seq=118 uart_sequence=225319 sensor_raw=4294962196 sensor_converted=4294962196 xiao_rx=1674966234 queue_push=1674966236 core_rx=53874040
BNO_CORE_EVENT kind=1 report_seq=110 uart_sequence=225322 sensor_raw=4294964796 sensor_converted=4294964796 xiao_rx=1674973265 queue_push=1674973276 core_rx=53878875
BNO_CORE_EVENT kind=4 report_seq=61 uart_sequence=225326 sensor_raw=4294965296 sensor_converted=4294965296 xiao_rx=1674979665 queue_push=1674979670 core_rx=53891393
BNO_CORE_EVENT kind=2 report_seq=121 uart_sequence=225327 sensor_raw=4294962996 sensor_converted=4294962996 xiao_rx=1674985448 queue_push=1674985452 core_rx=53894055
BNO_CORE_EVENT kind=3 report_seq=121 uart_sequence=225328 sensor_raw=4294962996 sensor_converted=4294962996 xiao_rx=1674985491 queue_push=1674985493 core_rx=53895212
BNO_CORE_EVENT kind=5 report_seq=119 uart_sequence=225329 sensor_raw=4294962996 sensor_converted=4294962996 xiao_rx=1674985503 queue_push=1674985505 core_rx=53896264
BNO_CORE_EVENT kind=1 report_seq=111 uart_sequence=225330 sensor_raw=4294964196 sensor_converted=4294964196 xiao_rx=1674992388 queue_push=1674992394 core_rx=53898338
BNO_CORE_EVENT kind=2 report_seq=122 uart_sequence=225332 sensor_raw=4294965196 sensor_converted=4294965196 xiao_rx=1675000254 queue_push=1675000259 core_rx=53906380
BNO_CORE_EVENT kind=3 report_seq=122 uart_sequence=225334 sensor_raw=4294962596 sensor_converted=4294962596 xiao_rx=1675009091 queue_push=1675009098 core_rx=53914390
BNO_CORE_EVENT kind=5 report_seq=120 uart_sequence=225335 sensor_raw=4294962596 sensor_converted=4294962596 xiao_rx=1675009125 queue_push=1675009127 core_rx=53919035
BNO_CORE_EVENT kind=1 report_seq=112 uart_sequence=225336 sensor_raw=4294965296 sensor_converted=4294965296 xiao_rx=1675009133 queue_push=1675009135 core_rx=53920213
BNO_CORE_EVENT kind=1 report_seq=113 uart_sequence=225338 sensor_raw=4294966796 sensor_converted=4294966796 xiao_rx=1675017546 queue_push=1675017550 core_rx=53922967
BNO_CORE_EVENT kind=4 report_seq=62 uart_sequence=225339 sensor_raw=4294964996 sensor_converted=4294964996 xiao_rx=1675021058 queue_push=1675021062 core_rx=53925336
BNO_CORE_EVENT kind=2 report_seq=123 uart_sequence=225340 sensor_raw=4294961496 sensor_converted=4294961496 xiao_rx=1675027125 queue_push=1675027129 core_rx=53933402
BNO_CORE_EVENT kind=3 report_seq=123 uart_sequence=225341 sensor_raw=4294961496 sensor_converted=4294961496 xiao_rx=1675027149 queue_push=1675027151 core_rx=53936053
BNO_CORE_EVENT kind=5 report_seq=121 uart_sequence=225342 sensor_raw=4294961496 sensor_converted=4294961496 xiao_rx=1675027161 queue_push=1675027162 core_rx=53937231
BNO_CORE_EVENT kind=1 report_seq=114 uart_sequence=225345 sensor_raw=4294966796 sensor_converted=4294966796 xiao_rx=1675035665 queue_push=1675035673 core_rx=53944236
BNO_CORE_EVENT kind=2 report_seq=124 uart_sequence=225346 sensor_raw=4294964996 sensor_converted=4294964996 xiao_rx=1675040446 queue_push=1675040452 core_rx=53946337
BNO_CORE_EVENT kind=3 report_seq=124 uart_sequence=225348 sensor_raw=4294962396 sensor_converted=4294962396 xiao_rx=1675046226 queue_push=1675046236 core_rx=53951353
BNO_CORE_EVENT kind=5 report_seq=122 uart_sequence=225349 sensor_raw=4294962396 sensor_converted=4294962396 xiao_rx=1675046261 queue_push=1675046263 core_rx=53953095
BNO_CORE_EVENT kind=1 report_seq=115 uart_sequence=225351 sensor_raw=4294964096 sensor_converted=4294964096 xiao_rx=1675052238 queue_push=1675052242 core_rx=53957730
BNO_CORE_EVENT kind=2 report_seq=125 uart_sequence=225353 sensor_raw=4294964996 sensor_converted=4294964996 xiao_rx=1675060359 queue_push=1675060368 core_rx=53966363
BNO_CORE_EVENT kind=3 report_seq=125 uart_sequence=225354 sensor_raw=4294962596 sensor_converted=4294962596 xiao_rx=1675066306 queue_push=1675066310 core_rx=53972406
BNO_CORE_EVENT kind=5 report_seq=123 uart_sequence=225355 sensor_raw=4294962596 sensor_converted=4294962596 xiao_rx=1675066329 queue_push=1675066331 core_rx=53975117
BNO_CORE_EVENT kind=4 report_seq=63 uart_sequence=225356 sensor_raw=4294962596 sensor_converted=4294962596 xiao_rx=1675066343 queue_push=1675066345 core_rx=53977395
BNO_CORE_EVENT kind=1 report_seq=116 uart_sequence=225359 sensor_raw=4294962596 sensor_converted=4294962596 xiao_rx=1675074980 queue_push=1675074992 core_rx=53982241
BNO_CORE_EVENT kind=2 report_seq=126 uart_sequence=225364 sensor_raw=4294964596 sensor_converted=4294964596 xiao_rx=1675081119 queue_push=1675081127 core_rx=53988170
BNO_CORE_EVENT kind=3 report_seq=126 uart_sequence=225365 sensor_raw=4294961896 sensor_converted=4294961896 xiao_rx=1675088164 queue_push=1675088170 core_rx=53993410
BNO_CORE_EVENT kind=5 report_seq=124 uart_sequence=225366 sensor_raw=4294961896 sensor_converted=4294961896 xiao_rx=1675088194 queue_push=1675088196 core_rx=53995998
BNO_CORE_EVENT kind=1 report_seq=117 uart_sequence=225367 sensor_raw=4294963496 sensor_converted=4294963496 xiao_rx=1675088202 queue_push=1675088204 core_rx=53997062
BNO_CORE_EVENT kind=1 report_seq=118 uart_sequence=225368 sensor_raw=4294966796 sensor_converted=4294966796 xiao_rx=1675097379 queue_push=1675097386 core_rx=54002935
BNO_CORE_EVENT kind=2 report_seq=127 uart_sequence=225371 sensor_raw=4294963896 sensor_converted=4294963896 xiao_rx=1675106089 queue_push=1675106095 core_rx=54012336
BNO_CORE_EVENT kind=3 report_seq=127 uart_sequence=225373 sensor_raw=4294956196 sensor_converted=4294956196 xiao_rx=1675112067 queue_push=1675112076 core_rx=54021388
BNO_CORE_EVENT kind=5 report_seq=125 uart_sequence=225374 sensor_raw=4294956196 sensor_converted=4294956196 xiao_rx=1675112100 queue_push=1675112102 core_rx=54024006
BNO_CORE_EVENT kind=4 report_seq=64 uart_sequence=225375 sensor_raw=4294956196 sensor_converted=4294956196 xiao_rx=1675112114 queue_push=1675112116 core_rx=54025077
BNO_CORE_EVENT kind=1 report_seq=119 uart_sequence=225376 sensor_raw=4294964196 sensor_converted=4294964196 xiao_rx=1675115878 queue_push=1675115881 core_rx=54026134
BNO_CORE_EVENT kind=2 report_seq=128 uart_sequence=225377 sensor_raw=4294964396 sensor_converted=4294964396 xiao_rx=1675121986 queue_push=1675121993 core_rx=54027954
BNO_CORE_EVENT kind=3 report_seq=128 uart_sequence=225378 sensor_raw=4294960596 sensor_converted=4294960596 xiao_rx=1675128152 queue_push=1675128158 core_rx=54036398
BNO_CORE_EVENT kind=5 report_seq=126 uart_sequence=225379 sensor_raw=4294960596 sensor_converted=4294960596 xiao_rx=1675128176 queue_push=1675128178 core_rx=54039033
BNO_CORE_EVENT kind=1 report_seq=120 uart_sequence=225380 sensor_raw=4294964396 sensor_converted=4294964396 xiao_rx=1675130573 queue_push=1675130574 core_rx=54040124
BNO_CORE_EVENT kind=2 report_seq=129 uart_sequence=225384 sensor_raw=4294964996 sensor_converted=4294964996 xiao_rx=1675140945 queue_push=1675140953 core_rx=54047333
BNO_CORE_EVENT kind=3 report_seq=129 uart_sequence=225386 sensor_raw=4294961896 sensor_converted=4294961896 xiao_rx=1675148153 queue_push=1675148161 core_rx=54057382
BNO_CORE_EVENT kind=5 report_seq=127 uart_sequence=225387 sensor_raw=4294961896 sensor_converted=4294961896 xiao_rx=1675148189 queue_push=1675148191 core_rx=54060101
BNO_CORE_EVENT kind=4 report_seq=65 uart_sequence=225388 sensor_raw=4294961896 sensor_converted=4294961896 xiao_rx=1675148209 queue_push=1675148211 core_rx=54061307
BNO_CORE_EVENT kind=1 report_seq=121 uart_sequence=225389 sensor_raw=4294959796 sensor_converted=4294959796 xiao_rx=1675151434 queue_push=1675151438 core_rx=54062364
BNO_CORE_EVENT kind=2 report_seq=130 uart_sequence=225392 sensor_raw=4294964596 sensor_converted=4294964596 xiao_rx=1675160933 queue_push=1675160943 core_rx=54068338
BNO_CORE_EVENT kind=3 report_seq=130 uart_sequence=225394 sensor_raw=4294961896 sensor_converted=4294961896 xiao_rx=1675167125 queue_push=1675167131 core_rx=54073461
BNO_CORE_EVENT kind=5 report_seq=128 uart_sequence=225395 sensor_raw=4294961896 sensor_converted=4294961896 xiao_rx=1675167156 queue_push=1675167158 core_rx=54075883
BNO_CORE_EVENT kind=1 report_seq=122 uart_sequence=225396 sensor_raw=4294962896 sensor_converted=4294962896 xiao_rx=1675167164 queue_push=1675167166 core_rx=54077062
BNO_CORE_EVENT kind=1 report_seq=123 uart_sequence=225398 sensor_raw=4294966796 sensor_converted=4294966796 xiao_rx=1675176528 queue_push=1675176534 core_rx=54082333
BNO_CORE_EVENT kind=4 report_seq=66 uart_sequence=225401 sensor_raw=4294965296 sensor_converted=4294965296 xiao_rx=1675180131 queue_push=1675180135 core_rx=54086550
BNO_CORE_EVENT kind=2 report_seq=131 uart_sequence=225403 sensor_raw=4294962196 sensor_converted=4294962196 xiao_rx=1675187125 queue_push=1675187133 core_rx=54093405
BNO_CORE_EVENT kind=3 report_seq=131 uart_sequence=225404 sensor_raw=4294962196 sensor_converted=4294962196 xiao_rx=1675187155 queue_push=1675187156 core_rx=54096055
BNO_CORE_EVENT kind=5 report_seq=129 uart_sequence=225405 sensor_raw=4294962196 sensor_converted=4294962196 xiao_rx=1675187167 queue_push=1675187168 core_rx=54097241
BNO_CORE_EVENT kind=1 report_seq=124 uart_sequence=225406 sensor_raw=4294966296 sensor_converted=4294966296 xiao_rx=1675193459 queue_push=1675193486 core_rx=54099339
BNO_CORE_EVENT kind=2 report_seq=132 uart_sequence=225408 sensor_raw=4294964596 sensor_converted=4294964596 xiao_rx=1675201902 queue_push=1675201907 core_rx=54107384
BNO_CORE_EVENT kind=3 report_seq=132 uart_sequence=225411 sensor_raw=4294960596 sensor_converted=4294960596 xiao_rx=1675207854 queue_push=1675207861 core_rx=54116374
BNO_CORE_EVENT kind=5 report_seq=130 uart_sequence=225412 sensor_raw=4294960596 sensor_converted=4294960596 xiao_rx=1675207890 queue_push=1675207891 core_rx=54119056
BNO_CORE_EVENT kind=1 report_seq=125 uart_sequence=225413 sensor_raw=4294963896 sensor_converted=4294963896 xiao_rx=1675210484 queue_push=1675210487 core_rx=54120225
BNO_CORE_EVENT kind=2 report_seq=133 uart_sequence=225414 sensor_raw=4294965196 sensor_converted=4294965196 xiao_rx=1675220231 queue_push=1675220238 core_rx=54125366
XIAO UART baud=921600 rx=GPIO8 tx=GPIO9 bytes=1083976 frames=2706 bytes_s=38152 frames_s=376 crc/cobs/len=0/0/0 seqgap=0 age_ms=8 type=3 log=1 q=0 rec=398 final=0
RXDIAG max_us=6428 budget_hits=0 byte/frame/time=0/0/0 rx_buf_max=496 loop_period_max_us=730062 loop_exec_max_us=727693 free_heap=138480 min_free_heap=134948 reset_reason=0 bno_kind_1to5_s=63/51/50/24/50 queue=0 high=14 drops=0
BNO_CORE_EVENT kind=3 report_seq=133 uart_sequence=225415 sensor_raw=4294962596 sensor_converted=4294962596 xiao_rx=1675227115 queue_push=1675227121 core_rx=54135332
RXDETAIL service_calls=40285 service_bytes_avg=26 service_bytes_max=496 service_frames_avg=0 service_frames_avg_x1000=217 service_frames_max=5 service_bytes_s=38152 service_frames_s=376 rxbuf_full_obs=0 bno_valid=1720 bno_invalid=0 unknown=0 uart_overflow=framework_unavailable trial_rx_bytes=274784 trial_frames=2705 trial_bno=1720 trial_crc/cobs/len=0/0/0
BNO_CORE_EVENT kind=5 report_seq=131 uart_sequence=225416 sensor_raw=4294962596 sensor_converted=4294962596 xiao_rx=1675227145 queue_push=1675227147 core_rx=54138027
BNO_CORE_EVENT kind=4 report_seq=67 uart_sequence=225417 sensor_raw=4294962596 sensor_converted=4294962596 xiao_rx=1675227158 queue_push=1675227160 core_rx=54140358
BNO_CORE_EVENT kind=1 report_seq=126 uart_sequence=225418 sensor_raw=4294960096 sensor_converted=4294960096 xiao_rx=1675229573 queue_push=1675229574 core_rx=54141400
RXTASK mode=decode_count read_calls=40286 zero_reads=31092 read_bytes_max=496 rx_task_max_us=6428 rx_task_continuous_max_us=6428 stack_hwm_min_bytes=4472 cobs_delimiters=8782 rx_current=120 rx_max=496 rx_full=0 overflow=framework_unavailable
SDTASK max_process_us=121113
BNO_CORE_EVENT kind=2 report_seq=134 uart_sequence=225422 sensor_raw=4294964596 sensor_converted=4294964596 xiao_rx=1675240673 queue_push=1675240682 core_rx=54149384
BNO_CORE_EVENT kind=3 report_seq=134 uart_sequence=225424 sensor_raw=4294961996 sensor_converted=4294961996 xiao_rx=1675247675 queue_push=1675247682 core_rx=54152896
BNO_CORE_EVENT kind=5 report_seq=132 uart_sequence=225425 sensor_raw=4294961996 sensor_converted=4294961996 xiao_rx=1675247706 queue_push=1675247707 core_rx=54154586
BNO_CORE_EVENT kind=1 report_seq=127 uart_sequence=225426 sensor_raw=4294962096 sensor_converted=4294962096 xiao_rx=1675247714 queue_push=1675247716 core_rx=54155727
BNO_CORE_EVENT kind=1 report_seq=128 uart_sequence=225427 sensor_raw=4294966796 sensor_converted=4294966796 xiao_rx=1675255641 queue_push=1675255647 core_rx=54161409
BNO_CORE_EVENT kind=4 report_seq=68 uart_sequence=225429 sensor_raw=4294965196 sensor_converted=4294965196 xiao_rx=1675260523 queue_push=1675260526 core_rx=54167336
BNO_CORE_EVENT kind=2 report_seq=135 uart_sequence=225432 sensor_raw=4294961896 sensor_converted=4294961896 xiao_rx=1675268246 queue_push=1675268252 core_rx=54175333
BNO_CORE_EVENT kind=3 report_seq=135 uart_sequence=225433 sensor_raw=4294961896 sensor_converted=4294961896 xiao_rx=1675268276 queue_push=1675268277 core_rx=54176517
BNO_CORE_EVENT kind=5 report_seq=133 uart_sequence=225434 sensor_raw=4294961896 sensor_converted=4294961896 xiao_rx=1675268286 queue_push=1675268288 core_rx=54177583
BNO_CORE_EVENT kind=1 report_seq=129 uart_sequence=225436 sensor_raw=4294965496 sensor_converted=4294965496 xiao_rx=1675274565 queue_push=1675274572 core_rx=54181385
BNO_CORE_EVENT kind=2 report_seq=136 uart_sequence=225438 sensor_raw=4294964996 sensor_converted=4294964996 xiao_rx=1675280270 queue_push=1675280276 core_rx=54186412
BNO_CORE_EVENT kind=3 report_seq=136 uart_sequence=225442 sensor_raw=4294962596 sensor_converted=4294962596 xiao_rx=1675286875 queue_push=1675286882 core_rx=54194928
BNO_CORE_EVENT kind=5 report_seq=134 uart_sequence=225443 sensor_raw=4294962596 sensor_converted=4294962596 xiao_rx=1675286908 queue_push=1675286909 core_rx=54196733
BNO_CORE_EVENT kind=1 report_seq=130 uart_sequence=225444 sensor_raw=4294963896 sensor_converted=4294963896 xiao_rx=1675289361 queue_push=1675289363 core_rx=54197897
BNO_CORE_EVENT kind=2 report_seq=137 uart_sequence=225446 sensor_raw=4294964996 sensor_converted=4294964996 xiao_rx=1675300214 queue_push=1675300227 core_rx=54215387
BNO_CORE_EVENT kind=3 report_seq=137 uart_sequence=225447 sensor_raw=4294962596 sensor_converted=4294962596 xiao_rx=1675305034 queue_push=1675305040 core_rx=54218092
BNO_CORE_EVENT kind=5 report_seq=135 uart_sequence=225448 sensor_raw=4294962596 sensor_converted=4294962596 xiao_rx=1675305064 queue_push=1675305066 core_rx=54219282
BNO_CORE_EVENT kind=1 report_seq=131 uart_sequence=225449 sensor_raw=4294961096 sensor_converted=4294961096 xiao_rx=1675309074 queue_push=1675309077 core_rx=54220341
BNO_CORE_EVENT kind=4 report_seq=69 uart_sequence=225450 sensor_raw=4294961096 sensor_converted=4294961096 xiao_rx=1675309094 queue_push=1675309096 core_rx=54223127
BNO_CORE_EVENT kind=1 report_seq=132 uart_sequence=225453 sensor_raw=4294965496 sensor_converted=4294965496 xiao_rx=1675319700 queue_push=1675319707 core_rx=54228425
BNO_CORE_EVENT kind=2 report_seq=138 uart_sequence=225454 sensor_raw=4294962796 sensor_converted=4294962796 xiao_rx=1675323216 queue_push=1675323219 core_rx=54229934
BNO_CORE_EVENT kind=3 report_seq=138 uart_sequence=225455 sensor_raw=4294962796 sensor_converted=4294962796 xiao_rx=1675323230 queue_push=1675323232 core_rx=54230993
BNO_CORE_EVENT kind=5 report_seq=136 uart_sequence=225456 sensor_raw=4294959796 sensor_converted=4294959796 xiao_rx=1675327872 queue_push=1675327878 core_rx=54233384
BNO_CORE_EVENT kind=1 report_seq=133 uart_sequence=225459 sensor_raw=4294966796 sensor_converted=4294966796 xiao_rx=1675335514 queue_push=1675335520 core_rx=54240333
BNO_CORE_EVENT kind=2 report_seq=139 uart_sequence=225461 sensor_raw=4294964996 sensor_converted=4294964996 xiao_rx=1675340035 queue_push=1675340041 core_rx=54246263
BNO_CORE_EVENT kind=3 report_seq=139 uart_sequence=225462 sensor_raw=4294962396 sensor_converted=4294962396 xiao_rx=1675347110 queue_push=1675347119 core_rx=54252411
BNO_CORE_EVENT kind=5 report_seq=137 uart_sequence=225463 sensor_raw=4294962396 sensor_converted=4294962396 xiao_rx=1675347141 queue_push=1675347143 core_rx=54254999
BNO_CORE_EVENT kind=4 report_seq=70 uart_sequence=225464 sensor_raw=4294962696 sensor_converted=4294962696 xiao_rx=1675347155 queue_push=1675347157 core_rx=54256079
BNO_CORE_EVENT kind=1 report_seq=134 uart_sequence=225465 sensor_raw=4294964796 sensor_converted=4294964796 xiao_rx=1675352117 queue_push=1675352120 core_rx=54258387
BNO_CORE_EVENT kind=2 report_seq=140 uart_sequence=225466 sensor_raw=4294964196 sensor_converted=4294964196 xiao_rx=1675361083 queue_push=1675361088 core_rx=54265375
BNO_CORE_EVENT kind=3 report_seq=140 uart_sequence=225471 sensor_raw=4294961696 sensor_converted=4294961696 xiao_rx=1675370787 queue_push=1675370795 core_rx=54279970
BNO_CORE_EVENT kind=5 report_seq=138 uart_sequence=225472 sensor_raw=4294961696 sensor_converted=4294961696 xiao_rx=1675370819 queue_push=1675370821 core_rx=54281999
BNO_CORE_EVENT kind=1 report_seq=135 uart_sequence=225473 sensor_raw=4294959396 sensor_converted=4294959396 xiao_rx=1675374561 queue_push=1675374564 core_rx=54283194
BNO_CORE_EVENT kind=2 report_seq=141 uart_sequence=225475 sensor_raw=4294964996 sensor_converted=4294964996 xiao_rx=1675380940 queue_push=1675380949 core_rx=54285928
BNO_CORE_EVENT kind=3 report_seq=141 uart_sequence=225478 sensor_raw=4294961996 sensor_converted=4294961996 xiao_rx=1675389072 queue_push=1675389079 core_rx=54294356
BNO_CORE_EVENT kind=5 report_seq=139 uart_sequence=225479 sensor_raw=4294961996 sensor_converted=4294961996 xiao_rx=1675389104 queue_push=1675389106 core_rx=54297041
BNO_CORE_EVENT kind=4 report_seq=71 uart_sequence=225480 sensor_raw=4294961996 sensor_converted=4294961996 xiao_rx=1675389118 queue_push=1675389120 core_rx=54298239
BNO_CORE_EVENT kind=1 report_seq=136 uart_sequence=225481 sensor_raw=4294964496 sensor_converted=4294964496 xiao_rx=1675389126 queue_push=1675389128 core_rx=54299274
BNO_CORE_EVENT kind=1 report_seq=137 uart_sequence=225482 sensor_raw=4294966796 sensor_converted=4294966796 xiao_rx=1675397321 queue_push=1675397329 core_rx=54301340
BNO_CORE_EVENT kind=2 report_seq=142 uart_sequence=225484 sensor_raw=4294964096 sensor_converted=4294964096 xiao_rx=1675400976 queue_push=1675400985 core_rx=54310368
BNO_CORE_EVENT kind=3 report_seq=142 uart_sequence=225485 sensor_raw=4294961496 sensor_converted=4294961496 xiao_rx=1675405864 queue_push=1675405867 core_rx=54312149
BNO_CORE_EVENT kind=5 report_seq=140 uart_sequence=225486 sensor_raw=4294961496 sensor_converted=4294961496 xiao_rx=1675405881 queue_push=1675405882 core_rx=54315040
BNO_CORE_EVENT kind=1 report_seq=138 uart_sequence=225488 sensor_raw=4294966796 sensor_converted=4294966796 xiao_rx=1675413872 queue_push=1675413878 core_rx=54318909
BNO_CORE_EVENT kind=2 report_seq=143 uart_sequence=225490 sensor_raw=4294964996 sensor_converted=4294964996 xiao_rx=1675420237 queue_push=1675420243 core_rx=54326402
BNO_CORE_EVENT kind=3 report_seq=143 uart_sequence=225491 sensor_raw=4294962396 sensor_converted=4294962396 xiao_rx=1675427133 queue_push=1675427139 core_rx=54332415
BNO_CORE_EVENT kind=5 report_seq=141 uart_sequence=225492 sensor_raw=4294962396 sensor_converted=4294962396 xiao_rx=1675427161 queue_push=1675427163 core_rx=54335085
BNO_CORE_EVENT kind=4 report_seq=72 uart_sequence=225493 sensor_raw=4294962396 sensor_converted=4294962396 xiao_rx=1675427174 queue_push=1675427175 core_rx=54336285
BNO_CORE_EVENT kind=1 report_seq=139 uart_sequence=225495 sensor_raw=4294963896 sensor_converted=4294963896 xiao_rx=1675433913 queue_push=1675433918 core_rx=54340397
BNO_CORE_EVENT kind=2 report_seq=144 uart_sequence=225498 sensor_raw=4294964996 sensor_converted=4294964996 xiao_rx=1675440363 queue_push=1675440370 core_rx=54346334
BNO_CORE_EVENT kind=3 report_seq=144 uart_sequence=225499 sensor_raw=4294962596 sensor_converted=4294962596 xiao_rx=1675445189 queue_push=1675445195 core_rx=54352952
BNO_CORE_EVENT kind=5 report_seq=142 uart_sequence=225500 sensor_raw=4294962596 sensor_converted=4294962596 xiao_rx=1675445216 queue_push=1675445218 core_rx=54354543
BNO_CORE_EVENT kind=1 report_seq=140 uart_sequence=225501 sensor_raw=4294963896 sensor_converted=4294963896 xiao_rx=1675447645 queue_push=1675447647 core_rx=54355604
BNO_CORE_EVENT kind=2 report_seq=145 uart_sequence=225502 sensor_raw=4294964596 sensor_converted=4294964596 xiao_rx=1675460702 queue_push=1675460710 core_rx=54365934
BNO_CORE_EVENT kind=3 report_seq=145 uart_sequence=225505 sensor_raw=4294961996 sensor_converted=4294961996 xiao_rx=1675470750 queue_push=1675470759 core_rx=54376357
BNO_CORE_EVENT kind=5 report_seq=143 uart_sequence=225506 sensor_raw=4294961996 sensor_converted=4294961996 xiao_rx=1675470788 queue_push=1675470790 core_rx=54379096
BNO_CORE_EVENT kind=4 report_seq=73 uart_sequence=225507 sensor_raw=4294961996 sensor_converted=4294961996 xiao_rx=1675470802 queue_push=1675470804 core_rx=54380324
BNO_CORE_EVENT kind=1 report_seq=141 uart_sequence=225508 sensor_raw=4294963596 sensor_converted=4294963596 xiao_rx=1675470811 queue_push=1675470812 core_rx=54381363
BNO_CORE_EVENT kind=1 report_seq=142 uart_sequence=225512 sensor_raw=4294966796 sensor_converted=4294966796 xiao_rx=1675479250 queue_push=1675479255 core_rx=54388882
BNO_CORE_EVENT kind=2 report_seq=146 uart_sequence=225513 sensor_raw=4294963696 sensor_converted=4294963696 xiao_rx=1675483713 queue_push=1675483718 core_rx=54391116
BNO_CORE_EVENT kind=3 report_seq=146 uart_sequence=225514 sensor_raw=4294963696 sensor_converted=4294963696 xiao_rx=1675483744 queue_push=1675483746 core_rx=54393704
BNO_CORE_EVENT kind=5 report_seq=144 uart_sequence=225515 sensor_raw=4294963696 sensor_converted=4294963696 xiao_rx=1675483753 queue_push=1675483755 core_rx=54394823
BNO_CORE_EVENT kind=1 report_seq=143 uart_sequence=225518 sensor_raw=4294966796 sensor_converted=4294966796 xiao_rx=1675493369 queue_push=1675493375 core_rx=54399399
BNO_CORE_EVENT kind=2 report_seq=147 uart_sequence=225522 sensor_raw=4294964996 sensor_converted=4294964996 xiao_rx=1675500015 queue_push=1675500024 core_rx=54412359
BNO_CORE_EVENT kind=3 report_seq=147 uart_sequence=225523 sensor_raw=4294962396 sensor_converted=4294962396 xiao_rx=1675505856 queue_push=1675505860 core_rx=54415049
BNO_CORE_EVENT kind=5 report_seq=145 uart_sequence=225524 sensor_raw=4294962396 sensor_converted=4294962396 xiao_rx=1675505884 queue_push=1675505886 core_rx=54416231
BNO_CORE_EVENT kind=4 report_seq=74 uart_sequence=225525 sensor_raw=4294962496 sensor_converted=4294962496 xiao_rx=1675505898 queue_push=1675505899 core_rx=54417273
BNO_CORE_EVENT kind=1 report_seq=144 uart_sequence=225526 sensor_raw=4294966096 sensor_converted=4294966096 xiao_rx=1675513597 queue_push=1675513604 core_rx=54419342
BNO_CORE_EVENT kind=2 report_seq=148 uart_sequence=225527 sensor_raw=4294964996 sensor_converted=4294964996 xiao_rx=1675520172 queue_push=1675520182 core_rx=54430378
BNO_CORE_EVENT kind=3 report_seq=148 uart_sequence=225528 sensor_raw=4294962396 sensor_converted=4294962396 xiao_rx=1675524343 queue_push=1675524345 core_rx=54433021
BNO_CORE_EVENT kind=5 report_seq=146 uart_sequence=225529 sensor_raw=4294962396 sensor_converted=4294962396 xiao_rx=1675524360 queue_push=1675524362 core_rx=54434164
BNO_CORE_EVENT kind=1 report_seq=145 uart_sequence=225531 sensor_raw=4294963896 sensor_converted=4294963896 xiao_rx=1675532569 queue_push=1675532573 core_rx=54438393
BNO_CORE_EVENT kind=2 report_seq=149 uart_sequence=225533 sensor_raw=4294964796 sensor_converted=4294964796 xiao_rx=1675540604 queue_push=1675540614 core_rx=54446352
BNO_CORE_EVENT kind=3 report_seq=149 uart_sequence=225536 sensor_raw=4294962196 sensor_converted=4294962196 xiao_rx=1675547903 queue_push=1675547908 core_rx=54453362
BNO_CORE_EVENT kind=5 report_seq=147 uart_sequence=225537 sensor_raw=4294962196 sensor_converted=4294962196 xiao_rx=1675547933 queue_push=1675547934 core_rx=54455612
BNO_CORE_EVENT kind=4 report_seq=75 uart_sequence=225538 sensor_raw=4294962196 sensor_converted=4294962196 xiao_rx=1675547946 queue_push=1675547948 core_rx=54456684
BNO_CORE_EVENT kind=1 report_seq=146 uart_sequence=225539 sensor_raw=4294962896 sensor_converted=4294962896 xiao_rx=1675547955 queue_push=1675547956 core_rx=54457734
BNO_CORE_EVENT kind=1 report_seq=147 uart_sequence=225540 sensor_raw=4294966796 sensor_converted=4294966796 xiao_rx=1675557030 queue_push=1675557036 core_rx=54461366
BNO_CORE_EVENT kind=2 report_seq=150 uart_sequence=225542 sensor_raw=4294964796 sensor_converted=4294964796 xiao_rx=1675560514 queue_push=1675560518 core_rx=54470189
BNO_CORE_EVENT kind=3 report_seq=150 uart_sequence=225544 sensor_raw=4294961896 sensor_converted=4294961896 xiao_rx=1675568906 queue_push=1675568915 core_rx=54474382
BNO_CORE_EVENT kind=5 report_seq=148 uart_sequence=225545 sensor_raw=4294961896 sensor_converted=4294961896 xiao_rx=1675568937 queue_push=1675568939 core_rx=54475608
BNO_CORE_EVENT kind=1 report_seq=148 uart_sequence=225547 sensor_raw=4294965896 sensor_converted=4294965896 xiao_rx=1675573571 queue_push=1675573575 core_rx=54479370
BNO_CORE_EVENT kind=2 report_seq=151 uart_sequence=225550 sensor_raw=4294964996 sensor_converted=4294964996 xiao_rx=1675580059 queue_push=1675580073 core_rx=54490918
BNO_CORE_EVENT kind=3 report_seq=151 uart_sequence=225551 sensor_raw=4294962396 sensor_converted=4294962396 xiao_rx=1675585853 queue_push=1675585855 core_rx=54492539
BNO_CORE_EVENT kind=5 report_seq=149 uart_sequence=225552 sensor_raw=4294962396 sensor_converted=4294962396 xiao_rx=1675585867 queue_push=1675585869 core_rx=54494703
BNO_CORE_EVENT kind=4 report_seq=76 uart_sequence=225553 sensor_raw=4294962496 sensor_converted=4294962496 xiao_rx=1675585877 queue_push=1675585879 core_rx=54495836
BNO_CORE_EVENT kind=1 report_seq=149 uart_sequence=225554 sensor_raw=4294964596 sensor_converted=4294964596 xiao_rx=1675592366 queue_push=1675592371 core_rx=54498368
BNO_CORE_EVENT kind=2 report_seq=152 uart_sequence=225559 sensor_raw=4294964996 sensor_converted=4294964996 xiao_rx=1675600222 queue_push=1675600232 core_rx=54513353
BNO_CORE_EVENT kind=3 report_seq=152 uart_sequence=225560 sensor_raw=4294962396 sensor_converted=4294962396 xiao_rx=1675604545 queue_push=1675604549 core_rx=54516003
BNO_CORE_EVENT kind=5 report_seq=150 uart_sequence=225561 sensor_raw=4294962396 sensor_converted=4294962396 xiao_rx=1675604574 queue_push=1675604575 core_rx=54517057
BNO_CORE_EVENT kind=1 report_seq=150 uart_sequence=225562 sensor_raw=4294962196 sensor_converted=4294962196 xiao_rx=1675607718 queue_push=1675607722 core_rx=54518106
BNO_CORE_EVENT kind=1 report_seq=151 uart_sequence=225564 sensor_raw=4294966396 sensor_converted=4294966396 xiao_rx=1675618982 queue_push=1675618989 core_rx=54523343
BNO_CORE_EVENT kind=2 report_seq=153 uart_sequence=225565 sensor_raw=4294963896 sensor_converted=4294963896 xiao_rx=1675623127 queue_push=1675623131 core_rx=54529350
BNO_CORE_EVENT kind=3 report_seq=153 uart_sequence=225566 sensor_raw=4294963896 sensor_converted=4294963896 xiao_rx=1675623150 queue_push=1675623152 core_rx=54530550
BNO_CORE_EVENT kind=5 report_seq=151 uart_sequence=225568 sensor_raw=4294959696 sensor_converted=4294959696 xiao_rx=1675628778 queue_push=1675628783 core_rx=54536334
BNO_CORE_EVENT kind=4 report_seq=77 uart_sequence=225569 sensor_raw=4294959696 sensor_converted=4294959696 xiao_rx=1675628807 queue_push=1675628809 core_rx=54537473
BNO_CORE_EVENT kind=1 report_seq=152 uart_sequence=225572 sensor_raw=4294966596 sensor_converted=4294966596 xiao_rx=1675636327 queue_push=1675636333 core_rx=54542254
BNO_CORE_EVENT kind=2 report_seq=154 uart_sequence=225573 sensor_raw=4294964996 sensor_converted=4294964996 xiao_rx=1675640012 queue_push=1675640017 core_rx=54545361
BNO_CORE_EVENT kind=3 report_seq=154 uart_sequence=225574 sensor_raw=4294962396 sensor_converted=4294962396 xiao_rx=1675646242 queue_push=1675646251 core_rx=54550353
BNO_CORE_EVENT kind=5 report_seq=152 uart_sequence=225575 sensor_raw=4294962396 sensor_converted=4294962396 xiao_rx=1675646277 queue_push=1675646279 core_rx=54552109
BNO_CORE_EVENT kind=1 report_seq=153 uart_sequence=225577 sensor_raw=4294965296 sensor_converted=4294965296 xiao_rx=1675652991 queue_push=1675652995 core_rx=54557345
BNO_CORE_EVENT kind=2 report_seq=155 uart_sequence=225579 sensor_raw=4294964996 sensor_converted=4294964996 xiao_rx=1675660150 queue_push=1675660158 core_rx=54568456
BNO_CORE_EVENT kind=3 report_seq=155 uart_sequence=225582 sensor_raw=4294962396 sensor_converted=4294962396 xiao_rx=1675669109 queue_push=1675669114 core_rx=54578361
BNO_CORE_EVENT kind=5 report_seq=153 uart_sequence=225583 sensor_raw=4294962396 sensor_converted=4294962396 xiao_rx=1675669141 queue_push=1675669142 core_rx=54581011
BNO_CORE_EVENT kind=4 report_seq=78 uart_sequence=225584 sensor_raw=4294962396 sensor_converted=4294962396 xiao_rx=1675669155 queue_push=1675669156 core_rx=54582133
BNO_CORE_EVENT kind=1 report_seq=154 uart_sequence=225585 sensor_raw=4294961496 sensor_converted=4294961496 xiao_rx=1675672946 queue_push=1675672949 core_rx=54583186
BNO_CORE_EVENT kind=2 report_seq=156 uart_sequence=225587 sensor_raw=4294964996 sensor_converted=4294964996 xiao_rx=1675680194 queue_push=1675680204 core_rx=54587344
BNO_CORE_EVENT kind=3 report_seq=156 uart_sequence=225589 sensor_raw=4294962596 sensor_converted=4294962596 xiao_rx=1675688614 queue_push=1675688616 core_rx=54594404
BNO_CORE_EVENT kind=5 report_seq=154 uart_sequence=225590 sensor_raw=4294962596 sensor_converted=4294962596 xiao_rx=1675688640 queue_push=1675688641 core_rx=54597056
BNO_CORE_EVENT kind=1 report_seq=155 uart_sequence=225591 sensor_raw=4294965796 sensor_converted=4294965796 xiao_rx=1675688648 queue_push=1675688650 core_rx=54598186
BNO_CORE_EVENT kind=1 report_seq=156 uart_sequence=225596 sensor_raw=4294965696 sensor_converted=4294965696 xiao_rx=1675699130 queue_push=1675699136 core_rx=54608379
BNO_CORE_EVENT kind=2 report_seq=157 uart_sequence=225597 sensor_raw=4294963296 sensor_converted=4294963296 xiao_rx=1675702688 queue_push=1675702692 core_rx=54611010
BNO_CORE_EVENT kind=3 report_seq=157 uart_sequence=225598 sensor_raw=4294963296 sensor_converted=4294963296 xiao_rx=1675702714 queue_push=1675702716 core_rx=54612087
BNO_CORE_EVENT kind=5 report_seq=155 uart_sequence=225599 sensor_raw=4294959696 sensor_converted=4294959696 xiao_rx=1675708887 queue_push=1675708894 core_rx=54614331
BNO_CORE_EVENT kind=4 report_seq=79 uart_sequence=225600 sensor_raw=4294959696 sensor_converted=4294959696 xiao_rx=1675708914 queue_push=1675708916 core_rx=54615388
BNO_CORE_EVENT kind=1 report_seq=157 uart_sequence=225601 sensor_raw=4294966796 sensor_converted=4294966796 xiao_rx=1675715115 queue_push=1675715118 core_rx=54620386
BNO_CORE_EVENT kind=2 report_seq=158 uart_sequence=225602 sensor_raw=4294964996 sensor_converted=4294964996 xiao_rx=1675719920 queue_push=1675719924 core_rx=54624344
BNO_CORE_EVENT kind=3 report_seq=158 uart_sequence=225603 sensor_raw=4294962396 sensor_converted=4294962396 xiao_rx=1675725238 queue_push=1675725245 core_rx=54629342
BNO_CORE_EVENT kind=5 report_seq=156 uart_sequence=225604 sensor_raw=4294962396 sensor_converted=4294962396 xiao_rx=1675725266 queue_push=1675725268 core_rx=54631355
BNO_CORE_EVENT kind=1 report_seq=158 uart_sequence=225607 sensor_raw=4294964596 sensor_converted=4294964596 xiao_rx=1675732865 queue_push=1675732871 core_rx=54639328
BNO_CORE_EVENT kind=2 report_seq=159 uart_sequence=225610 sensor_raw=4294964996 sensor_converted=4294964996 xiao_rx=1675740179 queue_push=1675740185 core_rx=54650375
BNO_CORE_EVENT kind=3 report_seq=159 uart_sequence=225611 sensor_raw=4294962396 sensor_converted=4294962396 xiao_rx=1675746006 queue_push=1675746009 core_rx=54651972
BNO_CORE_EVENT kind=5 report_seq=157 uart_sequence=225612 sensor_raw=4294962396 sensor_converted=4294962396 xiao_rx=1675746024 queue_push=1675746025 core_rx=54653997
BNO_CORE_EVENT kind=4 report_seq=80 uart_sequence=225613 sensor_raw=4294962396 sensor_converted=4294962396 xiao_rx=1675746035 queue_push=1675746036 core_rx=54655075
BNO_CORE_EVENT kind=1 report_seq=159 uart_sequence=225615 sensor_raw=4294963096 sensor_converted=4294963096 xiao_rx=1675753445 queue_push=1675753451 core_rx=54658392
BNO_CORE_EVENT kind=2 report_seq=160 uart_sequence=225617 sensor_raw=4294964996 sensor_converted=4294964996 xiao_rx=1675760063 queue_push=1675760068 core_rx=54666419
BNO_CORE_EVENT kind=3 report_seq=160 uart_sequence=225618 sensor_raw=4294962396 sensor_converted=4294962396 xiao_rx=1675767157 queue_push=1675767165 core_rx=54672399
BNO_CORE_EVENT kind=5 report_seq=158 uart_sequence=225619 sensor_raw=4294962396 sensor_converted=4294962396 xiao_rx=1675767189 queue_push=1675767191 core_rx=54675113
BNO_CORE_EVENT kind=1 report_seq=160 uart_sequence=225620 sensor_raw=4294965096 sensor_converted=4294965096 xiao_rx=1675767197 queue_push=1675767199 core_rx=54676292
BNO_CORE_EVENT kind=1 report_seq=161 uart_sequence=225624 sensor_raw=4294966796 sensor_converted=4294966796 xiao_rx=1675777199 queue_push=1675777204 core_rx=54685332
BNO_CORE_EVENT kind=4 report_seq=81 uart_sequence=225625 sensor_raw=4294964996 sensor_converted=4294964996 xiao_rx=1675779637 queue_push=1675779640 core_rx=54686525
BNO_CORE_EVENT kind=2 report_seq=161 uart_sequence=225626 sensor_raw=4294962796 sensor_converted=4294962796 xiao_rx=1675786528 queue_push=1675786533 core_rx=54692423
BNO_CORE_EVENT kind=3 report_seq=161 uart_sequence=225627 sensor_raw=4294962796 sensor_converted=4294962796 xiao_rx=1675786556 queue_push=1675786557 core_rx=54695050
BNO_CORE_EVENT kind=5 report_seq=159 uart_sequence=225628 sensor_raw=4294962796 sensor_converted=4294962796 xiao_rx=1675786566 queue_push=1675786568 core_rx=54696186
BNO_CORE_EVENT kind=1 report_seq=162 uart_sequence=225631 sensor_raw=4294966796 sensor_converted=4294966796 xiao_rx=1675795711 queue_push=1675795717 core_rx=54703350
BNO_CORE_EVENT kind=2 report_seq=162 uart_sequence=225633 sensor_raw=4294964396 sensor_converted=4294964396 xiao_rx=1675800512 queue_push=1675800518 core_rx=54706348
BNO_CORE_EVENT kind=3 report_seq=162 uart_sequence=225635 sensor_raw=4294961896 sensor_converted=4294961896 xiao_rx=1675806804 queue_push=1675806810 core_rx=54712379
BNO_CORE_EVENT kind=5 report_seq=160 uart_sequence=225636 sensor_raw=4294961896 sensor_converted=4294961896 xiao_rx=1675806835 queue_push=1675806837 core_rx=54713593
BNO_CORE_EVENT kind=1 report_seq=163 uart_sequence=225637 sensor_raw=4294963896 sensor_converted=4294963896 xiao_rx=1675813014 queue_push=1675813017 core_rx=54718375
BNO_CORE_EVENT kind=2 report_seq=163 uart_sequence=225638 sensor_raw=4294964996 sensor_converted=4294964996 xiao_rx=1675820158 queue_push=1675820163 core_rx=54725387
BNO_CORE_EVENT kind=3 report_seq=163 uart_sequence=225640 sensor_raw=4294962596 sensor_converted=4294962596 xiao_rx=1675826062 queue_push=1675826070 core_rx=54732456
BNO_CORE_EVENT kind=5 report_seq=161 uart_sequence=225641 sensor_raw=4294962596 sensor_converted=4294962596 xiao_rx=1675826094 queue_push=1675826096 core_rx=54734887
BNO_CORE_EVENT kind=4 report_seq=82 uart_sequence=225642 sensor_raw=4294962596 sensor_converted=4294962596 xiao_rx=1675826108 queue_push=1675826110 core_rx=54735962
BNO_CORE_EVENT kind=1 report_seq=164 uart_sequence=225644 sensor_raw=4294962396 sensor_converted=4294962396 xiao_rx=1675832453 queue_push=1675832461 core_rx=54739393
BNO_CORE_EVENT kind=2 report_seq=164 uart_sequence=225648 sensor_raw=4294964596 sensor_converted=4294964596 xiao_rx=1675841080 queue_push=1675841085 core_rx=54747373
BNO_CORE_EVENT kind=3 report_seq=164 uart_sequence=225649 sensor_raw=4294961696 sensor_converted=4294961696 xiao_rx=1675848187 queue_push=1675848194 core_rx=54753400
BNO_CORE_EVENT kind=5 report_seq=162 uart_sequence=225650 sensor_raw=4294961696 sensor_converted=4294961696 xiao_rx=1675848218 queue_push=1675848220 core_rx=54756054
BNO_CORE_EVENT kind=1 report_seq=165 uart_sequence=225651 sensor_raw=4294963096 sensor_converted=4294963096 xiao_rx=1675848226 queue_push=1675848228 core_rx=54757253
BNO_CORE_EVENT kind=1 report_seq=166 uart_sequence=225654 sensor_raw=4294966796 sensor_converted=4294966796 xiao_rx=1675856992 queue_push=1675857003 core_rx=54765418
BNO_CORE_EVENT kind=2 report_seq=165 uart_sequence=225655 sensor_raw=4294964796 sensor_converted=4294964796 xiao_rx=1675862679 queue_push=1675862685 core_rx=54768380
BNO_CORE_EVENT kind=3 report_seq=165 uart_sequence=225657 sensor_raw=4294959696 sensor_converted=4294959696 xiao_rx=1675869197 queue_push=1675869203 core_rx=54774392
BNO_CORE_EVENT kind=5 report_seq=163 uart_sequence=225658 sensor_raw=4294959696 sensor_converted=4294959696 xiao_rx=1675869226 queue_push=1675869228 core_rx=54775936
BNO_CORE_EVENT kind=4 report_seq=83 uart_sequence=225659 sensor_raw=4294959696 sensor_converted=4294959696 xiao_rx=1675869241 queue_push=1675869243 core_rx=54777003
BNO_CORE_EVENT kind=1 report_seq=167 uart_sequence=225661 sensor_raw=4294965696 sensor_converted=4294965696 xiao_rx=1675876174 queue_push=1675876182 core_rx=54781180
BNO_CORE_EVENT kind=2 report_seq=166 uart_sequence=225663 sensor_raw=4294964996 sensor_converted=4294964996 xiao_rx=1675879940 queue_push=1675879945 core_rx=54785390
BNO_CORE_EVENT kind=3 report_seq=166 uart_sequence=225664 sensor_raw=4294962396 sensor_converted=4294962396 xiao_rx=1675885207 queue_push=1675885211 core_rx=54789922
BNO_CORE_EVENT kind=5 report_seq=164 uart_sequence=225665 sensor_raw=4294962396 sensor_converted=4294962396 xiao_rx=1675885232 queue_push=1675885234 core_rx=54794109
BNO_CORE_EVENT kind=1 report_seq=168 uart_sequence=225666 sensor_raw=4294966396 sensor_converted=4294966396 xiao_rx=1675888932 queue_push=1675888937 core_rx=54795317
BNO_CORE_EVENT kind=4 report_seq=84 uart_sequence=225670 sensor_raw=4294965296 sensor_converted=4294965296 xiao_rx=1675899410 queue_push=1675899418 core_rx=54804900
BNO_CORE_EVENT kind=2 report_seq=167 uart_sequence=225673 sensor_raw=4294962996 sensor_converted=4294962996 xiao_rx=1675907630 queue_push=1675907634 core_rx=54816403
BNO_CORE_EVENT kind=3 report_seq=167 uart_sequence=225674 sensor_raw=4294962996 sensor_converted=4294962996 xiao_rx=1675907659 queue_push=1675907660 core_rx=54818999
BNO_CORE_EVENT kind=5 report_seq=165 uart_sequence=225675 sensor_raw=4294962996 sensor_converted=4294962996 xiao_rx=1675907672 queue_push=1675907674 core_rx=54820061
BNO_CORE_EVENT kind=1 report_seq=169 uart_sequence=225676 sensor_raw=4294960496 sensor_converted=4294960496 xiao_rx=1675910100 queue_push=1675910103 core_rx=54821112
BNO_CORE_EVENT kind=2 report_seq=168 uart_sequence=225677 sensor_raw=4294964396 sensor_converted=4294964396 xiao_rx=1675920822 queue_push=1675920830 core_rx=54826374
BNO_CORE_EVENT kind=3 report_seq=168 uart_sequence=225680 sensor_raw=4294961996 sensor_converted=4294961996 xiao_rx=1675927215 queue_push=1675927223 core_rx=54834145
BNO_CORE_EVENT kind=5 report_seq=166 uart_sequence=225681 sensor_raw=4294961996 sensor_converted=4294961996 xiao_rx=1675927248 queue_push=1675927250 core_rx=54835349
BNO_CORE_EVENT kind=1 report_seq=170 uart_sequence=225682 sensor_raw=4294962696 sensor_converted=4294962696 xiao_rx=1675927257 queue_push=1675927258 core_rx=54836400
BNO_CORE_EVENT kind=1 report_seq=171 uart_sequence=225684 sensor_raw=4294966796 sensor_converted=4294966796 xiao_rx=1675936091 queue_push=1675936097 core_rx=54841371
BNO_CORE_EVENT kind=4 report_seq=85 uart_sequence=225685 sensor_raw=4294965196 sensor_converted=4294965196 xiao_rx=1675939601 queue_push=1675939605 core_rx=54844896
BNO_CORE_EVENT kind=2 report_seq=169 uart_sequence=225687 sensor_raw=4294962596 sensor_converted=4294962596 xiao_rx=1675947661 queue_push=1675947666 core_rx=54853395
BNO_CORE_EVENT kind=3 report_seq=169 uart_sequence=225688 sensor_raw=4294962596 sensor_converted=4294962596 xiao_rx=1675947689 queue_push=1675947691 core_rx=54856001
BNO_CORE_EVENT kind=5 report_seq=167 uart_sequence=225689 sensor_raw=4294962596 sensor_converted=4294962596 xiao_rx=1675947701 queue_push=1675947703 core_rx=54858453
BNO_CORE_EVENT kind=1 report_seq=172 uart_sequence=225690 sensor_raw=4294966096 sensor_converted=4294966096 xiao_rx=1675953496 queue_push=1675953502 core_rx=54859916
BNO_CORE_EVENT kind=2 report_seq=170 uart_sequence=225693 sensor_raw=4294964996 sensor_converted=4294964996 xiao_rx=1675960119 queue_push=1675960126 core_rx=54865993
BNO_CORE_EVENT kind=3 report_seq=170 uart_sequence=225695 sensor_raw=4294962596 sensor_converted=4294962596 xiao_rx=1675966317 queue_push=1675966324 core_rx=54873328
BNO_CORE_EVENT kind=5 report_seq=168 uart_sequence=225696 sensor_raw=4294962596 sensor_converted=4294962596 xiao_rx=1675966349 queue_push=1675966351 core_rx=54874507
BNO_CORE_EVENT kind=1 report_seq=173 uart_sequence=225697 sensor_raw=4294964396 sensor_converted=4294964396 xiao_rx=1675971175 queue_push=1675971178 core_rx=54876075
BNO_CORE_EVENT kind=2 report_seq=171 uart_sequence=225700 sensor_raw=4294965196 sensor_converted=4294965196 xiao_rx=1675980097 queue_push=1675980106 core_rx=54885333
BNO_CORE_EVENT kind=3 report_seq=171 uart_sequence=225701 sensor_raw=4294962596 sensor_converted=4294962596 xiao_rx=1675987119 queue_push=1675987123 core_rx=54891947
BNO_CORE_EVENT kind=5 report_seq=169 uart_sequence=225702 sensor_raw=4294962596 sensor_converted=4294962596 xiao_rx=1675987141 queue_push=1675987143 core_rx=54893999
BNO_CORE_EVENT kind=4 report_seq=86 uart_sequence=225703 sensor_raw=4294962596 sensor_converted=4294962596 xiao_rx=1675987154 queue_push=1675987156 core_rx=54895079
BNO_CORE_EVENT kind=1 report_seq=174 uart_sequence=225705 sensor_raw=4294959496 sensor_converted=4294959496 xiao_rx=1675993659 queue_push=1675993665 core_rx=54900336
BNO_CORE_EVENT kind=1 report_seq=175 uart_sequence=225708 sensor_raw=4294966396 sensor_converted=4294966396 xiao_rx=1675998763 queue_push=1675998768 core_rx=54911384
BNO_CORE_EVENT kind=2 report_seq=172 uart_sequence=225709 sensor_raw=4294963896 sensor_converted=4294963896 xiao_rx=1676002366 queue_push=1676002370 core_rx=54914063
BNO_CORE_EVENT kind=3 report_seq=172 uart_sequence=225710 sensor_raw=4294963896 sensor_converted=4294963896 xiao_rx=1676002393 queue_push=1676002395 core_rx=54915252
BNO_CORE_EVENT kind=5 report_seq=170 uart_sequence=225711 sensor_raw=4294960196 sensor_converted=4294960196 xiao_rx=1676006197 queue_push=1676006200 core_rx=54916296
BNO_CORE_EVENT kind=1 report_seq=176 uart_sequence=225713 sensor_raw=4294966796 sensor_converted=4294966796 xiao_rx=1676015501 queue_push=1676015508 core_rx=54921377
BNO_CORE_EVENT kind=4 report_seq=87 uart_sequence=225714 sensor_raw=4294965196 sensor_converted=4294965196 xiao_rx=1676019537 queue_push=1676019541 core_rx=54924388
BNO_CORE_EVENT kind=2 report_seq=173 uart_sequence=225716 sensor_raw=4294962596 sensor_converted=4294962596 xiao_rx=1676026110 queue_push=1676026118 core_rx=54932380
BNO_CORE_EVENT kind=3 report_seq=173 uart_sequence=225717 sensor_raw=4294962596 sensor_converted=4294962596 xiao_rx=1676026147 queue_push=1676026149 core_rx=54935059
BNO_CORE_EVENT kind=5 report_seq=171 uart_sequence=225718 sensor_raw=4294962596 sensor_converted=4294962596 xiao_rx=1676026160 queue_push=1676026162 core_rx=54936240
BNO_CORE_EVENT kind=1 report_seq=177 uart_sequence=225721 sensor_raw=4294965196 sensor_converted=4294965196 xiao_rx=1676033787 queue_push=1676033795 core_rx=54940189
BNO_CORE_EVENT kind=2 report_seq=174 uart_sequence=225722 sensor_raw=4294964996 sensor_converted=4294964996 xiao_rx=1676039927 queue_push=1676039931 core_rx=54944377
BNO_CORE_EVENT kind=3 report_seq=174 uart_sequence=225723 sensor_raw=4294962396 sensor_converted=4294962396 xiao_rx=1676046170 queue_push=1676046178 core_rx=54950998
BNO_CORE_EVENT kind=5 report_seq=172 uart_sequence=225724 sensor_raw=4294962396 sensor_converted=4294962396 xiao_rx=1676046193 queue_push=1676046195 core_rx=54952607
BNO_CORE_EVENT kind=1 report_seq=178 uart_sequence=225726 sensor_raw=4294964196 sensor_converted=4294964196 xiao_rx=1676052523 queue_push=1676052527 core_rx=54957347
BNO_CORE_EVENT kind=2 report_seq=175 uart_sequence=225728 sensor_raw=4294964996 sensor_converted=4294964996 xiao_rx=1676060092 queue_push=1676060101 core_rx=54966357
BNO_CORE_EVENT kind=3 report_seq=175 uart_sequence=225731 sensor_raw=4294962396 sensor_converted=4294962396 xiao_rx=1676068554 queue_push=1676068558 core_rx=54974395
BNO_CORE_EVENT kind=5 report_seq=173 uart_sequence=225732 sensor_raw=4294962396 sensor_converted=4294962396 xiao_rx=1676068585 queue_push=1676068586 core_rx=54977029
BNO_CORE_EVENT kind=4 report_seq=88 uart_sequence=225733 sensor_raw=4294962396 sensor_converted=4294962396 xiao_rx=1676068598 queue_push=1676068600 core_rx=54978112
BNO_CORE_EVENT kind=1 report_seq=179 uart_sequence=225734 sensor_raw=4294965596 sensor_converted=4294965596 xiao_rx=1676068607 queue_push=1676068608 core_rx=54979152
BNO_CORE_EVENT kind=1 report_seq=180 uart_sequence=225737 sensor_raw=4294965696 sensor_converted=4294965696 xiao_rx=1676078937 queue_push=1676078944 core_rx=54988389
BNO_CORE_EVENT kind=2 report_seq=176 uart_sequence=225738 sensor_raw=4294963296 sensor_converted=4294963296 xiao_rx=1676082580 queue_push=1676082584 core_rx=54991061
BNO_CORE_EVENT kind=3 report_seq=176 uart_sequence=225739 sensor_raw=4294963296 sensor_converted=4294963296 xiao_rx=1676082597 queue_push=1676082599 core_rx=54992297
BNO_CORE_EVENT kind=5 report_seq=174 uart_sequence=225740 sensor_raw=4294959696 sensor_converted=4294959696 xiao_rx=1676087683 queue_push=1676087688 core_rx=54994365
BNO_CORE_EVENT kind=1 report_seq=181 uart_sequence=225743 sensor_raw=4294966796 sensor_converted=4294966796 xiao_rx=1676095118 queue_push=1676095123 core_rx=55001385
BNO_CORE_EVENT kind=2 report_seq=177 uart_sequence=225746 sensor_raw=4294964796 sensor_converted=4294964796 xiao_rx=1676099916 queue_push=1676099923 core_rx=55006936
BNO_CORE_EVENT kind=3 report_seq=177 uart_sequence=225747 sensor_raw=4294962196 sensor_converted=4294962196 xiao_rx=1676107057 queue_push=1676107063 core_rx=55012407
BNO_CORE_EVENT kind=5 report_seq=175 uart_sequence=225748 sensor_raw=4294962196 sensor_converted=4294962196 xiao_rx=1676107082 queue_push=1676107084 core_rx=55015047
BNO_CORE_EVENT kind=4 report_seq=89 uart_sequence=225749 sensor_raw=4294962496 sensor_converted=4294962496 xiao_rx=1676107096 queue_push=1676107098 core_rx=55016227
BNO_CORE_EVENT kind=1 report_seq=182 uart_sequence=225750 sensor_raw=4294964396 sensor_converted=4294964396 xiao_rx=1676112810 queue_push=1676112814 core_rx=55018337
BNO_CORE_EVENT kind=2 report_seq=178 uart_sequence=225752 sensor_raw=4294964396 sensor_converted=4294964396 xiao_rx=1676120217 queue_push=1676120222 core_rx=55025945
BNO_CORE_EVENT kind=3 report_seq=178 uart_sequence=225755 sensor_raw=4294961996 sensor_converted=4294961996 xiao_rx=1676128183 queue_push=1676128190 core_rx=55037112
BNO_CORE_EVENT kind=5 report_seq=176 uart_sequence=225756 sensor_raw=4294961996 sensor_converted=4294961996 xiao_rx=1676128215 queue_push=1676128216 core_rx=55038326
BNO_CORE_EVENT kind=1 report_seq=183 uart_sequence=225757 sensor_raw=4294961296 sensor_converted=4294961296 xiao_rx=1676130711 queue_push=1676130716 core_rx=55039369
BNO_CORE_EVENT kind=2 report_seq=179 uart_sequence=225759 sensor_raw=4294964996 sensor_converted=4294964996 xiao_rx=1676139782 queue_push=1676139792 core_rx=55051393
BNO_CORE_EVENT kind=3 report_seq=179 uart_sequence=225760 sensor_raw=4294962396 sensor_converted=4294962396 xiao_rx=1676145814 queue_push=1676145816 core_rx=55054100
BNO_CORE_EVENT kind=5 report_seq=177 uart_sequence=225761 sensor_raw=4294962696 sensor_converted=4294962696 xiao_rx=1676145830 queue_push=1676145832 core_rx=55055315
BNO_CORE_EVENT kind=4 report_seq=90 uart_sequence=225762 sensor_raw=4294962696 sensor_converted=4294962696 xiao_rx=1676145841 queue_push=1676145843 core_rx=55056368
BNO_CORE_EVENT kind=1 report_seq=184 uart_sequence=225763 sensor_raw=4294965096 sensor_converted=4294965096 xiao_rx=1676145849 queue_push=1676145851 core_rx=55059144
BNO_CORE_EVENT kind=1 report_seq=185 uart_sequence=225766 sensor_raw=4294966796 sensor_converted=4294966796 xiao_rx=1676158058 queue_push=1676158066 core_rx=55066335
BNO_CORE_EVENT kind=2 report_seq=180 uart_sequence=225767 sensor_raw=4294964796 sensor_converted=4294964796 xiao_rx=1676160513 queue_push=1676160517 core_rx=55067550
BNO_CORE_EVENT kind=3 report_seq=180 uart_sequence=225769 sensor_raw=4294962196 sensor_converted=4294962196 xiao_rx=1676166745 queue_push=1676166751 core_rx=55072396
BNO_CORE_EVENT kind=5 report_seq=178 uart_sequence=225770 sensor_raw=4294962196 sensor_converted=4294962196 xiao_rx=1676166774 queue_push=1676166776 core_rx=55075054
BNO_CORE_EVENT kind=1 report_seq=186 uart_sequence=225772 sensor_raw=4294966796 sensor_converted=4294966796 xiao_rx=1676174097 queue_push=1676174102 core_rx=55078928
BNO_CORE_EVENT kind=2 report_seq=181 uart_sequence=225775 sensor_raw=4294964996 sensor_converted=4294964996 xiao_rx=1676180050 queue_push=1676180057 core_rx=55085369
BNO_CORE_EVENT kind=3 report_seq=181 uart_sequence=225777 sensor_raw=4294962596 sensor_converted=4294962596 xiao_rx=1676187093 queue_push=1676187100 core_rx=55096199
BNO_CORE_EVENT kind=5 report_seq=179 uart_sequence=225778 sensor_raw=4294962596 sensor_converted=4294962596 xiao_rx=1676187120 queue_push=1676187121 core_rx=55097376
BNO_CORE_EVENT kind=4 report_seq=91 uart_sequence=225779 sensor_raw=4294962596 sensor_converted=4294962596 xiao_rx=1676187133 queue_push=1676187134 core_rx=55098447
BNO_CORE_EVENT kind=1 report_seq=187 uart_sequence=225780 sensor_raw=4294963696 sensor_converted=4294963696 xiao_rx=1676195069 queue_push=1676195075 core_rx=55100382
BNO_CORE_EVENT kind=2 report_seq=182 uart_sequence=225782 sensor_raw=4294964996 sensor_converted=4294964996 xiao_rx=1676199809 queue_push=1676199814 core_rx=55105395
BNO_CORE_EVENT kind=3 report_seq=182 uart_sequence=225784 sensor_raw=4294962396 sensor_converted=4294962396 xiao_rx=1676206890 queue_push=1676206895 core_rx=55115391
BNO_CORE_EVENT kind=5 report_seq=180 uart_sequence=225785 sensor_raw=4294962396 sensor_converted=4294962396 xiao_rx=1676206919 queue_push=1676206921 core_rx=55117998
BNO_CORE_EVENT kind=1 report_seq=188 uart_sequence=225786 sensor_raw=4294961696 sensor_converted=4294961696 xiao_rx=1676209358 queue_push=1676209359 core_rx=55119061
BNO_CORE_EVENT kind=2 report_seq=183 uart_sequence=225789 sensor_raw=4294964596 sensor_converted=4294964596 xiao_rx=1676220629 queue_push=1676220639 core_rx=55133392
XIAO UART baud=921600 rx=GPIO8 tx=GPIO9 bytes=1122228 frames=3081 bytes_s=38252 frames_s=375 crc/cobs/len=0/0/0 seqgap=0 age_ms=1 type=3 log=1 q=1 rec=449 final=0
RXDIAG max_us=6428 budget_hits=0 byte/frame/time=0/0/0 rx_buf_max=496 loop_period_max_us=730062 loop_exec_max_us=727693 free_heap=138480 min_free_heap=134948 reset_reason=0 bno_kind_1to5_s=63/50/50/25/50 queue=1 high=14 drops=0
BNO_CORE_EVENT kind=3 report_seq=183 uart_sequence=225790 sensor_raw=4294961996 sensor_converted=4294961996 xiao_rx=1676227207 queue_push=1676227210 core_rx=55135625
BNO_CORE_EVENT kind=5 report_seq=181 uart_sequence=225791 sensor_raw=4294961996 sensor_converted=4294961996 xiao_rx=1676227227 queue_push=1676227229 core_rx=55136831
BNO_CORE_EVENT kind=4 report_seq=92 uart_sequence=225792 sensor_raw=4294961996 sensor_converted=4294961996 xiao_rx=1676227241 queue_push=1676227243 core_rx=55137874
RXDETAIL service_calls=40811 service_bytes_avg=27 service_bytes_max=496 service_frames_avg=0 service_frames_avg_x1000=224 service_frames_max=5 service_bytes_s=38372 service_frames_s=377 rxbuf_full_obs=0 bno_valid=1960 bno_invalid=0 unknown=0 uart_overflow=framework_unavailable trial_rx_bytes=313156 trial_frames=3082 trial_bno=1960 trial_crc/cobs/len=0/0/0
BNO_CORE_EVENT kind=1 report_seq=189 uart_sequence=225793 sensor_raw=4294963596 sensor_converted=4294963596 xiao_rx=1676227250 queue_push=1676227252 core_rx=55140114
RXTASK mode=decode_count read_calls=40812 zero_reads=31352 read_bytes_max=496 rx_task_max_us=6428 rx_task_continuous_max_us=6428 stack_hwm_min_bytes=4472 cobs_delimiters=9159 rx_current=0 rx_max=496 rx_full=0 overflow=framework_unavailable
SDTASK max_process_us=121113
BNO_CORE_EVENT kind=1 report_seq=190 uart_sequence=225796 sensor_raw=4294966796 sensor_converted=4294966796 xiao_rx=1676236800 queue_push=1676236806 core_rx=55145339
BNO_CORE_EVENT kind=2 report_seq=184 uart_sequence=225798 sensor_raw=4294964796 sensor_converted=4294964796 xiao_rx=1676240188 queue_push=1676240193 core_rx=55146954
BNO_CORE_EVENT kind=3 report_seq=184 uart_sequence=225799 sensor_raw=4294961996 sensor_converted=4294961996 xiao_rx=1676246245 queue_push=1676246252 core_rx=55150394
BNO_CORE_EVENT kind=5 report_seq=182 uart_sequence=225800 sensor_raw=4294961996 sensor_converted=4294961996 xiao_rx=1676246274 queue_push=1676246276 core_rx=55151974
BNO_CORE_EVENT kind=1 report_seq=191 uart_sequence=225801 sensor_raw=4294966796 sensor_converted=4294966796 xiao_rx=1676252119 queue_push=1676252124 core_rx=55157396
BNO_CORE_EVENT kind=2 report_seq=185 uart_sequence=225804 sensor_raw=4294964996 sensor_converted=4294964996 xiao_rx=1676260097 queue_push=1676260107 core_rx=55167376
BNO_CORE_EVENT kind=3 report_seq=185 uart_sequence=225806 sensor_raw=4294962396 sensor_converted=4294962396 xiao_rx=1676267167 queue_push=1676267172 core_rx=55175394
BNO_CORE_EVENT kind=5 report_seq=183 uart_sequence=225807 sensor_raw=4294962396 sensor_converted=4294962396 xiao_rx=1676267197 queue_push=1676267198 core_rx=55178059
BNO_CORE_EVENT kind=4 report_seq=93 uart_sequence=225808 sensor_raw=4294962396 sensor_converted=4294962396 xiao_rx=1676267211 queue_push=1676267212 core_rx=55179294
BNO_CORE_EVENT kind=1 report_seq=192 uart_sequence=225809 sensor_raw=4294964396 sensor_converted=4294964396 xiao_rx=1676269656 queue_push=1676269660 core_rx=55180336
BNO_CORE_EVENT kind=2 report_seq=186 uart_sequence=225813 sensor_raw=4294964996 sensor_converted=4294964996 xiao_rx=1676280321 queue_push=1676280331 core_rx=55185966
BNO_CORE_EVENT kind=3 report_seq=186 uart_sequence=225815 sensor_raw=4294962396 sensor_converted=4294962396 xiao_rx=1676286636 queue_push=1676286642 core_rx=55194399
BNO_CORE_EVENT kind=5 report_seq=184 uart_sequence=225816 sensor_raw=4294962396 sensor_converted=4294962396 xiao_rx=1676286666 queue_push=1676286667 core_rx=55197014
BNO_CORE_EVENT kind=1 report_seq=193 uart_sequence=225817 sensor_raw=4294961096 sensor_converted=4294961096 xiao_rx=1676289110 queue_push=1676289114 core_rx=55198120
BNO_CORE_EVENT kind=2 report_seq=187 uart_sequence=225820 sensor_raw=4294964796 sensor_converted=4294964796 xiao_rx=1676300317 queue_push=1676300327 core_rx=55213404
BNO_CORE_EVENT kind=3 report_seq=187 uart_sequence=225821 sensor_raw=4294962196 sensor_converted=4294962196 xiao_rx=1676307032 queue_push=1676307035 core_rx=55216092
BNO_CORE_EVENT kind=5 report_seq=185 uart_sequence=225822 sensor_raw=4294962196 sensor_converted=4294962196 xiao_rx=1676307051 queue_push=1676307053 core_rx=55217310
BNO_CORE_EVENT kind=4 report_seq=94 uart_sequence=225823 sensor_raw=4294962196 sensor_converted=4294962196 xiao_rx=1676307064 queue_push=1676307065 core_rx=55218354
BNO_CORE_EVENT kind=1 report_seq=194 uart_sequence=225824 sensor_raw=4294962896 sensor_converted=4294962896 xiao_rx=1676307072 queue_push=1676307074 core_rx=55221124
BNO_CORE_EVENT kind=1 report_seq=195 uart_sequence=225826 sensor_raw=4294966796 sensor_converted=4294966796 xiao_rx=1676317301 queue_push=1676317306 core_rx=55224020
BNO_CORE_EVENT kind=2 report_seq=188 uart_sequence=225828 sensor_raw=4294964996 sensor_converted=4294964996 xiao_rx=1676322761 queue_push=1676322768 core_rx=55230347
BNO_CORE_EVENT kind=3 report_seq=188 uart_sequence=225831 sensor_raw=4294959996 sensor_converted=4294959996 xiao_rx=1676328116 queue_push=1676328123 core_rx=55235060
BNO_CORE_EVENT kind=5 report_seq=186 uart_sequence=225832 sensor_raw=4294959996 sensor_converted=4294959996 xiao_rx=1676328150 queue_push=1676328151 core_rx=55236287
BNO_CORE_EVENT kind=1 report_seq=196 uart_sequence=225834 sensor_raw=4294965896 sensor_converted=4294965896 xiao_rx=1676334186 queue_push=1676334193 core_rx=55239280
BNO_CORE_EVENT kind=2 report_seq=189 uart_sequence=225835 sensor_raw=4294964996 sensor_converted=4294964996 xiao_rx=1676340027 queue_push=1676340031 core_rx=55244370
BNO_CORE_EVENT kind=3 report_seq=189 uart_sequence=225836 sensor_raw=4294962396 sensor_converted=4294962396 xiao_rx=1676347023 queue_push=1676347028 core_rx=55255399
BNO_CORE_EVENT kind=5 report_seq=187 uart_sequence=225837 sensor_raw=4294962396 sensor_converted=4294962396 xiao_rx=1676347047 queue_push=1676347049 core_rx=55258028
BNO_CORE_EVENT kind=4 report_seq=95 uart_sequence=225838 sensor_raw=4294962396 sensor_converted=4294962396 xiao_rx=1676347063 queue_push=1676347065 core_rx=55259112
BNO_CORE_EVENT kind=1 report_seq=197 uart_sequence=225839 sensor_raw=4294963696 sensor_converted=4294963696 xiao_rx=1676349499 queue_push=1676349501 core_rx=55260161
BNO_CORE_EVENT kind=2 report_seq=190 uart_sequence=225841 sensor_raw=4294964996 sensor_converted=4294964996 xiao_rx=1676360025 queue_push=1676360035 core_rx=55266374
BNO_CORE_EVENT kind=3 report_seq=190 uart_sequence=225844 sensor_raw=4294962396 sensor_converted=4294962396 xiao_rx=1676368007 queue_push=1676368012 core_rx=55276391
BNO_CORE_EVENT kind=5 report_seq=188 uart_sequence=225845 sensor_raw=4294962396 sensor_converted=4294962396 xiao_rx=1676368037 queue_push=1676368039 core_rx=55279054
BNO_CORE_EVENT kind=1 report_seq=198 uart_sequence=225846 sensor_raw=4294958496 sensor_converted=4294958496 xiao_rx=1676371141 queue_push=1676371144 core_rx=55280241
BNO_CORE_EVENT kind=1 report_seq=199 uart_sequence=225848 sensor_raw=4294966396 sensor_converted=4294966396 xiao_rx=1676378724 queue_push=1676378728 core_rx=55283900
BNO_CORE_EVENT kind=2 report_seq=191 uart_sequence=225852 sensor_raw=4294963896 sensor_converted=4294963896 xiao_rx=1676385754 queue_push=1676385763 core_rx=55292437
BNO_CORE_EVENT kind=3 report_seq=191 uart_sequence=225853 sensor_raw=4294963896 sensor_converted=4294963896 xiao_rx=1676385786 queue_push=1676385788 core_rx=55294895
BNO_CORE_EVENT kind=5 report_seq=189 uart_sequence=225854 sensor_raw=4294956096 sensor_converted=4294956096 xiao_rx=1676390893 queue_push=1676390898 core_rx=55297370
BNO_CORE_EVENT kind=4 report_seq=96 uart_sequence=225855 sensor_raw=4294956096 sensor_converted=4294956096 xiao_rx=1676390923 queue_push=1676390925 core_rx=55298606
BNO_CORE_EVENT kind=1 report_seq=200 uart_sequence=225857 sensor_raw=4294966596 sensor_converted=4294966596 xiao_rx=1676395652 queue_push=1676395657 core_rx=55302339
BNO_CORE_EVENT kind=2 report_seq=192 uart_sequence=225858 sensor_raw=4294964196 sensor_converted=4294964196 xiao_rx=1676400307 queue_push=1676400313 core_rx=55305378
BNO_CORE_EVENT kind=3 report_seq=192 uart_sequence=225859 sensor_raw=4294961896 sensor_converted=4294961896 xiao_rx=1676406249 queue_push=1676406255 core_rx=55310405
BNO_CORE_EVENT kind=5 report_seq=190 uart_sequence=225860 sensor_raw=4294961896 sensor_converted=4294961896 xiao_rx=1676406279 queue_push=1676406280 core_rx=55311904
BNO_CORE_EVENT kind=1 report_seq=201 uart_sequence=225861 sensor_raw=4294965196 sensor_converted=4294965196 xiao_rx=1676412039 queue_push=1676412044 core_rx=55317412
BNO_CORE_EVENT kind=4 report_seq=97 uart_sequence=225864 sensor_raw=4294965296 sensor_converted=4294965296 xiao_rx=1676419363 queue_push=1676419370 core_rx=55325953
BNO_CORE_EVENT kind=2 report_seq=193 uart_sequence=225865 sensor_raw=4294962996 sensor_converted=4294962996 xiao_rx=1676426155 queue_push=1676426161 core_rx=55333163
BNO_CORE_EVENT kind=3 report_seq=193 uart_sequence=225866 sensor_raw=4294962996 sensor_converted=4294962996 xiao_rx=1676426188 queue_push=1676426189 core_rx=55334427
BNO_CORE_EVENT kind=5 report_seq=191 uart_sequence=225867 sensor_raw=4294962996 sensor_converted=4294962996 xiao_rx=1676426201 queue_push=1676426203 core_rx=55336679
BNO_CORE_EVENT kind=1 report_seq=202 uart_sequence=225871 sensor_raw=4294963496 sensor_converted=4294963496 xiao_rx=1676434432 queue_push=1676434438 core_rx=55340941
BNO_CORE_EVENT kind=2 report_seq=194 uart_sequence=225872 sensor_raw=4294964996 sensor_converted=4294964996 xiao_rx=1676440038 queue_push=1676440044 core_rx=55346387
BNO_CORE_EVENT kind=3 report_seq=194 uart_sequence=225873 sensor_raw=4294962396 sensor_converted=4294962396 xiao_rx=1676447151 queue_push=1676447158 core_rx=55352409
BNO_CORE_EVENT kind=5 report_seq=192 uart_sequence=225874 sensor_raw=4294962396 sensor_converted=4294962396 xiao_rx=1676447177 queue_push=1676447179 core_rx=55355082
BNO_CORE_EVENT kind=1 report_seq=203 uart_sequence=225875 sensor_raw=4294965496 sensor_converted=4294965496 xiao_rx=1676447186 queue_push=1676447187 core_rx=55356271
BNO_CORE_EVENT kind=1 report_seq=204 uart_sequence=225878 sensor_raw=4294966296 sensor_converted=4294966296 xiao_rx=1676458166 queue_push=1676458174 core_rx=55366859
BNO_CORE_EVENT kind=2 report_seq=195 uart_sequence=225879 sensor_raw=4294964096 sensor_converted=4294964096 xiao_rx=1676461727 queue_push=1676461732 core_rx=55368587
BNO_CORE_EVENT kind=3 report_seq=195 uart_sequence=225880 sensor_raw=4294964096 sensor_converted=4294964096 xiao_rx=1676461755 queue_push=1676461757 core_rx=55370710
BNO_CORE_EVENT kind=5 report_seq=193 uart_sequence=225882 sensor_raw=4294960396 sensor_converted=4294960396 xiao_rx=1676469501 queue_push=1676469509 core_rx=55375391
BNO_CORE_EVENT kind=4 report_seq=98 uart_sequence=225883 sensor_raw=4294960396 sensor_converted=4294960396 xiao_rx=1676469533 queue_push=1676469535 core_rx=55376628
BNO_CORE_EVENT kind=1 report_seq=205 uart_sequence=225884 sensor_raw=4294966796 sensor_converted=4294966796 xiao_rx=1676474823 queue_push=1676474827 core_rx=55379331
BNO_CORE_EVENT kind=2 report_seq=196 uart_sequence=225887 sensor_raw=4294964996 sensor_converted=4294964996 xiao_rx=1676479692 queue_push=1676479696 core_rx=55385356
BNO_CORE_EVENT kind=3 report_seq=196 uart_sequence=225890 sensor_raw=4294962396 sensor_converted=4294962396 xiao_rx=1676486338 queue_push=1676486347 core_rx=55393545
BNO_CORE_EVENT kind=5 report_seq=194 uart_sequence=225891 sensor_raw=4294962396 sensor_converted=4294962396 xiao_rx=1676486372 queue_push=1676486374 core_rx=55394749
BNO_CORE_EVENT kind=1 report_seq=206 uart_sequence=225892 sensor_raw=4294964396 sensor_converted=4294964396 xiao_rx=1676493018 queue_push=1676493021 core_rx=55398408
BNO_CORE_EVENT kind=2 report_seq=197 uart_sequence=225895 sensor_raw=4294964996 sensor_converted=4294964996 xiao_rx=1676500008 queue_push=1676500014 core_rx=55404338
BNO_CORE_EVENT kind=3 report_seq=197 uart_sequence=225896 sensor_raw=4294962596 sensor_converted=4294962596 xiao_rx=1676506330 queue_push=1676506337 core_rx=55412418
BNO_CORE_EVENT kind=5 report_seq=195 uart_sequence=225897 sensor_raw=4294962596 sensor_converted=4294962596 xiao_rx=1676506363 queue_push=1676506365 core_rx=55414999
BNO_CORE_EVENT kind=4 report_seq=99 uart_sequence=225898 sensor_raw=4294962596 sensor_converted=4294962596 xiao_rx=1676506376 queue_push=1676506378 core_rx=55416061
BNO_CORE_EVENT kind=1 report_seq=207 uart_sequence=225899 sensor_raw=4294962996 sensor_converted=4294962996 xiao_rx=1676512449 queue_push=1676512454 core_rx=55417952
BNO_CORE_EVENT kind=2 report_seq=198 uart_sequence=225902 sensor_raw=4294964596 sensor_converted=4294964596 xiao_rx=1676521263 queue_push=1676521275 core_rx=55433376
BNO_CORE_EVENT kind=3 report_seq=198 uart_sequence=225903 sensor_raw=4294961296 sensor_converted=4294961296 xiao_rx=1676527112 queue_push=1676527117 core_rx=55436031
BNO_CORE_EVENT kind=5 report_seq=196 uart_sequence=225904 sensor_raw=4294961296 sensor_converted=4294961296 xiao_rx=1676527149 queue_push=1676527151 core_rx=55437136
BNO_CORE_EVENT kind=1 report_seq=208 uart_sequence=225905 sensor_raw=4294963396 sensor_converted=4294963396 xiao_rx=1676527158 queue_push=1676527160 core_rx=55438235
BNO_CORE_EVENT kind=1 report_seq=209 uart_sequence=225908 sensor_raw=4294966796 sensor_converted=4294966796 xiao_rx=1676536771 queue_push=1676536778 core_rx=55443336
BNO_CORE_EVENT kind=4 report_seq=100 uart_sequence=225910 sensor_raw=4294964996 sensor_converted=4294964996 xiao_rx=1676540698 queue_push=1676540708 core_rx=55452394
BNO_CORE_EVENT kind=2 report_seq=199 uart_sequence=225911 sensor_raw=4294961496 sensor_converted=4294961496 xiao_rx=1676546503 queue_push=1676546506 core_rx=55455000
BNO_CORE_EVENT kind=3 report_seq=199 uart_sequence=225912 sensor_raw=4294961496 sensor_converted=4294961496 xiao_rx=1676546518 queue_push=1676546520 core_rx=55456059
BNO_CORE_EVENT kind=5 report_seq=197 uart_sequence=225913 sensor_raw=4294961496 sensor_converted=4294961496 xiao_rx=1676546530 queue_push=1676546532 core_rx=55457113
BNO_CORE_EVENT kind=1 report_seq=210 uart_sequence=225916 sensor_raw=4294966796 sensor_converted=4294966796 xiao_rx=1676554210 queue_push=1676554218 core_rx=55464181
BNO_CORE_EVENT kind=2 report_seq=200 uart_sequence=225917 sensor_raw=4294964996 sensor_converted=4294964996 xiao_rx=1676559945 queue_push=1676559950 core_rx=55465290
BNO_CORE_EVENT kind=3 report_seq=200 uart_sequence=225919 sensor_raw=4294962396 sensor_converted=4294962396 xiao_rx=1676566203 queue_push=1676566210 core_rx=55470347
BNO_CORE_EVENT kind=5 report_seq=198 uart_sequence=225920 sensor_raw=4294962396 sensor_converted=4294962396 xiao_rx=1676566240 queue_push=1676566241 core_rx=55471976
BNO_CORE_EVENT kind=1 report_seq=211 uart_sequence=225922 sensor_raw=4294963496 sensor_converted=4294963496 xiao_rx=1676572608 queue_push=1676572612 core_rx=55477355
BNO_CORE_EVENT kind=2 report_seq=201 uart_sequence=225924 sensor_raw=4294964996 sensor_converted=4294964996 xiao_rx=1676580027 queue_push=1676580032 core_rx=55485352
BNO_CORE_EVENT kind=3 report_seq=201 uart_sequence=225929 sensor_raw=4294962396 sensor_converted=4294962396 xiao_rx=1676589652 queue_push=1676589660 core_rx=55499358
BNO_CORE_EVENT kind=5 report_seq=199 uart_sequence=225930 sensor_raw=4294962396 sensor_converted=4294962396 xiao_rx=1676589684 queue_push=1676589686 core_rx=55502071
BNO_CORE_EVENT kind=4 report_seq=101 uart_sequence=225931 sensor_raw=4294962396 sensor_converted=4294962396 xiao_rx=1676589698 queue_push=1676589700 core_rx=55503257
BNO_CORE_EVENT kind=1 report_seq=212 uart_sequence=225932 sensor_raw=4294958696 sensor_converted=4294958696 xiao_rx=1676593523 queue_push=1676593527 core_rx=55504299
BNO_CORE_EVENT kind=2 report_seq=202 uart_sequence=225933 sensor_raw=4294964596 sensor_converted=4294964596 xiao_rx=1676600405 queue_push=1676600412 core_rx=55506341
BNO_CORE_EVENT kind=3 report_seq=202 uart_sequence=225934 sensor_raw=4294961996 sensor_converted=4294961996 xiao_rx=1676607120 queue_push=1676607126 core_rx=55511917
BNO_CORE_EVENT kind=5 report_seq=200 uart_sequence=225935 sensor_raw=4294961996 sensor_converted=4294961996 xiao_rx=1676607149 queue_push=1676607151 core_rx=55513530
BNO_CORE_EVENT kind=1 report_seq=213 uart_sequence=225936 sensor_raw=4294963196 sensor_converted=4294963196 xiao_rx=1676607157 queue_push=1676607159 core_rx=55514641
BNO_CORE_EVENT kind=1 report_seq=214 uart_sequence=225938 sensor_raw=4294966796 sensor_converted=4294966796 xiao_rx=1676616621 queue_push=1676616626 core_rx=55523446
BNO_CORE_EVENT kind=4 report_seq=102 uart_sequence=225940 sensor_raw=4294965196 sensor_converted=4294965196 xiao_rx=1676623104 queue_push=1676623111 core_rx=55529339
BNO_CORE_EVENT kind=2 report_seq=203 uart_sequence=225942 sensor_raw=4294958996 sensor_converted=4294958996 xiao_rx=1676629193 queue_push=1676629197 core_rx=55535408
BNO_CORE_EVENT kind=3 report_seq=203 uart_sequence=225943 sensor_raw=4294958996 sensor_converted=4294958996 xiao_rx=1676629222 queue_push=1676629223 core_rx=55538004
BNO_CORE_EVENT kind=5 report_seq=201 uart_sequence=225944 sensor_raw=4294958996 sensor_converted=4294958996 xiao_rx=1676629237 queue_push=1676629239 core_rx=55539080
BNO_CORE_EVENT kind=1 report_seq=215 uart_sequence=225945 sensor_raw=4294966096 sensor_converted=4294966096 xiao_rx=1676635516 queue_push=1676635521 core_rx=55541384
BNO_CORE_EVENT kind=2 report_seq=204 uart_sequence=225947 sensor_raw=4294964096 sensor_converted=4294964096 xiao_rx=1676640915 queue_push=1676640920 core_rx=55545336
BNO_CORE_EVENT kind=3 report_seq=204 uart_sequence=225948 sensor_raw=4294961296 sensor_converted=4294961296 xiao_rx=1676646252 queue_push=1676646257 core_rx=55550372
BNO_CORE_EVENT kind=5 report_seq=202 uart_sequence=225949 sensor_raw=4294961296 sensor_converted=4294961296 xiao_rx=1676646280 queue_push=1676646282 core_rx=55552395
BNO_CORE_EVENT kind=1 report_seq=216 uart_sequence=225951 sensor_raw=4294964996 sensor_converted=4294964996 xiao_rx=1676650098 queue_push=1676650103 core_rx=55558186
BNO_CORE_EVENT kind=2 report_seq=205 uart_sequence=225953 sensor_raw=4294965196 sensor_converted=4294965196 xiao_rx=1676659964 queue_push=1676659971 core_rx=55565337
BNO_CORE_EVENT kind=3 report_seq=205 uart_sequence=225954 sensor_raw=4294962596 sensor_converted=4294962596 xiao_rx=1676667165 queue_push=1676667170 core_rx=55575374
BNO_CORE_EVENT kind=5 report_seq=203 uart_sequence=225955 sensor_raw=4294962596 sensor_converted=4294962596 xiao_rx=1676667196 queue_push=1676667198 core_rx=55578056
BNO_CORE_EVENT kind=4 report_seq=103 uart_sequence=225956 sensor_raw=4294962596 sensor_converted=4294962596 xiao_rx=1676667210 queue_push=1676667212 core_rx=55579187
BNO_CORE_EVENT kind=1 report_seq=217 uart_sequence=225957 sensor_raw=4294959896 sensor_converted=4294959896 xiao_rx=1676669642 queue_push=1676669644 core_rx=55580240
BNO_CORE_EVENT kind=2 report_seq=206 uart_sequence=225960 sensor_raw=4294964596 sensor_converted=4294964596 xiao_rx=1676680223 queue_push=1676680231 core_rx=55587350
BNO_CORE_EVENT kind=3 report_seq=206 uart_sequence=225963 sensor_raw=4294962196 sensor_converted=4294962196 xiao_rx=1676689616 queue_push=1676689623 core_rx=55595357
BNO_CORE_EVENT kind=5 report_seq=204 uart_sequence=225964 sensor_raw=4294962196 sensor_converted=4294962196 xiao_rx=1676689651 queue_push=1676689653 core_rx=55598027
BNO_CORE_EVENT kind=1 report_seq=218 uart_sequence=225965 sensor_raw=4294962696 sensor_converted=4294962696 xiao_rx=1676689660 queue_push=1676689661 core_rx=55599140
BNO_CORE_EVENT kind=1 report_seq=219 uart_sequence=225969 sensor_raw=4294966796 sensor_converted=4294966796 xiao_rx=1676697337 queue_push=1676697344 core_rx=55604871
BNO_CORE_EVENT kind=2 report_seq=207 uart_sequence=225970 sensor_raw=4294964796 sensor_converted=4294964796 xiao_rx=1676699924 queue_push=1676699929 core_rx=55606635
BNO_CORE_EVENT kind=3 report_seq=207 uart_sequence=225973 sensor_raw=4294962196 sensor_converted=4294962196 xiao_rx=1676708169 queue_push=1676708176 core_rx=55613385
BNO_CORE_EVENT kind=5 report_seq=205 uart_sequence=225974 sensor_raw=4294962196 sensor_converted=4294962196 xiao_rx=1676708191 queue_push=1676708192 core_rx=55615996
BNO_CORE_EVENT kind=4 report_seq=104 uart_sequence=225975 sensor_raw=4294962496 sensor_converted=4294962496 xiao_rx=1676708205 queue_push=1676708206 core_rx=55617051
BNO_CORE_EVENT kind=1 report_seq=220 uart_sequence=225976 sensor_raw=4294965696 sensor_converted=4294965696 xiao_rx=1676713485 queue_push=1676713491 core_rx=55619401
BNO_CORE_EVENT kind=2 report_seq=208 uart_sequence=225978 sensor_raw=4294964996 sensor_converted=4294964996 xiao_rx=1676719927 queue_push=1676719932 core_rx=55625352
BNO_CORE_EVENT kind=3 report_seq=208 uart_sequence=225981 sensor_raw=4294962396 sensor_converted=4294962396 xiao_rx=1676726184 queue_push=1676726193 core_rx=55631206
BNO_CORE_EVENT kind=5 report_seq=206 uart_sequence=225982 sensor_raw=4294962396 sensor_converted=4294962396 xiao_rx=1676726220 queue_push=1676726221 core_rx=55633344
BNO_CORE_EVENT kind=1 report_seq=221 uart_sequence=225983 sensor_raw=4294964196 sensor_converted=4294964196 xiao_rx=1676730018 queue_push=1676730021 core_rx=55635252
BNO_CORE_EVENT kind=2 report_seq=209 uart_sequence=225984 sensor_raw=4294965196 sensor_converted=4294965196 xiao_rx=1676739944 queue_push=1676739952 core_rx=55645389
BNO_CORE_EVENT kind=3 report_seq=209 uart_sequence=225987 sensor_raw=4294962596 sensor_converted=4294962596 xiao_rx=1676747691 queue_push=1676747703 core_rx=55655385
BNO_CORE_EVENT kind=5 report_seq=207 uart_sequence=225988 sensor_raw=4294962596 sensor_converted=4294962596 xiao_rx=1676747744 queue_push=1676747746 core_rx=55656949
BNO_CORE_EVENT kind=4 report_seq=105 uart_sequence=225989 sensor_raw=4294962596 sensor_converted=4294962596 xiao_rx=1676747762 queue_push=1676747764 core_rx=55658012
BNO_CORE_EVENT kind=1 report_seq=222 uart_sequence=225990 sensor_raw=4294959196 sensor_converted=4294959196 xiao_rx=1676750209 queue_push=1676750211 core_rx=55660720
BNO_CORE_EVENT kind=1 report_seq=223 uart_sequence=225992 sensor_raw=4294966396 sensor_converted=4294966396 xiao_rx=1676758602 queue_push=1676758608 core_rx=55667399
BNO_CORE_EVENT kind=2 report_seq=210 uart_sequence=225993 sensor_raw=4294963896 sensor_converted=4294963896 xiao_rx=1676762166 queue_push=1676762170 core_rx=55670049
BNO_CORE_EVENT kind=3 report_seq=210 uart_sequence=225994 sensor_raw=4294963896 sensor_converted=4294963896 xiao_rx=1676762186 queue_push=1676762188 core_rx=55671276
BNO_CORE_EVENT kind=5 report_seq=208 uart_sequence=225995 sensor_raw=4294960196 sensor_converted=4294960196 xiao_rx=1676767047 queue_push=1676767052 core_rx=55673337
BNO_CORE_EVENT kind=1 report_seq=224 uart_sequence=225997 sensor_raw=4294966796 sensor_converted=4294966796 xiao_rx=1676775654 queue_push=1676775658 core_rx=55681354
BNO_CORE_EVENT kind=4 report_seq=106 uart_sequence=226000 sensor_raw=4294965296 sensor_converted=4294965296 xiao_rx=1676779586 queue_push=1676779588 core_rx=55690368
BNO_CORE_EVENT kind=2 report_seq=211 uart_sequence=226001 sensor_raw=4294962596 sensor_converted=4294962596 xiao_rx=1676785917 queue_push=1676785927 core_rx=55692164
BNO_CORE_EVENT kind=3 report_seq=211 uart_sequence=226002 sensor_raw=4294962596 sensor_converted=4294962596 xiao_rx=1676785951 queue_push=1676785953 core_rx=55693799
BNO_CORE_EVENT kind=5 report_seq=209 uart_sequence=226003 sensor_raw=4294962596 sensor_converted=4294962596 xiao_rx=1676785964 queue_push=1676785966 core_rx=55696710
BNO_CORE_EVENT kind=1 report_seq=225 uart_sequence=226006 sensor_raw=4294964996 sensor_converted=4294964996 xiao_rx=1676794106 queue_push=1676794113 core_rx=55701376
BNO_CORE_EVENT kind=2 report_seq=212 uart_sequence=226010 sensor_raw=4294964996 sensor_converted=4294964996 xiao_rx=1676800345 queue_push=1676800355 core_rx=55711390
BNO_CORE_EVENT kind=3 report_seq=212 uart_sequence=226011 sensor_raw=4294961996 sensor_converted=4294961996 xiao_rx=1676805277 queue_push=1676805278 core_rx=55714003
BNO_CORE_EVENT kind=5 report_seq=210 uart_sequence=226012 sensor_raw=4294961996 sensor_converted=4294961996 xiao_rx=1676805290 queue_push=1676805291 core_rx=55715147
BNO_CORE_EVENT kind=1 report_seq=226 uart_sequence=226013 sensor_raw=4294964196 sensor_converted=4294964196 xiao_rx=1676811087 queue_push=1676811091 core_rx=55716961
BNO_CORE_EVENT kind=2 report_seq=213 uart_sequence=226015 sensor_raw=4294965196 sensor_converted=4294965196 xiao_rx=1676819894 queue_push=1676819903 core_rx=55724366
BNO_CORE_EVENT kind=3 report_seq=213 uart_sequence=226018 sensor_raw=4294962596 sensor_converted=4294962596 xiao_rx=1676828664 queue_push=1676828670 core_rx=55734382
BNO_CORE_EVENT kind=5 report_seq=211 uart_sequence=226019 sensor_raw=4294962596 sensor_converted=4294962596 xiao_rx=1676828694 queue_push=1676828696 core_rx=55737061
BNO_CORE_EVENT kind=4 report_seq=107 uart_sequence=226020 sensor_raw=4294962596 sensor_converted=4294962596 xiao_rx=1676828708 queue_push=1676828710 core_rx=55738241
BNO_CORE_EVENT kind=1 report_seq=227 uart_sequence=226021 sensor_raw=4294965496 sensor_converted=4294965496 xiao_rx=1676828716 queue_push=1676828718 core_rx=55739281
BNO_CORE_EVENT kind=1 report_seq=228 uart_sequence=226022 sensor_raw=4294966296 sensor_converted=4294966296 xiao_rx=1676838030 queue_push=1676838037 core_rx=55743379
BNO_CORE_EVENT kind=2 report_seq=214 uart_sequence=226023 sensor_raw=4294964096 sensor_converted=4294964096 xiao_rx=1676842082 queue_push=1676842087 core_rx=55746411
BNO_CORE_EVENT kind=3 report_seq=214 uart_sequence=226024 sensor_raw=4294964096 sensor_converted=4294964096 xiao_rx=1676842105 queue_push=1676842107 core_rx=55747894
BNO_CORE_EVENT kind=5 report_seq=212 uart_sequence=226026 sensor_raw=4294959996 sensor_converted=4294959996 xiao_rx=1676847199 queue_push=1676847206 core_rx=55753437
BNO_CORE_EVENT kind=1 report_seq=229 uart_sequence=226028 sensor_raw=4294966796 sensor_converted=4294966796 xiao_rx=1676853846 queue_push=1676853850 core_rx=55758328
BNO_CORE_EVENT kind=2 report_seq=215 uart_sequence=226030 sensor_raw=4294964996 sensor_converted=4294964996 xiao_rx=1676860031 queue_push=1676860036 core_rx=55765360
BNO_CORE_EVENT kind=3 report_seq=215 uart_sequence=226031 sensor_raw=4294962596 sensor_converted=4294962596 xiao_rx=1676867140 queue_push=1676867148 core_rx=55772408
BNO_CORE_EVENT kind=5 report_seq=213 uart_sequence=226032 sensor_raw=4294962596 sensor_converted=4294962596 xiao_rx=1676867171 queue_push=1676867173 core_rx=55775051
BNO_CORE_EVENT kind=4 report_seq=108 uart_sequence=226033 sensor_raw=4294962596 sensor_converted=4294962596 xiao_rx=1676867184 queue_push=1676867185 core_rx=55776245
BNO_CORE_EVENT kind=1 report_seq=230 uart_sequence=226034 sensor_raw=4294964196 sensor_converted=4294964196 xiao_rx=1676872607 queue_push=1676872612 core_rx=55778382
BNO_CORE_EVENT kind=2 report_seq=216 uart_sequence=226038 sensor_raw=4294964996 sensor_converted=4294964996 xiao_rx=1676880028 queue_push=1676880036 core_rx=55789357
BNO_CORE_EVENT kind=3 report_seq=216 uart_sequence=226039 sensor_raw=4294962396 sensor_converted=4294962396 xiao_rx=1676884940 queue_push=1676884944 core_rx=55790990
BNO_CORE_EVENT kind=5 report_seq=214 uart_sequence=226040 sensor_raw=4294962396 sensor_converted=4294962396 xiao_rx=1676884962 queue_push=1676884964 core_rx=55792647
BNO_CORE_EVENT kind=1 report_seq=231 uart_sequence=226042 sensor_raw=4294964196 sensor_converted=4294964196 xiao_rx=1676889518 queue_push=1676889523 core_rx=55796398
BNO_CORE_EVENT kind=2 report_seq=217 uart_sequence=226046 sensor_raw=4294964796 sensor_converted=4294964796 xiao_rx=1676900096 queue_push=1676900106 core_rx=55810938
BNO_CORE_EVENT kind=3 report_seq=217 uart_sequence=226047 sensor_raw=4294962196 sensor_converted=4294962196 xiao_rx=1676905244 queue_push=1676905245 core_rx=55813016
BNO_CORE_EVENT kind=5 report_seq=215 uart_sequence=226048 sensor_raw=4294962196 sensor_converted=4294962196 xiao_rx=1676905257 queue_push=1676905258 core_rx=55814075
BNO_CORE_EVENT kind=4 report_seq=109 uart_sequence=226049 sensor_raw=4294962196 sensor_converted=4294962196 xiao_rx=1676905266 queue_push=1676905268 core_rx=55815148
BNO_CORE_EVENT kind=1 report_seq=232 uart_sequence=226052 sensor_raw=4294959096 sensor_converted=4294959096 xiao_rx=1676913181 queue_push=1676913189 core_rx=55821241
BNO_CORE_EVENT kind=1 report_seq=233 uart_sequence=226053 sensor_raw=4294966796 sensor_converted=4294966796 xiao_rx=1676916780 queue_push=1676916784 core_rx=55822458
BNO_CORE_EVENT kind=2 report_seq=218 uart_sequence=226054 sensor_raw=4294964796 sensor_converted=4294964796 xiao_rx=1676920056 queue_push=1676920061 core_rx=55826381
BNO_CORE_EVENT kind=3 report_seq=218 uart_sequence=226056 sensor_raw=4294962196 sensor_converted=4294962196 xiao_rx=1676926762 queue_push=1676926769 core_rx=55832400
BNO_CORE_EVENT kind=5 report_seq=216 uart_sequence=226057 sensor_raw=4294962196 sensor_converted=4294962196 xiao_rx=1676926795 queue_push=1676926796 core_rx=55835051
BNO_CORE_EVENT kind=1 report_seq=234 uart_sequence=226059 sensor_raw=4294966796 sensor_converted=4294966796 xiao_rx=1676933728 queue_push=1676933734 core_rx=55839339
BNO_CORE_EVENT kind=2 report_seq=219 uart_sequence=226060 sensor_raw=4294964996 sensor_converted=4294964996 xiao_rx=1676939898 queue_push=1676939902 core_rx=55844381
BNO_CORE_EVENT kind=3 report_seq=219 uart_sequence=226062 sensor_raw=4294962396 sensor_converted=4294962396 xiao_rx=1676946139 queue_push=1676946146 core_rx=55852442
BNO_CORE_EVENT kind=5 report_seq=217 uart_sequence=226063 sensor_raw=4294962396 sensor_converted=4294962396 xiao_rx=1676946172 queue_push=1676946173 core_rx=55854902
BNO_CORE_EVENT kind=4 report_seq=110 uart_sequence=226064 sensor_raw=4294962396 sensor_converted=4294962396 xiao_rx=1676946185 queue_push=1676946187 core_rx=55856094
BNO_CORE_EVENT kind=1 report_seq=235 uart_sequence=226066 sensor_raw=4294965696 sensor_converted=4294965696 xiao_rx=1676952897 queue_push=1676952904 core_rx=55859338
BNO_CORE_EVENT kind=2 report_seq=220 uart_sequence=226068 sensor_raw=4294964996 sensor_converted=4294964996 xiao_rx=1676960159 queue_push=1676960163 core_rx=55865380
BNO_CORE_EVENT kind=3 report_seq=220 uart_sequence=226069 sensor_raw=4294962396 sensor_converted=4294962396 xiao_rx=1676966553 queue_push=1676966558 core_rx=55874410
BNO_CORE_EVENT kind=5 report_seq=218 uart_sequence=226070 sensor_raw=4294962396 sensor_converted=4294962396 xiao_rx=1676966583 queue_push=1676966585 core_rx=55877000
BNO_CORE_EVENT kind=1 report_seq=236 uart_sequence=226071 sensor_raw=4294961696 sensor_converted=4294961696 xiao_rx=1676969011 queue_push=1676969013 core_rx=55878066
BNO_CORE_EVENT kind=2 report_seq=221 uart_sequence=226075 sensor_raw=4294964796 sensor_converted=4294964796 xiao_rx=1676981090 queue_push=1676981098 core_rx=55893364
BNO_CORE_EVENT kind=3 report_seq=221 uart_sequence=226076 sensor_raw=4294961296 sensor_converted=4294961296 xiao_rx=1676987813 queue_push=1676987817 core_rx=55895087
BNO_CORE_EVENT kind=5 report_seq=219 uart_sequence=226077 sensor_raw=4294961296 sensor_converted=4294961296 xiao_rx=1676987841 queue_push=1676987843 core_rx=55896260
BNO_CORE_EVENT kind=4 report_seq=111 uart_sequence=226078 sensor_raw=4294961296 sensor_converted=4294961296 xiao_rx=1676987854 queue_push=1676987856 core_rx=55898712
BNO_CORE_EVENT kind=1 report_seq=237 uart_sequence=226079 sensor_raw=4294962496 sensor_converted=4294962496 xiao_rx=1676987862 queue_push=1676987864 core_rx=55899914
BNO_CORE_EVENT kind=1 report_seq=238 uart_sequence=226082 sensor_raw=4294966796 sensor_converted=4294966796 xiao_rx=1676996701 queue_push=1676996708 core_rx=55905277
BNO_CORE_EVENT kind=2 report_seq=222 uart_sequence=226085 sensor_raw=4294964196 sensor_converted=4294964196 xiao_rx=1677003268 queue_push=1677003273 core_rx=55910391
BNO_CORE_EVENT kind=3 report_seq=222 uart_sequence=226086 sensor_raw=4294958696 sensor_converted=4294958696 xiao_rx=1677008542 queue_push=1677008551 core_rx=55913937
BNO_CORE_EVENT kind=5 report_seq=220 uart_sequence=226087 sensor_raw=4294958696 sensor_converted=4294958696 xiao_rx=1677008572 queue_push=1677008573 core_rx=55915598
BNO_CORE_EVENT kind=1 report_seq=239 uart_sequence=226089 sensor_raw=4294965896 sensor_converted=4294965896 xiao_rx=1677013556 queue_push=1677013562 core_rx=55920458
BNO_CORE_EVENT kind=2 report_seq=223 uart_sequence=226090 sensor_raw=4294964996 sensor_converted=4294964996 xiao_rx=1677019978 queue_push=1677019984 core_rx=55925387
BNO_CORE_EVENT kind=3 report_seq=223 uart_sequence=226092 sensor_raw=4294962396 sensor_converted=4294962396 xiao_rx=1677027184 queue_push=1677027192 core_rx=55935399
BNO_CORE_EVENT kind=5 report_seq=221 uart_sequence=226093 sensor_raw=4294962396 sensor_converted=4294962396 xiao_rx=1677027215 queue_push=1677027217 core_rx=55938048
BNO_CORE_EVENT kind=4 report_seq=112 uart_sequence=226094 sensor_raw=4294962396 sensor_converted=4294962396 xiao_rx=1677027229 queue_push=1677027231 core_rx=55939232
BNO_CORE_EVENT kind=1 report_seq=240 uart_sequence=226095 sensor_raw=4294964096 sensor_converted=4294964096 xiao_rx=1677029670 queue_push=1677029673 core_rx=55940282
BNO_CORE_EVENT kind=2 report_seq=224 uart_sequence=226096 sensor_raw=4294964996 sensor_converted=4294964996 xiao_rx=1677039804 queue_push=1677039811 core_rx=55945415
BNO_CORE_EVENT kind=3 report_seq=224 uart_sequence=226099 sensor_raw=4294962596 sensor_converted=4294962596 xiao_rx=1677046783 queue_push=1677046790 core_rx=55953898
BNO_CORE_EVENT kind=5 report_seq=222 uart_sequence=226100 sensor_raw=4294962596 sensor_converted=4294962596 xiao_rx=1677046816 queue_push=1677046818 core_rx=55956366
BNO_CORE_EVENT kind=1 report_seq=241 uart_sequence=226101 sensor_raw=4294960096 sensor_converted=4294960096 xiao_rx=1677049263 queue_push=1677049267 core_rx=55957519
BNO_CORE_EVENT kind=2 report_seq=225 uart_sequence=226104 sensor_raw=4294964796 sensor_converted=4294964796 xiao_rx=1677060143 queue_push=1677060153 core_rx=55971952
BNO_CORE_EVENT kind=3 report_seq=225 uart_sequence=226105 sensor_raw=4294962196 sensor_converted=4294962196 xiao_rx=1677066837 queue_push=1677066840 core_rx=55974001
BNO_CORE_EVENT kind=5 report_seq=223 uart_sequence=226106 sensor_raw=4294962196 sensor_converted=4294962196 xiao_rx=1677066856 queue_push=1677066858 core_rx=55975087
BNO_CORE_EVENT kind=4 report_seq=113 uart_sequence=226107 sensor_raw=4294962196 sensor_converted=4294962196 xiao_rx=1677066869 queue_push=1677066871 core_rx=55976133
BNO_CORE_EVENT kind=1 report_seq=242 uart_sequence=226108 sensor_raw=4294962496 sensor_converted=4294962496 xiao_rx=1677066877 queue_push=1677066879 core_rx=55977663
BNO_CORE_EVENT kind=1 report_seq=243 uart_sequence=226110 sensor_raw=4294966796 sensor_converted=4294966796 xiao_rx=1677076102 queue_push=1677076107 core_rx=55984036
BNO_CORE_EVENT kind=2 report_seq=226 uart_sequence=226112 sensor_raw=4294959296 sensor_converted=4294959296 xiao_rx=1677085202 queue_push=1677085208 core_rx=55991362
BNO_CORE_EVENT kind=3 report_seq=226 uart_sequence=226114 sensor_raw=4294956696 sensor_converted=4294956696 xiao_rx=1677090678 queue_push=1677090684 core_rx=55995921
BNO_CORE_EVENT kind=5 report_seq=224 uart_sequence=226115 sensor_raw=4294956696 sensor_converted=4294956696 xiao_rx=1677090708 queue_push=1677090710 core_rx=55997754
BNO_CORE_EVENT kind=1 report_seq=244 uart_sequence=226117 sensor_raw=4294963696 sensor_converted=4294963696 xiao_rx=1677096870 queue_push=1677096876 core_rx=56002396
BNO_CORE_EVENT kind=4 report_seq=114 uart_sequence=226120 sensor_raw=4294964996 sensor_converted=4294964996 xiao_rx=1677103379 queue_push=1677103388 core_rx=56014399
BNO_CORE_EVENT kind=2 report_seq=227 uart_sequence=226121 sensor_raw=4294958696 sensor_converted=4294958696 xiao_rx=1677108534 queue_push=1677108537 core_rx=56017088
BNO_CORE_EVENT kind=3 report_seq=227 uart_sequence=226122 sensor_raw=4294958696 sensor_converted=4294958696 xiao_rx=1677108550 queue_push=1677108551 core_rx=56018300
BNO_CORE_EVENT kind=5 report_seq=225 uart_sequence=226123 sensor_raw=4294958696 sensor_converted=4294958696 xiao_rx=1677108563 queue_push=1677108564 core_rx=56019372
BNO_CORE_EVENT kind=1 report_seq=245 uart_sequence=226127 sensor_raw=4294961696 sensor_converted=4294961696 xiao_rx=1677118067 queue_push=1677118075 core_rx=56027421
BNO_CORE_EVENT kind=2 report_seq=228 uart_sequence=226128 sensor_raw=4294964096 sensor_converted=4294964096 xiao_rx=1677121633 queue_push=1677121637 core_rx=56030005
BNO_CORE_EVENT kind=3 report_seq=228 uart_sequence=226129 sensor_raw=4294964096 sensor_converted=4294964096 xiao_rx=1677121653 queue_push=1677121655 core_rx=56031068
BNO_CORE_EVENT kind=5 report_seq=226 uart_sequence=226131 sensor_raw=4294960396 sensor_converted=4294960396 xiao_rx=1677128377 queue_push=1677128385 core_rx=56034394
BNO_CORE_EVENT kind=1 report_seq=246 uart_sequence=226132 sensor_raw=4294964396 sensor_converted=4294964396 xiao_rx=1677128405 queue_push=1677128407 core_rx=56035594
BNO_CORE_EVENT kind=1 report_seq=247 uart_sequence=226133 sensor_raw=4294966396 sensor_converted=4294966396 xiao_rx=1677138455 queue_push=1677138459 core_rx=56043374
BNO_CORE_EVENT kind=2 report_seq=229 uart_sequence=226135 sensor_raw=4294963896 sensor_converted=4294963896 xiao_rx=1677142032 queue_push=1677142039 core_rx=56051206
BNO_CORE_EVENT kind=3 report_seq=229 uart_sequence=226137 sensor_raw=4294960396 sensor_converted=4294960396 xiao_rx=1677150997 queue_push=1677151004 core_rx=56055881
BNO_CORE_EVENT kind=5 report_seq=227 uart_sequence=226138 sensor_raw=4294960396 sensor_converted=4294960396 xiao_rx=1677151026 queue_push=1677151027 core_rx=56057631
BNO_CORE_EVENT kind=4 report_seq=115 uart_sequence=226139 sensor_raw=4294960396 sensor_converted=4294960396 xiao_rx=1677151040 queue_push=1677151042 core_rx=56059670
BNO_CORE_EVENT kind=1 report_seq=248 uart_sequence=226141 sensor_raw=4294966596 sensor_converted=4294966596 xiao_rx=1677157427 queue_push=1677157434 core_rx=56063387
BNO_CORE_EVENT kind=2 report_seq=230 uart_sequence=226142 sensor_raw=4294964796 sensor_converted=4294964796 xiao_rx=1677161039 queue_push=1677161043 core_rx=56066950
BNO_CORE_EVENT kind=3 report_seq=230 uart_sequence=226144 sensor_raw=4294961296 sensor_converted=4294961296 xiao_rx=1677167758 queue_push=1677167764 core_rx=56073372
BNO_CORE_EVENT kind=5 report_seq=228 uart_sequence=226145 sensor_raw=4294961296 sensor_converted=4294961296 xiao_rx=1677167786 queue_push=1677167787 core_rx=56074586
BNO_CORE_EVENT kind=1 report_seq=249 uart_sequence=226146 sensor_raw=4294964596 sensor_converted=4294964596 xiao_rx=1677172729 queue_push=1677172733 core_rx=56077339
BNO_CORE_EVENT kind=2 report_seq=231 uart_sequence=226150 sensor_raw=4294964996 sensor_converted=4294964996 xiao_rx=1677180117 queue_push=1677180126 core_rx=56092068
BNO_CORE_EVENT kind=3 report_seq=231 uart_sequence=226151 sensor_raw=4294962596 sensor_converted=4294962596 xiao_rx=1677185950 queue_push=1677185954 core_rx=56095006
BNO_CORE_EVENT kind=5 report_seq=229 uart_sequence=226152 sensor_raw=4294962596 sensor_converted=4294962596 xiao_rx=1677185982 queue_push=1677185984 core_rx=56096069
BNO_CORE_EVENT kind=4 report_seq=116 uart_sequence=226153 sensor_raw=4294962596 sensor_converted=4294962596 xiao_rx=1677185997 queue_push=1677185999 core_rx=56097117
BNO_CORE_EVENT kind=1 report_seq=250 uart_sequence=226154 sensor_raw=4294963096 sensor_converted=4294963096 xiao_rx=1677193376 queue_push=1677193381 core_rx=56098962
BNO_CORE_EVENT kind=2 report_seq=232 uart_sequence=226156 sensor_raw=4294964996 sensor_converted=4294964996 xiao_rx=1677199835 queue_push=1677199842 core_rx=56105355
BNO_CORE_EVENT kind=3 report_seq=232 uart_sequence=226158 sensor_raw=4294962596 sensor_converted=4294962596 xiao_rx=1677207235 queue_push=1677207242 core_rx=56111335
BNO_CORE_EVENT kind=5 report_seq=230 uart_sequence=226159 sensor_raw=4294962596 sensor_converted=4294962596 xiao_rx=1677207261 queue_push=1677207263 core_rx=56113361
BNO_CORE_EVENT kind=1 report_seq=251 uart_sequence=226160 sensor_raw=4294965296 sensor_converted=4294965296 xiao_rx=1677207270 queue_push=1677207271 core_rx=56116030
BNO_CORE_EVENT kind=1 report_seq=252 uart_sequence=226165 sensor_raw=4294966796 sensor_converted=4294966796 xiao_rx=1677217301 queue_push=1677217309 core_rx=56125388
BNO_CORE_EVENT kind=4 report_seq=117 uart_sequence=226166 sensor_raw=4294964596 sensor_converted=4294964596 xiao_rx=1677219801 queue_push=1677219804 core_rx=56126618
BNO_CORE_EVENT kind=2 report_seq=233 uart_sequence=226167 sensor_raw=4294962196 sensor_converted=4294962196 xiao_rx=1677226597 queue_push=1677226602 core_rx=56132415
BNO_CORE_EVENT kind=3 report_seq=233 uart_sequence=226168 sensor_raw=4294962196 sensor_converted=4294962196 xiao_rx=1677226625 queue_push=1677226627 core_rx=56135056
BNO_CORE_EVENT kind=5 report_seq=231 uart_sequence=226169 sensor_raw=4294962196 sensor_converted=4294962196 xiao_rx=1677226638 queue_push=1677226640 core_rx=56136244
XIAO UART baud=921600 rx=GPIO8 tx=GPIO9 bytes=1160684 frames=3461 bytes_s=38456 frames_s=380 crc/cobs/len=0/0/0 seqgap=0 age_ms=0 type=4 log=1 q=1 rec=500 final=0
RXDIAG max_us=6428 budget_hits=0 byte/frame/time=0/0/0 rx_buf_max=496 loop_period_max_us=730062 loop_exec_max_us=727693 free_heap=138480 min_free_heap=134948 reset_reason=0 bno_kind_1to5_s=64/50/51/26/51 queue=1 high=14 drops=0
BNO_CORE_EVENT kind=1 report_seq=253 uart_sequence=226170 sensor_raw=4294966596 sensor_converted=4294966596 xiao_rx=1677234041 queue_push=1677234048 core_rx=56138315
RXDETAIL service_calls=41327 service_bytes_avg=28 service_bytes_max=496 service_frames_avg=0 service_frames_avg_x1000=230 service_frames_max=5 service_bytes_s=38300 service_frames_s=378 rxbuf_full_obs=0 bno_valid=2200 bno_invalid=0 unknown=0 uart_overflow=framework_unavailable trial_rx_bytes=351456 trial_frames=3460 trial_bno=2200 trial_crc/cobs/len=0/0/0
RXTASK mode=decode_count read_calls=41329 zero_reads=31604 read_bytes_max=496 rx_task_max_us=6428 rx_task_continuous_max_us=6428 stack_hwm_min_bytes=4472 cobs_delimiters=9536 rx_current=0 rx_max=496 rx_full=0 overflow=framework_unavailable
SDTASK max_process_us=121113
BNO_CORE_EVENT kind=2 report_seq=234 uart_sequence=226171 sensor_raw=4294965196 sensor_converted=4294965196 xiao_rx=1677239784 queue_push=1677239788 core_rx=56145424
BNO_CORE_EVENT kind=3 report_seq=234 uart_sequence=226174 sensor_raw=4294962596 sensor_converted=4294962596 xiao_rx=1677246057 queue_push=1677246066 core_rx=56151947
BNO_CORE_EVENT kind=5 report_seq=232 uart_sequence=226175 sensor_raw=4294962596 sensor_converted=4294962596 xiao_rx=1677246093 queue_push=1677246095 core_rx=56154004
BNO_CORE_EVENT kind=1 report_seq=254 uart_sequence=226178 sensor_raw=4294964196 sensor_converted=4294964196 xiao_rx=1677253103 queue_push=1677253107 core_rx=56159530
BNO_CORE_EVENT kind=2 report_seq=235 uart_sequence=226179 sensor_raw=4294964996 sensor_converted=4294964996 xiao_rx=1677260099 queue_push=1677260105 core_rx=56165384
BNO_CORE_EVENT kind=3 report_seq=235 uart_sequence=226180 sensor_raw=4294962596 sensor_converted=4294962596 xiao_rx=1677266021 queue_push=1677266025 core_rx=56171391
BNO_CORE_EVENT kind=5 report_seq=233 uart_sequence=226181 sensor_raw=4294962596 sensor_converted=4294962596 xiao_rx=1677266047 queue_push=1677266049 core_rx=56174051
BNO_CORE_EVENT kind=4 report_seq=118 uart_sequence=226182 sensor_raw=4294962596 sensor_converted=4294962596 xiao_rx=1677266060 queue_push=1677266062 core_rx=56176361
BNO_CORE_EVENT kind=1 report_seq=255 uart_sequence=226185 sensor_raw=4294962596 sensor_converted=4294962596 xiao_rx=1677273110 queue_push=1677273117 core_rx=56182199
BNO_CORE_EVENT kind=2 report_seq=236 uart_sequence=226186 sensor_raw=4294964796 sensor_converted=4294964796 xiao_rx=1677280055 queue_push=1677280060 core_rx=56184893
BNO_CORE_EVENT kind=3 report_seq=236 uart_sequence=226189 sensor_raw=4294962196 sensor_converted=4294962196 xiao_rx=1677287106 queue_push=1677287113 core_rx=56192405
BNO_CORE_EVENT kind=5 report_seq=234 uart_sequence=226190 sensor_raw=4294962196 sensor_converted=4294962196 xiao_rx=1677287138 queue_push=1677287140 core_rx=56195005
BNO_CORE_EVENT kind=1 report_seq=0 uart_sequence=226191 sensor_raw=4294964196 sensor_converted=4294964196 xiao_rx=1677287147 queue_push=1677287148 core_rx=56196071
BNO_CORE_EVENT kind=1 report_seq=1 uart_sequence=226192 sensor_raw=4294966796 sensor_converted=4294966796 xiao_rx=1677296938 queue_push=1677296945 core_rx=56202161
BNO_CORE_EVENT kind=2 report_seq=237 uart_sequence=226194 sensor_raw=4294964796 sensor_converted=4294964796 xiao_rx=1677301536 queue_push=1677301540 core_rx=56208403
BNO_CORE_EVENT kind=3 report_seq=237 uart_sequence=226197 sensor_raw=4294960896 sensor_converted=4294960896 xiao_rx=1677308625 queue_push=1677308630 core_rx=56216214
BNO_CORE_EVENT kind=5 report_seq=235 uart_sequence=226198 sensor_raw=4294960896 sensor_converted=4294960896 xiao_rx=1677308652 queue_push=1677308653 core_rx=56217417
BNO_CORE_EVENT kind=4 report_seq=119 uart_sequence=226199 sensor_raw=4294960896 sensor_converted=4294960896 xiao_rx=1677308665 queue_push=1677308666 core_rx=56218489
BNO_CORE_EVENT kind=1 report_seq=2 uart_sequence=226202 sensor_raw=4294966796 sensor_converted=4294966796 xiao_rx=1677315780 queue_push=1677315789 core_rx=56222314
BNO_CORE_EVENT kind=2 report_seq=238 uart_sequence=226205 sensor_raw=4294964396 sensor_converted=4294964396 xiao_rx=1677320631 queue_push=1677320635 core_rx=56226820
BNO_CORE_EVENT kind=3 report_seq=238 uart_sequence=226206 sensor_raw=4294961496 sensor_converted=4294961496 xiao_rx=1677326268 queue_push=1677326274 core_rx=56234416
BNO_CORE_EVENT kind=5 report_seq=236 uart_sequence=226207 sensor_raw=4294961496 sensor_converted=4294961496 xiao_rx=1677326299 queue_push=1677326301 core_rx=56237051
BNO_CORE_EVENT kind=1 report_seq=3 uart_sequence=226208 sensor_raw=4294965496 sensor_converted=4294965496 xiao_rx=1677328724 queue_push=1677328726 core_rx=56238240
BNO_CORE_EVENT kind=2 report_seq=239 uart_sequence=226210 sensor_raw=4294965196 sensor_converted=4294965196 xiao_rx=1677340623 queue_push=1677340633 core_rx=56251384
BNO_CORE_EVENT kind=3 report_seq=239 uart_sequence=226211 sensor_raw=4294962596 sensor_converted=4294962596 xiao_rx=1677345098 queue_push=1677345101 core_rx=56254005
BNO_CORE_EVENT kind=5 report_seq=237 uart_sequence=226212 sensor_raw=4294962596 sensor_converted=4294962596 xiao_rx=1677345121 queue_push=1677345123 core_rx=56255075
BNO_CORE_EVENT kind=4 report_seq=120 uart_sequence=226213 sensor_raw=4294962596 sensor_converted=4294962596 xiao_rx=1677345132 queue_push=1677345134 core_rx=56256116
BNO_CORE_EVENT kind=1 report_seq=4 uart_sequence=226215 sensor_raw=4294962796 sensor_converted=4294962796 xiao_rx=1677352407 queue_push=1677352412 core_rx=56259390
BNO_CORE_EVENT kind=2 report_seq=240 uart_sequence=226217 sensor_raw=4294964596 sensor_converted=4294964596 xiao_rx=1677360049 queue_push=1677360056 core_rx=56265382
BNO_CORE_EVENT kind=3 report_seq=240 uart_sequence=226218 sensor_raw=4294962196 sensor_converted=4294962196 xiao_rx=1677367114 queue_push=1677367119 core_rx=56271947
BNO_CORE_EVENT kind=5 report_seq=238 uart_sequence=226219 sensor_raw=4294962196 sensor_converted=4294962196 xiao_rx=1677367141 queue_push=1677367143 core_rx=56273999
BNO_CORE_EVENT kind=1 report_seq=5 uart_sequence=226220 sensor_raw=4294963396 sensor_converted=4294963396 xiao_rx=1677367150 queue_push=1677367151 core_rx=56275057
BNO_CORE_EVENT kind=1 report_seq=6 uart_sequence=226224 sensor_raw=4294966796 sensor_converted=4294966796 xiao_rx=1677376791 queue_push=1677376799 core_rx=56283395
BNO_CORE_EVENT kind=2 report_seq=241 uart_sequence=226226 sensor_raw=4294964996 sensor_converted=4294964996 xiao_rx=1677380059 queue_push=1677380064 core_rx=56286327
BNO_CORE_EVENT kind=3 report_seq=241 uart_sequence=226227 sensor_raw=4294962196 sensor_converted=4294962196 xiao_rx=1677387105 queue_push=1677387108 core_rx=56292399
BNO_CORE_EVENT kind=5 report_seq=239 uart_sequence=226228 sensor_raw=4294962196 sensor_converted=4294962196 xiao_rx=1677387133 queue_push=1677387135 core_rx=56295051
BNO_CORE_EVENT kind=4 report_seq=121 uart_sequence=226229 sensor_raw=4294962196 sensor_converted=4294962196 xiao_rx=1677387147 queue_push=1677387149 core_rx=56296253
BNO_CORE_EVENT kind=1 report_seq=7 uart_sequence=226231 sensor_raw=4294966296 sensor_converted=4294966296 xiao_rx=1677393439 queue_push=1677393446 core_rx=56299343
BNO_CORE_EVENT kind=2 report_seq=242 uart_sequence=226232 sensor_raw=4294964096 sensor_converted=4294964096 xiao_rx=1677400713 queue_push=1677400717 core_rx=56305927
BNO_CORE_EVENT kind=3 report_seq=242 uart_sequence=226236 sensor_raw=4294961496 sensor_converted=4294961496 xiao_rx=1677406680 queue_push=1677406689 core_rx=56315682
BNO_CORE_EVENT kind=5 report_seq=240 uart_sequence=226237 sensor_raw=4294961496 sensor_converted=4294961496 xiao_rx=1677406709 queue_push=1677406711 core_rx=56317392
BNO_CORE_EVENT kind=1 report_seq=8 uart_sequence=226238 sensor_raw=4294964196 sensor_converted=4294964196 xiao_rx=1677409219 queue_push=1677409223 core_rx=56318535
BNO_CORE_EVENT kind=4 report_seq=122 uart_sequence=226241 sensor_raw=4294965196 sensor_converted=4294965196 xiao_rx=1677419186 queue_push=1677419196 core_rx=56328372
BNO_CORE_EVENT kind=2 report_seq=243 uart_sequence=226242 sensor_raw=4294962796 sensor_converted=4294962796 xiao_rx=1677424277 queue_push=1677424281 core_rx=56330139
BNO_CORE_EVENT kind=3 report_seq=243 uart_sequence=226243 sensor_raw=4294962796 sensor_converted=4294962796 xiao_rx=1677424297 queue_push=1677424299 core_rx=56333050
BNO_CORE_EVENT kind=5 report_seq=241 uart_sequence=226244 sensor_raw=4294962796 sensor_converted=4294962796 xiao_rx=1677424310 queue_push=1677424312 core_rx=56334244
BNO_CORE_EVENT kind=1 report_seq=9 uart_sequence=226246 sensor_raw=4294963096 sensor_converted=4294963096 xiao_rx=1677430352 queue_push=1677430358 core_rx=56337343
BNO_CORE_EVENT kind=2 report_seq=244 uart_sequence=226248 sensor_raw=4294964796 sensor_converted=4294964796 xiao_rx=1677440180 queue_push=1677440188 core_rx=56347353
BNO_CORE_EVENT kind=3 report_seq=244 uart_sequence=226249 sensor_raw=4294962196 sensor_converted=4294962196 xiao_rx=1677447165 queue_push=1677447172 core_rx=56352402
BNO_CORE_EVENT kind=5 report_seq=242 uart_sequence=226250 sensor_raw=4294962196 sensor_converted=4294962196 xiao_rx=1677447196 queue_push=1677447198 core_rx=56355051
BNO_CORE_EVENT kind=1 report_seq=10 uart_sequence=226251 sensor_raw=4294962296 sensor_converted=4294962296 xiao_rx=1677447205 queue_push=1677447206 core_rx=56356236
BNO_CORE_EVENT kind=1 report_seq=11 uart_sequence=226253 sensor_raw=4294966596 sensor_converted=4294966596 xiao_rx=1677455284 queue_push=1677455291 core_rx=56359345
BNO_CORE_EVENT kind=4 report_seq=123 uart_sequence=226254 sensor_raw=4294965296 sensor_converted=4294965296 xiao_rx=1677459510 queue_push=1677459514 core_rx=56364375
BNO_CORE_EVENT kind=2 report_seq=245 uart_sequence=226255 sensor_raw=4294962396 sensor_converted=4294962396 xiao_rx=1677466127 queue_push=1677466132 core_rx=56371963
BNO_CORE_EVENT kind=3 report_seq=245 uart_sequence=226256 sensor_raw=4294962396 sensor_converted=4294962396 xiao_rx=1677466151 queue_push=1677466153 core_rx=56373565
BNO_CORE_EVENT kind=5 report_seq=243 uart_sequence=226257 sensor_raw=4294962396 sensor_converted=4294962396 xiao_rx=1677466162 queue_push=1677466164 core_rx=56375232
BNO_CORE_EVENT kind=1 report_seq=12 uart_sequence=226260 sensor_raw=4294965696 sensor_converted=4294965696 xiao_rx=1677475667 queue_push=1677475674 core_rx=56383357
BNO_CORE_EVENT kind=2 report_seq=246 uart_sequence=226264 sensor_raw=4294964196 sensor_converted=4294964196 xiao_rx=1677481633 queue_push=1677481637 core_rx=56388359
BNO_CORE_EVENT kind=3 report_seq=246 uart_sequence=226265 sensor_raw=4294960396 sensor_converted=4294960396 xiao_rx=1677486538 queue_push=1677486547 core_rx=56394417
BNO_CORE_EVENT kind=5 report_seq=244 uart_sequence=226266 sensor_raw=4294960396 sensor_converted=4294960396 xiao_rx=1677486571 queue_push=1677486573 core_rx=56396999
BNO_CORE_EVENT kind=1 report_seq=13 uart_sequence=226267 sensor_raw=4294963896 sensor_converted=4294963896 xiao_rx=1677489013 queue_push=1677489016 core_rx=56398063
BNO_CORE_EVENT kind=2 report_seq=247 uart_sequence=226268 sensor_raw=4294965196 sensor_converted=4294965196 xiao_rx=1677499693 queue_push=1677499699 core_rx=56405372
BNO_CORE_EVENT kind=3 report_seq=247 uart_sequence=226271 sensor_raw=4294962596 sensor_converted=4294962596 xiao_rx=1677505730 queue_push=1677505739 core_rx=56415114
BNO_CORE_EVENT kind=5 report_seq=245 uart_sequence=226272 sensor_raw=4294962596 sensor_converted=4294962596 xiao_rx=1677505762 queue_push=1677505764 core_rx=56416351
BNO_CORE_EVENT kind=1 report_seq=14 uart_sequence=226273 sensor_raw=4294960496 sensor_converted=4294960496 xiao_rx=1677509165 queue_push=1677509168 core_rx=56417414
BNO_CORE_EVENT kind=4 report_seq=124 uart_sequence=226274 sensor_raw=4294960496 sensor_converted=4294960496 xiao_rx=1677509189 queue_push=1677509190 core_rx=56418979
BNO_CORE_EVENT kind=1 report_seq=15 uart_sequence=226278 sensor_raw=4294966396 sensor_converted=4294966396 xiao_rx=1677518310 queue_push=1677518319 core_rx=56431375
BNO_CORE_EVENT kind=2 report_seq=248 uart_sequence=226279 sensor_raw=4294963696 sensor_converted=4294963696 xiao_rx=1677521998 queue_push=1677522013 core_rx=56434052
BNO_CORE_EVENT kind=3 report_seq=248 uart_sequence=226280 sensor_raw=4294963696 sensor_converted=4294963696 xiao_rx=1677522046 queue_push=1677522048 core_rx=56435259
BNO_CORE_EVENT kind=5 report_seq=246 uart_sequence=226281 sensor_raw=4294959996 sensor_converted=4294959996 xiao_rx=1677525824 queue_push=1677525831 core_rx=56436302
BNO_CORE_EVENT kind=1 report_seq=16 uart_sequence=226284 sensor_raw=4294966796 sensor_converted=4294966796 xiao_rx=1677535634 queue_push=1677535641 core_rx=56442357
BNO_CORE_EVENT kind=4 report_seq=125 uart_sequence=226285 sensor_raw=4294965196 sensor_converted=4294965196 xiao_rx=1677539091 queue_push=1677539094 core_rx=56444335
BNO_CORE_EVENT kind=2 report_seq=249 uart_sequence=226286 sensor_raw=4294962796 sensor_converted=4294962796 xiao_rx=1677545111 queue_push=1677545115 core_rx=56451405
BNO_CORE_EVENT kind=3 report_seq=249 uart_sequence=226287 sensor_raw=4294962796 sensor_converted=4294962796 xiao_rx=1677545131 queue_push=1677545133 core_rx=56454043
BNO_CORE_EVENT kind=5 report_seq=247 uart_sequence=226288 sensor_raw=4294962796 sensor_converted=4294962796 xiao_rx=1677545142 queue_push=1677545143 core_rx=56455142
BNO_CORE_EVENT kind=1 report_seq=17 uart_sequence=226290 sensor_raw=4294964996 sensor_converted=4294964996 xiao_rx=1677553927 queue_push=1677553934 core_rx=56459550
BNO_CORE_EVENT kind=2 report_seq=250 uart_sequence=226292 sensor_raw=4294965196 sensor_converted=4294965196 xiao_rx=1677559714 queue_push=1677559719 core_rx=56464343
BNO_CORE_EVENT kind=3 report_seq=250 uart_sequence=226293 sensor_raw=4294962596 sensor_converted=4294962596 xiao_rx=1677565296 queue_push=1677565302 core_rx=56469367
BNO_CORE_EVENT kind=5 report_seq=248 uart_sequence=226294 sensor_raw=4294962596 sensor_converted=4294962596 xiao_rx=1677565324 queue_push=1677565326 core_rx=56471037
BNO_CORE_EVENT kind=1 report_seq=18 uart_sequence=226295 sensor_raw=4294964396 sensor_converted=4294964396 xiao_rx=1677568970 queue_push=1677568975 core_rx=56473374
BNO_CORE_EVENT kind=2 report_seq=251 uart_sequence=226299 sensor_raw=4294964996 sensor_converted=4294964996 xiao_rx=1677579684 queue_push=1677579693 core_rx=56492409
BNO_CORE_EVENT kind=3 report_seq=251 uart_sequence=226300 sensor_raw=4294962396 sensor_converted=4294962396 xiao_rx=1677586407 queue_push=1677586411 core_rx=56495095
BNO_CORE_EVENT kind=5 report_seq=249 uart_sequence=226301 sensor_raw=4294962396 sensor_converted=4294962396 xiao_rx=1677586435 queue_push=1677586437 core_rx=56496290
BNO_CORE_EVENT kind=4 report_seq=126 uart_sequence=226302 sensor_raw=4294962396 sensor_converted=4294962396 xiao_rx=1677586449 queue_push=1677586451 core_rx=56497360
BNO_CORE_EVENT kind=1 report_seq=19 uart_sequence=226303 sensor_raw=4294965096 sensor_converted=4294965096 xiao_rx=1677586457 queue_push=1677586459 core_rx=56500126
BNO_CORE_EVENT kind=1 report_seq=20 uart_sequence=226306 sensor_raw=4294966796 sensor_converted=4294966796 xiao_rx=1677596931 queue_push=1677596936 core_rx=56505343
BNO_CORE_EVENT kind=2 report_seq=252 uart_sequence=226307 sensor_raw=4294964196 sensor_converted=4294964196 xiao_rx=1677600541 queue_push=1677600545 core_rx=56506456
BNO_CORE_EVENT kind=3 report_seq=252 uart_sequence=226309 sensor_raw=4294961496 sensor_converted=4294961496 xiao_rx=1677607086 queue_push=1677607094 core_rx=56512337
BNO_CORE_EVENT kind=5 report_seq=250 uart_sequence=226310 sensor_raw=4294961496 sensor_converted=4294961496 xiao_rx=1677607119 queue_push=1677607120 core_rx=56513437
BNO_CORE_EVENT kind=1 report_seq=21 uart_sequence=226312 sensor_raw=4294966596 sensor_converted=4294966596 xiao_rx=1677613730 queue_push=1677613734 core_rx=56519354
BNO_CORE_EVENT kind=2 report_seq=253 uart_sequence=226314 sensor_raw=4294964996 sensor_converted=4294964996 xiao_rx=1677619709 queue_push=1677619719 core_rx=56525109
BNO_CORE_EVENT kind=3 report_seq=253 uart_sequence=226315 sensor_raw=4294962596 sensor_converted=4294962596 xiao_rx=1677626193 queue_push=1677626199 core_rx=56530358
BNO_CORE_EVENT kind=5 report_seq=251 uart_sequence=226316 sensor_raw=4294962596 sensor_converted=4294962596 xiao_rx=1677626221 queue_push=1677626223 core_rx=56532341
BNO_CORE_EVENT kind=4 report_seq=127 uart_sequence=226317 sensor_raw=4294962596 sensor_converted=4294962596 xiao_rx=1677626235 queue_push=1677626237 core_rx=56533433
BNO_CORE_EVENT kind=1 report_seq=22 uart_sequence=226318 sensor_raw=4294964096 sensor_converted=4294964096 xiao_rx=1677631687 queue_push=1677631692 core_rx=56536355
BNO_CORE_EVENT kind=2 report_seq=254 uart_sequence=226321 sensor_raw=4294964996 sensor_converted=4294964996 xiao_rx=1677641090 queue_push=1677641101 core_rx=56550882
BNO_CORE_EVENT kind=3 report_seq=254 uart_sequence=226322 sensor_raw=4294961096 sensor_converted=4294961096 xiao_rx=1677645429 queue_push=1677645433 core_rx=56552724
BNO_CORE_EVENT kind=5 report_seq=252 uart_sequence=226323 sensor_raw=4294961096 sensor_converted=4294961096 xiao_rx=1677645456 queue_push=1677645458 core_rx=56554713
BNO_CORE_EVENT kind=1 report_seq=23 uart_sequence=226328 sensor_raw=4294962196 sensor_converted=4294962196 xiao_rx=1677656198 queue_push=1677656203 core_rx=56562350
BNO_CORE_EVENT kind=4 report_seq=128 uart_sequence=226329 sensor_raw=4294965196 sensor_converted=4294965196 xiao_rx=1677659070 queue_push=1677659075 core_rx=56564332
BNO_CORE_EVENT kind=2 report_seq=255 uart_sequence=226330 sensor_raw=4294962796 sensor_converted=4294962796 xiao_rx=1677662000 queue_push=1677662004 core_rx=56566334
BNO_CORE_EVENT kind=3 report_seq=255 uart_sequence=226331 sensor_raw=4294959796 sensor_converted=4294959796 xiao_rx=1677668150 queue_push=1677668155 core_rx=56573398
BNO_CORE_EVENT kind=5 report_seq=253 uart_sequence=226332 sensor_raw=4294959796 sensor_converted=4294959796 xiao_rx=1677668176 queue_push=1677668178 core_rx=56576072
BNO_CORE_EVENT kind=1 report_seq=24 uart_sequence=226334 sensor_raw=4294961896 sensor_converted=4294961896 xiao_rx=1677668184 queue_push=1677668186 core_rx=56580843
BNO_CORE_EVENT kind=1 report_seq=25 uart_sequence=226335 sensor_raw=4294966796 sensor_converted=4294966796 xiao_rx=1677676771 queue_push=1677676777 core_rx=56583367
BNO_CORE_EVENT kind=2 report_seq=0 uart_sequence=226338 sensor_raw=4294964796 sensor_converted=4294964796 xiao_rx=1677680110 queue_push=1677680119 core_rx=56591406
BNO_CORE_EVENT kind=3 report_seq=0 uart_sequence=226339 sensor_raw=4294962196 sensor_converted=4294962196 xiao_rx=1677684998 queue_push=1677685002 core_rx=56594025
BNO_CORE_EVENT kind=5 report_seq=254 uart_sequence=226340 sensor_raw=4294962196 sensor_converted=4294962196 xiao_rx=1677685023 queue_push=1677685025 core_rx=56595180
BNO_CORE_EVENT kind=1 report_seq=26 uart_sequence=226341 sensor_raw=4294966796 sensor_converted=4294966796 xiao_rx=1677693228 queue_push=1677693233 core_rx=56597333
BNO_CORE_EVENT kind=4 report_seq=129 uart_sequence=226342 sensor_raw=4294965296 sensor_converted=4294965296 xiao_rx=1677698922 queue_push=1677698925 core_rx=56604374
BNO_CORE_EVENT kind=2 report_seq=1 uart_sequence=226347 sensor_raw=4294962996 sensor_converted=4294962996 xiao_rx=1677708982 queue_push=1677708995 core_rx=56618362
BNO_CORE_EVENT kind=3 report_seq=1 uart_sequence=226348 sensor_raw=4294962996 sensor_converted=4294962996 xiao_rx=1677709033 queue_push=1677709035 core_rx=56620412
BNO_CORE_EVENT kind=5 report_seq=255 uart_sequence=226349 sensor_raw=4294962996 sensor_converted=4294962996 xiao_rx=1677709050 queue_push=1677709051 core_rx=56621557
BNO_CORE_EVENT kind=1 report_seq=27 uart_sequence=226350 sensor_raw=4294962996 sensor_converted=4294962996 xiao_rx=1677712827 queue_push=1677712830 core_rx=56624658
BNO_CORE_EVENT kind=2 report_seq=2 uart_sequence=226353 sensor_raw=4294964996 sensor_converted=4294964996 xiao_rx=1677720792 queue_push=1677720801 core_rx=56627988
BNO_CORE_EVENT kind=3 report_seq=2 uart_sequence=226354 sensor_raw=4294961496 sensor_converted=4294961496 xiao_rx=1677727222 queue_push=1677727229 core_rx=56632420
BNO_CORE_EVENT kind=5 report_seq=0 uart_sequence=226355 sensor_raw=4294961496 sensor_converted=4294961496 xiao_rx=1677727247 queue_push=1677727249 core_rx=56635035
BNO_CORE_EVENT kind=1 report_seq=28 uart_sequence=226356 sensor_raw=4294966596 sensor_converted=4294966596 xiao_rx=1677727256 queue_push=1677727257 core_rx=56636161
BNO_CORE_EVENT kind=2 report_seq=3 uart_sequence=226360 sensor_raw=4294964596 sensor_converted=4294964596 xiao_rx=1677740203 queue_push=1677740213 core_rx=56652393
BNO_CORE_EVENT kind=3 report_seq=3 uart_sequence=226361 sensor_raw=4294961996 sensor_converted=4294961996 xiao_rx=1677746916 queue_push=1677746919 core_rx=56654132
BNO_CORE_EVENT kind=5 report_seq=1 uart_sequence=226362 sensor_raw=4294961996 sensor_converted=4294961996 xiao_rx=1677746943 queue_push=1677746944 core_rx=56655293
BNO_CORE_EVENT kind=4 report_seq=130 uart_sequence=226363 sensor_raw=4294961996 sensor_converted=4294961996 xiao_rx=1677746957 queue_push=1677746958 core_rx=56657714
BNO_CORE_EVENT kind=1 report_seq=29 uart_sequence=226364 sensor_raw=4294962896 sensor_converted=4294962896 xiao_rx=1677746965 queue_push=1677746966 core_rx=56658912
BNO_CORE_EVENT kind=1 report_seq=30 uart_sequence=226368 sensor_raw=4294966796 sensor_converted=4294966796 xiao_rx=1677758219 queue_push=1677758227 core_rx=56667407
BNO_CORE_EVENT kind=2 report_seq=4 uart_sequence=226369 sensor_raw=4294964096 sensor_converted=4294964096 xiao_rx=1677761743 queue_push=1677761745 core_rx=56670053
BNO_CORE_EVENT kind=3 report_seq=4 uart_sequence=226370 sensor_raw=4294964096 sensor_converted=4294964096 xiao_rx=1677761758 queue_push=1677761759 core_rx=56671267
BNO_CORE_EVENT kind=5 report_seq=2 uart_sequence=226371 sensor_raw=4294960396 sensor_converted=4294960396 xiao_rx=1677767293 queue_push=1677767298 core_rx=56673364
BNO_CORE_EVENT kind=1 report_seq=31 uart_sequence=226373 sensor_raw=4294965696 sensor_converted=4294965696 xiao_rx=1677773128 queue_push=1677773133 core_rx=56678363
BNO_CORE_EVENT kind=2 report_seq=5 uart_sequence=226376 sensor_raw=4294964996 sensor_converted=4294964996 xiao_rx=1677780088 queue_push=1677780096 core_rx=56691379
BNO_CORE_EVENT kind=3 report_seq=5 uart_sequence=226377 sensor_raw=4294962396 sensor_converted=4294962396 xiao_rx=1677785902 queue_push=1677785906 core_rx=56692913
BNO_CORE_EVENT kind=5 report_seq=3 uart_sequence=226378 sensor_raw=4294962396 sensor_converted=4294962396 xiao_rx=1677785928 queue_push=1677785930 core_rx=56693963
BNO_CORE_EVENT kind=4 report_seq=131 uart_sequence=226379 sensor_raw=4294962396 sensor_converted=4294962396 xiao_rx=1677785941 queue_push=1677785942 core_rx=56696723
BNO_CORE_EVENT kind=1 report_seq=32 uart_sequence=226380 sensor_raw=4294964596 sensor_converted=4294964596 xiao_rx=1677792451 queue_push=1677792456 core_rx=56697950
BNO_CORE_EVENT kind=2 report_seq=6 uart_sequence=226381 sensor_raw=4294964396 sensor_converted=4294964396 xiao_rx=1677799814 queue_push=1677799821 core_rx=56704382
BNO_CORE_EVENT kind=3 report_seq=6 uart_sequence=226383 sensor_raw=4294961996 sensor_converted=4294961996 xiao_rx=1677806906 queue_push=1677806912 core_rx=56712368
BNO_CORE_EVENT kind=5 report_seq=4 uart_sequence=226384 sensor_raw=4294961996 sensor_converted=4294961996 xiao_rx=1677806935 queue_push=1677806937 core_rx=56715092
BNO_CORE_EVENT kind=1 report_seq=33 uart_sequence=226385 sensor_raw=4294966496 sensor_converted=4294966496 xiao_rx=1677806943 queue_push=1677806945 core_rx=56716318
BNO_CORE_EVENT kind=2 report_seq=7 uart_sequence=226390 sensor_raw=4294964596 sensor_converted=4294964596 xiao_rx=1677819991 queue_push=1677820008 core_rx=56732422
BNO_CORE_EVENT kind=3 report_seq=7 uart_sequence=226391 sensor_raw=4294962196 sensor_converted=4294962196 xiao_rx=1677826698 queue_push=1677826700 core_rx=56735001
BNO_CORE_EVENT kind=5 report_seq=5 uart_sequence=226392 sensor_raw=4294962196 sensor_converted=4294962196 xiao_rx=1677826715 queue_push=1677826718 core_rx=56736060
BNO_CORE_EVENT kind=4 report_seq=132 uart_sequence=226393 sensor_raw=4294962196 sensor_converted=4294962196 xiao_rx=1677826726 queue_push=1677826728 core_rx=56737106
BNO_CORE_EVENT kind=1 report_seq=34 uart_sequence=226394 sensor_raw=4294962296 sensor_converted=4294962296 xiao_rx=1677826734 queue_push=1677826736 core_rx=56738170
BNO_CORE_EVENT kind=1 report_seq=35 uart_sequence=226396 sensor_raw=4294966796 sensor_converted=4294966796 xiao_rx=1677836054 queue_push=1677836060 core_rx=56742832
BNO_CORE_EVENT kind=2 report_seq=8 uart_sequence=226399 sensor_raw=4294964196 sensor_converted=4294964196 xiao_rx=1677840075 queue_push=1677840082 core_rx=56750982
BNO_CORE_EVENT kind=3 report_seq=8 uart_sequence=226400 sensor_raw=4294961696 sensor_converted=4294961696 xiao_rx=1677844991 queue_push=1677844998 core_rx=56752570
BNO_CORE_EVENT kind=5 report_seq=6 uart_sequence=226401 sensor_raw=4294961696 sensor_converted=4294961696 xiao_rx=1677845035 queue_push=1677845037 core_rx=56753634
BNO_CORE_EVENT kind=1 report_seq=36 uart_sequence=226402 sensor_raw=4294965496 sensor_converted=4294965496 xiao_rx=1677851688 queue_push=1677851694 core_rx=56756384
BNO_CORE_EVENT kind=2 report_seq=9 uart_sequence=226403 sensor_raw=4294964996 sensor_converted=4294964996 xiao_rx=1677859618 queue_push=1677859623 core_rx=56765397
BNO_CORE_EVENT kind=3 report_seq=9 uart_sequence=226407 sensor_raw=4294962396 sensor_converted=4294962396 xiao_rx=1677868285 queue_push=1677868293 core_rx=56777380
BNO_CORE_EVENT kind=5 report_seq=7 uart_sequence=226408 sensor_raw=4294962396 sensor_converted=4294962396 xiao_rx=1677868317 queue_push=1677868319 core_rx=56780058
BNO_CORE_EVENT kind=4 report_seq=133 uart_sequence=226409 sensor_raw=4294962396 sensor_converted=4294962396 xiao_rx=1677868331 queue_push=1677868333 core_rx=56781232
BNO_CORE_EVENT kind=1 report_seq=37 uart_sequence=226410 sensor_raw=4294961896 sensor_converted=4294961896 xiao_rx=1677872090 queue_push=1677872093 core_rx=56782282
BNO_CORE_EVENT kind=2 report_seq=10 uart_sequence=226412 sensor_raw=4294964996 sensor_converted=4294964996 xiao_rx=1677879695 queue_push=1677879703 core_rx=56785340
BNO_CORE_EVENT kind=3 report_seq=10 uart_sequence=226414 sensor_raw=4294962396 sensor_converted=4294962396 xiao_rx=1677886195 queue_push=1677886200 core_rx=56790374
BNO_CORE_EVENT kind=5 report_seq=8 uart_sequence=226415 sensor_raw=4294962396 sensor_converted=4294962396 xiao_rx=1677886224 queue_push=1677886225 core_rx=56791911
BNO_CORE_EVENT kind=1 report_seq=38 uart_sequence=226416 sensor_raw=4294965796 sensor_converted=4294965796 xiao_rx=1677886233 queue_push=1677886234 core_rx=56793747
BNO_CORE_EVENT kind=1 report_seq=39 uart_sequence=226417 sensor_raw=4294966396 sensor_converted=4294966396 xiao_rx=1677898031 queue_push=1677898035 core_rx=56802375
BNO_CORE_EVENT kind=2 report_seq=11 uart_sequence=226419 sensor_raw=4294963896 sensor_converted=4294963896 xiao_rx=1677902122 queue_push=1677902130 core_rx=56811356
BNO_CORE_EVENT kind=3 report_seq=11 uart_sequence=226420 sensor_raw=4294963896 sensor_converted=4294963896 xiao_rx=1677902156 queue_push=1677902158 core_rx=56813363
BNO_CORE_EVENT kind=5 report_seq=9 uart_sequence=226421 sensor_raw=4294959796 sensor_converted=4294959796 xiao_rx=1677906830 queue_push=1677906833 core_rx=56816096
BNO_CORE_EVENT kind=4 report_seq=134 uart_sequence=226422 sensor_raw=4294959796 sensor_converted=4294959796 xiao_rx=1677906846 queue_push=1677906848 core_rx=56817324
BNO_CORE_EVENT kind=1 report_seq=40 uart_sequence=226426 sensor_raw=4294966596 sensor_converted=4294966596 xiao_rx=1677916700 queue_push=1677916706 core_rx=56824381
BNO_CORE_EVENT kind=2 report_seq=12 uart_sequence=226429 sensor_raw=4294963296 sensor_converted=4294963296 xiao_rx=1677922632 queue_push=1677922638 core_rx=56829358
BNO_CORE_EVENT kind=3 report_seq=12 uart_sequence=226430 sensor_raw=4294959296 sensor_converted=4294959296 xiao_rx=1677927552 queue_push=1677927559 core_rx=56833381
BNO_CORE_EVENT kind=5 report_seq=10 uart_sequence=226431 sensor_raw=4294959296 sensor_converted=4294959296 xiao_rx=1677927582 queue_push=1677927584 core_rx=56834600
BNO_CORE_EVENT kind=1 report_seq=41 uart_sequence=226433 sensor_raw=4294964596 sensor_converted=4294964596 xiao_rx=1677933645 queue_push=1677933651 core_rx=56840421
BNO_CORE_EVENT kind=2 report_seq=13 uart_sequence=226435 sensor_raw=4294964996 sensor_converted=4294964996 xiao_rx=1677939743 queue_push=1677939750 core_rx=56844394
BNO_CORE_EVENT kind=3 report_seq=13 uart_sequence=226437 sensor_raw=4294962396 sensor_converted=4294962396 xiao_rx=1677945545 queue_push=1677945553 core_rx=56851407
BNO_CORE_EVENT kind=5 report_seq=11 uart_sequence=226438 sensor_raw=4294962396 sensor_converted=4294962396 xiao_rx=1677945577 queue_push=1677945579 core_rx=56854060
BNO_CORE_EVENT kind=4 report_seq=135 uart_sequence=226439 sensor_raw=4294962396 sensor_converted=4294962396 xiao_rx=1677945591 queue_push=1677945593 core_rx=56855244
BNO_CORE_EVENT kind=1 report_seq=42 uart_sequence=226440 sensor_raw=4294962996 sensor_converted=4294962996 xiao_rx=1677951773 queue_push=1677951778 core_rx=56857338
BNO_CORE_EVENT kind=2 report_seq=14 uart_sequence=226441 sensor_raw=4294965196 sensor_converted=4294965196 xiao_rx=1677959550 queue_push=1677959554 core_rx=56864384
BNO_CORE_EVENT kind=3 report_seq=14 uart_sequence=226443 sensor_raw=4294962596 sensor_converted=4294962596 xiao_rx=1677965228 queue_push=1677965234 core_rx=56873435
BNO_CORE_EVENT kind=5 report_seq=12 uart_sequence=226444 sensor_raw=4294962596 sensor_converted=4294962596 xiao_rx=1677965256 queue_push=1677965257 core_rx=56875469
BNO_CORE_EVENT kind=1 report_seq=43 uart_sequence=226447 sensor_raw=4294959396 sensor_converted=4294959396 xiao_rx=1677975040 queue_push=1677975046 core_rx=56880339
BNO_CORE_EVENT kind=1 report_seq=44 uart_sequence=226449 sensor_raw=4294965496 sensor_converted=4294965496 xiao_rx=1677978627 queue_push=1677978631 core_rx=56884376
BNO_CORE_EVENT kind=4 report_seq=136 uart_sequence=226451 sensor_raw=4294962996 sensor_converted=4294962996 xiao_rx=1677985128 queue_push=1677985131 core_rx=56890417
BNO_CORE_EVENT kind=2 report_seq=15 uart_sequence=226452 sensor_raw=4294963096 sensor_converted=4294963096 xiao_rx=1677985162 queue_push=1677985165 core_rx=56893057
BNO_CORE_EVENT kind=3 report_seq=15 uart_sequence=226453 sensor_raw=4294963096 sensor_converted=4294963096 xiao_rx=1677985177 queue_push=1677985179 core_rx=56894288
BNO_CORE_EVENT kind=5 report_seq=13 uart_sequence=226454 sensor_raw=4294956596 sensor_converted=4294956596 xiao_rx=1677989540 queue_push=1677989545 core_rx=56896339
BNO_CORE_EVENT kind=1 report_seq=45 uart_sequence=226455 sensor_raw=4294966596 sensor_converted=4294966596 xiao_rx=1677994053 queue_push=1677994057 core_rx=56899383
TYPE23_IDENTIFIED rx_us=56906052 uart_sequence=226457 type=23 payload_length=16 payload_hex=F8 02 00 00 02 01 00 00 00 00 00 00 98 74 03 00  encoded_bytes=44 crc=ok cobs=ok length=ok previous_type=5 boundary_ack=1
TRIAL_STOP_ACK ack_sequence=226457 last_sequence=226456 capture_id=760
SDTRACE count=59 write_calls=148
SDTRACE us=46282187 src=log_start op=mkdir ok=1 rec=0 q=0 req=0 actual=0
SDTRACE us=46286233 src=log_start op=exists ok=1 rec=0 q=0 req=0 actual=0
SDTRACE us=46291149 src=log_start op=exists ok=1 rec=0 q=0 req=0 actual=0
SDTRACE us=46300317 src=log_start op=exists ok=1 rec=0 q=0 req=0 actual=0
SDTRACE us=46305310 src=log_start op=exists ok=1 rec=0 q=0 req=0 actual=0
SDTRACE us=46312231 src=log_start op=exists ok=1 rec=0 q=0 req=0 actual=0
SDTRACE us=46317162 src=log_start op=exists ok=1 rec=0 q=0 req=0 actual=0
SDTRACE us=46321831 src=log_start op=exists ok=1 rec=0 q=0 req=0 actual=0
SDTRACE us=46326438 src=log_start op=exists ok=1 rec=0 q=0 req=0 actual=0
SDTRACE us=46333876 src=log_start op=exists ok=1 rec=0 q=0 req=0 actual=0
SDTRACE us=46343377 src=log_start op=exists ok=1 rec=0 q=0 req=0 actual=0
SDTRACE us=46353728 src=log_start op=exists ok=1 rec=0 q=0 req=0 actual=0
SDTRACE us=46365352 src=log_start op=exists ok=1 rec=0 q=0 req=0 actual=0
SDTRACE us=46376406 src=log_start op=exists ok=1 rec=0 q=0 req=0 actual=0
SDTRACE us=46384328 src=log_start op=exists ok=1 rec=0 q=0 req=0 actual=0
SDTRACE us=46392511 src=log_start op=exists ok=1 rec=0 q=0 req=0 actual=0
SDTRACE us=46406387 src=log_start op=exists ok=1 rec=0 q=0 req=0 actual=0
SDTRACE us=46417381 src=log_start op=exists ok=1 rec=0 q=0 req=0 actual=0
SDTRACE us=46431465 src=log_start op=exists ok=1 rec=0 q=0 req=0 actual=0
SDTRACE us=46444280 src=log_start op=exists ok=1 rec=0 q=0 req=0 actual=0
SDTRACE us=46458056 src=log_start op=exists ok=1 rec=0 q=0 req=0 actual=0
SDTRACE us=46475210 src=log_start op=exists ok=1 rec=0 q=0 req=0 actual=0
SDTRACE us=46488447 src=log_start op=exists ok=1 rec=0 q=0 req=0 actual=0
SDTRACE us=46506110 src=log_start op=exists ok=1 rec=0 q=0 req=0 actual=0
SDTRACE us=46519092 src=log_start op=exists ok=1 rec=0 q=0 req=0 actual=0
SDTRACE us=46533295 src=log_start op=exists ok=1 rec=0 q=0 req=0 actual=0
SDTRACE us=46551756 src=log_start op=exists ok=1 rec=0 q=0 req=0 actual=0
SDTRACE us=46571085 src=log_start op=exists ok=1 rec=0 q=0 req=0 actual=0
SDTRACE us=46587842 src=log_start op=exists ok=1 rec=0 q=0 req=0 actual=0
SDTRACE us=46608911 src=log_start op=exists ok=1 rec=0 q=0 req=0 actual=0
SDTRACE us=46626404 src=log_start op=exists ok=1 rec=0 q=0 req=0 actual=0
SDTRACE us=46643848 src=log_start op=exists ok=1 rec=0 q=0 req=0 actual=0
SDTRACE us=46664090 src=log_start op=exists ok=1 rec=0 q=0 req=0 actual=0
SDTRACE us=46683419 src=log_start op=exists ok=1 rec=0 q=0 req=0 actual=0
SDTRACE us=46708084 src=log_start op=exists ok=1 rec=0 q=0 req=0 actual=0
SDTRACE us=46730057 src=log_start op=exists ok=1 rec=0 q=0 req=0 actual=0
SDTRACE us=46749382 src=log_start op=exists ok=1 rec=0 q=0 req=0 actual=0
SDTRACE us=46774808 src=log_start op=exists ok=1 rec=0 q=0 req=0 actual=0
SDTRACE us=46797175 src=log_start op=exists ok=1 rec=0 q=0 req=0 actual=0
SDTRACE us=46818871 src=log_start op=exists ok=1 rec=0 q=0 req=0 actual=0
SDTRACE us=46841071 src=log_start op=exists ok=0 rec=0 q=0 req=0 actual=0
SDTRACE us=46895209 src=log_start op=open ok=1 rec=0 q=0 req=0 actual=0
SDTRACE us=47470810 src=writer op=write ok=1 rec=59 q=0 req=512 actual=512
SDTRACE us=47470851 src=writer op=write ok=1 rec=59 q=0 req=512 actual=512
SDTRACE us=47470887 src=writer op=write ok=1 rec=59 q=0 req=512 actual=512
SDTRACE us=47591726 src=writer op=write ok=1 rec=59 q=14 req=512 actual=512
SDTRACE us=48583210 src=writer op=write ok=1 rec=118 q=7 req=512 actual=512
SDTRACE us=49665295 src=writer op=write ok=1 rec=177 q=12 req=512 actual=512
SDTRACE us=50650427 src=writer op=write ok=1 rec=236 q=3 req=512 actual=512
SDTRACE us=52289450 src=writer op=write ok=1 rec=297 q=0 req=512 actual=512
SDTRACE us=53539324 src=writer op=write ok=1 rec=358 q=10 req=512 actual=512
SDTRACE us=54606681 src=writer op=write ok=1 rec=417 q=13 req=512 actual=512
SDTRACE us=55603882 src=writer op=write ok=1 rec=476 q=8 req=512 actual=512
SDTRACE us=56649706 src=writer op=write ok=1 rec=535 q=11 req=512 actual=512
SDTRACE us=56939782 src=writer op=flush ok=1 rec=550 q=0 req=0 actual=0
SDTRACE us=56940125 src=writer op=close ok=1 rec=550 q=0 req=0 actual=0
SDTRACE us=56992381 src=summary op=open ok=1 rec=550 q=0 req=0 actual=0
SDTRACE us=56996132 src=summary op=write ok=1 rec=550 q=0 req=0 actual=0
SDTRACE us=57005927 src=summary op=close ok=1 rec=550 q=0 req=0 actual=0
TRIAL_END mode=decode_count rx_bytes=382124 service_bytes=382168 frames=3760 bno_valid=2381 seq_gap=0 crc/cobs/len=0/0/0 unknown=0 bno_invalid=0 rxbuf_full=0 service_calls=5447 read_calls=5447 zero_reads=2795 delimiters=3760 bno_kind=631/500/500/250/500 bno_log_enqueue=0
TRIALTYPE type=2 name=BnoAccel frames=631 encoded_bytes=53004
TRIALTYPE type=3 name=BnoGyro frames=500 encoded_bytes=42000
TRIALTYPE type=4 name=BnoQuaternion frames=1000 encoded_bytes=84000
TRIALTYPE type=5 name=TofFrame frames=304 encoded_bytes=68096
TRIALTYPE type=7 name=VescStatus frames=308 encoded_bytes=27104
TRIALTYPE type=11 name=TimeSyncReply frames=10 encoded_bytes=560
TRIALTYPE type=16 name=GnssProcessResult frames=95 encoded_bytes=9120
TRIALTYPE type=20 name=BnoMagnetic frames=250 encoded_bytes=21000
TRIALTYPE type=22 name=EstimatedState frames=99 encoded_bytes=14652
TRIALTYPE type=23 name=P1Capture frames=1 encoded_bytes=44
TRIALTYPE type=24 name=PrimaryImuSnapshot frames=192 encoded_bytes=17664
TRIALTYPE type=32 name=Heartbeat frames=102 encoded_bytes=4080
TRIALTYPE type=56 name=EskfState frames=192 encoded_bytes=35328
TRIALTYPE type=57 name=EskfInnovation frames=26 encoded_bytes=1872
TRIALTYPE type=58 name=EskfHealth frames=50 encoded_bytes=3600
TRIAL_SEQUENCE first=222711 last=226456 valid=1
TRIAL_BOUNDARY start_ack=222710 expected_first=222711 stop_ack=226457 expected_last=226456 stop_ack_received=1
BNO_CORE_TS kind=1 count=631 first_rx_us=46963736 last_rx_us=56899383 delta_us=1076/15770.87/40678
BNO_CORE_TS kind=2 count=500 first_rx_us=46959333 last_rx_us=56893057 delta_us=5477/19907.26/32056
BNO_CORE_TS kind=3 count=500 first_rx_us=46960579 last_rx_us=56894288 delta_us=5280/19907.23/32889
BNO_CORE_TS kind=4 count=250 first_rx_us=46969252 last_rx_us=56890417 delta_us=18590/39844.04/56854
BNO_CORE_TS kind=5 count=500 first_rx_us=46962667 last_rx_us=56896339 delta_us=4254/19907.16/32327
SEQUENCE_STATE gaps=0 duplicates=0 out_of_order=0 wraps=0
XIAO UART baud=921600 rx=GPIO8 tx=GPIO9 bytes=1191704 frames=3763 bytes_s=31020 frames_s=302 crc/cobs/len=0/0/0 seqgap=0 age_ms=6 type=22 log=0 q=0 rec=550 final=0
RXDIAG max_us=6428 budget_hits=0 byte/frame/time=0/0/0 rx_buf_max=496 loop_period_max_us=730062 loop_exec_max_us=727693 free_heap=142576 min_free_heap=134948 reset_reason=0 bno_kind_1to5_s=49/38/38/19/38 queue=0 high=14 drops=0
RXDETAIL service_calls=41939 service_bytes_avg=28 service_bytes_max=496 service_frames_avg=0 service_frames_avg_x1000=234 service_frames_max=5 service_bytes_s=31092 service_frames_s=303 rxbuf_full_obs=0 bno_valid=2381 bno_invalid=0 unknown=0 uart_overflow=framework_unavailable trial_rx_bytes=382548 trial_frames=3763 trial_bno=2381 trial_crc/cobs/len=0/0/0
RXTASK mode=decode_count read_calls=41940 zero_reads=31997 read_bytes_max=496 rx_task_max_us=6428 rx_task_continuous_max_us=6428 stack_hwm_min_bytes=4472 cobs_delimiters=9839 rx_current=0 rx_max=496 rx_full=0 overflow=framework_unavailable
SDTASK max_process_us=213118
XIAO UART baud=921600 rx=GPIO8 tx=GPIO9 bytes=1199196 frames=3827 bytes_s=7492 frames_s=64 crc/cobs/len=0/0/0 seqgap=0 age_ms=12 type=24 log=0 q=0 rec=550 final=0
RXDIAG max_us=6428 budget_hits=0 byte/frame/time=0/0/0 rx_buf_max=496 loop_period_max_us=730062 loop_exec_max_us=727693 free_heap=142576 min_free_heap=134948 reset_reason=0 bno_kind_1to5_s=0/0/0/0/0 queue=0 high=14 drops=0
RXDETAIL service_calls=42856 service_bytes_avg=27 service_bytes_max=496 service_frames_avg=0 service_frames_avg_x1000=231 service_frames_max=5 service_bytes_s=7336 service_frames_s=62 rxbuf_full_obs=0 bno_valid=2381 bno_invalid=0 unknown=0 uart_overflow=framework_unavailable trial_rx_bytes=389884 trial_frames=3825 trial_bno=2381 trial_crc/cobs/len=0/0/0
RXTASK mode=decode_count read_calls=42857 zero_reads=32850 read_bytes_max=496 rx_task_max_us=6428 rx_task_continuous_max_us=6428 stack_hwm_min_bytes=4472 cobs_delimiters=9901 rx_current=0 rx_max=496 rx_full=0 overflow=framework_unavailable
SDTASK max_process_us=213118
XIAO UART baud=921600 rx=GPIO8 tx=GPIO9 bytes=1217008 frames=3962 bytes_s=17812 frames_s=135 crc/cobs/len=0/0/0 seqgap=0 age_ms=0 type=56 log=0 q=0 rec=550 final=0
RXDIAG max_us=6428 budget_hits=0 byte/frame/time=0/0/0 rx_buf_max=496 loop_period_max_us=730062 loop_exec_max_us=727693 free_heap=142576 min_free_heap=134948 reset_reason=0 bno_kind_1to5_s=0/0/0/0/0 queue=0 high=14 drops=0
RXDETAIL service_calls=43679 service_bytes_avg=27 service_bytes_max=496 service_frames_avg=0 service_frames_avg_x1000=229 service_frames_max=5 service_bytes_s=17848 service_frames_s=136 rxbuf_full_obs=0 bno_valid=2381 bno_invalid=0 unknown=0 uart_overflow=framework_unavailable trial_rx_bytes=407732 trial_frames=3961 trial_bno=2381 trial_crc/cobs/len=0/0/0
RXTASK mode=decode_count read_calls=43680 zero_reads=33522 read_bytes_max=496 rx_task_max_us=6428 rx_task_continuous_max_us=6428 stack_hwm_min_bytes=4472 cobs_delimiters=10038 rx_current=131 rx_max=496 rx_full=0 overflow=framework_unavailable
SDTASK max_process_us=213118
XIAO UART baud=921600 rx=GPIO8 tx=GPIO9 bytes=1235852 frames=4105 bytes_s=18844 frames_s=143 crc/cobs/len=0/0/0 seqgap=0 age_ms=0 type=5 log=0 q=0 rec=550 final=0
RXDIAG max_us=6428 budget_hits=0 byte/frame/time=0/0/0 rx_buf_max=496 loop_period_max_us=730062 loop_exec_max_us=727693 free_heap=142576 min_free_heap=134948 reset_reason=0 bno_kind_1to5_s=0/0/0/0/0 queue=0 high=14 drops=0
RXDETAIL service_calls=44497 service_bytes_avg=27 service_bytes_max=496 service_frames_avg=0 service_frames_avg_x1000=228 service_frames_max=5 service_bytes_s=18808 service_frames_s=142 rxbuf_full_obs=0 bno_valid=2381 bno_invalid=0 unknown=0 uart_overflow=framework_unavailable trial_rx_bytes=426540 trial_frames=4103 trial_bno=2381 trial_crc/cobs/len=0/0/0
RXTASK mode=decode_count read_calls=44498 zero_reads=34186 read_bytes_max=496 rx_task_max_us=6428 rx_task_continuous_max_us=6428 stack_hwm_min_bytes=4472 cobs_delimiters=10180 rx_current=0 rx_max=496 rx_full=0 overflow=framework_unavailable
SDTASK max_process_us=213118
XIAO UART baud=921600 rx=GPIO8 tx=GPIO9 bytes=1254056 frames=4242 bytes_s=18204 frames_s=137 crc/cobs/len=0/0/0 seqgap=0 age_ms=3 type=22 log=0 q=0 rec=550 final=0
RXDIAG max_us=6428 budget_hits=0 byte/frame/time=0/0/0 rx_buf_max=496 loop_period_max_us=730062 loop_exec_max_us=727693 free_heap=142576 min_free_heap=134948 reset_reason=0 bno_kind_1to5_s=0/0/0/0/0 queue=0 high=14 drops=0
RXDETAIL service_calls=45307 service_bytes_avg=27 service_bytes_max=496 service_frames_avg=0 service_frames_avg_x1000=227 service_frames_max=5 service_bytes_s=18268 service_frames_s=138 rxbuf_full_obs=0 bno_valid=2381 bno_invalid=0 unknown=0 uart_overflow=framework_unavailable trial_rx_bytes=444808 trial_frames=4241 trial_bno=2381 trial_crc/cobs/len=0/0/0
RXTASK mode=decode_count read_calls=45308 zero_reads=34842 read_bytes_max=496 rx_task_max_us=6428 rx_task_continuous_max_us=6428 stack_hwm_min_bytes=4472 cobs_delimiters=10317 rx_current=104 rx_max=496 rx_full=0 overflow=framework_unavailable
SDTASK max_process_us=213118
XIAO UART baud=921600 rx=GPIO8 tx=GPIO9 bytes=1272460 frames=4382 bytes_s=18404 frames_s=140 crc/cobs/len=0/0/0 seqgap=0 age_ms=8 type=24 log=0 q=0 rec=550 final=0
RXDIAG max_us=6428 budget_hits=0 byte/frame/time=0/0/0 rx_buf_max=496 loop_period_max_us=730062 loop_exec_max_us=727693 free_heap=142352 min_free_heap=134948 reset_reason=0 bno_kind_1to5_s=0/0/0/0/0 queue=0 high=14 drops=0
RXDETAIL service_calls=46122 service_bytes_avg=27 service_bytes_max=496 service_frames_avg=0 service_frames_avg_x1000=226 service_frames_max=5 service_bytes_s=18340 service_frames_s=139 rxbuf_full_obs=0 bno_valid=2381 bno_invalid=0 unknown=0 uart_overflow=framework_unavailable trial_rx_bytes=463148 trial_frames=4380 trial_bno=2381 trial_crc/cobs/len=0/0/0
RXTASK mode=decode_count read_calls=46123 zero_reads=35499 read_bytes_max=496 rx_task_max_us=6428 rx_task_continuous_max_us=6428 stack_hwm_min_bytes=4472 cobs_delimiters=10456 rx_current=0 rx_max=496 rx_full=0 overflow=framework_unavailable
SDTASK max_process_us=213118
XIAO UART baud=921600 rx=GPIO8 tx=GPIO9 bytes=1290648 frames=4519 bytes_s=18188 frames_s=137 crc/cobs/len=0/0/0 seqgap=0 age_ms=7 type=7 log=0 q=0 rec=550 final=0
RXDIAG max_us=6428 budget_hits=0 byte/frame/time=0/0/0 rx_buf_max=496 loop_period_max_us=730062 loop_exec_max_us=727693 free_heap=142352 min_free_heap=134948 reset_reason=0 bno_kind_1to5_s=0/0/0/0/0 queue=0 high=14 drops=0
RXDETAIL service_calls=46934 service_bytes_avg=27 service_bytes_max=496 service_frames_avg=0 service_frames_avg_x1000=225 service_frames_max=5 service_bytes_s=18188 service_frames_s=137 rxbuf_full_obs=0 bno_valid=2381 bno_invalid=0 unknown=0 uart_overflow=framework_unavailable trial_rx_bytes=481336 trial_frames=4517 trial_bno=2381 trial_crc/cobs/len=0/0/0
RXTASK mode=decode_count read_calls=46935 zero_reads=36150 read_bytes_max=496 rx_task_max_us=6428 rx_task_continuous_max_us=6428 stack_hwm_min_bytes=4472 cobs_delimiters=10593 rx_current=0 rx_max=496 rx_full=0 overflow=framework_unavailable
SDTASK max_process_us=213118
XIAO UART baud=921600 rx=GPIO8 tx=GPIO9 bytes=1308788 frames=4655 bytes_s=18140 frames_s=136 crc/cobs/len=0/0/0 seqgap=0 age_ms=0 type=56 log=0 q=0 rec=550 final=0
RXDIAG max_us=6428 budget_hits=0 byte/frame/time=0/0/0 rx_buf_max=496 loop_period_max_us=730062 loop_exec_max_us=727693 free_heap=142352 min_free_heap=134948 reset_reason=0 bno_kind_1to5_s=0/0/0/0/0 queue=0 high=14 drops=0
RXDETAIL service_calls=47740 service_bytes_avg=27 service_bytes_max=496 service_frames_avg=0 service_frames_avg_x1000=224 service_frames_max=5 service_bytes_s=18396 service_frames_s=138 rxbuf_full_obs=0 bno_valid=2381 bno_invalid=0 unknown=0 uart_overflow=framework_unavailable trial_rx_bytes=499732 trial_frames=4655 trial_bno=2381 trial_crc/cobs/len=0/0/0
RXTASK mode=decode_count read_calls=47742 zero_reads=36801 read_bytes_max=496 rx_task_max_us=6428 rx_task_continuous_max_us=6428 stack_hwm_min_bytes=4472 cobs_delimiters=10734 rx_current=0 rx_max=496 rx_full=0 overflow=framework_unavailable
SDTASK max_process_us=213118
XIAO UART baud=921600 rx=GPIO8 tx=GPIO9 bytes=1326940 frames=4792 bytes_s=18152 frames_s=137 crc/cobs/len=0/0/0 seqgap=0 age_ms=14 type=24 log=0 q=0 rec=550 final=0
RXDIAG max_us=6428 budget_hits=0 byte/frame/time=0/0/0 rx_buf_max=496 loop_period_max_us=730062 loop_exec_max_us=727693 free_heap=142352 min_free_heap=134948 reset_reason=0 bno_kind_1to5_s=0/0/0/0/0 queue=0 high=14 drops=0
RXDETAIL service_calls=48563 service_bytes_avg=27 service_bytes_max=496 service_frames_avg=0 service_frames_avg_x1000=223 service_frames_max=5 service_bytes_s=18016 service_frames_s=135 rxbuf_full_obs=0 bno_valid=2381 bno_invalid=0 unknown=0 uart_overflow=framework_unavailable trial_rx_bytes=517748 trial_frames=4790 trial_bno=2381 trial_crc/cobs/len=0/0/0
RXTASK mode=decode_count read_calls=48564 zero_reads=37461 read_bytes_max=496 rx_task_max_us=6428 rx_task_continuous_max_us=6428 stack_hwm_min_bytes=4472 cobs_delimiters=10867 rx_current=48 rx_max=496 rx_full=0 overflow=framework_unavailable
SDTASK max_process_us=213118
XIAO UART baud=921600 rx=GPIO8 tx=GPIO9 bytes=1345152 frames=4928 bytes_s=18212 frames_s=136 crc/cobs/len=0/0/0 seqgap=0 age_ms=9 type=7 log=0 q=0 rec=550 final=0
RXDIAG max_us=6428 budget_hits=0 byte/frame/time=0/0/0 rx_buf_max=496 loop_period_max_us=730062 loop_exec_max_us=727693 free_heap=142352 min_free_heap=134948 reset_reason=0 bno_kind_1to5_s=0/0/0/0/0 queue=0 high=14 drops=0
RXDETAIL service_calls=49378 service_bytes_avg=27 service_bytes_max=496 service_frames_avg=0 service_frames_avg_x1000=222 service_frames_max=5 service_bytes_s=18092 service_frames_s=136 rxbuf_full_obs=0 bno_valid=2381 bno_invalid=0 unknown=0 uart_overflow=framework_unavailable trial_rx_bytes=535840 trial_frames=4926 trial_bno=2381 trial_crc/cobs/len=0/0/0
RXTASK mode=decode_count read_calls=49379 zero_reads=38106 read_bytes_max=496 rx_task_max_us=6428 rx_task_continuous_max_us=6428 stack_hwm_min_bytes=4472 cobs_delimiters=11002 rx_current=0 rx_max=496 rx_full=0 overflow=framework_unavailable
SDTASK max_process_us=213118
XIAO UART baud=921600 rx=GPIO8 tx=GPIO9 bytes=1363272 frames=5064 bytes_s=18120 frames_s=136 crc/cobs/len=0/0/0 seqgap=0 age_ms=3 type=5 log=0 q=0 rec=550 final=0
RXDIAG max_us=6428 budget_hits=0 byte/frame/time=0/0/0 rx_buf_max=496 loop_period_max_us=730062 loop_exec_max_us=727693 free_heap=142352 min_free_heap=134948 reset_reason=0 bno_kind_1to5_s=0/0/0/0/0 queue=0 high=14 drops=0
RXDETAIL service_calls=50194 service_bytes_avg=27 service_bytes_max=496 service_frames_avg=0 service_frames_avg_x1000=221 service_frames_max=5 service_bytes_s=18120 service_frames_s=136 rxbuf_full_obs=0 bno_valid=2381 bno_invalid=0 unknown=0 uart_overflow=framework_unavailable trial_rx_bytes=553960 trial_frames=5062 trial_bno=2381 trial_crc/cobs/len=0/0/0
RXTASK mode=decode_count read_calls=50195 zero_reads=38746 read_bytes_max=496 rx_task_max_us=6428 rx_task_continuous_max_us=6428 stack_hwm_min_bytes=4472 cobs_delimiters=11139 rx_current=40 rx_max=496 rx_full=0 overflow=framework_unavailable
SDTASK max_process_us=213118
XIAO UART baud=921600 rx=GPIO8 tx=GPIO9 bytes=1381476 frames=5202 bytes_s=18204 frames_s=138 crc/cobs/len=0/0/0 seqgap=0 age_ms=5 type=32 log=0 q=0 rec=550 final=0
RXDIAG max_us=6428 budget_hits=0 byte/frame/time=0/0/0 rx_buf_max=496 loop_period_max_us=730062 loop_exec_max_us=727693 free_heap=142352 min_free_heap=134948 reset_reason=0 bno_kind_1to5_s=0/0/0/0/0 queue=0 high=14 drops=0
RXDETAIL service_calls=51007 service_bytes_avg=27 service_bytes_max=496 service_frames_avg=0 service_frames_avg_x1000=221 service_frames_max=5 service_bytes_s=18204 service_frames_s=138 rxbuf_full_obs=0 bno_valid=2381 bno_invalid=0 unknown=0 uart_overflow=framework_unavailable trial_rx_bytes=572164 trial_frames=5200 trial_bno=2381 trial_crc/cobs/len=0/0/0
RXTASK mode=decode_count read_calls=51008 zero_reads=39381 read_bytes_max=496 rx_task_max_us=6428 rx_task_continuous_max_us=6428 stack_hwm_min_bytes=4472 cobs_delimiters=11276 rx_current=0 rx_max=496 rx_full=0 overflow=framework_unavailable
SDTASK max_process_us=213118
XIAO UART baud=921600 rx=GPIO8 tx=GPIO9 bytes=1399868 frames=5341 bytes_s=18392 frames_s=139 crc/cobs/len=0/0/0 seqgap=0 age_ms=2 type=24 log=0 q=0 rec=550 final=0
RXDIAG max_us=6428 budget_hits=0 byte/frame/time=0/0/0 rx_buf_max=496 loop_period_max_us=730062 loop_exec_max_us=727693 free_heap=142352 min_free_heap=134948 reset_reason=0 bno_kind_1to5_s=0/0/0/0/0 queue=0 high=14 drops=0
RXDETAIL service_calls=51826 service_bytes_avg=27 service_bytes_max=496 service_frames_avg=0 service_frames_avg_x1000=220 service_frames_max=5 service_bytes_s=18392 service_frames_s=139 rxbuf_full_obs=0 bno_valid=2381 bno_invalid=0 unknown=0 uart_overflow=framework_unavailable trial_rx_bytes=590556 trial_frames=5339 trial_bno=2381 trial_crc/cobs/len=0/0/0
RXTASK mode=decode_count read_calls=51827 zero_reads=40024 read_bytes_max=496 rx_task_max_us=6428 rx_task_continuous_max_us=6428 stack_hwm_min_bytes=4472 cobs_delimiters=11415 rx_current=0 rx_max=496 rx_full=0 overflow=framework_unavailable
SDTASK max_process_us=213118
XIAO UART baud=921600 rx=GPIO8 tx=GPIO9 bytes=1418264 frames=5479 bytes_s=18396 frames_s=138 crc/cobs/len=0/0/0 seqgap=0 age_ms=0 type=7 log=0 q=0 rec=550 final=0
RXDIAG max_us=6428 budget_hits=0 byte/frame/time=0/0/0 rx_buf_max=496 loop_period_max_us=730062 loop_exec_max_us=727693 free_heap=142352 min_free_heap=134948 reset_reason=0 bno_kind_1to5_s=0/0/0/0/0 queue=0 high=14 drops=0
RXDETAIL service_calls=52640 service_bytes_avg=26 service_bytes_max=496 service_frames_avg=0 service_frames_avg_x1000=219 service_frames_max=5 service_bytes_s=18396 service_frames_s=138 rxbuf_full_obs=0 bno_valid=2381 bno_invalid=0 unknown=0 uart_overflow=framework_unavailable trial_rx_bytes=608952 trial_frames=5477 trial_bno=2381 trial_crc/cobs/len=0/0/0
RXTASK mode=decode_count read_calls=52641 zero_reads=40661 read_bytes_max=496 rx_task_max_us=6428 rx_task_continuous_max_us=6428 stack_hwm_min_bytes=4472 cobs_delimiters=11553 rx_current=0 rx_max=496 rx_full=0 overflow=framework_unavailable
SDTASK max_process_us=213118
XIAO UART baud=921600 rx=GPIO8 tx=GPIO9 bytes=1436396 frames=5615 bytes_s=18132 frames_s=136 crc/cobs/len=0/0/0 seqgap=0 age_ms=4 type=5 log=0 q=0 rec=550 final=0
RXDIAG max_us=6428 budget_hits=0 byte/frame/time=0/0/0 rx_buf_max=496 loop_period_max_us=730062 loop_exec_max_us=727693 free_heap=142352 min_free_heap=134948 reset_reason=0 bno_kind_1to5_s=0/0/0/0/0 queue=0 high=14 drops=0
RXDETAIL service_calls=53462 service_bytes_avg=26 service_bytes_max=496 service_frames_avg=0 service_frames_avg_x1000=218 service_frames_max=5 service_bytes_s=18132 service_frames_s=136 rxbuf_full_obs=0 bno_valid=2381 bno_invalid=0 unknown=0 uart_overflow=framework_unavailable trial_rx_bytes=627084 trial_frames=5613 trial_bno=2381 trial_crc/cobs/len=0/0/0
RXTASK mode=decode_count read_calls=53463 zero_reads=41309 read_bytes_max=496 rx_task_max_us=6428 rx_task_continuous_max_us=6428 stack_hwm_min_bytes=4472 cobs_delimiters=11689 rx_current=0 rx_max=496 rx_full=0 overflow=framework_unavailable
SDTASK max_process_us=213118
XIAO UART baud=921600 rx=GPIO8 tx=GPIO9 bytes=1454820 frames=5755 bytes_s=18424 frames_s=140 crc/cobs/len=0/0/0 seqgap=0 age_ms=4 type=24 log=0 q=0 rec=550 final=0
RXDIAG max_us=6428 budget_hits=0 byte/frame/time=0/0/0 rx_buf_max=496 loop_period_max_us=730062 loop_exec_max_us=727693 free_heap=142352 min_free_heap=134948 reset_reason=0 bno_kind_1to5_s=0/0/0/0/0 queue=0 high=14 drops=0
RXDETAIL service_calls=54279 service_bytes_avg=26 service_bytes_max=496 service_frames_avg=0 service_frames_avg_x1000=217 service_frames_max=5 service_bytes_s=18496 service_frames_s=141 rxbuf_full_obs=0 bno_valid=2381 bno_invalid=0 unknown=0 uart_overflow=framework_unavailable trial_rx_bytes=645580 trial_frames=5754 trial_bno=2381 trial_crc/cobs/len=0/0/0
RXTASK mode=decode_count read_calls=54280 zero_reads=41950 read_bytes_max=496 rx_task_max_us=6428 rx_task_continuous_max_us=6428 stack_hwm_min_bytes=4472 cobs_delimiters=11830 rx_current=0 rx_max=496 rx_full=0 overflow=framework_unavailable
SDTASK max_process_us=213118
XIAO UART baud=921600 rx=GPIO8 tx=GPIO9 bytes=1472912 frames=5891 bytes_s=18092 frames_s=136 crc/cobs/len=0/0/0 seqgap=0 age_ms=0 type=7 log=0 q=0 rec=550 final=0
RXDIAG max_us=6428 budget_hits=0 byte/frame/time=0/0/0 rx_buf_max=496 loop_period_max_us=730062 loop_exec_max_us=727693 free_heap=142352 min_free_heap=134948 reset_reason=0 bno_kind_1to5_s=0/0/0/0/0 queue=0 high=14 drops=0
RXDETAIL service_calls=55093 service_bytes_avg=26 service_bytes_max=496 service_frames_avg=0 service_frames_avg_x1000=217 service_frames_max=5 service_bytes_s=18020 service_frames_s=135 rxbuf_full_obs=0 bno_valid=2381 bno_invalid=0 unknown=0 uart_overflow=framework_unavailable trial_rx_bytes=663600 trial_frames=5889 trial_bno=2381 trial_crc/cobs/len=0/0/0
RXTASK mode=decode_count read_calls=55094 zero_reads=42592 read_bytes_max=496 rx_task_max_us=6428 rx_task_continuous_max_us=6428 stack_hwm_min_bytes=4472 cobs_delimiters=11965 rx_current=0 rx_max=496 rx_full=0 overflow=framework_unavailable
SDTASK max_process_us=213118
XIAO UART baud=921600 rx=GPIO8 tx=GPIO9 bytes=1490884 frames=6026 bytes_s=17972 frames_s=135 crc/cobs/len=0/0/0 seqgap=0 age_ms=0 type=58 log=0 q=0 rec=550 final=0
RXDIAG max_us=6428 budget_hits=0 byte/frame/time=0/0/0 rx_buf_max=496 loop_period_max_us=730062 loop_exec_max_us=727693 free_heap=142352 min_free_heap=134948 reset_reason=0 bno_kind_1to5_s=0/0/0/0/0 queue=0 high=14 drops=0
RXDETAIL service_calls=55902 service_bytes_avg=26 service_bytes_max=496 service_frames_avg=0 service_frames_avg_x1000=216 service_frames_max=5 service_bytes_s=17972 service_frames_s=135 rxbuf_full_obs=0 bno_valid=2381 bno_invalid=0 unknown=0 uart_overflow=framework_unavailable trial_rx_bytes=681572 trial_frames=6024 trial_bno=2381 trial_crc/cobs/len=0/0/0
RXTASK mode=decode_count read_calls=55903 zero_reads=43227 read_bytes_max=496 rx_task_max_us=6428 rx_task_continuous_max_us=6428 stack_hwm_min_bytes=4472 cobs_delimiters=12100 rx_current=0 rx_max=496 rx_full=0 overflow=framework_unavailable
SDTASK max_process_us=213118
XIAO UART baud=921600 rx=GPIO8 tx=GPIO9 bytes=1509080 frames=6163 bytes_s=18196 frames_s=137 crc/cobs/len=0/0/0 seqgap=0 age_ms=3 type=58 log=0 q=0 rec=550 final=0
RXDIAG max_us=6428 budget_hits=0 byte/frame/time=0/0/0 rx_buf_max=496 loop_period_max_us=730062 loop_exec_max_us=727693 free_heap=142352 min_free_heap=134948 reset_reason=0 bno_kind_1to5_s=0/0/0/0/0 queue=0 high=14 drops=0
RXDETAIL service_calls=56720 service_bytes_avg=26 service_bytes_max=496 service_frames_avg=0 service_frames_avg_x1000=215 service_frames_max=5 service_bytes_s=18196 service_frames_s=137 rxbuf_full_obs=0 bno_valid=2381 bno_invalid=0 unknown=0 uart_overflow=framework_unavailable trial_rx_bytes=699768 trial_frames=6161 trial_bno=2381 trial_crc/cobs/len=0/0/0
RXTASK mode=decode_count read_calls=56721 zero_reads=43878 read_bytes_max=496 rx_task_max_us=6428 rx_task_continuous_max_us=6428 stack_hwm_min_bytes=4472 cobs_delimiters=12237 rx_current=0 rx_max=496 rx_full=0 overflow=framework_unavailable
SDTASK max_process_us=213118
XIAO UART baud=921600 rx=GPIO8 tx=GPIO9 bytes=1526976 frames=6297 bytes_s=17896 frames_s=134 crc/cobs/len=0/0/0 seqgap=0 age_ms=0 type=58 log=0 q=0 rec=550 final=0
RXDIAG max_us=6428 budget_hits=0 byte/frame/time=0/0/0 rx_buf_max=496 loop_period_max_us=730062 loop_exec_max_us=727693 free_heap=142128 min_free_heap=134948 reset_reason=0 bno_kind_1to5_s=0/0/0/0/0 queue=0 high=14 drops=0
RXDETAIL service_calls=57539 service_bytes_avg=26 service_bytes_max=496 service_frames_avg=0 service_frames_avg_x1000=215 service_frames_max=5 service_bytes_s=17896 service_frames_s=134 rxbuf_full_obs=0 bno_valid=2381 bno_invalid=0 unknown=0 uart_overflow=framework_unavailable trial_rx_bytes=717664 trial_frames=6295 trial_bno=2381 trial_crc/cobs/len=0/0/0
RXTASK mode=decode_count read_calls=57540 zero_reads=44536 read_bytes_max=496 rx_task_max_us=6428 rx_task_continuous_max_us=6428 stack_hwm_min_bytes=4472 cobs_delimiters=12371 rx_current=0 rx_max=496 rx_full=0 overflow=framework_unavailable
SDTASK max_process_us=213118
XIAO UART baud=921600 rx=GPIO8 tx=GPIO9 bytes=1545108 frames=6433 bytes_s=18132 frames_s=136 crc/cobs/len=0/0/0 seqgap=0 age_ms=8 type=7 log=0 q=0 rec=550 final=0
RXDIAG max_us=6428 budget_hits=0 byte/frame/time=0/0/0 rx_buf_max=496 loop_period_max_us=730062 loop_exec_max_us=727693 free_heap=142128 min_free_heap=134948 reset_reason=0 bno_kind_1to5_s=0/0/0/0/0 queue=0 high=14 drops=0
RXDETAIL service_calls=58349 service_bytes_avg=26 service_bytes_max=496 service_frames_avg=0 service_frames_avg_x1000=214 service_frames_max=5 service_bytes_s=18132 service_frames_s=136 rxbuf_full_obs=0 bno_valid=2381 bno_invalid=0 unknown=0 uart_overflow=framework_unavailable trial_rx_bytes=735796 trial_frames=6431 trial_bno=2381 trial_crc/cobs/len=0/0/0
RXTASK mode=decode_count read_calls=58351 zero_reads=45180 read_bytes_max=496 rx_task_max_us=6428 rx_task_continuous_max_us=6428 stack_hwm_min_bytes=4472 cobs_delimiters=12507 rx_current=0 rx_max=496 rx_full=0 overflow=framework_unavailable
SDTASK max_process_us=213118
XIAO UART baud=921600 rx=GPIO8 tx=GPIO9 bytes=1563320 frames=6570 bytes_s=18212 frames_s=137 crc/cobs/len=0/0/0 seqgap=0 age_ms=2 type=5 log=0 q=0 rec=550 final=0
RXDIAG max_us=6428 budget_hits=0 byte/frame/time=0/0/0 rx_buf_max=496 loop_period_max_us=730062 loop_exec_max_us=727693 free_heap=142128 min_free_heap=134948 reset_reason=0 bno_kind_1to5_s=0/0/0/0/0 queue=0 high=14 drops=0
RXDETAIL service_calls=59172 service_bytes_avg=26 service_bytes_max=496 service_frames_avg=0 service_frames_avg_x1000=213 service_frames_max=5 service_bytes_s=18252 service_frames_s=138 rxbuf_full_obs=0 bno_valid=2381 bno_invalid=0 unknown=0 uart_overflow=framework_unavailable trial_rx_bytes=754048 trial_frames=6569 trial_bno=2381 trial_crc/cobs/len=0/0/0
RXTASK mode=decode_count read_calls=59173 zero_reads=45850 read_bytes_max=496 rx_task_max_us=6428 rx_task_continuous_max_us=6428 stack_hwm_min_bytes=4472 cobs_delimiters=12646 rx_current=0 rx_max=496 rx_full=0 overflow=framework_unavailable
SDTASK max_process_us=213118
XIAO UART baud=921600 rx=GPIO8 tx=GPIO9 bytes=1581688 frames=6708 bytes_s=18368 frames_s=138 crc/cobs/len=0/0/0 seqgap=0 age_ms=1 type=24 log=0 q=0 rec=550 final=0
RXDIAG max_us=6428 budget_hits=0 byte/frame/time=0/0/0 rx_buf_max=496 loop_period_max_us=730062 loop_exec_max_us=727693 free_heap=142128 min_free_heap=134948 reset_reason=0 bno_kind_1to5_s=0/0/0/0/0 queue=0 high=14 drops=0
RXDETAIL service_calls=59993 service_bytes_avg=26 service_bytes_max=496 service_frames_avg=0 service_frames_avg_x1000=213 service_frames_max=5 service_bytes_s=18480 service_frames_s=139 rxbuf_full_obs=0 bno_valid=2381 bno_invalid=0 unknown=0 uart_overflow=framework_unavailable trial_rx_bytes=772528 trial_frames=6708 trial_bno=2381 trial_crc/cobs/len=0/0/0
RXTASK mode=decode_count read_calls=59994 zero_reads=46506 read_bytes_max=496 rx_task_max_us=6428 rx_task_continuous_max_us=6428 stack_hwm_min_bytes=4472 cobs_delimiters=12787 rx_current=0 rx_max=496 rx_full=0 overflow=framework_unavailable
SDTASK max_process_us=213118
XIAO UART baud=921600 rx=GPIO8 tx=GPIO9 bytes=1599504 frames=6843 bytes_s=17816 frames_s=135 crc/cobs/len=0/0/0 seqgap=0 age_ms=6 type=7 log=0 q=0 rec=550 final=0
RXDIAG max_us=6428 budget_hits=0 byte/frame/time=0/0/0 rx_buf_max=496 loop_period_max_us=730062 loop_exec_max_us=727693 free_heap=142128 min_free_heap=134948 reset_reason=0 bno_kind_1to5_s=0/0/0/0/0 queue=0 high=14 drops=0
RXDETAIL service_calls=60806 service_bytes_avg=26 service_bytes_max=496 service_frames_avg=0 service_frames_avg_x1000=212 service_frames_max=5 service_bytes_s=17664 service_frames_s=133 rxbuf_full_obs=0 bno_valid=2381 bno_invalid=0 unknown=0 uart_overflow=framework_unavailable trial_rx_bytes=790192 trial_frames=6841 trial_bno=2381 trial_crc/cobs/len=0/0/0
RXTASK mode=decode_count read_calls=60807 zero_reads=47167 read_bytes_max=496 rx_task_max_us=6428 rx_task_continuous_max_us=6428 stack_hwm_min_bytes=4472 cobs_delimiters=12917 rx_current=0 rx_max=496 rx_full=0 overflow=framework_unavailable
SDTASK max_process_us=213118
XIAO UART baud=921600 rx=GPIO8 tx=GPIO9 bytes=1617796 frames=6981 bytes_s=18292 frames_s=138 crc/cobs/len=0/0/0 seqgap=0 age_ms=4 type=7 log=0 q=0 rec=550 final=0
RXDIAG max_us=6428 budget_hits=0 byte/frame/time=0/0/0 rx_buf_max=496 loop_period_max_us=730062 loop_exec_max_us=727693 free_heap=142128 min_free_heap=134948 reset_reason=0 bno_kind_1to5_s=0/0/0/0/0 queue=0 high=14 drops=0
RXDETAIL service_calls=61626 service_bytes_avg=26 service_bytes_max=496 service_frames_avg=0 service_frames_avg_x1000=211 service_frames_max=5 service_bytes_s=18292 service_frames_s=138 rxbuf_full_obs=0 bno_valid=2381 bno_invalid=0 unknown=0 uart_overflow=framework_unavailable trial_rx_bytes=808484 trial_frames=6979 trial_bno=2381 trial_crc/cobs/len=0/0/0
RXTASK mode=decode_count read_calls=61627 zero_reads=47826 read_bytes_max=496 rx_task_max_us=6428 rx_task_continuous_max_us=6428 stack_hwm_min_bytes=4472 cobs_delimiters=13055 rx_current=0 rx_max=496 rx_full=0 overflow=framework_unavailable
SDTASK max_process_us=213118
XIAO UART baud=921600 rx=GPIO8 tx=GPIO9 bytes=1636240 frames=7120 bytes_s=18444 frames_s=139 crc/cobs/len=0/0/0 seqgap=0 age_ms=2 type=7 log=0 q=0 rec=550 final=0
RXDIAG max_us=6428 budget_hits=0 byte/frame/time=0/0/0 rx_buf_max=496 loop_period_max_us=730062 loop_exec_max_us=727693 free_heap=142128 min_free_heap=134948 reset_reason=0 bno_kind_1to5_s=0/0/0/0/0 queue=0 high=14 drops=0
RXDETAIL service_calls=62441 service_bytes_avg=26 service_bytes_max=496 service_frames_avg=0 service_frames_avg_x1000=211 service_frames_max=5 service_bytes_s=18536 service_frames_s=140 rxbuf_full_obs=0 bno_valid=2381 bno_invalid=0 unknown=0 uart_overflow=framework_unavailable trial_rx_bytes=827020 trial_frames=7119 trial_bno=2381 trial_crc/cobs/len=0/0/0
RXTASK mode=decode_count read_calls=62442 zero_reads=48473 read_bytes_max=496 rx_task_max_us=6428 rx_task_continuous_max_us=6428 stack_hwm_min_bytes=4472 cobs_delimiters=13195 rx_current=0 rx_max=496 rx_full=0 overflow=framework_unavailable
SDTASK max_process_us=213118
XIAO UART baud=921600 rx=GPIO8 tx=GPIO9 bytes=1654704 frames=7259 bytes_s=18464 frames_s=139 crc/cobs/len=0/0/0 seqgap=0 age_ms=5 type=56 log=0 q=0 rec=550 final=0
RXDIAG max_us=6428 budget_hits=0 byte/frame/time=0/0/0 rx_buf_max=496 loop_period_max_us=730062 loop_exec_max_us=727693 free_heap=142128 min_free_heap=134948 reset_reason=0 bno_kind_1to5_s=0/0/0/0/0 queue=0 high=14 drops=0
RXDETAIL service_calls=63271 service_bytes_avg=26 service_bytes_max=496 service_frames_avg=0 service_frames_avg_x1000=210 service_frames_max=5 service_bytes_s=18372 service_frames_s=138 rxbuf_full_obs=0 bno_valid=2381 bno_invalid=0 unknown=0 uart_overflow=framework_unavailable trial_rx_bytes=845392 trial_frames=7257 trial_bno=2381 trial_crc/cobs/len=0/0/0
RXTASK mode=decode_count read_calls=63272 zero_reads=49136 read_bytes_max=496 rx_task_max_us=6428 rx_task_continuous_max_us=6428 stack_hwm_min_bytes=4472 cobs_delimiters=13333 rx_current=0 rx_max=496 rx_full=0 overflow=framework_unavailable
SDTASK max_process_us=213118
XIAO UART baud=921600 rx=GPIO8 tx=GPIO9 bytes=1672580 frames=7394 bytes_s=17876 frames_s=135 crc/cobs/len=0/0/0 seqgap=0 age_ms=0 type=58 log=0 q=0 rec=550 final=0
RXDIAG max_us=6428 budget_hits=0 byte/frame/time=0/0/0 rx_buf_max=496 loop_period_max_us=730062 loop_exec_max_us=727693 free_heap=142128 min_free_heap=134948 reset_reason=0 bno_kind_1to5_s=0/0/0/0/0 queue=0 high=14 drops=0
RXDETAIL service_calls=64074 service_bytes_avg=26 service_bytes_max=496 service_frames_avg=0 service_frames_avg_x1000=210 service_frames_max=5 service_bytes_s=17996 service_frames_s=135 rxbuf_full_obs=0 bno_valid=2381 bno_invalid=0 unknown=0 uart_overflow=framework_unavailable trial_rx_bytes=863388 trial_frames=7392 trial_bno=2381 trial_crc/cobs/len=0/0/0
RXTASK mode=decode_count read_calls=64075 zero_reads=49766 read_bytes_max=496 rx_task_max_us=6428 rx_task_continuous_max_us=6428 stack_hwm_min_bytes=4472 cobs_delimiters=13470 rx_current=0 rx_max=496 rx_full=0 overflow=framework_unavailable
SDTASK max_process_us=213118
XIAO UART baud=921600 rx=GPIO8 tx=GPIO9 bytes=1691060 frames=7533 bytes_s=18480 frames_s=139 crc/cobs/len=0/0/0 seqgap=0 age_ms=7 type=58 log=0 q=0 rec=550 final=0
RXDIAG max_us=6428 budget_hits=0 byte/frame/time=0/0/0 rx_buf_max=496 loop_period_max_us=730062 loop_exec_max_us=727693 free_heap=142128 min_free_heap=134948 reset_reason=0 bno_kind_1to5_s=0/0/0/0/0 queue=0 high=14 drops=0
RXDETAIL service_calls=64889 service_bytes_avg=26 service_bytes_max=496 service_frames_avg=0 service_frames_avg_x1000=209 service_frames_max=5 service_bytes_s=18360 service_frames_s=139 rxbuf_full_obs=0 bno_valid=2381 bno_invalid=0 unknown=0 uart_overflow=framework_unavailable trial_rx_bytes=881748 trial_frames=7531 trial_bno=2381 trial_crc/cobs/len=0/0/0
RXTASK mode=decode_count read_calls=64890 zero_reads=50422 read_bytes_max=496 rx_task_max_us=6428 rx_task_continuous_max_us=6428 stack_hwm_min_bytes=4472 cobs_delimiters=13607 rx_current=0 rx_max=496 rx_full=0 overflow=framework_unavailable
SDTASK max_process_us=213118
XIAO UART baud=921600 rx=GPIO8 tx=GPIO9 bytes=1708912 frames=7666 bytes_s=17852 frames_s=133 crc/cobs/len=0/0/0 seqgap=0 age_ms=3 type=5 log=0 q=0 rec=550 final=0
RXDIAG max_us=6428 budget_hits=0 byte/frame/time=0/0/0 rx_buf_max=496 loop_period_max_us=730062 loop_exec_max_us=727693 free_heap=142128 min_free_heap=134948 reset_reason=0 bno_kind_1to5_s=0/0/0/0/0 queue=0 high=14 drops=0
RXDETAIL service_calls=65698 service_bytes_avg=26 service_bytes_max=496 service_frames_avg=0 service_frames_avg_x1000=209 service_frames_max=5 service_bytes_s=17852 service_frames_s=133 rxbuf_full_obs=0 bno_valid=2381 bno_invalid=0 unknown=0 uart_overflow=framework_unavailable trial_rx_bytes=899600 trial_frames=7664 trial_bno=2381 trial_crc/cobs/len=0/0/0
RXTASK mode=decode_count read_calls=65700 zero_reads=51082 read_bytes_max=496 rx_task_max_us=6428 rx_task_continuous_max_us=6428 stack_hwm_min_bytes=4472 cobs_delimiters=13741 rx_current=72 rx_max=496 rx_full=0 overflow=framework_unavailable
SDTASK max_process_us=213118
XIAO UART baud=921600 rx=GPIO8 tx=GPIO9 bytes=1727100 frames=7804 bytes_s=18188 frames_s=138 crc/cobs/len=0/0/0 seqgap=0 age_ms=0 type=58 log=0 q=0 rec=550 final=0
RXDIAG max_us=6428 budget_hits=0 byte/frame/time=0/0/0 rx_buf_max=496 loop_period_max_us=730062 loop_exec_max_us=727693 free_heap=142128 min_free_heap=134948 reset_reason=0 bno_kind_1to5_s=0/0/0/0/0 queue=0 high=14 drops=0
RXDETAIL service_calls=66517 service_bytes_avg=25 service_bytes_max=496 service_frames_avg=0 service_frames_avg_x1000=208 service_frames_max=5 service_bytes_s=18412 service_frames_s=139 rxbuf_full_obs=0 bno_valid=2381 bno_invalid=0 unknown=0 uart_overflow=framework_unavailable trial_rx_bytes=918012 trial_frames=7803 trial_bno=2381 trial_crc/cobs/len=0/0/0
RXTASK mode=decode_count read_calls=66519 zero_reads=51735 read_bytes_max=496 rx_task_max_us=6428 rx_task_continuous_max_us=6428 stack_hwm_min_bytes=4472 cobs_delimiters=13880 rx_current=0 rx_max=496 rx_full=0 overflow=framework_unavailable
SDTASK max_process_us=213118
XIAO UART baud=921600 rx=GPIO8 tx=GPIO9 bytes=1745316 frames=7941 bytes_s=18216 frames_s=137 crc/cobs/len=0/0/0 seqgap=0 age_ms=6 type=58 log=0 q=0 rec=550 final=0
RXDIAG max_us=6428 budget_hits=0 byte/frame/time=0/0/0 rx_buf_max=496 loop_period_max_us=730062 loop_exec_max_us=727693 free_heap=142128 min_free_heap=134948 reset_reason=0 bno_kind_1to5_s=0/0/0/0/0 queue=0 high=14 drops=0
RXDETAIL service_calls=67342 service_bytes_avg=25 service_bytes_max=496 service_frames_avg=0 service_frames_avg_x1000=208 service_frames_max=5 service_bytes_s=17992 service_frames_s=136 rxbuf_full_obs=0 bno_valid=2381 bno_invalid=0 unknown=0 uart_overflow=framework_unavailable trial_rx_bytes=936004 trial_frames=7939 trial_bno=2381 trial_crc/cobs/len=0/0/0
RXTASK mode=decode_count read_calls=67343 zero_reads=52396 read_bytes_max=496 rx_task_max_us=6428 rx_task_continuous_max_us=6428 stack_hwm_min_bytes=4472 cobs_delimiters=14015 rx_current=0 rx_max=496 rx_full=0 overflow=framework_unavailable
SDTASK max_process_us=213118
XIAO UART baud=921600 rx=GPIO8 tx=GPIO9 bytes=1763344 frames=8076 bytes_s=18028 frames_s=135 crc/cobs/len=0/0/0 seqgap=0 age_ms=0 type=58 log=0 q=0 rec=550 final=0
RXDIAG max_us=6428 budget_hits=0 byte/frame/time=0/0/0 rx_buf_max=496 loop_period_max_us=730062 loop_exec_max_us=727693 free_heap=142128 min_free_heap=134948 reset_reason=0 bno_kind_1to5_s=0/0/0/0/0 queue=0 high=14 drops=0
RXDETAIL service_calls=68157 service_bytes_avg=25 service_bytes_max=496 service_frames_avg=0 service_frames_avg_x1000=207 service_frames_max=5 service_bytes_s=18148 service_frames_s=135 rxbuf_full_obs=0 bno_valid=2381 bno_invalid=0 unknown=0 uart_overflow=framework_unavailable trial_rx_bytes=954152 trial_frames=8074 trial_bno=2381 trial_crc/cobs/len=0/0/0
RXTASK mode=decode_count read_calls=68158 zero_reads=53045 read_bytes_max=496 rx_task_max_us=6428 rx_task_continuous_max_us=6428 stack_hwm_min_bytes=4472 cobs_delimiters=14152 rx_current=120 rx_max=496 rx_full=0 overflow=framework_unavailable
SDTASK max_process_us=213118
XIAO UART baud=921600 rx=GPIO8 tx=GPIO9 bytes=1781440 frames=8212 bytes_s=18096 frames_s=136 crc/cobs/len=0/0/0 seqgap=0 age_ms=13 type=22 log=0 q=0 rec=550 final=0
RXDIAG max_us=6428 budget_hits=0 byte/frame/time=0/0/0 rx_buf_max=496 loop_period_max_us=730062 loop_exec_max_us=727693 free_heap=142128 min_free_heap=134948 reset_reason=0 bno_kind_1to5_s=0/0/0/0/0 queue=0 high=14 drops=0
RXDETAIL service_calls=68962 service_bytes_avg=25 service_bytes_max=496 service_frames_avg=0 service_frames_avg_x1000=207 service_frames_max=5 service_bytes_s=18048 service_frames_s=137 rxbuf_full_obs=0 bno_valid=2381 bno_invalid=0 unknown=0 uart_overflow=framework_unavailable trial_rx_bytes=972200 trial_frames=8211 trial_bno=2381 trial_crc/cobs/len=0/0/0
RXTASK mode=decode_count read_calls=68963 zero_reads=53694 read_bytes_max=496 rx_task_max_us=6428 rx_task_continuous_max_us=6428 stack_hwm_min_bytes=4472 cobs_delimiters=14287 rx_current=0 rx_max=496 rx_full=0 overflow=framework_unavailable
SDTASK max_process_us=213118
XIAO UART baud=921600 rx=GPIO8 tx=GPIO9 bytes=1799764 frames=8349 bytes_s=18324 frames_s=137 crc/cobs/len=0/0/0 seqgap=0 age_ms=6 type=7 log=0 q=0 rec=550 final=0
RXDIAG max_us=6428 budget_hits=0 byte/frame/time=0/0/0 rx_buf_max=496 loop_period_max_us=730062 loop_exec_max_us=727693 free_heap=141904 min_free_heap=134948 reset_reason=0 bno_kind_1to5_s=0/0/0/0/0 queue=0 high=14 drops=0
RXDETAIL service_calls=69773 service_bytes_avg=25 service_bytes_max=496 service_frames_avg=0 service_frames_avg_x1000=206 service_frames_max=5 service_bytes_s=18408 service_frames_s=138 rxbuf_full_obs=0 bno_valid=2381 bno_invalid=0 unknown=0 uart_overflow=framework_unavailable trial_rx_bytes=990608 trial_frames=8349 trial_bno=2381 trial_crc/cobs/len=0/0/0
RXTASK mode=decode_count read_calls=69774 zero_reads=54348 read_bytes_max=496 rx_task_max_us=6428 rx_task_continuous_max_us=6428 stack_hwm_min_bytes=4472 cobs_delimiters=14425 rx_current=0 rx_max=496 rx_full=0 overflow=framework_unavailable
SDTASK max_process_us=213118
XIAO UART baud=921600 rx=GPIO8 tx=GPIO9 bytes=1818188 frames=8489 bytes_s=18424 frames_s=140 crc/cobs/len=0/0/0 seqgap=0 age_ms=3 type=7 log=0 q=0 rec=550 final=0
RXDIAG max_us=6428 budget_hits=0 byte/frame/time=0/0/0 rx_buf_max=496 loop_period_max_us=730062 loop_exec_max_us=727693 free_heap=141904 min_free_heap=134948 reset_reason=0 bno_kind_1to5_s=0/0/0/0/0 queue=0 high=14 drops=0
RXDETAIL service_calls=70592 service_bytes_avg=25 service_bytes_max=496 service_frames_avg=0 service_frames_avg_x1000=206 service_frames_max=5 service_bytes_s=18268 service_frames_s=138 rxbuf_full_obs=0 bno_valid=2381 bno_invalid=0 unknown=0 uart_overflow=framework_unavailable trial_rx_bytes=1008876 trial_frames=8487 trial_bno=2381 trial_crc/cobs/len=0/0/0
RXTASK mode=decode_count read_calls=70595 zero_reads=55008 read_bytes_max=496 rx_task_max_us=6428 rx_task_continuous_max_us=6428 stack_hwm_min_bytes=4472 cobs_delimiters=14563 rx_current=0 rx_max=496 rx_full=0 overflow=framework_unavailable
SDTASK max_process_us=213118
XIAO UART baud=921600 rx=GPIO8 tx=GPIO9 bytes=1835924 frames=8623 bytes_s=17736 frames_s=134 crc/cobs/len=0/0/0 seqgap=0 age_ms=0 type=58 log=0 q=0 rec=550 final=0
RXDIAG max_us=6428 budget_hits=0 byte/frame/time=0/0/0 rx_buf_max=496 loop_period_max_us=730062 loop_exec_max_us=727693 free_heap=141904 min_free_heap=134948 reset_reason=0 bno_kind_1to5_s=0/0/0/0/0 queue=0 high=14 drops=0
RXDETAIL service_calls=71403 service_bytes_avg=25 service_bytes_max=496 service_frames_avg=0 service_frames_avg_x1000=205 service_frames_max=5 service_bytes_s=17736 service_frames_s=134 rxbuf_full_obs=0 bno_valid=2381 bno_invalid=0 unknown=0 uart_overflow=framework_unavailable trial_rx_bytes=1026612 trial_frames=8621 trial_bno=2381 trial_crc/cobs/len=0/0/0
RXTASK mode=decode_count read_calls=71404 zero_reads=55665 read_bytes_max=496 rx_task_max_us=6428 rx_task_continuous_max_us=6428 stack_hwm_min_bytes=4472 cobs_delimiters=14697 rx_current=120 rx_max=496 rx_full=0 overflow=framework_unavailable
SDTASK max_process_us=213118
XIAO UART baud=921600 rx=GPIO8 tx=GPIO9 bytes=1854500 frames=8763 bytes_s=18576 frames_s=140 crc/cobs/len=0/0/0 seqgap=0 age_ms=1 type=24 log=0 q=0 rec=550 final=0
RXDIAG max_us=6428 budget_hits=0 byte/frame/time=0/0/0 rx_buf_max=496 loop_period_max_us=730062 loop_exec_max_us=727693 free_heap=141904 min_free_heap=134948 reset_reason=0 bno_kind_1to5_s=0/0/0/0/0 queue=0 high=14 drops=0
RXDETAIL service_calls=72214 service_bytes_avg=25 service_bytes_max=496 service_frames_avg=0 service_frames_avg_x1000=205 service_frames_max=5 service_bytes_s=18576 service_frames_s=140 rxbuf_full_obs=0 bno_valid=2381 bno_invalid=0 unknown=0 uart_overflow=framework_unavailable trial_rx_bytes=1045188 trial_frames=8761 trial_bno=2381 trial_crc/cobs/len=0/0/0
RXTASK mode=decode_count read_calls=72215 zero_reads=56324 read_bytes_max=496 rx_task_max_us=6428 rx_task_continuous_max_us=6428 stack_hwm_min_bytes=4472 cobs_delimiters=14837 rx_current=0 rx_max=496 rx_full=0 overflow=framework_unavailable
SDTASK max_process_us=213118
XIAO UART baud=921600 rx=GPIO8 tx=GPIO9 bytes=1872872 frames=8902 bytes_s=18372 frames_s=139 crc/cobs/len=0/0/0 seqgap=0 age_ms=4 type=7 log=0 q=0 rec=550 final=0
RXDIAG max_us=6428 budget_hits=0 byte/frame/time=0/0/0 rx_buf_max=496 loop_period_max_us=730062 loop_exec_max_us=727693 free_heap=141904 min_free_heap=134948 reset_reason=0 bno_kind_1to5_s=0/0/0/0/0 queue=0 high=14 drops=0
RXDETAIL service_calls=73022 service_bytes_avg=25 service_bytes_max=496 service_frames_avg=0 service_frames_avg_x1000=205 service_frames_max=5 service_bytes_s=18372 service_frames_s=139 rxbuf_full_obs=0 bno_valid=2381 bno_invalid=0 unknown=0 uart_overflow=framework_unavailable trial_rx_bytes=1063560 trial_frames=8900 trial_bno=2381 trial_crc/cobs/len=0/0/0
RXTASK mode=decode_count read_calls=73024 zero_reads=56965 read_bytes_max=496 rx_task_max_us=6428 rx_task_continuous_max_us=6428 stack_hwm_min_bytes=4472 cobs_delimiters=14976 rx_current=96 rx_max=496 rx_full=0 overflow=framework_unavailable
SDTASK max_process_us=213118
XIAO UART baud=921600 rx=GPIO8 tx=GPIO9 bytes=1890604 frames=9035 bytes_s=17732 frames_s=133 crc/cobs/len=0/0/0 seqgap=0 age_ms=7 type=58 log=0 q=0 rec=550 final=0
RXDIAG max_us=6428 budget_hits=0 byte/frame/time=0/0/0 rx_buf_max=496 loop_period_max_us=730062 loop_exec_max_us=727693 free_heap=141904 min_free_heap=134948 reset_reason=0 bno_kind_1to5_s=0/0/0/0/0 queue=0 high=14 drops=0
RXDETAIL service_calls=73831 service_bytes_avg=25 service_bytes_max=496 service_frames_avg=0 service_frames_avg_x1000=204 service_frames_max=5 service_bytes_s=17852 service_frames_s=133 rxbuf_full_obs=0 bno_valid=2381 bno_invalid=0 unknown=0 uart_overflow=framework_unavailable trial_rx_bytes=1081412 trial_frames=9033 trial_bno=2381 trial_crc/cobs/len=0/0/0
RXTASK mode=decode_count read_calls=73832 zero_reads=57616 read_bytes_max=496 rx_task_max_us=6428 rx_task_continuous_max_us=6428 stack_hwm_min_bytes=4472 cobs_delimiters=15110 rx_current=0 rx_max=496 rx_full=0 overflow=framework_unavailable
SDTASK max_process_us=213118
XIAO UART baud=921600 rx=GPIO8 tx=GPIO9 bytes=1909380 frames=9178 bytes_s=18776 frames_s=143 crc/cobs/len=0/0/0 seqgap=0 age_ms=5 type=32 log=0 q=0 rec=550 final=0
RXDIAG max_us=6428 budget_hits=0 byte/frame/time=0/0/0 rx_buf_max=496 loop_period_max_us=730062 loop_exec_max_us=727693 free_heap=141904 min_free_heap=134948 reset_reason=0 bno_kind_1to5_s=0/0/0/0/0 queue=0 high=14 drops=0
RXDETAIL service_calls=74636 service_bytes_avg=25 service_bytes_max=496 service_frames_avg=0 service_frames_avg_x1000=204 service_frames_max=5 service_bytes_s=18656 service_frames_s=143 rxbuf_full_obs=0 bno_valid=2381 bno_invalid=0 unknown=0 uart_overflow=framework_unavailable trial_rx_bytes=1100068 trial_frames=9176 trial_bno=2381 trial_crc/cobs/len=0/0/0
RXTASK mode=decode_count read_calls=74637 zero_reads=58263 read_bytes_max=496 rx_task_max_us=6428 rx_task_continuous_max_us=6428 stack_hwm_min_bytes=4472 cobs_delimiters=15252 rx_current=0 rx_max=496 rx_full=0 overflow=framework_unavailable
SDTASK max_process_us=213118
XIAO UART baud=921600 rx=GPIO8 tx=GPIO9 bytes=1927680 frames=9316 bytes_s=18300 frames_s=138 crc/cobs/len=0/0/0 seqgap=0 age_ms=3 type=7 log=0 q=0 rec=550 final=0
RXDIAG max_us=6428 budget_hits=0 byte/frame/time=0/0/0 rx_buf_max=496 loop_period_max_us=730062 loop_exec_max_us=727693 free_heap=141904 min_free_heap=134948 reset_reason=0 bno_kind_1to5_s=0/0/0/0/0 queue=0 high=14 drops=0
RXDETAIL service_calls=75438 service_bytes_avg=25 service_bytes_max=496 service_frames_avg=0 service_frames_avg_x1000=204 service_frames_max=5 service_bytes_s=18300 service_frames_s=138 rxbuf_full_obs=0 bno_valid=2381 bno_invalid=0 unknown=0 uart_overflow=framework_unavailable trial_rx_bytes=1118368 trial_frames=9314 trial_bno=2381 trial_crc/cobs/len=0/0/0
RXTASK mode=decode_count read_calls=75440 zero_reads=58907 read_bytes_max=496 rx_task_max_us=6428 rx_task_continuous_max_us=6428 stack_hwm_min_bytes=4472 cobs_delimiters=15390 rx_current=0 rx_max=496 rx_full=0 overflow=framework_unavailable
SDTASK max_process_us=213118
XIAO UART baud=921600 rx=GPIO8 tx=GPIO9 bytes=1945412 frames=9449 bytes_s=17732 frames_s=133 crc/cobs/len=0/0/0 seqgap=0 age_ms=20 type=7 log=0 q=0 rec=550 final=0
RXDIAG max_us=6428 budget_hits=0 byte/frame/time=0/0/0 rx_buf_max=496 loop_period_max_us=730062 loop_exec_max_us=727693 free_heap=141904 min_free_heap=134948 reset_reason=0 bno_kind_1to5_s=0/0/0/0/0 queue=0 high=14 drops=0
RXDETAIL service_calls=76250 service_bytes_avg=25 service_bytes_max=496 service_frames_avg=0 service_frames_avg_x1000=203 service_frames_max=5 service_bytes_s=17852 service_frames_s=133 rxbuf_full_obs=0 bno_valid=2381 bno_invalid=0 unknown=0 uart_overflow=framework_unavailable trial_rx_bytes=1136220 trial_frames=9447 trial_bno=2381 trial_crc/cobs/len=0/0/0
RXTASK mode=decode_count read_calls=76251 zero_reads=59571 read_bytes_max=496 rx_task_max_us=6428 rx_task_continuous_max_us=6428 stack_hwm_min_bytes=4472 cobs_delimiters=15524 rx_current=0 rx_max=496 rx_full=0 overflow=framework_unavailable
SDTASK max_process_us=213118
XIAO UART baud=921600 rx=GPIO8 tx=GPIO9 bytes=1963972 frames=9589 bytes_s=18560 frames_s=140 crc/cobs/len=0/0/0 seqgap=0 age_ms=8 type=7 log=0 q=0 rec=550 final=0
RXDIAG max_us=6428 budget_hits=0 byte/frame/time=0/0/0 rx_buf_max=496 loop_period_max_us=730062 loop_exec_max_us=727693 free_heap=141904 min_free_heap=134948 reset_reason=0 bno_kind_1to5_s=0/0/0/0/0 queue=0 high=14 drops=0
RXDETAIL service_calls=77068 service_bytes_avg=25 service_bytes_max=496 service_frames_avg=0 service_frames_avg_x1000=203 service_frames_max=5 service_bytes_s=18440 service_frames_s=140 rxbuf_full_obs=0 bno_valid=2381 bno_invalid=0 unknown=0 uart_overflow=framework_unavailable trial_rx_bytes=1154660 trial_frames=9587 trial_bno=2381 trial_crc/cobs/len=0/0/0
RXTASK mode=decode_count read_calls=77069 zero_reads=60242 read_bytes_max=496 rx_task_max_us=6428 rx_task_continuous_max_us=6428 stack_hwm_min_bytes=4472 cobs_delimiters=15663 rx_current=0 rx_max=496 rx_full=0 overflow=framework_unavailable
SDTASK max_process_us=213118
XIAO UART baud=921600 rx=GPIO8 tx=GPIO9 bytes=1982000 frames=9724 bytes_s=18028 frames_s=135 crc/cobs/len=0/0/0 seqgap=0 age_ms=3 type=7 log=0 q=0 rec=550 final=0
RXDIAG max_us=6428 budget_hits=0 byte/frame/time=0/0/0 rx_buf_max=496 loop_period_max_us=730062 loop_exec_max_us=727693 free_heap=141904 min_free_heap=134948 reset_reason=0 bno_kind_1to5_s=0/0/0/0/0 queue=0 high=14 drops=0
RXDETAIL service_calls=77876 service_bytes_avg=25 service_bytes_max=496 service_frames_avg=0 service_frames_avg_x1000=202 service_frames_max=5 service_bytes_s=18028 service_frames_s=135 rxbuf_full_obs=0 bno_valid=2381 bno_invalid=0 unknown=0 uart_overflow=framework_unavailable trial_rx_bytes=1172688 trial_frames=9722 trial_bno=2381 trial_crc/cobs/len=0/0/0
RXTASK mode=decode_count read_calls=77877 zero_reads=60902 read_bytes_max=496 rx_task_max_us=6428 rx_task_continuous_max_us=6428 stack_hwm_min_bytes=4472 cobs_delimiters=15798 rx_current=0 rx_max=496 rx_full=0 overflow=framework_unavailable
SDTASK max_process_us=213118
XIAO UART baud=921600 rx=GPIO8 tx=GPIO9 bytes=1999980 frames=9859 bytes_s=17980 frames_s=135 crc/cobs/len=0/0/0 seqgap=0 age_ms=6 type=22 log=0 q=0 rec=550 final=0
RXDIAG max_us=6428 budget_hits=0 byte/frame/time=0/0/0 rx_buf_max=496 loop_period_max_us=730062 loop_exec_max_us=727693 free_heap=141904 min_free_heap=134948 reset_reason=0 bno_kind_1to5_s=0/0/0/0/0 queue=0 high=14 drops=0
RXDETAIL service_calls=78684 service_bytes_avg=25 service_bytes_max=496 service_frames_avg=0 service_frames_avg_x1000=202 service_frames_max=5 service_bytes_s=18072 service_frames_s=136 rxbuf_full_obs=0 bno_valid=2381 bno_invalid=0 unknown=0 uart_overflow=framework_unavailable trial_rx_bytes=1190760 trial_frames=9858 trial_bno=2381 trial_crc/cobs/len=0/0/0
RXTASK mode=decode_count read_calls=78685 zero_reads=61559 read_bytes_max=496 rx_task_max_us=6428 rx_task_continuous_max_us=6428 stack_hwm_min_bytes=4472 cobs_delimiters=15934 rx_current=0 rx_max=496 rx_full=0 overflow=framework_unavailable
SDTASK max_process_us=213118
XIAO UART baud=921600 rx=GPIO8 tx=GPIO9 bytes=2018016 frames=9995 bytes_s=18036 frames_s=136 crc/cobs/len=0/0/0 seqgap=0 age_ms=5 type=5 log=0 q=0 rec=550 final=0
RXDIAG max_us=6428 budget_hits=0 byte/frame/time=0/0/0 rx_buf_max=496 loop_period_max_us=730062 loop_exec_max_us=727693 free_heap=141904 min_free_heap=134948 reset_reason=0 bno_kind_1to5_s=0/0/0/0/0 queue=0 high=14 drops=0
RXDETAIL service_calls=79488 service_bytes_avg=25 service_bytes_max=496 service_frames_avg=0 service_frames_avg_x1000=202 service_frames_max=5 service_bytes_s=18032 service_frames_s=136 rxbuf_full_obs=0 bno_valid=2381 bno_invalid=0 unknown=0 uart_overflow=framework_unavailable trial_rx_bytes=1208792 trial_frames=9994 trial_bno=2381 trial_crc/cobs/len=0/0/0
RXTASK mode=decode_count read_calls=79489 zero_reads=62207 read_bytes_max=496 rx_task_max_us=6428 rx_task_continuous_max_us=6428 stack_hwm_min_bytes=4472 cobs_delimiters=16070 rx_current=0 rx_max=496 rx_full=0 overflow=framework_unavailable
SDTASK max_process_us=213118
XIAO UART baud=921600 rx=GPIO8 tx=GPIO9 bytes=2035980 frames=10131 bytes_s=17964 frames_s=136 crc/cobs/len=0/0/0 seqgap=0 age_ms=11 type=24 log=0 q=0 rec=550 final=0
RXDIAG max_us=6428 budget_hits=0 byte/frame/time=0/0/0 rx_buf_max=496 loop_period_max_us=730062 loop_exec_max_us=727693 free_heap=141904 min_free_heap=134948 reset_reason=0 bno_kind_1to5_s=0/0/0/0/0 queue=0 high=14 drops=0
RXDETAIL service_calls=80301 service_bytes_avg=25 service_bytes_max=496 service_frames_avg=0 service_frames_avg_x1000=201 service_frames_max=5 service_bytes_s=17996 service_frames_s=135 rxbuf_full_obs=0 bno_valid=2381 bno_invalid=0 unknown=0 uart_overflow=framework_unavailable trial_rx_bytes=1226788 trial_frames=10129 trial_bno=2381 trial_crc/cobs/len=0/0/0
RXTASK mode=decode_count read_calls=80302 zero_reads=62865 read_bytes_max=496 rx_task_max_us=6428 rx_task_continuous_max_us=6428 stack_hwm_min_bytes=4472 cobs_delimiters=16206 rx_current=0 rx_max=496 rx_full=0 overflow=framework_unavailable
SDTASK max_process_us=213118
XIAO UART baud=921600 rx=GPIO8 tx=GPIO9 bytes=2054264 frames=10268 bytes_s=18284 frames_s=137 crc/cobs/len=0/0/0 seqgap=0 age_ms=8 type=56 log=0 q=0 rec=550 final=0
RXDIAG max_us=6428 budget_hits=0 byte/frame/time=0/0/0 rx_buf_max=496 loop_period_max_us=730062 loop_exec_max_us=727693 free_heap=141904 min_free_heap=134948 reset_reason=0 bno_kind_1to5_s=0/0/0/0/0 queue=0 high=14 drops=0
RXDETAIL service_calls=81115 service_bytes_avg=25 service_bytes_max=496 service_frames_avg=0 service_frames_avg_x1000=201 service_frames_max=5 service_bytes_s=18164 service_frames_s=137 rxbuf_full_obs=0 bno_valid=2381 bno_invalid=0 unknown=0 uart_overflow=framework_unavailable trial_rx_bytes=1244952 trial_frames=10266 trial_bno=2381 trial_crc/cobs/len=0/0/0
RXTASK mode=decode_count read_calls=81116 zero_reads=63518 read_bytes_max=496 rx_task_max_us=6428 rx_task_continuous_max_us=6428 stack_hwm_min_bytes=4472 cobs_delimiters=16342 rx_current=0 rx_max=496 rx_full=0 overflow=framework_unavailable
SDTASK max_process_us=213118
XIAO UART baud=921600 rx=GPIO8 tx=GPIO9 bytes=2072284 frames=10403 bytes_s=18020 frames_s=135 crc/cobs/len=0/0/0 seqgap=0 age_ms=5 type=5 log=0 q=0 rec=550 final=0
RXDIAG max_us=6428 budget_hits=0 byte/frame/time=0/0/0 rx_buf_max=496 loop_period_max_us=730062 loop_exec_max_us=727693 free_heap=141680 min_free_heap=134948 reset_reason=0 bno_kind_1to5_s=0/0/0/0/0 queue=0 high=14 drops=0
RXDETAIL service_calls=81924 service_bytes_avg=25 service_bytes_max=496 service_frames_avg=0 service_frames_avg_x1000=201 service_frames_max=5 service_bytes_s=18108 service_frames_s=136 rxbuf_full_obs=0 bno_valid=2381 bno_invalid=0 unknown=0 uart_overflow=framework_unavailable trial_rx_bytes=1263060 trial_frames=10402 trial_bno=2381 trial_crc/cobs/len=0/0/0
RXTASK mode=decode_count read_calls=81925 zero_reads=64174 read_bytes_max=496 rx_task_max_us=6428 rx_task_continuous_max_us=6428 stack_hwm_min_bytes=4472 cobs_delimiters=16478 rx_current=0 rx_max=496 rx_full=0 overflow=framework_unavailable
SDTASK max_process_us=213118
XIAO UART baud=921600 rx=GPIO8 tx=GPIO9 bytes=2090080 frames=10537 bytes_s=17796 frames_s=134 crc/cobs/len=0/0/0 seqgap=0 age_ms=10 type=24 log=0 q=0 rec=550 final=0
RXDIAG max_us=6428 budget_hits=0 byte/frame/time=0/0/0 rx_buf_max=496 loop_period_max_us=730062 loop_exec_max_us=727693 free_heap=141680 min_free_heap=134948 reset_reason=0 bno_kind_1to5_s=0/0/0/0/0 queue=0 high=14 drops=0
RXDETAIL service_calls=82734 service_bytes_avg=25 service_bytes_max=496 service_frames_avg=0 service_frames_avg_x1000=200 service_frames_max=5 service_bytes_s=17708 service_frames_s=133 rxbuf_full_obs=0 bno_valid=2381 bno_invalid=0 unknown=0 uart_overflow=framework_unavailable trial_rx_bytes=1280768 trial_frames=10535 trial_bno=2381 trial_crc/cobs/len=0/0/0
RXTASK mode=decode_count read_calls=82736 zero_reads=64834 read_bytes_max=496 rx_task_max_us=6428 rx_task_continuous_max_us=6428 stack_hwm_min_bytes=4472 cobs_delimiters=16611 rx_current=0 rx_max=496 rx_full=0 overflow=framework_unavailable
SDTASK max_process_us=213118
XIAO UART baud=921600 rx=GPIO8 tx=GPIO9 bytes=2108100 frames=10672 bytes_s=18020 frames_s=135 crc/cobs/len=0/0/0 seqgap=0 age_ms=0 type=7 log=0 q=0 rec=550 final=0
RXDIAG max_us=6428 budget_hits=0 byte/frame/time=0/0/0 rx_buf_max=496 loop_period_max_us=730062 loop_exec_max_us=727693 free_heap=141680 min_free_heap=134948 reset_reason=0 bno_kind_1to5_s=0/0/0/0/0 queue=0 high=14 drops=0
RXDETAIL service_calls=83547 service_bytes_avg=25 service_bytes_max=496 service_frames_avg=0 service_frames_avg_x1000=200 service_frames_max=5 service_bytes_s=18020 service_frames_s=135 rxbuf_full_obs=0 bno_valid=2381 bno_invalid=0 unknown=0 uart_overflow=framework_unavailable trial_rx_bytes=1298788 trial_frames=10670 trial_bno=2381 trial_crc/cobs/len=0/0/0
RXTASK mode=decode_count read_calls=83548 zero_reads=65486 read_bytes_max=496 rx_task_max_us=6428 rx_task_continuous_max_us=6428 stack_hwm_min_bytes=4472 cobs_delimiters=16746 rx_current=0 rx_max=496 rx_full=0 overflow=framework_unavailable
SDTASK max_process_us=213118
XIAO UART baud=921600 rx=GPIO8 tx=GPIO9 bytes=2126296 frames=10808 bytes_s=18196 frames_s=136 crc/cobs/len=0/0/0 seqgap=0 age_ms=13 type=56 log=0 q=0 rec=550 final=0
RXDIAG max_us=6428 budget_hits=0 byte/frame/time=0/0/0 rx_buf_max=496 loop_period_max_us=730062 loop_exec_max_us=727693 free_heap=141680 min_free_heap=134948 reset_reason=0 bno_kind_1to5_s=0/0/0/0/0 queue=0 high=14 drops=0
RXDETAIL service_calls=84353 service_bytes_avg=25 service_bytes_max=496 service_frames_avg=0 service_frames_avg_x1000=200 service_frames_max=5 service_bytes_s=18300 service_frames_s=137 rxbuf_full_obs=0 bno_valid=2381 bno_invalid=0 unknown=0 uart_overflow=framework_unavailable trial_rx_bytes=1317088 trial_frames=10807 trial_bno=2381 trial_crc/cobs/len=0/0/0
RXTASK mode=decode_count read_calls=84354 zero_reads=66134 read_bytes_max=496 rx_task_max_us=6428 rx_task_continuous_max_us=6428 stack_hwm_min_bytes=4472 cobs_delimiters=16883 rx_current=0 rx_max=496 rx_full=0 overflow=framework_unavailable
SDTASK max_process_us=213118
XIAO UART baud=921600 rx=GPIO8 tx=GPIO9 bytes=2144424 frames=10946 bytes_s=18128 frames_s=138 crc/cobs/len=0/0/0 seqgap=0 age_ms=3 type=32 log=0 q=0 rec=550 final=0
RXDIAG max_us=6428 budget_hits=0 byte/frame/time=0/0/0 rx_buf_max=496 loop_period_max_us=730062 loop_exec_max_us=727693 free_heap=141680 min_free_heap=134948 reset_reason=0 bno_kind_1to5_s=0/0/0/0/0 queue=0 high=14 drops=0
RXDETAIL service_calls=85164 service_bytes_avg=25 service_bytes_max=496 service_frames_avg=0 service_frames_avg_x1000=199 service_frames_max=5 service_bytes_s=18024 service_frames_s=137 rxbuf_full_obs=0 bno_valid=2381 bno_invalid=0 unknown=0 uart_overflow=framework_unavailable trial_rx_bytes=1335112 trial_frames=10944 trial_bno=2381 trial_crc/cobs/len=0/0/0
RXTASK mode=decode_count read_calls=85165 zero_reads=66791 read_bytes_max=496 rx_task_max_us=6428 rx_task_continuous_max_us=6428 stack_hwm_min_bytes=4472 cobs_delimiters=17020 rx_current=0 rx_max=496 rx_full=0 overflow=framework_unavailable
SDTASK max_process_us=213118
XIAO UART baud=921600 rx=GPIO8 tx=GPIO9 bytes=2162540 frames=11082 bytes_s=18116 frames_s=136 crc/cobs/len=0/0/0 seqgap=0 age_ms=2 type=7 log=0 q=0 rec=550 final=0
RXDIAG max_us=6428 budget_hits=0 byte/frame/time=0/0/0 rx_buf_max=496 loop_period_max_us=730062 loop_exec_max_us=727693 free_heap=141680 min_free_heap=134948 reset_reason=0 bno_kind_1to5_s=0/0/0/0/0 queue=0 high=14 drops=0
RXDETAIL service_calls=85977 service_bytes_avg=25 service_bytes_max=496 service_frames_avg=0 service_frames_avg_x1000=199 service_frames_max=5 service_bytes_s=18116 service_frames_s=136 rxbuf_full_obs=0 bno_valid=2381 bno_invalid=0 unknown=0 uart_overflow=framework_unavailable trial_rx_bytes=1353228 trial_frames=11080 trial_bno=2381 trial_crc/cobs/len=0/0/0
RXTASK mode=decode_count read_calls=85978 zero_reads=67433 read_bytes_max=496 rx_task_max_us=6428 rx_task_continuous_max_us=6428 stack_hwm_min_bytes=4472 cobs_delimiters=17156 rx_current=0 rx_max=496 rx_full=0 overflow=framework_unavailable
SDTASK max_process_us=213118
XIAO UART baud=921600 rx=GPIO8 tx=GPIO9 bytes=2180808 frames=11219 bytes_s=18268 frames_s=137 crc/cobs/len=0/0/0 seqgap=0 age_ms=14 type=56 log=0 q=0 rec=550 final=0
RXDIAG max_us=6428 budget_hits=0 byte/frame/time=0/0/0 rx_buf_max=496 loop_period_max_us=730062 loop_exec_max_us=727693 free_heap=141680 min_free_heap=134948 reset_reason=0 bno_kind_1to5_s=0/0/0/0/0 queue=0 high=14 drops=0
RXDETAIL service_calls=86795 service_bytes_avg=25 service_bytes_max=496 service_frames_avg=0 service_frames_avg_x1000=199 service_frames_max=5 service_bytes_s=18372 service_frames_s=138 rxbuf_full_obs=0 bno_valid=2381 bno_invalid=0 unknown=0 uart_overflow=framework_unavailable trial_rx_bytes=1371600 trial_frames=11218 trial_bno=2381 trial_crc/cobs/len=0/0/0
RXTASK mode=decode_count read_calls=86796 zero_reads=68076 read_bytes_max=496 rx_task_max_us=6428 rx_task_continuous_max_us=6428 stack_hwm_min_bytes=4472 cobs_delimiters=17294 rx_current=0 rx_max=496 rx_full=0 overflow=framework_unavailable
SDTASK max_process_us=213118
XIAO UART baud=921600 rx=GPIO8 tx=GPIO9 bytes=2199240 frames=11360 bytes_s=18432 frames_s=141 crc/cobs/len=0/0/0 seqgap=0 age_ms=12 type=24 log=0 q=0 rec=550 final=0
RXDIAG max_us=6428 budget_hits=0 byte/frame/time=0/0/0 rx_buf_max=496 loop_period_max_us=730062 loop_exec_max_us=727693 free_heap=141680 min_free_heap=134948 reset_reason=0 bno_kind_1to5_s=0/0/0/0/0 queue=0 high=14 drops=0
RXDETAIL service_calls=87613 service_bytes_avg=25 service_bytes_max=496 service_frames_avg=0 service_frames_avg_x1000=198 service_frames_max=5 service_bytes_s=18328 service_frames_s=140 rxbuf_full_obs=0 bno_valid=2381 bno_invalid=0 unknown=0 uart_overflow=framework_unavailable trial_rx_bytes=1389928 trial_frames=11358 trial_bno=2381 trial_crc/cobs/len=0/0/0
RXTASK mode=decode_count read_calls=87614 zero_reads=68719 read_bytes_max=496 rx_task_max_us=6428 rx_task_continuous_max_us=6428 stack_hwm_min_bytes=4472 cobs_delimiters=17434 rx_current=0 rx_max=496 rx_full=0 overflow=framework_unavailable
SDTASK max_process_us=213118
XIAO UART baud=921600 rx=GPIO8 tx=GPIO9 bytes=2217604 frames=11498 bytes_s=18364 frames_s=138 crc/cobs/len=0/0/0 seqgap=0 age_ms=3 type=7 log=0 q=0 rec=550 final=0
RXDIAG max_us=6428 budget_hits=0 byte/frame/time=0/0/0 rx_buf_max=496 loop_period_max_us=730062 loop_exec_max_us=727693 free_heap=141680 min_free_heap=134948 reset_reason=0 bno_kind_1to5_s=0/0/0/0/0 queue=0 high=14 drops=0
RXDETAIL service_calls=88433 service_bytes_avg=25 service_bytes_max=496 service_frames_avg=0 service_frames_avg_x1000=198 service_frames_max=5 service_bytes_s=18364 service_frames_s=138 rxbuf_full_obs=0 bno_valid=2381 bno_invalid=0 unknown=0 uart_overflow=framework_unavailable trial_rx_bytes=1408292 trial_frames=11496 trial_bno=2381 trial_crc/cobs/len=0/0/0
RXTASK mode=decode_count read_calls=88434 zero_reads=69359 read_bytes_max=496 rx_task_max_us=6428 rx_task_continuous_max_us=6428 stack_hwm_min_bytes=4472 cobs_delimiters=17572 rx_current=0 rx_max=496 rx_full=0 overflow=framework_unavailable
SDTASK max_process_us=213118
XIAO UART baud=921600 rx=GPIO8 tx=GPIO9 bytes=2235812 frames=11635 bytes_s=18208 frames_s=137 crc/cobs/len=0/0/0 seqgap=0 age_ms=0 type=7 log=0 q=0 rec=550 final=0
RXDIAG max_us=6428 budget_hits=0 byte/frame/time=0/0/0 rx_buf_max=496 loop_period_max_us=730062 loop_exec_max_us=727693 free_heap=141680 min_free_heap=134948 reset_reason=0 bno_kind_1to5_s=0/0/0/0/0 queue=0 high=14 drops=0
RXDETAIL service_calls=89253 service_bytes_avg=25 service_bytes_max=496 service_frames_avg=0 service_frames_avg_x1000=198 service_frames_max=5 service_bytes_s=18208 service_frames_s=137 rxbuf_full_obs=0 bno_valid=2381 bno_invalid=0 unknown=0 uart_overflow=framework_unavailable trial_rx_bytes=1426500 trial_frames=11633 trial_bno=2381 trial_crc/cobs/len=0/0/0
RXTASK mode=decode_count read_calls=89254 zero_reads=69997 read_bytes_max=496 rx_task_max_us=6428 rx_task_continuous_max_us=6428 stack_hwm_min_bytes=4472 cobs_delimiters=17709 rx_current=0 rx_max=496 rx_full=0 overflow=framework_unavailable
SDTASK max_process_us=213118
XIAO UART baud=921600 rx=GPIO8 tx=GPIO9 bytes=2253696 frames=11769 bytes_s=17884 frames_s=134 crc/cobs/len=0/0/0 seqgap=0 age_ms=3 type=24 log=0 q=0 rec=550 final=0
RXDIAG max_us=6428 budget_hits=0 byte/frame/time=0/0/0 rx_buf_max=496 loop_period_max_us=730062 loop_exec_max_us=727693 free_heap=141680 min_free_heap=134948 reset_reason=0 bno_kind_1to5_s=0/0/0/0/0 queue=0 high=14 drops=0
RXDETAIL service_calls=90074 service_bytes_avg=25 service_bytes_max=496 service_frames_avg=0 service_frames_avg_x1000=198 service_frames_max=5 service_bytes_s=17884 service_frames_s=134 rxbuf_full_obs=0 bno_valid=2381 bno_invalid=0 unknown=0 uart_overflow=framework_unavailable trial_rx_bytes=1444384 trial_frames=11767 trial_bno=2381 trial_crc/cobs/len=0/0/0
RXTASK mode=decode_count read_calls=90075 zero_reads=70647 read_bytes_max=496 rx_task_max_us=6428 rx_task_continuous_max_us=6428 stack_hwm_min_bytes=4472 cobs_delimiters=17843 rx_current=0 rx_max=496 rx_full=0 overflow=framework_unavailable
SDTASK max_process_us=213118
XIAO UART baud=921600 rx=GPIO8 tx=GPIO9 bytes=2278912 frames=11956 bytes_s=25216 frames_s=187 crc/cobs/len=0/0/0 seqgap=0 age_ms=0 type=24 log=0 q=0 rec=550 final=0
RXDIAG max_us=6428 budget_hits=0 byte/frame/time=0/0/0 rx_buf_max=496 loop_period_max_us=730062 loop_exec_max_us=1204660 free_heap=141456 min_free_heap=134948 reset_reason=0 bno_kind_1to5_s=0/0/0/0/0 queue=0 high=14 drops=0
RXDETAIL service_calls=91254 service_bytes_avg=24 service_bytes_max=496 service_frames_avg=0 service_frames_avg_x1000=197 service_frames_max=5 service_bytes_s=25216 service_frames_s=187 rxbuf_full_obs=0 bno_valid=2381 bno_invalid=0 unknown=0 uart_overflow=framework_unavailable trial_rx_bytes=1469600 trial_frames=11954 trial_bno=2381 trial_crc/cobs/len=0/0/0
RXTASK mode=decode_count read_calls=91255 zero_reads=71599 read_bytes_max=496 rx_task_max_us=6428 rx_task_continuous_max_us=6428 stack_hwm_min_bytes=4472 cobs_delimiters=18030 rx_current=0 rx_max=496 rx_full=0 overflow=framework_unavailable
SDTASK max_process_us=213118
