XIAO UART baud=921600 rx=GPIO8 tx=GPIO9 bytes=7621352 frames=54737 bytes_s=16652 frames_s=120 crc/cobs/len=0/0/0 seqgap=0 age_ms=2 type=7 log=0 q=0 rec=0 final=0
RXDIAG max_us=4290 budget_hits=0 byte/frame/time=0/0/0 rx_buf_max=388 loop_period_max_us=116012 loop_exec_max_us=26961 free_heap=144024 min_free_heap=141996 reset_reason=0 bno_kind_1to5_s=0/0/0/0/0 queue=0 high=0 drops=0
RXDETAIL service_calls=395333 service_bytes_avg=19 service_bytes_max=388 service_frames_avg=0 service_frames_avg_x1000=138 service_frames_max=5 service_bytes_s=16652 service_frames_s=120 rxbuf_full_obs=0 bno_valid=0 bno_invalid=0 unknown=0 uart_overflow=framework_unavailable trial_rx_bytes=7621352 trial_frames=54737 trial_bno=0 trial_crc/cobs/len=0/0/0
RXTASK mode=dispatch read_calls=395334 zero_reads=325631 read_bytes_max=388 rx_task_max_us=4290 rx_task_continuous_max_us=4290 stack_hwm_min_bytes=4808 cobs_delimiters=54737 rx_current=0 rx_max=388 rx_full=0 overflow=framework_unavailable
SDTASK max_process_us=0
XIAO UART baud=921600 rx=GPIO8 tx=GPIO9 bytes=7637528 frames=54852 bytes_s=16176 frames_s=115 crc/cobs/len=0/0/0 seqgap=0 age_ms=24 type=7 log=0 q=0 rec=0 final=0
RXDIAG max_us=4290 budget_hits=0 byte/frame/time=0/0/0 rx_buf_max=388 loop_period_max_us=116012 loop_exec_max_us=26961 free_heap=144024 min_free_heap=141996 reset_reason=0 bno_kind_1to5_s=0/0/0/0/0 queue=0 high=0 drops=0
RXDETAIL service_calls=396159 service_bytes_avg=19 service_bytes_max=388 service_frames_avg=0 service_frames_avg_x1000=138 service_frames_max=5 service_bytes_s=16280 service_frames_s=116 rxbuf_full_obs=0 bno_valid=0 bno_invalid=0 unknown=0 uart_overflow=framework_unavailable trial_rx_bytes=7637632 trial_frames=54853 trial_bno=0 trial_crc/cobs/len=0/0/0
RXTASK mode=dispatch read_calls=396161 zero_reads=326316 read_bytes_max=388 rx_task_max_us=4290 rx_task_continuous_max_us=4290 stack_hwm_min_bytes=4808 cobs_delimiters=54854 rx_current=0 rx_max=388 rx_full=0 overflow=framework_unavailable
SDTASK max_process_us=0
XIAO UART baud=921600 rx=GPIO8 tx=GPIO9 bytes=7654144 frames=54972 bytes_s=16616 frames_s=120 crc/cobs/len=0/0/0 seqgap=0 age_ms=10 type=56 log=0 q=0 rec=0 final=0
RXDIAG max_us=4290 budget_hits=0 byte/frame/time=0/0/0 rx_buf_max=388 loop_period_max_us=116012 loop_exec_max_us=26961 free_heap=144024 min_free_heap=141996 reset_reason=0 bno_kind_1to5_s=0/0/0/0/0 queue=0 high=0 drops=0
RXDETAIL service_calls=396992 service_bytes_avg=19 service_bytes_max=388 service_frames_avg=0 service_frames_avg_x1000=138 service_frames_max=5 service_bytes_s=16512 service_frames_s=119 rxbuf_full_obs=0 bno_valid=0 bno_invalid=0 unknown=0 uart_overflow=framework_unavailable trial_rx_bytes=7654144 trial_frames=54972 trial_bno=0 trial_crc/cobs/len=0/0/0
RXTASK mode=dispatch read_calls=396993 zero_reads=327010 read_bytes_max=388 rx_task_max_us=4290 rx_task_continuous_max_us=4290 stack_hwm_min_bytes=4808 cobs_delimiters=54972 rx_current=0 rx_max=388 rx_full=0 overflow=framework_unavailable
SDTASK max_process_us=0
XIAO UART baud=921600 rx=GPIO8 tx=GPIO9 bytes=7670792 frames=55092 bytes_s=16648 frames_s=120 crc/cobs/len=0/0/0 seqgap=0 age_ms=14 type=7 log=0 q=0 rec=0 final=0
RXDIAG max_us=4290 budget_hits=0 byte/frame/time=0/0/0 rx_buf_max=388 loop_period_max_us=116012 loop_exec_max_us=26961 free_heap=144024 min_free_heap=141996 reset_reason=0 bno_kind_1to5_s=0/0/0/0/0 queue=0 high=0 drops=0
RXDETAIL service_calls=397829 service_bytes_avg=19 service_bytes_max=388 service_frames_avg=0 service_frames_avg_x1000=138 service_frames_max=5 service_bytes_s=16648 service_frames_s=120 rxbuf_full_obs=0 bno_valid=0 bno_invalid=0 unknown=0 uart_overflow=framework_unavailable trial_rx_bytes=7670792 trial_frames=55092 trial_bno=0 trial_crc/cobs/len=0/0/0
RXTASK mode=dispatch read_calls=397830 zero_reads=327701 read_bytes_max=388 rx_task_max_us=4290 rx_task_continuous_max_us=4290 stack_hwm_min_bytes=4808 cobs_delimiters=55092 rx_current=64 rx_max=388 rx_full=0 overflow=framework_unavailable
SDTASK max_process_us=0
XIAO UART baud=921600 rx=GPIO8 tx=GPIO9 bytes=7687160 frames=55208 bytes_s=16368 frames_s=116 crc/cobs/len=0/0/0 seqgap=0 age_ms=3 type=5 log=0 q=0 rec=0 final=0
RXDIAG max_us=4290 budget_hits=0 byte/frame/time=0/0/0 rx_buf_max=388 loop_period_max_us=116012 loop_exec_max_us=26961 free_heap=144024 min_free_heap=141996 reset_reason=0 bno_kind_1to5_s=0/0/0/0/0 queue=0 high=0 drops=0
RXDETAIL service_calls=398656 service_bytes_avg=19 service_bytes_max=388 service_frames_avg=0 service_frames_avg_x1000=138 service_frames_max=5 service_bytes_s=16368 service_frames_s=116 rxbuf_full_obs=0 bno_valid=0 bno_invalid=0 unknown=0 uart_overflow=framework_unavailable trial_rx_bytes=7687160 trial_frames=55208 trial_bno=0 trial_crc/cobs/len=0/0/0
RXTASK mode=dispatch read_calls=398657 zero_reads=328392 read_bytes_max=388 rx_task_max_us=4290 rx_task_continuous_max_us=4290 stack_hwm_min_bytes=4808 cobs_delimiters=55208 rx_current=128 rx_max=388 rx_full=0 overflow=framework_unavailable
SDTASK max_process_us=0
TRIAL_START mode=decode_count rx_bytes=0 service_bytes=0 frames=0 bno_valid=0 seq_gap=0 crc/cobs/len=0/0/0 unknown=0 bno_invalid=0 rxbuf_full=0 service_calls=0 read_calls=0 zero_reads=0 delimiters=0 bno_kind=0/0/0/0/0 bno_log_enqueue=0
TRIAL_SEQUENCE first=0 last=0 valid=0
TRIAL_BOUNDARY start_ack=0 expected_first=0 stop_ack=0 expected_last=0 stop_ack_received=0
BNO_CORE_TS kind=1 count=0 first_rx_us=0 last_rx_us=0 delta_us=0/0.00/0
BNO_CORE_TS kind=2 count=0 first_rx_us=0 last_rx_us=0 delta_us=0/0.00/0
BNO_CORE_TS kind=3 count=0 first_rx_us=0 last_rx_us=0 delta_us=0/0.00/0
BNO_CORE_TS kind=4 count=0 first_rx_us=0 last_rx_us=0 delta_us=0/0.00/0
BNO_CORE_TS kind=5 count=0 first_rx_us=0 last_rx_us=0 delta_us=0/0.00/0
SEQUENCE_STATE gaps=0 duplicates=0 out_of_order=0 wraps=0
TRIAL_CAPTURE_WAIT_START_ACK
TYPE23_IDENTIFIED rx_us=487031706 uart_sequence=1217 type=23 payload_length=16 payload_hex=52 20 00 00 01 01 00 00 C2 04 00 00 00 00 00 00  encoded_bytes=44 crc=ok cobs=ok length=ok previous_type=5 boundary_ack=1
TRIAL_START_ACK ack_sequence=1217 first_sequence=1218 capture_id=8274
BNO_CORE_EVENT kind=1 report_seq=48 uart_sequence=1218 sensor_raw=4294966796 sensor_converted=4294966796 xiao_rx=14184442 queue_push=14184449 core_rx=487034475
BNO_CORE_EVENT kind=1 report_seq=49 uart_sequence=1220 sensor_raw=4294966796 sensor_converted=4294966796 xiao_rx=14190280 queue_push=14190287 core_rx=487048443
BNO_CORE_EVENT kind=1 report_seq=50 uart_sequence=1221 sensor_raw=4294965696 sensor_converted=4294965696 xiao_rx=14199154 queue_push=14199162 core_rx=487049492
BNO_CORE_EVENT kind=1 report_seq=51 uart_sequence=1222 sensor_raw=4294966796 sensor_converted=4294966796 xiao_rx=14206035 queue_push=14206039 core_rx=487054441
BNO_CORE_EVENT kind=1 report_seq=52 uart_sequence=1224 sensor_raw=4294966796 sensor_converted=4294966796 xiao_rx=14212739 queue_push=14212747 core_rx=487062490
BNO_CORE_EVENT kind=1 report_seq=53 uart_sequence=1226 sensor_raw=4294966796 sensor_converted=4294966796 xiao_rx=14220658 queue_push=14220664 core_rx=487070440
BNO_CORE_EVENT kind=1 report_seq=54 uart_sequence=1227 sensor_raw=4294966796 sensor_converted=4294966796 xiao_rx=14228575 queue_push=14228580 core_rx=487078480
BNO_CORE_EVENT kind=1 report_seq=55 uart_sequence=1229 sensor_raw=4294966796 sensor_converted=4294966796 xiao_rx=14236486 queue_push=14236490 core_rx=487085441
BNO_CORE_EVENT kind=1 report_seq=56 uart_sequence=1232 sensor_raw=4294966796 sensor_converted=4294966796 xiao_rx=14244691 queue_push=14244699 core_rx=487095489
BNO_CORE_EVENT kind=1 report_seq=57 uart_sequence=1233 sensor_raw=4294966796 sensor_converted=4294966796 xiao_rx=14252299 queue_push=14252304 core_rx=487100462
BNO_CORE_EVENT kind=1 report_seq=58 uart_sequence=1235 sensor_raw=4294966796 sensor_converted=4294966796 xiao_rx=14260260 queue_push=14260265 core_rx=487108441
BNO_CORE_EVENT kind=1 report_seq=59 uart_sequence=1236 sensor_raw=4294966796 sensor_converted=4294966796 xiao_rx=14268127 queue_push=14268133 core_rx=487117464
BNO_CORE_EVENT kind=1 report_seq=60 uart_sequence=1240 sensor_raw=4294966796 sensor_converted=4294966796 xiao_rx=14276115 queue_push=14276123 core_rx=487128618
BNO_CORE_EVENT kind=1 report_seq=61 uart_sequence=1242 sensor_raw=4294966796 sensor_converted=4294966796 xiao_rx=14284735 queue_push=14284741 core_rx=487134441
BNO_CORE_EVENT kind=1 report_seq=62 uart_sequence=1244 sensor_raw=4294966796 sensor_converted=4294966796 xiao_rx=14291924 queue_push=14291930 core_rx=487140442
BNO_CORE_EVENT kind=1 report_seq=63 uart_sequence=1245 sensor_raw=4294966796 sensor_converted=4294966796 xiao_rx=14299787 queue_push=14299792 core_rx=487148443
BNO_CORE_EVENT kind=1 report_seq=64 uart_sequence=1246 sensor_raw=4294966796 sensor_converted=4294966796 xiao_rx=14307705 queue_push=14307708 core_rx=487156440
BNO_CORE_EVENT kind=1 report_seq=65 uart_sequence=1248 sensor_raw=4294966796 sensor_converted=4294966796 xiao_rx=14316395 queue_push=14316403 core_rx=487165440
BNO_CORE_EVENT kind=1 report_seq=66 uart_sequence=1250 sensor_raw=4294966796 sensor_converted=4294966796 xiao_rx=14323711 queue_push=14323717 core_rx=487172441
BNO_CORE_EVENT kind=1 report_seq=67 uart_sequence=1251 sensor_raw=4294966796 sensor_converted=4294966796 xiao_rx=14331451 queue_push=14331456 core_rx=487181499
BNO_CORE_EVENT kind=1 report_seq=68 uart_sequence=1253 sensor_raw=4294966796 sensor_converted=4294966796 xiao_rx=14339567 queue_push=14339570 core_rx=487188447
BNO_CORE_EVENT kind=1 report_seq=69 uart_sequence=1256 sensor_raw=4294966796 sensor_converted=4294966796 xiao_rx=14347728 queue_push=14347736 core_rx=487196444
XIAO UART baud=921600 rx=GPIO8 tx=GPIO9 bytes=7719644 frames=43 bytes_s=32484 frames_s=43 crc/cobs/len=0/0/0 seqgap=0 age_ms=2 type=2 log=1 q=0 rec=17 final=0
RXDIAG max_us=4290 budget_hits=0 byte/frame/time=0/0/0 rx_buf_max=388 loop_period_max_us=116012 loop_exec_max_us=899046 free_heap=138992 min_free_heap=138992 reset_reason=0 bno_kind_1to5_s=22/0/0/0/0 queue=0 high=4 drops=0
RXDETAIL service_calls=400202 service_bytes_avg=19 service_bytes_max=388 service_frames_avg=0 service_frames_avg_x1000=138 service_frames_max=5 service_bytes_s=32572 service_frames_s=242 rxbuf_full_obs=0 bno_valid=22 bno_invalid=0 unknown=0 uart_overflow=framework_unavailable trial_rx_bytes=4348 trial_frames=40 trial_bno=22 trial_crc/cobs/len=0/0/0
RXTASK mode=decode_count read_calls=400203 zero_reads=329656 read_bytes_max=388 rx_task_max_us=4290 rx_task_continuous_max_us=4290 stack_hwm_min_bytes=4472 cobs_delimiters=55450 rx_current=0 rx_max=388 rx_full=0 overflow=framework_unavailable
SDTASK max_process_us=33
BNO_CORE_EVENT kind=1 report_seq=70 uart_sequence=1258 sensor_raw=4294966796 sensor_converted=4294966796 xiao_rx=14355305 queue_push=14355310 core_rx=487204989
BNO_CORE_EVENT kind=1 report_seq=71 uart_sequence=1262 sensor_raw=4294966796 sensor_converted=4294966796 xiao_rx=14362736 queue_push=14362744 core_rx=487211450
BNO_CORE_EVENT kind=1 report_seq=72 uart_sequence=1263 sensor_raw=4294966796 sensor_converted=4294966796 xiao_rx=14371006 queue_push=14371008 core_rx=487220483
BNO_CORE_EVENT kind=1 report_seq=73 uart_sequence=1266 sensor_raw=4294966796 sensor_converted=4294966796 xiao_rx=14380245 queue_push=14380253 core_rx=487228477
BNO_CORE_EVENT kind=1 report_seq=74 uart_sequence=1269 sensor_raw=4294966796 sensor_converted=4294966796 xiao_rx=14387657 queue_push=14387662 core_rx=487236494
BNO_CORE_EVENT kind=1 report_seq=75 uart_sequence=1270 sensor_raw=4294966796 sensor_converted=4294966796 xiao_rx=14394781 queue_push=14394787 core_rx=487243461
BNO_CORE_EVENT kind=1 report_seq=76 uart_sequence=1271 sensor_raw=4294966796 sensor_converted=4294966796 xiao_rx=14402706 queue_push=14402709 core_rx=487251453
BNO_CORE_EVENT kind=1 report_seq=77 uart_sequence=1273 sensor_raw=4294966796 sensor_converted=4294966796 xiao_rx=14410663 queue_push=14410671 core_rx=487261469
BNO_CORE_EVENT kind=1 report_seq=78 uart_sequence=1275 sensor_raw=4294966796 sensor_converted=4294966796 xiao_rx=14418637 queue_push=14418642 core_rx=487268445
BNO_CORE_EVENT kind=1 report_seq=79 uart_sequence=1276 sensor_raw=4294966796 sensor_converted=4294966796 xiao_rx=14426506 queue_push=14426532 core_rx=487275449
BNO_CORE_EVENT kind=1 report_seq=80 uart_sequence=1277 sensor_raw=4294966796 sensor_converted=4294966796 xiao_rx=14434377 queue_push=14434382 core_rx=487282448
BNO_CORE_EVENT kind=1 report_seq=81 uart_sequence=1280 sensor_raw=4294966796 sensor_converted=4294966796 xiao_rx=14442673 queue_push=14442681 core_rx=487293414
BNO_CORE_EVENT kind=1 report_seq=82 uart_sequence=1282 sensor_raw=4294966796 sensor_converted=4294966796 xiao_rx=14450218 queue_push=14450222 core_rx=487298510
BNO_CORE_EVENT kind=1 report_seq=83 uart_sequence=1285 sensor_raw=4294966796 sensor_converted=4294966796 xiao_rx=14458682 queue_push=14458691 core_rx=487308739
BNO_CORE_EVENT kind=1 report_seq=84 uart_sequence=1287 sensor_raw=4294966796 sensor_converted=4294966796 xiao_rx=14466036 queue_push=14466039 core_rx=487314488
BNO_CORE_EVENT kind=1 report_seq=85 uart_sequence=1290 sensor_raw=4294966796 sensor_converted=4294966796 xiao_rx=14474699 queue_push=14474707 core_rx=487326318
BNO_CORE_EVENT kind=1 report_seq=86 uart_sequence=1292 sensor_raw=4294966796 sensor_converted=4294966796 xiao_rx=14482283 queue_push=14482287 core_rx=487330516
BNO_CORE_EVENT kind=1 report_seq=87 uart_sequence=1295 sensor_raw=4294966796 sensor_converted=4294966796 xiao_rx=14489850 queue_push=14489855 core_rx=487339487
BNO_CORE_EVENT kind=1 report_seq=88 uart_sequence=1296 sensor_raw=4294966796 sensor_converted=4294966796 xiao_rx=14497707 queue_push=14497712 core_rx=487346487
BNO_CORE_EVENT kind=1 report_seq=89 uart_sequence=1297 sensor_raw=4294966796 sensor_converted=4294966796 xiao_rx=14505669 queue_push=14505672 core_rx=487354490
BNO_CORE_EVENT kind=1 report_seq=90 uart_sequence=1299 sensor_raw=4294966796 sensor_converted=4294966796 xiao_rx=14513576 queue_push=14513583 core_rx=487362470
BNO_CORE_EVENT kind=1 report_seq=91 uart_sequence=1301 sensor_raw=4294966796 sensor_converted=4294966796 xiao_rx=14521536 queue_push=14521543 core_rx=487370474
BNO_CORE_EVENT kind=1 report_seq=92 uart_sequence=1302 sensor_raw=4294966796 sensor_converted=4294966796 xiao_rx=14529407 queue_push=14529412 core_rx=487378491
BNO_CORE_EVENT kind=1 report_seq=93 uart_sequence=1303 sensor_raw=4294966796 sensor_converted=4294966796 xiao_rx=14537298 queue_push=14537300 core_rx=487386525
BNO_CORE_EVENT kind=1 report_seq=94 uart_sequence=1307 sensor_raw=4294966796 sensor_converted=4294966796 xiao_rx=14546113 queue_push=14546121 core_rx=487396492
BNO_CORE_EVENT kind=1 report_seq=95 uart_sequence=1309 sensor_raw=4294966796 sensor_converted=4294966796 xiao_rx=14553184 queue_push=14553190 core_rx=487402482
BNO_CORE_EVENT kind=1 report_seq=96 uart_sequence=1310 sensor_raw=4294966796 sensor_converted=4294966796 xiao_rx=14561078 queue_push=14561083 core_rx=487409493
BNO_CORE_EVENT kind=1 report_seq=97 uart_sequence=1311 sensor_raw=4294966796 sensor_converted=4294966796 xiao_rx=14568975 queue_push=14568977 core_rx=487417485
BNO_CORE_EVENT kind=1 report_seq=98 uart_sequence=1314 sensor_raw=4294966796 sensor_converted=4294966796 xiao_rx=14577780 queue_push=14577789 core_rx=487427479
BNO_CORE_EVENT kind=1 report_seq=99 uart_sequence=1317 sensor_raw=4294966796 sensor_converted=4294966796 xiao_rx=14585191 queue_push=14585200 core_rx=487433233
BNO_CORE_EVENT kind=1 report_seq=100 uart_sequence=1319 sensor_raw=4294966796 sensor_converted=4294966796 xiao_rx=14593555 queue_push=14593558 core_rx=487442444
BNO_CORE_EVENT kind=1 report_seq=101 uart_sequence=1320 sensor_raw=4294966796 sensor_converted=4294966796 xiao_rx=14600623 queue_push=14600628 core_rx=487449502
BNO_CORE_EVENT kind=1 report_seq=102 uart_sequence=1322 sensor_raw=4294966796 sensor_converted=4294966796 xiao_rx=14609349 queue_push=14609357 core_rx=487457479
BNO_CORE_EVENT kind=1 report_seq=103 uart_sequence=1324 sensor_raw=4294966796 sensor_converted=4294966796 xiao_rx=14616537 queue_push=14616543 core_rx=487465442
BNO_CORE_EVENT kind=1 report_seq=104 uart_sequence=1325 sensor_raw=4294966796 sensor_converted=4294966796 xiao_rx=14624437 queue_push=14624443 core_rx=487473493
BNO_CORE_EVENT kind=1 report_seq=105 uart_sequence=1326 sensor_raw=4294966796 sensor_converted=4294966796 xiao_rx=14632295 queue_push=14632297 core_rx=487480486
BNO_CORE_EVENT kind=1 report_seq=106 uart_sequence=1328 sensor_raw=4294966796 sensor_converted=4294966796 xiao_rx=14640267 queue_push=14640275 core_rx=487490336
BNO_CORE_EVENT kind=1 report_seq=107 uart_sequence=1332 sensor_raw=4294966796 sensor_converted=4294966796 xiao_rx=14648189 queue_push=14648194 core_rx=487498378
BNO_CORE_EVENT kind=1 report_seq=108 uart_sequence=1333 sensor_raw=4294966796 sensor_converted=4294966796 xiao_rx=14656103 queue_push=14656107 core_rx=487504490
BNO_CORE_EVENT kind=1 report_seq=109 uart_sequence=1334 sensor_raw=4294966796 sensor_converted=4294966796 xiao_rx=14663984 queue_push=14663990 core_rx=487512500
BNO_CORE_EVENT kind=1 report_seq=110 uart_sequence=1336 sensor_raw=4294966796 sensor_converted=4294966796 xiao_rx=14672713 queue_push=14672721 core_rx=487523327
BNO_CORE_EVENT kind=1 report_seq=111 uart_sequence=1339 sensor_raw=4294966796 sensor_converted=4294966796 xiao_rx=14680572 queue_push=14680580 core_rx=487530510
BNO_CORE_EVENT kind=1 report_seq=112 uart_sequence=1342 sensor_raw=4294966796 sensor_converted=4294966796 xiao_rx=14687776 queue_push=14687783 core_rx=487536462
BNO_CORE_EVENT kind=1 report_seq=113 uart_sequence=1343 sensor_raw=4294966796 sensor_converted=4294966796 xiao_rx=14695668 queue_push=14695673 core_rx=487545532
BNO_CORE_EVENT kind=1 report_seq=114 uart_sequence=1345 sensor_raw=4294966796 sensor_converted=4294966796 xiao_rx=14703566 queue_push=14703569 core_rx=487553509
BNO_CORE_EVENT kind=1 report_seq=115 uart_sequence=1347 sensor_raw=4294966796 sensor_converted=4294966796 xiao_rx=14712099 queue_push=14712108 core_rx=487560478
BNO_CORE_EVENT kind=1 report_seq=116 uart_sequence=1349 sensor_raw=4294966796 sensor_converted=4294966796 xiao_rx=14719434 queue_push=14719438 core_rx=487568483
BNO_CORE_EVENT kind=1 report_seq=117 uart_sequence=1350 sensor_raw=4294966796 sensor_converted=4294966796 xiao_rx=14727333 queue_push=14727339 core_rx=487575490
BNO_CORE_EVENT kind=1 report_seq=118 uart_sequence=1351 sensor_raw=4294966796 sensor_converted=4294966796 xiao_rx=14735221 queue_push=14735223 core_rx=487583491
BNO_CORE_EVENT kind=1 report_seq=119 uart_sequence=1354 sensor_raw=4294966796 sensor_converted=4294966796 xiao_rx=14743912 queue_push=14743919 core_rx=487593441
BNO_CORE_EVENT kind=1 report_seq=120 uart_sequence=1357 sensor_raw=4294966796 sensor_converted=4294966796 xiao_rx=14751838 queue_push=14751843 core_rx=487600446
BNO_CORE_EVENT kind=1 report_seq=121 uart_sequence=1358 sensor_raw=4294966796 sensor_converted=4294966796 xiao_rx=14758966 queue_push=14758971 core_rx=487607493
BNO_CORE_EVENT kind=1 report_seq=122 uart_sequence=1359 sensor_raw=4294966796 sensor_converted=4294966796 xiao_rx=14766923 queue_push=14766927 core_rx=487615494
BNO_CORE_EVENT kind=1 report_seq=123 uart_sequence=1362 sensor_raw=4294966796 sensor_converted=4294966796 xiao_rx=14775607 queue_push=14775615 core_rx=487624445
BNO_CORE_EVENT kind=1 report_seq=124 uart_sequence=1364 sensor_raw=4294966796 sensor_converted=4294966796 xiao_rx=14782775 queue_push=14782781 core_rx=487632494
BNO_CORE_EVENT kind=1 report_seq=125 uart_sequence=1366 sensor_raw=4294966796 sensor_converted=4294966796 xiao_rx=14790669 queue_push=14790676 core_rx=487639466
BNO_CORE_EVENT kind=1 report_seq=126 uart_sequence=1367 sensor_raw=4294966796 sensor_converted=4294966796 xiao_rx=14798577 queue_push=14798581 core_rx=487648532
BNO_CORE_EVENT kind=1 report_seq=127 uart_sequence=1370 sensor_raw=4294966796 sensor_converted=4294966796 xiao_rx=14807263 queue_push=14807271 core_rx=487656951
BNO_CORE_EVENT kind=1 report_seq=128 uart_sequence=1371 sensor_raw=4294966796 sensor_converted=4294966796 xiao_rx=14815180 queue_push=14815187 core_rx=487663509
BNO_CORE_EVENT kind=1 report_seq=129 uart_sequence=1373 sensor_raw=4294966796 sensor_converted=4294966796 xiao_rx=14822340 queue_push=14822346 core_rx=487670489
BNO_CORE_EVENT kind=1 report_seq=130 uart_sequence=1374 sensor_raw=4294966796 sensor_converted=4294966796 xiao_rx=14830371 queue_push=14830373 core_rx=487678493
BNO_CORE_EVENT kind=1 report_seq=131 uart_sequence=1376 sensor_raw=4294966796 sensor_converted=4294966796 xiao_rx=14838177 queue_push=14838185 core_rx=487688316
BNO_CORE_EVENT kind=1 report_seq=132 uart_sequence=1378 sensor_raw=4294966796 sensor_converted=4294966796 xiao_rx=14846108 queue_push=14846113 core_rx=487695465
BNO_CORE_EVENT kind=1 report_seq=133 uart_sequence=1381 sensor_raw=4294966796 sensor_converted=4294966796 xiao_rx=14854038 queue_push=14854044 core_rx=487702472
BNO_CORE_EVENT kind=1 report_seq=134 uart_sequence=1382 sensor_raw=4294966796 sensor_converted=4294966796 xiao_rx=14861925 queue_push=14861930 core_rx=487711491
BNO_CORE_EVENT kind=1 report_seq=135 uart_sequence=1384 sensor_raw=4294966796 sensor_converted=4294966796 xiao_rx=14870674 queue_push=14870682 core_rx=487721360
BNO_CORE_EVENT kind=1 report_seq=136 uart_sequence=1387 sensor_raw=4294966796 sensor_converted=4294966796 xiao_rx=14878560 queue_push=14878568 core_rx=487728484
BNO_CORE_EVENT kind=1 report_seq=137 uart_sequence=1389 sensor_raw=4294966796 sensor_converted=4294966796 xiao_rx=14885662 queue_push=14885668 core_rx=487735515
BNO_CORE_EVENT kind=1 report_seq=138 uart_sequence=1391 sensor_raw=4294966796 sensor_converted=4294966796 xiao_rx=14893593 queue_push=14893601 core_rx=487742507
BNO_CORE_EVENT kind=1 report_seq=139 uart_sequence=1392 sensor_raw=4294966796 sensor_converted=4294966796 xiao_rx=14901484 queue_push=14901487 core_rx=487750540
BNO_CORE_EVENT kind=1 report_seq=140 uart_sequence=1395 sensor_raw=4294966796 sensor_converted=4294966796 xiao_rx=14910210 queue_push=14910218 core_rx=487759675
BNO_CORE_EVENT kind=1 report_seq=141 uart_sequence=1397 sensor_raw=4294966796 sensor_converted=4294966796 xiao_rx=14917363 queue_push=14917368 core_rx=487765443
BNO_CORE_EVENT kind=1 report_seq=142 uart_sequence=1398 sensor_raw=4294966796 sensor_converted=4294966796 xiao_rx=14925288 queue_push=14925293 core_rx=487773494
BNO_CORE_EVENT kind=1 report_seq=143 uart_sequence=1399 sensor_raw=4294966796 sensor_converted=4294966796 xiao_rx=14933174 queue_push=14933177 core_rx=487781494
BNO_CORE_EVENT kind=1 report_seq=144 uart_sequence=1401 sensor_raw=4294966796 sensor_converted=4294966796 xiao_rx=14941140 queue_push=14941149 core_rx=487789470
BNO_CORE_EVENT kind=1 report_seq=145 uart_sequence=1404 sensor_raw=4294966796 sensor_converted=4294966796 xiao_rx=14949761 queue_push=14949766 core_rx=487799476
BNO_CORE_EVENT kind=1 report_seq=146 uart_sequence=1406 sensor_raw=4294966796 sensor_converted=4294966796 xiao_rx=14956962 queue_push=14956968 core_rx=487805476
BNO_CORE_EVENT kind=1 report_seq=147 uart_sequence=1407 sensor_raw=4294966796 sensor_converted=4294966796 xiao_rx=14964809 queue_push=14964812 core_rx=487813480
BNO_CORE_EVENT kind=1 report_seq=148 uart_sequence=1410 sensor_raw=4294966796 sensor_converted=4294966796 xiao_rx=14973735 queue_push=14973743 core_rx=487824026
BNO_CORE_EVENT kind=1 report_seq=149 uart_sequence=1413 sensor_raw=4294966796 sensor_converted=4294966796 xiao_rx=14980730 queue_push=14980736 core_rx=487829449
BNO_CORE_EVENT kind=1 report_seq=150 uart_sequence=1414 sensor_raw=4294966796 sensor_converted=4294966796 xiao_rx=14988580 queue_push=14988583 core_rx=487838521
BNO_CORE_EVENT kind=1 report_seq=151 uart_sequence=1416 sensor_raw=4294966796 sensor_converted=4294966796 xiao_rx=14996542 queue_push=14996549 core_rx=487845535
BNO_CORE_EVENT kind=1 report_seq=152 uart_sequence=1418 sensor_raw=4294966796 sensor_converted=4294966796 xiao_rx=15004950 queue_push=15004958 core_rx=487854504
BNO_CORE_EVENT kind=1 report_seq=153 uart_sequence=1421 sensor_raw=4294966596 sensor_converted=4294966596 xiao_rx=15012610 queue_push=15012616 core_rx=487862441
BNO_CORE_EVENT kind=1 report_seq=154 uart_sequence=1422 sensor_raw=4294966796 sensor_converted=4294966796 xiao_rx=15020253 queue_push=15020257 core_rx=487868465
BNO_CORE_EVENT kind=1 report_seq=155 uart_sequence=1423 sensor_raw=4294966796 sensor_converted=4294966796 xiao_rx=15028186 queue_push=15028189 core_rx=487876484
BNO_CORE_EVENT kind=1 report_seq=156 uart_sequence=1425 sensor_raw=4294966796 sensor_converted=4294966796 xiao_rx=15036952 queue_push=15036961 core_rx=487885444
BNO_CORE_EVENT kind=1 report_seq=157 uart_sequence=1428 sensor_raw=4294966796 sensor_converted=4294966796 xiao_rx=15044099 queue_push=15044106 core_rx=487894266
BNO_CORE_EVENT kind=1 report_seq=158 uart_sequence=1429 sensor_raw=4294966796 sensor_converted=4294966796 xiao_rx=15051945 queue_push=15051949 core_rx=487900466
BNO_CORE_EVENT kind=1 report_seq=159 uart_sequence=1431 sensor_raw=4294966796 sensor_converted=4294966796 xiao_rx=15059860 queue_push=15059865 core_rx=487909441
BNO_CORE_EVENT kind=1 report_seq=160 uart_sequence=1433 sensor_raw=4294966796 sensor_converted=4294966796 xiao_rx=15068703 queue_push=15068710 core_rx=487919806
BNO_CORE_EVENT kind=1 report_seq=161 uart_sequence=1436 sensor_raw=4294966796 sensor_converted=4294966796 xiao_rx=15076144 queue_push=15076152 core_rx=487925462
BNO_CORE_EVENT kind=1 report_seq=162 uart_sequence=1439 sensor_raw=4294966596 sensor_converted=4294966596 xiao_rx=15084112 queue_push=15084117 core_rx=487932444
BNO_CORE_EVENT kind=1 report_seq=163 uart_sequence=1441 sensor_raw=4294966796 sensor_converted=4294966796 xiao_rx=15091545 queue_push=15091551 core_rx=487941494
BNO_CORE_EVENT kind=1 report_seq=164 uart_sequence=1443 sensor_raw=4294966796 sensor_converted=4294966796 xiao_rx=15099445 queue_push=15099450 core_rx=487949548
BNO_CORE_EVENT kind=1 report_seq=165 uart_sequence=1445 sensor_raw=4294966796 sensor_converted=4294966796 xiao_rx=15107386 queue_push=15107394 core_rx=487957494
BNO_CORE_EVENT kind=1 report_seq=166 uart_sequence=1448 sensor_raw=4294966796 sensor_converted=4294966796 xiao_rx=15115553 queue_push=15115558 core_rx=487964444
BNO_CORE_EVENT kind=1 report_seq=167 uart_sequence=1449 sensor_raw=4294966796 sensor_converted=4294966796 xiao_rx=15123183 queue_push=15123189 core_rx=487971490
BNO_CORE_EVENT kind=1 report_seq=168 uart_sequence=1450 sensor_raw=4294966796 sensor_converted=4294966796 xiao_rx=15131100 queue_push=15131102 core_rx=487979495
BNO_CORE_EVENT kind=1 report_seq=169 uart_sequence=1452 sensor_raw=4294966796 sensor_converted=4294966796 xiao_rx=15139090 queue_push=15139098 core_rx=487987430
BNO_CORE_EVENT kind=1 report_seq=170 uart_sequence=1455 sensor_raw=4294966796 sensor_converted=4294966796 xiao_rx=15146982 queue_push=15146988 core_rx=487995465
BNO_CORE_EVENT kind=1 report_seq=171 uart_sequence=1456 sensor_raw=4294966796 sensor_converted=4294966796 xiao_rx=15154906 queue_push=15154911 core_rx=488003493
BNO_CORE_EVENT kind=1 report_seq=172 uart_sequence=1458 sensor_raw=4294966796 sensor_converted=4294966796 xiao_rx=15162778 queue_push=15162781 core_rx=488012460
BNO_CORE_EVENT kind=1 report_seq=173 uart_sequence=1460 sensor_raw=4294966796 sensor_converted=4294966796 xiao_rx=15170751 queue_push=15170759 core_rx=488019454
BNO_CORE_EVENT kind=1 report_seq=174 uart_sequence=1464 sensor_raw=4294966796 sensor_converted=4294966796 xiao_rx=15179972 queue_push=15179979 core_rx=488030345
BNO_CORE_EVENT kind=1 report_seq=175 uart_sequence=1465 sensor_raw=4294966796 sensor_converted=4294966796 xiao_rx=15186603 queue_push=15186608 core_rx=488035493
BNO_CORE_EVENT kind=1 report_seq=176 uart_sequence=1466 sensor_raw=4294966796 sensor_converted=4294966796 xiao_rx=15194433 queue_push=15194435 core_rx=488044512
BNO_CORE_EVENT kind=1 report_seq=177 uart_sequence=1469 sensor_raw=4294966796 sensor_converted=4294966796 xiao_rx=15203184 queue_push=15203192 core_rx=488052588
BNO_CORE_EVENT kind=1 report_seq=178 uart_sequence=1471 sensor_raw=4294966796 sensor_converted=4294966796 xiao_rx=15210350 queue_push=15210356 core_rx=488059484
BNO_CORE_EVENT kind=1 report_seq=179 uart_sequence=1473 sensor_raw=4294966796 sensor_converted=4294966796 xiao_rx=15218215 queue_push=15218221 core_rx=488066450
BNO_CORE_EVENT kind=1 report_seq=180 uart_sequence=1474 sensor_raw=4294966796 sensor_converted=4294966796 xiao_rx=15226128 queue_push=15226130 core_rx=488075490
BNO_CORE_EVENT kind=1 report_seq=181 uart_sequence=1476 sensor_raw=4294966796 sensor_converted=4294966796 xiao_rx=15234937 queue_push=15234944 core_rx=488083470
BNO_CORE_EVENT kind=1 report_seq=182 uart_sequence=1478 sensor_raw=4294966796 sensor_converted=4294966796 xiao_rx=15241980 queue_push=15241985 core_rx=488091444
BNO_CORE_EVENT kind=1 report_seq=183 uart_sequence=1480 sensor_raw=4294966796 sensor_converted=4294966796 xiao_rx=15249875 queue_push=15249879 core_rx=488098499
BNO_CORE_EVENT kind=1 report_seq=184 uart_sequence=1481 sensor_raw=4294966796 sensor_converted=4294966796 xiao_rx=15257798 queue_push=15257800 core_rx=488106493
BNO_CORE_EVENT kind=1 report_seq=185 uart_sequence=1484 sensor_raw=4294966796 sensor_converted=4294966796 xiao_rx=15268922 queue_push=15268929 core_rx=488118916
BNO_CORE_EVENT kind=1 report_seq=186 uart_sequence=1485 sensor_raw=4294966796 sensor_converted=4294966796 xiao_rx=15273708 queue_push=15273714 core_rx=488123516
BNO_CORE_EVENT kind=1 report_seq=187 uart_sequence=1489 sensor_raw=4294966796 sensor_converted=4294966796 xiao_rx=15282326 queue_push=15282335 core_rx=488130484
BNO_CORE_EVENT kind=1 report_seq=188 uart_sequence=1490 sensor_raw=4294966796 sensor_converted=4294966796 xiao_rx=15289462 queue_push=15289464 core_rx=488138486
BNO_CORE_EVENT kind=1 report_seq=189 uart_sequence=1492 sensor_raw=4294966796 sensor_converted=4294966796 xiao_rx=15297387 queue_push=15297395 core_rx=488150373
BNO_CORE_EVENT kind=1 report_seq=190 uart_sequence=1494 sensor_raw=4294966796 sensor_converted=4294966796 xiao_rx=15306143 queue_push=15306149 core_rx=488154489
BNO_CORE_EVENT kind=1 report_seq=191 uart_sequence=1496 sensor_raw=4294966796 sensor_converted=4294966796 xiao_rx=15313240 queue_push=15313245 core_rx=488162505
BNO_CORE_EVENT kind=1 report_seq=192 uart_sequence=1498 sensor_raw=4294966796 sensor_converted=4294966796 xiao_rx=15321134 queue_push=15321138 core_rx=488170476
BNO_CORE_EVENT kind=1 report_seq=193 uart_sequence=1499 sensor_raw=4294966796 sensor_converted=4294966796 xiao_rx=15329026 queue_push=15329030 core_rx=488177486
BNO_CORE_EVENT kind=1 report_seq=194 uart_sequence=1501 sensor_raw=4294966796 sensor_converted=4294966796 xiao_rx=15337104 queue_push=15337111 core_rx=488185470
BNO_CORE_EVENT kind=1 report_seq=195 uart_sequence=1504 sensor_raw=4294966796 sensor_converted=4294966796 xiao_rx=15344907 queue_push=15344913 core_rx=488193453
BNO_CORE_EVENT kind=1 report_seq=196 uart_sequence=1505 sensor_raw=4294966796 sensor_converted=4294966796 xiao_rx=15352798 queue_push=15352803 core_rx=488201483
XIAO UART baud=921600 rx=GPIO8 tx=GPIO9 bytes=7746960 frames=292 bytes_s=27316 frames_s=249 crc/cobs/len=0/0/0 seqgap=0 age_ms=0 type=2 log=1 q=0 rec=97 final=0
RXDIAG max_us=4290 budget_hits=0 byte/frame/time=0/0/0 rx_buf_max=388 loop_period_max_us=904014 loop_exec_max_us=899046 free_heap=138984 min_free_heap=138804 reset_reason=0 bno_kind_1to5_s=127/0/0/0/0 queue=0 high=9 drops=0
RXDETAIL service_calls=400884 service_bytes_avg=19 service_bytes_max=388 service_frames_avg=0 service_frames_avg_x1000=138 service_frames_max=5 service_bytes_s=27228 service_frames_s=248 rxbuf_full_obs=0 bno_valid=149 bno_invalid=0 unknown=0 uart_overflow=framework_unavailable trial_rx_bytes=31576 trial_frames=288 trial_bno=149 trial_crc/cobs/len=0/0/0
RXTASK mode=decode_count read_calls=400885 zero_reads=330092 read_bytes_max=388 rx_task_max_us=4290 rx_task_continuous_max_us=4290 stack_hwm_min_bytes=4472 cobs_delimiters=55698 rx_current=0 rx_max=388 rx_full=0 overflow=framework_unavailable
SDTASK max_process_us=55159
BNO_CORE_EVENT kind=1 report_seq=197 uart_sequence=1506 sensor_raw=4294966796 sensor_converted=4294966796 xiao_rx=15360693 queue_push=15360696 core_rx=488209494
BNO_CORE_EVENT kind=1 report_seq=198 uart_sequence=1509 sensor_raw=4294966796 sensor_converted=4294966796 xiao_rx=15369412 queue_push=15369420 core_rx=488219534
BNO_CORE_EVENT kind=1 report_seq=199 uart_sequence=1512 sensor_raw=4294966796 sensor_converted=4294966796 xiao_rx=15377277 queue_push=15377283 core_rx=488226525
BNO_CORE_EVENT kind=1 report_seq=200 uart_sequence=1514 sensor_raw=4294966796 sensor_converted=4294966796 xiao_rx=15384508 queue_push=15384534 core_rx=488233479
BNO_CORE_EVENT kind=1 report_seq=201 uart_sequence=1515 sensor_raw=4294966796 sensor_converted=4294966796 xiao_rx=15392383 queue_push=15392386 core_rx=488241494
BNO_CORE_EVENT kind=1 report_seq=202 uart_sequence=1517 sensor_raw=4294966796 sensor_converted=4294966796 xiao_rx=15401170 queue_push=15401178 core_rx=488250496
BNO_CORE_EVENT kind=1 report_seq=203 uart_sequence=1520 sensor_raw=4294966796 sensor_converted=4294966796 xiao_rx=15409103 queue_push=15409110 core_rx=488257476
BNO_CORE_EVENT kind=1 report_seq=204 uart_sequence=1521 sensor_raw=4294966796 sensor_converted=4294966796 xiao_rx=15416160 queue_push=15416166 core_rx=488264490
BNO_CORE_EVENT kind=1 report_seq=205 uart_sequence=1523 sensor_raw=4294966796 sensor_converted=4294966796 xiao_rx=15424089 queue_push=15424092 core_rx=488273455
BNO_CORE_EVENT kind=1 report_seq=206 uart_sequence=1525 sensor_raw=4294966796 sensor_converted=4294966796 xiao_rx=15432925 queue_push=15432933 core_rx=488281480
BNO_CORE_EVENT kind=1 report_seq=207 uart_sequence=1527 sensor_raw=4294966796 sensor_converted=4294966796 xiao_rx=15439940 queue_push=15439946 core_rx=488289041
BNO_CORE_EVENT kind=1 report_seq=208 uart_sequence=1529 sensor_raw=4294966796 sensor_converted=4294966796 xiao_rx=15447829 queue_push=15447833 core_rx=488296481
BNO_CORE_EVENT kind=1 report_seq=209 uart_sequence=1530 sensor_raw=4294966796 sensor_converted=4294966796 xiao_rx=15455716 queue_push=15455718 core_rx=488304493
BNO_CORE_EVENT kind=1 report_seq=210 uart_sequence=1532 sensor_raw=4294966796 sensor_converted=4294966796 xiao_rx=15463681 queue_push=15463688 core_rx=488313806
BNO_CORE_EVENT kind=1 report_seq=211 uart_sequence=1533 sensor_raw=4294966796 sensor_converted=4294966796 xiao_rx=15471595 queue_push=15471601 core_rx=488321498
BNO_CORE_EVENT kind=1 report_seq=212 uart_sequence=1538 sensor_raw=4294966796 sensor_converted=4294966796 xiao_rx=15480253 queue_push=15480260 core_rx=488329376
BNO_CORE_EVENT kind=1 report_seq=213 uart_sequence=1539 sensor_raw=4294966796 sensor_converted=4294966796 xiao_rx=15487389 queue_push=15487395 core_rx=488335490
BNO_CORE_EVENT kind=1 report_seq=214 uart_sequence=1541 sensor_raw=4294966796 sensor_converted=4294966796 xiao_rx=15495311 queue_push=15495317 core_rx=488346927
BNO_CORE_EVENT kind=1 report_seq=215 uart_sequence=1542 sensor_raw=4294966796 sensor_converted=4294966796 xiao_rx=15504065 queue_push=15504070 core_rx=488353026
BNO_CORE_EVENT kind=1 report_seq=216 uart_sequence=1545 sensor_raw=4294966796 sensor_converted=4294966796 xiao_rx=15512083 queue_push=15512090 core_rx=488360492
BNO_CORE_EVENT kind=1 report_seq=217 uart_sequence=1546 sensor_raw=4294966796 sensor_converted=4294966796 xiao_rx=15519089 queue_push=15519095 core_rx=488367494
BNO_CORE_EVENT kind=1 report_seq=218 uart_sequence=1548 sensor_raw=4294966796 sensor_converted=4294966796 xiao_rx=15527014 queue_push=15527015 core_rx=488376504
BNO_CORE_EVENT kind=1 report_seq=219 uart_sequence=1550 sensor_raw=4294966796 sensor_converted=4294966796 xiao_rx=15534940 queue_push=15534948 core_rx=488383490
BNO_CORE_EVENT kind=1 report_seq=220 uart_sequence=1552 sensor_raw=4294966796 sensor_converted=4294966796 xiao_rx=15542863 queue_push=15542868 core_rx=488392489
BNO_CORE_EVENT kind=1 report_seq=221 uart_sequence=1554 sensor_raw=4294966796 sensor_converted=4294966796 xiao_rx=15550722 queue_push=15550726 core_rx=488399498
BNO_CORE_EVENT kind=1 report_seq=222 uart_sequence=1555 sensor_raw=4294966796 sensor_converted=4294966796 xiao_rx=15558644 queue_push=15558646 core_rx=488407487
BNO_CORE_EVENT kind=1 report_seq=223 uart_sequence=1557 sensor_raw=4294966796 sensor_converted=4294966796 xiao_rx=15566600 queue_push=15566608 core_rx=488415475
BNO_CORE_EVENT kind=1 report_seq=224 uart_sequence=1559 sensor_raw=4294966796 sensor_converted=4294966796 xiao_rx=15574548 queue_push=15574554 core_rx=488424528
BNO_CORE_EVENT kind=1 report_seq=225 uart_sequence=1562 sensor_raw=4294966796 sensor_converted=4294966796 xiao_rx=15583381 queue_push=15583389 core_rx=488433470
BNO_CORE_EVENT kind=1 report_seq=226 uart_sequence=1563 sensor_raw=4294966796 sensor_converted=4294966796 xiao_rx=15590430 queue_push=15590432 core_rx=488438493
BNO_CORE_EVENT kind=1 report_seq=227 uart_sequence=1565 sensor_raw=4294966796 sensor_converted=4294966796 xiao_rx=15599030 queue_push=15599042 core_rx=488448463
BNO_CORE_EVENT kind=1 report_seq=228 uart_sequence=1567 sensor_raw=4294966796 sensor_converted=4294966796 xiao_rx=15606173 queue_push=15606179 core_rx=488455130
BNO_CORE_EVENT kind=1 report_seq=229 uart_sequence=1569 sensor_raw=4294966796 sensor_converted=4294966796 xiao_rx=15614101 queue_push=15614109 core_rx=488462490
BNO_CORE_EVENT kind=1 report_seq=230 uart_sequence=1570 sensor_raw=4294966796 sensor_converted=4294966796 xiao_rx=15621978 queue_push=15621980 core_rx=488470491
BNO_CORE_EVENT kind=1 report_seq=231 uart_sequence=1572 sensor_raw=4294966796 sensor_converted=4294966796 xiao_rx=15631186 queue_push=15631194 core_rx=488480503
BNO_CORE_EVENT kind=1 report_seq=232 uart_sequence=1575 sensor_raw=4294966796 sensor_converted=4294966796 xiao_rx=15639086 queue_push=15639092 core_rx=488488450
BNO_CORE_EVENT kind=1 report_seq=233 uart_sequence=1577 sensor_raw=4294966796 sensor_converted=4294966796 xiao_rx=15645759 queue_push=15645765 core_rx=488495472
BNO_CORE_EVENT kind=1 report_seq=234 uart_sequence=1578 sensor_raw=4294966796 sensor_converted=4294966796 xiao_rx=15653669 queue_push=15653671 core_rx=488502493
BNO_CORE_EVENT kind=1 report_seq=235 uart_sequence=1580 sensor_raw=4294966796 sensor_converted=4294966796 xiao_rx=15661659 queue_push=15661667 core_rx=488510963
BNO_CORE_EVENT kind=1 report_seq=236 uart_sequence=1582 sensor_raw=4294966796 sensor_converted=4294966796 xiao_rx=15669607 queue_push=15669612 core_rx=488519006
BNO_CORE_EVENT kind=1 report_seq=237 uart_sequence=1583 sensor_raw=4294966796 sensor_converted=4294966796 xiao_rx=15677427 queue_push=15677432 core_rx=488527533
BNO_CORE_EVENT kind=1 report_seq=238 uart_sequence=1587 sensor_raw=4294966796 sensor_converted=4294966796 xiao_rx=15685538 queue_push=15685546 core_rx=488535494
BNO_CORE_EVENT kind=1 report_seq=239 uart_sequence=1588 sensor_raw=4294966796 sensor_converted=4294966796 xiao_rx=15693267 queue_push=15693270 core_rx=488541490
BNO_CORE_EVENT kind=1 report_seq=240 uart_sequence=1590 sensor_raw=4294966796 sensor_converted=4294966796 xiao_rx=15701619 queue_push=15701627 core_rx=488550468
BNO_CORE_EVENT kind=1 report_seq=241 uart_sequence=1592 sensor_raw=4294966796 sensor_converted=4294966796 xiao_rx=15709126 queue_push=15709131 core_rx=488558492
BNO_CORE_EVENT kind=1 report_seq=242 uart_sequence=1594 sensor_raw=4294966796 sensor_converted=4294966796 xiao_rx=15717022 queue_push=15717029 core_rx=488565464
BNO_CORE_EVENT kind=1 report_seq=243 uart_sequence=1596 sensor_raw=4294966796 sensor_converted=4294966796 xiao_rx=15725012 queue_push=15725018 core_rx=488577315
BNO_CORE_EVENT kind=1 report_seq=244 uart_sequence=1597 sensor_raw=4294966596 sensor_converted=4294966596 xiao_rx=15732973 queue_push=15732978 core_rx=488581538
BNO_CORE_EVENT kind=1 report_seq=245 uart_sequence=1600 sensor_raw=4294966796 sensor_converted=4294966796 xiao_rx=15740817 queue_push=15740823 core_rx=488589482
BNO_CORE_EVENT kind=1 report_seq=246 uart_sequence=1602 sensor_raw=4294966796 sensor_converted=4294966796 xiao_rx=15748684 queue_push=15748689 core_rx=488598486
BNO_CORE_EVENT kind=1 report_seq=247 uart_sequence=1603 sensor_raw=4294966796 sensor_converted=4294966796 xiao_rx=15756574 queue_push=15756576 core_rx=488605491
BNO_CORE_EVENT kind=1 report_seq=248 uart_sequence=1605 sensor_raw=4294966796 sensor_converted=4294966796 xiao_rx=15764575 queue_push=15764583 core_rx=488613472
BNO_CORE_EVENT kind=1 report_seq=249 uart_sequence=1607 sensor_raw=4294966796 sensor_converted=4294966796 xiao_rx=15773226 queue_push=15773231 core_rx=488621472
BNO_CORE_EVENT kind=1 report_seq=250 uart_sequence=1608 sensor_raw=4294966796 sensor_converted=4294966796 xiao_rx=15780374 queue_push=15780380 core_rx=488628504
BNO_CORE_EVENT kind=1 report_seq=251 uart_sequence=1610 sensor_raw=4294966796 sensor_converted=4294966796 xiao_rx=15788489 queue_push=15788492 core_rx=488638466
BNO_CORE_EVENT kind=1 report_seq=252 uart_sequence=1613 sensor_raw=4294966796 sensor_converted=4294966796 xiao_rx=15797025 queue_push=15797037 core_rx=488646085
BNO_CORE_EVENT kind=1 report_seq=253 uart_sequence=1615 sensor_raw=4294966796 sensor_converted=4294966796 xiao_rx=15804246 queue_push=15804253 core_rx=488653483
BNO_CORE_EVENT kind=1 report_seq=254 uart_sequence=1616 sensor_raw=4294966796 sensor_converted=4294966796 xiao_rx=15812828 queue_push=15812836 core_rx=488662134
BNO_CORE_EVENT kind=1 report_seq=255 uart_sequence=1618 sensor_raw=4294966596 sensor_converted=4294966596 xiao_rx=15820259 queue_push=15820266 core_rx=488668476
BNO_CORE_EVENT kind=1 report_seq=0 uart_sequence=1619 sensor_raw=4294966796 sensor_converted=4294966796 xiao_rx=15827863 queue_push=15827866 core_rx=488676500
BNO_CORE_EVENT kind=1 report_seq=1 uart_sequence=1621 sensor_raw=4294966796 sensor_converted=4294966796 xiao_rx=15835819 queue_push=15835827 core_rx=488685517
BNO_CORE_EVENT kind=1 report_seq=2 uart_sequence=1625 sensor_raw=4294966796 sensor_converted=4294966796 xiao_rx=15843904 queue_push=15843909 core_rx=488692904
BNO_CORE_EVENT kind=1 report_seq=3 uart_sequence=1626 sensor_raw=4294966796 sensor_converted=4294966796 xiao_rx=15851598 queue_push=15851600 core_rx=488700491
BNO_CORE_EVENT kind=1 report_seq=4 uart_sequence=1628 sensor_raw=4294966796 sensor_converted=4294966796 xiao_rx=15859616 queue_push=15859624 core_rx=488708959
BNO_CORE_EVENT kind=1 report_seq=5 uart_sequence=1630 sensor_raw=4294966796 sensor_converted=4294966796 xiao_rx=15867456 queue_push=15867461 core_rx=488717372
BNO_CORE_EVENT kind=1 report_seq=6 uart_sequence=1631 sensor_raw=4294966796 sensor_converted=4294966796 xiao_rx=15875369 queue_push=15875374 core_rx=488723482
BNO_CORE_EVENT kind=1 report_seq=7 uart_sequence=1633 sensor_raw=4294966796 sensor_converted=4294966796 xiao_rx=15883271 queue_push=15883275 core_rx=488731478
BNO_CORE_EVENT kind=1 report_seq=8 uart_sequence=1636 sensor_raw=4294966796 sensor_converted=4294966796 xiao_rx=15891666 queue_push=15891674 core_rx=488743021
BNO_CORE_EVENT kind=1 report_seq=9 uart_sequence=1638 sensor_raw=4294966796 sensor_converted=4294966796 xiao_rx=15899889 queue_push=15899897 core_rx=488748552
BNO_CORE_EVENT kind=1 report_seq=10 uart_sequence=1640 sensor_raw=4294966796 sensor_converted=4294966796 xiao_rx=15907050 queue_push=15907056 core_rx=488755485
BNO_CORE_EVENT kind=1 report_seq=11 uart_sequence=1641 sensor_raw=4294966796 sensor_converted=4294966796 xiao_rx=15914971 queue_push=15914976 core_rx=488764543
BNO_CORE_EVENT kind=1 report_seq=12 uart_sequence=1644 sensor_raw=4294966796 sensor_converted=4294966796 xiao_rx=15922907 queue_push=15922914 core_rx=488775318
BNO_CORE_EVENT kind=1 report_seq=13 uart_sequence=1645 sensor_raw=4294966796 sensor_converted=4294966796 xiao_rx=15930964 queue_push=15930969 core_rx=488779494
BNO_CORE_EVENT kind=1 report_seq=14 uart_sequence=1647 sensor_raw=4294966796 sensor_converted=4294966796 xiao_rx=15938707 queue_push=15938711 core_rx=488787528
BNO_CORE_EVENT kind=1 report_seq=15 uart_sequence=1650 sensor_raw=4294966796 sensor_converted=4294966796 xiao_rx=15947406 queue_push=15947412 core_rx=488796450
BNO_CORE_EVENT kind=1 report_seq=16 uart_sequence=1651 sensor_raw=4294966796 sensor_converted=4294966796 xiao_rx=15954545 queue_push=15954548 core_rx=488803478
BNO_CORE_EVENT kind=1 report_seq=17 uart_sequence=1653 sensor_raw=4294966796 sensor_converted=4294966796 xiao_rx=15962477 queue_push=15962485 core_rx=488811469
BNO_CORE_EVENT kind=1 report_seq=18 uart_sequence=1655 sensor_raw=4294966796 sensor_converted=4294966796 xiao_rx=15970409 queue_push=15970414 core_rx=488819489
BNO_CORE_EVENT kind=1 report_seq=19 uart_sequence=1656 sensor_raw=4294966796 sensor_converted=4294966796 xiao_rx=15978327 queue_push=15978333 core_rx=488826422
BNO_CORE_EVENT kind=1 report_seq=20 uart_sequence=1657 sensor_raw=4294966796 sensor_converted=4294966796 xiao_rx=15986191 queue_push=15986194 core_rx=488834473
BNO_CORE_EVENT kind=1 report_seq=21 uart_sequence=1661 sensor_raw=4294966796 sensor_converted=4294966796 xiao_rx=15995067 queue_push=15995075 core_rx=488846234
BNO_CORE_EVENT kind=1 report_seq=22 uart_sequence=1664 sensor_raw=4294966796 sensor_converted=4294966796 xiao_rx=16001682 queue_push=16001687 core_rx=488851469
BNO_CORE_EVENT kind=1 report_seq=23 uart_sequence=1665 sensor_raw=4294966796 sensor_converted=4294966796 xiao_rx=16009991 queue_push=16009995 core_rx=488858159
BNO_CORE_EVENT kind=1 report_seq=24 uart_sequence=1666 sensor_raw=4294966796 sensor_converted=4294966796 xiao_rx=16017897 queue_push=16017901 core_rx=488866538
BNO_CORE_EVENT kind=1 report_seq=25 uart_sequence=1669 sensor_raw=4294966796 sensor_converted=4294966796 xiao_rx=16025843 queue_push=16025851 core_rx=488875462
BNO_CORE_EVENT kind=1 report_seq=26 uart_sequence=1671 sensor_raw=4294966796 sensor_converted=4294966796 xiao_rx=16033742 queue_push=16033748 core_rx=488882462
BNO_CORE_EVENT kind=1 report_seq=27 uart_sequence=1672 sensor_raw=4294966796 sensor_converted=4294966796 xiao_rx=16041690 queue_push=16041696 core_rx=488890494
BNO_CORE_EVENT kind=1 report_seq=28 uart_sequence=1675 sensor_raw=4294966796 sensor_converted=4294966796 xiao_rx=16049580 queue_push=16049582 core_rx=488898445
BNO_CORE_EVENT kind=1 report_seq=29 uart_sequence=1677 sensor_raw=4294966796 sensor_converted=4294966796 xiao_rx=16057535 queue_push=16057543 core_rx=488907445
BNO_CORE_EVENT kind=1 report_seq=30 uart_sequence=1679 sensor_raw=4294966796 sensor_converted=4294966796 xiao_rx=16065450 queue_push=16065456 core_rx=488916165
BNO_CORE_EVENT kind=1 report_seq=31 uart_sequence=1680 sensor_raw=4294966796 sensor_converted=4294966796 xiao_rx=16073322 queue_push=16073327 core_rx=488921463
BNO_CORE_EVENT kind=1 report_seq=32 uart_sequence=1682 sensor_raw=4294966796 sensor_converted=4294966796 xiao_rx=16081221 queue_push=16081225 core_rx=488929446
BNO_CORE_EVENT kind=1 report_seq=33 uart_sequence=1684 sensor_raw=4294966796 sensor_converted=4294966796 xiao_rx=16089183 queue_push=16089191 core_rx=488939297
BNO_CORE_EVENT kind=1 report_seq=34 uart_sequence=1689 sensor_raw=4294966596 sensor_converted=4294966596 xiao_rx=16098308 queue_push=16098316 core_rx=488948441
BNO_CORE_EVENT kind=1 report_seq=35 uart_sequence=1690 sensor_raw=4294966796 sensor_converted=4294966796 xiao_rx=16105055 queue_push=16105061 core_rx=488953457
BNO_CORE_EVENT kind=1 report_seq=36 uart_sequence=1691 sensor_raw=4294966796 sensor_converted=4294966796 xiao_rx=16112897 queue_push=16112903 core_rx=488961464
BNO_CORE_EVENT kind=1 report_seq=37 uart_sequence=1693 sensor_raw=4294966796 sensor_converted=4294966796 xiao_rx=16121750 queue_push=16121758 core_rx=488973303
BNO_CORE_EVENT kind=1 report_seq=38 uart_sequence=1695 sensor_raw=4294966796 sensor_converted=4294966796 xiao_rx=16129228 queue_push=16129237 core_rx=488977521
BNO_CORE_EVENT kind=1 report_seq=39 uart_sequence=1697 sensor_raw=4294966796 sensor_converted=4294966796 xiao_rx=16136693 queue_push=16136699 core_rx=488985496
BNO_CORE_EVENT kind=1 report_seq=40 uart_sequence=1699 sensor_raw=4294966796 sensor_converted=4294966796 xiao_rx=16144650 queue_push=16144656 core_rx=488994486
BNO_CORE_EVENT kind=1 report_seq=41 uart_sequence=1701 sensor_raw=4294966796 sensor_converted=4294966796 xiao_rx=16152449 queue_push=16152451 core_rx=489002496
BNO_CORE_EVENT kind=1 report_seq=42 uart_sequence=1703 sensor_raw=4294966796 sensor_converted=4294966796 xiao_rx=16161086 queue_push=16161094 core_rx=489009482
BNO_CORE_EVENT kind=1 report_seq=43 uart_sequence=1705 sensor_raw=4294966796 sensor_converted=4294966796 xiao_rx=16168364 queue_push=16168370 core_rx=489016478
BNO_CORE_EVENT kind=1 report_seq=44 uart_sequence=1706 sensor_raw=4294966796 sensor_converted=4294966796 xiao_rx=16176256 queue_push=16176261 core_rx=489024493
BNO_CORE_EVENT kind=1 report_seq=45 uart_sequence=1707 sensor_raw=4294966796 sensor_converted=4294966796 xiao_rx=16184145 queue_push=16184147 core_rx=489032489
BNO_CORE_EVENT kind=1 report_seq=46 uart_sequence=1710 sensor_raw=4294966796 sensor_converted=4294966796 xiao_rx=16193652 queue_push=16193664 core_rx=489042487
BNO_CORE_EVENT kind=1 report_seq=47 uart_sequence=1714 sensor_raw=4294966796 sensor_converted=4294966796 xiao_rx=16201707 queue_push=16201712 core_rx=489051485
BNO_CORE_EVENT kind=1 report_seq=48 uart_sequence=1715 sensor_raw=4294966796 sensor_converted=4294966796 xiao_rx=16208041 queue_push=16208047 core_rx=489057493
BNO_CORE_EVENT kind=1 report_seq=49 uart_sequence=1716 sensor_raw=4294966796 sensor_converted=4294966796 xiao_rx=16215810 queue_push=16215812 core_rx=489065491
BNO_CORE_EVENT kind=1 report_seq=50 uart_sequence=1718 sensor_raw=4294966796 sensor_converted=4294966796 xiao_rx=16223795 queue_push=16223803 core_rx=489072543
BNO_CORE_EVENT kind=1 report_seq=51 uart_sequence=1721 sensor_raw=4294966796 sensor_converted=4294966796 xiao_rx=16231697 queue_push=16231704 core_rx=489080447
BNO_CORE_EVENT kind=1 report_seq=52 uart_sequence=1722 sensor_raw=4294966796 sensor_converted=4294966796 xiao_rx=16239589 queue_push=16239595 core_rx=489088485
BNO_CORE_EVENT kind=1 report_seq=53 uart_sequence=1724 sensor_raw=4294966796 sensor_converted=4294966796 xiao_rx=16247508 queue_push=16247532 core_rx=489097506
BNO_CORE_EVENT kind=1 report_seq=54 uart_sequence=1727 sensor_raw=4294966796 sensor_converted=4294966796 xiao_rx=16256256 queue_push=16256264 core_rx=489105578
BNO_CORE_EVENT kind=1 report_seq=55 uart_sequence=1729 sensor_raw=4294966796 sensor_converted=4294966796 xiao_rx=16263394 queue_push=16263400 core_rx=489112443
BNO_CORE_EVENT kind=1 report_seq=56 uart_sequence=1730 sensor_raw=4294966796 sensor_converted=4294966796 xiao_rx=16271287 queue_push=16271292 core_rx=489120492
BNO_CORE_EVENT kind=1 report_seq=57 uart_sequence=1731 sensor_raw=4294966796 sensor_converted=4294966796 xiao_rx=16279174 queue_push=16279177 core_rx=489127539
BNO_CORE_EVENT kind=1 report_seq=58 uart_sequence=1734 sensor_raw=4294966796 sensor_converted=4294966796 xiao_rx=16287140 queue_push=16287148 core_rx=489136964
BNO_CORE_EVENT kind=1 report_seq=59 uart_sequence=1737 sensor_raw=4294966796 sensor_converted=4294966796 xiao_rx=16295435 queue_push=16295443 core_rx=489145352
BNO_CORE_EVENT kind=1 report_seq=60 uart_sequence=1739 sensor_raw=4294966796 sensor_converted=4294966796 xiao_rx=16302985 queue_push=16302990 core_rx=489151444
BNO_CORE_EVENT kind=1 report_seq=61 uart_sequence=1740 sensor_raw=4294966796 sensor_converted=4294966796 xiao_rx=16310835 queue_push=16310838 core_rx=489159489
BNO_CORE_EVENT kind=1 report_seq=62 uart_sequence=1742 sensor_raw=4294966796 sensor_converted=4294966796 xiao_rx=16319756 queue_push=16319768 core_rx=489170315
BNO_CORE_EVENT kind=1 report_seq=63 uart_sequence=1743 sensor_raw=4294966796 sensor_converted=4294966796 xiao_rx=16326686 queue_push=16326691 core_rx=489175538
BNO_CORE_EVENT kind=1 report_seq=64 uart_sequence=1746 sensor_raw=4294966796 sensor_converted=4294966796 xiao_rx=16335083 queue_push=16335089 core_rx=489183470
BNO_CORE_EVENT kind=1 report_seq=65 uart_sequence=1747 sensor_raw=4294966796 sensor_converted=4294966796 xiao_rx=16342532 queue_push=16342538 core_rx=489192490
BNO_CORE_EVENT kind=1 report_seq=66 uart_sequence=1749 sensor_raw=4294966596 sensor_converted=4294966596 xiao_rx=16350590 queue_push=16350593 core_rx=489199503
XIAO UART baud=921600 rx=GPIO8 tx=GPIO9 bytes=7774336 frames=539 bytes_s=27376 frames_s=247 crc/cobs/len=0/0/0 seqgap=0 age_ms=0 type=11 log=1 q=0 rec=150 final=0
RXDIAG max_us=4290 budget_hits=0 byte/frame/time=0/0/0 rx_buf_max=388 loop_period_max_us=904014 loop_exec_max_us=899046 free_heap=138984 min_free_heap=138804 reset_reason=0 bno_kind_1to5_s=126/0/0/0/0 queue=0 high=9 drops=0
BNO_CORE_EVENT kind=1 report_seq=67 uart_sequence=1753 sensor_raw=4294966796 sensor_converted=4294966796 xiao_rx=16359127 queue_push=16359135 core_rx=489209398
RXDETAIL service_calls=401563 service_bytes_avg=19 service_bytes_max=388 service_frames_avg=0 service_frames_avg_x1000=139 service_frames_max=5 service_bytes_s=27548 service_frames_s=249 rxbuf_full_obs=0 bno_valid=276 bno_invalid=0 unknown=0 uart_overflow=framework_unavailable trial_rx_bytes=59124 trial_frames=537 trial_bno=276 trial_crc/cobs/len=0/0/0
RXTASK mode=decode_count read_calls=401564 zero_reads=330518 read_bytes_max=388 rx_task_max_us=4290 rx_task_continuous_max_us=4290 stack_hwm_min_bytes=4472 cobs_delimiters=55947 rx_current=0 rx_max=388 rx_full=0 overflow=framework_unavailable
SDTASK max_process_us=55159
BNO_CORE_EVENT kind=1 report_seq=68 uart_sequence=1755 sensor_raw=4294966796 sensor_converted=4294966796 xiao_rx=16366316 queue_push=16366322 core_rx=489214458
BNO_CORE_EVENT kind=1 report_seq=69 uart_sequence=1756 sensor_raw=4294966796 sensor_converted=4294966796 xiao_rx=16374178 queue_push=16374184 core_rx=489222489
BNO_CORE_EVENT kind=1 report_seq=70 uart_sequence=1757 sensor_raw=4294966796 sensor_converted=4294966796 xiao_rx=16382102 queue_push=16382104 core_rx=489231484
BNO_CORE_EVENT kind=1 report_seq=71 uart_sequence=1759 sensor_raw=4294966796 sensor_converted=4294966796 xiao_rx=16390090 queue_push=16390098 core_rx=489238525
BNO_CORE_EVENT kind=1 report_seq=72 uart_sequence=1762 sensor_raw=4294966796 sensor_converted=4294966796 xiao_rx=16398718 queue_push=16398726 core_rx=489247475
BNO_CORE_EVENT kind=1 report_seq=73 uart_sequence=1764 sensor_raw=4294966796 sensor_converted=4294966796 xiao_rx=16405915 queue_push=16405920 core_rx=489254473
BNO_CORE_EVENT kind=1 report_seq=74 uart_sequence=1765 sensor_raw=4294966796 sensor_converted=4294966796 xiao_rx=16413788 queue_push=16413792 core_rx=489262494
BNO_CORE_EVENT kind=1 report_seq=75 uart_sequence=1767 sensor_raw=4294966796 sensor_converted=4294966796 xiao_rx=16422537 queue_push=16422544 core_rx=489271465
BNO_CORE_EVENT kind=1 report_seq=76 uart_sequence=1769 sensor_raw=4294966796 sensor_converted=4294966796 xiao_rx=16430380 queue_push=16430385 core_rx=489280519
BNO_CORE_EVENT kind=1 report_seq=77 uart_sequence=1771 sensor_raw=4294966796 sensor_converted=4294966796 xiao_rx=16438069 queue_push=16438075 core_rx=489286481
BNO_CORE_EVENT kind=1 report_seq=78 uart_sequence=1773 sensor_raw=4294966796 sensor_converted=4294966796 xiao_rx=16445434 queue_push=16445435 core_rx=489294440
BNO_CORE_EVENT kind=1 report_seq=79 uart_sequence=1775 sensor_raw=4294966796 sensor_converted=4294966796 xiao_rx=16454153 queue_push=16454161 core_rx=489302490
BNO_CORE_EVENT kind=1 report_seq=80 uart_sequence=1778 sensor_raw=4294966796 sensor_converted=4294966796 xiao_rx=16462117 queue_push=16462122 core_rx=489310444
BNO_CORE_EVENT kind=1 report_seq=81 uart_sequence=1779 sensor_raw=4294966796 sensor_converted=4294966796 xiao_rx=16469234 queue_push=16469239 core_rx=489317496
BNO_CORE_EVENT kind=1 report_seq=82 uart_sequence=1782 sensor_raw=4294966796 sensor_converted=4294966796 xiao_rx=16485073 queue_push=16485082 core_rx=489335324
BNO_CORE_EVENT kind=1 report_seq=83 uart_sequence=1783 sensor_raw=4294966796 sensor_converted=4294966796 xiao_rx=16492978 queue_push=16492982 core_rx=489341547
BNO_CORE_EVENT kind=1 report_seq=84 uart_sequence=1786 sensor_raw=4294966796 sensor_converted=4294966796 xiao_rx=16501649 queue_push=16501657 core_rx=489350473
BNO_CORE_EVENT kind=1 report_seq=85 uart_sequence=1787 sensor_raw=4294966796 sensor_converted=4294966796 xiao_rx=16508799 queue_push=16508804 core_rx=489357520
BNO_CORE_EVENT kind=1 report_seq=86 uart_sequence=1790 sensor_raw=4294966796 sensor_converted=4294966796 xiao_rx=16517707 queue_push=16517714 core_rx=489368317
BNO_CORE_EVENT kind=1 report_seq=87 uart_sequence=1791 sensor_raw=4294966796 sensor_converted=4294966796 xiao_rx=16524674 queue_push=16524679 core_rx=489373513
BNO_CORE_EVENT kind=1 report_seq=88 uart_sequence=1793 sensor_raw=4294966796 sensor_converted=4294966796 xiao_rx=16532580 queue_push=16532585 core_rx=489382522
BNO_CORE_EVENT kind=1 report_seq=89 uart_sequence=1795 sensor_raw=4294966796 sensor_converted=4294966796 xiao_rx=16540474 queue_push=16540482 core_rx=489389453
BNO_CORE_EVENT kind=1 report_seq=90 uart_sequence=1797 sensor_raw=4294966796 sensor_converted=4294966796 xiao_rx=16548396 queue_push=16548398 core_rx=489396462
BNO_CORE_EVENT kind=1 report_seq=91 uart_sequence=1799 sensor_raw=4294966796 sensor_converted=4294966796 xiao_rx=16556321 queue_push=16556329 core_rx=489405464
BNO_CORE_EVENT kind=1 report_seq=92 uart_sequence=1802 sensor_raw=4294966796 sensor_converted=4294966796 xiao_rx=16565005 queue_push=16565011 core_rx=489413453
BNO_CORE_EVENT kind=1 report_seq=93 uart_sequence=1803 sensor_raw=4294966796 sensor_converted=4294966796 xiao_rx=16572166 queue_push=16572170 core_rx=489421490
BNO_CORE_EVENT kind=1 report_seq=94 uart_sequence=1804 sensor_raw=4294966796 sensor_converted=4294966796 xiao_rx=16580054 queue_push=16580057 core_rx=489428490
BNO_CORE_EVENT kind=1 report_seq=95 uart_sequence=1806 sensor_raw=4294966796 sensor_converted=4294966796 xiao_rx=16588009 queue_push=16588017 core_rx=489436469
BNO_CORE_EVENT kind=1 report_seq=96 uart_sequence=1808 sensor_raw=4294966796 sensor_converted=4294966796 xiao_rx=16596676 queue_push=16596682 core_rx=489445525
BNO_CORE_EVENT kind=1 report_seq=97 uart_sequence=1810 sensor_raw=4294966596 sensor_converted=4294966596 xiao_rx=16603991 queue_push=16603998 core_rx=489452477
BNO_CORE_EVENT kind=1 report_seq=98 uart_sequence=1812 sensor_raw=4294966796 sensor_converted=4294966796 xiao_rx=16612491 queue_push=16612494 core_rx=489461459
BNO_CORE_EVENT kind=1 report_seq=99 uart_sequence=1814 sensor_raw=4294966796 sensor_converted=4294966796 xiao_rx=16619675 queue_push=16619683 core_rx=489468471
BNO_CORE_EVENT kind=1 report_seq=100 uart_sequence=1816 sensor_raw=4294966796 sensor_converted=4294966796 xiao_rx=16628336 queue_push=16628341 core_rx=489477462
BNO_CORE_EVENT kind=1 report_seq=101 uart_sequence=1817 sensor_raw=4294966796 sensor_converted=4294966796 xiao_rx=16635494 queue_push=16635499 core_rx=489484523
BNO_CORE_EVENT kind=1 report_seq=102 uart_sequence=1819 sensor_raw=4294966796 sensor_converted=4294966796 xiao_rx=16643394 queue_push=16643399 core_rx=489492476
BNO_CORE_EVENT kind=1 report_seq=103 uart_sequence=1823 sensor_raw=4294966796 sensor_converted=4294966796 xiao_rx=16652112 queue_push=16652120 core_rx=489502102
BNO_CORE_EVENT kind=1 report_seq=104 uart_sequence=1824 sensor_raw=4294966796 sensor_converted=4294966796 xiao_rx=16659233 queue_push=16659239 core_rx=489508530
BNO_CORE_EVENT kind=1 report_seq=105 uart_sequence=1827 sensor_raw=4294966796 sensor_converted=4294966796 xiao_rx=16667938 queue_push=16667944 core_rx=489516485
BNO_CORE_EVENT kind=1 report_seq=106 uart_sequence=1828 sensor_raw=4294966796 sensor_converted=4294966796 xiao_rx=16675082 queue_push=16675084 core_rx=489523493
BNO_CORE_EVENT kind=1 report_seq=107 uart_sequence=1831 sensor_raw=4294966796 sensor_converted=4294966796 xiao_rx=16684747 queue_push=16684754 core_rx=489533108
BNO_CORE_EVENT kind=1 report_seq=108 uart_sequence=1833 sensor_raw=4294966796 sensor_converted=4294966796 xiao_rx=16691124 queue_push=16691130 core_rx=489540114
BNO_CORE_EVENT kind=1 report_seq=109 uart_sequence=1834 sensor_raw=4294966796 sensor_converted=4294966796 xiao_rx=16698868 queue_push=16698873 core_rx=489548495
BNO_CORE_EVENT kind=1 report_seq=110 uart_sequence=1836 sensor_raw=4294966796 sensor_converted=4294966796 xiao_rx=16706797 queue_push=16706805 core_rx=489555492
BNO_CORE_EVENT kind=1 report_seq=111 uart_sequence=1837 sensor_raw=4294966796 sensor_converted=4294966796 xiao_rx=16714651 queue_push=16714653 core_rx=489564511
BNO_CORE_EVENT kind=1 report_seq=112 uart_sequence=1840 sensor_raw=4294966796 sensor_converted=4294966796 xiao_rx=16723390 queue_push=16723398 core_rx=489572738
BNO_CORE_EVENT kind=1 report_seq=113 uart_sequence=1842 sensor_raw=4294966796 sensor_converted=4294966796 xiao_rx=16730577 queue_push=16730583 core_rx=489579488
BNO_CORE_EVENT kind=1 report_seq=114 uart_sequence=1843 sensor_raw=4294966796 sensor_converted=4294966796 xiao_rx=16738425 queue_push=16738431 core_rx=489587531
BNO_CORE_EVENT kind=1 report_seq=115 uart_sequence=1847 sensor_raw=4294966796 sensor_converted=4294966796 xiao_rx=16746365 queue_push=16746373 core_rx=489598128
BNO_CORE_EVENT kind=1 report_seq=116 uart_sequence=1848 sensor_raw=4294966596 sensor_converted=4294966596 xiao_rx=16755069 queue_push=16755074 core_rx=489603518
BNO_CORE_EVENT kind=1 report_seq=117 uart_sequence=1850 sensor_raw=4294966796 sensor_converted=4294966796 xiao_rx=16762231 queue_push=16762236 core_rx=489610482
BNO_CORE_EVENT kind=1 report_seq=118 uart_sequence=1852 sensor_raw=4294966796 sensor_converted=4294966796 xiao_rx=16770491 queue_push=16770496 core_rx=489619483
BNO_CORE_EVENT kind=1 report_seq=119 uart_sequence=1853 sensor_raw=4294966796 sensor_converted=4294966796 xiao_rx=16778008 queue_push=16778010 core_rx=489626483
BNO_CORE_EVENT kind=1 report_seq=120 uart_sequence=1855 sensor_raw=4294966796 sensor_converted=4294966796 xiao_rx=16785995 queue_push=16786003 core_rx=489634473
BNO_CORE_EVENT kind=1 report_seq=121 uart_sequence=1857 sensor_raw=4294966796 sensor_converted=4294966796 xiao_rx=16793892 queue_push=16793898 core_rx=489642471
BNO_CORE_EVENT kind=1 report_seq=122 uart_sequence=1858 sensor_raw=4294966796 sensor_converted=4294966796 xiao_rx=16801843 queue_push=16801847 core_rx=489650493
BNO_CORE_EVENT kind=1 report_seq=123 uart_sequence=1859 sensor_raw=4294966796 sensor_converted=4294966796 xiao_rx=16809678 queue_push=16809681 core_rx=489658490
BNO_CORE_EVENT kind=1 report_seq=124 uart_sequence=1861 sensor_raw=4294966796 sensor_converted=4294966796 xiao_rx=16818444 queue_push=16818452 core_rx=489667508
BNO_CORE_EVENT kind=1 report_seq=125 uart_sequence=1864 sensor_raw=4294966796 sensor_converted=4294966796 xiao_rx=16826344 queue_push=16826356 core_rx=489677453
BNO_CORE_EVENT kind=1 report_seq=126 uart_sequence=1866 sensor_raw=4294966796 sensor_converted=4294966796 xiao_rx=16834437 queue_push=16834443 core_rx=489684483
BNO_CORE_EVENT kind=1 report_seq=127 uart_sequence=1867 sensor_raw=4294966796 sensor_converted=4294966796 xiao_rx=16841372 queue_push=16841375 core_rx=489689504
BNO_CORE_EVENT kind=1 report_seq=128 uart_sequence=1871 sensor_raw=4294966796 sensor_converted=4294966796 xiao_rx=16850178 queue_push=16850183 core_rx=489699472
BNO_CORE_EVENT kind=1 report_seq=129 uart_sequence=1873 sensor_raw=4294966796 sensor_converted=4294966796 xiao_rx=16857417 queue_push=16857424 core_rx=489706144
BNO_CORE_EVENT kind=1 report_seq=130 uart_sequence=1874 sensor_raw=4294966796 sensor_converted=4294966796 xiao_rx=16865149 queue_push=16865155 core_rx=489713486
BNO_CORE_EVENT kind=1 report_seq=131 uart_sequence=1876 sensor_raw=4294966796 sensor_converted=4294966796 xiao_rx=16873071 queue_push=16873074 core_rx=489722471
BNO_CORE_EVENT kind=1 report_seq=132 uart_sequence=1878 sensor_raw=4294966796 sensor_converted=4294966796 xiao_rx=16881938 queue_push=16881945 core_rx=489730507
BNO_CORE_EVENT kind=1 report_seq=133 uart_sequence=1881 sensor_raw=4294966796 sensor_converted=4294966796 xiao_rx=16888896 queue_push=16888903 core_rx=489738444
BNO_CORE_EVENT kind=1 report_seq=134 uart_sequence=1882 sensor_raw=4294966796 sensor_converted=4294966796 xiao_rx=16896776 queue_push=16896780 core_rx=489746235
BNO_CORE_EVENT kind=1 report_seq=135 uart_sequence=1883 sensor_raw=4294966796 sensor_converted=4294966796 xiao_rx=16904713 queue_push=16904716 core_rx=489753492
BNO_CORE_EVENT kind=1 report_seq=136 uart_sequence=1885 sensor_raw=4294966796 sensor_converted=4294966796 xiao_rx=16912724 queue_push=16912730 core_rx=489763316
BNO_CORE_EVENT kind=1 report_seq=137 uart_sequence=1887 sensor_raw=4294966796 sensor_converted=4294966796 xiao_rx=16920590 queue_push=16920598 core_rx=489769526
BNO_CORE_EVENT kind=1 report_seq=138 uart_sequence=1890 sensor_raw=4294966796 sensor_converted=4294966796 xiao_rx=16929160 queue_push=16929165 core_rx=489777132
BNO_CORE_EVENT kind=1 report_seq=139 uart_sequence=1891 sensor_raw=4294966796 sensor_converted=4294966796 xiao_rx=16936377 queue_push=16936383 core_rx=489784493
BNO_CORE_EVENT kind=1 report_seq=140 uart_sequence=1893 sensor_raw=4294966796 sensor_converted=4294966796 xiao_rx=16944352 queue_push=16944359 core_rx=489796344
BNO_CORE_EVENT kind=1 report_seq=141 uart_sequence=1896 sensor_raw=4294966796 sensor_converted=4294966796 xiao_rx=16953046 queue_push=16953053 core_rx=489801189
BNO_CORE_EVENT kind=1 report_seq=142 uart_sequence=1898 sensor_raw=4294966796 sensor_converted=4294966796 xiao_rx=16960180 queue_push=16960184 core_rx=489808373
BNO_CORE_EVENT kind=1 report_seq=143 uart_sequence=1899 sensor_raw=4294966796 sensor_converted=4294966796 xiao_rx=16968044 queue_push=16968050 core_rx=489816471
BNO_CORE_EVENT kind=1 report_seq=144 uart_sequence=1901 sensor_raw=4294966796 sensor_converted=4294966796 xiao_rx=16975971 queue_push=16975974 core_rx=489825443
BNO_CORE_EVENT kind=1 report_seq=145 uart_sequence=1903 sensor_raw=4294966796 sensor_converted=4294966796 xiao_rx=16983921 queue_push=16983929 core_rx=489833490
BNO_CORE_EVENT kind=1 report_seq=146 uart_sequence=1905 sensor_raw=4294966796 sensor_converted=4294966796 xiao_rx=16991846 queue_push=16991851 core_rx=489840448
BNO_CORE_EVENT kind=1 report_seq=147 uart_sequence=1906 sensor_raw=4294966796 sensor_converted=4294966796 xiao_rx=16999768 queue_push=16999773 core_rx=489848463
BNO_CORE_EVENT kind=1 report_seq=148 uart_sequence=1907 sensor_raw=4294966796 sensor_converted=4294966796 xiao_rx=17007671 queue_push=17007674 core_rx=489856467
BNO_CORE_EVENT kind=1 report_seq=149 uart_sequence=1910 sensor_raw=4294966796 sensor_converted=4294966796 xiao_rx=17016672 queue_push=17016680 core_rx=489865468
BNO_CORE_EVENT kind=1 report_seq=150 uart_sequence=1913 sensor_raw=4294966796 sensor_converted=4294966796 xiao_rx=17023536 queue_push=17023541 core_rx=489873508
BNO_CORE_EVENT kind=1 report_seq=151 uart_sequence=1915 sensor_raw=4294966796 sensor_converted=4294966796 xiao_rx=17031552 queue_push=17031557 core_rx=489880444
BNO_CORE_EVENT kind=1 report_seq=152 uart_sequence=1916 sensor_raw=4294966796 sensor_converted=4294966796 xiao_rx=17039297 queue_push=17039299 core_rx=489887473
BNO_CORE_EVENT kind=1 report_seq=153 uart_sequence=1919 sensor_raw=4294966796 sensor_converted=4294966796 xiao_rx=17048237 queue_push=17048244 core_rx=489897463
BNO_CORE_EVENT kind=1 report_seq=154 uart_sequence=1922 sensor_raw=4294966796 sensor_converted=4294966796 xiao_rx=17056074 queue_push=17056080 core_rx=489904464
BNO_CORE_EVENT kind=1 report_seq=155 uart_sequence=1923 sensor_raw=4294966796 sensor_converted=4294966796 xiao_rx=17063074 queue_push=17063079 core_rx=489911460
BNO_CORE_EVENT kind=1 report_seq=156 uart_sequence=1924 sensor_raw=4294966796 sensor_converted=4294966796 xiao_rx=17070962 queue_push=17070964 core_rx=489919460
BNO_CORE_EVENT kind=1 report_seq=157 uart_sequence=1926 sensor_raw=4294966796 sensor_converted=4294966796 xiao_rx=17080172 queue_push=17080180 core_rx=489928446
BNO_CORE_EVENT kind=1 report_seq=158 uart_sequence=1930 sensor_raw=4294966796 sensor_converted=4294966796 xiao_rx=17088164 queue_push=17088170 core_rx=489937463
BNO_CORE_EVENT kind=1 report_seq=159 uart_sequence=1931 sensor_raw=4294966796 sensor_converted=4294966796 xiao_rx=17094737 queue_push=17094743 core_rx=489943471
BNO_CORE_EVENT kind=1 report_seq=160 uart_sequence=1932 sensor_raw=4294966796 sensor_converted=4294966796 xiao_rx=17102672 queue_push=17102675 core_rx=489951477
BNO_CORE_EVENT kind=1 report_seq=161 uart_sequence=1934 sensor_raw=4294966796 sensor_converted=4294966796 xiao_rx=17110814 queue_push=17110821 core_rx=489961296
BNO_CORE_EVENT kind=1 report_seq=162 uart_sequence=1936 sensor_raw=4294966796 sensor_converted=4294966796 xiao_rx=17118503 queue_push=17118520 core_rx=489967482
BNO_CORE_EVENT kind=1 report_seq=163 uart_sequence=1938 sensor_raw=4294966796 sensor_converted=4294966796 xiao_rx=17126444 queue_push=17126450 core_rx=489975445
BNO_CORE_EVENT kind=1 report_seq=164 uart_sequence=1939 sensor_raw=4294966796 sensor_converted=4294966796 xiao_rx=17134326 queue_push=17134329 core_rx=489983229
BNO_CORE_EVENT kind=1 report_seq=165 uart_sequence=1942 sensor_raw=4294966796 sensor_converted=4294966796 xiao_rx=17142726 queue_push=17142734 core_rx=489992868
BNO_CORE_EVENT kind=1 report_seq=166 uart_sequence=1945 sensor_raw=4294966796 sensor_converted=4294966796 xiao_rx=17150212 queue_push=17150221 core_rx=489998464
BNO_CORE_EVENT kind=1 report_seq=167 uart_sequence=1948 sensor_raw=4294966796 sensor_converted=4294966796 xiao_rx=17158172 queue_push=17158180 core_rx=490007477
BNO_CORE_EVENT kind=1 report_seq=168 uart_sequence=1949 sensor_raw=4294966796 sensor_converted=4294966796 xiao_rx=17166009 queue_push=17166014 core_rx=490015493
BNO_CORE_EVENT kind=1 report_seq=169 uart_sequence=1951 sensor_raw=4294966796 sensor_converted=4294966796 xiao_rx=17174002 queue_push=17174008 core_rx=490025910
BNO_CORE_EVENT kind=1 report_seq=170 uart_sequence=1952 sensor_raw=4294966796 sensor_converted=4294966796 xiao_rx=17181992 queue_push=17181999 core_rx=490030483
BNO_CORE_EVENT kind=1 report_seq=171 uart_sequence=1955 sensor_raw=4294966796 sensor_converted=4294966796 xiao_rx=17190504 queue_push=17190533 core_rx=490039483
BNO_CORE_EVENT kind=1 report_seq=172 uart_sequence=1956 sensor_raw=4294966796 sensor_converted=4294966796 xiao_rx=17197694 queue_push=17197699 core_rx=490046486
BNO_CORE_EVENT kind=1 report_seq=173 uart_sequence=1957 sensor_raw=4294966796 sensor_converted=4294966796 xiao_rx=17205564 queue_push=17205568 core_rx=490054484
BNO_CORE_EVENT kind=1 report_seq=174 uart_sequence=1959 sensor_raw=4294966796 sensor_converted=4294966796 xiao_rx=17213505 queue_push=17213534 core_rx=490062471
BNO_CORE_EVENT kind=1 report_seq=175 uart_sequence=1961 sensor_raw=4294966796 sensor_converted=4294966796 xiao_rx=17221834 queue_push=17221839 core_rx=490070466
BNO_CORE_EVENT kind=1 report_seq=176 uart_sequence=1962 sensor_raw=4294966796 sensor_converted=4294966796 xiao_rx=17229358 queue_push=17229364 core_rx=490077484
BNO_CORE_EVENT kind=1 report_seq=177 uart_sequence=1963 sensor_raw=4294966796 sensor_converted=4294966796 xiao_rx=17237248 queue_push=17237250 core_rx=490085489
BNO_CORE_EVENT kind=1 report_seq=178 uart_sequence=1968 sensor_raw=4294966796 sensor_converted=4294966796 xiao_rx=17246687 queue_push=17246695 core_rx=490096504
BNO_CORE_EVENT kind=1 report_seq=179 uart_sequence=1971 sensor_raw=4294966796 sensor_converted=4294966796 xiao_rx=17253352 queue_push=17253357 core_rx=490101192
BNO_CORE_EVENT kind=1 report_seq=180 uart_sequence=1973 sensor_raw=4294966796 sensor_converted=4294966796 xiao_rx=17261012 queue_push=17261020 core_rx=490109483
BNO_CORE_EVENT kind=1 report_seq=181 uart_sequence=1974 sensor_raw=4294966796 sensor_converted=4294966796 xiao_rx=17268916 queue_push=17268918 core_rx=490117493
BNO_CORE_EVENT kind=1 report_seq=182 uart_sequence=1976 sensor_raw=4294966796 sensor_converted=4294966796 xiao_rx=17278274 queue_push=17278281 core_rx=490126462
BNO_CORE_EVENT kind=1 report_seq=183 uart_sequence=1978 sensor_raw=4294966796 sensor_converted=4294966796 xiao_rx=17284959 queue_push=17284964 core_rx=490133453
BNO_CORE_EVENT kind=1 report_seq=184 uart_sequence=1980 sensor_raw=4294966796 sensor_converted=4294966796 xiao_rx=17292662 queue_push=17292667 core_rx=490142509
BNO_CORE_EVENT kind=1 report_seq=185 uart_sequence=1982 sensor_raw=4294966796 sensor_converted=4294966796 xiao_rx=17300589 queue_push=17300591 core_rx=490149479
BNO_CORE_EVENT kind=1 report_seq=186 uart_sequence=1984 sensor_raw=4294966796 sensor_converted=4294966796 xiao_rx=17307902 queue_push=17307910 core_rx=490157910
BNO_CORE_EVENT kind=1 report_seq=187 uart_sequence=1986 sensor_raw=4294966796 sensor_converted=4294966796 xiao_rx=17316438 queue_push=17316443 core_rx=490166370
BNO_CORE_EVENT kind=1 report_seq=188 uart_sequence=1987 sensor_raw=4294966796 sensor_converted=4294966796 xiao_rx=17324358 queue_push=17324363 core_rx=490172488
BNO_CORE_EVENT kind=1 report_seq=189 uart_sequence=1988 sensor_raw=4294966796 sensor_converted=4294966796 xiao_rx=17332251 queue_push=17332255 core_rx=490180485
BNO_CORE_EVENT kind=1 report_seq=190 uart_sequence=1990 sensor_raw=4294966796 sensor_converted=4294966796 xiao_rx=17340720 queue_push=17340727 core_rx=490191349
BNO_CORE_EVENT kind=1 report_seq=191 uart_sequence=1994 sensor_raw=4294966796 sensor_converted=4294966796 xiao_rx=17348931 queue_push=17348939 core_rx=490198403
BNO_CORE_EVENT kind=1 report_seq=192 uart_sequence=1996 sensor_raw=4294966796 sensor_converted=4294966796 xiao_rx=17356026 queue_push=17356032 core_rx=490204499
XIAO UART baud=921600 rx=GPIO8 tx=GPIO9 bytes=7801440 frames=785 bytes_s=27104 frames_s=246 crc/cobs/len=0/0/0 seqgap=0 age_ms=0 type=11 log=1 q=0 rec=203 final=0
RXDIAG max_us=4290 budget_hits=0 byte/frame/time=0/0/0 rx_buf_max=388 loop_period_max_us=904014 loop_exec_max_us=899046 free_heap=138984 min_free_heap=138804 reset_reason=0 bno_kind_1to5_s=126/0/0/0/0 queue=0 high=12 drops=0
RXDETAIL service_calls=402244 service_bytes_avg=19 service_bytes_max=388 service_frames_avg=0 service_frames_avg_x1000=139 service_frames_max=5 service_bytes_s=26932 service_frames_s=244 rxbuf_full_obs=0 bno_valid=401 bno_invalid=0 unknown=0 uart_overflow=framework_unavailable trial_rx_bytes=86056 trial_frames=781 trial_bno=401 trial_crc/cobs/len=0/0/0
BNO_CORE_EVENT kind=1 report_seq=193 uart_sequence=1999 sensor_raw=4294966596 sensor_converted=4294966596 xiao_rx=17364084 queue_push=17364092 core_rx=490212459
RXTASK mode=decode_count read_calls=402245 zero_reads=330943 read_bytes_max=388 rx_task_max_us=4290 rx_task_continuous_max_us=4290 stack_hwm_min_bytes=4472 cobs_delimiters=56192 rx_current=0 rx_max=388 rx_full=0 overflow=framework_unavailable
SDTASK max_process_us=85917
BNO_CORE_EVENT kind=1 report_seq=194 uart_sequence=2000 sensor_raw=4294966796 sensor_converted=4294966796 xiao_rx=17371838 queue_push=17371840 core_rx=490220492
BNO_CORE_EVENT kind=1 report_seq=195 uart_sequence=2002 sensor_raw=4294966796 sensor_converted=4294966796 xiao_rx=17379768 queue_push=17379777 core_rx=490228470
BNO_CORE_EVENT kind=1 report_seq=196 uart_sequence=2004 sensor_raw=4294966796 sensor_converted=4294966796 xiao_rx=17387726 queue_push=17387732 core_rx=490236465
BNO_CORE_EVENT kind=1 report_seq=197 uart_sequence=2005 sensor_raw=4294966796 sensor_converted=4294966796 xiao_rx=17395584 queue_push=17395589 core_rx=490245529
BNO_CORE_EVENT kind=1 report_seq=198 uart_sequence=2007 sensor_raw=4294966796 sensor_converted=4294966796 xiao_rx=17403536 queue_push=17403539 core_rx=490252486
BNO_CORE_EVENT kind=1 report_seq=199 uart_sequence=2009 sensor_raw=4294966796 sensor_converted=4294966796 xiao_rx=17411466 queue_push=17411474 core_rx=490260467
BNO_CORE_EVENT kind=1 report_seq=200 uart_sequence=2011 sensor_raw=4294966796 sensor_converted=4294966796 xiao_rx=17419393 queue_push=17419399 core_rx=490268482
BNO_CORE_EVENT kind=1 report_seq=201 uart_sequence=2012 sensor_raw=4294966796 sensor_converted=4294966796 xiao_rx=17427279 queue_push=17427284 core_rx=490275485
BNO_CORE_EVENT kind=1 report_seq=202 uart_sequence=2013 sensor_raw=4294966796 sensor_converted=4294966796 xiao_rx=17435174 queue_push=17435176 core_rx=490283491
BNO_CORE_EVENT kind=1 report_seq=203 uart_sequence=2015 sensor_raw=4294966796 sensor_converted=4294966796 xiao_rx=17443166 queue_push=17443174 core_rx=490291444
BNO_CORE_EVENT kind=1 report_seq=204 uart_sequence=2020 sensor_raw=4294966796 sensor_converted=4294966796 xiao_rx=17452497 queue_push=17452505 core_rx=490301211
BNO_CORE_EVENT kind=1 report_seq=205 uart_sequence=2021 sensor_raw=4294966796 sensor_converted=4294966796 xiao_rx=17459038 queue_push=17459043 core_rx=490307508
BNO_CORE_EVENT kind=1 report_seq=206 uart_sequence=2023 sensor_raw=4294966796 sensor_converted=4294966796 xiao_rx=17466847 queue_push=17466851 core_rx=490315491
BNO_CORE_EVENT kind=1 report_seq=207 uart_sequence=2025 sensor_raw=4294966796 sensor_converted=4294966796 xiao_rx=17476171 queue_push=17476179 core_rx=490324471
BNO_CORE_EVENT kind=1 report_seq=208 uart_sequence=2027 sensor_raw=4294966796 sensor_converted=4294966796 xiao_rx=17482730 queue_push=17482735 core_rx=490332462
BNO_CORE_EVENT kind=1 report_seq=209 uart_sequence=2028 sensor_raw=4294966796 sensor_converted=4294966796 xiao_rx=17490646 queue_push=17490652 core_rx=490339517
BNO_CORE_EVENT kind=1 report_seq=210 uart_sequence=2030 sensor_raw=4294966796 sensor_converted=4294966796 xiao_rx=17498535 queue_push=17498538 core_rx=490348516
BNO_CORE_EVENT kind=1 report_seq=211 uart_sequence=2033 sensor_raw=4294966796 sensor_converted=4294966796 xiao_rx=17506550 queue_push=17506559 core_rx=490356951
BNO_CORE_EVENT kind=1 report_seq=212 uart_sequence=2035 sensor_raw=4294966796 sensor_converted=4294966796 xiao_rx=17514444 queue_push=17514449 core_rx=490364020
BNO_CORE_EVENT kind=1 report_seq=213 uart_sequence=2036 sensor_raw=4294966796 sensor_converted=4294966796 xiao_rx=17522280 queue_push=17522286 core_rx=490370494
BNO_CORE_EVENT kind=1 report_seq=214 uart_sequence=2037 sensor_raw=4294966796 sensor_converted=4294966796 xiao_rx=17530202 queue_push=17530203 core_rx=490378484
BNO_CORE_EVENT kind=1 report_seq=215 uart_sequence=2039 sensor_raw=4294966796 sensor_converted=4294966796 xiao_rx=17538136 queue_push=17538144 core_rx=490388312
BNO_CORE_EVENT kind=1 report_seq=216 uart_sequence=2041 sensor_raw=4294966796 sensor_converted=4294966796 xiao_rx=17546091 queue_push=17546096 core_rx=490395443
BNO_CORE_EVENT kind=1 report_seq=217 uart_sequence=2045 sensor_raw=4294966796 sensor_converted=4294966796 xiao_rx=17554722 queue_push=17554730 core_rx=490403485
BNO_CORE_EVENT kind=1 report_seq=218 uart_sequence=2046 sensor_raw=4294966796 sensor_converted=4294966796 xiao_rx=17561872 queue_push=17561875 core_rx=490410500
BNO_CORE_EVENT kind=1 report_seq=219 uart_sequence=2049 sensor_raw=4294966796 sensor_converted=4294966796 xiao_rx=17570681 queue_push=17570688 core_rx=490421308
BNO_CORE_EVENT kind=1 report_seq=220 uart_sequence=2050 sensor_raw=4294966796 sensor_converted=4294966796 xiao_rx=17577720 queue_push=17577725 core_rx=490426506
BNO_CORE_EVENT kind=1 report_seq=221 uart_sequence=2052 sensor_raw=4294966796 sensor_converted=4294966796 xiao_rx=17585678 queue_push=17585683 core_rx=490435482
BNO_CORE_EVENT kind=1 report_seq=222 uart_sequence=2053 sensor_raw=4294966796 sensor_converted=4294966796 xiao_rx=17593575 queue_push=17593580 core_rx=490442499
BNO_CORE_EVENT kind=1 report_seq=223 uart_sequence=2054 sensor_raw=4294966796 sensor_converted=4294966796 xiao_rx=17601467 queue_push=17601470 core_rx=490450493
BNO_CORE_EVENT kind=1 report_seq=224 uart_sequence=2057 sensor_raw=4294966796 sensor_converted=4294966796 xiao_rx=17610161 queue_push=17610169 core_rx=490460450
BNO_CORE_EVENT kind=1 report_seq=225 uart_sequence=2059 sensor_raw=4294966596 sensor_converted=4294966596 xiao_rx=17617467 queue_push=17617473 core_rx=490466489
BNO_CORE_EVENT kind=1 report_seq=226 uart_sequence=2060 sensor_raw=4294966796 sensor_converted=4294966796 xiao_rx=17625238 queue_push=17625244 core_rx=490473493
BNO_CORE_EVENT kind=1 report_seq=227 uart_sequence=2061 sensor_raw=4294966796 sensor_converted=4294966796 xiao_rx=17633127 queue_push=17633130 core_rx=490481493
BNO_CORE_EVENT kind=1 report_seq=228 uart_sequence=2063 sensor_raw=4294966796 sensor_converted=4294966796 xiao_rx=17641118 queue_push=17641126 core_rx=490489464
BNO_CORE_EVENT kind=1 report_seq=229 uart_sequence=2066 sensor_raw=4294966796 sensor_converted=4294966796 xiao_rx=17649747 queue_push=17649752 core_rx=490499513
BNO_CORE_EVENT kind=1 report_seq=230 uart_sequence=2069 sensor_raw=4294966796 sensor_converted=4294966796 xiao_rx=17656917 queue_push=17656925 core_rx=490506515
BNO_CORE_EVENT kind=1 report_seq=231 uart_sequence=2070 sensor_raw=4294966796 sensor_converted=4294966796 xiao_rx=17664793 queue_push=17664795 core_rx=490513501
BNO_CORE_EVENT kind=1 report_seq=232 uart_sequence=2073 sensor_raw=4294966796 sensor_converted=4294966796 xiao_rx=17674246 queue_push=17674254 core_rx=490522473
BNO_CORE_EVENT kind=1 report_seq=233 uart_sequence=2075 sensor_raw=4294966796 sensor_converted=4294966796 xiao_rx=17681413 queue_push=17681418 core_rx=490530463
BNO_CORE_EVENT kind=1 report_seq=234 uart_sequence=2076 sensor_raw=4294966796 sensor_converted=4294966796 xiao_rx=17688558 queue_push=17688564 core_rx=490537489
BNO_CORE_EVENT kind=1 report_seq=235 uart_sequence=2078 sensor_raw=4294966796 sensor_converted=4294966796 xiao_rx=17696464 queue_push=17696465 core_rx=490546488
BNO_CORE_EVENT kind=1 report_seq=236 uart_sequence=2080 sensor_raw=4294966796 sensor_converted=4294966796 xiao_rx=17704937 queue_push=17704945 core_rx=490553474
BNO_CORE_EVENT kind=1 report_seq=237 uart_sequence=2083 sensor_raw=4294966796 sensor_converted=4294966796 xiao_rx=17712581 queue_push=17712587 core_rx=490561443
BNO_CORE_EVENT kind=1 report_seq=238 uart_sequence=2084 sensor_raw=4294966796 sensor_converted=4294966796 xiao_rx=17720216 queue_push=17720220 core_rx=490569492
BNO_CORE_EVENT kind=1 report_seq=239 uart_sequence=2085 sensor_raw=4294966796 sensor_converted=4294966796 xiao_rx=17728124 queue_push=17728127 core_rx=490576502
BNO_CORE_EVENT kind=1 report_seq=240 uart_sequence=2087 sensor_raw=4294966796 sensor_converted=4294966796 xiao_rx=17736075 queue_push=17736082 core_rx=490586313
BNO_CORE_EVENT kind=1 report_seq=241 uart_sequence=2088 sensor_raw=4294966796 sensor_converted=4294966796 xiao_rx=17743979 queue_push=17743985 core_rx=490592496
BNO_CORE_EVENT kind=1 report_seq=242 uart_sequence=2091 sensor_raw=4294966796 sensor_converted=4294966796 xiao_rx=17751911 queue_push=17751915 core_rx=490601488
BNO_CORE_EVENT kind=1 report_seq=243 uart_sequence=2094 sensor_raw=4294966796 sensor_converted=4294966796 xiao_rx=17759816 queue_push=17759824 core_rx=490609124
BNO_CORE_EVENT kind=1 report_seq=244 uart_sequence=2097 sensor_raw=4294966796 sensor_converted=4294966796 xiao_rx=17768485 queue_push=17768492 core_rx=490619526
BNO_CORE_EVENT kind=1 report_seq=245 uart_sequence=2098 sensor_raw=4294966796 sensor_converted=4294966796 xiao_rx=17776074 queue_push=17776079 core_rx=490624485
BNO_CORE_EVENT kind=1 report_seq=246 uart_sequence=2100 sensor_raw=4294966796 sensor_converted=4294966796 xiao_rx=17783560 queue_push=17783565 core_rx=490632482
BNO_CORE_EVENT kind=1 report_seq=247 uart_sequence=2101 sensor_raw=4294966796 sensor_converted=4294966796 xiao_rx=17791467 queue_push=17791471 core_rx=490640490
BNO_CORE_EVENT kind=1 report_seq=248 uart_sequence=2102 sensor_raw=4294966796 sensor_converted=4294966796 xiao_rx=17799389 queue_push=17799392 core_rx=490647492
BNO_CORE_EVENT kind=1 report_seq=249 uart_sequence=2104 sensor_raw=4294966796 sensor_converted=4294966796 xiao_rx=17807319 queue_push=17807327 core_rx=490655450
BNO_CORE_EVENT kind=1 report_seq=250 uart_sequence=2107 sensor_raw=4294966796 sensor_converted=4294966796 xiao_rx=17815236 queue_push=17815245 core_rx=490663115
BNO_CORE_EVENT kind=1 report_seq=251 uart_sequence=2108 sensor_raw=4294966796 sensor_converted=4294966796 xiao_rx=17823914 queue_push=17823922 core_rx=490672484
BNO_CORE_EVENT kind=1 report_seq=252 uart_sequence=2109 sensor_raw=4294966796 sensor_converted=4294966796 xiao_rx=17831085 queue_push=17831092 core_rx=490680493
BNO_CORE_EVENT kind=1 report_seq=253 uart_sequence=2111 sensor_raw=4294966796 sensor_converted=4294966796 xiao_rx=17839089 queue_push=17839096 core_rx=490690936
BNO_CORE_EVENT kind=1 report_seq=254 uart_sequence=2113 sensor_raw=4294966596 sensor_converted=4294966596 xiao_rx=17847003 queue_push=17847008 core_rx=490695459
BNO_CORE_EVENT kind=1 report_seq=255 uart_sequence=2116 sensor_raw=4294966796 sensor_converted=4294966796 xiao_rx=17855593 queue_push=17855600 core_rx=490704467
BNO_CORE_EVENT kind=1 report_seq=0 uart_sequence=2118 sensor_raw=4294966796 sensor_converted=4294966796 xiao_rx=17862725 queue_push=17862728 core_rx=490712511
BNO_CORE_EVENT kind=1 report_seq=1 uart_sequence=2121 sensor_raw=4294966596 sensor_converted=4294966596 xiao_rx=17872201 queue_push=17872209 core_rx=490721453
BNO_CORE_EVENT kind=1 report_seq=2 uart_sequence=2123 sensor_raw=4294966796 sensor_converted=4294966796 xiao_rx=17878610 queue_push=17878616 core_rx=490727443
BNO_CORE_EVENT kind=1 report_seq=3 uart_sequence=2124 sensor_raw=4294966796 sensor_converted=4294966796 xiao_rx=17886493 queue_push=17886499 core_rx=490736489
BNO_CORE_EVENT kind=1 report_seq=4 uart_sequence=2125 sensor_raw=4294966796 sensor_converted=4294966796 xiao_rx=17894388 queue_push=17894391 core_rx=490742506
BNO_CORE_EVENT kind=1 report_seq=5 uart_sequence=2128 sensor_raw=4294966796 sensor_converted=4294966796 xiao_rx=17903073 queue_push=17903081 core_rx=490751462
BNO_CORE_EVENT kind=1 report_seq=6 uart_sequence=2130 sensor_raw=4294966796 sensor_converted=4294966796 xiao_rx=17910246 queue_push=17910252 core_rx=490759461
BNO_CORE_EVENT kind=1 report_seq=7 uart_sequence=2132 sensor_raw=4294966796 sensor_converted=4294966796 xiao_rx=17918167 queue_push=17918172 core_rx=490766450
BNO_CORE_EVENT kind=1 report_seq=8 uart_sequence=2133 sensor_raw=4294966796 sensor_converted=4294966796 xiao_rx=17926052 queue_push=17926055 core_rx=490775490
BNO_CORE_EVENT kind=1 report_seq=9 uart_sequence=2135 sensor_raw=4294966796 sensor_converted=4294966796 xiao_rx=17933984 queue_push=17933992 core_rx=490783536
BNO_CORE_EVENT kind=1 report_seq=10 uart_sequence=2136 sensor_raw=4294966796 sensor_converted=4294966796 xiao_rx=17941898 queue_push=17941904 core_rx=490791484
BNO_CORE_EVENT kind=1 report_seq=11 uart_sequence=2139 sensor_raw=4294966796 sensor_converted=4294966796 xiao_rx=17949830 queue_push=17949836 core_rx=490798481
BNO_CORE_EVENT kind=1 report_seq=12 uart_sequence=2140 sensor_raw=4294966796 sensor_converted=4294966796 xiao_rx=17957757 queue_push=17957763 core_rx=490806468
BNO_CORE_EVENT kind=1 report_seq=13 uart_sequence=2142 sensor_raw=4294966796 sensor_converted=4294966796 xiao_rx=17966704 queue_push=17966712 core_rx=490818054
BNO_CORE_EVENT kind=1 report_seq=14 uart_sequence=2146 sensor_raw=4294966796 sensor_converted=4294966796 xiao_rx=17974771 queue_push=17974779 core_rx=490826450
BNO_CORE_EVENT kind=1 report_seq=15 uart_sequence=2148 sensor_raw=4294966796 sensor_converted=4294966796 xiao_rx=17981547 queue_push=17981552 core_rx=490830454
BNO_CORE_EVENT kind=1 report_seq=16 uart_sequence=2149 sensor_raw=4294966796 sensor_converted=4294966796 xiao_rx=17989418 queue_push=17989423 core_rx=490838472
BNO_CORE_EVENT kind=1 report_seq=17 uart_sequence=2151 sensor_raw=4294966796 sensor_converted=4294966796 xiao_rx=17997330 queue_push=17997338 core_rx=490848551
BNO_CORE_EVENT kind=1 report_seq=18 uart_sequence=2152 sensor_raw=4294966796 sensor_converted=4294966796 xiao_rx=18006065 queue_push=18006069 core_rx=490855491
BNO_CORE_EVENT kind=1 report_seq=19 uart_sequence=2154 sensor_raw=4294966796 sensor_converted=4294966796 xiao_rx=18013195 queue_push=18013201 core_rx=490861335
BNO_CORE_EVENT kind=1 report_seq=20 uart_sequence=2156 sensor_raw=4294966796 sensor_converted=4294966796 xiao_rx=18021092 queue_push=18021098 core_rx=490870211
BNO_CORE_EVENT kind=1 report_seq=21 uart_sequence=2157 sensor_raw=4294966796 sensor_converted=4294966796 xiao_rx=18028977 queue_push=18028980 core_rx=490877465
BNO_CORE_EVENT kind=1 report_seq=22 uart_sequence=2160 sensor_raw=4294966796 sensor_converted=4294966796 xiao_rx=18037660 queue_push=18037668 core_rx=490886472
BNO_CORE_EVENT kind=1 report_seq=23 uart_sequence=2161 sensor_raw=4294966796 sensor_converted=4294966796 xiao_rx=18044831 queue_push=18044836 core_rx=490893523
BNO_CORE_EVENT kind=1 report_seq=24 uart_sequence=2164 sensor_raw=4294966796 sensor_converted=4294966796 xiao_rx=18052758 queue_push=18052763 core_rx=490901405
BNO_CORE_EVENT kind=1 report_seq=25 uart_sequence=2165 sensor_raw=4294966796 sensor_converted=4294966796 xiao_rx=18060681 queue_push=18060685 core_rx=490909337
BNO_CORE_EVENT kind=1 report_seq=26 uart_sequence=2168 sensor_raw=4294966796 sensor_converted=4294966796 xiao_rx=18069681 queue_push=18069688 core_rx=490919477
BNO_CORE_EVENT kind=1 report_seq=27 uart_sequence=2173 sensor_raw=4294966796 sensor_converted=4294966796 xiao_rx=18079066 queue_push=18079074 core_rx=490928394
BNO_CORE_EVENT kind=1 report_seq=28 uart_sequence=2174 sensor_raw=4294966796 sensor_converted=4294966796 xiao_rx=18085062 queue_push=18085067 core_rx=490933461
BNO_CORE_EVENT kind=1 report_seq=29 uart_sequence=2175 sensor_raw=4294966796 sensor_converted=4294966796 xiao_rx=18092312 queue_push=18092315 core_rx=490940462
BNO_CORE_EVENT kind=1 report_seq=30 uart_sequence=2177 sensor_raw=4294966796 sensor_converted=4294966796 xiao_rx=18101280 queue_push=18101288 core_rx=490949471
BNO_CORE_EVENT kind=1 report_seq=31 uart_sequence=2180 sensor_raw=4294966796 sensor_converted=4294966796 xiao_rx=18108201 queue_push=18108206 core_rx=490956463
BNO_CORE_EVENT kind=1 report_seq=32 uart_sequence=2181 sensor_raw=4294966796 sensor_converted=4294966796 xiao_rx=18116086 queue_push=18116091 core_rx=490964493
BNO_CORE_EVENT kind=1 report_seq=33 uart_sequence=2183 sensor_raw=4294966596 sensor_converted=4294966596 xiao_rx=18124471 queue_push=18124474 core_rx=490973459
BNO_CORE_EVENT kind=1 report_seq=34 uart_sequence=2185 sensor_raw=4294966796 sensor_converted=4294966796 xiao_rx=18131997 queue_push=18132005 core_rx=490981483
BNO_CORE_EVENT kind=1 report_seq=35 uart_sequence=2187 sensor_raw=4294966796 sensor_converted=4294966796 xiao_rx=18140595 queue_push=18140600 core_rx=490989441
BNO_CORE_EVENT kind=1 report_seq=36 uart_sequence=2189 sensor_raw=4294966796 sensor_converted=4294966796 xiao_rx=18147755 queue_push=18147760 core_rx=490997494
BNO_CORE_EVENT kind=1 report_seq=37 uart_sequence=2190 sensor_raw=4294966796 sensor_converted=4294966796 xiao_rx=18155675 queue_push=18155679 core_rx=491004489
BNO_CORE_EVENT kind=1 report_seq=38 uart_sequence=2192 sensor_raw=4294966796 sensor_converted=4294966796 xiao_rx=18163687 queue_push=18163695 core_rx=491013538
BNO_CORE_EVENT kind=1 report_seq=39 uart_sequence=2195 sensor_raw=4294966796 sensor_converted=4294966796 xiao_rx=18172339 queue_push=18172346 core_rx=491022014
BNO_CORE_EVENT kind=1 report_seq=40 uart_sequence=2199 sensor_raw=4294966796 sensor_converted=4294966796 xiao_rx=18181068 queue_push=18181074 core_rx=491030492
BNO_CORE_EVENT kind=1 report_seq=41 uart_sequence=2200 sensor_raw=4294966796 sensor_converted=4294966796 xiao_rx=18187345 queue_push=18187350 core_rx=491035484
BNO_CORE_EVENT kind=1 report_seq=42 uart_sequence=2202 sensor_raw=4294966796 sensor_converted=4294966796 xiao_rx=18195260 queue_push=18195266 core_rx=491047532
BNO_CORE_EVENT kind=1 report_seq=43 uart_sequence=2203 sensor_raw=4294966796 sensor_converted=4294966796 xiao_rx=18203194 queue_push=18203200 core_rx=491051492
BNO_CORE_EVENT kind=1 report_seq=44 uart_sequence=2205 sensor_raw=4294966796 sensor_converted=4294966796 xiao_rx=18211091 queue_push=18211096 core_rx=491060476
BNO_CORE_EVENT kind=1 report_seq=45 uart_sequence=2206 sensor_raw=4294966796 sensor_converted=4294966796 xiao_rx=18219009 queue_push=18219014 core_rx=491067484
BNO_CORE_EVENT kind=1 report_seq=46 uart_sequence=2208 sensor_raw=4294966796 sensor_converted=4294966796 xiao_rx=18226911 queue_push=18226915 core_rx=491076480
BNO_CORE_EVENT kind=1 report_seq=47 uart_sequence=2210 sensor_raw=4294966796 sensor_converted=4294966796 xiao_rx=18234890 queue_push=18234898 core_rx=491083483
BNO_CORE_EVENT kind=1 report_seq=48 uart_sequence=2212 sensor_raw=4294966796 sensor_converted=4294966796 xiao_rx=18242783 queue_push=18242789 core_rx=491091476
BNO_CORE_EVENT kind=1 report_seq=49 uart_sequence=2214 sensor_raw=4294966796 sensor_converted=4294966796 xiao_rx=18250716 queue_push=18250721 core_rx=491099119
BNO_CORE_EVENT kind=1 report_seq=50 uart_sequence=2215 sensor_raw=4294966796 sensor_converted=4294966796 xiao_rx=18258565 queue_push=18258567 core_rx=491107503
BNO_CORE_EVENT kind=1 report_seq=51 uart_sequence=2218 sensor_raw=4294966796 sensor_converted=4294966796 xiao_rx=18267294 queue_push=18267302 core_rx=491116097
BNO_CORE_EVENT kind=1 report_seq=52 uart_sequence=2220 sensor_raw=4294966796 sensor_converted=4294966796 xiao_rx=18275187 queue_push=18275192 core_rx=491123506
BNO_CORE_EVENT kind=1 report_seq=53 uart_sequence=2223 sensor_raw=4294966796 sensor_converted=4294966796 xiao_rx=18283174 queue_push=18283182 core_rx=491132450
BNO_CORE_EVENT kind=1 report_seq=54 uart_sequence=2224 sensor_raw=4294966796 sensor_converted=4294966796 xiao_rx=18290241 queue_push=18290244 core_rx=491138485
BNO_CORE_EVENT kind=1 report_seq=55 uart_sequence=2226 sensor_raw=4294966796 sensor_converted=4294966796 xiao_rx=18299200 queue_push=18299208 core_rx=491147462
BNO_CORE_EVENT kind=1 report_seq=56 uart_sequence=2228 sensor_raw=4294966796 sensor_converted=4294966796 xiao_rx=18306126 queue_push=18306131 core_rx=491154452
BNO_CORE_EVENT kind=1 report_seq=57 uart_sequence=2230 sensor_raw=4294966796 sensor_converted=4294966796 xiao_rx=18314009 queue_push=18314014 core_rx=491162149
BNO_CORE_EVENT kind=1 report_seq=58 uart_sequence=2231 sensor_raw=4294966796 sensor_converted=4294966796 xiao_rx=18321900 queue_push=18321902 core_rx=491170492
BNO_CORE_EVENT kind=1 report_seq=59 uart_sequence=2234 sensor_raw=4294966796 sensor_converted=4294966796 xiao_rx=18330670 queue_push=18330679 core_rx=491181117
BNO_CORE_EVENT kind=1 report_seq=60 uart_sequence=2236 sensor_raw=4294966796 sensor_converted=4294966796 xiao_rx=18337752 queue_push=18337757 core_rx=491187441
BNO_CORE_EVENT kind=1 report_seq=61 uart_sequence=2238 sensor_raw=4294966796 sensor_converted=4294966796 xiao_rx=18345689 queue_push=18345695 core_rx=491195475
BNO_CORE_EVENT kind=1 report_seq=62 uart_sequence=2239 sensor_raw=4294966796 sensor_converted=4294966796 xiao_rx=18353564 queue_push=18353568 core_rx=491202490
BNO_CORE_EVENT kind=1 report_seq=63 uart_sequence=2241 sensor_raw=4294966796 sensor_converted=4294966796 xiao_rx=18361717 queue_push=18361725 core_rx=491212319
XIAO UART baud=921600 rx=GPIO8 tx=GPIO9 bytes=7828472 frames=1029 bytes_s=27032 frames_s=244 crc/cobs/len=0/0/0 seqgap=0 age_ms=0 type=16 log=1 q=0 rec=256 final=0
RXDIAG max_us=4290 budget_hits=0 byte/frame/time=0/0/0 rx_buf_max=388 loop_period_max_us=904014 loop_exec_max_us=899046 free_heap=138984 min_free_heap=138804 reset_reason=0 bno_kind_1to5_s=127/0/0/0/0 queue=0 high=12 drops=0
RXDETAIL service_calls=402925 service_bytes_avg=19 service_bytes_max=388 service_frames_avg=0 service_frames_avg_x1000=140 service_frames_max=5 service_bytes_s=27088 service_frames_s=245 rxbuf_full_obs=0 bno_valid=528 bno_invalid=0 unknown=0 uart_overflow=framework_unavailable trial_rx_bytes=113144 trial_frames=1026 trial_bno=528 trial_crc/cobs/len=0/0/0
RXTASK mode=decode_count read_calls=402926 zero_reads=331372 read_bytes_max=388 rx_task_max_us=4290 rx_task_continuous_max_us=4290 stack_hwm_min_bytes=4472 cobs_delimiters=56436 rx_current=0 rx_max=388 rx_full=0 overflow=framework_unavailable
SDTASK max_process_us=85917
BNO_CORE_EVENT kind=1 report_seq=64 uart_sequence=2245 sensor_raw=4294966796 sensor_converted=4294966796 xiao_rx=18370196 queue_push=18370206 core_rx=491220149
BNO_CORE_EVENT kind=1 report_seq=65 uart_sequence=2246 sensor_raw=4294966596 sensor_converted=4294966596 xiao_rx=18377543 queue_push=18377549 core_rx=491226495
BNO_CORE_EVENT kind=1 report_seq=66 uart_sequence=2249 sensor_raw=4294966796 sensor_converted=4294966796 xiao_rx=18386073 queue_push=18386080 core_rx=491235485
BNO_CORE_EVENT kind=1 report_seq=67 uart_sequence=2251 sensor_raw=4294966796 sensor_converted=4294966796 xiao_rx=18393190 queue_push=18393196 core_rx=491244554
BNO_CORE_EVENT kind=1 report_seq=68 uart_sequence=2252 sensor_raw=4294966796 sensor_converted=4294966796 xiao_rx=18401090 queue_push=18401097 core_rx=491249494
BNO_CORE_EVENT kind=1 report_seq=69 uart_sequence=2254 sensor_raw=4294966796 sensor_converted=4294966796 xiao_rx=18409008 queue_push=18409014 core_rx=491257493
BNO_CORE_EVENT kind=1 report_seq=70 uart_sequence=2255 sensor_raw=4294966796 sensor_converted=4294966796 xiao_rx=18416967 queue_push=18416973 core_rx=491265493
BNO_CORE_EVENT kind=1 report_seq=71 uart_sequence=2256 sensor_raw=4294966796 sensor_converted=4294966796 xiao_rx=18424827 queue_push=18424829 core_rx=491273493
BNO_CORE_EVENT kind=1 report_seq=72 uart_sequence=2259 sensor_raw=4294966796 sensor_converted=4294966796 xiao_rx=18432810 queue_push=18432817 core_rx=491281974
BNO_CORE_EVENT kind=1 report_seq=73 uart_sequence=2261 sensor_raw=4294966796 sensor_converted=4294966796 xiao_rx=18440709 queue_push=18440716 core_rx=491290472
BNO_CORE_EVENT kind=1 report_seq=74 uart_sequence=2263 sensor_raw=4294966796 sensor_converted=4294966796 xiao_rx=18448608 queue_push=18448613 core_rx=491297465
BNO_CORE_EVENT kind=1 report_seq=75 uart_sequence=2264 sensor_raw=4294966796 sensor_converted=4294966796 xiao_rx=18456485 queue_push=18456488 core_rx=491305493
BNO_CORE_EVENT kind=1 report_seq=76 uart_sequence=2267 sensor_raw=4294966796 sensor_converted=4294966796 xiao_rx=18464668 queue_push=18464675 core_rx=491313782
BNO_CORE_EVENT kind=1 report_seq=77 uart_sequence=2269 sensor_raw=4294966796 sensor_converted=4294966796 xiao_rx=18472379 queue_push=18472386 core_rx=491321234
BNO_CORE_EVENT kind=1 report_seq=78 uart_sequence=2270 sensor_raw=4294966796 sensor_converted=4294966796 xiao_rx=18480258 queue_push=18480262 core_rx=491328524
BNO_CORE_EVENT kind=1 report_seq=79 uart_sequence=2273 sensor_raw=4294966796 sensor_converted=4294966796 xiao_rx=18489060 queue_push=18489066 core_rx=491337636
BNO_CORE_EVENT kind=1 report_seq=80 uart_sequence=2275 sensor_raw=4294966796 sensor_converted=4294966796 xiao_rx=18497186 queue_push=18497194 core_rx=491345079
BNO_CORE_EVENT kind=1 report_seq=81 uart_sequence=2277 sensor_raw=4294966796 sensor_converted=4294966796 xiao_rx=18504056 queue_push=18504062 core_rx=491352449
BNO_CORE_EVENT kind=1 report_seq=82 uart_sequence=2279 sensor_raw=4294966796 sensor_converted=4294966796 xiao_rx=18511973 queue_push=18511978 core_rx=491360142
BNO_CORE_EVENT kind=1 report_seq=83 uart_sequence=2280 sensor_raw=4294966796 sensor_converted=4294966796 xiao_rx=18519820 queue_push=18519822 core_rx=491368491
BNO_CORE_EVENT kind=1 report_seq=84 uart_sequence=2282 sensor_raw=4294966796 sensor_converted=4294966796 xiao_rx=18529246 queue_push=18529255 core_rx=491378465
BNO_CORE_EVENT kind=1 report_seq=85 uart_sequence=2284 sensor_raw=4294966796 sensor_converted=4294966796 xiao_rx=18535711 queue_push=18535716 core_rx=491384443
BNO_CORE_EVENT kind=1 report_seq=86 uart_sequence=2286 sensor_raw=4294966796 sensor_converted=4294966796 xiao_rx=18543605 queue_push=18543611 core_rx=491392485
BNO_CORE_EVENT kind=1 report_seq=87 uart_sequence=2288 sensor_raw=4294966796 sensor_converted=4294966796 xiao_rx=18551499 queue_push=18551505 core_rx=491400490
BNO_CORE_EVENT kind=1 report_seq=88 uart_sequence=2290 sensor_raw=4294966796 sensor_converted=4294966796 xiao_rx=18559677 queue_push=18559682 core_rx=491410499
BNO_CORE_EVENT kind=1 report_seq=89 uart_sequence=2293 sensor_raw=4294966796 sensor_converted=4294966796 xiao_rx=18567353 queue_push=18567361 core_rx=491416502
BNO_CORE_EVENT kind=1 report_seq=90 uart_sequence=2294 sensor_raw=4294966796 sensor_converted=4294966796 xiao_rx=18575307 queue_push=18575311 core_rx=491423491
BNO_CORE_EVENT kind=1 report_seq=91 uart_sequence=2296 sensor_raw=4294966796 sensor_converted=4294966796 xiao_rx=18583201 queue_push=18583207 core_rx=491432520
BNO_CORE_EVENT kind=1 report_seq=92 uart_sequence=2300 sensor_raw=4294966796 sensor_converted=4294966796 xiao_rx=18591869 queue_push=18591878 core_rx=491443523
BNO_CORE_EVENT kind=1 report_seq=93 uart_sequence=2301 sensor_raw=4294966796 sensor_converted=4294966796 xiao_rx=18600088 queue_push=18600095 core_rx=491448490
BNO_CORE_EVENT kind=1 report_seq=94 uart_sequence=2303 sensor_raw=4294966796 sensor_converted=4294966796 xiao_rx=18606968 queue_push=18606972 core_rx=491455489
BNO_CORE_EVENT kind=1 report_seq=95 uart_sequence=2304 sensor_raw=4294966796 sensor_converted=4294966796 xiao_rx=18614860 queue_push=18614865 core_rx=491463493
BNO_CORE_EVENT kind=1 report_seq=96 uart_sequence=2305 sensor_raw=4294966796 sensor_converted=4294966796 xiao_rx=18622782 queue_push=18622785 core_rx=491471494
BNO_CORE_EVENT kind=1 report_seq=97 uart_sequence=2307 sensor_raw=4294966596 sensor_converted=4294966596 xiao_rx=18630853 queue_push=18630860 core_rx=491479450
BNO_CORE_EVENT kind=1 report_seq=98 uart_sequence=2309 sensor_raw=4294966796 sensor_converted=4294966796 xiao_rx=18639369 queue_push=18639376 core_rx=491488475
BNO_CORE_EVENT kind=1 report_seq=99 uart_sequence=2312 sensor_raw=4294966796 sensor_converted=4294966796 xiao_rx=18647233 queue_push=18647238 core_rx=491496450
BNO_CORE_EVENT kind=1 report_seq=100 uart_sequence=2313 sensor_raw=4294966796 sensor_converted=4294966796 xiao_rx=18654410 queue_push=18654413 core_rx=491502495
BNO_CORE_EVENT kind=1 report_seq=101 uart_sequence=2315 sensor_raw=4294966796 sensor_converted=4294966796 xiao_rx=18662405 queue_push=18662411 core_rx=491512474
BNO_CORE_EVENT kind=1 report_seq=102 uart_sequence=2318 sensor_raw=4294966796 sensor_converted=4294966796 xiao_rx=18671041 queue_push=18671049 core_rx=491520455
BNO_CORE_EVENT kind=1 report_seq=103 uart_sequence=2319 sensor_raw=4294966796 sensor_converted=4294966796 xiao_rx=18678185 queue_push=18678189 core_rx=491526491
BNO_CORE_EVENT kind=1 report_seq=104 uart_sequence=2320 sensor_raw=4294966796 sensor_converted=4294966796 xiao_rx=18686087 queue_push=18686090 core_rx=491534509
BNO_CORE_EVENT kind=1 report_seq=105 uart_sequence=2323 sensor_raw=4294966796 sensor_converted=4294966796 xiao_rx=18694072 queue_push=18694080 core_rx=491542969
BNO_CORE_EVENT kind=1 report_seq=106 uart_sequence=2326 sensor_raw=4294966796 sensor_converted=4294966796 xiao_rx=18701972 queue_push=18701978 core_rx=491550446
BNO_CORE_EVENT kind=1 report_seq=107 uart_sequence=2327 sensor_raw=4294966796 sensor_converted=4294966796 xiao_rx=18709853 queue_push=18709857 core_rx=491558508
BNO_CORE_EVENT kind=1 report_seq=108 uart_sequence=2329 sensor_raw=4294966796 sensor_converted=4294966796 xiao_rx=18717750 queue_push=18717753 core_rx=491566130
BNO_CORE_EVENT kind=1 report_seq=109 uart_sequence=2331 sensor_raw=4294966796 sensor_converted=4294966796 xiao_rx=18727174 queue_push=18727181 core_rx=491575465
BNO_CORE_EVENT kind=1 report_seq=110 uart_sequence=2333 sensor_raw=4294966796 sensor_converted=4294966796 xiao_rx=18734396 queue_push=18734401 core_rx=491583124
BNO_CORE_EVENT kind=1 report_seq=111 uart_sequence=2334 sensor_raw=4294966796 sensor_converted=4294966796 xiao_rx=18741540 queue_push=18741546 core_rx=491590489
BNO_CORE_EVENT kind=1 report_seq=112 uart_sequence=2336 sensor_raw=4294966796 sensor_converted=4294966796 xiao_rx=18749452 queue_push=18749454 core_rx=491599515
BNO_CORE_EVENT kind=1 report_seq=113 uart_sequence=2339 sensor_raw=4294966796 sensor_converted=4294966796 xiao_rx=18757548 queue_push=18757556 core_rx=491607949
BNO_CORE_EVENT kind=1 report_seq=114 uart_sequence=2341 sensor_raw=4294966796 sensor_converted=4294966796 xiao_rx=18765360 queue_push=18765365 core_rx=491615130
BNO_CORE_EVENT kind=1 report_seq=115 uart_sequence=2343 sensor_raw=4294966796 sensor_converted=4294966796 xiao_rx=18773269 queue_push=18773277 core_rx=491621443
BNO_CORE_EVENT kind=1 report_seq=116 uart_sequence=2344 sensor_raw=4294966796 sensor_converted=4294966796 xiao_rx=18781120 queue_push=18781124 core_rx=491629489
BNO_CORE_EVENT kind=1 report_seq=117 uart_sequence=2346 sensor_raw=4294966796 sensor_converted=4294966796 xiao_rx=18789676 queue_push=18789684 core_rx=491640318
BNO_CORE_EVENT kind=1 report_seq=118 uart_sequence=2348 sensor_raw=4294966796 sensor_converted=4294966796 xiao_rx=18797357 queue_push=18797363 core_rx=491646491
BNO_CORE_EVENT kind=1 report_seq=119 uart_sequence=2351 sensor_raw=4294966796 sensor_converted=4294966796 xiao_rx=18804923 queue_push=18804928 core_rx=491653475
BNO_CORE_EVENT kind=1 report_seq=120 uart_sequence=2352 sensor_raw=4294966796 sensor_converted=4294966796 xiao_rx=18812782 queue_push=18812787 core_rx=491661494
BNO_CORE_EVENT kind=1 report_seq=121 uart_sequence=2353 sensor_raw=4294966796 sensor_converted=4294966796 xiao_rx=18820724 queue_push=18820727 core_rx=491669481
BNO_CORE_EVENT kind=1 report_seq=122 uart_sequence=2355 sensor_raw=4294966796 sensor_converted=4294966796 xiao_rx=18829180 queue_push=18829188 core_rx=491677475
BNO_CORE_EVENT kind=1 report_seq=123 uart_sequence=2357 sensor_raw=4294966796 sensor_converted=4294966796 xiao_rx=18836597 queue_push=18836605 core_rx=491685134
BNO_CORE_EVENT kind=1 report_seq=124 uart_sequence=2358 sensor_raw=4294966796 sensor_converted=4294966796 xiao_rx=18844481 queue_push=18844486 core_rx=491693504
BNO_CORE_EVENT kind=1 report_seq=125 uart_sequence=2360 sensor_raw=4294966796 sensor_converted=4294966796 xiao_rx=18852375 queue_push=18852377 core_rx=491700485
BNO_CORE_EVENT kind=1 report_seq=126 uart_sequence=2363 sensor_raw=4294966796 sensor_converted=4294966796 xiao_rx=18860329 queue_push=18860337 core_rx=491708969
BNO_CORE_EVENT kind=1 report_seq=127 uart_sequence=2365 sensor_raw=4294966796 sensor_converted=4294966796 xiao_rx=18868299 queue_push=18868305 core_rx=491716189
BNO_CORE_EVENT kind=1 report_seq=128 uart_sequence=2367 sensor_raw=4294966796 sensor_converted=4294966796 xiao_rx=18876892 queue_push=18876900 core_rx=491725467
BNO_CORE_EVENT kind=1 report_seq=129 uart_sequence=2368 sensor_raw=4294966796 sensor_converted=4294966796 xiao_rx=18884188 queue_push=18884191 core_rx=491732499
BNO_CORE_EVENT kind=1 report_seq=130 uart_sequence=2370 sensor_raw=4294966796 sensor_converted=4294966796 xiao_rx=18892723 queue_push=18892731 core_rx=491741478
BNO_CORE_EVENT kind=1 report_seq=131 uart_sequence=2373 sensor_raw=4294966596 sensor_converted=4294966596 xiao_rx=18900170 queue_push=18900177 core_rx=491749470
BNO_CORE_EVENT kind=1 report_seq=132 uart_sequence=2375 sensor_raw=4294966796 sensor_converted=4294966796 xiao_rx=18908572 queue_push=18908576 core_rx=491757460
BNO_CORE_EVENT kind=1 report_seq=133 uart_sequence=2377 sensor_raw=4294966796 sensor_converted=4294966796 xiao_rx=18915706 queue_push=18915709 core_rx=491764480
BNO_CORE_EVENT kind=1 report_seq=134 uart_sequence=2379 sensor_raw=4294966796 sensor_converted=4294966796 xiao_rx=18925155 queue_push=18925163 core_rx=491773463
BNO_CORE_EVENT kind=1 report_seq=135 uart_sequence=2381 sensor_raw=4294966796 sensor_converted=4294966796 xiao_rx=18931589 queue_push=18931595 core_rx=491780439
BNO_CORE_EVENT kind=1 report_seq=136 uart_sequence=2382 sensor_raw=4294966796 sensor_converted=4294966796 xiao_rx=18939446 queue_push=18939451 core_rx=491788488
BNO_CORE_EVENT kind=1 report_seq=137 uart_sequence=2384 sensor_raw=4294966796 sensor_converted=4294966796 xiao_rx=18947372 queue_push=18947375 core_rx=491795445
BNO_CORE_EVENT kind=1 report_seq=138 uart_sequence=2386 sensor_raw=4294966796 sensor_converted=4294966796 xiao_rx=18955310 queue_push=18955319 core_rx=491805320
BNO_CORE_EVENT kind=1 report_seq=139 uart_sequence=2389 sensor_raw=4294966796 sensor_converted=4294966796 xiao_rx=18963230 queue_push=18963237 core_rx=491813144
BNO_CORE_EVENT kind=1 report_seq=140 uart_sequence=2390 sensor_raw=4294966796 sensor_converted=4294966796 xiao_rx=18971152 queue_push=18971158 core_rx=491819720
BNO_CORE_EVENT kind=1 report_seq=141 uart_sequence=2391 sensor_raw=4294966796 sensor_converted=4294966796 xiao_rx=18979076 queue_push=18979080 core_rx=491827470
BNO_CORE_EVENT kind=1 report_seq=142 uart_sequence=2393 sensor_raw=4294966796 sensor_converted=4294966796 xiao_rx=18987710 queue_push=18987718 core_rx=491837569
BNO_CORE_EVENT kind=1 report_seq=143 uart_sequence=2395 sensor_raw=4294966796 sensor_converted=4294966796 xiao_rx=18995661 queue_push=18995670 core_rx=491845515
BNO_CORE_EVENT kind=1 report_seq=144 uart_sequence=2399 sensor_raw=4294966796 sensor_converted=4294966796 xiao_rx=19003794 queue_push=19003802 core_rx=491852447
BNO_CORE_EVENT kind=1 report_seq=145 uart_sequence=2401 sensor_raw=4294966796 sensor_converted=4294966796 xiao_rx=19010713 queue_push=19010719 core_rx=491859445
BNO_CORE_EVENT kind=1 report_seq=146 uart_sequence=2402 sensor_raw=4294966796 sensor_converted=4294966796 xiao_rx=19018627 queue_push=19018629 core_rx=491867464
BNO_CORE_EVENT kind=1 report_seq=147 uart_sequence=2404 sensor_raw=4294966596 sensor_converted=4294966596 xiao_rx=19027084 queue_push=19027092 core_rx=491875482
BNO_CORE_EVENT kind=1 report_seq=148 uart_sequence=2406 sensor_raw=4294966796 sensor_converted=4294966796 xiao_rx=19034480 queue_push=19034484 core_rx=491884506
BNO_CORE_EVENT kind=1 report_seq=149 uart_sequence=2407 sensor_raw=4294966796 sensor_converted=4294966796 xiao_rx=19042380 queue_push=19042385 core_rx=491890458
BNO_CORE_EVENT kind=1 report_seq=150 uart_sequence=2409 sensor_raw=4294966796 sensor_converted=4294966796 xiao_rx=19050296 queue_push=19050299 core_rx=491898455
BNO_CORE_EVENT kind=1 report_seq=151 uart_sequence=2411 sensor_raw=4294966796 sensor_converted=4294966796 xiao_rx=19058257 queue_push=19058265 core_rx=491906444
BNO_CORE_EVENT kind=1 report_seq=152 uart_sequence=2414 sensor_raw=4294966796 sensor_converted=4294966796 xiao_rx=19066945 queue_push=19066951 core_rx=491915471
BNO_CORE_EVENT kind=1 report_seq=153 uart_sequence=2415 sensor_raw=4294966796 sensor_converted=4294966796 xiao_rx=19074068 queue_push=19074072 core_rx=491922328
BNO_CORE_EVENT kind=1 report_seq=154 uart_sequence=2416 sensor_raw=4294966796 sensor_converted=4294966796 xiao_rx=19081972 queue_push=19081975 core_rx=491930441
BNO_CORE_EVENT kind=1 report_seq=155 uart_sequence=2419 sensor_raw=4294966796 sensor_converted=4294966796 xiao_rx=19090830 queue_push=19090839 core_rx=491941259
BNO_CORE_EVENT kind=1 report_seq=156 uart_sequence=2422 sensor_raw=4294966796 sensor_converted=4294966796 xiao_rx=19097850 queue_push=19097855 core_rx=491946416
BNO_CORE_EVENT kind=1 report_seq=157 uart_sequence=2424 sensor_raw=4294966796 sensor_converted=4294966796 xiao_rx=19105710 queue_push=19105718 core_rx=491954440
BNO_CORE_EVENT kind=1 report_seq=158 uart_sequence=2425 sensor_raw=4294966796 sensor_converted=4294966796 xiao_rx=19113661 queue_push=19113663 core_rx=491963497
BNO_CORE_EVENT kind=1 report_seq=159 uart_sequence=2429 sensor_raw=4294966796 sensor_converted=4294966796 xiao_rx=19122900 queue_push=19122907 core_rx=491972315
BNO_CORE_EVENT kind=1 report_seq=160 uart_sequence=2431 sensor_raw=4294966796 sensor_converted=4294966796 xiao_rx=19129534 queue_push=19129539 core_rx=491978438
BNO_CORE_EVENT kind=1 report_seq=161 uart_sequence=2432 sensor_raw=4294966596 sensor_converted=4294966596 xiao_rx=19137543 queue_push=19137549 core_rx=491986465
BNO_CORE_EVENT kind=1 report_seq=162 uart_sequence=2433 sensor_raw=4294966796 sensor_converted=4294966796 xiao_rx=19145294 queue_push=19145297 core_rx=491993491
BNO_CORE_EVENT kind=1 report_seq=163 uart_sequence=2436 sensor_raw=4294966796 sensor_converted=4294966796 xiao_rx=19153264 queue_push=19153272 core_rx=492002526
BNO_CORE_EVENT kind=1 report_seq=164 uart_sequence=2438 sensor_raw=4294966796 sensor_converted=4294966796 xiao_rx=19161174 queue_push=19161179 core_rx=492011144
BNO_CORE_EVENT kind=1 report_seq=165 uart_sequence=2440 sensor_raw=4294966796 sensor_converted=4294966796 xiao_rx=19169047 queue_push=19169052 core_rx=492017479
BNO_CORE_EVENT kind=1 report_seq=166 uart_sequence=2441 sensor_raw=4294966796 sensor_converted=4294966796 xiao_rx=19176961 queue_push=19176964 core_rx=492025486
BNO_CORE_EVENT kind=1 report_seq=167 uart_sequence=2443 sensor_raw=4294966796 sensor_converted=4294966796 xiao_rx=19184902 queue_push=19184910 core_rx=492035313
BNO_CORE_EVENT kind=1 report_seq=168 uart_sequence=2447 sensor_raw=4294966796 sensor_converted=4294966796 xiao_rx=19193648 queue_push=19193656 core_rx=492043474
BNO_CORE_EVENT kind=1 report_seq=169 uart_sequence=2448 sensor_raw=4294966796 sensor_converted=4294966796 xiao_rx=19200692 queue_push=19200696 core_rx=492049498
BNO_CORE_EVENT kind=1 report_seq=170 uart_sequence=2450 sensor_raw=4294966796 sensor_converted=4294966796 xiao_rx=19208671 queue_push=19208679 core_rx=492057088
BNO_CORE_EVENT kind=1 report_seq=171 uart_sequence=2452 sensor_raw=4294966796 sensor_converted=4294966796 xiao_rx=19217668 queue_push=19217672 core_rx=492068312
BNO_CORE_EVENT kind=1 report_seq=172 uart_sequence=2454 sensor_raw=4294966796 sensor_converted=4294966796 xiao_rx=19225303 queue_push=19225310 core_rx=492074499
BNO_CORE_EVENT kind=1 report_seq=173 uart_sequence=2456 sensor_raw=4294966796 sensor_converted=4294966796 xiao_rx=19232402 queue_push=19232407 core_rx=492081497
BNO_CORE_EVENT kind=1 report_seq=174 uart_sequence=2457 sensor_raw=4294966796 sensor_converted=4294966796 xiao_rx=19240301 queue_push=19240307 core_rx=492088490
BNO_CORE_EVENT kind=1 report_seq=175 uart_sequence=2459 sensor_raw=4294966796 sensor_converted=4294966796 xiao_rx=19248256 queue_push=19248258 core_rx=492096464
BNO_CORE_EVENT kind=1 report_seq=176 uart_sequence=2461 sensor_raw=4294966796 sensor_converted=4294966796 xiao_rx=19256148 queue_push=19256156 core_rx=492104469
BNO_CORE_EVENT kind=1 report_seq=177 uart_sequence=2463 sensor_raw=4294966796 sensor_converted=4294966796 xiao_rx=19264101 queue_push=19264106 core_rx=492112472
BNO_CORE_EVENT kind=1 report_seq=178 uart_sequence=2465 sensor_raw=4294966796 sensor_converted=4294966796 xiao_rx=19272000 queue_push=19272005 core_rx=492121473
BNO_CORE_EVENT kind=1 report_seq=179 uart_sequence=2466 sensor_raw=4294966796 sensor_converted=4294966796 xiao_rx=19279885 queue_push=19279887 core_rx=492128497
BNO_CORE_EVENT kind=1 report_seq=180 uart_sequence=2469 sensor_raw=4294966796 sensor_converted=4294966796 xiao_rx=19288607 queue_push=19288615 core_rx=492137446
BNO_CORE_EVENT kind=1 report_seq=181 uart_sequence=2471 sensor_raw=4294966796 sensor_converted=4294966796 xiao_rx=19296500 queue_push=19296506 core_rx=492145473
BNO_CORE_EVENT kind=1 report_seq=182 uart_sequence=2472 sensor_raw=4294966796 sensor_converted=4294966796 xiao_rx=19303654 queue_push=19303659 core_rx=492152504
BNO_CORE_EVENT kind=1 report_seq=183 uart_sequence=2474 sensor_raw=4294966796 sensor_converted=4294966796 xiao_rx=19311585 queue_push=19311592 core_rx=492160486
BNO_CORE_EVENT kind=1 report_seq=184 uart_sequence=2477 sensor_raw=4294966796 sensor_converted=4294966796 xiao_rx=19320270 queue_push=19320279 core_rx=492169495
BNO_CORE_EVENT kind=1 report_seq=185 uart_sequence=2480 sensor_raw=4294966796 sensor_converted=4294966796 xiao_rx=19327683 queue_push=19327688 core_rx=492176488
BNO_CORE_EVENT kind=1 report_seq=186 uart_sequence=2481 sensor_raw=4294966796 sensor_converted=4294966796 xiao_rx=19335356 queue_push=19335361 core_rx=492183488
BNO_CORE_EVENT kind=1 report_seq=187 uart_sequence=2482 sensor_raw=4294966796 sensor_converted=4294966796 xiao_rx=19343227 queue_push=19343229 core_rx=492191489
BNO_CORE_EVENT kind=1 report_seq=188 uart_sequence=2485 sensor_raw=4294966796 sensor_converted=4294966796 xiao_rx=19351935 queue_push=19351943 core_rx=492200478
BNO_CORE_EVENT kind=1 report_seq=189 uart_sequence=2487 sensor_raw=4294966796 sensor_converted=4294966796 xiao_rx=19359141 queue_push=19359146 core_rx=492208453
XIAO UART baud=921600 rx=GPIO8 tx=GPIO9 bytes=7855520 frames=1275 bytes_s=27048 frames_s=246 crc/cobs/len=0/0/0 seqgap=0 age_ms=3 type=11 log=1 q=0 rec=308 final=0
BNO_CORE_EVENT kind=1 report_seq=190 uart_sequence=2489 sensor_raw=4294966796 sensor_converted=4294966796 xiao_rx=19367764 queue_push=19367769 core_rx=492216167
RXDIAG max_us=4290 budget_hits=0 byte/frame/time=0/0/0 rx_buf_max=388 loop_period_max_us=904014 loop_exec_max_us=899046 free_heap=138908 min_free_heap=138528 reset_reason=0 bno_kind_1to5_s=126/0/0/0/0 queue=0 high=12 drops=0
RXDETAIL service_calls=403597 service_bytes_avg=19 service_bytes_max=388 service_frames_avg=0 service_frames_avg_x1000=140 service_frames_max=5 service_bytes_s=27076 service_frames_s=246 rxbuf_full_obs=0 bno_valid=655 bno_invalid=0 unknown=0 uart_overflow=framework_unavailable trial_rx_bytes=140220 trial_frames=1272 trial_bno=655 trial_crc/cobs/len=0/0/0
RXTASK mode=decode_count read_calls=403598 zero_reads=331791 read_bytes_max=388 rx_task_max_us=4290 rx_task_continuous_max_us=4290 stack_hwm_min_bytes=4472 cobs_delimiters=56682 rx_current=0 rx_max=388 rx_full=0 overflow=framework_unavailable
SDTASK max_process_us=85917
BNO_CORE_EVENT kind=1 report_seq=191 uart_sequence=2490 sensor_raw=4294966796 sensor_converted=4294966796 xiao_rx=19374943 queue_push=19374945 core_rx=492223496
BNO_CORE_EVENT kind=1 report_seq=192 uart_sequence=2493 sensor_raw=4294966796 sensor_converted=4294966796 xiao_rx=19382882 queue_push=19382890 core_rx=492233318
BNO_CORE_EVENT kind=1 report_seq=193 uart_sequence=2496 sensor_raw=4294966596 sensor_converted=4294966596 xiao_rx=19391693 queue_push=19391701 core_rx=492241022
BNO_CORE_EVENT kind=1 report_seq=194 uart_sequence=2497 sensor_raw=4294966796 sensor_converted=4294966796 xiao_rx=19398640 queue_push=19398643 core_rx=492247509
BNO_CORE_EVENT kind=1 report_seq=195 uart_sequence=2498 sensor_raw=4294966796 sensor_converted=4294966796 xiao_rx=19406590 queue_push=19406595 core_rx=492255493
BNO_CORE_EVENT kind=1 report_seq=196 uart_sequence=2501 sensor_raw=4294966796 sensor_converted=4294966796 xiao_rx=19414503 queue_push=19415615 core_rx=492266322
BNO_CORE_EVENT kind=1 report_seq=197 uart_sequence=2502 sensor_raw=4294966796 sensor_converted=4294966796 xiao_rx=19422440 queue_push=19422445 core_rx=492271509
BNO_CORE_EVENT kind=1 report_seq=198 uart_sequence=2504 sensor_raw=4294966796 sensor_converted=4294966796 xiao_rx=19430355 queue_push=19430359 core_rx=492278470
BNO_CORE_EVENT kind=1 report_seq=199 uart_sequence=2506 sensor_raw=4294966796 sensor_converted=4294966796 xiao_rx=19438261 queue_push=19438266 core_rx=492286482
BNO_CORE_EVENT kind=1 report_seq=200 uart_sequence=2508 sensor_raw=4294966796 sensor_converted=4294966796 xiao_rx=19446179 queue_push=19446181 core_rx=492295476
BNO_CORE_EVENT kind=1 report_seq=201 uart_sequence=2510 sensor_raw=4294966796 sensor_converted=4294966796 xiao_rx=19454135 queue_push=19454143 core_rx=492302491
BNO_CORE_EVENT kind=1 report_seq=202 uart_sequence=2512 sensor_raw=4294966796 sensor_converted=4294966796 xiao_rx=19462093 queue_push=19462099 core_rx=492310472
BNO_CORE_EVENT kind=1 report_seq=203 uart_sequence=2513 sensor_raw=4294966796 sensor_converted=4294966796 xiao_rx=19469918 queue_push=19469923 core_rx=492318489
BNO_CORE_EVENT kind=1 report_seq=204 uart_sequence=2514 sensor_raw=4294966796 sensor_converted=4294966796 xiao_rx=19477848 queue_push=19477850 core_rx=492327494
BNO_CORE_EVENT kind=1 report_seq=205 uart_sequence=2517 sensor_raw=4294966796 sensor_converted=4294966796 xiao_rx=19486556 queue_push=19486564 core_rx=492336500
BNO_CORE_EVENT kind=1 report_seq=206 uart_sequence=2520 sensor_raw=4294966796 sensor_converted=4294966796 xiao_rx=19494278 queue_push=19494284 core_rx=492343495
BNO_CORE_EVENT kind=1 report_seq=207 uart_sequence=2521 sensor_raw=4294966796 sensor_converted=4294966796 xiao_rx=19501584 queue_push=19501589 core_rx=492350510
BNO_CORE_EVENT kind=1 report_seq=208 uart_sequence=2522 sensor_raw=4294966796 sensor_converted=4294966796 xiao_rx=19509507 queue_push=19509531 core_rx=492358497
BNO_CORE_EVENT kind=1 report_seq=209 uart_sequence=2525 sensor_raw=4294966796 sensor_converted=4294966796 xiao_rx=19518196 queue_push=19518204 core_rx=492366958
BNO_CORE_EVENT kind=1 report_seq=210 uart_sequence=2528 sensor_raw=4294966796 sensor_converted=4294966796 xiao_rx=19525393 queue_push=19525399 core_rx=492374471
BNO_CORE_EVENT kind=1 report_seq=211 uart_sequence=2529 sensor_raw=4294966796 sensor_converted=4294966796 xiao_rx=19533253 queue_push=19533259 core_rx=492381489
BNO_CORE_EVENT kind=1 report_seq=212 uart_sequence=2531 sensor_raw=4294966796 sensor_converted=4294966796 xiao_rx=19541484 queue_push=19541486 core_rx=492390477
BNO_CORE_EVENT kind=1 report_seq=213 uart_sequence=2534 sensor_raw=4294966796 sensor_converted=4294966796 xiao_rx=19549950 queue_push=19549959 core_rx=492399473
BNO_CORE_EVENT kind=1 report_seq=214 uart_sequence=2536 sensor_raw=4294966796 sensor_converted=4294966796 xiao_rx=19557093 queue_push=19557100 core_rx=492406004
BNO_CORE_EVENT kind=1 report_seq=215 uart_sequence=2537 sensor_raw=4294966796 sensor_converted=4294966796 xiao_rx=19564944 queue_push=19564948 core_rx=492413489
BNO_CORE_EVENT kind=1 report_seq=216 uart_sequence=2538 sensor_raw=4294966796 sensor_converted=4294966796 xiao_rx=19572870 queue_push=19572872 core_rx=492421490
BNO_CORE_EVENT kind=1 report_seq=217 uart_sequence=2540 sensor_raw=4294966796 sensor_converted=4294966796 xiao_rx=19580796 queue_push=19580803 core_rx=492430464
BNO_CORE_EVENT kind=1 report_seq=218 uart_sequence=2543 sensor_raw=4294966796 sensor_converted=4294966796 xiao_rx=19589605 queue_push=19589613 core_rx=492439475
BNO_CORE_EVENT kind=1 report_seq=219 uart_sequence=2545 sensor_raw=4294966796 sensor_converted=4294966796 xiao_rx=19597193 queue_push=19597199 core_rx=492445447
BNO_CORE_EVENT kind=1 report_seq=220 uart_sequence=2546 sensor_raw=4294966796 sensor_converted=4294966796 xiao_rx=19604530 queue_push=19604533 core_rx=492453505
BNO_CORE_EVENT kind=1 report_seq=221 uart_sequence=2548 sensor_raw=4294966796 sensor_converted=4294966796 xiao_rx=19612463 queue_push=19612471 core_rx=492463945
BNO_CORE_EVENT kind=1 report_seq=222 uart_sequence=2551 sensor_raw=4294966796 sensor_converted=4294966796 xiao_rx=19620332 queue_push=19620338 core_rx=492469476
BNO_CORE_EVENT kind=1 report_seq=223 uart_sequence=2553 sensor_raw=4294966796 sensor_converted=4294966796 xiao_rx=19628302 queue_push=19628307 core_rx=492477437
BNO_CORE_EVENT kind=1 report_seq=224 uart_sequence=2554 sensor_raw=4294966796 sensor_converted=4294966796 xiao_rx=19636210 queue_push=19636216 core_rx=492484496
BNO_CORE_EVENT kind=1 report_seq=225 uart_sequence=2557 sensor_raw=4294966796 sensor_converted=4294966796 xiao_rx=19644494 queue_push=19644501 core_rx=492496528
BNO_CORE_EVENT kind=1 report_seq=226 uart_sequence=2559 sensor_raw=4294966796 sensor_converted=4294966796 xiao_rx=19652396 queue_push=19652401 core_rx=492501514
BNO_CORE_EVENT kind=1 report_seq=227 uart_sequence=2561 sensor_raw=4294966796 sensor_converted=4294966796 xiao_rx=19659976 queue_push=19659982 core_rx=492508488
BNO_CORE_EVENT kind=1 report_seq=228 uart_sequence=2562 sensor_raw=4294966796 sensor_converted=4294966796 xiao_rx=19667873 queue_push=19667878 core_rx=492516490
BNO_CORE_EVENT kind=1 report_seq=229 uart_sequence=2563 sensor_raw=4294966796 sensor_converted=4294966796 xiao_rx=19675768 queue_push=19675771 core_rx=492524489
BNO_CORE_EVENT kind=1 report_seq=230 uart_sequence=2565 sensor_raw=4294966796 sensor_converted=4294966796 xiao_rx=19683750 queue_push=19683758 core_rx=492533494
BNO_CORE_EVENT kind=1 report_seq=231 uart_sequence=2568 sensor_raw=4294966796 sensor_converted=4294966796 xiao_rx=19692449 queue_push=19692456 core_rx=492541448
BNO_CORE_EVENT kind=1 report_seq=232 uart_sequence=2570 sensor_raw=4294966796 sensor_converted=4294966796 xiao_rx=19700213 queue_push=19700217 core_rx=492548106
BNO_CORE_EVENT kind=1 report_seq=233 uart_sequence=2571 sensor_raw=4294966796 sensor_converted=4294966796 xiao_rx=19707463 queue_push=19707467 core_rx=492556498
BNO_CORE_EVENT kind=1 report_seq=234 uart_sequence=2573 sensor_raw=4294966796 sensor_converted=4294966796 xiao_rx=19715416 queue_push=19715424 core_rx=492564477
BNO_CORE_EVENT kind=1 report_seq=235 uart_sequence=2577 sensor_raw=4294966796 sensor_converted=4294966796 xiao_rx=19724080 queue_push=19724086 core_rx=492573470
BNO_CORE_EVENT kind=1 report_seq=236 uart_sequence=2578 sensor_raw=4294966796 sensor_converted=4294966796 xiao_rx=19731204 queue_push=19731209 core_rx=492579487
BNO_CORE_EVENT kind=1 report_seq=237 uart_sequence=2579 sensor_raw=4294966796 sensor_converted=4294966796 xiao_rx=19739134 queue_push=19739137 core_rx=492587490
BNO_CORE_EVENT kind=1 report_seq=238 uart_sequence=2582 sensor_raw=4294966796 sensor_converted=4294966796 xiao_rx=19748185 queue_push=19748194 core_rx=492597479
BNO_CORE_EVENT kind=1 report_seq=239 uart_sequence=2585 sensor_raw=4294966796 sensor_converted=4294966796 xiao_rx=19756088 queue_push=19756094 core_rx=492605009
BNO_CORE_EVENT kind=1 report_seq=240 uart_sequence=2586 sensor_raw=4294966796 sensor_converted=4294966796 xiao_rx=19762927 queue_push=19762933 core_rx=492611491
BNO_CORE_EVENT kind=1 report_seq=241 uart_sequence=2587 sensor_raw=4294966796 sensor_converted=4294966796 xiao_rx=19770824 queue_push=19770827 core_rx=492619484
BNO_CORE_EVENT kind=1 report_seq=242 uart_sequence=2589 sensor_raw=4294966796 sensor_converted=4294966796 xiao_rx=19778752 queue_push=19778760 core_rx=492628035
BNO_CORE_EVENT kind=1 report_seq=243 uart_sequence=2591 sensor_raw=4294966796 sensor_converted=4294966796 xiao_rx=19786672 queue_push=19786677 core_rx=492636439
BNO_CORE_EVENT kind=1 report_seq=244 uart_sequence=2593 sensor_raw=4294966796 sensor_converted=4294966796 xiao_rx=19794609 queue_push=19794617 core_rx=492643476
BNO_CORE_EVENT kind=1 report_seq=245 uart_sequence=2594 sensor_raw=4294966796 sensor_converted=4294966796 xiao_rx=19802463 queue_push=19802466 core_rx=492652527
BNO_CORE_EVENT kind=1 report_seq=246 uart_sequence=2597 sensor_raw=4294966796 sensor_converted=4294966796 xiao_rx=19810684 queue_push=19810692 core_rx=492661071
BNO_CORE_EVENT kind=1 report_seq=247 uart_sequence=2598 sensor_raw=4294966796 sensor_converted=4294966796 xiao_rx=19818340 queue_push=19818345 core_rx=492666489
BNO_CORE_EVENT kind=1 report_seq=248 uart_sequence=2601 sensor_raw=4294966796 sensor_converted=4294966796 xiao_rx=19827030 queue_push=19827042 core_rx=492675469
BNO_CORE_EVENT kind=1 report_seq=249 uart_sequence=2602 sensor_raw=4294966796 sensor_converted=4294966796 xiao_rx=19834946 queue_push=19834954 core_rx=492683493
BNO_CORE_EVENT kind=1 report_seq=250 uart_sequence=2603 sensor_raw=4294966796 sensor_converted=4294966796 xiao_rx=19842085 queue_push=19842087 core_rx=492690490
BNO_CORE_EVENT kind=1 report_seq=251 uart_sequence=2606 sensor_raw=4294966796 sensor_converted=4294966796 xiao_rx=19850014 queue_push=19850024 core_rx=492699499
BNO_CORE_EVENT kind=1 report_seq=252 uart_sequence=2608 sensor_raw=4294966796 sensor_converted=4294966796 xiao_rx=19857947 queue_push=19857952 core_rx=492707463
BNO_CORE_EVENT kind=1 report_seq=253 uart_sequence=2610 sensor_raw=4294966796 sensor_converted=4294966796 xiao_rx=19865864 queue_push=19865870 core_rx=492714487
BNO_CORE_EVENT kind=1 report_seq=254 uart_sequence=2611 sensor_raw=4294966796 sensor_converted=4294966796 xiao_rx=19873720 queue_push=19873722 core_rx=492722489
BNO_CORE_EVENT kind=1 report_seq=255 uart_sequence=2613 sensor_raw=4294966796 sensor_converted=4294966796 xiao_rx=19881673 queue_push=19881681 core_rx=492730470
BNO_CORE_EVENT kind=1 report_seq=0 uart_sequence=2616 sensor_raw=4294966796 sensor_converted=4294966796 xiao_rx=19889721 queue_push=19889729 core_rx=492738846
BNO_CORE_EVENT kind=1 report_seq=1 uart_sequence=2617 sensor_raw=4294966596 sensor_converted=4294966596 xiao_rx=19897681 queue_push=19897684 core_rx=492746489
BNO_CORE_EVENT kind=1 report_seq=2 uart_sequence=2618 sensor_raw=4294966796 sensor_converted=4294966796 xiao_rx=19905394 queue_push=19905398 core_rx=492753493
BNO_CORE_EVENT kind=1 report_seq=3 uart_sequence=2621 sensor_raw=4294966796 sensor_converted=4294966796 xiao_rx=19913372 queue_push=19913380 core_rx=492762453
BNO_CORE_EVENT kind=1 report_seq=4 uart_sequence=2623 sensor_raw=4294966796 sensor_converted=4294966796 xiao_rx=19921305 queue_push=19921310 core_rx=492769445
BNO_CORE_EVENT kind=1 report_seq=5 uart_sequence=2626 sensor_raw=4294966796 sensor_converted=4294966796 xiao_rx=19929171 queue_push=19929177 core_rx=492777467
BNO_CORE_EVENT kind=1 report_seq=6 uart_sequence=2627 sensor_raw=4294966796 sensor_converted=4294966796 xiao_rx=19937083 queue_push=19937085 core_rx=492785056
BNO_CORE_EVENT kind=1 report_seq=7 uart_sequence=2629 sensor_raw=4294966796 sensor_converted=4294966796 xiao_rx=19946200 queue_push=19946208 core_rx=492794476
BNO_CORE_EVENT kind=1 report_seq=8 uart_sequence=2632 sensor_raw=4294966796 sensor_converted=4294966796 xiao_rx=19952969 queue_push=19952975 core_rx=492801444
BNO_CORE_EVENT kind=1 report_seq=9 uart_sequence=2634 sensor_raw=4294966796 sensor_converted=4294966796 xiao_rx=19960868 queue_push=19960874 core_rx=492810511
BNO_CORE_EVENT kind=1 report_seq=10 uart_sequence=2635 sensor_raw=4294966796 sensor_converted=4294966796 xiao_rx=19968743 queue_push=19968746 core_rx=492817064
BNO_CORE_EVENT kind=1 report_seq=11 uart_sequence=2637 sensor_raw=4294966796 sensor_converted=4294966796 xiao_rx=19976681 queue_push=19976690 core_rx=492826438
BNO_CORE_EVENT kind=1 report_seq=12 uart_sequence=2639 sensor_raw=4294966796 sensor_converted=4294966796 xiao_rx=19984647 queue_push=19984652 core_rx=492834384
BNO_CORE_EVENT kind=1 report_seq=13 uart_sequence=2640 sensor_raw=4294966796 sensor_converted=4294966796 xiao_rx=19992485 queue_push=19992490 core_rx=492841272
BNO_CORE_EVENT kind=1 report_seq=14 uart_sequence=2641 sensor_raw=4294966796 sensor_converted=4294966796 xiao_rx=20000421 queue_push=20000425 core_rx=492849425
BNO_CORE_EVENT kind=1 report_seq=15 uart_sequence=2643 sensor_raw=4294966796 sensor_converted=4294966796 xiao_rx=20008712 queue_push=20008720 core_rx=492858839
BNO_CORE_EVENT kind=1 report_seq=16 uart_sequence=2646 sensor_raw=4294966796 sensor_converted=4294966796 xiao_rx=20017134 queue_push=20017141 core_rx=492866476
BNO_CORE_EVENT kind=1 report_seq=17 uart_sequence=2649 sensor_raw=4294966796 sensor_converted=4294966796 xiao_rx=20025076 queue_push=20025082 core_rx=492873444
BNO_CORE_EVENT kind=1 report_seq=18 uart_sequence=2651 sensor_raw=4294966596 sensor_converted=4294966596 xiao_rx=20032125 queue_push=20032133 core_rx=492880443
BNO_CORE_EVENT kind=1 report_seq=19 uart_sequence=2652 sensor_raw=4294966796 sensor_converted=4294966796 xiao_rx=20040012 queue_push=20040014 core_rx=492888485
BNO_CORE_EVENT kind=1 report_seq=20 uart_sequence=2655 sensor_raw=4294966796 sensor_converted=4294966796 xiao_rx=20048070 queue_push=20048078 core_rx=492896494
BNO_CORE_EVENT kind=1 report_seq=21 uart_sequence=2657 sensor_raw=4294966796 sensor_converted=4294966796 xiao_rx=20055890 queue_push=20055896 core_rx=492904088
BNO_CORE_EVENT kind=1 report_seq=22 uart_sequence=2659 sensor_raw=4294966796 sensor_converted=4294966796 xiao_rx=20064541 queue_push=20064547 core_rx=492913448
BNO_CORE_EVENT kind=1 report_seq=23 uart_sequence=2660 sensor_raw=4294966796 sensor_converted=4294966796 xiao_rx=20071670 queue_push=20071673 core_rx=492920287
BNO_CORE_EVENT kind=1 report_seq=24 uart_sequence=2662 sensor_raw=4294966796 sensor_converted=4294966796 xiao_rx=20079628 queue_push=20079636 core_rx=492928444
BNO_CORE_EVENT kind=1 report_seq=25 uart_sequence=2664 sensor_raw=4294966796 sensor_converted=4294966796 xiao_rx=20087580 queue_push=20087585 core_rx=492936486
BNO_CORE_EVENT kind=1 report_seq=26 uart_sequence=2665 sensor_raw=4294966796 sensor_converted=4294966796 xiao_rx=20095483 queue_push=20095488 core_rx=492944464
BNO_CORE_EVENT kind=1 report_seq=27 uart_sequence=2666 sensor_raw=4294966796 sensor_converted=4294966796 xiao_rx=20103343 queue_push=20103346 core_rx=492951350
BNO_CORE_EVENT kind=1 report_seq=28 uart_sequence=2669 sensor_raw=4294966796 sensor_converted=4294966796 xiao_rx=20112123 queue_push=20112131 core_rx=492960469
BNO_CORE_EVENT kind=1 report_seq=29 uart_sequence=2672 sensor_raw=4294966796 sensor_converted=4294966796 xiao_rx=20120083 queue_push=20120088 core_rx=492968444
BNO_CORE_EVENT kind=1 report_seq=30 uart_sequence=2674 sensor_raw=4294966796 sensor_converted=4294966796 xiao_rx=20127150 queue_push=20127156 core_rx=492975453
BNO_CORE_EVENT kind=1 report_seq=31 uart_sequence=2676 sensor_raw=4294966796 sensor_converted=4294966796 xiao_rx=20135042 queue_push=20135046 core_rx=492983450
BNO_CORE_EVENT kind=1 report_seq=32 uart_sequence=2679 sensor_raw=4294966796 sensor_converted=4294966796 xiao_rx=20144218 queue_push=20144226 core_rx=492993476
BNO_CORE_EVENT kind=1 report_seq=33 uart_sequence=2681 sensor_raw=4294966596 sensor_converted=4294966596 xiao_rx=20151097 queue_push=20151103 core_rx=492999478
BNO_CORE_EVENT kind=1 report_seq=34 uart_sequence=2683 sensor_raw=4294966796 sensor_converted=4294966796 xiao_rx=20158821 queue_push=20158826 core_rx=493007471
BNO_CORE_EVENT kind=1 report_seq=35 uart_sequence=2685 sensor_raw=4294966796 sensor_converted=4294966796 xiao_rx=20167468 queue_push=20167471 core_rx=493016458
BNO_CORE_EVENT kind=1 report_seq=36 uart_sequence=2687 sensor_raw=4294966796 sensor_converted=4294966796 xiao_rx=20176156 queue_push=20176165 core_rx=493024403
BNO_CORE_EVENT kind=1 report_seq=37 uart_sequence=2689 sensor_raw=4294966796 sensor_converted=4294966796 xiao_rx=20182580 queue_push=20182586 core_rx=493032439
BNO_CORE_EVENT kind=1 report_seq=38 uart_sequence=2690 sensor_raw=4294966796 sensor_converted=4294966796 xiao_rx=20190450 queue_push=20190455 core_rx=493039078
BNO_CORE_EVENT kind=1 report_seq=39 uart_sequence=2691 sensor_raw=4294966796 sensor_converted=4294966796 xiao_rx=20198376 queue_push=20198380 core_rx=493046492
BNO_CORE_EVENT kind=1 report_seq=40 uart_sequence=2693 sensor_raw=4294966796 sensor_converted=4294966796 xiao_rx=20206686 queue_push=20206693 core_rx=493057310
BNO_CORE_EVENT kind=1 report_seq=41 uart_sequence=2696 sensor_raw=4294966796 sensor_converted=4294966796 xiao_rx=20215391 queue_push=20215399 core_rx=493064453
BNO_CORE_EVENT kind=1 report_seq=42 uart_sequence=2699 sensor_raw=4294966796 sensor_converted=4294966796 xiao_rx=20222064 queue_push=20222069 core_rx=493070238
BNO_CORE_EVENT kind=1 report_seq=43 uart_sequence=2701 sensor_raw=4294966796 sensor_converted=4294966796 xiao_rx=20230079 queue_push=20230083 core_rx=493078468
BNO_CORE_EVENT kind=1 report_seq=44 uart_sequence=2704 sensor_raw=4294966796 sensor_converted=4294966796 xiao_rx=20237974 queue_push=20237985 core_rx=493089520
BNO_CORE_EVENT kind=1 report_seq=45 uart_sequence=2705 sensor_raw=4294966596 sensor_converted=4294966596 xiao_rx=20246004 queue_push=20246009 core_rx=493094487
BNO_CORE_EVENT kind=1 report_seq=46 uart_sequence=2708 sensor_raw=4294966796 sensor_converted=4294966796 xiao_rx=20253780 queue_push=20253784 core_rx=493102479
BNO_CORE_EVENT kind=1 report_seq=47 uart_sequence=2709 sensor_raw=4294966796 sensor_converted=4294966796 xiao_rx=20261770 queue_push=20261775 core_rx=493110495
BNO_CORE_EVENT kind=1 report_seq=48 uart_sequence=2710 sensor_raw=4294966796 sensor_converted=4294966796 xiao_rx=20269603 queue_push=20269606 core_rx=493118489
BNO_CORE_EVENT kind=1 report_seq=49 uart_sequence=2713 sensor_raw=4294966796 sensor_converted=4294966796 xiao_rx=20278356 queue_push=20278368 core_rx=493128447
BNO_CORE_EVENT kind=1 report_seq=50 uart_sequence=2715 sensor_raw=4294966796 sensor_converted=4294966796 xiao_rx=20285478 queue_push=20285483 core_rx=493134486
BNO_CORE_EVENT kind=1 report_seq=51 uart_sequence=2716 sensor_raw=4294966796 sensor_converted=4294966796 xiao_rx=20293379 queue_push=20293384 core_rx=493141489
BNO_CORE_EVENT kind=1 report_seq=52 uart_sequence=2717 sensor_raw=4294966796 sensor_converted=4294966796 xiao_rx=20301328 queue_push=20301333 core_rx=493149490
BNO_CORE_EVENT kind=1 report_seq=53 uart_sequence=2720 sensor_raw=4294966796 sensor_converted=4294966796 xiao_rx=20309989 queue_push=20309997 core_rx=493158449
BNO_CORE_EVENT kind=1 report_seq=54 uart_sequence=2722 sensor_raw=4294966796 sensor_converted=4294966796 xiao_rx=20317910 queue_push=20317915 core_rx=493166469
BNO_CORE_EVENT kind=1 report_seq=55 uart_sequence=2724 sensor_raw=4294966796 sensor_converted=4294966796 xiao_rx=20325081 queue_push=20325086 core_rx=493174486
BNO_CORE_EVENT kind=1 report_seq=56 uart_sequence=2726 sensor_raw=4294966796 sensor_converted=4294966796 xiao_rx=20332961 queue_push=20332963 core_rx=493181490
BNO_CORE_EVENT kind=1 report_seq=57 uart_sequence=2729 sensor_raw=4294966796 sensor_converted=4294966796 xiao_rx=20340915 queue_push=20340923 core_rx=493189466
BNO_CORE_EVENT kind=1 report_seq=58 uart_sequence=2732 sensor_raw=4294966796 sensor_converted=4294966796 xiao_rx=20348850 queue_push=20348855 core_rx=493197470
BNO_CORE_EVENT kind=1 report_seq=59 uart_sequence=2733 sensor_raw=4294966796 sensor_converted=4294966796 xiao_rx=20356766 queue_push=20356772 core_rx=493205496
BNO_CORE_EVENT kind=1 report_seq=60 uart_sequence=2734 sensor_raw=4294966796 sensor_converted=4294966796 xiao_rx=20364658 queue_push=20364661 core_rx=493213486
XIAO UART baud=921600 rx=GPIO8 tx=GPIO9 bytes=7882652 frames=1521 bytes_s=27132 frames_s=246 crc/cobs/len=0/0/0 seqgap=0 age_ms=2 type=2 log=1 q=0 rec=361 final=0
RXDIAG max_us=4290 budget_hits=0 byte/frame/time=0/0/0 rx_buf_max=388 loop_period_max_us=904014 loop_exec_max_us=899046 free_heap=138908 min_free_heap=138528 reset_reason=0 bno_kind_1to5_s=127/0/0/0/0 queue=0 high=12 drops=0
RXDETAIL service_calls=404281 service_bytes_avg=19 service_bytes_max=388 service_frames_avg=0 service_frames_avg_x1000=140 service_frames_max=5 service_bytes_s=27168 service_frames_s=245 rxbuf_full_obs=0 bno_valid=781 bno_invalid=0 unknown=0 uart_overflow=framework_unavailable trial_rx_bytes=167388 trial_frames=1517 trial_bno=781 trial_crc/cobs/len=0/0/0
RXTASK mode=decode_count read_calls=404282 zero_reads=332218 read_bytes_max=388 rx_task_max_us=4290 rx_task_continuous_max_us=4290 stack_hwm_min_bytes=4472 cobs_delimiters=56929 rx_current=0 rx_max=388 rx_full=0 overflow=framework_unavailable
BNO_CORE_EVENT kind=1 report_seq=61 uart_sequence=2737 sensor_raw=4294966796 sensor_converted=4294966796 xiao_rx=20373353 queue_push=20373361 core_rx=493223492
SDTASK max_process_us=85917
BNO_CORE_EVENT kind=1 report_seq=62 uart_sequence=2740 sensor_raw=4294966796 sensor_converted=4294966796 xiao_rx=20381217 queue_push=20381223 core_rx=493230371
BNO_CORE_EVENT kind=1 report_seq=63 uart_sequence=2741 sensor_raw=4294966796 sensor_converted=4294966796 xiao_rx=20388434 queue_push=20388440 core_rx=493237494
BNO_CORE_EVENT kind=1 report_seq=64 uart_sequence=2742 sensor_raw=4294966796 sensor_converted=4294966796 xiao_rx=20396293 queue_push=20396295 core_rx=493244065
BNO_CORE_EVENT kind=1 report_seq=65 uart_sequence=2744 sensor_raw=4294966596 sensor_converted=4294966596 xiao_rx=20404411 queue_push=20404419 core_rx=493253996
BNO_CORE_EVENT kind=1 report_seq=66 uart_sequence=2747 sensor_raw=4294966796 sensor_converted=4294966796 xiao_rx=20412922 queue_push=20412929 core_rx=493262439
BNO_CORE_EVENT kind=1 report_seq=67 uart_sequence=2748 sensor_raw=4294966796 sensor_converted=4294966796 xiao_rx=20420093 queue_push=20420097 core_rx=493268486
BNO_CORE_EVENT kind=1 report_seq=68 uart_sequence=2750 sensor_raw=4294966796 sensor_converted=4294966796 xiao_rx=20428036 queue_push=20428041 core_rx=493277470
BNO_CORE_EVENT kind=1 report_seq=69 uart_sequence=2752 sensor_raw=4294966796 sensor_converted=4294966796 xiao_rx=20436670 queue_push=20436678 core_rx=493287311
BNO_CORE_EVENT kind=1 report_seq=70 uart_sequence=2754 sensor_raw=4294966796 sensor_converted=4294966796 xiao_rx=20444209 queue_push=20444216 core_rx=493292066
BNO_CORE_EVENT kind=1 report_seq=71 uart_sequence=2757 sensor_raw=4294966796 sensor_converted=4294966796 xiao_rx=20451736 queue_push=20451740 core_rx=493300470
BNO_CORE_EVENT kind=1 report_seq=72 uart_sequence=2758 sensor_raw=4294966796 sensor_converted=4294966796 xiao_rx=20459659 queue_push=20459663 core_rx=493308489
BNO_CORE_EVENT kind=1 report_seq=73 uart_sequence=2759 sensor_raw=4294966796 sensor_converted=4294966796 xiao_rx=20467570 queue_push=20467573 core_rx=493316485
BNO_CORE_EVENT kind=1 report_seq=74 uart_sequence=2761 sensor_raw=4294966796 sensor_converted=4294966796 xiao_rx=20476095 queue_push=20476103 core_rx=493324480
BNO_CORE_EVENT kind=1 report_seq=75 uart_sequence=2764 sensor_raw=4294966796 sensor_converted=4294966796 xiao_rx=20483585 queue_push=20483589 core_rx=493332132
BNO_CORE_EVENT kind=1 report_seq=76 uart_sequence=2765 sensor_raw=4294966796 sensor_converted=4294966796 xiao_rx=20491361 queue_push=20491366 core_rx=493339490
BNO_CORE_EVENT kind=1 report_seq=77 uart_sequence=2766 sensor_raw=4294966796 sensor_converted=4294966796 xiao_rx=20499250 queue_push=20499252 core_rx=493348511
BNO_CORE_EVENT kind=1 report_seq=78 uart_sequence=2769 sensor_raw=4294966796 sensor_converted=4294966796 xiao_rx=20507972 queue_push=20507980 core_rx=493356067
BNO_CORE_EVENT kind=1 report_seq=79 uart_sequence=2771 sensor_raw=4294966796 sensor_converted=4294966796 xiao_rx=20515548 queue_push=20515554 core_rx=493364480
BNO_CORE_EVENT kind=1 report_seq=80 uart_sequence=2772 sensor_raw=4294966796 sensor_converted=4294966796 xiao_rx=20522990 queue_push=20522996 core_rx=493371497
BNO_CORE_EVENT kind=1 report_seq=81 uart_sequence=2775 sensor_raw=4294966796 sensor_converted=4294966796 xiao_rx=20530930 queue_push=20530933 core_rx=493381524
BNO_CORE_EVENT kind=1 report_seq=82 uart_sequence=2777 sensor_raw=4294966796 sensor_converted=4294966796 xiao_rx=20539600 queue_push=20539608 core_rx=493388450
BNO_CORE_EVENT kind=1 report_seq=83 uart_sequence=2781 sensor_raw=4294966796 sensor_converted=4294966796 xiao_rx=20547149 queue_push=20547156 core_rx=493395879
BNO_CORE_EVENT kind=1 report_seq=84 uart_sequence=2782 sensor_raw=4294966796 sensor_converted=4294966796 xiao_rx=20554688 queue_push=20554693 core_rx=493403490
BNO_CORE_EVENT kind=1 report_seq=85 uart_sequence=2783 sensor_raw=4294966796 sensor_converted=4294966796 xiao_rx=20562588 queue_push=20562591 core_rx=493411497
BNO_CORE_EVENT kind=1 report_seq=86 uart_sequence=2785 sensor_raw=4294966796 sensor_converted=4294966796 xiao_rx=20571301 queue_push=20571309 core_rx=493419970
BNO_CORE_EVENT kind=1 report_seq=87 uart_sequence=2787 sensor_raw=4294966796 sensor_converted=4294966796 xiao_rx=20578471 queue_push=20578476 core_rx=493427439
BNO_CORE_EVENT kind=1 report_seq=88 uart_sequence=2789 sensor_raw=4294966596 sensor_converted=4294966596 xiao_rx=20586577 queue_push=20586583 core_rx=493435479
BNO_CORE_EVENT kind=1 report_seq=89 uart_sequence=2790 sensor_raw=4294966796 sensor_converted=4294966796 xiao_rx=20594247 queue_push=20594250 core_rx=493442489
BNO_CORE_EVENT kind=1 report_seq=90 uart_sequence=2792 sensor_raw=4294966796 sensor_converted=4294966796 xiao_rx=20602217 queue_push=20602225 core_rx=493452547
BNO_CORE_EVENT kind=1 report_seq=91 uart_sequence=2795 sensor_raw=4294966796 sensor_converted=4294966796 xiao_rx=20610138 queue_push=20610146 core_rx=493460151
BNO_CORE_EVENT kind=1 report_seq=92 uart_sequence=2796 sensor_raw=4294966796 sensor_converted=4294966796 xiao_rx=20618064 queue_push=20618069 core_rx=493466495
BNO_CORE_EVENT kind=1 report_seq=93 uart_sequence=2797 sensor_raw=4294966796 sensor_converted=4294966796 xiao_rx=20625963 queue_push=20625969 core_rx=493474521
BNO_CORE_EVENT kind=1 report_seq=94 uart_sequence=2800 sensor_raw=4294966796 sensor_converted=4294966796 xiao_rx=20634682 queue_push=20634690 core_rx=493486024
BNO_CORE_EVENT kind=1 report_seq=95 uart_sequence=2801 sensor_raw=4294966796 sensor_converted=4294966796 xiao_rx=20641829 queue_push=20641835 core_rx=493490499
BNO_CORE_EVENT kind=1 report_seq=96 uart_sequence=2805 sensor_raw=4294966796 sensor_converted=4294966796 xiao_rx=20650192 queue_push=20650200 core_rx=493498449
BNO_CORE_EVENT kind=1 report_seq=97 uart_sequence=2806 sensor_raw=4294966796 sensor_converted=4294966796 xiao_rx=20657767 queue_push=20657772 core_rx=493506490
BNO_CORE_EVENT kind=1 report_seq=98 uart_sequence=2807 sensor_raw=4294966796 sensor_converted=4294966796 xiao_rx=20665563 queue_push=20665566 core_rx=493514487
BNO_CORE_EVENT kind=1 report_seq=99 uart_sequence=2809 sensor_raw=4294966796 sensor_converted=4294966796 xiao_rx=20674081 queue_push=20674088 core_rx=493522476
BNO_CORE_EVENT kind=1 report_seq=100 uart_sequence=2811 sensor_raw=4294966796 sensor_converted=4294966796 xiao_rx=20681420 queue_push=20681424 core_rx=493531515
BNO_CORE_EVENT kind=1 report_seq=101 uart_sequence=2813 sensor_raw=4294966796 sensor_converted=4294966796 xiao_rx=20689550 queue_push=20689555 core_rx=493538482
BNO_CORE_EVENT kind=1 report_seq=102 uart_sequence=2814 sensor_raw=4294966796 sensor_converted=4294966796 xiao_rx=20697205 queue_push=20697207 core_rx=493545516
BNO_CORE_EVENT kind=1 report_seq=103 uart_sequence=2816 sensor_raw=4294966796 sensor_converted=4294966796 xiao_rx=20705189 queue_push=20705196 core_rx=493553483
BNO_CORE_EVENT kind=1 report_seq=104 uart_sequence=2819 sensor_raw=4294966796 sensor_converted=4294966796 xiao_rx=20713826 queue_push=20713834 core_rx=493562469
BNO_CORE_EVENT kind=1 report_seq=105 uart_sequence=2820 sensor_raw=4294966796 sensor_converted=4294966796 xiao_rx=20720977 queue_push=20720983 core_rx=493569489
BNO_CORE_EVENT kind=1 report_seq=106 uart_sequence=2821 sensor_raw=4294966796 sensor_converted=4294966796 xiao_rx=20728873 queue_push=20728876 core_rx=493577567
BNO_CORE_EVENT kind=1 report_seq=107 uart_sequence=2824 sensor_raw=4294966796 sensor_converted=4294966796 xiao_rx=20736887 queue_push=20736895 core_rx=493585483
BNO_CORE_EVENT kind=1 report_seq=108 uart_sequence=2827 sensor_raw=4294966796 sensor_converted=4294966796 xiao_rx=20744754 queue_push=20744759 core_rx=493593440
BNO_CORE_EVENT kind=1 report_seq=109 uart_sequence=2830 sensor_raw=4294966796 sensor_converted=4294966796 xiao_rx=20752684 queue_push=20752691 core_rx=493601471
BNO_CORE_EVENT kind=1 report_seq=110 uart_sequence=2831 sensor_raw=4294966796 sensor_converted=4294966796 xiao_rx=20760552 queue_push=20760553 core_rx=493609498
BNO_CORE_EVENT kind=1 report_seq=111 uart_sequence=2833 sensor_raw=4294966796 sensor_converted=4294966796 xiao_rx=20769258 queue_push=20769266 core_rx=493617468
BNO_CORE_EVENT kind=1 report_seq=112 uart_sequence=2835 sensor_raw=4294966796 sensor_converted=4294966796 xiao_rx=20776426 queue_push=20776431 core_rx=493625126
BNO_CORE_EVENT kind=1 report_seq=113 uart_sequence=2836 sensor_raw=4294966796 sensor_converted=4294966796 xiao_rx=20784312 queue_push=20784318 core_rx=493632492
BNO_CORE_EVENT kind=1 report_seq=114 uart_sequence=2838 sensor_raw=4294966796 sensor_converted=4294966796 xiao_rx=20792481 queue_push=20792484 core_rx=493641478
BNO_CORE_EVENT kind=1 report_seq=115 uart_sequence=2840 sensor_raw=4294966796 sensor_converted=4294966796 xiao_rx=20800952 queue_push=20800960 core_rx=493649472
BNO_CORE_EVENT kind=1 report_seq=116 uart_sequence=2842 sensor_raw=4294966796 sensor_converted=4294966796 xiao_rx=20808119 queue_push=20808125 core_rx=493657044
BNO_CORE_EVENT kind=1 report_seq=117 uart_sequence=2844 sensor_raw=4294966796 sensor_converted=4294966796 xiao_rx=20816752 queue_push=20816760 core_rx=493665483
BNO_CORE_EVENT kind=1 report_seq=118 uart_sequence=2845 sensor_raw=4294966796 sensor_converted=4294966796 xiao_rx=20823897 queue_push=20823900 core_rx=493672490
BNO_CORE_EVENT kind=1 report_seq=119 uart_sequence=2847 sensor_raw=4294966796 sensor_converted=4294966796 xiao_rx=20831883 queue_push=20831891 core_rx=493681924
BNO_CORE_EVENT kind=1 report_seq=120 uart_sequence=2848 sensor_raw=4294966796 sensor_converted=4294966796 xiao_rx=20840547 queue_push=20840555 core_rx=493689497
BNO_CORE_EVENT kind=1 report_seq=121 uart_sequence=2853 sensor_raw=4294966796 sensor_converted=4294966796 xiao_rx=20849288 queue_push=20849297 core_rx=493699482
BNO_CORE_EVENT kind=1 report_seq=122 uart_sequence=2854 sensor_raw=4294966796 sensor_converted=4294966796 xiao_rx=20855139 queue_push=20855141 core_rx=493703462
BNO_CORE_EVENT kind=1 report_seq=123 uart_sequence=2856 sensor_raw=4294966796 sensor_converted=4294966796 xiao_rx=20864601 queue_push=20864609 core_rx=493715316
BNO_CORE_EVENT kind=1 report_seq=124 uart_sequence=2857 sensor_raw=4294966796 sensor_converted=4294966796 xiao_rx=20871422 queue_push=20871429 core_rx=493720514
BNO_CORE_EVENT kind=1 report_seq=125 uart_sequence=2859 sensor_raw=4294966796 sensor_converted=4294966796 xiao_rx=20879371 queue_push=20879376 core_rx=493727468
BNO_CORE_EVENT kind=1 report_seq=126 uart_sequence=2860 sensor_raw=4294966796 sensor_converted=4294966796 xiao_rx=20887240 queue_push=20887246 core_rx=493735489
BNO_CORE_EVENT kind=1 report_seq=127 uart_sequence=2862 sensor_raw=4294966796 sensor_converted=4294966796 xiao_rx=20895468 queue_push=20895470 core_rx=493744485
BNO_CORE_EVENT kind=1 report_seq=128 uart_sequence=2864 sensor_raw=4294966796 sensor_converted=4294966796 xiao_rx=20904098 queue_push=20904106 core_rx=493752054
BNO_CORE_EVENT kind=1 report_seq=129 uart_sequence=2867 sensor_raw=4294966796 sensor_converted=4294966796 xiao_rx=20911938 queue_push=20911946 core_rx=493760113
BNO_CORE_EVENT kind=1 report_seq=130 uart_sequence=2868 sensor_raw=4294966796 sensor_converted=4294966796 xiao_rx=20918934 queue_push=20918940 core_rx=493767487
BNO_CORE_EVENT kind=1 report_seq=131 uart_sequence=2869 sensor_raw=4294966796 sensor_converted=4294966796 xiao_rx=20926827 queue_push=20926830 core_rx=493775487
BNO_CORE_EVENT kind=1 report_seq=132 uart_sequence=2871 sensor_raw=4294966796 sensor_converted=4294966796 xiao_rx=20934811 queue_push=20934819 core_rx=493783499
BNO_CORE_EVENT kind=1 report_seq=133 uart_sequence=2874 sensor_raw=4294966796 sensor_converted=4294966796 xiao_rx=20943440 queue_push=20943446 core_rx=493792448
BNO_CORE_EVENT kind=1 report_seq=134 uart_sequence=2878 sensor_raw=4294966796 sensor_converted=4294966796 xiao_rx=20951804 queue_push=20951811 core_rx=493801487
BNO_CORE_EVENT kind=1 report_seq=135 uart_sequence=2879 sensor_raw=4294966796 sensor_converted=4294966796 xiao_rx=20958485 queue_push=20958488 core_rx=493807467
BNO_CORE_EVENT kind=1 report_seq=136 uart_sequence=2881 sensor_raw=4294966796 sensor_converted=4294966796 xiao_rx=20967210 queue_push=20967218 core_rx=493815438
BNO_CORE_EVENT kind=1 report_seq=137 uart_sequence=2883 sensor_raw=4294966796 sensor_converted=4294966796 xiao_rx=20974408 queue_push=20974413 core_rx=493823503
BNO_CORE_EVENT kind=1 report_seq=138 uart_sequence=2884 sensor_raw=4294966796 sensor_converted=4294966796 xiao_rx=20982300 queue_push=20982306 core_rx=493830062
BNO_CORE_EVENT kind=1 report_seq=139 uart_sequence=2885 sensor_raw=4294966796 sensor_converted=4294966796 xiao_rx=20990184 queue_push=20990187 core_rx=493838470
BNO_CORE_EVENT kind=1 report_seq=140 uart_sequence=2888 sensor_raw=4294966796 sensor_converted=4294966796 xiao_rx=21000953 queue_push=21000961 core_rx=493849438
BNO_CORE_EVENT kind=1 report_seq=141 uart_sequence=2890 sensor_raw=4294966796 sensor_converted=4294966796 xiao_rx=21007105 queue_push=21007112 core_rx=493856447
BNO_CORE_EVENT kind=1 report_seq=142 uart_sequence=2892 sensor_raw=4294966796 sensor_converted=4294966796 xiao_rx=21014100 queue_push=21014108 core_rx=493862457
BNO_CORE_EVENT kind=1 report_seq=143 uart_sequence=2894 sensor_raw=4294966796 sensor_converted=4294966796 xiao_rx=21021882 queue_push=21021885 core_rx=493870447
BNO_CORE_EVENT kind=1 report_seq=144 uart_sequence=2896 sensor_raw=4294966796 sensor_converted=4294966796 xiao_rx=21029787 queue_push=21029794 core_rx=493879438
BNO_CORE_EVENT kind=1 report_seq=145 uart_sequence=2898 sensor_raw=4294966796 sensor_converted=4294966796 xiao_rx=21037706 queue_push=21037711 core_rx=493887472
BNO_CORE_EVENT kind=1 report_seq=146 uart_sequence=2899 sensor_raw=4294966796 sensor_converted=4294966796 xiao_rx=21045657 queue_push=21045662 core_rx=493895516
BNO_CORE_EVENT kind=1 report_seq=147 uart_sequence=2903 sensor_raw=4294966596 sensor_converted=4294966596 xiao_rx=21053587 queue_push=21053594 core_rx=493903444
BNO_CORE_EVENT kind=1 report_seq=148 uart_sequence=2905 sensor_raw=4294966796 sensor_converted=4294966796 xiao_rx=21061468 queue_push=21061475 core_rx=493912533
BNO_CORE_EVENT kind=1 report_seq=149 uart_sequence=2906 sensor_raw=4294966796 sensor_converted=4294966796 xiao_rx=21069391 queue_push=21069398 core_rx=493918048
BNO_CORE_EVENT kind=1 report_seq=150 uart_sequence=2908 sensor_raw=4294966796 sensor_converted=4294966796 xiao_rx=21077331 queue_push=21077335 core_rx=493925272
BNO_CORE_EVENT kind=1 report_seq=151 uart_sequence=2909 sensor_raw=4294966796 sensor_converted=4294966796 xiao_rx=21085205 queue_push=21085211 core_rx=493933469
BNO_CORE_EVENT kind=1 report_seq=152 uart_sequence=2910 sensor_raw=4294966796 sensor_converted=4294966796 xiao_rx=21093113 queue_push=21093114 core_rx=493941466
BNO_CORE_EVENT kind=1 report_seq=153 uart_sequence=2913 sensor_raw=4294966796 sensor_converted=4294966796 xiao_rx=21101074 queue_push=21101083 core_rx=493950041
BNO_CORE_EVENT kind=1 report_seq=154 uart_sequence=2915 sensor_raw=4294966796 sensor_converted=4294966796 xiao_rx=21108967 queue_push=21108971 core_rx=493957479
BNO_CORE_EVENT kind=1 report_seq=155 uart_sequence=2917 sensor_raw=4294966796 sensor_converted=4294966796 xiao_rx=21117660 queue_push=21117668 core_rx=493966368
BNO_CORE_EVENT kind=1 report_seq=156 uart_sequence=2918 sensor_raw=4294966796 sensor_converted=4294966796 xiao_rx=21124811 queue_push=21124813 core_rx=493973406
BNO_CORE_EVENT kind=1 report_seq=157 uart_sequence=2920 sensor_raw=4294966796 sensor_converted=4294966796 xiao_rx=21133499 queue_push=21133506 core_rx=493982457
BNO_CORE_EVENT kind=1 report_seq=158 uart_sequence=2923 sensor_raw=4294966796 sensor_converted=4294966796 xiao_rx=21141398 queue_push=21141402 core_rx=493990459
BNO_CORE_EVENT kind=1 report_seq=159 uart_sequence=2925 sensor_raw=4294966796 sensor_converted=4294966796 xiao_rx=21148672 queue_push=21148677 core_rx=493998522
BNO_CORE_EVENT kind=1 report_seq=160 uart_sequence=2928 sensor_raw=4294966796 sensor_converted=4294966796 xiao_rx=21156489 queue_push=21156493 core_rx=494005218
BNO_CORE_EVENT kind=1 report_seq=161 uart_sequence=2930 sensor_raw=4294966596 sensor_converted=4294966596 xiao_rx=21164586 queue_push=21164594 core_rx=494013038
BNO_CORE_EVENT kind=1 report_seq=162 uart_sequence=2932 sensor_raw=4294966796 sensor_converted=4294966796 xiao_rx=21172307 queue_push=21172312 core_rx=494020474
BNO_CORE_EVENT kind=1 report_seq=163 uart_sequence=2933 sensor_raw=4294966796 sensor_converted=4294966796 xiao_rx=21180223 queue_push=21180229 core_rx=494028488
BNO_CORE_EVENT kind=1 report_seq=164 uart_sequence=2934 sensor_raw=4294966796 sensor_converted=4294966796 xiao_rx=21188111 queue_push=21188113 core_rx=494036484
BNO_CORE_EVENT kind=1 report_seq=165 uart_sequence=2936 sensor_raw=4294966796 sensor_converted=4294966796 xiao_rx=21196950 queue_push=21196958 core_rx=494044988
BNO_CORE_EVENT kind=1 report_seq=166 uart_sequence=2939 sensor_raw=4294966796 sensor_converted=4294966796 xiao_rx=21204000 queue_push=21204006 core_rx=494053441
BNO_CORE_EVENT kind=1 report_seq=167 uart_sequence=2940 sensor_raw=4294966796 sensor_converted=4294966796 xiao_rx=21211893 queue_push=21211899 core_rx=494060149
BNO_CORE_EVENT kind=1 report_seq=168 uart_sequence=2941 sensor_raw=4294966796 sensor_converted=4294966796 xiao_rx=21219777 queue_push=21219779 core_rx=494068487
BNO_CORE_EVENT kind=1 report_seq=169 uart_sequence=2943 sensor_raw=4294966796 sensor_converted=4294966796 xiao_rx=21227740 queue_push=21227748 core_rx=494076959
BNO_CORE_EVENT kind=1 report_seq=170 uart_sequence=2947 sensor_raw=4294966796 sensor_converted=4294966796 xiao_rx=21236423 queue_push=21236431 core_rx=494086438
BNO_CORE_EVENT kind=1 report_seq=171 uart_sequence=2948 sensor_raw=4294966796 sensor_converted=4294966796 xiao_rx=21243568 queue_push=21243573 core_rx=494092499
BNO_CORE_EVENT kind=1 report_seq=172 uart_sequence=2950 sensor_raw=4294966796 sensor_converted=4294966796 xiao_rx=21251483 queue_push=21251488 core_rx=494101502
BNO_CORE_EVENT kind=1 report_seq=173 uart_sequence=2954 sensor_raw=4294966596 sensor_converted=4294966596 xiao_rx=21259678 queue_push=21259686 core_rx=494111320
BNO_CORE_EVENT kind=1 report_seq=174 uart_sequence=2955 sensor_raw=4294966796 sensor_converted=4294966796 xiao_rx=21267326 queue_push=21267331 core_rx=494115520
BNO_CORE_EVENT kind=1 report_seq=175 uart_sequence=2957 sensor_raw=4294966796 sensor_converted=4294966796 xiao_rx=21275229 queue_push=21275234 core_rx=494123493
BNO_CORE_EVENT kind=1 report_seq=176 uart_sequence=2958 sensor_raw=4294966796 sensor_converted=4294966796 xiao_rx=21283152 queue_push=21283157 core_rx=494131495
BNO_CORE_EVENT kind=1 report_seq=177 uart_sequence=2960 sensor_raw=4294966796 sensor_converted=4294966796 xiao_rx=21291112 queue_push=21291120 core_rx=494143310
BNO_CORE_EVENT kind=1 report_seq=178 uart_sequence=2961 sensor_raw=4294966796 sensor_converted=4294966796 xiao_rx=21298986 queue_push=21298992 core_rx=494147497
BNO_CORE_EVENT kind=1 report_seq=179 uart_sequence=2964 sensor_raw=4294966796 sensor_converted=4294966796 xiao_rx=21306924 queue_push=21306930 core_rx=494156476
BNO_CORE_EVENT kind=1 report_seq=180 uart_sequence=2965 sensor_raw=4294966796 sensor_converted=4294966796 xiao_rx=21314819 queue_push=21314825 core_rx=494163499
BNO_CORE_EVENT kind=1 report_seq=181 uart_sequence=2966 sensor_raw=4294966796 sensor_converted=4294966796 xiao_rx=21322707 queue_push=21322709 core_rx=494171511
BNO_CORE_EVENT kind=1 report_seq=182 uart_sequence=2969 sensor_raw=4294966796 sensor_converted=4294966796 xiao_rx=21331430 queue_push=21331438 core_rx=494180465
BNO_CORE_EVENT kind=1 report_seq=183 uart_sequence=2971 sensor_raw=4294966796 sensor_converted=4294966796 xiao_rx=21338578 queue_push=21338583 core_rx=494187496
BNO_CORE_EVENT kind=1 report_seq=184 uart_sequence=2973 sensor_raw=4294966796 sensor_converted=4294966796 xiao_rx=21346533 queue_push=21346539 core_rx=494195081
BNO_CORE_EVENT kind=1 report_seq=185 uart_sequence=2975 sensor_raw=4294966796 sensor_converted=4294966796 xiao_rx=21354371 queue_push=21354374 core_rx=494202509
BNO_CORE_EVENT kind=1 report_seq=186 uart_sequence=2979 sensor_raw=4294966796 sensor_converted=4294966796 xiao_rx=21363824 queue_push=21363832 core_rx=494212998
XIAO UART baud=921600 rx=GPIO8 tx=GPIO9 bytes=7909956 frames=1767 bytes_s=27304 frames_s=246 crc/cobs/len=0/0/0 seqgap=0 age_ms=0 type=11 log=1 q=0 rec=415 final=0
RXDIAG max_us=4290 budget_hits=0 byte/frame/time=0/0/0 rx_buf_max=388 loop_period_max_us=904014 loop_exec_max_us=899046 free_heap=138908 min_free_heap=138528 reset_reason=0 bno_kind_1to5_s=126/0/0/0/0 queue=0 high=12 drops=0
RXDETAIL service_calls=404952 service_bytes_avg=19 service_bytes_max=388 service_frames_avg=0 service_frames_avg_x1000=141 service_frames_max=5 service_bytes_s=27272 service_frames_s=247 rxbuf_full_obs=0 bno_valid=907 bno_invalid=0 unknown=0 uart_overflow=framework_unavailable trial_rx_bytes=194660 trial_frames=1764 trial_bno=907 trial_crc/cobs/len=0/0/0
BNO_CORE_EVENT kind=1 report_seq=187 uart_sequence=2982 sensor_raw=4294966796 sensor_converted=4294966796 xiao_rx=21370258 queue_push=21370264 core_rx=494219438
RXTASK mode=decode_count read_calls=404953 zero_reads=332634 read_bytes_max=388 rx_task_max_us=4290 rx_task_continuous_max_us=4290 stack_hwm_min_bytes=4472 cobs_delimiters=57175 rx_current=0 rx_max=388 rx_full=0 overflow=framework_unavailable
SDTASK max_process_us=85917
BNO_CORE_EVENT kind=1 report_seq=188 uart_sequence=2983 sensor_raw=4294966796 sensor_converted=4294966796 xiao_rx=21378171 queue_push=21378176 core_rx=494226497
BNO_CORE_EVENT kind=1 report_seq=189 uart_sequence=2984 sensor_raw=4294966796 sensor_converted=4294966796 xiao_rx=21386042 queue_push=21386044 core_rx=494234082
BNO_CORE_EVENT kind=1 report_seq=190 uart_sequence=2986 sensor_raw=4294966796 sensor_converted=4294966796 xiao_rx=21395184 queue_push=21395192 core_rx=494243459
BNO_CORE_EVENT kind=1 report_seq=191 uart_sequence=2988 sensor_raw=4294966796 sensor_converted=4294966796 xiao_rx=21401924 queue_push=21401929 core_rx=494250438
BNO_CORE_EVENT kind=1 report_seq=192 uart_sequence=2990 sensor_raw=4294966796 sensor_converted=4294966796 xiao_rx=21409853 queue_push=21409859 core_rx=494259469
BNO_CORE_EVENT kind=1 report_seq=193 uart_sequence=2991 sensor_raw=4294966796 sensor_converted=4294966796 xiao_rx=21417856 queue_push=21417859 core_rx=494266495
BNO_CORE_EVENT kind=1 report_seq=194 uart_sequence=2993 sensor_raw=4294966796 sensor_converted=4294966796 xiao_rx=21425695 queue_push=21425703 core_rx=494275467
BNO_CORE_EVENT kind=1 report_seq=195 uart_sequence=2996 sensor_raw=4294966796 sensor_converted=4294966796 xiao_rx=21433662 queue_push=21433670 core_rx=494283027
BNO_CORE_EVENT kind=1 report_seq=196 uart_sequence=2997 sensor_raw=4294966796 sensor_converted=4294966796 xiao_rx=21441471 queue_push=21441474 core_rx=494290487
BNO_CORE_EVENT kind=1 report_seq=197 uart_sequence=2999 sensor_raw=4294966796 sensor_converted=4294966796 xiao_rx=21449408 queue_push=21449414 core_rx=494298491
BNO_CORE_EVENT kind=1 report_seq=198 uart_sequence=3001 sensor_raw=4294966796 sensor_converted=4294966796 xiao_rx=21457678 queue_push=21457686 core_rx=494308313
BNO_CORE_EVENT kind=1 report_seq=199 uart_sequence=3004 sensor_raw=4294966796 sensor_converted=4294966796 xiao_rx=21465984 queue_push=21465990 core_rx=494315486
BNO_CORE_EVENT kind=1 report_seq=200 uart_sequence=3006 sensor_raw=4294966796 sensor_converted=4294966796 xiao_rx=21473179 queue_push=21473185 core_rx=494321486
BNO_CORE_EVENT kind=1 report_seq=201 uart_sequence=3007 sensor_raw=4294966796 sensor_converted=4294966796 xiao_rx=21481045 queue_push=21481049 core_rx=494329488
BNO_CORE_EVENT kind=1 report_seq=202 uart_sequence=3009 sensor_raw=4294966796 sensor_converted=4294966796 xiao_rx=21489068 queue_push=21489076 core_rx=494341310
BNO_CORE_EVENT kind=1 report_seq=203 uart_sequence=3010 sensor_raw=4294966796 sensor_converted=4294966796 xiao_rx=21496977 queue_push=21496983 core_rx=494345500
BNO_CORE_EVENT kind=1 report_seq=204 uart_sequence=3012 sensor_raw=4294966796 sensor_converted=4294966796 xiao_rx=21504848 queue_push=21504852 core_rx=494353100
BNO_CORE_EVENT kind=1 report_seq=205 uart_sequence=3014 sensor_raw=4294966796 sensor_converted=4294966796 xiao_rx=21513508 queue_push=21513533 core_rx=494362463
BNO_CORE_EVENT kind=1 report_seq=206 uart_sequence=3015 sensor_raw=4294966796 sensor_converted=4294966796 xiao_rx=21520659 queue_push=21520662 core_rx=494369519
BNO_CORE_EVENT kind=1 report_seq=207 uart_sequence=3018 sensor_raw=4294966796 sensor_converted=4294966796 xiao_rx=21529328 queue_push=21529337 core_rx=494378471
BNO_CORE_EVENT kind=1 report_seq=208 uart_sequence=3020 sensor_raw=4294966796 sensor_converted=4294966796 xiao_rx=21536536 queue_push=21536541 core_rx=494385484
BNO_CORE_EVENT kind=1 report_seq=209 uart_sequence=3022 sensor_raw=4294966796 sensor_converted=4294966796 xiao_rx=21544438 queue_push=21544444 core_rx=494393493
BNO_CORE_EVENT kind=1 report_seq=210 uart_sequence=3024 sensor_raw=4294966796 sensor_converted=4294966796 xiao_rx=21552295 queue_push=21552297 core_rx=494400489
BNO_CORE_EVENT kind=1 report_seq=211 uart_sequence=3026 sensor_raw=4294966796 sensor_converted=4294966796 xiao_rx=21560286 queue_push=21560294 core_rx=494408447
BNO_CORE_EVENT kind=1 report_seq=212 uart_sequence=3030 sensor_raw=4294966796 sensor_converted=4294966796 xiao_rx=21569075 queue_push=21569080 core_rx=494417474
BNO_CORE_EVENT kind=1 report_seq=213 uart_sequence=3031 sensor_raw=4294966796 sensor_converted=4294966796 xiao_rx=21576102 queue_push=21576108 core_rx=494424487
BNO_CORE_EVENT kind=1 report_seq=214 uart_sequence=3032 sensor_raw=4294966796 sensor_converted=4294966796 xiao_rx=21583962 queue_push=21583964 core_rx=494432486
BNO_CORE_EVENT kind=1 report_seq=215 uart_sequence=3034 sensor_raw=4294966796 sensor_converted=4294966796 xiao_rx=21593170 queue_push=21593178 core_rx=494441462
BNO_CORE_EVENT kind=1 report_seq=216 uart_sequence=3036 sensor_raw=4294966796 sensor_converted=4294966796 xiao_rx=21599850 queue_push=21599856 core_rx=494448439
BNO_CORE_EVENT kind=1 report_seq=217 uart_sequence=3037 sensor_raw=4294966796 sensor_converted=4294966796 xiao_rx=21607735 queue_push=21607740 core_rx=494456489
BNO_CORE_EVENT kind=1 report_seq=218 uart_sequence=3038 sensor_raw=4294966796 sensor_converted=4294966796 xiao_rx=21615658 queue_push=21615661 core_rx=494464489
BNO_CORE_EVENT kind=1 report_seq=219 uart_sequence=3041 sensor_raw=4294966796 sensor_converted=4294966796 xiao_rx=21623621 queue_push=21623629 core_rx=494473107
BNO_CORE_EVENT kind=1 report_seq=220 uart_sequence=3044 sensor_raw=4294966796 sensor_converted=4294966796 xiao_rx=21631612 queue_push=21631620 core_rx=494481444
BNO_CORE_EVENT kind=1 report_seq=221 uart_sequence=3045 sensor_raw=4294966796 sensor_converted=4294966796 xiao_rx=21639426 queue_push=21639429 core_rx=494488064
BNO_CORE_EVENT kind=1 report_seq=222 uart_sequence=3046 sensor_raw=4294966796 sensor_converted=4294966796 xiao_rx=21647331 queue_push=21647336 core_rx=494495507
BNO_CORE_EVENT kind=1 report_seq=223 uart_sequence=3049 sensor_raw=4294966796 sensor_converted=4294966796 xiao_rx=21655677 queue_push=21655685 core_rx=494506317
BNO_CORE_EVENT kind=1 report_seq=224 uart_sequence=3050 sensor_raw=4294966796 sensor_converted=4294966796 xiao_rx=21663175 queue_push=21663181 core_rx=494511488
BNO_CORE_EVENT kind=1 report_seq=225 uart_sequence=3054 sensor_raw=4294966596 sensor_converted=4294966596 xiao_rx=21672755 queue_push=21672763 core_rx=494521471
BNO_CORE_EVENT kind=1 report_seq=226 uart_sequence=3055 sensor_raw=4294966596 sensor_converted=4294966596 xiao_rx=21679014 queue_push=21679017 core_rx=494527489
BNO_CORE_EVENT kind=1 report_seq=227 uart_sequence=3057 sensor_raw=4294966796 sensor_converted=4294966796 xiao_rx=21687673 queue_push=21687681 core_rx=494537529
BNO_CORE_EVENT kind=1 report_seq=228 uart_sequence=3058 sensor_raw=4294966796 sensor_converted=4294966796 xiao_rx=21694843 queue_push=21694849 core_rx=494543507
BNO_CORE_EVENT kind=1 report_seq=229 uart_sequence=3060 sensor_raw=4294966796 sensor_converted=4294966796 xiao_rx=21702765 queue_push=21702769 core_rx=494551057
BNO_CORE_EVENT kind=1 report_seq=230 uart_sequence=3061 sensor_raw=4294966796 sensor_converted=4294966796 xiao_rx=21710664 queue_push=21710669 core_rx=494559489
BNO_CORE_EVENT kind=1 report_seq=231 uart_sequence=3062 sensor_raw=4294966796 sensor_converted=4294966796 xiao_rx=21718596 queue_push=21718600 core_rx=494567494
BNO_CORE_EVENT kind=1 report_seq=232 uart_sequence=3067 sensor_raw=4294966796 sensor_converted=4294966796 xiao_rx=21728158 queue_push=21728168 core_rx=494578379
BNO_CORE_EVENT kind=1 report_seq=233 uart_sequence=3068 sensor_raw=4294966796 sensor_converted=4294966796 xiao_rx=21734456 queue_push=21734462 core_rx=494583487
BNO_CORE_EVENT kind=1 report_seq=234 uart_sequence=3070 sensor_raw=4294966796 sensor_converted=4294966796 xiao_rx=21742366 queue_push=21742372 core_rx=494591499
BNO_CORE_EVENT kind=1 report_seq=235 uart_sequence=3073 sensor_raw=4294966796 sensor_converted=4294966796 xiao_rx=21750253 queue_push=21750256 core_rx=494598486
BNO_CORE_EVENT kind=1 report_seq=236 uart_sequence=3075 sensor_raw=4294966796 sensor_converted=4294966796 xiao_rx=21758635 queue_push=21758642 core_rx=494607502
BNO_CORE_EVENT kind=1 report_seq=237 uart_sequence=3077 sensor_raw=4294966796 sensor_converted=4294966796 xiao_rx=21766141 queue_push=21766147 core_rx=494614466
BNO_CORE_EVENT kind=1 report_seq=238 uart_sequence=3080 sensor_raw=4294966796 sensor_converted=4294966796 xiao_rx=21774036 queue_push=21774044 core_rx=494623487
BNO_CORE_EVENT kind=1 report_seq=239 uart_sequence=3081 sensor_raw=4294966796 sensor_converted=4294966796 xiao_rx=21781917 queue_push=21781920 core_rx=494630489
BNO_CORE_EVENT kind=1 report_seq=240 uart_sequence=3083 sensor_raw=4294966796 sensor_converted=4294966796 xiao_rx=21789905 queue_push=21789913 core_rx=494638477
BNO_CORE_EVENT kind=1 report_seq=241 uart_sequence=3085 sensor_raw=4294966796 sensor_converted=4294966796 xiao_rx=21797800 queue_push=21797806 core_rx=494646468
BNO_CORE_EVENT kind=1 report_seq=242 uart_sequence=3086 sensor_raw=4294966796 sensor_converted=4294966796 xiao_rx=21805693 queue_push=21805698 core_rx=494654055
BNO_CORE_EVENT kind=1 report_seq=243 uart_sequence=3087 sensor_raw=4294966796 sensor_converted=4294966796 xiao_rx=21813611 queue_push=21813613 core_rx=494662488
BNO_CORE_EVENT kind=1 report_seq=244 uart_sequence=3090 sensor_raw=4294966796 sensor_converted=4294966796 xiao_rx=21822030 queue_push=21822042 core_rx=494672841
BNO_CORE_EVENT kind=1 report_seq=245 uart_sequence=3093 sensor_raw=4294966796 sensor_converted=4294966796 xiao_rx=21830303 queue_push=21830311 core_rx=494679447
BNO_CORE_EVENT kind=1 report_seq=246 uart_sequence=3094 sensor_raw=4294966796 sensor_converted=4294966796 xiao_rx=21838171 queue_push=21838180 core_rx=494686493
BNO_CORE_EVENT kind=1 report_seq=247 uart_sequence=3095 sensor_raw=4294966796 sensor_converted=4294966796 xiao_rx=21845330 queue_push=21845338 core_rx=494693489
BNO_CORE_EVENT kind=1 report_seq=248 uart_sequence=3097 sensor_raw=4294966796 sensor_converted=4294966796 xiao_rx=21853179 queue_push=21853182 core_rx=494701483
BNO_CORE_EVENT kind=1 report_seq=249 uart_sequence=3099 sensor_raw=4294966796 sensor_converted=4294966796 xiao_rx=21862233 queue_push=21862240 core_rx=494710476
BNO_CORE_EVENT kind=1 report_seq=250 uart_sequence=3101 sensor_raw=4294966796 sensor_converted=4294966796 xiao_rx=21869114 queue_push=21869121 core_rx=494717439
BNO_CORE_EVENT kind=1 report_seq=251 uart_sequence=3103 sensor_raw=4294966796 sensor_converted=4294966796 xiao_rx=21876962 queue_push=21876968 core_rx=494726509
BNO_CORE_EVENT kind=1 report_seq=252 uart_sequence=3106 sensor_raw=4294966796 sensor_converted=4294966796 xiao_rx=21885682 queue_push=21885690 core_rx=494735536
BNO_CORE_EVENT kind=1 report_seq=253 uart_sequence=3107 sensor_raw=4294966796 sensor_converted=4294966796 xiao_rx=21892794 queue_push=21892800 core_rx=494741507
BNO_CORE_EVENT kind=1 report_seq=254 uart_sequence=3109 sensor_raw=4294966796 sensor_converted=4294966796 xiao_rx=21900754 queue_push=21900759 core_rx=494749113
BNO_CORE_EVENT kind=1 report_seq=255 uart_sequence=3110 sensor_raw=4294966796 sensor_converted=4294966796 xiao_rx=21908620 queue_push=21908625 core_rx=494757491
BNO_CORE_EVENT kind=1 report_seq=0 uart_sequence=3111 sensor_raw=4294966796 sensor_converted=4294966796 xiao_rx=21916560 queue_push=21916562 core_rx=494766513
BNO_CORE_EVENT kind=1 report_seq=1 uart_sequence=3114 sensor_raw=4294966596 sensor_converted=4294966596 xiao_rx=21925085 queue_push=21925093 core_rx=494774474
BNO_CORE_EVENT kind=1 report_seq=2 uart_sequence=3116 sensor_raw=4294966796 sensor_converted=4294966796 xiao_rx=21932417 queue_push=21932422 core_rx=494781466
BNO_CORE_EVENT kind=1 report_seq=3 uart_sequence=3118 sensor_raw=4294966796 sensor_converted=4294966796 xiao_rx=21940558 queue_push=21940564 core_rx=494789472
BNO_CORE_EVENT kind=1 report_seq=4 uart_sequence=3120 sensor_raw=4294966796 sensor_converted=4294966796 xiao_rx=21948238 queue_push=21948241 core_rx=494796485
BNO_CORE_EVENT kind=1 report_seq=5 uart_sequence=3123 sensor_raw=4294966796 sensor_converted=4294966796 xiao_rx=21956230 queue_push=21956238 core_rx=494804451
BNO_CORE_EVENT kind=1 report_seq=6 uart_sequence=3125 sensor_raw=4294966796 sensor_converted=4294966796 xiao_rx=21964131 queue_push=21964137 core_rx=494812465
BNO_CORE_EVENT kind=1 report_seq=7 uart_sequence=3126 sensor_raw=4294966796 sensor_converted=4294966796 xiao_rx=21972011 queue_push=21972016 core_rx=494820493
BNO_CORE_EVENT kind=1 report_seq=8 uart_sequence=3128 sensor_raw=4294966796 sensor_converted=4294966796 xiao_rx=21979892 queue_push=21979897 core_rx=494828450
BNO_CORE_EVENT kind=1 report_seq=9 uart_sequence=3131 sensor_raw=4294966796 sensor_converted=4294966796 xiao_rx=21988926 queue_push=21988934 core_rx=494839393
BNO_CORE_EVENT kind=1 report_seq=10 uart_sequence=3133 sensor_raw=4294966796 sensor_converted=4294966796 xiao_rx=21995757 queue_push=21995762 core_rx=494844457
BNO_CORE_EVENT kind=1 report_seq=11 uart_sequence=3134 sensor_raw=4294966796 sensor_converted=4294966796 xiao_rx=22003674 queue_push=22003678 core_rx=494852470
BNO_CORE_EVENT kind=1 report_seq=12 uart_sequence=3135 sensor_raw=4294966796 sensor_converted=4294966796 xiao_rx=22011564 queue_push=22011566 core_rx=494860489
BNO_CORE_EVENT kind=1 report_seq=13 uart_sequence=3137 sensor_raw=4294966796 sensor_converted=4294966796 xiao_rx=22020011 queue_push=22020018 core_rx=494868440
BNO_CORE_EVENT kind=1 report_seq=14 uart_sequence=3139 sensor_raw=4294966796 sensor_converted=4294966796 xiao_rx=22027452 queue_push=22027458 core_rx=494877448
BNO_CORE_EVENT kind=1 report_seq=15 uart_sequence=3142 sensor_raw=4294966796 sensor_converted=4294966796 xiao_rx=22035355 queue_push=22035363 core_rx=494884444
BNO_CORE_EVENT kind=1 report_seq=16 uart_sequence=3144 sensor_raw=4294966796 sensor_converted=4294966796 xiao_rx=22043535 queue_push=22043537 core_rx=494892514
BNO_CORE_EVENT kind=1 report_seq=17 uart_sequence=3147 sensor_raw=4294966796 sensor_converted=4294966796 xiao_rx=22051204 queue_push=22051212 core_rx=494901165
BNO_CORE_EVENT kind=1 report_seq=18 uart_sequence=3148 sensor_raw=4294966796 sensor_converted=4294966796 xiao_rx=22059083 queue_push=22059088 core_rx=494907487
BNO_CORE_EVENT kind=1 report_seq=19 uart_sequence=3150 sensor_raw=4294966796 sensor_converted=4294966796 xiao_rx=22067052 queue_push=22067058 core_rx=494915467
BNO_CORE_EVENT kind=1 report_seq=20 uart_sequence=3151 sensor_raw=4294966796 sensor_converted=4294966796 xiao_rx=22074907 queue_push=22074912 core_rx=494923510
BNO_CORE_EVENT kind=1 report_seq=21 uart_sequence=3154 sensor_raw=4294966796 sensor_converted=4294966796 xiao_rx=22083748 queue_push=22083760 core_rx=494933513
BNO_CORE_EVENT kind=1 report_seq=22 uart_sequence=3156 sensor_raw=4294966796 sensor_converted=4294966796 xiao_rx=22090811 queue_push=22090816 core_rx=494939459
BNO_CORE_EVENT kind=1 report_seq=23 uart_sequence=3158 sensor_raw=4294966796 sensor_converted=4294966796 xiao_rx=22098708 queue_push=22098713 core_rx=494947469
BNO_CORE_EVENT kind=1 report_seq=24 uart_sequence=3159 sensor_raw=4294966796 sensor_converted=4294966796 xiao_rx=22106636 queue_push=22106641 core_rx=494955489
BNO_CORE_EVENT kind=1 report_seq=25 uart_sequence=3160 sensor_raw=4294966796 sensor_converted=4294966796 xiao_rx=22114495 queue_push=22114497 core_rx=494963496
BNO_CORE_EVENT kind=1 report_seq=26 uart_sequence=3162 sensor_raw=4294966596 sensor_converted=4294966596 xiao_rx=22123122 queue_push=22123130 core_rx=494971467
BNO_CORE_EVENT kind=1 report_seq=27 uart_sequence=3164 sensor_raw=4294966796 sensor_converted=4294966796 xiao_rx=22130370 queue_push=22130374 core_rx=494979462
BNO_CORE_EVENT kind=1 report_seq=28 uart_sequence=3165 sensor_raw=4294966796 sensor_converted=4294966796 xiao_rx=22138306 queue_push=22138312 core_rx=494986036
BNO_CORE_EVENT kind=1 report_seq=29 uart_sequence=3167 sensor_raw=4294966796 sensor_converted=4294966796 xiao_rx=22146163 queue_push=22146165 core_rx=494994506
BNO_CORE_EVENT kind=1 report_seq=30 uart_sequence=3172 sensor_raw=4294966796 sensor_converted=4294966796 xiao_rx=22155101 queue_push=22155109 core_rx=495004456
BNO_CORE_EVENT kind=1 report_seq=31 uart_sequence=3175 sensor_raw=4294966796 sensor_converted=4294966796 xiao_rx=22162835 queue_push=22162841 core_rx=495011503
BNO_CORE_EVENT kind=1 report_seq=32 uart_sequence=3176 sensor_raw=4294966796 sensor_converted=4294966796 xiao_rx=22169965 queue_push=22169971 core_rx=495018501
BNO_CORE_EVENT kind=1 report_seq=33 uart_sequence=3177 sensor_raw=4294966596 sensor_converted=4294966596 xiao_rx=22177979 queue_push=22177981 core_rx=495026491
BNO_CORE_EVENT kind=1 report_seq=34 uart_sequence=3180 sensor_raw=4294966796 sensor_converted=4294966796 xiao_rx=22185812 queue_push=22185820 core_rx=495034975
BNO_CORE_EVENT kind=1 report_seq=35 uart_sequence=3183 sensor_raw=4294966796 sensor_converted=4294966796 xiao_rx=22195479 queue_push=22195485 core_rx=495045469
BNO_CORE_EVENT kind=1 report_seq=36 uart_sequence=3184 sensor_raw=4294966796 sensor_converted=4294966796 xiao_rx=22202087 queue_push=22202093 core_rx=495050196
BNO_CORE_EVENT kind=1 report_seq=37 uart_sequence=3185 sensor_raw=4294966796 sensor_converted=4294966796 xiao_rx=22209536 queue_push=22209538 core_rx=495058488
BNO_CORE_EVENT kind=1 report_seq=38 uart_sequence=3187 sensor_raw=4294966796 sensor_converted=4294966796 xiao_rx=22218243 queue_push=22218250 core_rx=495066439
BNO_CORE_EVENT kind=1 report_seq=39 uart_sequence=3189 sensor_raw=4294966796 sensor_converted=4294966796 xiao_rx=22225413 queue_push=22225419 core_rx=495074083
BNO_CORE_EVENT kind=1 report_seq=40 uart_sequence=3190 sensor_raw=4294966796 sensor_converted=4294966796 xiao_rx=22233307 queue_push=22233312 core_rx=495081493
BNO_CORE_EVENT kind=1 report_seq=41 uart_sequence=3191 sensor_raw=4294966796 sensor_converted=4294966796 xiao_rx=22241189 queue_push=22241193 core_rx=495089495
BNO_CORE_EVENT kind=1 report_seq=42 uart_sequence=3194 sensor_raw=4294966796 sensor_converted=4294966796 xiao_rx=22249153 queue_push=22249161 core_rx=495098968
BNO_CORE_EVENT kind=1 report_seq=43 uart_sequence=3198 sensor_raw=4294966796 sensor_converted=4294966796 xiao_rx=22257080 queue_push=22257089 core_rx=495107374
BNO_CORE_EVENT kind=1 report_seq=44 uart_sequence=3199 sensor_raw=4294966796 sensor_converted=4294966796 xiao_rx=22264969 queue_push=22264974 core_rx=495113520
BNO_CORE_EVENT kind=1 report_seq=45 uart_sequence=3200 sensor_raw=4294966796 sensor_converted=4294966796 xiao_rx=22272856 queue_push=22272860 core_rx=495121493
BNO_CORE_EVENT kind=1 report_seq=46 uart_sequence=3202 sensor_raw=4294966796 sensor_converted=4294966796 xiao_rx=22280826 queue_push=22280834 core_rx=495131319
BNO_CORE_EVENT kind=1 report_seq=47 uart_sequence=3204 sensor_raw=4294966796 sensor_converted=4294966796 xiao_rx=22288739 queue_push=22288746 core_rx=495137514
BNO_CORE_EVENT kind=1 report_seq=48 uart_sequence=3207 sensor_raw=4294966796 sensor_converted=4294966796 xiao_rx=22297398 queue_push=22297402 core_rx=495146490
BNO_CORE_EVENT kind=1 report_seq=49 uart_sequence=3208 sensor_raw=4294966796 sensor_converted=4294966796 xiao_rx=22304573 queue_push=22304576 core_rx=495153494
BNO_CORE_EVENT kind=1 report_seq=50 uart_sequence=3210 sensor_raw=4294966796 sensor_converted=4294966796 xiao_rx=22312467 queue_push=22312475 core_rx=495164307
BNO_CORE_EVENT kind=1 report_seq=51 uart_sequence=3211 sensor_raw=4294966796 sensor_converted=4294966796 xiao_rx=22320409 queue_push=22320415 core_rx=495169509
BNO_CORE_EVENT kind=1 report_seq=52 uart_sequence=3213 sensor_raw=4294966796 sensor_converted=4294966796 xiao_rx=22328329 queue_push=22328333 core_rx=495176471
BNO_CORE_EVENT kind=1 report_seq=53 uart_sequence=3214 sensor_raw=4294966796 sensor_converted=4294966796 xiao_rx=22336251 queue_push=22336254 core_rx=495184495
BNO_CORE_EVENT kind=1 report_seq=54 uart_sequence=3215 sensor_raw=4294966796 sensor_converted=4294966796 xiao_rx=22344149 queue_push=22344151 core_rx=495193514
BNO_CORE_EVENT kind=1 report_seq=55 uart_sequence=3220 sensor_raw=4294966796 sensor_converted=4294966796 xiao_rx=22352931 queue_push=22352940 core_rx=495203071
BNO_CORE_EVENT kind=1 report_seq=56 uart_sequence=3223 sensor_raw=4294966796 sensor_converted=4294966796 xiao_rx=22359995 queue_push=22360001 core_rx=495208498
BNO_CORE_EVENT kind=1 report_seq=57 uart_sequence=3224 sensor_raw=4294966796 sensor_converted=4294966796 xiao_rx=22367891 queue_push=22367896 core_rx=495216577
XIAO UART baud=921600 rx=GPIO8 tx=GPIO9 bytes=7936852 frames=2011 bytes_s=26896 frames_s=244 crc/cobs/len=0/0/0 seqgap=0 age_ms=2 type=2 log=1 q=0 rec=469 final=0
RXDIAG max_us=4290 budget_hits=0 byte/frame/time=0/0/0 rx_buf_max=388 loop_period_max_us=904014 loop_exec_max_us=899046 free_heap=138908 min_free_heap=138528 reset_reason=0 bno_kind_1to5_s=127/0/0/0/0 queue=0 high=12 drops=0
RXDETAIL service_calls=405638 service_bytes_avg=19 service_bytes_max=388 service_frames_avg=0 service_frames_avg_x1000=141 service_frames_max=5 service_bytes_s=26808 service_frames_s=243 rxbuf_full_obs=0 bno_valid=1034 bno_invalid=0 unknown=0 uart_overflow=framework_unavailable trial_rx_bytes=221468 trial_frames=2007 trial_bno=1034 trial_crc/cobs/len=0/0/0
RXTASK mode=decode_count read_calls=405640 zero_reads=333083 read_bytes_max=388 rx_task_max_us=4290 rx_task_continuous_max_us=4290 stack_hwm_min_bytes=4472 cobs_delimiters=57417 rx_current=0 rx_max=388 rx_full=0 overflow=framework_unavailable
SDTASK max_process_us=85917
BNO_CORE_EVENT kind=1 report_seq=58 uart_sequence=3225 sensor_raw=4294966796 sensor_converted=4294966796 xiao_rx=22375785 queue_push=22375788 core_rx=495224501
BNO_CORE_EVENT kind=1 report_seq=59 uart_sequence=3228 sensor_raw=4294966796 sensor_converted=4294966796 xiao_rx=22384501 queue_push=22384531 core_rx=495234495
BNO_CORE_EVENT kind=1 report_seq=60 uart_sequence=3231 sensor_raw=4294966596 sensor_converted=4294966596 xiao_rx=22392068 queue_push=22392073 core_rx=495240017
BNO_CORE_EVENT kind=1 report_seq=61 uart_sequence=3232 sensor_raw=4294966796 sensor_converted=4294966796 xiao_rx=22399586 queue_push=22399592 core_rx=495248489
BNO_CORE_EVENT kind=1 report_seq=62 uart_sequence=3234 sensor_raw=4294966796 sensor_converted=4294966796 xiao_rx=22407533 queue_push=22407536 core_rx=495256481
BNO_CORE_EVENT kind=1 report_seq=63 uart_sequence=3236 sensor_raw=4294966796 sensor_converted=4294966796 xiao_rx=22416166 queue_push=22416174 core_rx=495264444
BNO_CORE_EVENT kind=1 report_seq=64 uart_sequence=3238 sensor_raw=4294966796 sensor_converted=4294966796 xiao_rx=22423365 queue_push=22423370 core_rx=495272104
BNO_CORE_EVENT kind=1 report_seq=65 uart_sequence=3239 sensor_raw=4294966596 sensor_converted=4294966596 xiao_rx=22431376 queue_push=22431382 core_rx=495279487
BNO_CORE_EVENT kind=1 report_seq=66 uart_sequence=3240 sensor_raw=4294966796 sensor_converted=4294966796 xiao_rx=22439139 queue_push=22439141 core_rx=495287487
BNO_CORE_EVENT kind=1 report_seq=67 uart_sequence=3242 sensor_raw=4294966796 sensor_converted=4294966796 xiao_rx=22447928 queue_push=22447936 core_rx=495297498
BNO_CORE_EVENT kind=1 report_seq=68 uart_sequence=3247 sensor_raw=4294966796 sensor_converted=4294966796 xiao_rx=22455762 queue_push=22455770 core_rx=495304998
BNO_CORE_EVENT kind=1 report_seq=69 uart_sequence=3248 sensor_raw=4294966796 sensor_converted=4294966796 xiao_rx=22462879 queue_push=22462884 core_rx=495311486
BNO_CORE_EVENT kind=1 report_seq=70 uart_sequence=3249 sensor_raw=4294966796 sensor_converted=4294966796 xiao_rx=22470821 queue_push=22470826 core_rx=495319505
BNO_CORE_EVENT kind=1 report_seq=71 uart_sequence=3251 sensor_raw=4294966796 sensor_converted=4294966796 xiao_rx=22478838 queue_push=22478845 core_rx=495329310
BNO_CORE_EVENT kind=1 report_seq=72 uart_sequence=3252 sensor_raw=4294966796 sensor_converted=4294966796 xiao_rx=22486655 queue_push=22486659 core_rx=495335498
BNO_CORE_EVENT kind=1 report_seq=73 uart_sequence=3255 sensor_raw=4294966796 sensor_converted=4294966796 xiao_rx=22495080 queue_push=22495088 core_rx=495343493
BNO_CORE_EVENT kind=1 report_seq=74 uart_sequence=3256 sensor_raw=4294966796 sensor_converted=4294966796 xiao_rx=22502532 queue_push=22502537 core_rx=495351492
BNO_CORE_EVENT kind=1 report_seq=75 uart_sequence=3259 sensor_raw=4294966796 sensor_converted=4294966796 xiao_rx=22510493 queue_push=22510500 core_rx=495362522
BNO_CORE_EVENT kind=1 report_seq=76 uart_sequence=3260 sensor_raw=4294966796 sensor_converted=4294966796 xiao_rx=22518341 queue_push=22518349 core_rx=495366495
BNO_CORE_EVENT kind=1 report_seq=77 uart_sequence=3262 sensor_raw=4294966796 sensor_converted=4294966796 xiao_rx=22526283 queue_push=22526288 core_rx=495374040
BNO_CORE_EVENT kind=1 report_seq=78 uart_sequence=3263 sensor_raw=4294966796 sensor_converted=4294966796 xiao_rx=22534146 queue_push=22534150 core_rx=495382487
BNO_CORE_EVENT kind=1 report_seq=79 uart_sequence=3264 sensor_raw=4294966796 sensor_converted=4294966796 xiao_rx=22542100 queue_push=22542103 core_rx=495390046
BNO_CORE_EVENT kind=1 report_seq=80 uart_sequence=3268 sensor_raw=4294966796 sensor_converted=4294966796 xiao_rx=22550042 queue_push=22550050 core_rx=495400190
BNO_CORE_EVENT kind=1 report_seq=81 uart_sequence=3272 sensor_raw=4294966796 sensor_converted=4294966796 xiao_rx=22557957 queue_push=22557962 core_rx=495407428
BNO_CORE_EVENT kind=1 report_seq=82 uart_sequence=3273 sensor_raw=4294966796 sensor_converted=4294966796 xiao_rx=22565811 queue_push=22565815 core_rx=495414494
BNO_CORE_EVENT kind=1 report_seq=83 uart_sequence=3274 sensor_raw=4294966796 sensor_converted=4294966796 xiao_rx=22573745 queue_push=22573747 core_rx=495422508
BNO_CORE_EVENT kind=1 report_seq=84 uart_sequence=3276 sensor_raw=4294966796 sensor_converted=4294966796 xiao_rx=22581717 queue_push=22581725 core_rx=495430007
BNO_CORE_EVENT kind=1 report_seq=85 uart_sequence=3278 sensor_raw=4294966796 sensor_converted=4294966796 xiao_rx=22590353 queue_push=22590359 core_rx=495438447
BNO_CORE_EVENT kind=1 report_seq=86 uart_sequence=3280 sensor_raw=4294966796 sensor_converted=4294966796 xiao_rx=22597536 queue_push=22597543 core_rx=495446481
BNO_CORE_EVENT kind=1 report_seq=87 uart_sequence=3281 sensor_raw=4294966796 sensor_converted=4294966796 xiao_rx=22605400 queue_push=22605403 core_rx=495453509
BNO_CORE_EVENT kind=1 report_seq=88 uart_sequence=3284 sensor_raw=4294966796 sensor_converted=4294966796 xiao_rx=22614186 queue_push=22614194 core_rx=495462444
BNO_CORE_EVENT kind=1 report_seq=89 uart_sequence=3286 sensor_raw=4294966796 sensor_converted=4294966796 xiao_rx=22621289 queue_push=22621294 core_rx=495469437
BNO_CORE_EVENT kind=1 report_seq=90 uart_sequence=3287 sensor_raw=4294966796 sensor_converted=4294966796 xiao_rx=22629185 queue_push=22629191 core_rx=495477487
BNO_CORE_EVENT kind=1 report_seq=91 uart_sequence=3288 sensor_raw=4294966796 sensor_converted=4294966796 xiao_rx=22637097 queue_push=22637100 core_rx=495485029
BNO_CORE_EVENT kind=1 report_seq=92 uart_sequence=3290 sensor_raw=4294966796 sensor_converted=4294966796 xiao_rx=22645940 queue_push=22645948 core_rx=495494235
BNO_CORE_EVENT kind=1 report_seq=93 uart_sequence=3293 sensor_raw=4294966796 sensor_converted=4294966796 xiao_rx=22653723 queue_push=22653731 core_rx=495503440
BNO_CORE_EVENT kind=1 report_seq=94 uart_sequence=3296 sensor_raw=4294966796 sensor_converted=4294966796 xiao_rx=22660879 queue_push=22660883 core_rx=495509475
BNO_CORE_EVENT kind=1 report_seq=95 uart_sequence=3297 sensor_raw=4294966796 sensor_converted=4294966796 xiao_rx=22668771 queue_push=22668773 core_rx=495517036
BNO_CORE_EVENT kind=1 report_seq=96 uart_sequence=3299 sensor_raw=4294966796 sensor_converted=4294966796 xiao_rx=22676798 queue_push=22676807 core_rx=495526918
BNO_CORE_EVENT kind=1 report_seq=97 uart_sequence=3300 sensor_raw=4294966796 sensor_converted=4294966796 xiao_rx=22684763 queue_push=22684769 core_rx=495533507
BNO_CORE_EVENT kind=1 report_seq=98 uart_sequence=3302 sensor_raw=4294966796 sensor_converted=4294966796 xiao_rx=22692575 queue_push=22692580 core_rx=495541485
BNO_CORE_EVENT kind=1 report_seq=99 uart_sequence=3304 sensor_raw=4294966796 sensor_converted=4294966796 xiao_rx=22700447 queue_push=22700455 core_rx=495549113
BNO_CORE_EVENT kind=1 report_seq=100 uart_sequence=3306 sensor_raw=4294966796 sensor_converted=4294966796 xiao_rx=22708395 queue_push=22708404 core_rx=495560317
BNO_CORE_EVENT kind=1 report_seq=101 uart_sequence=3308 sensor_raw=4294966796 sensor_converted=4294966796 xiao_rx=22717109 queue_push=22717114 core_rx=495565036
BNO_CORE_EVENT kind=1 report_seq=102 uart_sequence=3310 sensor_raw=4294966796 sensor_converted=4294966796 xiao_rx=22724239 queue_push=22724243 core_rx=495572480
BNO_CORE_EVENT kind=1 report_seq=103 uart_sequence=3311 sensor_raw=4294966796 sensor_converted=4294966796 xiao_rx=22732111 queue_push=22732117 core_rx=495580487
BNO_CORE_EVENT kind=1 report_seq=104 uart_sequence=3313 sensor_raw=4294966796 sensor_converted=4294966796 xiao_rx=22740087 queue_push=22740095 core_rx=495592311
BNO_CORE_EVENT kind=1 report_seq=105 uart_sequence=3314 sensor_raw=4294966796 sensor_converted=4294966796 xiao_rx=22747980 queue_push=22747985 core_rx=495596506
BNO_CORE_EVENT kind=1 report_seq=106 uart_sequence=3317 sensor_raw=4294966796 sensor_converted=4294966796 xiao_rx=22755875 queue_push=22755880 core_rx=495604478
BNO_CORE_EVENT kind=1 report_seq=107 uart_sequence=3321 sensor_raw=4294966796 sensor_converted=4294966796 xiao_rx=22763780 queue_push=22763788 core_rx=495613448
BNO_CORE_EVENT kind=1 report_seq=108 uart_sequence=3322 sensor_raw=4294966796 sensor_converted=4294966796 xiao_rx=22771693 queue_push=22771697 core_rx=495620024
BNO_CORE_EVENT kind=1 report_seq=109 uart_sequence=3325 sensor_raw=4294966796 sensor_converted=4294966796 xiao_rx=22780377 queue_push=22780385 core_rx=495629032
BNO_CORE_EVENT kind=1 report_seq=110 uart_sequence=3326 sensor_raw=4294966796 sensor_converted=4294966796 xiao_rx=22787566 queue_push=22787571 core_rx=495636516
BNO_CORE_EVENT kind=1 report_seq=111 uart_sequence=3328 sensor_raw=4294966796 sensor_converted=4294966796 xiao_rx=22795469 queue_push=22795475 core_rx=495644486
BNO_CORE_EVENT kind=1 report_seq=112 uart_sequence=3330 sensor_raw=4294966796 sensor_converted=4294966796 xiao_rx=22803361 queue_push=22803365 core_rx=495651488
BNO_CORE_EVENT kind=1 report_seq=113 uart_sequence=3332 sensor_raw=4294966796 sensor_converted=4294966796 xiao_rx=22811316 queue_push=22811324 core_rx=495659499
BNO_CORE_EVENT kind=1 report_seq=114 uart_sequence=3335 sensor_raw=4294966796 sensor_converted=4294966796 xiao_rx=22819242 queue_push=22819248 core_rx=495667480
BNO_CORE_EVENT kind=1 report_seq=115 uart_sequence=3336 sensor_raw=4294966796 sensor_converted=4294966796 xiao_rx=22827104 queue_push=22827109 core_rx=495675493
BNO_CORE_EVENT kind=1 report_seq=116 uart_sequence=3337 sensor_raw=4294966796 sensor_converted=4294966796 xiao_rx=22835030 queue_push=22835032 core_rx=495683025
BNO_CORE_EVENT kind=1 report_seq=117 uart_sequence=3339 sensor_raw=4294966796 sensor_converted=4294966796 xiao_rx=22844305 queue_push=22844315 core_rx=495693078
BNO_CORE_EVENT kind=1 report_seq=118 uart_sequence=3341 sensor_raw=4294966796 sensor_converted=4294966796 xiao_rx=22851932 queue_push=22851940 core_rx=495701481
BNO_CORE_EVENT kind=1 report_seq=119 uart_sequence=3344 sensor_raw=4294966796 sensor_converted=4294966796 xiao_rx=22858850 queue_push=22858859 core_rx=495707745
BNO_CORE_EVENT kind=1 report_seq=120 uart_sequence=3346 sensor_raw=4294966796 sensor_converted=4294966796 xiao_rx=22867503 queue_push=22867508 core_rx=495716479
BNO_CORE_EVENT kind=1 report_seq=121 uart_sequence=3348 sensor_raw=4294966796 sensor_converted=4294966796 xiao_rx=22875667 queue_push=22875674 core_rx=495725530
BNO_CORE_EVENT kind=1 report_seq=122 uart_sequence=3349 sensor_raw=4294966796 sensor_converted=4294966796 xiao_rx=22882561 queue_push=22882566 core_rx=495731508
BNO_CORE_EVENT kind=1 report_seq=123 uart_sequence=3351 sensor_raw=4294966796 sensor_converted=4294966796 xiao_rx=22890465 queue_push=22890469 core_rx=495739063
BNO_CORE_EVENT kind=1 report_seq=124 uart_sequence=3352 sensor_raw=4294966796 sensor_converted=4294966796 xiao_rx=22898355 queue_push=22898357 core_rx=495746511
BNO_CORE_EVENT kind=1 report_seq=125 uart_sequence=3355 sensor_raw=4294966796 sensor_converted=4294966796 xiao_rx=22906667 queue_push=22906675 core_rx=495757520
BNO_CORE_EVENT kind=1 report_seq=126 uart_sequence=3356 sensor_raw=4294966796 sensor_converted=4294966796 xiao_rx=22914234 queue_push=22914240 core_rx=495762487
BNO_CORE_EVENT kind=1 report_seq=127 uart_sequence=3359 sensor_raw=4294966796 sensor_converted=4294966796 xiao_rx=22923081 queue_push=22923086 core_rx=495771488
BNO_CORE_EVENT kind=1 report_seq=128 uart_sequence=3360 sensor_raw=4294966796 sensor_converted=4294966796 xiao_rx=22930064 queue_push=22930070 core_rx=495778487
BNO_CORE_EVENT kind=1 report_seq=129 uart_sequence=3362 sensor_raw=4294966596 sensor_converted=4294966596 xiao_rx=22938127 queue_push=22938135 core_rx=495790314
BNO_CORE_EVENT kind=1 report_seq=130 uart_sequence=3363 sensor_raw=4294966596 sensor_converted=4294966596 xiao_rx=22945991 queue_push=22945996 core_rx=495794490
BNO_CORE_EVENT kind=1 report_seq=131 uart_sequence=3366 sensor_raw=4294966796 sensor_converted=4294966796 xiao_rx=22953797 queue_push=22953801 core_rx=495802457
BNO_CORE_EVENT kind=1 report_seq=132 uart_sequence=3369 sensor_raw=4294966796 sensor_converted=4294966796 xiao_rx=22962497 queue_push=22962505 core_rx=495811447
BNO_CORE_EVENT kind=1 report_seq=133 uart_sequence=3371 sensor_raw=4294966796 sensor_converted=4294966796 xiao_rx=22969641 queue_push=22969644 core_rx=495818140
BNO_CORE_EVENT kind=1 report_seq=134 uart_sequence=3373 sensor_raw=4294966796 sensor_converted=4294966796 xiao_rx=22977597 queue_push=22977604 core_rx=495826462
BNO_CORE_EVENT kind=1 report_seq=135 uart_sequence=3375 sensor_raw=4294966796 sensor_converted=4294966796 xiao_rx=22985555 queue_push=22985561 core_rx=495834489
BNO_CORE_EVENT kind=1 report_seq=136 uart_sequence=3376 sensor_raw=4294966796 sensor_converted=4294966796 xiao_rx=22993421 queue_push=22993427 core_rx=495842468
BNO_CORE_EVENT kind=1 report_seq=137 uart_sequence=3377 sensor_raw=4294966796 sensor_converted=4294966796 xiao_rx=23001310 queue_push=23001312 core_rx=495849466
BNO_CORE_EVENT kind=1 report_seq=138 uart_sequence=3380 sensor_raw=4294966796 sensor_converted=4294966796 xiao_rx=23010118 queue_push=23010126 core_rx=495858451
BNO_CORE_EVENT kind=1 report_seq=139 uart_sequence=3382 sensor_raw=4294966796 sensor_converted=4294966796 xiao_rx=23017198 queue_push=23017202 core_rx=495865442
BNO_CORE_EVENT kind=1 report_seq=140 uart_sequence=3384 sensor_raw=4294966796 sensor_converted=4294966796 xiao_rx=23025119 queue_push=23025125 core_rx=495873445
BNO_CORE_EVENT kind=1 report_seq=141 uart_sequence=3385 sensor_raw=4294966796 sensor_converted=4294966796 xiao_rx=23032974 queue_push=23032976 core_rx=495881469
BNO_CORE_EVENT kind=1 report_seq=142 uart_sequence=3387 sensor_raw=4294966796 sensor_converted=4294966796 xiao_rx=23042277 queue_push=23042284 core_rx=495890440
BNO_CORE_EVENT kind=1 report_seq=143 uart_sequence=3389 sensor_raw=4294966596 sensor_converted=4294966596 xiao_rx=23048987 queue_push=23048992 core_rx=495897457
BNO_CORE_EVENT kind=1 report_seq=144 uart_sequence=3391 sensor_raw=4294966796 sensor_converted=4294966796 xiao_rx=23056780 queue_push=23056784 core_rx=495905466
BNO_CORE_EVENT kind=1 report_seq=145 uart_sequence=3392 sensor_raw=4294966796 sensor_converted=4294966796 xiao_rx=23064637 queue_push=23064640 core_rx=495913468
BNO_CORE_EVENT kind=1 report_seq=146 uart_sequence=3394 sensor_raw=4294966796 sensor_converted=4294966796 xiao_rx=23072639 queue_push=23072647 core_rx=495922474
BNO_CORE_EVENT kind=1 report_seq=147 uart_sequence=3399 sensor_raw=4294966796 sensor_converted=4294966796 xiao_rx=23081304 queue_push=23081312 core_rx=495929943
BNO_CORE_EVENT kind=1 report_seq=148 uart_sequence=3400 sensor_raw=4294966796 sensor_converted=4294966796 xiao_rx=23088411 queue_push=23088416 core_rx=495936472
BNO_CORE_EVENT kind=1 report_seq=149 uart_sequence=3401 sensor_raw=4294966796 sensor_converted=4294966796 xiao_rx=23096346 queue_push=23096351 core_rx=495944520
BNO_CORE_EVENT kind=1 report_seq=150 uart_sequence=3403 sensor_raw=4294966796 sensor_converted=4294966796 xiao_rx=23104665 queue_push=23104673 core_rx=495954806
BNO_CORE_EVENT kind=1 report_seq=151 uart_sequence=3405 sensor_raw=4294966796 sensor_converted=4294966796 xiao_rx=23111795 queue_push=23111801 core_rx=495960473
BNO_CORE_EVENT kind=1 report_seq=152 uart_sequence=3407 sensor_raw=4294966796 sensor_converted=4294966796 xiao_rx=23120090 queue_push=23120095 core_rx=495968471
BNO_CORE_EVENT kind=1 report_seq=153 uart_sequence=3409 sensor_raw=4294966796 sensor_converted=4294966796 xiao_rx=23128021 queue_push=23128025 core_rx=495977495
BNO_CORE_EVENT kind=1 report_seq=154 uart_sequence=3411 sensor_raw=4294966796 sensor_converted=4294966796 xiao_rx=23136020 queue_push=23136027 core_rx=495988177
BNO_CORE_EVENT kind=1 report_seq=155 uart_sequence=3412 sensor_raw=4294966796 sensor_converted=4294966796 xiao_rx=23144008 queue_push=23144013 core_rx=495992021
BNO_CORE_EVENT kind=1 report_seq=156 uart_sequence=3415 sensor_raw=4294966796 sensor_converted=4294966796 xiao_rx=23151814 queue_push=23151819 core_rx=496000460
BNO_CORE_EVENT kind=1 report_seq=157 uart_sequence=3416 sensor_raw=4294966796 sensor_converted=4294966796 xiao_rx=23159676 queue_push=23159681 core_rx=496009485
BNO_CORE_EVENT kind=1 report_seq=158 uart_sequence=3418 sensor_raw=4294966796 sensor_converted=4294966796 xiao_rx=23167639 queue_push=23167643 core_rx=496016514
BNO_CORE_EVENT kind=1 report_seq=159 uart_sequence=3421 sensor_raw=4294966796 sensor_converted=4294966796 xiao_rx=23176844 queue_push=23176852 core_rx=496025467
BNO_CORE_EVENT kind=1 report_seq=160 uart_sequence=3425 sensor_raw=4294966796 sensor_converted=4294966796 xiao_rx=23184432 queue_push=23184437 core_rx=496034483
BNO_CORE_EVENT kind=1 report_seq=161 uart_sequence=3426 sensor_raw=4294966596 sensor_converted=4294966596 xiao_rx=23191497 queue_push=23191503 core_rx=496040496
BNO_CORE_EVENT kind=1 report_seq=162 uart_sequence=3427 sensor_raw=4294966796 sensor_converted=4294966796 xiao_rx=23199266 queue_push=23199268 core_rx=496047016
BNO_CORE_EVENT kind=1 report_seq=163 uart_sequence=3429 sensor_raw=4294966796 sensor_converted=4294966796 xiao_rx=23207231 queue_push=23207239 core_rx=496055487
BNO_CORE_EVENT kind=1 report_seq=164 uart_sequence=3432 sensor_raw=4294966796 sensor_converted=4294966796 xiao_rx=23215157 queue_push=23215164 core_rx=496063464
BNO_CORE_EVENT kind=1 report_seq=165 uart_sequence=3433 sensor_raw=4294966796 sensor_converted=4294966796 xiao_rx=23223078 queue_push=23223083 core_rx=496071494
BNO_CORE_EVENT kind=1 report_seq=166 uart_sequence=3435 sensor_raw=4294966796 sensor_converted=4294966796 xiao_rx=23230938 queue_push=23230940 core_rx=496080475
BNO_CORE_EVENT kind=1 report_seq=167 uart_sequence=3437 sensor_raw=4294966796 sensor_converted=4294966796 xiao_rx=23240203 queue_push=23240211 core_rx=496088469
BNO_CORE_EVENT kind=1 report_seq=168 uart_sequence=3439 sensor_raw=4294966796 sensor_converted=4294966796 xiao_rx=23246821 queue_push=23246827 core_rx=496095439
BNO_CORE_EVENT kind=1 report_seq=169 uart_sequence=3441 sensor_raw=4294966796 sensor_converted=4294966796 xiao_rx=23254739 queue_push=23254744 core_rx=496103089
BNO_CORE_EVENT kind=1 report_seq=170 uart_sequence=3442 sensor_raw=4294966796 sensor_converted=4294966796 xiao_rx=23262661 queue_push=23262665 core_rx=496111499
BNO_CORE_EVENT kind=1 report_seq=171 uart_sequence=3444 sensor_raw=4294966796 sensor_converted=4294966796 xiao_rx=23270621 queue_push=23270629 core_rx=496119987
BNO_CORE_EVENT kind=1 report_seq=172 uart_sequence=3447 sensor_raw=4294966796 sensor_converted=4294966796 xiao_rx=23278616 queue_push=23278624 core_rx=496128477
BNO_CORE_EVENT kind=1 report_seq=173 uart_sequence=3449 sensor_raw=4294966796 sensor_converted=4294966796 xiao_rx=23286542 queue_push=23286545 core_rx=496135106
BNO_CORE_EVENT kind=1 report_seq=174 uart_sequence=3450 sensor_raw=4294966796 sensor_converted=4294966796 xiao_rx=23294334 queue_push=23294339 core_rx=496142495
BNO_CORE_EVENT kind=1 report_seq=175 uart_sequence=3452 sensor_raw=4294966796 sensor_converted=4294966796 xiao_rx=23302688 queue_push=23302696 core_rx=496152536
BNO_CORE_EVENT kind=1 report_seq=176 uart_sequence=3453 sensor_raw=4294966796 sensor_converted=4294966796 xiao_rx=23310170 queue_push=23310175 core_rx=496158494
BNO_CORE_EVENT kind=1 report_seq=177 uart_sequence=3456 sensor_raw=4294966796 sensor_converted=4294966796 xiao_rx=23318173 queue_push=23318181 core_rx=496166477
BNO_CORE_EVENT kind=1 report_seq=178 uart_sequence=3457 sensor_raw=4294966796 sensor_converted=4294966796 xiao_rx=23326005 queue_push=23326009 core_rx=496174051
BNO_CORE_EVENT kind=1 report_seq=179 uart_sequence=3460 sensor_raw=4294966796 sensor_converted=4294966796 xiao_rx=23334767 queue_push=23334779 core_rx=496187020
BNO_CORE_EVENT kind=1 report_seq=180 uart_sequence=3461 sensor_raw=4294966796 sensor_converted=4294966796 xiao_rx=23341803 queue_push=23341809 core_rx=496190010
BNO_CORE_EVENT kind=1 report_seq=181 uart_sequence=3464 sensor_raw=4294966796 sensor_converted=4294966796 xiao_rx=23349777 queue_push=23349783 core_rx=496199469
BNO_CORE_EVENT kind=1 report_seq=182 uart_sequence=3465 sensor_raw=4294966796 sensor_converted=4294966796 xiao_rx=23357661 queue_push=23357666 core_rx=496206485
BNO_CORE_EVENT kind=1 report_seq=183 uart_sequence=3467 sensor_raw=4294966796 sensor_converted=4294966796 xiao_rx=23365572 queue_push=23365576 core_rx=496214101
XIAO UART baud=921600 rx=GPIO8 tx=GPIO9 bytes=7964092 frames=2257 bytes_s=27240 frames_s=246 crc/cobs/len=0/0/0 seqgap=0 age_ms=0 type=16 log=1 q=0 rec=523 final=0
RXDIAG max_us=4290 budget_hits=0 byte/frame/time=0/0/0 rx_buf_max=388 loop_period_max_us=904014 loop_exec_max_us=899046 free_heap=138908 min_free_heap=138528 reset_reason=0 bno_kind_1to5_s=126/0/0/0/0 queue=0 high=13 drops=0
BNO_CORE_EVENT kind=1 report_seq=184 uart_sequence=3471 sensor_raw=4294966796 sensor_converted=4294966796 xiao_rx=23374292 queue_push=23374300 core_rx=496223417
RXDETAIL service_calls=406328 service_bytes_avg=19 service_bytes_max=388 service_frames_avg=0 service_frames_avg_x1000=141 service_frames_max=5 service_bytes_s=27380 service_frames_s=248 rxbuf_full_obs=0 bno_valid=1161 bno_invalid=0 unknown=0 uart_overflow=framework_unavailable trial_rx_bytes=248848 trial_frames=2255 trial_bno=1161 trial_crc/cobs/len=0/0/0
RXTASK mode=decode_count read_calls=406329 zero_reads=333522 read_bytes_max=388 rx_task_max_us=4290 rx_task_continuous_max_us=4290 stack_hwm_min_bytes=4472 cobs_delimiters=57665 rx_current=0 rx_max=388 rx_full=0 overflow=framework_unavailable
SDTASK max_process_us=85917
BNO_CORE_EVENT kind=1 report_seq=185 uart_sequence=3473 sensor_raw=4294966796 sensor_converted=4294966796 xiao_rx=23381393 queue_push=23381396 core_rx=496230497
BNO_CORE_EVENT kind=1 report_seq=186 uart_sequence=3476 sensor_raw=4294966796 sensor_converted=4294966796 xiao_rx=23389492 queue_push=23389497 core_rx=496238444
BNO_CORE_EVENT kind=1 report_seq=187 uart_sequence=3477 sensor_raw=4294966796 sensor_converted=4294966796 xiao_rx=23397228 queue_push=23397230 core_rx=496245171
BNO_CORE_EVENT kind=1 report_seq=188 uart_sequence=3479 sensor_raw=4294966796 sensor_converted=4294966796 xiao_rx=23406187 queue_push=23406195 core_rx=496254468
BNO_CORE_EVENT kind=1 report_seq=189 uart_sequence=3481 sensor_raw=4294966796 sensor_converted=4294966796 xiao_rx=23413122 queue_push=23413127 core_rx=496261440
BNO_CORE_EVENT kind=1 report_seq=190 uart_sequence=3483 sensor_raw=4294966796 sensor_converted=4294966796 xiao_rx=23421007 queue_push=23421015 core_rx=496269103
BNO_CORE_EVENT kind=1 report_seq=191 uart_sequence=3484 sensor_raw=4294966796 sensor_converted=4294966796 xiao_rx=23428918 queue_push=23428920 core_rx=496277486
BNO_CORE_EVENT kind=1 report_seq=192 uart_sequence=3487 sensor_raw=4294966796 sensor_converted=4294966796 xiao_rx=23437972 queue_push=23437980 core_rx=496286597
BNO_CORE_EVENT kind=1 report_seq=193 uart_sequence=3489 sensor_raw=4294966596 sensor_converted=4294966596 xiao_rx=23444924 queue_push=23444930 core_rx=496293459
BNO_CORE_EVENT kind=1 report_seq=194 uart_sequence=3491 sensor_raw=4294966796 sensor_converted=4294966796 xiao_rx=23453426 queue_push=23453430 core_rx=496302466
BNO_CORE_EVENT kind=1 report_seq=195 uart_sequence=3492 sensor_raw=4294966796 sensor_converted=4294966796 xiao_rx=23460569 queue_push=23460572 core_rx=496309151
BNO_CORE_EVENT kind=1 report_seq=196 uart_sequence=3495 sensor_raw=4294966796 sensor_converted=4294966796 xiao_rx=23469312 queue_push=23469320 core_rx=496318769
BNO_CORE_EVENT kind=1 report_seq=197 uart_sequence=3497 sensor_raw=4294966796 sensor_converted=4294966796 xiao_rx=23476443 queue_push=23476448 core_rx=496325438
BNO_CORE_EVENT kind=1 report_seq=198 uart_sequence=3498 sensor_raw=4294966796 sensor_converted=4294966796 xiao_rx=23484352 queue_push=23484357 core_rx=496332050
BNO_CORE_EVENT kind=1 report_seq=199 uart_sequence=3500 sensor_raw=4294966796 sensor_converted=4294966796 xiao_rx=23492231 queue_push=23492235 core_rx=496340490
BNO_CORE_EVENT kind=1 report_seq=200 uart_sequence=3502 sensor_raw=4294966796 sensor_converted=4294966796 xiao_rx=23500180 queue_push=23500187 core_rx=496349536
BNO_CORE_EVENT kind=1 report_seq=201 uart_sequence=3504 sensor_raw=4294966796 sensor_converted=4294966796 xiao_rx=23508131 queue_push=23508134 core_rx=496357668
BNO_CORE_EVENT kind=1 report_seq=202 uart_sequence=3505 sensor_raw=4294966796 sensor_converted=4294966796 xiao_rx=23516028 queue_push=23516036 core_rx=496365513
BNO_CORE_EVENT kind=1 report_seq=203 uart_sequence=3507 sensor_raw=4294966796 sensor_converted=4294966796 xiao_rx=23523933 queue_push=23523941 core_rx=496372486
BNO_CORE_EVENT kind=1 report_seq=204 uart_sequence=3509 sensor_raw=4294966796 sensor_converted=4294966796 xiao_rx=23532748 queue_push=23532759 core_rx=496382559
BNO_CORE_EVENT kind=1 report_seq=205 uart_sequence=3511 sensor_raw=4294966796 sensor_converted=4294966796 xiao_rx=23539798 queue_push=23539804 core_rx=496388491
BNO_CORE_EVENT kind=1 report_seq=206 uart_sequence=3513 sensor_raw=4294966796 sensor_converted=4294966796 xiao_rx=23547654 queue_push=23547660 core_rx=496396067
BNO_CORE_EVENT kind=1 report_seq=207 uart_sequence=3515 sensor_raw=4294966796 sensor_converted=4294966796 xiao_rx=23555587 queue_push=23555593 core_rx=496404049
BNO_CORE_EVENT kind=1 report_seq=208 uart_sequence=3516 sensor_raw=4294966796 sensor_converted=4294966796 xiao_rx=23563481 queue_push=23563484 core_rx=496412499
BNO_CORE_EVENT kind=1 report_seq=209 uart_sequence=3520 sensor_raw=4294966796 sensor_converted=4294966796 xiao_rx=23572269 queue_push=23572277 core_rx=496421467
BNO_CORE_EVENT kind=1 report_seq=210 uart_sequence=3522 sensor_raw=4294966796 sensor_converted=4294966796 xiao_rx=23579358 queue_push=23579362 core_rx=496427468
BNO_CORE_EVENT kind=1 report_seq=211 uart_sequence=3523 sensor_raw=4294966796 sensor_converted=4294966796 xiao_rx=23587282 queue_push=23587288 core_rx=496436526
BNO_CORE_EVENT kind=1 report_seq=212 uart_sequence=3525 sensor_raw=4294966796 sensor_converted=4294966796 xiao_rx=23595149 queue_push=23595152 core_rx=496443487
BNO_CORE_EVENT kind=1 report_seq=213 uart_sequence=3527 sensor_raw=4294966796 sensor_converted=4294966796 xiao_rx=23603139 queue_push=23603147 core_rx=496450989
BNO_CORE_EVENT kind=1 report_seq=214 uart_sequence=3529 sensor_raw=4294966796 sensor_converted=4294966796 xiao_rx=23611757 queue_push=23611762 core_rx=496460093
BNO_CORE_EVENT kind=1 report_seq=215 uart_sequence=3530 sensor_raw=4294966796 sensor_converted=4294966796 xiao_rx=23618929 queue_push=23618934 core_rx=496467492
BNO_CORE_EVENT kind=1 report_seq=216 uart_sequence=3532 sensor_raw=4294966796 sensor_converted=4294966796 xiao_rx=23626817 queue_push=23626821 core_rx=496475117
BNO_CORE_EVENT kind=1 report_seq=217 uart_sequence=3534 sensor_raw=4294966796 sensor_converted=4294966796 xiao_rx=23634792 queue_push=23634800 core_rx=496483480
BNO_CORE_EVENT kind=1 report_seq=218 uart_sequence=3536 sensor_raw=4294966796 sensor_converted=4294966796 xiao_rx=23642699 queue_push=23642705 core_rx=496491466
BNO_CORE_EVENT kind=1 report_seq=219 uart_sequence=3539 sensor_raw=4294966796 sensor_converted=4294966796 xiao_rx=23650623 queue_push=23650628 core_rx=496499444
BNO_CORE_EVENT kind=1 report_seq=220 uart_sequence=3540 sensor_raw=4294966796 sensor_converted=4294966796 xiao_rx=23658468 queue_push=23658471 core_rx=496507002
BNO_CORE_EVENT kind=1 report_seq=221 uart_sequence=3543 sensor_raw=4294966796 sensor_converted=4294966796 xiao_rx=23666989 queue_push=23667001 core_rx=496517373
BNO_CORE_EVENT kind=1 report_seq=222 uart_sequence=3545 sensor_raw=4294966796 sensor_converted=4294966796 xiao_rx=23674386 queue_push=23674391 core_rx=496523054
BNO_CORE_EVENT kind=1 report_seq=223 uart_sequence=3546 sensor_raw=4294966796 sensor_converted=4294966796 xiao_rx=23682252 queue_push=23682256 core_rx=496530487
BNO_CORE_EVENT kind=1 report_seq=224 uart_sequence=3547 sensor_raw=4294966796 sensor_converted=4294966796 xiao_rx=23690172 queue_push=23690175 core_rx=496538485
BNO_CORE_EVENT kind=1 report_seq=225 uart_sequence=3550 sensor_raw=4294966796 sensor_converted=4294966796 xiao_rx=23700935 queue_push=23700943 core_rx=496550493
BNO_CORE_EVENT kind=1 report_seq=226 uart_sequence=3552 sensor_raw=4294966796 sensor_converted=4294966796 xiao_rx=23707103 queue_push=23707110 core_rx=496556458
BNO_CORE_EVENT kind=1 report_seq=227 uart_sequence=3553 sensor_raw=4294966796 sensor_converted=4294966796 xiao_rx=23713945 queue_push=23713949 core_rx=496562489
BNO_CORE_EVENT kind=1 report_seq=228 uart_sequence=3554 sensor_raw=4294966796 sensor_converted=4294966796 xiao_rx=23721861 queue_push=23721866 core_rx=496570499
BNO_CORE_EVENT kind=1 report_seq=229 uart_sequence=3557 sensor_raw=4294966796 sensor_converted=4294966796 xiao_rx=23730742 queue_push=23730756 core_rx=496581335
BNO_CORE_EVENT kind=1 report_seq=230 uart_sequence=3558 sensor_raw=4294966796 sensor_converted=4294966796 xiao_rx=23737691 queue_push=23737695 core_rx=496586502
BNO_CORE_EVENT kind=1 report_seq=231 uart_sequence=3560 sensor_raw=4294966796 sensor_converted=4294966796 xiao_rx=23745578 queue_push=23745583 core_rx=496595522
BNO_CORE_EVENT kind=1 report_seq=232 uart_sequence=3563 sensor_raw=4294966796 sensor_converted=4294966796 xiao_rx=23753485 queue_push=23753489 core_rx=496602478
BNO_CORE_EVENT kind=1 report_seq=233 uart_sequence=3565 sensor_raw=4294966796 sensor_converted=4294966796 xiao_rx=23761427 queue_push=23761434 core_rx=496613175
BNO_CORE_EVENT kind=1 report_seq=234 uart_sequence=3568 sensor_raw=4294966796 sensor_converted=4294966796 xiao_rx=23770125 queue_push=23770133 core_rx=496618478
BNO_CORE_EVENT kind=1 report_seq=235 uart_sequence=3570 sensor_raw=4294966796 sensor_converted=4294966796 xiao_rx=23777286 queue_push=23777292 core_rx=496625460
BNO_CORE_EVENT kind=1 report_seq=236 uart_sequence=3571 sensor_raw=4294966796 sensor_converted=4294966796 xiao_rx=23785182 queue_push=23785187 core_rx=496633490
BNO_CORE_EVENT kind=1 report_seq=237 uart_sequence=3572 sensor_raw=4294966796 sensor_converted=4294966796 xiao_rx=23793071 queue_push=23793073 core_rx=496641060
BNO_CORE_EVENT kind=1 report_seq=238 uart_sequence=3575 sensor_raw=4294966796 sensor_converted=4294966796 xiao_rx=23801085 queue_push=23801093 core_rx=496650490
BNO_CORE_EVENT kind=1 report_seq=239 uart_sequence=3577 sensor_raw=4294966796 sensor_converted=4294966796 xiao_rx=23808950 queue_push=23808956 core_rx=496657464
BNO_CORE_EVENT kind=1 report_seq=240 uart_sequence=3578 sensor_raw=4294966796 sensor_converted=4294966796 xiao_rx=23816842 queue_push=23816848 core_rx=496665484
BNO_CORE_EVENT kind=1 report_seq=241 uart_sequence=3579 sensor_raw=4294966796 sensor_converted=4294966796 xiao_rx=23824737 queue_push=23824740 core_rx=496673489
BNO_CORE_EVENT kind=1 report_seq=242 uart_sequence=3583 sensor_raw=4294966796 sensor_converted=4294966796 xiao_rx=23833459 queue_push=23833466 core_rx=496683058
BNO_CORE_EVENT kind=1 report_seq=243 uart_sequence=3584 sensor_raw=4294966796 sensor_converted=4294966796 xiao_rx=23840698 queue_push=23840711 core_rx=496689485
BNO_CORE_EVENT kind=1 report_seq=244 uart_sequence=3585 sensor_raw=4294966796 sensor_converted=4294966796 xiao_rx=23849291 queue_push=23849299 core_rx=496697488
BNO_CORE_EVENT kind=1 report_seq=245 uart_sequence=3588 sensor_raw=4294966796 sensor_converted=4294966796 xiao_rx=23857061 queue_push=23857067 core_rx=496705473
BNO_CORE_EVENT kind=1 report_seq=246 uart_sequence=3590 sensor_raw=4294966796 sensor_converted=4294966796 xiao_rx=23864392 queue_push=23864398 core_rx=496715803
BNO_CORE_EVENT kind=1 report_seq=247 uart_sequence=3593 sensor_raw=4294966796 sensor_converted=4294966796 xiao_rx=23873088 queue_push=23873097 core_rx=496722098
BNO_CORE_EVENT kind=1 report_seq=248 uart_sequence=3595 sensor_raw=4294966796 sensor_converted=4294966796 xiao_rx=23880950 queue_push=23880955 core_rx=496729484
BNO_CORE_EVENT kind=1 report_seq=249 uart_sequence=3596 sensor_raw=4294966796 sensor_converted=4294966796 xiao_rx=23888091 queue_push=23888094 core_rx=496736488
BNO_CORE_EVENT kind=1 report_seq=250 uart_sequence=3598 sensor_raw=4294966796 sensor_converted=4294966796 xiao_rx=23896935 queue_push=23896943 core_rx=496744976
BNO_CORE_EVENT kind=1 report_seq=251 uart_sequence=3600 sensor_raw=4294966796 sensor_converted=4294966796 xiao_rx=23903957 queue_push=23903962 core_rx=496753043
BNO_CORE_EVENT kind=1 report_seq=252 uart_sequence=3602 sensor_raw=4294966796 sensor_converted=4294966796 xiao_rx=23911873 queue_push=23911877 core_rx=496760474
BNO_CORE_EVENT kind=1 report_seq=253 uart_sequence=3603 sensor_raw=4294966796 sensor_converted=4294966796 xiao_rx=23919773 queue_push=23919778 core_rx=496768078
BNO_CORE_EVENT kind=1 report_seq=254 uart_sequence=3606 sensor_raw=4294966796 sensor_converted=4294966796 xiao_rx=23928462 queue_push=23928469 core_rx=496780696
BNO_CORE_EVENT kind=1 report_seq=255 uart_sequence=3607 sensor_raw=4294966796 sensor_converted=4294966796 xiao_rx=23935644 queue_push=23935650 core_rx=496785488
BNO_CORE_EVENT kind=1 report_seq=0 uart_sequence=3609 sensor_raw=4294966796 sensor_converted=4294966796 xiao_rx=23943578 queue_push=23943583 core_rx=496792476
BNO_CORE_EVENT kind=1 report_seq=1 uart_sequence=3611 sensor_raw=4294966796 sensor_converted=4294966796 xiao_rx=23951622 queue_push=23951628 core_rx=496800469
BNO_CORE_EVENT kind=1 report_seq=2 uart_sequence=3613 sensor_raw=4294966796 sensor_converted=4294966796 xiao_rx=23959357 queue_push=23959364 core_rx=496811579
BNO_CORE_EVENT kind=1 report_seq=3 uart_sequence=3616 sensor_raw=4294966796 sensor_converted=4294966796 xiao_rx=23968135 queue_push=23968141 core_rx=496817453
BNO_CORE_EVENT kind=1 report_seq=4 uart_sequence=3618 sensor_raw=4294966796 sensor_converted=4294966796 xiao_rx=23975240 queue_push=23975245 core_rx=496823446
BNO_CORE_EVENT kind=1 report_seq=5 uart_sequence=3619 sensor_raw=4294966796 sensor_converted=4294966796 xiao_rx=23983108 queue_push=23983113 core_rx=496831482
BNO_CORE_EVENT kind=1 report_seq=6 uart_sequence=3620 sensor_raw=4294966796 sensor_converted=4294966796 xiao_rx=23991025 queue_push=23991027 core_rx=496839489
BNO_CORE_EVENT kind=1 report_seq=7 uart_sequence=3623 sensor_raw=4294966796 sensor_converted=4294966796 xiao_rx=23999887 queue_push=23999894 core_rx=496848453
BNO_CORE_EVENT kind=1 report_seq=8 uart_sequence=3626 sensor_raw=4294966796 sensor_converted=4294966796 xiao_rx=24006905 queue_push=24006910 core_rx=496855489
BNO_CORE_EVENT kind=1 report_seq=9 uart_sequence=3628 sensor_raw=4294966796 sensor_converted=4294966796 xiao_rx=24014832 queue_push=24014837 core_rx=496864437
BNO_CORE_EVENT kind=1 report_seq=10 uart_sequence=3629 sensor_raw=4294966796 sensor_converted=4294966796 xiao_rx=24022686 queue_push=24022688 core_rx=496871491
BNO_CORE_EVENT kind=1 report_seq=11 uart_sequence=3632 sensor_raw=4294966796 sensor_converted=4294966796 xiao_rx=24031835 queue_push=24031843 core_rx=496880478
BNO_CORE_EVENT kind=1 report_seq=12 uart_sequence=3634 sensor_raw=4294966796 sensor_converted=4294966796 xiao_rx=24038594 queue_push=24038599 core_rx=496887472
BNO_CORE_EVENT kind=1 report_seq=13 uart_sequence=3635 sensor_raw=4294966796 sensor_converted=4294966796 xiao_rx=24046463 queue_push=24046468 core_rx=496895468
BNO_CORE_EVENT kind=1 report_seq=14 uart_sequence=3637 sensor_raw=4294966796 sensor_converted=4294966796 xiao_rx=24054355 queue_push=24054357 core_rx=496902471
BNO_CORE_EVENT kind=1 report_seq=15 uart_sequence=3639 sensor_raw=4294966796 sensor_converted=4294966796 xiao_rx=24063200 queue_push=24063208 core_rx=496911444
BNO_CORE_EVENT kind=1 report_seq=16 uart_sequence=3642 sensor_raw=4294966796 sensor_converted=4294966796 xiao_rx=24071068 queue_push=24071073 core_rx=496919444
BNO_CORE_EVENT kind=1 report_seq=17 uart_sequence=3643 sensor_raw=4294966796 sensor_converted=4294966796 xiao_rx=24078159 queue_push=24078166 core_rx=496926472
BNO_CORE_EVENT kind=1 report_seq=18 uart_sequence=3644 sensor_raw=4294966796 sensor_converted=4294966796 xiao_rx=24086058 queue_push=24086062 core_rx=496934037
BNO_CORE_EVENT kind=1 report_seq=19 uart_sequence=3646 sensor_raw=4294966796 sensor_converted=4294966796 xiao_rx=24095062 queue_push=24095075 core_rx=496943988
BNO_CORE_EVENT kind=1 report_seq=20 uart_sequence=3650 sensor_raw=4294966796 sensor_converted=4294966796 xiao_rx=24103114 queue_push=24103122 core_rx=496951438
BNO_CORE_EVENT kind=1 report_seq=21 uart_sequence=3651 sensor_raw=4294966796 sensor_converted=4294966796 xiao_rx=24109821 queue_push=24109825 core_rx=496958493
BNO_CORE_EVENT kind=1 report_seq=22 uart_sequence=3653 sensor_raw=4294966796 sensor_converted=4294966796 xiao_rx=24118500 queue_push=24118504 core_rx=496967473
BNO_CORE_EVENT kind=1 report_seq=23 uart_sequence=3655 sensor_raw=4294966796 sensor_converted=4294966796 xiao_rx=24125719 queue_push=24125726 core_rx=496975939
BNO_CORE_EVENT kind=1 report_seq=24 uart_sequence=3657 sensor_raw=4294966796 sensor_converted=4294966796 xiao_rx=24133590 queue_push=24133598 core_rx=496982471
BNO_CORE_EVENT kind=1 report_seq=25 uart_sequence=3659 sensor_raw=4294966796 sensor_converted=4294966796 xiao_rx=24141494 queue_push=24141499 core_rx=496990483
BNO_CORE_EVENT kind=1 report_seq=26 uart_sequence=3660 sensor_raw=4294966796 sensor_converted=4294966796 xiao_rx=24149393 queue_push=24149399 core_rx=496998493
BNO_CORE_EVENT kind=1 report_seq=27 uart_sequence=3663 sensor_raw=4294966796 sensor_converted=4294966796 xiao_rx=24157338 queue_push=24157345 core_rx=497008530
BNO_CORE_EVENT kind=1 report_seq=28 uart_sequence=3664 sensor_raw=4294966796 sensor_converted=4294966796 xiao_rx=24166067 queue_push=24166072 core_rx=497014496
TYPE23_IDENTIFIED rx_us=497021761 uart_sequence=3668 type=23 payload_length=16 payload_hex=1E 21 00 00 02 01 00 00 00 00 00 00 53 0E 00 00  encoded_bytes=44 crc=ok cobs=ok length=ok previous_type=7 boundary_ack=1
TRIAL_STOP_ACK ack_sequence=3668 last_sequence=3667 capture_id=8478
SDTRACE count=62 write_calls=155
SDTRACE us=486308969 src=log_start op=mkdir ok=1 rec=0 q=0 req=0 actual=0
SDTRACE us=486315096 src=log_start op=exists ok=1 rec=0 q=0 req=0 actual=0
SDTRACE us=486320159 src=log_start op=exists ok=1 rec=0 q=0 req=0 actual=0
SDTRACE us=486325108 src=log_start op=exists ok=1 rec=0 q=0 req=0 actual=0
SDTRACE us=486329891 src=log_start op=exists ok=1 rec=0 q=0 req=0 actual=0
SDTRACE us=486334534 src=log_start op=exists ok=1 rec=0 q=0 req=0 actual=0
SDTRACE us=486342165 src=log_start op=exists ok=1 rec=0 q=0 req=0 actual=0
SDTRACE us=486348196 src=log_start op=exists ok=1 rec=0 q=0 req=0 actual=0
SDTRACE us=486353163 src=log_start op=exists ok=1 rec=0 q=0 req=0 actual=0
SDTRACE us=486360155 src=log_start op=exists ok=1 rec=0 q=0 req=0 actual=0
SDTRACE us=486371394 src=log_start op=exists ok=1 rec=0 q=0 req=0 actual=0
SDTRACE us=486380963 src=log_start op=exists ok=1 rec=0 q=0 req=0 actual=0
SDTRACE us=486389442 src=log_start op=exists ok=1 rec=0 q=0 req=0 actual=0
SDTRACE us=486400140 src=log_start op=exists ok=1 rec=0 q=0 req=0 actual=0
SDTRACE us=486414039 src=log_start op=exists ok=1 rec=0 q=0 req=0 actual=0
SDTRACE us=486423569 src=log_start op=exists ok=1 rec=0 q=0 req=0 actual=0
SDTRACE us=486432337 src=log_start op=exists ok=1 rec=0 q=0 req=0 actual=0
SDTRACE us=486444489 src=log_start op=exists ok=1 rec=0 q=0 req=0 actual=0
SDTRACE us=486456488 src=log_start op=exists ok=1 rec=0 q=0 req=0 actual=0
SDTRACE us=486474219 src=log_start op=exists ok=1 rec=0 q=0 req=0 actual=0
SDTRACE us=486487271 src=log_start op=exists ok=1 rec=0 q=0 req=0 actual=0
SDTRACE us=486503567 src=log_start op=exists ok=1 rec=0 q=0 req=0 actual=0
SDTRACE us=486519312 src=log_start op=exists ok=1 rec=0 q=0 req=0 actual=0
SDTRACE us=486531437 src=log_start op=exists ok=1 rec=0 q=0 req=0 actual=0
SDTRACE us=486547254 src=log_start op=exists ok=1 rec=0 q=0 req=0 actual=0
SDTRACE us=486559271 src=log_start op=exists ok=1 rec=0 q=0 req=0 actual=0
SDTRACE us=486579516 src=log_start op=exists ok=1 rec=0 q=0 req=0 actual=0
SDTRACE us=486595477 src=log_start op=exists ok=1 rec=0 q=0 req=0 actual=0
SDTRACE us=486618188 src=log_start op=exists ok=1 rec=0 q=0 req=0 actual=0
SDTRACE us=486636289 src=log_start op=exists ok=1 rec=0 q=0 req=0 actual=0
SDTRACE us=486652957 src=log_start op=exists ok=1 rec=0 q=0 req=0 actual=0
SDTRACE us=486672538 src=log_start op=exists ok=1 rec=0 q=0 req=0 actual=0
SDTRACE us=486689014 src=log_start op=exists ok=1 rec=0 q=0 req=0 actual=0
SDTRACE us=486709912 src=log_start op=exists ok=1 rec=0 q=0 req=0 actual=0
SDTRACE us=486734934 src=log_start op=exists ok=1 rec=0 q=0 req=0 actual=0
SDTRACE us=486754958 src=log_start op=exists ok=1 rec=0 q=0 req=0 actual=0
SDTRACE us=486779276 src=log_start op=exists ok=1 rec=0 q=0 req=0 actual=0
SDTRACE us=486800902 src=log_start op=exists ok=1 rec=0 q=0 req=0 actual=0
SDTRACE us=486824351 src=log_start op=exists ok=1 rec=0 q=0 req=0 actual=0
SDTRACE us=486846991 src=log_start op=exists ok=1 rec=0 q=0 req=0 actual=0
SDTRACE us=486868990 src=log_start op=exists ok=1 rec=0 q=0 req=0 actual=0
SDTRACE us=486891036 src=log_start op=exists ok=1 rec=0 q=0 req=0 actual=0
SDTRACE us=486918273 src=log_start op=exists ok=1 rec=0 q=0 req=0 actual=0
SDTRACE us=486947054 src=log_start op=exists ok=0 rec=0 q=0 req=0 actual=0
SDTRACE us=487008848 src=log_start op=open ok=1 rec=0 q=0 req=0 actual=0
SDTRACE us=487832912 src=writer op=write ok=1 rec=59 q=0 req=512 actual=512
SDTRACE us=487832951 src=writer op=write ok=1 rec=59 q=0 req=512 actual=512
SDTRACE us=487832987 src=writer op=write ok=1 rec=59 q=0 req=512 actual=512
SDTRACE us=487887905 src=writer op=write ok=1 rec=59 q=9 req=512 actual=512
SDTRACE us=488909896 src=writer op=write ok=1 rec=119 q=8 req=512 actual=512
SDTRACE us=489977900 src=writer op=write ok=1 rec=178 q=12 req=512 actual=512
SDTRACE us=490985910 src=writer op=write ok=1 rec=237 q=8 req=512 actual=512
SDTRACE us=492019011 src=writer op=write ok=1 rec=297 q=7 req=512 actual=512
SDTRACE us=493023505 src=writer op=write ok=1 rec=356 q=1 req=512 actual=512
SDTRACE us=494605567 src=writer op=write ok=1 rec=418 q=0 req=512 actual=512
SDTRACE us=495875546 src=writer op=write ok=1 rec=478 q=13 req=512 actual=512
SDTRACE us=496890892 src=writer op=write ok=1 rec=538 q=10 req=512 actual=512
SDTRACE us=497045093 src=writer op=flush ok=1 rec=574 q=0 req=0 actual=0
SDTRACE us=497045422 src=writer op=close ok=1 rec=574 q=0 req=0 actual=0
SDTRACE us=497107508 src=summary op=open ok=1 rec=574 q=0 req=0 actual=0
SDTRACE us=497111269 src=summary op=write ok=1 rec=574 q=0 req=0 actual=0
SDTRACE us=497125058 src=summary op=close ok=1 rec=574 q=0 req=0 actual=0
XIAO UART baud=921600 rx=GPIO8 tx=GPIO9 bytes=7986892 frames=2463 bytes_s=22800 frames_s=206 crc/cobs/len=0/0/0 seqgap=0 age_ms=5 type=58 log=0 q=0 rec=574 final=1
RXDIAG max_us=4290 budget_hits=0 byte/frame/time=0/0/0 rx_buf_max=388 loop_period_max_us=904014 loop_exec_max_us=899046 free_heap=143276 min_free_heap=138528 reset_reason=0 bno_kind_1to5_s=101/0/0/0/0 queue=0 high=13 drops=0
RXDETAIL service_calls=407053 service_bytes_avg=19 service_bytes_max=388 service_frames_avg=0 service_frames_avg_x1000=142 service_frames_max=5 service_bytes_s=22844 service_frames_s=205 rxbuf_full_obs=0 bno_valid=1261 bno_invalid=0 unknown=0 uart_overflow=framework_unavailable trial_rx_bytes=271692 trial_frames=2460 trial_bno=1261 trial_crc/cobs/len=0/0/0
RXTASK mode=decode_count read_calls=407054 zero_reads=334040 read_bytes_max=388 rx_task_max_us=4290 rx_task_continuous_max_us=4290 stack_hwm_min_bytes=4472 cobs_delimiters=57870 rx_current=0 rx_max=388 rx_full=0 overflow=framework_unavailable
SDTASK max_process_us=85917
TRIAL_END mode=decode_count rx_bytes=271692 service_bytes=271904 frames=2460 bno_valid=1261 seq_gap=0 crc/cobs/len=0/0/0 unknown=0 bno_invalid=0 rxbuf_full=0 service_calls=6979 read_calls=6979 zero_reads=4474 delimiters=2460 bno_kind=1261/0/0/0/0 bno_log_enqueue=0
TRIALTYPE type=2 name=BnoAccel frames=1261 encoded_bytes=105924
TRIALTYPE type=5 name=TofFrame frames=303 encoded_bytes=67872
TRIALTYPE type=7 name=VescStatus frames=316 encoded_bytes=27808
TRIALTYPE type=11 name=TimeSyncReply frames=10 encoded_bytes=560
TRIALTYPE type=16 name=GnssProcessResult frames=96 encoded_bytes=9216
TRIALTYPE type=22 name=EstimatedState frames=99 encoded_bytes=14652
TRIALTYPE type=23 name=P1Capture frames=1 encoded_bytes=44
TRIALTYPE type=32 name=Heartbeat frames=102 encoded_bytes=4080
TRIALTYPE type=56 name=EskfState frames=196 encoded_bytes=36064
TRIALTYPE type=57 name=EskfInnovation frames=25 encoded_bytes=1800
TRIALTYPE type=58 name=EskfHealth frames=51 encoded_bytes=3672
TRIAL_SEQUENCE first=1218 last=3667 valid=1
TRIAL_BOUNDARY start_ack=1217 expected_first=1218 stop_ack=3668 expected_last=3667 stop_ack_received=1
BNO_CORE_TS kind=1 count=1261 first_rx_us=487034475 last_rx_us=497014496 delta_us=1049/7920.65/17828
BNO_CORE_TS kind=2 count=0 first_rx_us=0 last_rx_us=0 delta_us=0/0.00/0
BNO_CORE_TS kind=3 count=0 first_rx_us=0 last_rx_us=0 delta_us=0/0.00/0
BNO_CORE_TS kind=4 count=0 first_rx_us=0 last_rx_us=0 delta_us=0/0.00/0
BNO_CORE_TS kind=5 count=0 first_rx_us=0 last_rx_us=0 delta_us=0/0.00/0
SEQUENCE_STATE gaps=0 duplicates=0 out_of_order=0 wraps=0
XIAO UART baud=921600 rx=GPIO8 tx=GPIO9 bytes=7993228 frames=2511 bytes_s=6336 frames_s=48 crc/cobs/len=0/0/0 seqgap=0 age_ms=8 type=22 log=0 q=0 rec=574 final=0
RXDIAG max_us=4290 budget_hits=0 byte/frame/time=0/0/0 rx_buf_max=388 loop_period_max_us=904014 loop_exec_max_us=899046 free_heap=143020 min_free_heap=138528 reset_reason=0 bno_kind_1to5_s=0/0/0/0/0 queue=0 high=13 drops=0
RXDETAIL service_calls=407974 service_bytes_avg=19 service_bytes_max=388 service_frames_avg=0 service_frames_avg_x1000=141 service_frames_max=5 service_bytes_s=6224 service_frames_s=48 rxbuf_full_obs=0 bno_valid=1261 bno_invalid=0 unknown=0 uart_overflow=framework_unavailable trial_rx_bytes=277916 trial_frames=2508 trial_bno=1261 trial_crc/cobs/len=0/0/0
RXTASK mode=decode_count read_calls=407975 zero_reads=334888 read_bytes_max=388 rx_task_max_us=4290 rx_task_continuous_max_us=4290 stack_hwm_min_bytes=4472 cobs_delimiters=57918 rx_current=0 rx_max=388 rx_full=0 overflow=framework_unavailable
SDTASK max_process_us=233862
XIAO UART baud=921600 rx=GPIO8 tx=GPIO9 bytes=8009568 frames=2627 bytes_s=16340 frames_s=116 crc/cobs/len=0/0/0 seqgap=0 age_ms=4 type=7 log=0 q=0 rec=574 final=0
RXDIAG max_us=4290 budget_hits=0 byte/frame/time=0/0/0 rx_buf_max=388 loop_period_max_us=904014 loop_exec_max_us=899046 free_heap=143020 min_free_heap=138528 reset_reason=0 bno_kind_1to5_s=0/0/0/0/0 queue=0 high=13 drops=0
RXDETAIL service_calls=408808 service_bytes_avg=19 service_bytes_max=388 service_frames_avg=0 service_frames_avg_x1000=141 service_frames_max=5 service_bytes_s=16508 service_frames_s=117 rxbuf_full_obs=0 bno_valid=1261 bno_invalid=0 unknown=0 uart_overflow=framework_unavailable trial_rx_bytes=294424 trial_frames=2625 trial_bno=1261 trial_crc/cobs/len=0/0/0
RXTASK mode=decode_count read_calls=408809 zero_reads=335565 read_bytes_max=388 rx_task_max_us=4290 rx_task_continuous_max_us=4290 stack_hwm_min_bytes=4472 cobs_delimiters=58036 rx_current=0 rx_max=388 rx_full=0 overflow=framework_unavailable
SDTASK max_process_us=233862
XIAO UART baud=921600 rx=GPIO8 tx=GPIO9 bytes=8026240 frames=2748 bytes_s=16672 frames_s=121 crc/cobs/len=0/0/0 seqgap=0 age_ms=4 type=5 log=0 q=0 rec=574 final=0
RXDIAG max_us=4290 budget_hits=0 byte/frame/time=0/0/0 rx_buf_max=388 loop_period_max_us=904014 loop_exec_max_us=899046 free_heap=143020 min_free_heap=138528 reset_reason=0 bno_kind_1to5_s=0/0/0/0/0 queue=0 high=13 drops=0
RXDETAIL service_calls=409641 service_bytes_avg=19 service_bytes_max=388 service_frames_avg=0 service_frames_avg_x1000=141 service_frames_max=5 service_bytes_s=16520 service_frames_s=120 rxbuf_full_obs=0 bno_valid=1261 bno_invalid=0 unknown=0 uart_overflow=framework_unavailable trial_rx_bytes=310944 trial_frames=2745 trial_bno=1261 trial_crc/cobs/len=0/0/0
RXTASK mode=decode_count read_calls=409642 zero_reads=336240 read_bytes_max=388 rx_task_max_us=4290 rx_task_continuous_max_us=4290 stack_hwm_min_bytes=4472 cobs_delimiters=58155 rx_current=0 rx_max=388 rx_full=0 overflow=framework_unavailable
SDTASK max_process_us=233862
XIAO UART baud=921600 rx=GPIO8 tx=GPIO9 bytes=8042840 frames=2868 bytes_s=16600 frames_s=120 crc/cobs/len=0/0/0 seqgap=0 age_ms=0 type=56 log=0 q=0 rec=574 final=0
RXDIAG max_us=4290 budget_hits=0 byte/frame/time=0/0/0 rx_buf_max=388 loop_period_max_us=904014 loop_exec_max_us=899046 free_heap=143020 min_free_heap=138528 reset_reason=0 bno_kind_1to5_s=0/0/0/0/0 queue=0 high=13 drops=0
RXDETAIL service_calls=410469 service_bytes_avg=19 service_bytes_max=388 service_frames_avg=0 service_frames_avg_x1000=141 service_frames_max=5 service_bytes_s=16632 service_frames_s=119 rxbuf_full_obs=0 bno_valid=1261 bno_invalid=0 unknown=0 uart_overflow=framework_unavailable trial_rx_bytes=327576 trial_frames=2864 trial_bno=1261 trial_crc/cobs/len=0/0/0
RXTASK mode=decode_count read_calls=410470 zero_reads=336910 read_bytes_max=388 rx_task_max_us=4290 rx_task_continuous_max_us=4290 stack_hwm_min_bytes=4472 cobs_delimiters=58275 rx_current=0 rx_max=388 rx_full=0 overflow=framework_unavailable
SDTASK max_process_us=233862
XIAO UART baud=921600 rx=GPIO8 tx=GPIO9 bytes=8059304 frames=2986 bytes_s=16464 frames_s=118 crc/cobs/len=0/0/0 seqgap=0 age_ms=4 type=7 log=0 q=0 rec=574 final=0
RXDIAG max_us=4290 budget_hits=0 byte/frame/time=0/0/0 rx_buf_max=388 loop_period_max_us=904014 loop_exec_max_us=899046 free_heap=142648 min_free_heap=138528 reset_reason=0 bno_kind_1to5_s=0/0/0/0/0 queue=0 high=13 drops=0
RXDETAIL service_calls=411298 service_bytes_avg=19 service_bytes_max=388 service_frames_avg=0 service_frames_avg_x1000=141 service_frames_max=5 service_bytes_s=16344 service_frames_s=118 rxbuf_full_obs=0 bno_valid=1261 bno_invalid=0 unknown=0 uart_overflow=framework_unavailable trial_rx_bytes=343920 trial_frames=2982 trial_bno=1261 trial_crc/cobs/len=0/0/0
RXTASK mode=decode_count read_calls=411299 zero_reads=337579 read_bytes_max=388 rx_task_max_us=4290 rx_task_continuous_max_us=4290 stack_hwm_min_bytes=4472 cobs_delimiters=58392 rx_current=0 rx_max=388 rx_full=0 overflow=framework_unavailable
SDTASK max_process_us=233862
XIAO UART baud=921600 rx=GPIO8 tx=GPIO9 bytes=8075768 frames=3104 bytes_s=16464 frames_s=118 crc/cobs/len=0/0/0 seqgap=0 age_ms=0 type=7 log=0 q=0 rec=574 final=0
RXDIAG max_us=4290 budget_hits=0 byte/frame/time=0/0/0 rx_buf_max=388 loop_period_max_us=904014 loop_exec_max_us=899046 free_heap=142796 min_free_heap=138528 reset_reason=0 bno_kind_1to5_s=0/0/0/0/0 queue=0 high=13 drops=0
RXDETAIL service_calls=412133 service_bytes_avg=19 service_bytes_max=388 service_frames_avg=0 service_frames_avg_x1000=141 service_frames_max=5 service_bytes_s=16464 service_frames_s=118 rxbuf_full_obs=0 bno_valid=1261 bno_invalid=0 unknown=0 uart_overflow=framework_unavailable trial_rx_bytes=360384 trial_frames=3100 trial_bno=1261 trial_crc/cobs/len=0/0/0
RXTASK mode=decode_count read_calls=412134 zero_reads=338252 read_bytes_max=388 rx_task_max_us=4290 rx_task_continuous_max_us=4290 stack_hwm_min_bytes=4472 cobs_delimiters=58511 rx_current=0 rx_max=388 rx_full=0 overflow=framework_unavailable
SDTASK max_process_us=233862
XIAO UART baud=921600 rx=GPIO8 tx=GPIO9 bytes=8091848 frames=3219 bytes_s=16080 frames_s=115 crc/cobs/len=0/0/0 seqgap=0 age_ms=9 type=7 log=0 q=0 rec=574 final=0
RXDIAG max_us=4290 budget_hits=0 byte/frame/time=0/0/0 rx_buf_max=388 loop_period_max_us=904014 loop_exec_max_us=899046 free_heap=142796 min_free_heap=138528 reset_reason=0 bno_kind_1to5_s=0/0/0/0/0 queue=0 high=13 drops=0
RXDETAIL service_calls=412963 service_bytes_avg=19 service_bytes_max=388 service_frames_avg=0 service_frames_avg_x1000=141 service_frames_max=5 service_bytes_s=16320 service_frames_s=116 rxbuf_full_obs=0 bno_valid=1261 bno_invalid=0 unknown=0 uart_overflow=framework_unavailable trial_rx_bytes=376704 trial_frames=3216 trial_bno=1261 trial_crc/cobs/len=0/0/0
RXTASK mode=decode_count read_calls=412964 zero_reads=338932 read_bytes_max=388 rx_task_max_us=4290 rx_task_continuous_max_us=4290 stack_hwm_min_bytes=4472 cobs_delimiters=58627 rx_current=0 rx_max=388 rx_full=0 overflow=framework_unavailable
SDTASK max_process_us=233862
XIAO UART baud=921600 rx=GPIO8 tx=GPIO9 bytes=8108840 frames=3342 bytes_s=16992 frames_s=123 crc/cobs/len=0/0/0 seqgap=0 age_ms=0 type=58 log=0 q=0 rec=574 final=0
RXDIAG max_us=4290 budget_hits=0 byte/frame/time=0/0/0 rx_buf_max=388 loop_period_max_us=904014 loop_exec_max_us=899046 free_heap=142796 min_free_heap=138528 reset_reason=0 bno_kind_1to5_s=0/0/0/0/0 queue=0 high=13 drops=0
RXDETAIL service_calls=413792 service_bytes_avg=19 service_bytes_max=388 service_frames_avg=0 service_frames_avg_x1000=141 service_frames_max=5 service_bytes_s=16752 service_frames_s=122 rxbuf_full_obs=0 bno_valid=1261 bno_invalid=0 unknown=0 uart_overflow=framework_unavailable trial_rx_bytes=393456 trial_frames=3338 trial_bno=1261 trial_crc/cobs/len=0/0/0
RXTASK mode=decode_count read_calls=413793 zero_reads=339605 read_bytes_max=388 rx_task_max_us=4290 rx_task_continuous_max_us=4290 stack_hwm_min_bytes=4472 cobs_delimiters=58748 rx_current=0 rx_max=388 rx_full=0 overflow=framework_unavailable
SDTASK max_process_us=233862
XIAO UART baud=921600 rx=GPIO8 tx=GPIO9 bytes=8125380 frames=3461 bytes_s=16540 frames_s=119 crc/cobs/len=0/0/0 seqgap=0 age_ms=2 type=32 log=0 q=0 rec=574 final=0
RXDIAG max_us=4290 budget_hits=0 byte/frame/time=0/0/0 rx_buf_max=388 loop_period_max_us=904014 loop_exec_max_us=899046 free_heap=142796 min_free_heap=138528 reset_reason=0 bno_kind_1to5_s=0/0/0/0/0 queue=0 high=13 drops=0
RXDETAIL service_calls=414627 service_bytes_avg=19 service_bytes_max=388 service_frames_avg=0 service_frames_avg_x1000=141 service_frames_max=5 service_bytes_s=16628 service_frames_s=120 rxbuf_full_obs=0 bno_valid=1261 bno_invalid=0 unknown=0 uart_overflow=framework_unavailable trial_rx_bytes=410084 trial_frames=3458 trial_bno=1261 trial_crc/cobs/len=0/0/0
RXTASK mode=decode_count read_calls=414628 zero_reads=340286 read_bytes_max=388 rx_task_max_us=4290 rx_task_continuous_max_us=4290 stack_hwm_min_bytes=4472 cobs_delimiters=58868 rx_current=0 rx_max=388 rx_full=0 overflow=framework_unavailable
SDTASK max_process_us=233862
XIAO UART baud=921600 rx=GPIO8 tx=GPIO9 bytes=8142100 frames=3582 bytes_s=16720 frames_s=121 crc/cobs/len=0/0/0 seqgap=0 age_ms=3 type=5 log=0 q=0 rec=574 final=0
RXDIAG max_us=4290 budget_hits=0 byte/frame/time=0/0/0 rx_buf_max=388 loop_period_max_us=904014 loop_exec_max_us=899046 free_heap=142796 min_free_heap=138528 reset_reason=0 bno_kind_1to5_s=0/0/0/0/0 queue=0 high=13 drops=0
RXDETAIL service_calls=415463 service_bytes_avg=19 service_bytes_max=388 service_frames_avg=0 service_frames_avg_x1000=141 service_frames_max=5 service_bytes_s=16632 service_frames_s=120 rxbuf_full_obs=0 bno_valid=1261 bno_invalid=0 unknown=0 uart_overflow=framework_unavailable trial_rx_bytes=426716 trial_frames=3578 trial_bno=1261 trial_crc/cobs/len=0/0/0
RXTASK mode=decode_count read_calls=415464 zero_reads=340966 read_bytes_max=388 rx_task_max_us=4290 rx_task_continuous_max_us=4290 stack_hwm_min_bytes=4472 cobs_delimiters=58989 rx_current=0 rx_max=388 rx_full=0 overflow=framework_unavailable
SDTASK max_process_us=233862
XIAO UART baud=921600 rx=GPIO8 tx=GPIO9 bytes=8158692 frames=3702 bytes_s=16592 frames_s=120 crc/cobs/len=0/0/0 seqgap=0 age_ms=10 type=58 log=0 q=0 rec=574 final=0
RXDIAG max_us=4290 budget_hits=0 byte/frame/time=0/0/0 rx_buf_max=388 loop_period_max_us=904014 loop_exec_max_us=899046 free_heap=142796 min_free_heap=138528 reset_reason=0 bno_kind_1to5_s=0/0/0/0/0 queue=0 high=13 drops=0
RXDETAIL service_calls=416293 service_bytes_avg=19 service_bytes_max=388 service_frames_avg=0 service_frames_avg_x1000=141 service_frames_max=5 service_bytes_s=16592 service_frames_s=120 rxbuf_full_obs=0 bno_valid=1261 bno_invalid=0 unknown=0 uart_overflow=framework_unavailable trial_rx_bytes=443308 trial_frames=3698 trial_bno=1261 trial_crc/cobs/len=0/0/0
RXTASK mode=decode_count read_calls=416294 zero_reads=341638 read_bytes_max=388 rx_task_max_us=4290 rx_task_continuous_max_us=4290 stack_hwm_min_bytes=4472 cobs_delimiters=59108 rx_current=0 rx_max=388 rx_full=0 overflow=framework_unavailable
SDTASK max_process_us=233862
XIAO UART baud=921600 rx=GPIO8 tx=GPIO9 bytes=8175460 frames=3822 bytes_s=16768 frames_s=120 crc/cobs/len=0/0/0 seqgap=0 age_ms=14 type=7 log=0 q=0 rec=574 final=0
RXDIAG max_us=4290 budget_hits=0 byte/frame/time=0/0/0 rx_buf_max=388 loop_period_max_us=904014 loop_exec_max_us=899046 free_heap=142796 min_free_heap=138528 reset_reason=0 bno_kind_1to5_s=0/0/0/0/0 queue=0 high=13 drops=0
RXDETAIL service_calls=417122 service_bytes_avg=19 service_bytes_max=388 service_frames_avg=0 service_frames_avg_x1000=141 service_frames_max=5 service_bytes_s=16832 service_frames_s=121 rxbuf_full_obs=0 bno_valid=1261 bno_invalid=0 unknown=0 uart_overflow=framework_unavailable trial_rx_bytes=460140 trial_frames=3819 trial_bno=1261 trial_crc/cobs/len=0/0/0
RXTASK mode=decode_count read_calls=417123 zero_reads=342311 read_bytes_max=388 rx_task_max_us=4290 rx_task_continuous_max_us=4290 stack_hwm_min_bytes=4472 cobs_delimiters=59229 rx_current=0 rx_max=388 rx_full=0 overflow=framework_unavailable
SDTASK max_process_us=233862
XIAO UART baud=921600 rx=GPIO8 tx=GPIO9 bytes=8191988 frames=3941 bytes_s=16528 frames_s=119 crc/cobs/len=0/0/0 seqgap=0 age_ms=4 type=5 log=0 q=0 rec=574 final=0
RXDIAG max_us=4290 budget_hits=0 byte/frame/time=0/0/0 rx_buf_max=388 loop_period_max_us=904014 loop_exec_max_us=899046 free_heap=142796 min_free_heap=138528 reset_reason=0 bno_kind_1to5_s=0/0/0/0/0 queue=0 high=13 drops=0
RXDETAIL service_calls=417950 service_bytes_avg=19 service_bytes_max=388 service_frames_avg=0 service_frames_avg_x1000=141 service_frames_max=5 service_bytes_s=16552 service_frames_s=119 rxbuf_full_obs=0 bno_valid=1261 bno_invalid=0 unknown=0 uart_overflow=framework_unavailable trial_rx_bytes=476692 trial_frames=3938 trial_bno=1261 trial_crc/cobs/len=0/0/0
RXTASK mode=decode_count read_calls=417951 zero_reads=342990 read_bytes_max=388 rx_task_max_us=4290 rx_task_continuous_max_us=4290 stack_hwm_min_bytes=4472 cobs_delimiters=59348 rx_current=0 rx_max=388 rx_full=0 overflow=framework_unavailable
SDTASK max_process_us=233862
XIAO UART baud=921600 rx=GPIO8 tx=GPIO9 bytes=8208644 frames=4060 bytes_s=16656 frames_s=119 crc/cobs/len=0/0/0 seqgap=0 age_ms=0 type=56 log=0 q=0 rec=574 final=0
RXDIAG max_us=4290 budget_hits=0 byte/frame/time=0/0/0 rx_buf_max=388 loop_period_max_us=904014 loop_exec_max_us=899046 free_heap=142092 min_free_heap=138528 reset_reason=0 bno_kind_1to5_s=0/0/0/0/0 queue=0 high=13 drops=0
RXDETAIL service_calls=418783 service_bytes_avg=19 service_bytes_max=388 service_frames_avg=0 service_frames_avg_x1000=141 service_frames_max=5 service_bytes_s=16568 service_frames_s=118 rxbuf_full_obs=0 bno_valid=1261 bno_invalid=0 unknown=0 uart_overflow=framework_unavailable trial_rx_bytes=493260 trial_frames=4056 trial_bno=1261 trial_crc/cobs/len=0/0/0
RXTASK mode=decode_count read_calls=418784 zero_reads=343669 read_bytes_max=388 rx_task_max_us=4290 rx_task_continuous_max_us=4290 stack_hwm_min_bytes=4472 cobs_delimiters=59467 rx_current=0 rx_max=388 rx_full=0 overflow=framework_unavailable
SDTASK max_process_us=233862
XIAO UART baud=921600 rx=GPIO8 tx=GPIO9 bytes=8224972 frames=4178 bytes_s=16328 frames_s=118 crc/cobs/len=0/0/0 seqgap=0 age_ms=2 type=22 log=0 q=0 rec=574 final=0
RXDIAG max_us=4290 budget_hits=0 byte/frame/time=0/0/0 rx_buf_max=388 loop_period_max_us=904014 loop_exec_max_us=899046 free_heap=142796 min_free_heap=138528 reset_reason=0 bno_kind_1to5_s=0/0/0/0/0 queue=0 high=13 drops=0
RXDETAIL service_calls=419614 service_bytes_avg=19 service_bytes_max=388 service_frames_avg=0 service_frames_avg_x1000=141 service_frames_max=5 service_bytes_s=16328 service_frames_s=118 rxbuf_full_obs=0 bno_valid=1261 bno_invalid=0 unknown=0 uart_overflow=framework_unavailable trial_rx_bytes=509588 trial_frames=4174 trial_bno=1261 trial_crc/cobs/len=0/0/0
RXTASK mode=decode_count read_calls=419615 zero_reads=344348 read_bytes_max=388 rx_task_max_us=4290 rx_task_continuous_max_us=4290 stack_hwm_min_bytes=4472 cobs_delimiters=59584 rx_current=0 rx_max=388 rx_full=0 overflow=framework_unavailable
SDTASK max_process_us=233862
XIAO UART baud=921600 rx=GPIO8 tx=GPIO9 bytes=8241376 frames=4296 bytes_s=16404 frames_s=118 crc/cobs/len=0/0/0 seqgap=0 age_ms=3 type=7 log=0 q=0 rec=574 final=0
RXDIAG max_us=4290 budget_hits=0 byte/frame/time=0/0/0 rx_buf_max=388 loop_period_max_us=904014 loop_exec_max_us=899046 free_heap=142796 min_free_heap=138528 reset_reason=0 bno_kind_1to5_s=0/0/0/0/0 queue=0 high=13 drops=0
RXDETAIL service_calls=420446 service_bytes_avg=19 service_bytes_max=388 service_frames_avg=0 service_frames_avg_x1000=141 service_frames_max=5 service_bytes_s=16524 service_frames_s=118 rxbuf_full_obs=0 bno_valid=1261 bno_invalid=0 unknown=0 uart_overflow=framework_unavailable trial_rx_bytes=526112 trial_frames=4292 trial_bno=1261 trial_crc/cobs/len=0/0/0
RXTASK mode=decode_count read_calls=420447 zero_reads=345021 read_bytes_max=388 rx_task_max_us=4290 rx_task_continuous_max_us=4290 stack_hwm_min_bytes=4472 cobs_delimiters=59703 rx_current=0 rx_max=388 rx_full=0 overflow=framework_unavailable
SDTASK max_process_us=233862
XIAO UART baud=921600 rx=GPIO8 tx=GPIO9 bytes=8258248 frames=4418 bytes_s=16872 frames_s=122 crc/cobs/len=0/0/0 seqgap=0 age_ms=3 type=7 log=0 q=0 rec=574 final=0
RXDIAG max_us=4290 budget_hits=0 byte/frame/time=0/0/0 rx_buf_max=388 loop_period_max_us=904014 loop_exec_max_us=899046 free_heap=142796 min_free_heap=138528 reset_reason=0 bno_kind_1to5_s=0/0/0/0/0 queue=0 high=13 drops=0
RXDETAIL service_calls=421280 service_bytes_avg=19 service_bytes_max=388 service_frames_avg=0 service_frames_avg_x1000=142 service_frames_max=5 service_bytes_s=16752 service_frames_s=122 rxbuf_full_obs=0 bno_valid=1261 bno_invalid=0 unknown=0 uart_overflow=framework_unavailable trial_rx_bytes=542864 trial_frames=4414 trial_bno=1261 trial_crc/cobs/len=0/0/0
RXTASK mode=decode_count read_calls=421281 zero_reads=345702 read_bytes_max=388 rx_task_max_us=4290 rx_task_continuous_max_us=4290 stack_hwm_min_bytes=4472 cobs_delimiters=59824 rx_current=0 rx_max=388 rx_full=0 overflow=framework_unavailable
SDTASK max_process_us=233862
XIAO UART baud=921600 rx=GPIO8 tx=GPIO9 bytes=8274880 frames=4537 bytes_s=16632 frames_s=119 crc/cobs/len=0/0/0 seqgap=0 age_ms=0 type=5 log=0 q=0 rec=574 final=0
RXDIAG max_us=4290 budget_hits=0 byte/frame/time=0/0/0 rx_buf_max=388 loop_period_max_us=904014 loop_exec_max_us=899046 free_heap=142796 min_free_heap=138528 reset_reason=0 bno_kind_1to5_s=0/0/0/0/0 queue=0 high=13 drops=0
RXDETAIL service_calls=422112 service_bytes_avg=19 service_bytes_max=388 service_frames_avg=0 service_frames_avg_x1000=142 service_frames_max=5 service_bytes_s=16632 service_frames_s=119 rxbuf_full_obs=0 bno_valid=1261 bno_invalid=0 unknown=0 uart_overflow=framework_unavailable trial_rx_bytes=559496 trial_frames=4533 trial_bno=1261 trial_crc/cobs/len=0/0/0
RXTASK mode=decode_count read_calls=422113 zero_reads=346382 read_bytes_max=388 rx_task_max_us=4290 rx_task_continuous_max_us=4290 stack_hwm_min_bytes=4472 cobs_delimiters=59943 rx_current=96 rx_max=388 rx_full=0 overflow=framework_unavailable
SDTASK max_process_us=233862
XIAO UART baud=921600 rx=GPIO8 tx=GPIO9 bytes=8291008 frames=4653 bytes_s=16128 frames_s=116 crc/cobs/len=0/0/0 seqgap=0 age_ms=9 type=7 log=0 q=0 rec=574 final=0
RXDIAG max_us=4290 budget_hits=0 byte/frame/time=0/0/0 rx_buf_max=388 loop_period_max_us=904014 loop_exec_max_us=899046 free_heap=142572 min_free_heap=137200 reset_reason=0 bno_kind_1to5_s=0/0/0/0/0 queue=0 high=13 drops=0
RXDETAIL service_calls=422938 service_bytes_avg=19 service_bytes_max=388 service_frames_avg=0 service_frames_avg_x1000=142 service_frames_max=5 service_bytes_s=16128 service_frames_s=116 rxbuf_full_obs=0 bno_valid=1261 bno_invalid=0 unknown=0 uart_overflow=framework_unavailable trial_rx_bytes=575624 trial_frames=4649 trial_bno=1261 trial_crc/cobs/len=0/0/0
RXTASK mode=decode_count read_calls=422939 zero_reads=347054 read_bytes_max=388 rx_task_max_us=4290 rx_task_continuous_max_us=4290 stack_hwm_min_bytes=4472 cobs_delimiters=60059 rx_current=0 rx_max=388 rx_full=0 overflow=framework_unavailable
SDTASK max_process_us=233862
XIAO UART baud=921600 rx=GPIO8 tx=GPIO9 bytes=8307744 frames=4773 bytes_s=16736 frames_s=120 crc/cobs/len=0/0/0 seqgap=0 age_ms=0 type=7 log=0 q=0 rec=574 final=0
RXDIAG max_us=4290 budget_hits=0 byte/frame/time=0/0/0 rx_buf_max=388 loop_period_max_us=904014 loop_exec_max_us=899046 free_heap=142572 min_free_heap=137200 reset_reason=0 bno_kind_1to5_s=0/0/0/0/0 queue=0 high=13 drops=0
RXDETAIL service_calls=423772 service_bytes_avg=19 service_bytes_max=388 service_frames_avg=0 service_frames_avg_x1000=142 service_frames_max=5 service_bytes_s=16736 service_frames_s=120 rxbuf_full_obs=0 bno_valid=1261 bno_invalid=0 unknown=0 uart_overflow=framework_unavailable trial_rx_bytes=592360 trial_frames=4769 trial_bno=1261 trial_crc/cobs/len=0/0/0
RXTASK mode=decode_count read_calls=423773 zero_reads=347731 read_bytes_max=388 rx_task_max_us=4290 rx_task_continuous_max_us=4290 stack_hwm_min_bytes=4472 cobs_delimiters=60179 rx_current=96 rx_max=388 rx_full=0 overflow=framework_unavailable
SDTASK max_process_us=233862
XIAO UART baud=921600 rx=GPIO8 tx=GPIO9 bytes=8324104 frames=4890 bytes_s=16360 frames_s=117 crc/cobs/len=0/0/0 seqgap=0 age_ms=16 type=7 log=0 q=0 rec=574 final=0
RXDIAG max_us=4290 budget_hits=0 byte/frame/time=0/0/0 rx_buf_max=388 loop_period_max_us=904014 loop_exec_max_us=899046 free_heap=142572 min_free_heap=137200 reset_reason=0 bno_kind_1to5_s=0/0/0/0/0 queue=0 high=13 drops=0
RXDETAIL service_calls=424598 service_bytes_avg=19 service_bytes_max=388 service_frames_avg=0 service_frames_avg_x1000=142 service_frames_max=5 service_bytes_s=16480 service_frames_s=118 rxbuf_full_obs=0 bno_valid=1261 bno_invalid=0 unknown=0 uart_overflow=framework_unavailable trial_rx_bytes=608840 trial_frames=4887 trial_bno=1261 trial_crc/cobs/len=0/0/0
RXTASK mode=decode_count read_calls=424599 zero_reads=348404 read_bytes_max=388 rx_task_max_us=4290 rx_task_continuous_max_us=4290 stack_hwm_min_bytes=4472 cobs_delimiters=60298 rx_current=96 rx_max=388 rx_full=0 overflow=framework_unavailable
SDTASK max_process_us=233862
XIAO UART baud=921600 rx=GPIO8 tx=GPIO9 bytes=8340484 frames=5008 bytes_s=16380 frames_s=118 crc/cobs/len=0/0/0 seqgap=0 age_ms=9 type=7 log=0 q=0 rec=574 final=0
RXDIAG max_us=4290 budget_hits=0 byte/frame/time=0/0/0 rx_buf_max=388 loop_period_max_us=904014 loop_exec_max_us=899046 free_heap=142572 min_free_heap=137200 reset_reason=0 bno_kind_1to5_s=0/0/0/0/0 queue=0 high=13 drops=0
RXDETAIL service_calls=425426 service_bytes_avg=19 service_bytes_max=388 service_frames_avg=0 service_frames_avg_x1000=142 service_frames_max=5 service_bytes_s=16260 service_frames_s=117 rxbuf_full_obs=0 bno_valid=1261 bno_invalid=0 unknown=0 uart_overflow=framework_unavailable trial_rx_bytes=625100 trial_frames=5004 trial_bno=1261 trial_crc/cobs/len=0/0/0
RXTASK mode=decode_count read_calls=425427 zero_reads=349086 read_bytes_max=388 rx_task_max_us=4290 rx_task_continuous_max_us=4290 stack_hwm_min_bytes=4472 cobs_delimiters=60414 rx_current=28 rx_max=388 rx_full=0 overflow=framework_unavailable
SDTASK max_process_us=233862
XIAO UART baud=921600 rx=GPIO8 tx=GPIO9 bytes=8357036 frames=5127 bytes_s=16552 frames_s=119 crc/cobs/len=0/0/0 seqgap=0 age_ms=2 type=7 log=0 q=0 rec=574 final=0
RXDIAG max_us=4290 budget_hits=0 byte/frame/time=0/0/0 rx_buf_max=388 loop_period_max_us=904014 loop_exec_max_us=899046 free_heap=142572 min_free_heap=137200 reset_reason=0 bno_kind_1to5_s=0/0/0/0/0 queue=0 high=13 drops=0
RXDETAIL service_calls=426264 service_bytes_avg=19 service_bytes_max=388 service_frames_avg=0 service_frames_avg_x1000=142 service_frames_max=5 service_bytes_s=16672 service_frames_s=119 rxbuf_full_obs=0 bno_valid=1261 bno_invalid=0 unknown=0 uart_overflow=framework_unavailable trial_rx_bytes=641772 trial_frames=5123 trial_bno=1261 trial_crc/cobs/len=0/0/0
RXTASK mode=decode_count read_calls=426265 zero_reads=349768 read_bytes_max=388 rx_task_max_us=4290 rx_task_continuous_max_us=4290 stack_hwm_min_bytes=4472 cobs_delimiters=60534 rx_current=0 rx_max=388 rx_full=0 overflow=framework_unavailable
SDTASK max_process_us=233862
XIAO UART baud=921600 rx=GPIO8 tx=GPIO9 bytes=8373284 frames=5243 bytes_s=16248 frames_s=116 crc/cobs/len=0/0/0 seqgap=0 age_ms=19 type=7 log=0 q=0 rec=574 final=0
RXDIAG max_us=4290 budget_hits=0 byte/frame/time=0/0/0 rx_buf_max=388 loop_period_max_us=904014 loop_exec_max_us=899046 free_heap=142572 min_free_heap=137200 reset_reason=0 bno_kind_1to5_s=0/0/0/0/0 queue=0 high=13 drops=0
RXDETAIL service_calls=427092 service_bytes_avg=19 service_bytes_max=388 service_frames_avg=0 service_frames_avg_x1000=142 service_frames_max=5 service_bytes_s=16248 service_frames_s=116 rxbuf_full_obs=0 bno_valid=1261 bno_invalid=0 unknown=0 uart_overflow=framework_unavailable trial_rx_bytes=658020 trial_frames=5239 trial_bno=1261 trial_crc/cobs/len=0/0/0
RXTASK mode=decode_count read_calls=427093 zero_reads=350445 read_bytes_max=388 rx_task_max_us=4290 rx_task_continuous_max_us=4290 stack_hwm_min_bytes=4472 cobs_delimiters=60650 rx_current=96 rx_max=388 rx_full=0 overflow=framework_unavailable
SDTASK max_process_us=233862
XIAO UART baud=921600 rx=GPIO8 tx=GPIO9 bytes=8389932 frames=5363 bytes_s=16648 frames_s=120 crc/cobs/len=0/0/0 seqgap=0 age_ms=9 type=7 log=0 q=0 rec=574 final=0
RXDIAG max_us=4290 budget_hits=0 byte/frame/time=0/0/0 rx_buf_max=388 loop_period_max_us=904014 loop_exec_max_us=899046 free_heap=142572 min_free_heap=137200 reset_reason=0 bno_kind_1to5_s=0/0/0/0/0 queue=0 high=13 drops=0
RXDETAIL service_calls=427918 service_bytes_avg=19 service_bytes_max=388 service_frames_avg=0 service_frames_avg_x1000=142 service_frames_max=5 service_bytes_s=16712 service_frames_s=121 rxbuf_full_obs=0 bno_valid=1261 bno_invalid=0 unknown=0 uart_overflow=framework_unavailable trial_rx_bytes=674732 trial_frames=5360 trial_bno=1261 trial_crc/cobs/len=0/0/0
RXTASK mode=decode_count read_calls=427919 zero_reads=351127 read_bytes_max=388 rx_task_max_us=4290 rx_task_continuous_max_us=4290 stack_hwm_min_bytes=4472 cobs_delimiters=60770 rx_current=0 rx_max=388 rx_full=0 overflow=framework_unavailable
SDTASK max_process_us=233862
XIAO UART baud=921600 rx=GPIO8 tx=GPIO9 bytes=8406660 frames=5483 bytes_s=16728 frames_s=120 crc/cobs/len=0/0/0 seqgap=0 age_ms=2 type=7 log=0 q=0 rec=574 final=0
RXDIAG max_us=4290 budget_hits=0 byte/frame/time=0/0/0 rx_buf_max=388 loop_period_max_us=904014 loop_exec_max_us=899046 free_heap=142572 min_free_heap=137200 reset_reason=0 bno_kind_1to5_s=0/0/0/0/0 queue=0 high=13 drops=0
RXDETAIL service_calls=428747 service_bytes_avg=19 service_bytes_max=388 service_frames_avg=0 service_frames_avg_x1000=142 service_frames_max=5 service_bytes_s=16544 service_frames_s=119 rxbuf_full_obs=0 bno_valid=1261 bno_invalid=0 unknown=0 uart_overflow=framework_unavailable trial_rx_bytes=691276 trial_frames=5479 trial_bno=1261 trial_crc/cobs/len=0/0/0
RXTASK mode=decode_count read_calls=428748 zero_reads=351816 read_bytes_max=388 rx_task_max_us=4290 rx_task_continuous_max_us=4290 stack_hwm_min_bytes=4472 cobs_delimiters=60889 rx_current=0 rx_max=388 rx_full=0 overflow=framework_unavailable
SDTASK max_process_us=233862
XIAO UART baud=921600 rx=GPIO8 tx=GPIO9 bytes=8423252 frames=5602 bytes_s=16592 frames_s=119 crc/cobs/len=0/0/0 seqgap=0 age_ms=1 type=32 log=0 q=0 rec=574 final=0
RXDIAG max_us=4290 budget_hits=0 byte/frame/time=0/0/0 rx_buf_max=388 loop_period_max_us=904014 loop_exec_max_us=899046 free_heap=142572 min_free_heap=137200 reset_reason=0 bno_kind_1to5_s=0/0/0/0/0 queue=0 high=13 drops=0
RXDETAIL service_calls=429571 service_bytes_avg=19 service_bytes_max=388 service_frames_avg=0 service_frames_avg_x1000=142 service_frames_max=5 service_bytes_s=16696 service_frames_s=120 rxbuf_full_obs=0 bno_valid=1261 bno_invalid=0 unknown=0 uart_overflow=framework_unavailable trial_rx_bytes=707972 trial_frames=5599 trial_bno=1261 trial_crc/cobs/len=0/0/0
RXTASK mode=decode_count read_calls=429572 zero_reads=352492 read_bytes_max=388 rx_task_max_us=4290 rx_task_continuous_max_us=4290 stack_hwm_min_bytes=4472 cobs_delimiters=61010 rx_current=0 rx_max=388 rx_full=0 overflow=framework_unavailable
SDTASK max_process_us=233862
XIAO UART baud=921600 rx=GPIO8 tx=GPIO9 bytes=8439676 frames=5721 bytes_s=16424 frames_s=119 crc/cobs/len=0/0/0 seqgap=0 age_ms=6 type=22 log=0 q=0 rec=574 final=0
RXDIAG max_us=4290 budget_hits=0 byte/frame/time=0/0/0 rx_buf_max=388 loop_period_max_us=904014 loop_exec_max_us=899046 free_heap=142572 min_free_heap=137200 reset_reason=0 bno_kind_1to5_s=0/0/0/0/0 queue=0 high=13 drops=0
RXDETAIL service_calls=430401 service_bytes_avg=19 service_bytes_max=388 service_frames_avg=0 service_frames_avg_x1000=142 service_frames_max=5 service_bytes_s=16320 service_frames_s=118 rxbuf_full_obs=0 bno_valid=1261 bno_invalid=0 unknown=0 uart_overflow=framework_unavailable trial_rx_bytes=724292 trial_frames=5717 trial_bno=1261 trial_crc/cobs/len=0/0/0
RXTASK mode=decode_count read_calls=430402 zero_reads=353179 read_bytes_max=388 rx_task_max_us=4290 rx_task_continuous_max_us=4290 stack_hwm_min_bytes=4472 cobs_delimiters=61127 rx_current=0 rx_max=388 rx_full=0 overflow=framework_unavailable
SDTASK max_process_us=233862
XIAO UART baud=921600 rx=GPIO8 tx=GPIO9 bytes=8456432 frames=5842 bytes_s=16756 frames_s=121 crc/cobs/len=0/0/0 seqgap=0 age_ms=10 type=56 log=0 q=0 rec=574 final=0
RXDIAG max_us=4290 budget_hits=0 byte/frame/time=0/0/0 rx_buf_max=388 loop_period_max_us=904014 loop_exec_max_us=899046 free_heap=142572 min_free_heap=137200 reset_reason=0 bno_kind_1to5_s=0/0/0/0/0 queue=0 high=13 drops=0
RXDETAIL service_calls=431233 service_bytes_avg=19 service_bytes_max=388 service_frames_avg=0 service_frames_avg_x1000=142 service_frames_max=5 service_bytes_s=16904 service_frames_s=122 rxbuf_full_obs=0 bno_valid=1261 bno_invalid=0 unknown=0 uart_overflow=framework_unavailable trial_rx_bytes=741196 trial_frames=5839 trial_bno=1261 trial_crc/cobs/len=0/0/0
RXTASK mode=decode_count read_calls=431234 zero_reads=353864 read_bytes_max=388 rx_task_max_us=4290 rx_task_continuous_max_us=4290 stack_hwm_min_bytes=4472 cobs_delimiters=61249 rx_current=0 rx_max=388 rx_full=0 overflow=framework_unavailable
SDTASK max_process_us=233862
XIAO UART baud=921600 rx=GPIO8 tx=GPIO9 bytes=8473080 frames=5962 bytes_s=16648 frames_s=120 crc/cobs/len=0/0/0 seqgap=0 age_ms=10 type=7 log=0 q=0 rec=574 final=0
RXDIAG max_us=4290 budget_hits=0 byte/frame/time=0/0/0 rx_buf_max=388 loop_period_max_us=904014 loop_exec_max_us=899046 free_heap=142572 min_free_heap=137200 reset_reason=0 bno_kind_1to5_s=0/0/0/0/0 queue=0 high=13 drops=0
RXDETAIL service_calls=432062 service_bytes_avg=19 service_bytes_max=388 service_frames_avg=0 service_frames_avg_x1000=142 service_frames_max=5 service_bytes_s=16500 service_frames_s=119 rxbuf_full_obs=0 bno_valid=1261 bno_invalid=0 unknown=0 uart_overflow=framework_unavailable trial_rx_bytes=757696 trial_frames=5958 trial_bno=1261 trial_crc/cobs/len=0/0/0
RXTASK mode=decode_count read_calls=432063 zero_reads=354549 read_bytes_max=388 rx_task_max_us=4290 rx_task_continuous_max_us=4290 stack_hwm_min_bytes=4472 cobs_delimiters=61368 rx_current=0 rx_max=388 rx_full=0 overflow=framework_unavailable
SDTASK max_process_us=233862
XIAO UART baud=921600 rx=GPIO8 tx=GPIO9 bytes=8489648 frames=6080 bytes_s=16568 frames_s=118 crc/cobs/len=0/0/0 seqgap=0 age_ms=3 type=5 log=0 q=0 rec=574 final=0
RXDIAG max_us=4290 budget_hits=0 byte/frame/time=0/0/0 rx_buf_max=388 loop_period_max_us=904014 loop_exec_max_us=899046 free_heap=142572 min_free_heap=137200 reset_reason=0 bno_kind_1to5_s=0/0/0/0/0 queue=0 high=13 drops=0
RXDETAIL service_calls=432887 service_bytes_avg=19 service_bytes_max=388 service_frames_avg=0 service_frames_avg_x1000=142 service_frames_max=5 service_bytes_s=16568 service_frames_s=118 rxbuf_full_obs=0 bno_valid=1261 bno_invalid=0 unknown=0 uart_overflow=framework_unavailable trial_rx_bytes=774264 trial_frames=6076 trial_bno=1261 trial_crc/cobs/len=0/0/0
RXTASK mode=decode_count read_calls=432888 zero_reads=355235 read_bytes_max=388 rx_task_max_us=4290 rx_task_continuous_max_us=4290 stack_hwm_min_bytes=4472 cobs_delimiters=61487 rx_current=0 rx_max=388 rx_full=0 overflow=framework_unavailable
SDTASK max_process_us=233862
XIAO UART baud=921600 rx=GPIO8 tx=GPIO9 bytes=8506072 frames=6199 bytes_s=16424 frames_s=119 crc/cobs/len=0/0/0 seqgap=0 age_ms=17 type=7 log=0 q=0 rec=574 final=0
RXDIAG max_us=4290 budget_hits=0 byte/frame/time=0/0/0 rx_buf_max=388 loop_period_max_us=904014 loop_exec_max_us=899046 free_heap=142572 min_free_heap=137200 reset_reason=0 bno_kind_1to5_s=0/0/0/0/0 queue=0 high=13 drops=0
RXDETAIL service_calls=433718 service_bytes_avg=19 service_bytes_max=388 service_frames_avg=0 service_frames_avg_x1000=142 service_frames_max=5 service_bytes_s=16424 service_frames_s=119 rxbuf_full_obs=0 bno_valid=1261 bno_invalid=0 unknown=0 uart_overflow=framework_unavailable trial_rx_bytes=790688 trial_frames=6195 trial_bno=1261 trial_crc/cobs/len=0/0/0
RXTASK mode=decode_count read_calls=433719 zero_reads=355925 read_bytes_max=388 rx_task_max_us=4290 rx_task_continuous_max_us=4290 stack_hwm_min_bytes=4472 cobs_delimiters=61605 rx_current=0 rx_max=388 rx_full=0 overflow=framework_unavailable
SDTASK max_process_us=233862
XIAO UART baud=921600 rx=GPIO8 tx=GPIO9 bytes=8522992 frames=6321 bytes_s=16920 frames_s=122 crc/cobs/len=0/0/0 seqgap=0 age_ms=8 type=7 log=0 q=0 rec=574 final=0
RXDIAG max_us=4290 budget_hits=0 byte/frame/time=0/0/0 rx_buf_max=388 loop_period_max_us=904014 loop_exec_max_us=899046 free_heap=142572 min_free_heap=137200 reset_reason=0 bno_kind_1to5_s=0/0/0/0/0 queue=0 high=13 drops=0
RXDETAIL service_calls=434544 service_bytes_avg=19 service_bytes_max=388 service_frames_avg=0 service_frames_avg_x1000=142 service_frames_max=5 service_bytes_s=16920 service_frames_s=122 rxbuf_full_obs=0 bno_valid=1261 bno_invalid=0 unknown=0 uart_overflow=framework_unavailable trial_rx_bytes=807608 trial_frames=6317 trial_bno=1261 trial_crc/cobs/len=0/0/0
RXTASK mode=decode_count read_calls=434545 zero_reads=356607 read_bytes_max=388 rx_task_max_us=4290 rx_task_continuous_max_us=4290 stack_hwm_min_bytes=4472 cobs_delimiters=61727 rx_current=0 rx_max=388 rx_full=0 overflow=framework_unavailable
SDTASK max_process_us=233862
XIAO UART baud=921600 rx=GPIO8 tx=GPIO9 bytes=8539728 frames=6442 bytes_s=16736 frames_s=121 crc/cobs/len=0/0/0 seqgap=0 age_ms=0 type=7 log=0 q=0 rec=574 final=0
RXDIAG max_us=4290 budget_hits=0 byte/frame/time=0/0/0 rx_buf_max=388 loop_period_max_us=904014 loop_exec_max_us=899046 free_heap=142348 min_free_heap=137200 reset_reason=0 bno_kind_1to5_s=0/0/0/0/0 queue=0 high=13 drops=0
RXDETAIL service_calls=435372 service_bytes_avg=19 service_bytes_max=388 service_frames_avg=0 service_frames_avg_x1000=142 service_frames_max=5 service_bytes_s=16736 service_frames_s=121 rxbuf_full_obs=0 bno_valid=1261 bno_invalid=0 unknown=0 uart_overflow=framework_unavailable trial_rx_bytes=824344 trial_frames=6438 trial_bno=1261 trial_crc/cobs/len=0/0/0
RXTASK mode=decode_count read_calls=435373 zero_reads=357289 read_bytes_max=388 rx_task_max_us=4290 rx_task_continuous_max_us=4290 stack_hwm_min_bytes=4472 cobs_delimiters=61849 rx_current=0 rx_max=388 rx_full=0 overflow=framework_unavailable
SDTASK max_process_us=233862
XIAO UART baud=921600 rx=GPIO8 tx=GPIO9 bytes=8556252 frames=6561 bytes_s=16524 frames_s=119 crc/cobs/len=0/0/0 seqgap=0 age_ms=0 type=5 log=0 q=0 rec=574 final=0
RXDIAG max_us=4290 budget_hits=0 byte/frame/time=0/0/0 rx_buf_max=388 loop_period_max_us=904014 loop_exec_max_us=899046 free_heap=142348 min_free_heap=137200 reset_reason=0 bno_kind_1to5_s=0/0/0/0/0 queue=0 high=13 drops=0
RXDETAIL service_calls=436199 service_bytes_avg=19 service_bytes_max=388 service_frames_avg=0 service_frames_avg_x1000=142 service_frames_max=5 service_bytes_s=16524 service_frames_s=119 rxbuf_full_obs=0 bno_valid=1261 bno_invalid=0 unknown=0 uart_overflow=framework_unavailable trial_rx_bytes=840868 trial_frames=6557 trial_bno=1261 trial_crc/cobs/len=0/0/0
RXTASK mode=decode_count read_calls=436201 zero_reads=357973 read_bytes_max=388 rx_task_max_us=4290 rx_task_continuous_max_us=4290 stack_hwm_min_bytes=4472 cobs_delimiters=61968 rx_current=0 rx_max=388 rx_full=0 overflow=framework_unavailable
SDTASK max_process_us=233862
XIAO UART baud=921600 rx=GPIO8 tx=GPIO9 bytes=8572652 frames=6680 bytes_s=16400 frames_s=119 crc/cobs/len=0/0/0 seqgap=0 age_ms=11 type=32 log=0 q=0 rec=574 final=0
RXDIAG max_us=4290 budget_hits=0 byte/frame/time=0/0/0 rx_buf_max=388 loop_period_max_us=904014 loop_exec_max_us=899046 free_heap=142348 min_free_heap=137200 reset_reason=0 bno_kind_1to5_s=0/0/0/0/0 queue=0 high=13 drops=0
RXDETAIL service_calls=437030 service_bytes_avg=19 service_bytes_max=388 service_frames_avg=0 service_frames_avg_x1000=142 service_frames_max=5 service_bytes_s=16584 service_frames_s=120 rxbuf_full_obs=0 bno_valid=1261 bno_invalid=0 unknown=0 uart_overflow=framework_unavailable trial_rx_bytes=857452 trial_frames=6677 trial_bno=1261 trial_crc/cobs/len=0/0/0
RXTASK mode=decode_count read_calls=437031 zero_reads=358659 read_bytes_max=388 rx_task_max_us=4290 rx_task_continuous_max_us=4290 stack_hwm_min_bytes=4472 cobs_delimiters=62087 rx_current=0 rx_max=388 rx_full=0 overflow=framework_unavailable
SDTASK max_process_us=233862
XIAO UART baud=921600 rx=GPIO8 tx=GPIO9 bytes=8589372 frames=6800 bytes_s=16720 frames_s=120 crc/cobs/len=0/0/0 seqgap=0 age_ms=0 type=7 log=0 q=0 rec=574 final=0
RXDIAG max_us=4290 budget_hits=0 byte/frame/time=0/0/0 rx_buf_max=388 loop_period_max_us=904014 loop_exec_max_us=899046 free_heap=142348 min_free_heap=137200 reset_reason=0 bno_kind_1to5_s=0/0/0/0/0 queue=0 high=13 drops=0
RXDETAIL service_calls=437851 service_bytes_avg=19 service_bytes_max=388 service_frames_avg=0 service_frames_avg_x1000=142 service_frames_max=5 service_bytes_s=16536 service_frames_s=119 rxbuf_full_obs=0 bno_valid=1261 bno_invalid=0 unknown=0 uart_overflow=framework_unavailable trial_rx_bytes=873988 trial_frames=6796 trial_bno=1261 trial_crc/cobs/len=0/0/0
RXTASK mode=decode_count read_calls=437852 zero_reads=359324 read_bytes_max=388 rx_task_max_us=4290 rx_task_continuous_max_us=4290 stack_hwm_min_bytes=4472 cobs_delimiters=62207 rx_current=0 rx_max=388 rx_full=0 overflow=framework_unavailable
SDTASK max_process_us=233862
XIAO UART baud=921600 rx=GPIO8 tx=GPIO9 bytes=8605932 frames=6918 bytes_s=16560 frames_s=118 crc/cobs/len=0/0/0 seqgap=0 age_ms=3 type=5 log=0 q=0 rec=574 final=0
RXDIAG max_us=4290 budget_hits=0 byte/frame/time=0/0/0 rx_buf_max=388 loop_period_max_us=904014 loop_exec_max_us=899046 free_heap=142348 min_free_heap=137200 reset_reason=0 bno_kind_1to5_s=0/0/0/0/0 queue=0 high=13 drops=0
RXDETAIL service_calls=438688 service_bytes_avg=19 service_bytes_max=388 service_frames_avg=0 service_frames_avg_x1000=142 service_frames_max=5 service_bytes_s=16560 service_frames_s=118 rxbuf_full_obs=0 bno_valid=1261 bno_invalid=0 unknown=0 uart_overflow=framework_unavailable trial_rx_bytes=890548 trial_frames=6914 trial_bno=1261 trial_crc/cobs/len=0/0/0
RXTASK mode=decode_count read_calls=438689 zero_reads=359996 read_bytes_max=388 rx_task_max_us=4290 rx_task_continuous_max_us=4290 stack_hwm_min_bytes=4472 cobs_delimiters=62325 rx_current=0 rx_max=388 rx_full=0 overflow=framework_unavailable
SDTASK max_process_us=233862
XIAO UART baud=921600 rx=GPIO8 tx=GPIO9 bytes=8622260 frames=7036 bytes_s=16328 frames_s=118 crc/cobs/len=0/0/0 seqgap=0 age_ms=18 type=7 log=0 q=0 rec=574 final=0
RXDIAG max_us=4290 budget_hits=0 byte/frame/time=0/0/0 rx_buf_max=388 loop_period_max_us=904014 loop_exec_max_us=899046 free_heap=142348 min_free_heap=137200 reset_reason=0 bno_kind_1to5_s=0/0/0/0/0 queue=0 high=13 drops=0
RXDETAIL service_calls=439528 service_bytes_avg=19 service_bytes_max=388 service_frames_avg=0 service_frames_avg_x1000=142 service_frames_max=5 service_bytes_s=16328 service_frames_s=118 rxbuf_full_obs=0 bno_valid=1261 bno_invalid=0 unknown=0 uart_overflow=framework_unavailable trial_rx_bytes=906876 trial_frames=7032 trial_bno=1261 trial_crc/cobs/len=0/0/0
RXTASK mode=decode_count read_calls=439529 zero_reads=360678 read_bytes_max=388 rx_task_max_us=4290 rx_task_continuous_max_us=4290 stack_hwm_min_bytes=4472 cobs_delimiters=62442 rx_current=0 rx_max=388 rx_full=0 overflow=framework_unavailable
SDTASK max_process_us=233862
XIAO UART baud=921600 rx=GPIO8 tx=GPIO9 bytes=8638996 frames=7156 bytes_s=16736 frames_s=120 crc/cobs/len=0/0/0 seqgap=0 age_ms=5 type=7 log=0 q=0 rec=574 final=0
RXDIAG max_us=4290 budget_hits=0 byte/frame/time=0/0/0 rx_buf_max=388 loop_period_max_us=904014 loop_exec_max_us=899046 free_heap=142348 min_free_heap=137200 reset_reason=0 bno_kind_1to5_s=0/0/0/0/0 queue=0 high=13 drops=0
RXDETAIL service_calls=440356 service_bytes_avg=19 service_bytes_max=388 service_frames_avg=0 service_frames_avg_x1000=142 service_frames_max=5 service_bytes_s=16736 service_frames_s=120 rxbuf_full_obs=0 bno_valid=1261 bno_invalid=0 unknown=0 uart_overflow=framework_unavailable trial_rx_bytes=923612 trial_frames=7152 trial_bno=1261 trial_crc/cobs/len=0/0/0
RXTASK mode=decode_count read_calls=440357 zero_reads=361338 read_bytes_max=388 rx_task_max_us=4290 rx_task_continuous_max_us=4290 stack_hwm_min_bytes=4472 cobs_delimiters=62562 rx_current=0 rx_max=388 rx_full=0 overflow=framework_unavailable
SDTASK max_process_us=233862
XIAO UART baud=921600 rx=GPIO8 tx=GPIO9 bytes=8655548 frames=7275 bytes_s=16552 frames_s=119 crc/cobs/len=0/0/0 seqgap=0 age_ms=0 type=7 log=0 q=0 rec=574 final=0
RXDIAG max_us=4290 budget_hits=0 byte/frame/time=0/0/0 rx_buf_max=388 loop_period_max_us=904014 loop_exec_max_us=899046 free_heap=142348 min_free_heap=137200 reset_reason=0 bno_kind_1to5_s=0/0/0/0/0 queue=0 high=13 drops=0
RXDETAIL service_calls=441195 service_bytes_avg=19 service_bytes_max=388 service_frames_avg=0 service_frames_avg_x1000=142 service_frames_max=5 service_bytes_s=16552 service_frames_s=119 rxbuf_full_obs=0 bno_valid=1261 bno_invalid=0 unknown=0 uart_overflow=framework_unavailable trial_rx_bytes=940164 trial_frames=7271 trial_bno=1261 trial_crc/cobs/len=0/0/0
RXTASK mode=decode_count read_calls=441197 zero_reads=362019 read_bytes_max=388 rx_task_max_us=4290 rx_task_continuous_max_us=4290 stack_hwm_min_bytes=4472 cobs_delimiters=62682 rx_current=0 rx_max=388 rx_full=0 overflow=framework_unavailable
SDTASK max_process_us=233862
XIAO UART baud=921600 rx=GPIO8 tx=GPIO9 bytes=8671952 frames=7392 bytes_s=16404 frames_s=117 crc/cobs/len=0/0/0 seqgap=0 age_ms=16 type=56 log=0 q=0 rec=574 final=0
RXDIAG max_us=4290 budget_hits=0 byte/frame/time=0/0/0 rx_buf_max=388 loop_period_max_us=904014 loop_exec_max_us=899046 free_heap=142348 min_free_heap=137200 reset_reason=0 bno_kind_1to5_s=0/0/0/0/0 queue=0 high=13 drops=0
RXDETAIL service_calls=442032 service_bytes_avg=19 service_bytes_max=388 service_frames_avg=0 service_frames_avg_x1000=142 service_frames_max=5 service_bytes_s=16508 service_frames_s=118 rxbuf_full_obs=0 bno_valid=1261 bno_invalid=0 unknown=0 uart_overflow=framework_unavailable trial_rx_bytes=956672 trial_frames=7389 trial_bno=1261 trial_crc/cobs/len=0/0/0
RXTASK mode=decode_count read_calls=442033 zero_reads=362693 read_bytes_max=388 rx_task_max_us=4290 rx_task_continuous_max_us=4290 stack_hwm_min_bytes=4472 cobs_delimiters=62800 rx_current=0 rx_max=388 rx_full=0 overflow=framework_unavailable
SDTASK max_process_us=233862
XIAO UART baud=921600 rx=GPIO8 tx=GPIO9 bytes=8688392 frames=7511 bytes_s=16440 frames_s=119 crc/cobs/len=0/0/0 seqgap=0 age_ms=13 type=7 log=0 q=0 rec=574 final=0
RXDIAG max_us=4290 budget_hits=0 byte/frame/time=0/0/0 rx_buf_max=388 loop_period_max_us=904014 loop_exec_max_us=899046 free_heap=142348 min_free_heap=137200 reset_reason=0 bno_kind_1to5_s=0/0/0/0/0 queue=0 high=13 drops=0
RXDETAIL service_calls=442866 service_bytes_avg=19 service_bytes_max=388 service_frames_avg=0 service_frames_avg_x1000=142 service_frames_max=5 service_bytes_s=16336 service_frames_s=118 rxbuf_full_obs=0 bno_valid=1261 bno_invalid=0 unknown=0 uart_overflow=framework_unavailable trial_rx_bytes=973008 trial_frames=7507 trial_bno=1261 trial_crc/cobs/len=0/0/0
RXTASK mode=decode_count read_calls=442867 zero_reads=363366 read_bytes_max=388 rx_task_max_us=4290 rx_task_continuous_max_us=4290 stack_hwm_min_bytes=4472 cobs_delimiters=62917 rx_current=0 rx_max=388 rx_full=0 overflow=framework_unavailable
SDTASK max_process_us=233862
XIAO UART baud=921600 rx=GPIO8 tx=GPIO9 bytes=8705120 frames=7631 bytes_s=16728 frames_s=120 crc/cobs/len=0/0/0 seqgap=0 age_ms=5 type=5 log=0 q=0 rec=574 final=0
RXDIAG max_us=4290 budget_hits=0 byte/frame/time=0/0/0 rx_buf_max=388 loop_period_max_us=904014 loop_exec_max_us=899046 free_heap=142348 min_free_heap=137200 reset_reason=0 bno_kind_1to5_s=0/0/0/0/0 queue=0 high=13 drops=0
RXDETAIL service_calls=443687 service_bytes_avg=19 service_bytes_max=388 service_frames_avg=0 service_frames_avg_x1000=142 service_frames_max=5 service_bytes_s=16816 service_frames_s=121 rxbuf_full_obs=0 bno_valid=1261 bno_invalid=0 unknown=0 uart_overflow=framework_unavailable trial_rx_bytes=989824 trial_frames=7628 trial_bno=1261 trial_crc/cobs/len=0/0/0
RXTASK mode=decode_count read_calls=443688 zero_reads=364026 read_bytes_max=388 rx_task_max_us=4290 rx_task_continuous_max_us=4290 stack_hwm_min_bytes=4472 cobs_delimiters=63039 rx_current=96 rx_max=388 rx_full=0 overflow=framework_unavailable
SDTASK max_process_us=233862
XIAO UART baud=921600 rx=GPIO8 tx=GPIO9 bytes=8721744 frames=7753 bytes_s=16624 frames_s=122 crc/cobs/len=0/0/0 seqgap=0 age_ms=8 type=32 log=0 q=0 rec=574 final=0
RXDIAG max_us=4290 budget_hits=0 byte/frame/time=0/0/0 rx_buf_max=388 loop_period_max_us=904014 loop_exec_max_us=899046 free_heap=142348 min_free_heap=137200 reset_reason=0 bno_kind_1to5_s=0/0/0/0/0 queue=0 high=13 drops=0
RXDETAIL service_calls=444519 service_bytes_avg=19 service_bytes_max=388 service_frames_avg=0 service_frames_avg_x1000=142 service_frames_max=5 service_bytes_s=16760 service_frames_s=122 rxbuf_full_obs=0 bno_valid=1261 bno_invalid=0 unknown=0 uart_overflow=framework_unavailable trial_rx_bytes=1006584 trial_frames=7750 trial_bno=1261 trial_crc/cobs/len=0/0/0
RXTASK mode=decode_count read_calls=444520 zero_reads=364694 read_bytes_max=388 rx_task_max_us=4290 rx_task_continuous_max_us=4290 stack_hwm_min_bytes=4472 cobs_delimiters=63161 rx_current=0 rx_max=388 rx_full=0 overflow=framework_unavailable
SDTASK max_process_us=233862
XIAO UART baud=921600 rx=GPIO8 tx=GPIO9 bytes=8738736 frames=7876 bytes_s=16992 frames_s=123 crc/cobs/len=0/0/0 seqgap=0 age_ms=15 type=7 log=0 q=0 rec=574 final=0
RXDIAG max_us=4290 budget_hits=0 byte/frame/time=0/0/0 rx_buf_max=388 loop_period_max_us=904014 loop_exec_max_us=899046 free_heap=142348 min_free_heap=137200 reset_reason=0 bno_kind_1to5_s=0/0/0/0/0 queue=0 high=13 drops=0
RXDETAIL service_calls=445357 service_bytes_avg=19 service_bytes_max=388 service_frames_avg=0 service_frames_avg_x1000=142 service_frames_max=5 service_bytes_s=16768 service_frames_s=122 rxbuf_full_obs=0 bno_valid=1261 bno_invalid=0 unknown=0 uart_overflow=framework_unavailable trial_rx_bytes=1023352 trial_frames=7872 trial_bno=1261 trial_crc/cobs/len=0/0/0
RXTASK mode=decode_count read_calls=445358 zero_reads=365379 read_bytes_max=388 rx_task_max_us=4290 rx_task_continuous_max_us=4290 stack_hwm_min_bytes=4472 cobs_delimiters=63282 rx_current=0 rx_max=388 rx_full=0 overflow=framework_unavailable
SDTASK max_process_us=233862
XIAO UART baud=921600 rx=GPIO8 tx=GPIO9 bytes=8755392 frames=7995 bytes_s=16656 frames_s=119 crc/cobs/len=0/0/0 seqgap=0 age_ms=2 type=56 log=0 q=0 rec=574 final=0
RXDIAG max_us=4290 budget_hits=0 byte/frame/time=0/0/0 rx_buf_max=388 loop_period_max_us=904014 loop_exec_max_us=899046 free_heap=142348 min_free_heap=137200 reset_reason=0 bno_kind_1to5_s=0/0/0/0/0 queue=0 high=13 drops=0
RXDETAIL service_calls=446195 service_bytes_avg=19 service_bytes_max=388 service_frames_avg=0 service_frames_avg_x1000=142 service_frames_max=5 service_bytes_s=16656 service_frames_s=119 rxbuf_full_obs=0 bno_valid=1261 bno_invalid=0 unknown=0 uart_overflow=framework_unavailable trial_rx_bytes=1040008 trial_frames=7991 trial_bno=1261 trial_crc/cobs/len=0/0/0
RXTASK mode=decode_count read_calls=446197 zero_reads=366059 read_bytes_max=388 rx_task_max_us=4290 rx_task_continuous_max_us=4290 stack_hwm_min_bytes=4472 cobs_delimiters=63401 rx_current=0 rx_max=388 rx_full=0 overflow=framework_unavailable
SDTASK max_process_us=233862
XIAO UART baud=921600 rx=GPIO8 tx=GPIO9 bytes=8771892 frames=8114 bytes_s=16500 frames_s=119 crc/cobs/len=0/0/0 seqgap=0 age_ms=7 type=7 log=0 q=0 rec=574 final=0
RXDIAG max_us=4290 budget_hits=0 byte/frame/time=0/0/0 rx_buf_max=388 loop_period_max_us=904014 loop_exec_max_us=899046 free_heap=142348 min_free_heap=137200 reset_reason=0 bno_kind_1to5_s=0/0/0/0/0 queue=0 high=13 drops=0
RXDETAIL service_calls=447036 service_bytes_avg=19 service_bytes_max=388 service_frames_avg=0 service_frames_avg_x1000=142 service_frames_max=5 service_bytes_s=16648 service_frames_s=120 rxbuf_full_obs=0 bno_valid=1261 bno_invalid=0 unknown=0 uart_overflow=framework_unavailable trial_rx_bytes=1056656 trial_frames=8111 trial_bno=1261 trial_crc/cobs/len=0/0/0
RXTASK mode=decode_count read_calls=447037 zero_reads=366738 read_bytes_max=388 rx_task_max_us=4290 rx_task_continuous_max_us=4290 stack_hwm_min_bytes=4472 cobs_delimiters=63521 rx_current=0 rx_max=388 rx_full=0 overflow=framework_unavailable
SDTASK max_process_us=233862
XIAO UART baud=921600 rx=GPIO8 tx=GPIO9 bytes=8788356 frames=8231 bytes_s=16464 frames_s=117 crc/cobs/len=0/0/0 seqgap=0 age_ms=3 type=5 log=0 q=0 rec=574 final=0
RXDIAG max_us=4290 budget_hits=0 byte/frame/time=0/0/0 rx_buf_max=388 loop_period_max_us=904014 loop_exec_max_us=899046 free_heap=142124 min_free_heap=137200 reset_reason=0 bno_kind_1to5_s=0/0/0/0/0 queue=0 high=13 drops=0
RXDETAIL service_calls=447866 service_bytes_avg=19 service_bytes_max=388 service_frames_avg=0 service_frames_avg_x1000=142 service_frames_max=5 service_bytes_s=16316 service_frames_s=116 rxbuf_full_obs=0 bno_valid=1261 bno_invalid=0 unknown=0 uart_overflow=framework_unavailable trial_rx_bytes=1072972 trial_frames=8227 trial_bno=1261 trial_crc/cobs/len=0/0/0
RXTASK mode=decode_count read_calls=447867 zero_reads=367409 read_bytes_max=388 rx_task_max_us=4290 rx_task_continuous_max_us=4290 stack_hwm_min_bytes=4472 cobs_delimiters=63638 rx_current=0 rx_max=388 rx_full=0 overflow=framework_unavailable
SDTASK max_process_us=233862
XIAO UART baud=921600 rx=GPIO8 tx=GPIO9 bytes=8804780 frames=8350 bytes_s=16424 frames_s=119 crc/cobs/len=0/0/0 seqgap=0 age_ms=17 type=7 log=0 q=0 rec=574 final=0
RXDIAG max_us=4290 budget_hits=0 byte/frame/time=0/0/0 rx_buf_max=388 loop_period_max_us=904014 loop_exec_max_us=899046 free_heap=142124 min_free_heap=137200 reset_reason=0 bno_kind_1to5_s=0/0/0/0/0 queue=0 high=13 drops=0
RXDETAIL service_calls=448695 service_bytes_avg=19 service_bytes_max=388 service_frames_avg=0 service_frames_avg_x1000=142 service_frames_max=5 service_bytes_s=16424 service_frames_s=119 rxbuf_full_obs=0 bno_valid=1261 bno_invalid=0 unknown=0 uart_overflow=framework_unavailable trial_rx_bytes=1089396 trial_frames=8346 trial_bno=1261 trial_crc/cobs/len=0/0/0
RXTASK mode=decode_count read_calls=448696 zero_reads=368075 read_bytes_max=388 rx_task_max_us=4290 rx_task_continuous_max_us=4290 stack_hwm_min_bytes=4472 cobs_delimiters=63756 rx_current=0 rx_max=388 rx_full=0 overflow=framework_unavailable
SDTASK max_process_us=233862
XIAO UART baud=921600 rx=GPIO8 tx=GPIO9 bytes=8821524 frames=8470 bytes_s=16744 frames_s=120 crc/cobs/len=0/0/0 seqgap=0 age_ms=13 type=7 log=0 q=0 rec=574 final=0
RXDIAG max_us=4290 budget_hits=0 byte/frame/time=0/0/0 rx_buf_max=388 loop_period_max_us=904014 loop_exec_max_us=899046 free_heap=142124 min_free_heap=137200 reset_reason=0 bno_kind_1to5_s=0/0/0/0/0 queue=0 high=13 drops=0
RXDETAIL service_calls=449527 service_bytes_avg=19 service_bytes_max=388 service_frames_avg=0 service_frames_avg_x1000=142 service_frames_max=5 service_bytes_s=16744 service_frames_s=120 rxbuf_full_obs=0 bno_valid=1261 bno_invalid=0 unknown=0 uart_overflow=framework_unavailable trial_rx_bytes=1106140 trial_frames=8466 trial_bno=1261 trial_crc/cobs/len=0/0/0
RXTASK mode=decode_count read_calls=449528 zero_reads=368750 read_bytes_max=388 rx_task_max_us=4290 rx_task_continuous_max_us=4290 stack_hwm_min_bytes=4472 cobs_delimiters=63876 rx_current=0 rx_max=388 rx_full=0 overflow=framework_unavailable
SDTASK max_process_us=233862
XIAO UART baud=921600 rx=GPIO8 tx=GPIO9 bytes=8838468 frames=8593 bytes_s=16944 frames_s=123 crc/cobs/len=0/0/0 seqgap=0 age_ms=6 type=56 log=0 q=0 rec=574 final=0
RXDIAG max_us=4290 budget_hits=0 byte/frame/time=0/0/0 rx_buf_max=388 loop_period_max_us=904014 loop_exec_max_us=899046 free_heap=142124 min_free_heap=137200 reset_reason=0 bno_kind_1to5_s=0/0/0/0/0 queue=0 high=13 drops=0
RXDETAIL service_calls=450370 service_bytes_avg=19 service_bytes_max=388 service_frames_avg=0 service_frames_avg_x1000=142 service_frames_max=5 service_bytes_s=16944 service_frames_s=123 rxbuf_full_obs=0 bno_valid=1261 bno_invalid=0 unknown=0 uart_overflow=framework_unavailable trial_rx_bytes=1123084 trial_frames=8589 trial_bno=1261 trial_crc/cobs/len=0/0/0
RXTASK mode=decode_count read_calls=450371 zero_reads=369436 read_bytes_max=388 rx_task_max_us=4290 rx_task_continuous_max_us=4290 stack_hwm_min_bytes=4472 cobs_delimiters=63999 rx_current=0 rx_max=388 rx_full=0 overflow=framework_unavailable
SDTASK max_process_us=233862
XIAO UART baud=921600 rx=GPIO8 tx=GPIO9 bytes=8855268 frames=8715 bytes_s=16800 frames_s=122 crc/cobs/len=0/0/0 seqgap=0 age_ms=8 type=7 log=0 q=0 rec=574 final=0
RXDIAG max_us=4290 budget_hits=0 byte/frame/time=0/0/0 rx_buf_max=388 loop_period_max_us=904014 loop_exec_max_us=899046 free_heap=142124 min_free_heap=137200 reset_reason=0 bno_kind_1to5_s=0/0/0/0/0 queue=0 high=13 drops=0
RXDETAIL service_calls=451198 service_bytes_avg=19 service_bytes_max=388 service_frames_avg=0 service_frames_avg_x1000=142 service_frames_max=5 service_bytes_s=16800 service_frames_s=122 rxbuf_full_obs=0 bno_valid=1261 bno_invalid=0 unknown=0 uart_overflow=framework_unavailable trial_rx_bytes=1139884 trial_frames=8711 trial_bno=1261 trial_crc/cobs/len=0/0/0
RXTASK mode=decode_count read_calls=451199 zero_reads=370111 read_bytes_max=388 rx_task_max_us=4290 rx_task_continuous_max_us=4290 stack_hwm_min_bytes=4472 cobs_delimiters=64121 rx_current=0 rx_max=388 rx_full=0 overflow=framework_unavailable
SDTASK max_process_us=233862
XIAO UART baud=921600 rx=GPIO8 tx=GPIO9 bytes=8871916 frames=8834 bytes_s=16648 frames_s=119 crc/cobs/len=0/0/0 seqgap=0 age_ms=6 type=7 log=0 q=0 rec=574 final=0
RXDIAG max_us=4290 budget_hits=0 byte/frame/time=0/0/0 rx_buf_max=388 loop_period_max_us=904014 loop_exec_max_us=899046 free_heap=142124 min_free_heap=137200 reset_reason=0 bno_kind_1to5_s=0/0/0/0/0 queue=0 high=13 drops=0
RXDETAIL service_calls=452042 service_bytes_avg=19 service_bytes_max=388 service_frames_avg=0 service_frames_avg_x1000=142 service_frames_max=5 service_bytes_s=16648 service_frames_s=119 rxbuf_full_obs=0 bno_valid=1261 bno_invalid=0 unknown=0 uart_overflow=framework_unavailable trial_rx_bytes=1156532 trial_frames=8830 trial_bno=1261 trial_crc/cobs/len=0/0/0
RXTASK mode=decode_count read_calls=452044 zero_reads=370801 read_bytes_max=388 rx_task_max_us=4290 rx_task_continuous_max_us=4290 stack_hwm_min_bytes=4472 cobs_delimiters=64240 rx_current=0 rx_max=388 rx_full=0 overflow=framework_unavailable
SDTASK max_process_us=233862
XIAO UART baud=921600 rx=GPIO8 tx=GPIO9 bytes=8888308 frames=8951 bytes_s=16392 frames_s=117 crc/cobs/len=0/0/0 seqgap=0 age_ms=0 type=5 log=0 q=0 rec=574 final=0
RXDIAG max_us=4290 budget_hits=0 byte/frame/time=0/0/0 rx_buf_max=388 loop_period_max_us=904014 loop_exec_max_us=899046 free_heap=142124 min_free_heap=137200 reset_reason=0 bno_kind_1to5_s=0/0/0/0/0 queue=0 high=13 drops=0
RXDETAIL service_calls=452876 service_bytes_avg=19 service_bytes_max=388 service_frames_avg=0 service_frames_avg_x1000=142 service_frames_max=5 service_bytes_s=16464 service_frames_s=118 rxbuf_full_obs=0 bno_valid=1261 bno_invalid=0 unknown=0 uart_overflow=framework_unavailable trial_rx_bytes=1172996 trial_frames=8948 trial_bno=1261 trial_crc/cobs/len=0/0/0
RXTASK mode=decode_count read_calls=452877 zero_reads=371476 read_bytes_max=388 rx_task_max_us=4290 rx_task_continuous_max_us=4290 stack_hwm_min_bytes=4472 cobs_delimiters=64359 rx_current=112 rx_max=388 rx_full=0 overflow=framework_unavailable
SDTASK max_process_us=233862
XIAO UART baud=921600 rx=GPIO8 tx=GPIO9 bytes=8904804 frames=9070 bytes_s=16496 frames_s=119 crc/cobs/len=0/0/0 seqgap=0 age_ms=7 type=22 log=0 q=0 rec=574 final=0
RXDIAG max_us=4290 budget_hits=0 byte/frame/time=0/0/0 rx_buf_max=388 loop_period_max_us=904014 loop_exec_max_us=899046 free_heap=142124 min_free_heap=137200 reset_reason=0 bno_kind_1to5_s=0/0/0/0/0 queue=0 high=13 drops=0
RXDETAIL service_calls=453709 service_bytes_avg=19 service_bytes_max=388 service_frames_avg=0 service_frames_avg_x1000=142 service_frames_max=5 service_bytes_s=16424 service_frames_s=118 rxbuf_full_obs=0 bno_valid=1261 bno_invalid=0 unknown=0 uart_overflow=framework_unavailable trial_rx_bytes=1189420 trial_frames=9066 trial_bno=1261 trial_crc/cobs/len=0/0/0
RXTASK mode=decode_count read_calls=453711 zero_reads=372154 read_bytes_max=388 rx_task_max_us=4290 rx_task_continuous_max_us=4290 stack_hwm_min_bytes=4472 cobs_delimiters=64477 rx_current=0 rx_max=388 rx_full=0 overflow=framework_unavailable
SDTASK max_process_us=233862
XIAO UART baud=921600 rx=GPIO8 tx=GPIO9 bytes=8921552 frames=9191 bytes_s=16748 frames_s=121 crc/cobs/len=0/0/0 seqgap=0 age_ms=0 type=58 log=0 q=0 rec=574 final=0
RXDIAG max_us=4290 budget_hits=0 byte/frame/time=0/0/0 rx_buf_max=388 loop_period_max_us=904014 loop_exec_max_us=899046 free_heap=142124 min_free_heap=137200 reset_reason=0 bno_kind_1to5_s=0/0/0/0/0 queue=0 high=13 drops=0
RXDETAIL service_calls=454540 service_bytes_avg=19 service_bytes_max=388 service_frames_avg=0 service_frames_avg_x1000=142 service_frames_max=5 service_bytes_s=16748 service_frames_s=121 rxbuf_full_obs=0 bno_valid=1261 bno_invalid=0 unknown=0 uart_overflow=framework_unavailable trial_rx_bytes=1206168 trial_frames=9187 trial_bno=1261 trial_crc/cobs/len=0/0/0
RXTASK mode=decode_count read_calls=454541 zero_reads=372833 read_bytes_max=388 rx_task_max_us=4290 rx_task_continuous_max_us=4290 stack_hwm_min_bytes=4472 cobs_delimiters=64597 rx_current=0 rx_max=388 rx_full=0 overflow=framework_unavailable
SDTASK max_process_us=233862
XIAO UART baud=921600 rx=GPIO8 tx=GPIO9 bytes=8938288 frames=9312 bytes_s=16736 frames_s=121 crc/cobs/len=0/0/0 seqgap=0 age_ms=2 type=58 log=0 q=0 rec=574 final=0
RXDIAG max_us=4290 budget_hits=0 byte/frame/time=0/0/0 rx_buf_max=388 loop_period_max_us=904014 loop_exec_max_us=899046 free_heap=142124 min_free_heap=137200 reset_reason=0 bno_kind_1to5_s=0/0/0/0/0 queue=0 high=13 drops=0
RXDETAIL service_calls=455370 service_bytes_avg=19 service_bytes_max=388 service_frames_avg=0 service_frames_avg_x1000=142 service_frames_max=5 service_bytes_s=16736 service_frames_s=121 rxbuf_full_obs=0 bno_valid=1261 bno_invalid=0 unknown=0 uart_overflow=framework_unavailable trial_rx_bytes=1222904 trial_frames=9308 trial_bno=1261 trial_crc/cobs/len=0/0/0
RXTASK mode=decode_count read_calls=455371 zero_reads=373509 read_bytes_max=388 rx_task_max_us=4290 rx_task_continuous_max_us=4290 stack_hwm_min_bytes=4472 cobs_delimiters=64718 rx_current=0 rx_max=388 rx_full=0 overflow=framework_unavailable
SDTASK max_process_us=233862
XIAO UART baud=921600 rx=GPIO8 tx=GPIO9 bytes=8955056 frames=9433 bytes_s=16768 frames_s=121 crc/cobs/len=0/0/0 seqgap=0 age_ms=3 type=32 log=0 q=0 rec=574 final=0
RXDIAG max_us=4290 budget_hits=0 byte/frame/time=0/0/0 rx_buf_max=388 loop_period_max_us=904014 loop_exec_max_us=899046 free_heap=142124 min_free_heap=137200 reset_reason=0 bno_kind_1to5_s=0/0/0/0/0 queue=0 high=13 drops=0
RXDETAIL service_calls=456203 service_bytes_avg=19 service_bytes_max=388 service_frames_avg=0 service_frames_avg_x1000=142 service_frames_max=5 service_bytes_s=16768 service_frames_s=121 rxbuf_full_obs=0 bno_valid=1261 bno_invalid=0 unknown=0 uart_overflow=framework_unavailable trial_rx_bytes=1239672 trial_frames=9429 trial_bno=1261 trial_crc/cobs/len=0/0/0
RXTASK mode=decode_count read_calls=456205 zero_reads=374186 read_bytes_max=388 rx_task_max_us=4290 rx_task_continuous_max_us=4290 stack_hwm_min_bytes=4472 cobs_delimiters=64840 rx_current=0 rx_max=388 rx_full=0 overflow=framework_unavailable
SDTASK max_process_us=233862
XIAO UART baud=921600 rx=GPIO8 tx=GPIO9 bytes=8980696 frames=9612 bytes_s=25640 frames_s=179 crc/cobs/len=0/0/0 seqgap=0 age_ms=21 type=7 log=0 q=0 rec=574 final=0
RXDIAG max_us=4290 budget_hits=0 byte/frame/time=0/0/0 rx_buf_max=388 loop_period_max_us=904014 loop_exec_max_us=1459698 free_heap=141404 min_free_heap=137200 reset_reason=0 bno_kind_1to5_s=0/0/0/0/0 queue=0 high=13 drops=0
RXDETAIL service_calls=457601 service_bytes_avg=19 service_bytes_max=388 service_frames_avg=0 service_frames_avg_x1000=142 service_frames_max=5 service_bytes_s=25760 service_frames_s=179 rxbuf_full_obs=0 bno_valid=1261 bno_invalid=0 unknown=0 uart_overflow=framework_unavailable trial_rx_bytes=1265432 trial_frames=9608 trial_bno=1261 trial_crc/cobs/len=0/0/0
RXTASK mode=decode_count read_calls=457602 zero_reads=375349 read_bytes_max=388 rx_task_max_us=4290 rx_task_continuous_max_us=4290 stack_hwm_min_bytes=4472 cobs_delimiters=65019 rx_current=0 rx_max=388 rx_full=0 overflow=framework_unavailable
SDTASK max_process_us=233862
